close_date,open,high,low,close,volume,bull_7_0.10,bear_7_0.10,bull_7_0.15,bear_7_0.15,bull_7_0.20,bear_7_0.20,bull_7_0.25,bear_7_0.25,bull_7_0.30,bear_7_0.30,bull_8_0.10,bear_8_0.10,bull_8_0.15,bear_8_0.15,bull_8_0.20,bear_8_0.20,bull_8_0.25,bear_8_0.25,bull_8_0.30,bear_8_0.30,bull_9_0.10,bear_9_0.10,bull_9_0.15,bear_9_0.15,bull_9_0.20,bear_9_0.20,bull_9_0.25,bear_9_0.25,bull_9_0.30,bear_9_0.30,bull_10_0.10,bear_10_0.10,bull_10_0.15,bear_10_0.15,bull_10_0.20,bear_10_0.20,bull_10_0.25,bear_10_0.25,bull_10_0.30,bear_10_0.30,bull_11_0.10,bear_11_0.10,bull_11_0.15,bear_11_0.15,bull_11_0.20,bear_11_0.20,bull_11_0.25,bear_11_0.25,bull_11_0.30,bear_11_0.30,bull_12_0.10,bear_12_0.10,bull_12_0.15,bear_12_0.15,bull_12_0.20,bear_12_0.20,bull_12_0.25,bear_12_0.25,bull_12_0.30,bear_12_0.30,bull_13_0.10,bear_13_0.10,bull_13_0.15,bear_13_0.15,bull_13_0.20,bear_13_0.20,bull_13_0.25,bear_13_0.25,bull_13_0.30,bear_13_0.30,bull_14_0.10,bear_14_0.10,bull_14_0.15,bear_14_0.15,bull_14_0.20,bear_14_0.20,bull_14_0.25,bear_14_0.25,bull_14_0.30,bear_14_0.30
2017-08-14,4261.48,4485.39,3850.0,4086.29,2843.431426,,,,,,,,,,,,,,,,,,,,,,,,,,,,,,,,,,,,,,,,,,,,,,,,,,,,,,,,,,,,,,,,,,,,,,,,,,,,,,,,
2017-08-21,4069.13,4453.91,3400.0,4310.01,4599.396629,,,,,,,,,,,,,,,,,,,,,,,,,,,,,,,,,,,,,,,,,,,,,,,,,,,,,,,,,,,,,,,,,,,,,,,,,,,,,,,,
2017-08-28,4310.01,4939.19,4124.54,4509.08,4753.843376,,,,,,,,,,,,,,,,,,,,,,,,,,,,,,,,,,,,,,,,,,,,,,,,,,,,,,,,,,,,,,,,,,,,,,,,,,,,,,,,
2017-09-04,4505.0,4788.59,3603.0,4130.37,6382.787745,,,,,,,,,,,,,,,,,,,,,,,,,,,,,,,,,,,,,,,,,,,,,,,,,,,,,,,,,,,,,,,,,,,,,,,,,,,,,,,,
2017-09-11,4153.62,4394.59,2817.0,3699.99,8106.705127,,,,,,,,,,,,,,,,,,,,,,,,,,,,,,,,,,,,,,,,,,,,,,,,,,,,,,,,,,,,,,,,,,,,,,,,,,,,,,,,
2017-09-18,3690.0,4123.2,3505.55,3660.02,5908.32335,,,,,,,,,,,,,,,,,,,,,,,,,,,,,,,,,,,,,,,,,,,,,,,,,,,,,,,,,,,,,,,,,,,,,,,,,,,,,,,,
2017-09-25,3660.02,4406.52,3653.69,4378.48,5782.305424,,,,,,,,,,,,,,,,,,,,,,,,,,,,,,,,,,,,,,,,,,,,,,,,,,,,,,,,,,,,,,,,,,,,,,,,,,,,,,,,
2017-10-02,4400.0,4658.0,4110.0,4640.0,4708.272956,,,,,,,,,,,,,,,,,,,,,,,,,,,,,,,,,,,,,,,,,,,,,,,,,,,,,,,,,,,,,,,,,,,,,,,,,,,,,,,,
2017-10-09,4640.0,5922.3,4550.0,5709.99,7913.925837,,,,,,,,,,,,,,,,,,,,,,,,,,,,,,,,,,,,,,,,,,,,,,,,,,,,,,,,,,,,,,,,,,,,,,,,,,,,,,,,
2017-10-16,5710.0,6171.0,5037.95,5950.02,12157.769447,,,,,,,,,,,,,,,,,,,,,,,,,,,,,,,,,,,,,,,,,,,,,,,,,,,,,,,,,,,,,,,,,,,,,,,,,,,,,,,,
2017-10-23,5975.0,6189.88,5286.98,6169.98,13133.99457,,,,,,,,,,,,,,,,,,,,,,,,,,,,,,,,,,,,,,,,,,,,,,,,,,,,,,,,,,,,,,,,,,,,,,,,,,,,,,,,
2017-10-30,6133.01,7590.25,6030.0,7345.01,11663.209648,,,,,,,,,,,,,,,,,,,,,,,,,,,,,,,,,,,,,,,,,,,,,,,,,,,,,,,,,,,,,,,,,,,,,,,,,,,,,,,,
2017-11-06,7345.1,7770.02,5325.01,5811.03,18916.3199,,,,,,,,,,,,,,,,,,,,,,,,,,,,,,,,,,,,,,,,,,,,,,,,,,,,,,,,,,,,,,,,,,,,,,,,,,,,,,,,
2017-11-13,5839.94,8123.15,5699.99,8038.0,19791.101011,98.9715,0.0,98.1783,0.0,97.3294,0.0,96.4185,0.0,95.4387,0.0,,,,,,,,,,,,,,,,,,,,,,,,,,,,,,,,,,,,,,,,,,,,,,,,,,,,,,,,,,,,,,,,,,,,,,
2017-11-20,8057.11,9350.0,7801.0,9128.02,28921.859792,99.1814,0.0,98.5519,0.0,97.8798,0.0,97.1606,0.0,96.3891,0.0,,,,,,,,,,,,,,,,,,,,,,,,,,,,,,,,,,,,,,,,,,,,,,,,,,,,,,,,,,,,,,,,,,,,,,
2017-11-27,9128.0,11825.0,8520.0,11165.41,48427.94965,99.3392,0.0,98.8312,0.0,98.2887,0.0,97.7084,0.0,97.0859,0.0,100.0,0.0,99.8369,0.0,99.337,0.0,98.8052,0.0,98.2385,0.0,,,,,,,,,,,,,,,,,,,,,,,,,,,,,,,,,,,,,,,,,,,,,,,,,,,,,,,,,,,,
2017-12-04,11165.41,17204.99,10802.0,14899.98,72469.977627,99.5285,0.0,99.1672,0.0,98.7825,0.0,98.3721,0.0,97.9333,0.0,100.0,0.0,99.8791,0.0,99.5086,0.0,99.1146,0.0,98.6949,0.0,,,,,,,,,,,,,,,,,,,,,,,,,,,,,,,,,,,,,,,,,,,,,,,,,,,,,,,,,,,,
2017-12-11,14946.26,19798.68,14666.56,18860.02,67851.486215,99.6652,0.0,99.4086,0.0,99.1356,0.0,98.8444,0.0,98.5333,0.0,100.0,0.0,99.912,0.0,99.6421,0.0,99.3549,0.0,99.0489,0.0,100.0,0.0,100.0,0.0,100.0,0.0,100.0,0.0,99.7402,0.0,,,,,,,,,,,,,,,,,,,,,,,,,,,,,,,,,,,,,,,,,,,,,,,,,,
2017-12-18,18860.04,19300.0,10961.0,13500.0,135385.440322,99.651,0.0,99.3775,0.0,99.0806,0.0,98.757,0.0,97.4653,0.0,100.0,0.0,99.9122,0.0,99.6402,0.0,99.3462,0.0,99.0274,0.0,100.0,0.0,100.0,0.0,100.0,0.0,100.0,0.0,99.7366,0.0,,,,,,,,,,,,,,,,,,,,,,,,,,,,,,,,,,,,,,,,,,,,,,,,,,
2017-12-25,13500.0,16498.05,11750.0,13716.36,116522.754321,100.0,0.0,100.0,0.0,100.0,0.0,100.0,0.0,98.7343,0.0,100.0,0.0,99.909,0.0,99.624,0.0,99.3105,0.0,98.9641,0.0,100.0,0.0,100.0,0.0,100.0,0.0,100.0,0.0,99.7324,0.0,100.0,0.0,100.0,0.0,100.0,0.0,100.0,0.0,100.0,0.0,,,,,,,,,,,,,,,,,,,,,,,,,,,,,,,,,,,,,,,,
2018-01-01,13715.65,17176.24,12750.0,16150.03,120239.399359,100.0,0.0,100.0,0.0,100.0,0.0,100.0,0.0,98.7577,0.0,100.0,0.0,100.0,0.0,100.0,0.0,100.0,0.0,100.0,0.0,100.0,0.0,100.0,0.0,100.0,0.0,100.0,0.0,99.7403,0.0,100.0,0.0,100.0,0.0,100.0,0.0,100.0,0.0,100.0,0.0,,,,,,,,,,,,,,,,,,,,,,,,,,,,,,,,,,,,,,,,
2018-01-08,16218.85,16322.3,11400.0,13474.99,137537.904565,98.2614,0.0,97.515,0.0,96.6891,0.0,95.7703,0.0,93.5594,0.0,99.7892,0.0,99.132,0.0,98.4133,0.0,97.6242,0.0,96.7537,0.0,100.0,0.0,100.0,0.0,99.6733,0.0,98.9744,0.0,98.2103,0.0,100.0,0.0,100.0,0.0,100.0,0.0,99.8007,0.0,99.0289,0.0,100.0,0.0,100.0,0.0,100.0,0.0,100.0,0.0,100.0,0.0,,,,,,,,,,,,,,,,,,,,,,,,,,,,,,
2018-01-15,13477.98,14249.99,9035.0,11530.0,303127.502137,87.7909,6.6046,85.9156,5.7918,83.8791,5.0463,81.66,4.3599,78.4402,3.726,92.5723,4.2619,91.0834,3.6617,89.481,3.1065,87.7518,2.5914,85.88,2.1122,94.7662,2.7046,93.989,2.1861,92.854,1.7035,91.3372,1.2532,89.7077,0.8322,96.198,1.5591,95.5179,1.0934,94.7774,0.6583,93.8024,0.2507,92.2969,0.0,97.1259,0.6483,96.4565,0.1826,95.7305,0.0,94.9405,0.0,94.0774,0.0,,,,,,,,,,,,,,,,,,,,,,,,,,,,,,
2018-01-22,11530.0,12244.0,9900.24,11879.95,198030.051117,75.8312,12.9972,72.399,11.0215,68.7446,9.1978,64.8455,7.5091,60.323,5.941,86.6841,7.1988,84.3556,5.9785,81.8839,4.842,79.2552,3.7812,76.4541,2.7887,91.0777,4.2256,89.666,3.2426,87.8728,2.3216,85.6937,1.4569,83.3849,0.9043,93.7007,2.1333,92.4652,1.2502,91.1343,0.7014,89.5423,0.2662,87.4294,0.0,95.6132,0.6588,94.4652,0.185,93.2362,0.0,91.9173,0.0,90.4984,0.0,97.1438,0.0,96.0488,0.0,94.8801,0.0,93.6302,0.0,92.29,0.0,,,,,,,,,,,,,,,,,,,,
2018-01-29,11879.95,11975.02,7930.0,8184.81,202016.407759,34.3442,46.9937,29.5001,42.7236,24.5898,38.6722,19.6119,34.8232,15.8943,31.1616,64.7911,23.8558,61.3653,21.4092,57.8337,19.0887,54.1912,16.8846,50.4326,14.7885,76.3867,15.5649,74.0745,13.8074,71.4761,12.1366,68.623,10.5463,65.6682,9.2584,82.0152,11.2167,80.0849,9.7285,78.0426,8.5487,75.7845,7.5017,73.175,6.6382,85.6732,8.2839,83.9181,7.2259,82.0685,6.452,80.1165,5.8803,78.0534,5.3483,88.6671,6.3711,87.0608,5.8,85.3736,5.269,83.599,4.774,81.7303,4.3115,,,,,,,,,,,,,,,,,,,,
2018-02-05,8179.99,9065.78,6000.01,8063.88,340794.292131,22.8882,63.6334,19.9475,59.8364,17.1284,56.0085,14.4235,52.1494,12.0706,48.2588,33.6438,49.2508,29.4657,45.235,25.3309,41.3253,21.2389,37.5175,17.1889,33.8077,59.928,28.2125,56.6842,25.4983,53.292,22.8744,49.8198,20.3363,46.3153,18.0915,71.1951,19.5698,68.6596,17.4639,66.0223,15.6403,63.2295,13.9593,60.2415,12.472,77.0651,14.9422,74.8396,13.3631,72.5281,12.0579,70.1256,10.9639,67.6267,9.9366,81.2506,11.9542,79.2135,10.8882,77.1,9.8879,74.9056,8.9475,72.6257,8.0617,84.2798,10.1599,82.3693,9.1908,80.3898,8.2781,78.3374,7.4171,76.208,6.6036,,,,,,,,,,
2018-02-12,8063.82,11274.0,8053.0,10383.43,311863.068137,18.0196,71.5469,16.1036,67.5514,14.3489,63.4903,12.7359,59.3622,11.2481,55.1653,26.504,57.1297,23.1372,52.7729,19.9612,48.3838,16.9602,44.0789,14.1202,39.8557,38.733,43.3178,34.131,38.9418,29.6858,34.7569,25.5268,30.7967,21.4878,27.2172,62.2098,24.8304,58.7908,21.8421,55.2953,19.4405,51.7136,17.2425,48.1026,15.3036,72.6016,17.0806,69.822,15.0249,66.9721,13.4905,64.0491,12.2048,61.0503,11.0091,78.3999,13.0341,75.9312,11.7264,73.3968,10.6076,70.7938,9.5637,68.1196,8.5874,82.1561,10.7681,79.8572,9.706,77.4966,8.7128,75.0717,7.7819,72.58,6.9076,,,,,,,,,,
2018-02-19,10375.01,11786.01,9274.8,9590.0,350623.132911,0.0,98.2407,0.0,95.0822,0.0,91.6549,0.0,87.9231,0.0,83.8442,19.0158,67.9846,16.8978,63.964,14.9832,59.462,13.244,54.7997,11.6573,49.9684,29.4443,53.3128,25.4794,48.6193,21.9163,43.8263,18.8277,39.0405,15.9421,34.4421,41.6352,40.0082,37.1241,35.4028,32.6435,31.266,28.3133,27.398,24.4308,23.8785,62.9329,23.2739,59.3896,20.2815,55.8223,17.856,52.2309,15.7418,48.6151,13.769,73.0022,16.2159,70.0355,14.3521,67.0297,12.7069,63.9839,11.163,60.8974,9.7113,78.3137,12.8955,75.6227,11.4188,72.8884,10.0295,70.1099,8.7202,67.2861,7.4841,82.4471,10.4609,80.0713,9.1717,77.5314,7.9543,74.9482,6.8029,72.3207,5.7993
2018-02-26,9590.0,11565.0,9350.0,11515.0,183970.997614,6.0355,88.9972,5.1239,86.1855,4.3012,83.1309,3.555,79.8006,2.8751,76.1553,5.226,84.572,4.1907,80.9845,3.281,76.3296,2.4752,71.3708,1.7565,66.0772,25.3053,57.9835,21.5878,53.2754,18.3565,48.3428,15.6638,43.3251,13.1788,38.4017,36.4463,44.5796,31.915,39.6624,27.4639,35.1123,23.2496,30.8276,19.6269,26.8978,48.3455,32.7999,43.5997,28.5146,38.8542,24.9033,34.1091,21.7502,29.3644,18.8606,67.4234,19.3905,63.7975,17.0638,60.1143,15.0186,56.3723,13.1212,52.5514,11.3561,76.1149,14.0448,73.0988,12.3903,70.0222,10.845,66.8832,9.3984,63.6454,8.0414,81.3637,10.9858,78.793,9.6054,76.0402,8.3089,73.2286,7.0888,70.3565,6.0285
2018-03-05,11515.0,11710.0,8329.0,9533.57,282035.225382,6.4547,88.2301,5.4794,85.2519,4.5993,82.0299,3.8012,78.5328,3.0741,74.7238,4.8127,90.1441,3.8986,88.1705,3.0798,84.9833,2.3422,81.4167,1.6742,77.3987,5.8602,82.0677,3.5265,78.1095,1.9349,73.2232,1.0247,67.6589,0.2193,61.4031,26.8404,55.4928,23.0462,50.3251,19.46,45.0205,16.2601,39.795,13.7969,34.763,38.4778,41.8528,33.9707,36.7934,29.6173,32.1983,25.4099,28.0203,21.3412,24.1173,50.4909,30.6061,45.7087,26.7214,40.9716,23.231,36.2789,19.9993,31.8019,16.9988,67.8669,18.8888,64.0884,16.4287,60.2964,14.122,56.4907,11.9549,52.6636,9.9151,76.7059,13.5267,73.6296,11.6552,70.4076,9.8884,67.1552,8.2178,63.8719,6.7342
2018-03-12,9533.57,9888.88,7322.0,8189.99,315835.151606,6.0936,89.3257,5.2126,86.7579,4.406,84.0368,3.6647,81.1483,2.981,78.0764,4.6901,90.6395,3.8173,88.8617,3.0285,85.9776,2.312,82.806,1.6584,79.302,3.5297,91.142,2.5602,89.2714,1.6909,86.4646,0.907,82.9002,0.1964,78.2729,6.7832,81.2203,4.5066,77.0167,2.4394,71.3783,0.8441,65.4102,0.1427,59.148,27.0308,55.5809,23.429,50.3683,20.0628,45.1143,16.9096,40.0541,13.9498,35.1801,38.6991,42.0979,34.3157,37.4465,30.1065,33.093,26.0614,28.9712,22.4222,25.0632,49.8358,31.9538,45.22,28.0753,40.7073,24.4212,36.2944,20.9726,32.0408,17.7125,66.913,20.2049,63.1878,17.5566,59.4066,15.04,55.6525,12.6456,51.9254,10.4705
2018-03-19,8189.0,9177.01,8088.4,8470.15,285211.539511,7.795,85.8893,6.6257,82.4721,5.568,78.8411,4.6066,74.9758,3.7291,70.8525,4.592,91.0649,3.7555,89.4552,2.9925,86.8294,2.2937,83.9894,1.6513,80.9078,3.5254,91.3595,2.5683,89.6198,1.7029,87.0194,0.9166,83.7572,0.1991,79.5586,3.1775,91.6929,2.2792,89.5274,1.4825,85.3899,0.771,80.6643,0.1318,75.2229,8.1417,79.3236,5.9206,74.2808,3.9279,68.1187,2.1301,61.6779,0.4998,55.2508,28.0814,53.6592,24.3761,48.4072,20.9297,43.2758,17.7162,38.2829,15.0243,33.423,39.4917,41.2629,35.1432,36.6282,31.0148,32.1666,27.0902,27.8686,23.4479,23.7254,51.089,31.0916,46.4836,27.1425,42.0256,23.3642,37.7143,19.7457,33.5427,16.3978
2018-03-26,8470.14,8514.89,6430.0,6813.01,308729.492031,8.5383,84.7714,7.2777,81.2299,6.1313,77.5265,5.0844,73.6498,4.1244,69.5874,5.1426,90.0329,4.2091,88.2586,3.3563,85.3998,2.5742,82.3362,1.8543,79.045,3.1739,92.5341,2.3306,91.1521,1.5564,89.0781,0.8433,86.5072,0.1843,83.7159,2.9159,92.7508,2.1106,91.0136,1.384,87.6236,0.7251,83.8327,0.1248,79.8048,2.8515,92.1503,2.0716,89.1952,1.3828,84.6255,0.7702,79.389,0.2218,73.9244,8.5896,77.9207,6.3768,72.443,4.3877,66.7129,2.59,60.9404,1.391,55.1251,27.348,55.0127,23.8973,50.0533,20.708,45.1387,17.7515,40.2684,15.1188,35.4418,39.0171,42.6789,34.8299,38.1986,30.9529,33.814,27.2946,29.522,23.8372,25.4185
2018-04-02,6813.01,7520.0,6500.0,7018.0,232320.070499,7.6311,87.1956,6.5765,85.5957,5.597,83.8364,4.6848,81.8928,3.8333,79.7343,5.7995,88.7099,4.7427,86.6897,3.7788,83.4879,2.8961,80.0734,2.0849,76.4243,3.5856,91.5228,2.6302,89.9372,1.755,87.5784,0.9501,84.6711,0.2075,81.5219,2.7143,93.4849,1.9779,92.0127,1.3048,89.667,0.6874,87.1216,0.1189,84.3499,2.6852,92.9424,1.9672,90.4139,1.323,87.0546,0.7419,83.4365,0.215,79.5282,2.4895,90.3983,1.628,86.0982,0.8689,81.2771,0.195,76.2253,0.0,70.9258,9.3154,76.0224,7.1942,70.7215,5.2999,65.2879,3.5978,59.7164,2.2234,54.0017,27.9953,54.2813,24.4699,49.4623,21.3706,44.6192,18.5176,39.7517,15.8827,34.9291
2018-04-09,7011.04,8429.54,6611.0,8355.0,259877.022414,8.3697,84.5315,7.2026,82.0587,6.1216,79.453,5.1175,76.7034,4.1824,73.7977,5.9834,88.5891,4.9127,86.3505,3.9287,83.7769,3.0212,80.99,2.1817,77.9621,4.4232,89.3906,3.2356,87.3465,2.1533,84.3587,1.163,80.2093,0.2534,75.8457,3.2506,92.0062,2.3577,90.1332,1.5489,87.1923,0.8128,83.9782,0.1401,80.4221,2.6667,93.5684,1.9619,91.9979,1.3245,89.6032,0.7452,86.9414,0.2166,83.965,2.4847,90.8245,1.6333,87.6446,0.8757,83.8742,0.1973,79.7764,0.0,75.3066,2.694,87.3883,1.8277,82.6535,1.0754,77.5999,0.4158,72.1942,0.0,66.3983,11.2599,71.6747,8.7153,66.215,6.7411,60.5275,4.9893,54.5976,3.4243,48.4196
2018-04-16,8355.07,9035.0,7825.4,8787.02,233025.38619,2.8481,92.0042,2.1871,89.9253,1.5818,87.7037,1.0253,85.324,0.5121,82.7689,7.4892,83.9023,5.6289,80.9715,4.4653,77.8197,3.4352,74.5752,2.4816,71.2337,4.6844,86.894,3.4347,84.2959,2.2908,81.474,1.2397,77.9447,0.2706,74.1846,4.0365,88.5779,2.9126,85.5658,1.9045,81.3767,0.9952,76.9362,0.1709,72.196,3.2113,91.5914,2.3492,89.1042,1.578,85.6247,0.8838,81.8118,0.2558,77.6152,2.4933,92.8765,1.6469,90.4455,0.8869,87.3386,0.2006,83.8975,0.0,80.0651,2.712,89.0337,1.8492,85.1758,1.0927,80.7112,0.4241,75.8427,0.0,70.513,3.5472,83.1112,2.2503,77.9957,1.4746,72.2037,0.8056,65.9925,0.2225,59.2618
2018-04-23,8785.7,9759.82,8651.62,9419.0,306668.07214,11.2223,80.4465,9.7394,77.7403,8.3491,74.9487,7.0432,72.0674,5.814,69.0922,6.9453,86.225,5.5073,83.7012,4.7502,80.9225,4.1009,78.0272,3.5042,75.0079,9.5088,79.2649,7.4602,76.1317,5.5307,72.8728,3.7103,69.1897,1.9898,65.4531,7.4219,82.9194,5.6783,79.8205,4.0664,76.4923,2.5719,72.9084,1.1823,69.0178,6.3452,84.5158,4.7306,80.8005,3.2755,76.1299,1.9575,71.1654,0.7579,65.8786,4.6552,87.5538,3.2099,84.0786,1.9064,79.89,0.7249,75.3465,0.1517,70.4009,3.8972,89.4723,2.7073,86.2801,1.6415,82.4715,0.6815,78.2419,0.0,73.5173,4.5068,83.6074,2.8478,79.1333,1.7317,73.9288,0.8317,68.2383,0.2304,61.9146
2018-04-30,9417.04,10020.0,8800.49,9659.01,222274.38854,22.7615,64.8911,20.1612,61.4649,17.6705,58.0458,15.2828,54.634,12.9918,51.2294,14.2131,76.3382,12.0921,73.3709,10.6116,70.2674,9.2709,67.1326,8.0173,63.9659,9.9602,81.2901,8.527,78.741,7.1943,76.0431,5.9518,72.8189,4.7908,69.4846,12.2588,75.7288,9.8181,72.2531,7.5028,68.6587,5.3034,64.9395,3.2115,61.0778,9.95,79.0469,7.7891,75.4323,5.7866,71.5475,3.9257,67.361,2.1919,62.836,8.4932,79.7304,6.2377,75.155,4.1839,69.9653,2.3057,64.5059,1.1748,58.7551,6.81,83.2525,4.9789,79.0646,3.3278,74.2763,1.8314,69.0896,0.6877,63.4526,5.8671,84.6968,4.2712,80.8873,2.8453,76.3055,1.6453,71.1891,0.7604,65.3318
2018-05-07,9661.02,9689.67,8153.0,8679.71,224151.298751,26.1768,59.5619,23.1422,55.6858,20.2465,51.8274,17.4803,48.0349,14.8351,44.4,17.3744,70.887,14.7603,67.2826,12.8958,63.5555,11.2177,59.7492,9.6617,55.9175,10.8017,79.8866,9.2562,77.2055,7.8163,74.3831,6.4717,71.0498,5.2132,67.5387,7.9223,83.9029,6.5097,81.2181,5.2067,78.3314,4.0011,75.2194,2.8823,71.8292,10.6477,78.0988,8.3747,74.5116,6.2491,70.7152,4.2569,66.6906,2.3859,62.2961,8.6015,80.0422,6.352,76.1698,4.282,71.8814,2.3707,67.1859,1.2126,62.0145,7.9204,80.2938,5.7781,75.3839,3.8543,69.82,2.1173,63.8204,0.7932,57.3321,6.7184,82.3219,4.8811,77.9111,3.2458,72.6464,1.8734,66.7842,0.864,60.1416
2018-05-14,8679.71,8879.99,7911.9,8526.98,182713.826012,38.7282,40.8569,34.1363,35.8259,29.78,30.9588,25.6417,26.8061,21.7052,22.958,19.8319,66.5531,16.8238,62.4404,14.6443,58.224,12.6929,53.9701,10.896,49.7675,12.9583,75.7286,11.0627,72.4552,9.3095,68.9994,7.6831,65.0355,6.1703,60.9254,8.5195,83.0352,7.0265,80.3309,5.6395,77.4614,4.3475,74.411,3.1412,71.1369,6.4489,86.4432,5.1667,83.7918,3.9965,80.8756,2.9242,77.6527,1.9381,73.8009,9.0721,79.4254,6.7303,75.6144,4.5563,71.4573,2.5325,66.9817,1.299,62.1413,7.9272,80.9501,5.8169,77.112,3.9008,72.5395,2.1531,67.4085,0.8101,61.6101,7.6846,79.6676,5.5749,74.6188,3.7023,68.6592,2.1338,62.0666,0.9822,54.7062
2018-05-21,8526.97,8595.31,7231.11,7338.99,190894.600939,42.6335,37.7325,37.9173,33.258,33.3638,29.0428,28.9647,25.6558,24.7124,22.5875,24.0155,59.5214,20.3754,54.7384,17.6664,49.9316,15.2528,45.2058,13.0469,40.7055,13.1145,75.6893,11.2193,72.4917,9.4594,69.1362,7.8208,65.2979,6.2914,61.3374,9.1616,81.9141,7.566,79.0936,6.0799,76.1189,4.6924,72.9772,3.394,69.6294,6.3684,87.0241,5.1342,84.6307,3.9942,82.0491,2.938,79.2562,1.9568,75.9538,4.9798,89.3415,3.8959,87.0926,2.9099,84.5002,2.0092,81.5962,1.183,78.3008,7.7691,81.9507,5.7384,78.5471,3.8712,74.5538,2.1485,70.1794,0.8124,65.3667,7.197,82.4698,5.2697,78.9429,3.5287,74.5403,2.0492,69.5116,0.9498,63.5954
2018-05-28,7338.99,7786.69,7032.95,7714.26,211929.270766,37.654,46.6426,33.8592,42.5802,30.1148,38.4852,26.4198,34.7369,22.7732,31.1353,29.9062,50.4072,25.4658,45.0857,22.0275,39.9235,18.9687,35.0641,16.187,30.7032,16.7798,68.5707,14.2629,64.3495,11.9544,59.8976,9.8294,55.0608,7.867,50.2085,9.8281,80.6565,8.1173,77.6704,6.5235,74.53,5.0352,71.2229,3.6422,67.7122,7.1175,85.638,5.7478,83.057,4.4786,80.2961,3.2991,77.3359,2.2002,73.8826,5.0872,89.3379,3.9961,87.1761,2.9958,84.7162,2.0755,82.0041,1.2259,78.9792,4.0656,90.7571,3.1078,88.8131,2.2447,86.2292,1.4629,83.277,0.7656,79.8717,7.2388,82.8181,5.3263,79.5395,3.5826,75.4946,2.0888,70.9646,0.9716,65.8836
2018-06-04,7714.26,7765.0,6622.81,6764.99,211352.737478,25.3739,63.2765,22.8786,60.0392,20.5007,56.6015,18.2323,52.9049,16.0659,49.1755,24.1003,61.4654,20.6952,57.6386,18.1421,53.718,15.8224,49.7027,13.6607,45.7052,18.1636,66.4179,15.4582,62.0529,12.971,57.4853,10.6765,52.6269,8.5532,47.8321,11.2292,77.8716,9.2613,74.4745,7.4331,70.9074,5.7303,67.157,4.1403,63.189,7.1379,85.8151,5.7826,83.3402,4.5189,80.717,3.3379,77.9319,2.2318,74.6975,5.3182,89.0372,4.1913,86.887,3.1517,84.4666,2.1896,81.8318,1.2966,78.9333,3.9647,91.3323,3.0532,89.643,2.2201,87.4251,1.4558,84.9642,0.7662,82.2179,3.2143,92.0202,2.3398,90.3635,1.5536,87.9475,0.9398,85.1351,0.6149,81.8607
2018-06-11,6765.0,6922.0,6118.68,6449.61,234080.841171,11.2754,82.13,9.9432,80.0703,8.7094,77.7414,7.5636,74.5751,6.4967,71.2232,18.3163,72.6275,16.3694,69.9822,14.5287,67.1524,12.7856,64.0103,11.1327,60.5664,15.5475,71.9931,13.3483,68.5673,11.292,65.0319,9.3651,61.3816,7.5557,57.5557,11.9727,76.4716,9.8744,72.8964,7.9251,69.1525,6.1094,65.2278,4.4142,61.091,7.943,84.1489,6.4272,81.3834,5.0171,78.4522,3.7022,75.3401,2.473,71.7622,5.3264,89.2709,4.2174,87.2551,3.1851,85.014,2.2217,82.6117,1.3206,80.0109,4.0897,91.1882,3.1585,89.5208,2.3027,87.3449,1.5135,84.9577,0.7983,82.3268,3.1135,92.5467,2.2819,91.1098,1.5246,89.0259,0.9275,86.6647,0.6099,84.0019
2018-06-18,6444.06,6841.74,5750.0,6136.97,234147.621015,0.0,100.0,0.0,100.0,0.0,99.9033,0.0,98.5763,0.0,97.0959,8.5072,86.6435,7.5312,85.1229,6.6284,83.4391,5.7908,81.3228,5.0118,78.6591,12.8755,79.0313,11.1273,76.6793,9.4716,74.1694,7.9013,71.4851,6.4099,68.4813,10.6279,79.5188,8.8121,76.5093,7.1078,73.3858,5.505,70.1418,3.9949,66.77,8.3714,83.3402,6.7766,80.4616,5.2919,77.4195,3.9063,74.1997,2.6102,70.5225,5.811,88.2824,4.6001,86.0885,3.4734,83.6553,2.4224,81.0514,1.4396,78.2383,4.0712,91.4089,3.1573,89.8491,2.3107,87.8246,1.5242,85.6348,0.8066,83.2586,3.185,92.5359,2.344,91.1585,1.5719,89.1697,0.9595,86.9514,0.6329,84.4946
2018-06-25,6137.95,6528.99,5780.0,6356.81,207746.559006,0.0,100.0,0.0,100.0,0.0,100.0,0.0,100.0,0.0,100.0,0.0,100.0,0.0,100.0,0.0,100.0,0.0,99.5814,0.0,98.4685,6.6997,89.2616,5.8884,87.9923,5.1384,86.5855,4.4431,85.0174,3.7967,83.0138,9.5507,83.0106,7.95,80.8398,6.4362,78.5189,5.0022,76.0314,3.642,73.3591,7.9349,84.3791,6.439,81.7243,5.0398,78.9327,3.7281,75.9934,2.4961,72.6249,6.2942,87.255,4.9784,84.8634,3.7561,82.2127,2.6176,79.375,1.5546,76.3096,4.519,90.4778,3.5056,88.7586,2.5663,86.5411,1.6932,84.1515,0.8962,81.5691,3.2327,92.5325,2.3859,91.1949,1.6042,89.2682,0.9816,87.1411,0.6488,84.8123
2018-07-02,6360.82,6818.16,6271.62,6712.1,211526.019058,0.0,100.0,0.0,100.0,0.0,100.0,0.0,100.0,0.0,100.0,0.0,100.0,0.0,100.0,0.0,100.0,0.0,100.0,0.0,100.0,0.0,100.0,0.0,100.0,0.0,100.0,0.0,100.0,0.0,99.5701,5.1923,90.5865,4.3428,89.2625,3.5571,87.7965,2.8282,86.1642,2.1503,84.3358,7.5598,85.7407,6.1476,83.7423,4.8212,81.5834,3.5731,79.2438,2.3965,76.381,6.2728,87.3957,4.9694,85.0636,3.7547,82.4889,2.6202,79.7458,1.5581,76.7972,5.026,89.3427,3.8939,87.4002,2.8472,84.9074,1.8765,82.2185,0.9922,79.3096,3.6429,91.5512,2.6865,90.0252,1.805,87.8437,1.1034,85.4368,0.7282,82.8027
2018-07-09,6712.1,6802.06,6070.0,6353.01,192452.84988,0.0,100.0,0.0,100.0,0.0,100.0,0.0,100.0,0.0,100.0,0.0,100.0,0.0,100.0,0.0,100.0,0.0,100.0,0.0,100.0,0.0,100.0,0.0,100.0,0.0,100.0,0.0,100.0,0.0,100.0,0.0,100.0,0.0,100.0,0.0,100.0,0.0,100.0,0.0,100.0,4.1622,92.303,3.4551,91.187,2.8023,89.9472,2.1978,88.5617,1.6365,86.5374,5.8985,88.2837,4.684,86.5301,3.5471,84.6261,2.4805,82.5515,1.4779,80.2601,4.9311,89.6616,3.8292,87.8183,2.8058,85.4564,1.8529,82.9262,0.9815,80.209,3.9591,90.8607,2.9224,89.2261,1.9652,86.9042,1.2021,84.357,0.7934,81.5863
2018-07-16,6354.15,7700.0,6330.4,7394.79,294313.222604,8.0655,88.642,7.4043,87.6068,6.7932,86.4592,6.2266,85.1798,5.7,83.7444,5.4489,91.5933,4.8585,90.6574,4.3138,89.6163,3.8097,88.4513,3.3419,87.139,3.4631,94.3927,3.0347,93.7149,2.6394,92.9614,2.2734,92.1187,1.9337,91.17,2.1793,95.5979,1.7378,94.8907,1.3311,94.102,0.9553,93.2167,0.607,92.216,1.2021,96.6457,0.7795,95.9521,0.3917,95.1735,0.0346,94.293,0.0,92.7055,3.9168,90.8292,2.9479,89.2298,2.33,87.4849,1.7611,85.5736,1.2356,83.4456,5.0499,88.0793,3.9227,85.9842,2.8752,83.7412,1.8993,81.3342,1.0064,78.7446,4.1882,89.4755,3.0925,87.3579,2.0802,84.5865,1.2726,81.6353,0.8397,78.5187
2018-07-23,7394.78,8491.77,7375.0,8211.0,288666.047141,26.3582,65.7071,24.6338,63.4158,22.9974,60.9778,21.4422,58.3786,19.9625,55.6017,18.2467,75.3631,16.887,73.476,15.606,71.4469,14.397,69.2591,13.254,66.8933,14.2059,80.1842,13.0348,78.4933,11.9385,76.6572,10.9101,74.6566,9.9434,72.4682,10.331,84.9405,9.3418,83.5183,8.4153,81.9756,7.5455,80.2966,6.7275,78.4623,8.1634,87.1855,7.1947,85.7802,6.2885,84.2524,5.439,82.5856,4.9088,80.7598,6.2768,88.948,5.4026,87.4869,4.8521,85.8888,4.3457,84.1335,3.8784,82.1726,8.027,85.2333,6.8945,83.1867,5.8413,80.9968,4.8592,78.6479,3.9412,76.1222,8.4476,83.4529,6.8734,80.9836,5.3908,78.3836,4.1164,75.6422,3.2234,72.7476
2018-07-30,8210.99,8273.0,6882.29,7024.19,282090.103584,32.4322,57.5165,30.2659,54.5884,28.2159,51.4602,26.2731,48.1132,24.4293,44.6372,21.5577,70.4852,19.8928,68.0924,18.3332,65.4974,16.869,62.6733,15.4919,59.5174,15.1016,78.8705,13.8478,77.0463,12.6756,75.0618,11.5772,72.8948,10.5459,70.519,11.5351,82.9948,10.4063,81.3253,9.3537,79.5015,8.3698,77.5009,7.4481,75.2966,8.2742,87.0543,7.2973,85.6488,6.3823,84.1241,5.5234,82.4642,4.9874,80.6506,6.323,88.953,5.4511,87.5222,4.9025,85.965,4.3966,84.2639,3.9286,82.3979,4.9864,90.5332,4.3904,89.0751,3.8439,87.4797,3.3411,85.7264,2.8768,83.7906,6.8911,87.1453,5.8376,85.185,4.86,83.075,3.9504,80.7974,3.1018,78.3314
2018-08-06,7024.19,7160.0,5971.0,6308.33,334426.550743,35.9768,52.9875,33.5913,49.7827,31.3316,46.3637,29.1879,42.7197,27.1516,39.0662,23.7294,67.6448,21.9157,65.0648,20.2137,62.2738,18.6135,59.2449,17.1061,55.8983,16.3358,77.0328,14.9645,75.0133,13.685,72.8095,12.4882,70.3951,11.3663,67.7382,11.5145,83.1723,10.4065,81.5689,9.3696,79.827,8.3973,77.9277,7.4836,75.8489,8.6841,86.379,7.6548,84.8889,6.6917,83.2697,5.7886,81.5042,5.2231,79.5713,6.1284,89.4569,5.3008,88.1463,4.7827,86.7336,4.302,85.2064,3.8547,83.5501,4.8103,91.0009,4.2492,89.6604,3.7314,88.207,3.2523,86.6258,2.8075,84.8991,4.0335,92.3872,3.4991,91.0867,3.0079,89.6642,2.5547,88.1016,2.1355,86.3773
2018-08-13,6308.56,6620.0,5880.0,6477.53,378189.296487,38.7099,49.4713,36.1517,46.0438,33.7273,42.3899,31.4264,38.5049,29.2398,34.7177,27.9922,61.8137,25.85,58.7627,23.8403,55.4612,21.9509,51.877,20.1716,47.9916,18.6264,73.6293,17.0385,71.2494,15.5608,68.6407,14.1822,65.7686,12.8931,62.5911,12.7907,81.1504,11.5399,79.302,10.3733,77.2832,9.2827,75.0693,8.261,72.6307,8.9157,86.0542,7.8635,84.5413,6.8779,82.9004,5.9526,81.1144,5.3727,79.1633,6.5504,88.6819,5.6597,87.2585,5.0995,85.7201,4.5811,84.0521,4.0998,82.2374,4.7666,91.178,4.2202,89.8962,3.7139,88.5156,3.2434,87.0243,2.805,85.4086,3.9708,92.5834,3.4522,91.3434,2.9736,89.9957,2.5303,88.5259,2.1187,86.9166
2018-08-20,6477.53,6882.54,6220.0,6700.0,286906.539311,39.5395,47.8399,36.8426,44.1296,34.2981,40.2706,31.8932,36.3932,29.6169,32.8209,32.487,55.4523,29.9683,51.8182,27.6103,47.8731,25.398,43.5955,23.3183,39.2608,22.8486,67.2875,20.8531,64.2114,19.0043,60.8151,17.2866,57.0456,15.6865,52.8381,14.9821,77.5887,13.4758,75.2775,12.0791,72.7289,10.7806,69.9041,9.5703,66.7558,10.121,83.9962,8.9065,82.2018,7.7737,80.2419,6.7147,78.0928,6.0443,75.7257,6.8781,88.0994,5.9404,86.5973,5.3488,84.9724,4.802,83.2091,4.295,81.2888,5.1843,90.3843,4.5854,88.9819,4.0314,87.4699,3.5175,85.8349,3.0395,84.0614,4.0077,92.5727,3.4898,91.3515,3.0102,90.0309,2.5649,88.5983,2.1503,87.0389
2018-08-27,6700.0,7345.45,6646.5,7302.01,294674.913005,51.077,34.7096,47.7769,30.8794,44.5695,27.1966,41.451,23.7846,38.4177,21.0293,40.8978,46.17,37.9311,42.6413,35.0606,38.9811,32.2817,35.2235,29.5901,31.7967,32.6541,54.5589,29.8657,50.88,27.2161,46.9723,24.6953,42.8137,22.2941,38.3792,22.6202,66.2112,20.2676,62.8771,18.0586,59.2738,15.9805,55.3671,14.0219,51.1171,14.7562,76.4968,12.9074,73.895,11.1696,71.088,9.5329,68.0503,8.3531,64.7525,9.7935,83.027,8.3871,80.9177,7.38,78.6552,6.4466,76.2223,5.5792,73.5988,6.8005,87.4118,5.9055,85.6444,5.0728,83.759,4.2961,81.7434,3.5699,79.5839,5.2264,89.9712,4.4244,88.3499,3.6789,86.6116,2.9841,84.7431,2.3979,82.7291
2018-09-03,7302.0,7410.0,6111.0,6250.81,306231.623424,35.9806,50.5556,33.0914,46.6155,30.3612,42.4907,27.7774,38.3199,25.3286,34.4178,40.423,46.4918,37.4422,42.8955,34.5653,39.1534,31.7871,35.2975,29.1025,31.757,31.5634,56.8126,28.9758,53.5401,26.499,50.0983,24.1263,46.4736,21.8511,42.6511,24.3643,64.1928,21.9059,60.848,19.582,57.2689,17.382,53.4299,15.296,49.3018,16.7095,73.3709,14.6143,70.4182,12.6452,67.2314,10.7912,63.7816,9.444,60.0348,10.809,81.2245,9.2494,78.8772,8.1266,76.3559,7.0891,73.6407,6.1273,70.7081,7.349,86.3448,6.3727,84.4129,5.4668,82.348,4.6241,80.1361,3.838,77.7607,5.3168,89.8812,4.5085,88.2746,3.7546,86.5608,3.0498,84.7288,2.454,82.7658
2018-09-10,6252.26,6584.99,6169.68,6505.0,227428.182854,11.514,79.3947,9.8427,76.2404,8.3394,72.1274,6.98,67.1167,5.7449,61.1857,31.5995,55.8162,28.963,52.0375,26.4921,47.9421,24.1715,43.5096,21.988,39.0307,34.2647,53.0535,31.4462,49.4771,28.7501,45.7126,26.1686,41.7449,23.6946,37.5571,25.5782,63.0308,23.0808,59.7721,20.7033,56.3196,18.4374,52.6556,16.2752,48.7601,18.9295,69.9936,16.5747,66.7192,14.3568,63.1969,12.2641,59.3973,10.7287,55.2864,12.6318,77.9168,10.7883,75.1086,9.4491,72.0803,8.219,68.8051,7.0851,65.2516,8.3033,84.4555,7.181,82.2224,6.1451,79.8261,5.1859,77.2482,4.2952,74.4673,5.8563,88.7744,4.9561,86.9711,4.1198,85.0412,3.3408,82.9708,2.6834,80.7439
2018-09-17,6500.08,6839.03,6123.0,6708.0,244256.490121,12.4858,76.8169,10.6971,73.2024,9.0814,68.8358,7.6149,63.9239,6.2777,58.8137,10.099,80.7243,8.5417,77.1953,7.1511,73.1597,5.9019,68.4053,4.7735,62.3195,28.5049,59.0262,25.9698,55.1574,23.6118,51.0684,21.413,46.7399,19.3579,42.1503,29.3616,57.4998,26.4861,53.7035,23.7506,49.7467,21.1449,45.6738,18.66,41.4799,20.8281,67.4022,18.287,63.9799,15.8809,60.273,13.5992,56.3022,11.9094,52.1576,14.7376,74.1868,12.5735,70.888,10.9851,67.3266,9.5331,63.4678,8.2005,59.1733,9.8696,81.309,8.5,78.5609,7.2459,75.5941,6.0932,72.3813,5.0302,68.8907,6.699,86.9963,5.6504,84.863,4.6825,82.5659,3.7862,80.0854,3.0325,77.3984
2018-09-24,6706.81,6814.8,6325.02,6626.57,242598.872471,16.8547,67.6893,14.3143,62.3562,12.0574,56.1278,10.0391,49.5512,8.2234,43.0869,10.5972,80.119,8.9902,76.6256,7.547,72.6837,6.2439,68.0937,5.0613,62.3174,8.446,83.6922,7.1254,80.2597,5.9486,76.3886,4.8934,71.9892,3.9417,66.9455,24.738,63.8489,22.4363,60.1856,20.306,56.1621,18.3286,51.8329,16.4882,47.2846,23.8493,62.978,20.9769,59.188,18.2475,55.1318,15.6509,50.8597,13.7011,46.4641,16.1175,72.0968,13.7786,68.6389,12.048,64.9325,10.4635,60.9475,9.0072,56.5765,11.3673,78.3897,9.7656,75.1953,8.3059,71.7416,6.97,67.9959,5.743,63.9195,7.8394,84.57,6.5872,81.9832,5.4397,79.1798,4.3843,76.1315,3.5001,72.8046
2018-10-01,6626.57,6697.0,6430.0,6615.26,141836.476483,20.8843,59.791,17.6789,53.192,14.8487,46.0005,12.3314,39.3634,10.0778,33.3621,13.9373,72.7445,11.7241,67.6365,9.7681,61.7491,8.027,54.8241,6.4671,47.128,8.8411,83.1425,7.475,79.6964,6.2526,75.8512,5.1524,71.5334,4.1569,66.6501,6.7808,86.9199,5.6561,84.2394,4.6531,80.7994,3.753,76.5243,2.9408,71.4359,20.8361,68.4151,18.668,65.0521,16.6612,61.2599,14.7983,57.0332,13.0645,52.4174,18.5523,68.1894,15.8808,64.3477,13.8777,60.2536,12.0457,55.8801,10.3639,51.185,12.4554,76.4919,10.7031,73.0838,9.1054,69.4182,7.6426,65.4646,6.2984,61.1878,8.9787,82.1887,7.5254,79.1758,6.2,75.9018,4.9864,72.3314,3.9719,68.4222
2018-10-08,6615.26,6715.6,6205.0,6339.34,166310.813544,19.533,64.8118,16.7619,59.8462,14.2512,54.3852,11.9657,48.7662,9.8765,43.2388,15.1961,70.7321,12.8132,65.4746,10.6979,59.4997,8.8074,52.6128,7.1078,45.287,10.435,79.7299,8.789,75.5374,7.3268,70.8398,6.0192,65.5396,4.8429,59.5131,6.6959,87.4469,5.6144,85.0164,4.6403,81.9312,3.7584,78.1433,2.9562,73.6952,4.9635,90.1288,4.0624,88.4235,3.2523,86.1369,2.5199,83.0674,1.8547,78.7404,16.5568,74.098,14.6693,71.1785,12.9213,67.9523,11.2981,64.3652,9.7868,60.2117,13.7641,74.2913,11.8359,70.6657,10.0753,66.7939,8.4615,62.6499,6.9769,58.204,9.5275,81.2516,7.9945,78.1443,6.5934,74.7883,5.3079,71.1525,4.2311,67.2004
2018-10-15,6339.34,7680.0,6300.0,6590.11,211592.623139,0.0,93.4988,0.0,90.1341,0.0,84.9097,0.0,77.9153,0.0,70.7086,16.5925,68.1223,14.027,62.5661,11.7384,56.6396,9.6841,50.3029,7.8299,43.8492,12.5958,74.9524,10.5589,69.4608,8.7655,63.3685,7.1743,56.742,5.753,49.5076,8.3933,83.5507,6.9816,80.1293,5.7293,75.7865,4.6107,70.1893,3.6056,63.8979,5.2385,89.64,4.292,87.8739,3.4392,85.5168,2.667,82.3726,1.9644,77.8987,3.7571,92.1232,3.0023,90.6883,2.324,89.0084,1.7113,87.0048,1.155,83.9117,13.4399,77.5444,11.6302,74.7085,9.9579,71.5637,8.4078,68.0567,6.9669,63.9851,10.8989,78.5117,9.131,74.9679,7.52,71.1461,6.046,67.0121,4.8122,62.5263
2018-10-22,6590.12,6639.0,6453.0,6489.93,75328.885385,0.0,88.8114,0.0,82.9001,0.0,74.2841,0.0,64.0291,0.0,54.3707,0.0,96.7782,0.0,93.3209,0.0,89.2399,0.0,84.028,0.0,76.0476,13.2511,74.2121,11.1485,68.8332,9.2846,62.9731,7.6209,56.7248,6.1267,50.0486,9.7124,80.6047,8.0526,76.474,6.5891,71.2677,5.2891,64.7331,4.1266,57.544,6.3227,87.1007,5.1511,84.7354,4.1068,81.5739,3.1702,77.3764,2.3254,71.6078,3.9093,91.9188,3.1321,90.493,2.4303,88.8414,1.7933,86.8953,1.2127,83.9055,2.6677,94.0075,2.0573,92.8521,1.5086,91.5011,1.0125,89.9004,0.5619,87.4947,10.6229,80.9965,8.9537,78.338,7.415,75.3773,5.9919,72.0598,4.7918,68.3168
2018-10-29,6489.93,6525.0,6245.02,6485.85,71945.400607,0.0,85.8646,0.0,78.5525,0.0,68.4727,0.0,57.4929,0.0,47.8529,0.0,94.7135,0.0,88.9279,0.0,81.9436,0.0,72.975,0.0,60.8168,0.0,98.7136,0.0,95.3061,0.0,91.006,0.0,85.9957,0.0,80.0835,10.3189,79.6801,8.5762,75.4994,7.0326,70.3022,5.6559,63.8921,4.4203,56.9803,7.2742,84.8503,5.9048,81.9369,4.6926,78.0432,3.612,72.905,2.6426,66.0718,4.6607,90.0802,3.7142,88.2106,2.8681,85.9965,2.1072,83.321,1.4193,79.2847,2.7904,93.821,2.1577,92.6658,1.5859,91.3295,1.0668,89.7659,0.5932,87.4307,1.6906,95.4295,1.1618,94.4289,0.6863,93.2593,0.2565,91.8737,0.0,90.2063
2018-11-05,6485.85,6615.15,6355.0,6449.81,76161.78188,0.0,95.4896,0.0,92.8964,0.0,86.4667,0.0,76.5281,0.0,66.8942,0.0,93.8753,0.0,87.5946,0.0,80.5425,0.0,72.1995,0.0,61.7027,0.0,98.07,0.0,92.9127,0.0,86.3726,0.0,78.6946,0.0,69.5535,0.0,100.0,0.0,98.8533,0.0,96.4062,0.0,91.313,0.0,84.6168,7.6995,84.1205,6.2607,81.1346,4.9829,77.1788,3.8406,72.0192,2.8133,65.266,5.2964,88.554,4.2093,86.3223,3.2425,83.6472,2.3772,80.3696,1.598,75.4983,3.2777,92.5959,2.5252,91.1511,1.8499,89.4546,1.2406,87.4344,0.688,84.439,1.7695,95.3081,1.2204,94.319,0.7233,93.1791,0.2711,91.8512,0.0,90.2847
2018-11-12,6450.71,6498.0,5403.42,5662.0,205081.183938,0.0,98.0562,0.0,97.1617,0.0,95.2926,0.0,92.7192,0.0,90.0042,0.0,98.5895,0.0,97.2027,0.0,95.6542,0.0,93.5761,0.0,89.1781,0.0,98.7742,0.0,95.6868,0.0,92.0592,0.0,88.1753,0.0,84.007,0.0,100.0,0.0,98.9847,0.0,96.8905,0.0,92.635,0.0,87.1989,0.0,100.0,0.0,100.0,0.0,99.4387,0.0,97.9196,0.0,94.1562,4.6742,90.4005,3.7495,88.7319,2.9125,86.8082,2.1513,84.5545,1.4561,81.1635,3.1685,93.0124,2.4519,91.7175,1.8034,90.2241,1.2138,88.4827,0.6754,85.9079,1.8189,95.2437,1.2578,94.2679,0.7472,93.1545,0.2807,91.8725,0.0,90.3803
2018-11-19,5661.94,5664.0,3652.66,4085.78,496323.79998,0.0,99.2259,0.0,98.8942,0.0,98.5404,0.0,98.1621,0.0,97.7567,0.0,99.403,0.0,98.8421,0.0,98.2439,0.0,97.4848,0.0,96.2687,0.0,100.0,0.0,99.6658,0.0,99.1582,0.0,98.6094,0.0,98.0144,0.0,100.0,0.0,99.4963,0.0,98.515,0.0,96.5563,0.0,94.0837,0.0,100.0,0.0,100.0,0.0,99.651,0.0,98.7438,0.0,96.5267,0.0,100.0,0.0,100.0,0.0,100.0,0.0,99.9895,0.0,99.2558,2.3223,95.1937,1.8195,94.4196,1.3536,93.5652,0.9206,92.6172,0.5172,91.1902,1.4652,96.346,1.0227,95.663,0.6128,94.9086,0.232,94.0711,0.0,93.1358
2018-11-26,4088.69,4450.38,3689.12,4161.01,479459.914101,0.0,99.4213,0.0,99.1711,0.0,98.9028,0.0,98.6143,0.0,98.3032,0.0,99.5777,0.0,99.1809,0.0,98.758,0.0,98.3063,0.0,97.8228,0.0,100.0,0.0,99.7628,0.0,99.4044,0.0,99.0195,0.0,98.6049,0.0,100.0,0.0,100.0,0.0,99.9979,0.0,99.3252,0.0,98.2733,0.0,100.0,0.0,100.0,0.0,99.7406,0.0,99.0751,0.0,97.4517,0.0,100.0,0.0,100.0,0.0,100.0,0.0,99.9914,0.0,99.3948,0.0,100.0,0.0,100.0,0.0,100.0,0.0,100.0,0.0,99.6424,1.2307,96.9962,0.8628,96.4583,0.5191,95.8724,0.1973,95.2317,0.0,94.5283
2018-12-03,4160.55,4179.0,3222.0,3545.37,406435.817854,0.0,100.0,0.0,100.0,0.0,100.0,0.0,100.0,0.0,100.0,0.0,99.6713,0.0,99.3611,0.0,99.0291,0.0,98.6729,0.0,98.2896,0.0,100.0,0.0,99.8225,0.0,99.5545,0.0,99.2671,0.0,98.958,0.0,100.0,0.0,100.0,0.0,99.9984,0.0,99.7546,0.0,99.4919,0.0,100.0,0.0,100.0,0.0,100.0,0.0,100.0,0.0,99.303,0.0,100.0,0.0,100.0,0.0,100.0,0.0,99.9934,0.0,99.5342,0.0,100.0,0.0,100.0,0.0,100.0,0.0,100.0,0.0,99.7022,0.0,100.0,0.0,100.0,0.0,100.0,0.0,100.0,0.0,100.0
2018-12-10,3548.49,3610.0,3156.26,3228.67,249791.790787,0.0,100.0,0.0,100.0,0.0,100.0,0.0,100.0,0.0,100.0,0.0,100.0,0.0,100.0,0.0,100.0,0.0,100.0,0.0,100.0,0.0,100.0,0.0,99.8518,0.0,99.6272,0.0,99.3851,0.0,99.1234,0.0,100.0,0.0,100.0,0.0,99.9987,0.0,99.8014,0.0,99.5887,0.0,100.0,0.0,100.0,0.0,100.0,0.0,100.0,0.0,99.6279,0.0,100.0,0.0,100.0,0.0,100.0,0.0,100.0,0.0,100.0,0.0,100.0,0.0,100.0,0.0,100.0,0.0,100.0,0.0,99.753,0.0,100.0,0.0,100.0,0.0,100.0,0.0,100.0,0.0,100.0
2018-12-17,3229.22,4139.99,3216.0,3929.71,489096.741158,0.0,100.0,0.0,100.0,0.0,100.0,0.0,100.0,0.0,100.0,0.0,100.0,0.0,100.0,0.0,100.0,0.0,100.0,0.0,100.0,0.0,100.0,0.0,100.0,0.0,100.0,0.0,100.0,0.0,100.0,0.0,100.0,0.0,100.0,0.0,99.9988,0.0,99.8075,0.0,99.5987,0.0,100.0,0.0,100.0,0.0,100.0,0.0,100.0,0.0,99.9509,0.0,100.0,0.0,100.0,0.0,100.0,0.0,100.0,0.0,100.0,0.0,100.0,0.0,100.0,0.0,100.0,0.0,100.0,0.0,99.7727,0.0,100.0,0.0,100.0,0.0,100.0,0.0,100.0,0.0,100.0
2018-12-24,3929.71,4198.0,3535.0,3801.91,332161.255442,0.0,100.0,0.0,100.0,0.0,100.0,0.0,100.0,0.0,100.0,0.0,100.0,0.0,100.0,0.0,100.0,0.0,100.0,0.0,100.0,0.0,100.0,0.0,100.0,0.0,100.0,0.0,100.0,0.0,100.0,0.0,100.0,0.0,100.0,0.0,100.0,0.0,100.0,0.0,100.0,0.0,100.0,0.0,100.0,0.0,100.0,0.0,100.0,0.0,99.9522,0.0,100.0,0.0,100.0,0.0,100.0,0.0,100.0,0.0,100.0,0.0,100.0,0.0,100.0,0.0,100.0,0.0,100.0,0.0,99.7872,0.0,100.0,0.0,100.0,0.0,100.0,0.0,100.0,0.0,100.0
2018-12-31,3803.12,4027.71,3630.33,3987.6,214860.906242,0.0,100.0,0.0,100.0,0.0,100.0,0.0,100.0,0.0,100.0,0.0,100.0,0.0,100.0,0.0,100.0,0.0,100.0,0.0,100.0,0.0,100.0,0.0,100.0,0.0,100.0,0.0,100.0,0.0,100.0,0.0,100.0,0.0,100.0,0.0,100.0,0.0,100.0,0.0,100.0,0.0,100.0,0.0,100.0,0.0,100.0,0.0,100.0,0.0,100.0,0.0,100.0,0.0,100.0,0.0,100.0,0.0,100.0,0.0,100.0,0.0,100.0,0.0,100.0,0.0,100.0,0.0,100.0,0.0,99.7942,0.0,100.0,0.0,100.0,0.0,100.0,0.0,100.0,0.0,100.0
2019-01-07,3987.62,4069.8,3441.3,3476.81,245887.277948,0.0,100.0,0.0,100.0,0.0,100.0,0.0,100.0,0.0,100.0,0.0,100.0,0.0,100.0,0.0,100.0,0.0,100.0,0.0,100.0,0.0,100.0,0.0,100.0,0.0,100.0,0.0,100.0,0.0,100.0,0.0,100.0,0.0,100.0,0.0,100.0,0.0,100.0,0.0,100.0,0.0,100.0,0.0,100.0,0.0,100.0,0.0,100.0,0.0,100.0,0.0,100.0,0.0,100.0,0.0,100.0,0.0,100.0,0.0,100.0,0.0,100.0,0.0,100.0,0.0,100.0,0.0,100.0,0.0,99.8032,0.0,100.0,0.0,100.0,0.0,100.0,0.0,100.0,0.0,100.0
2019-01-14,3477.56,3720.0,3467.02,3539.28,199395.792965,0.0,100.0,0.0,100.0,0.0,100.0,0.0,100.0,0.0,100.0,0.0,100.0,0.0,100.0,0.0,100.0,0.0,100.0,0.0,100.0,0.0,100.0,0.0,100.0,0.0,100.0,0.0,100.0,0.0,100.0,0.0,100.0,0.0,100.0,0.0,100.0,0.0,100.0,0.0,100.0,0.0,100.0,0.0,100.0,0.0,100.0,0.0,100.0,0.0,100.0,0.0,100.0,0.0,100.0,0.0,100.0,0.0,100.0,0.0,100.0,0.0,100.0,0.0,100.0,0.0,100.0,0.0,100.0,0.0,100.0,0.0,100.0,0.0,100.0,0.0,100.0,0.0,100.0,0.0,100.0
2019-01-21,3539.26,3662.94,3434.85,3550.84,154566.450861,0.0,100.0,0.0,100.0,0.0,100.0,0.0,100.0,0.0,100.0,0.0,100.0,0.0,100.0,0.0,100.0,0.0,100.0,0.0,100.0,0.0,100.0,0.0,100.0,0.0,100.0,0.0,100.0,0.0,100.0,0.0,100.0,0.0,100.0,0.0,100.0,0.0,100.0,0.0,100.0,0.0,100.0,0.0,100.0,0.0,100.0,0.0,100.0,0.0,100.0,0.0,100.0,0.0,100.0,0.0,100.0,0.0,100.0,0.0,100.0,0.0,100.0,0.0,100.0,0.0,100.0,0.0,100.0,0.0,100.0,0.0,100.0,0.0,100.0,0.0,100.0,0.0,100.0,0.0,100.0
2019-01-28,3550.05,3557.75,3349.92,3458.11,186574.105423,0.0,100.0,0.0,100.0,0.0,100.0,0.0,100.0,0.0,100.0,0.0,100.0,0.0,100.0,0.0,100.0,0.0,100.0,0.0,100.0,0.0,100.0,0.0,100.0,0.0,100.0,0.0,100.0,0.0,100.0,0.0,100.0,0.0,100.0,0.0,100.0,0.0,100.0,0.0,100.0,0.0,100.0,0.0,100.0,0.0,100.0,0.0,100.0,0.0,100.0,0.0,100.0,0.0,100.0,0.0,100.0,0.0,100.0,0.0,100.0,0.0,100.0,0.0,100.0,0.0,100.0,0.0,100.0,0.0,100.0,0.0,100.0,0.0,100.0,0.0,100.0,0.0,100.0,0.0,100.0
2019-02-04,3458.11,3733.58,3373.1,3680.06,198350.673988,0.0,100.0,0.0,99.6693,0.0,99.0549,0.0,98.3601,0.0,97.5679,0.0,100.0,0.0,100.0,0.0,100.0,0.0,100.0,0.0,100.0,0.0,100.0,0.0,100.0,0.0,100.0,0.0,100.0,0.0,100.0,0.0,100.0,0.0,100.0,0.0,100.0,0.0,100.0,0.0,100.0,0.0,100.0,0.0,100.0,0.0,100.0,0.0,100.0,0.0,100.0,0.0,100.0,0.0,100.0,0.0,100.0,0.0,100.0,0.0,100.0,0.0,100.0,0.0,100.0,0.0,100.0,0.0,100.0,0.0,100.0,0.0,100.0,0.0,100.0,0.0,100.0,0.0,100.0,0.0,100.0
2019-02-11,3679.75,3700.11,3568.11,3667.58,167995.805139,0.0,100.0,0.0,99.5938,0.0,98.2189,0.0,96.7073,0.0,95.0692,0.0,100.0,0.0,100.0,0.0,100.0,0.0,100.0,0.0,100.0,0.0,100.0,0.0,100.0,0.0,100.0,0.0,100.0,0.0,100.0,0.0,100.0,0.0,100.0,0.0,100.0,0.0,100.0,0.0,100.0,0.0,100.0,0.0,100.0,0.0,100.0,0.0,100.0,0.0,100.0,0.0,100.0,0.0,100.0,0.0,100.0,0.0,100.0,0.0,100.0,0.0,100.0,0.0,100.0,0.0,100.0,0.0,100.0,0.0,100.0,0.0,100.0,0.0,100.0,0.0,100.0,0.0,100.0,0.0,100.0
2019-02-18,3667.62,4198.0,3655.0,3743.56,301384.22226,1.7885,96.2935,1.403,95.2997,1.0467,93.3574,0.7163,91.2979,0.4091,89.1376,0.0,98.846,0.0,98.3278,0.0,97.7496,0.0,97.1004,0.0,96.3665,0.0,100.0,0.0,100.0,0.0,100.0,0.0,99.7653,0.0,99.352,0.0,100.0,0.0,100.0,0.0,100.0,0.0,100.0,0.0,100.0,0.0,100.0,0.0,100.0,0.0,100.0,0.0,100.0,0.0,100.0,0.0,100.0,0.0,100.0,0.0,100.0,0.0,100.0,0.0,100.0,0.0,100.0,0.0,100.0,0.0,100.0,0.0,100.0,0.0,100.0,0.0,100.0,0.0,100.0,0.0,100.0,0.0,100.0,0.0,100.0
2019-02-25,3743.56,3888.0,3677.17,3807.75,190343.246726,8.639,84.9631,7.3421,82.5705,6.1397,79.1798,5.0219,75.7068,3.9801,72.174,2.1058,94.9843,1.7433,93.9798,1.4059,92.904,1.0909,91.7492,0.7963,90.5062,0.2356,98.3545,0.0,97.8901,0.0,97.3626,0.0,96.5076,0.0,95.3931,0.0,99.9653,0.0,99.717,0.0,99.4273,0.0,99.0848,0.0,98.6735,0.0,100.0,0.0,100.0,0.0,100.0,0.0,100.0,0.0,100.0,0.0,100.0,0.0,100.0,0.0,100.0,0.0,100.0,0.0,100.0,0.0,100.0,0.0,100.0,0.0,100.0,0.0,100.0,0.0,100.0,0.0,100.0,0.0,100.0,0.0,100.0,0.0,100.0,0.0,100.0
2019-03-04,3807.32,3971.75,3670.69,3916.82,207833.42997,25.9581,61.3474,23.198,57.5728,20.5781,53.5595,18.088,49.6708,15.7183,45.9071,10.4458,82.6482,9.2416,80.5168,8.116,78.2641,7.0615,75.8795,6.0717,73.3511,3.7748,92.8962,3.1158,91.8974,2.7373,90.8154,2.3857,89.429,2.0583,87.8242,1.5928,96.7899,1.2957,95.9897,1.0266,95.0797,0.7818,94.0358,0.558,92.8261,0.4636,98.6061,0.2933,98.2817,0.1404,97.9017,0.0023,97.4504,0.0,96.9056,0.0,99.6584,0.0,99.467,0.0,99.2421,0.0,98.9741,0.0,98.6492,0.0,100.0,0.0,100.0,0.0,99.9946,0.0,99.8359,0.0,99.6494,0.0,100.0,0.0,100.0,0.0,100.0,0.0,100.0,0.0,100.0
2019-03-11,3915.99,4056.98,3810.43,3981.14,185620.344813,50.0314,34.6288,46.2443,31.0336,42.4761,28.2412,38.7265,25.7029,34.9956,23.3724,24.6438,63.9388,22.2627,60.7897,19.9945,57.5655,17.8312,54.2635,15.7658,50.8807,11.1499,82.3366,9.7517,80.4938,8.701,78.5513,7.7113,76.3297,6.7776,73.9295,4.8306,91.7278,4.1418,90.4196,3.5035,88.9935,2.9105,87.4331,2.358,85.7184,2.0974,95.4001,1.6253,94.557,1.1973,93.5878,0.8076,92.462,0.5998,91.1384,0.6017,98.0985,0.4356,97.567,0.2866,96.9471,0.1524,96.2149,0.0308,95.3367,0.0135,99.4254,0.0,99.2286,0.0,98.9903,0.0,98.5113,0.0,97.9357,0.0,99.995,0.0,99.8679,0.0,99.7219,0.0,99.5522,0.0,99.3527
2019-03-18,3981.85,4069.32,3880.01,3992.18,156283.263483,84.9651,2.0516,81.2634,0.0508,77.3477,0.0,73.1988,0.0,68.7954,0.0,42.3893,43.0191,38.8271,39.4759,35.3294,35.9897,31.8944,32.5593,28.5204,29.1831,21.0217,68.5561,18.6458,65.7495,16.6423,62.8549,14.733,59.7917,12.9115,56.6515,9.8795,83.9665,8.5688,81.9327,7.3309,79.7875,6.1599,77.5216,5.0505,75.1245,4.063,91.8305,3.2423,90.5328,2.4848,89.0903,1.7836,87.4776,1.3076,85.6623,1.4256,95.9357,1.0184,94.9487,0.6517,93.8117,0.3197,92.4876,0.0372,90.9261,0.1159,98.5327,0.0,98.061,0.0,97.5001,0.0,96.6169,0.0,95.5612,0.0,99.8592,0.0,99.5479,0.0,99.184,0.0,98.7529,0.0,98.2339
2019-03-25,3991.35,4140.0,3888.71,4103.95,178114.875049,93.6438,1.1043,92.0107,0.039,90.2102,0.0,88.2152,0.0,85.9924,0.0,74.5707,12.9173,70.6671,10.4336,66.645,8.1014,62.499,5.9072,58.2232,3.8392,38.6203,48.202,35.3283,44.9312,32.2376,41.6698,29.2167,38.5144,26.2632,35.4829,20.4095,70.365,18.2875,67.7159,16.2302,65.0236,14.2345,62.2868,12.2978,59.5046,9.8208,83.2237,8.3506,81.1551,6.9685,78.9234,5.6669,76.5085,4.6547,73.8868,4.2378,91.2821,3.4515,89.7548,2.7328,88.0476,2.0733,86.1267,1.4881,83.9493,1.7093,95.4139,1.3256,94.4268,1.1011,93.2726,0.8995,91.6953,0.7176,89.8379,0.8309,98.1094,0.6683,97.4472,0.5229,96.6752,0.3922,95.7635,0.274,94.6705
2019-04-01,4102.44,5275.01,4067.0,5170.27,420989.968738,100.0,0.0,100.0,0.0,100.0,0.0,100.0,0.0,100.0,0.0,93.9165,2.8892,92.6751,2.345,91.3625,1.8343,89.9725,1.3542,88.4979,0.9021,80.4392,12.1804,78.3734,10.5001,76.0171,8.8789,73.6092,7.5353,71.1477,6.3665,56.6214,34.4233,54.3513,32.3248,52.0702,30.2632,49.778,28.2374,47.4744,26.2466,39.164,51.9232,37.0336,49.5918,34.9402,47.2167,32.883,44.7969,30.9538,42.3309,25.9213,65.3059,24.08,62.7325,22.3431,59.9977,20.7019,57.0857,19.1641,53.9788,17.182,75.7529,15.8576,73.55,14.7248,71.1145,13.683,68.3304,12.7215,65.2535,12.9053,81.7634,11.9133,79.8096,11.0125,77.6046,10.1909,75.0965,9.4385,72.2182
2019-04-08,5170.27,5422.0,4861.22,5131.3,247866.407405,100.0,0.0,100.0,0.0,100.0,0.0,100.0,0.0,100.0,0.0,99.5035,0.0,99.0967,0.0,98.6581,0.0,98.184,0.0,97.6699,0.0,91.9148,4.5737,90.8543,3.815,89.4737,3.0964,88.0195,2.591,86.4859,2.2044,79.275,14.0056,77.439,12.6587,75.5372,11.368,73.5661,10.13,71.5217,8.9416,60.0248,32.196,57.9963,30.3308,55.9325,28.4959,53.8325,26.6906,51.687,24.9142,44.1321,46.2637,41.8679,43.7473,39.6577,41.1865,37.4997,38.5803,35.3999,35.9273,31.7753,58.4863,29.7277,55.6729,27.8571,52.6783,26.0999,49.4882,24.446,46.1102,23.206,68.8147,21.6062,66.2403,20.1249,63.4345,18.7493,60.3644,17.4684,56.9911
2019-04-15,5131.28,5333.42,4950.0,5256.14,168555.911745,100.0,0.0,100.0,0.0,100.0,0.0,100.0,0.0,100.0,0.0,100.0,0.0,100.0,0.0,100.0,0.0,100.0,0.0,100.0,0.0,98.2054,0.5726,97.7983,0.3174,97.1068,0.0786,96.3631,0.0,95.5608,0.0,89.5409,6.2755,88.3364,5.5491,87.0608,4.8634,85.7077,4.215,84.2696,3.601,77.9084,15.9845,76.2204,14.6009,74.4595,13.2682,72.621,11.9836,70.5954,10.7447,60.9051,30.9008,58.7619,28.959,56.5967,27.0506,54.409,25.1748,52.1974,23.3306,46.5563,43.0979,44.1418,40.3486,41.8232,37.531,39.5856,34.7017,37.425,31.8221,35.4189,54.325,33.2271,51.3196,31.1579,48.141,29.2014,44.7738,27.3486,41.2007
2019-04-22,5257.41,5600.0,5102.0,5307.52,247392.823904,100.0,0.0,100.0,0.0,100.0,0.0,100.0,0.0,100.0,0.0,100.0,0.0,100.0,0.0,100.0,0.0,100.0,0.0,100.0,0.0,100.0,0.0,99.9652,0.0,99.6994,0.0,99.4088,0.0,99.09,0.0,96.3178,1.5944,95.6873,1.3324,95.0066,1.0881,94.2694,0.8597,93.4685,0.6456,87.4599,8.4711,86.2822,7.5889,85.0277,6.7522,83.6887,5.9577,82.1013,5.2023,76.2612,17.632,74.5107,16.3062,72.6897,15.0349,70.7939,13.8149,68.8068,12.643,60.3468,30.416,57.9641,28.1498,55.5636,25.9038,53.1772,23.7698,50.8046,21.6672,47.4536,41.5317,44.9265,38.5949,42.4834,35.5851,40.1201,32.4996,37.8329,29.3355
2019-04-29,5309.81,5900.0,5178.8,5775.62,191971.589975,100.0,0.0,100.0,0.0,100.0,0.0,100.0,0.0,100.0,0.0,100.0,0.0,100.0,0.0,100.0,0.0,100.0,0.0,100.0,0.0,100.0,0.0,100.0,0.0,100.0,0.0,100.0,0.0,100.0,0.0,99.2833,0.0,99.0587,0.0,98.8143,0.0,98.5472,0.0,98.2543,0.0,94.9177,2.9709,94.2897,2.5245,93.6123,2.1049,92.8794,1.7097,91.9051,1.3368,86.3959,9.532,85.1537,8.6986,83.8397,7.9088,82.4477,7.1591,80.9529,6.4466,75.636,17.7582,73.7458,16.2443,71.7323,14.7844,69.6699,13.4883,67.557,12.2414,61.2631,28.7997,58.8017,26.4068,56.3556,24.0269,53.9245,21.6598,51.5083,19.3055
2019-05-06,5773.18,7521.78,5619.14,6967.31,313283.869612,100.0,0.0,100.0,0.0,100.0,0.0,100.0,0.0,100.0,0.0,100.0,0.0,100.0,0.0,100.0,0.0,100.0,0.0,100.0,0.0,100.0,0.0,100.0,0.0,100.0,0.0,100.0,0.0,100.0,0.0,100.0,0.0,100.0,0.0,100.0,0.0,100.0,0.0,100.0,0.0,98.7628,0.5932,98.5711,0.4572,98.3642,0.3293,98.1402,0.209,97.7453,0.0954,94.5133,3.5196,93.8711,3.1435,93.1872,2.7883,92.4573,2.4523,91.6578,2.134,87.0714,9.344,85.951,8.5501,84.6897,7.7957,83.3732,7.1796,81.9978,6.5927,77.2015,15.8491,75.3534,14.3509,73.4674,12.8951,71.5421,11.4799,69.5764,10.1036
2019-05-13,6968.24,8366.0,6870.0,8148.48,461287.694139,100.0,0.0,100.0,0.0,100.0,0.0,100.0,0.0,100.0,0.0,100.0,0.0,100.0,0.0,100.0,0.0,100.0,0.0,100.0,0.0,100.0,0.0,100.0,0.0,100.0,0.0,100.0,0.0,100.0,0.0,100.0,0.0,100.0,0.0,100.0,0.0,100.0,0.0,100.0,0.0,100.0,0.0,100.0,0.0,100.0,0.0,100.0,0.0,99.8854,0.0,98.3574,0.8756,98.0776,0.7477,97.7791,0.6269,97.46,0.5127,97.1023,0.4044,94.3824,3.7623,93.7522,3.3558,93.004,2.9725,92.2166,2.695,91.387,2.4314,87.575,8.5194,86.4829,7.7662,85.3478,7.0437,84.1672,6.3502,82.9383,5.6839
2019-05-20,8147.94,8740.0,7461.0,8614.43,341677.39881,100.0,0.0,100.0,0.0,100.0,0.0,100.0,0.0,100.0,0.0,100.0,0.0,100.0,0.0,100.0,0.0,100.0,0.0,100.0,0.0,100.0,0.0,100.0,0.0,100.0,0.0,100.0,0.0,100.0,0.0,100.0,0.0,100.0,0.0,100.0,0.0,100.0,0.0,100.0,0.0,100.0,0.0,100.0,0.0,100.0,0.0,100.0,0.0,100.0,0.0,99.8615,0.0,99.775,0.0,99.6823,0.0,99.583,0.0,99.4631,0.0,97.8843,1.2399,97.5445,1.05,97.1101,0.8727,96.6499,0.7767,96.1614,0.6856,93.7968,4.0624,93.1748,3.7068,92.5211,3.3683,91.833,3.0457,91.1079,2.7378
2019-05-27,8612.54,9074.26,8005.0,8725.98,292049.043812,100.0,0.0,100.0,0.0,100.0,0.0,100.0,0.0,100.0,0.0,100.0,0.0,100.0,0.0,100.0,0.0,100.0,0.0,100.0,0.0,100.0,0.0,100.0,0.0,100.0,0.0,100.0,0.0,100.0,0.0,100.0,0.0,100.0,0.0,100.0,0.0,100.0,0.0,100.0,0.0,100.0,0.0,100.0,0.0,100.0,0.0,100.0,0.0,100.0,0.0,100.0,0.0,100.0,0.0,100.0,0.0,100.0,0.0,99.9887,0.0,99.5314,0.1363,99.3579,0.065,99.107,0.0,98.8395,0.0,98.5536,0.0,97.0462,1.6383,96.652,1.4572,96.2345,1.2856,95.7915,1.1227,95.3207,0.9679
2019-06-03,8726.0,8800.95,7444.58,7628.13,293308.709696,100.0,0.0,100.0,0.0,100.0,0.0,99.2063,0.0,98.1684,0.0,100.0,0.0,100.0,0.0,100.0,0.0,100.0,0.0,100.0,0.0,100.0,0.0,100.0,0.0,100.0,0.0,100.0,0.0,100.0,0.0,100.0,0.0,100.0,0.0,100.0,0.0,100.0,0.0,100.0,0.0,100.0,0.0,100.0,0.0,100.0,0.0,100.0,0.0,100.0,0.0,100.0,0.0,100.0,0.0,100.0,0.0,100.0,0.0,99.9892,0.0,100.0,0.0,99.9272,0.0,99.7856,0.0,99.6329,0.0,99.4679,0.0,98.7871,0.4056,98.5332,0.3339,98.2614,0.2665,97.9697,0.2029,97.6559,0.1429
2019-06-10,7627.57,9333.0,7511.0,8953.33,274072.058371,100.0,0.0,100.0,0.0,100.0,0.0,99.2729,0.0,98.3214,0.0,100.0,0.0,100.0,0.0,100.0,0.0,100.0,0.0,100.0,0.0,100.0,0.0,100.0,0.0,100.0,0.0,100.0,0.0,100.0,0.0,100.0,0.0,100.0,0.0,100.0,0.0,100.0,0.0,100.0,0.0,100.0,0.0,100.0,0.0,100.0,0.0,100.0,0.0,100.0,0.0,100.0,0.0,100.0,0.0,100.0,0.0,100.0,0.0,100.0,0.0,100.0,0.0,99.9865,0.0,99.9235,0.0,99.8554,0.0,99.7813,0.0,99.5781,0.0,99.4375,0.0,99.2864,0.0,99.1234,0.0,98.9471,0.0
2019-06-17,8953.0,11392.64,8950.0,10906.07,378253.003065,100.0,0.0,100.0,0.0,100.0,0.0,99.4012,0.0,98.6223,0.0,100.0,0.0,100.0,0.0,100.0,0.0,100.0,0.0,100.0,0.0,100.0,0.0,100.0,0.0,100.0,0.0,100.0,0.0,100.0,0.0,100.0,0.0,100.0,0.0,100.0,0.0,100.0,0.0,100.0,0.0,100.0,0.0,100.0,0.0,100.0,0.0,100.0,0.0,100.0,0.0,100.0,0.0,100.0,0.0,100.0,0.0,100.0,0.0,100.0,0.0,100.0,0.0,100.0,0.0,100.0,0.0,100.0,0.0,100.0,0.0,99.8627,0.0,99.8095,0.0,99.7524,0.0,99.6909,0.0,99.6243,0.0
2019-06-24,10905.95,13970.0,10525.1,10854.1,684152.508772,100.0,0.0,100.0,0.0,100.0,0.0,99.4151,0.0,98.6521,0.0,100.0,0.0,100.0,0.0,100.0,0.0,100.0,0.0,100.0,0.0,100.0,0.0,100.0,0.0,100.0,0.0,100.0,0.0,100.0,0.0,100.0,0.0,100.0,0.0,100.0,0.0,100.0,0.0,100.0,0.0,100.0,0.0,100.0,0.0,100.0,0.0,100.0,0.0,100.0,0.0,100.0,0.0,100.0,0.0,100.0,0.0,100.0,0.0,100.0,0.0,100.0,0.0,100.0,0.0,100.0,0.0,100.0,0.0,100.0,0.0,100.0,0.0,100.0,0.0,100.0,0.0,100.0,0.0,100.0,0.0
2019-07-01,10854.1,12000.0,9727.0,11406.24,517740.071693,100.0,0.0,100.0,0.0,100.0,0.0,99.3932,0.0,98.5977,0.0,100.0,0.0,100.0,0.0,100.0,0.0,100.0,0.0,100.0,0.0,100.0,0.0,100.0,0.0,100.0,0.0,100.0,0.0,100.0,0.0,100.0,0.0,100.0,0.0,100.0,0.0,100.0,0.0,100.0,0.0,100.0,0.0,100.0,0.0,100.0,0.0,100.0,0.0,100.0,0.0,100.0,0.0,100.0,0.0,100.0,0.0,100.0,0.0,100.0,0.0,100.0,0.0,100.0,0.0,100.0,0.0,100.0,0.0,100.0,0.0,100.0,0.0,100.0,0.0,100.0,0.0,100.0,0.0,100.0,0.0
2019-07-08,11410.0,13147.08,10103.0,10174.18,510462.035678,100.0,0.0,100.0,0.0,100.0,0.0,99.2678,0.0,97.897,0.0,100.0,0.0,100.0,0.0,100.0,0.0,100.0,0.0,100.0,0.0,100.0,0.0,100.0,0.0,100.0,0.0,100.0,0.0,100.0,0.0,100.0,0.0,100.0,0.0,100.0,0.0,100.0,0.0,100.0,0.0,100.0,0.0,100.0,0.0,100.0,0.0,100.0,0.0,100.0,0.0,100.0,0.0,100.0,0.0,100.0,0.0,100.0,0.0,100.0,0.0,100.0,0.0,100.0,0.0,100.0,0.0,100.0,0.0,100.0,0.0,100.0,0.0,100.0,0.0,100.0,0.0,100.0,0.0,100.0,0.0
2019-07-15,10174.18,11100.0,9060.0,10589.45,487080.97263,100.0,0.0,100.0,0.0,100.0,0.0,99.1708,0.0,97.6105,0.0,100.0,0.0,100.0,0.0,100.0,0.0,100.0,0.0,100.0,0.0,100.0,0.0,100.0,0.0,100.0,0.0,100.0,0.0,100.0,0.0,100.0,0.0,100.0,0.0,100.0,0.0,100.0,0.0,100.0,0.0,100.0,0.0,100.0,0.0,100.0,0.0,100.0,0.0,100.0,0.0,100.0,0.0,100.0,0.0,100.0,0.0,100.0,0.0,100.0,0.0,100.0,0.0,100.0,0.0,100.0,0.0,100.0,0.0,100.0,0.0,100.0,0.0,100.0,0.0,100.0,0.0,100.0,0.0,100.0,0.0
2019-07-22,10590.15,10683.16,9165.0,9541.54,269819.325109,94.3747,3.04,93.5857,2.5065,92.7236,2.0091,91.778,1.5441,90.383,1.1085,96.2641,0.9873,95.4168,0.4253,94.4866,0.0,93.4608,0.0,92.3238,0.0,98.3371,0.0,97.7478,0.0,97.1026,0.0,96.3931,0.0,95.6091,0.0,99.6662,0.0,99.2522,0.0,98.8005,0.0,98.3058,0.0,97.7616,0.0,100.0,0.0,100.0,0.0,99.847,0.0,99.4774,0.0,99.0729,0.0,100.0,0.0,100.0,0.0,100.0,0.0,100.0,0.0,99.7449,0.0,100.0,0.0,100.0,0.0,100.0,0.0,100.0,0.0,100.0,0.0,100.0,0.0,100.0,0.0,100.0,0.0,100.0,0.0,100.0,0.0
2019-07-29,9541.54,11040.0,9395.0,10929.23,259518.806019,94.0936,3.2059,93.2741,2.6457,92.3812,2.1224,91.4048,1.6325,89.9677,1.1728,96.4728,0.9502,95.6979,0.4109,94.8575,0.0,93.9429,0.0,92.9439,0.0,98.2242,0.0,97.5914,0.0,96.8962,0.0,96.1291,0.0,95.2783,0.0,99.6402,0.0,99.1921,0.0,98.701,0.0,98.1606,0.0,97.5628,0.0,100.0,0.0,100.0,0.0,99.8363,0.0,99.4395,0.0,99.0026,0.0,100.0,0.0,100.0,0.0,100.0,0.0,100.0,0.0,99.7384,0.0,100.0,0.0,100.0,0.0,100.0,0.0,100.0,0.0,100.0,0.0,100.0,0.0,100.0,0.0,100.0,0.0,100.0,0.0,100.0,0.0
2019-08-05,10929.99,12330.7,10927.8,11549.97,371072.857661,92.8576,3.8191,91.8291,3.1421,90.6977,2.5134,89.4474,1.928,87.6339,1.3817,96.4322,0.9717,95.6626,0.4213,94.8337,0.0,93.9383,0.0,92.9681,0.0,98.3439,0.0,97.7667,0.0,97.1404,0.0,96.4584,0.0,95.713,0.0,99.6277,0.0,99.1641,0.0,98.656,0.0,98.0968,0.0,97.4783,0.0,100.0,0.0,100.0,0.0,99.8283,0.0,99.4111,0.0,98.9505,0.0,100.0,0.0,100.0,0.0,100.0,0.0,100.0,0.0,99.7267,0.0,100.0,0.0,100.0,0.0,100.0,0.0,100.0,0.0,100.0,0.0,100.0,0.0,100.0,0.0,100.0,0.0,100.0,0.0,100.0,0.0
2019-08-12,11539.08,11577.89,9750.0,10306.78,248273.374665,86.1058,6.5785,83.9034,5.0496,81.5133,3.6178,78.9106,2.5817,75.6989,1.8372,93.798,1.2949,92.2925,0.5584,90.6798,0.0,88.9479,0.0,87.0832,0.0,98.1278,0.0,97.3175,0.0,96.3194,0.0,95.2434,0.0,94.0798,0.0,99.6143,0.0,99.1349,0.0,98.6106,0.0,98.0348,0.0,97.0991,0.0,100.0,0.0,100.0,0.0,99.8069,0.0,99.3351,0.0,98.7343,0.0,100.0,0.0,100.0,0.0,100.0,0.0,100.0,0.0,99.6908,0.0,100.0,0.0,100.0,0.0,100.0,0.0,100.0,0.0,100.0,0.0,100.0,0.0,100.0,0.0,100.0,0.0,100.0,0.0,100.0,0.0
2019-08-19,10306.17,10949.96,9762.0,10142.69,232472.053331,71.9697,14.2976,68.0906,11.2503,64.0045,8.337,59.6944,5.9773,55.0478,4.0719,87.9276,3.3033,85.3679,1.7744,82.672,0.5088,79.8287,0.021,76.8256,0.0,95.8823,0.1388,94.3794,0.0,92.6165,0.0,90.7289,0.0,88.703,0.0,99.2803,0.0,98.4721,0.0,97.5946,0.0,96.6385,0.0,95.272,0.0,100.0,0.0,100.0,0.0,99.6805,0.0,98.8966,0.0,97.9601,0.0,100.0,0.0,100.0,0.0,100.0,0.0,99.8541,0.0,99.1085,0.0,100.0,0.0,100.0,0.0,100.0,0.0,100.0,0.0,100.0,0.0,100.0,0.0,100.0,0.0,100.0,0.0,100.0,0.0,100.0,0.0
2019-08-26,10142.69,10604.0,9320.0,9724.98,211243.550288,59.3143,26.3118,55.7819,22.6559,52.2735,18.9746,48.7888,15.6353,45.3275,12.6292,72.0433,13.38,68.1301,10.4107,64.1368,7.7783,60.0608,6.1488,55.8996,5.1961,87.8198,4.6082,85.3034,3.8024,82.5105,3.2182,79.5828,2.6866,76.5104,2.2006,94.9568,2.2995,93.4298,1.9273,91.7807,1.5866,89.9941,1.2736,87.719,0.9851,97.7513,1.1021,97.388,0.8734,96.6544,0.6626,95.4101,0.4675,93.9819,0.2865,98.6606,0.3711,98.3555,0.1771,98.0168,0.0,97.4971,0.0,96.3633,0.0,99.1875,0.0,98.8573,0.0,98.4902,0.0,98.0797,0.0,97.6176,0.0,99.7497,0.0,99.4898,0.0,99.2018,0.0,98.8812,0.0,98.5219,0.0
2019-09-02,9723.59,10905.87,9712.5,10381.18,281075.664908,54.3714,30.6893,50.8744,26.697,47.4675,22.593,44.2545,18.7747,41.2332,15.2684,69.6005,14.9786,65.6135,11.7189,61.608,8.7966,57.5839,6.9663,53.5036,5.8872,82.8171,6.4054,79.2459,5.234,75.3176,4.3859,71.2052,3.6285,66.8954,2.948,93.5712,2.8719,91.6045,2.3951,89.4699,1.9629,87.1447,1.5693,84.213,1.2093,97.1838,1.3479,96.7038,1.0633,95.7499,0.8031,94.1415,0.5644,92.2824,0.3446,98.5336,0.4047,98.1972,0.193,97.8227,0.0,97.2487,0.0,96.0014,0.0,99.1658,0.0,98.8284,0.0,98.4544,0.0,98.0375,0.0,97.5698,0.0,99.728,0.0,99.4439,0.0,99.1276,0.0,98.7732,0.0,98.3733,0.0
2019-09-09,10381.24,10480.0,9880.0,10302.01,207165.654458,62.2136,23.2606,58.3505,19.8239,54.5626,16.4453,50.8412,13.589,47.3455,11.1991,63.6296,18.5663,59.0929,14.6071,54.7505,11.009,50.6144,8.7034,46.708,7.3195,80.2848,7.4338,76.3069,6.0655,71.8935,5.0725,67.1963,4.1891,62.4809,3.3981,90.9167,3.9012,88.0785,3.2244,84.9654,2.6213,81.5353,2.0803,77.2422,1.5925,96.4368,1.6638,95.7952,1.3063,94.5414,0.9825,92.4447,0.6878,90.0087,0.4184,98.1848,0.4896,97.7518,0.2324,97.2624,0.0,96.5112,0.0,94.8996,0.0,99.0866,0.0,98.7155,0.0,98.3031,0.0,97.842,0.0,97.323,0.0,99.7193,0.0,99.4267,0.0,99.1016,0.0,98.7381,0.0,98.329,0.0
2019-09-16,10303.34,10355.0,9653.0,10028.87,188644.199623,44.5018,36.4706,40.3195,31.3622,36.4324,26.1113,33.199,21.2326,30.3059,16.8194,66.1057,18.6869,61.9488,15.5558,57.8914,12.5576,53.9611,9.6839,50.1502,7.6692,70.9273,11.6431,65.9906,9.0927,60.914,7.0637,55.8982,5.4289,51.1138,4.3685,86.261,5.3411,82.4891,4.0495,78.4879,3.1446,74.2358,2.487,69.3328,1.8978,93.5384,2.2579,92.0377,1.7567,89.649,1.3105,86.129,0.9107,82.14,0.5503,97.3161,0.6061,96.416,0.2862,95.394,0.0,93.9911,0.0,91.4991,0.0,98.8681,0.0,98.3965,0.0,97.6613,0.0,96.8058,0.0,95.8351,0.0,99.6898,0.0,99.3653,0.0,99.003,0.0,98.5962,0.0,98.0944,0.0
2019-09-23,10028.05,10049.99,7750.0,8043.82,364560.064744,2.0406,89.3116,0.9499,86.5377,0.0,83.5345,0.0,79.7843,0.0,75.5238,30.3921,57.4511,27.9317,54.0875,25.6549,50.7007,23.5163,47.2905,21.7557,43.9551,48.2649,39.2408,45.0275,36.3475,41.8444,33.6228,38.7874,31.0674,35.8131,28.776,54.4383,32.3615,50.623,29.6259,46.7759,27.1848,42.8966,24.9962,39.1464,22.9691,68.495,21.9565,65.5329,20.1723,62.1217,18.5318,58.3192,17.0184,54.3692,15.6177,77.1932,15.5216,74.7379,14.1464,72.015,12.8897,68.873,11.963,65.0533,11.118,85.1093,10.1796,83.5318,9.4428,81.6345,8.7711,79.5151,8.156,77.1572,7.5909,89.5673,7.4785,88.4278,6.9541,87.1651,6.4734,85.7579,6.0312,84.1481,5.6231
2019-09-30,8043.04,8500.0,7710.0,7854.25,239136.795399,1.4506,92.6229,0.6822,90.7789,0.0,88.8136,0.0,86.7149,0.0,84.4685,2.3142,90.6698,1.4966,88.0453,0.8145,85.2905,0.1897,82.3955,0.0,78.8502,25.9309,63.4156,23.5729,60.5202,21.5059,57.5543,19.7328,54.5679,18.0625,51.5844,41.7446,46.7748,38.8018,44.0516,35.837,41.4305,32.8502,38.9232,30.0681,36.5071,48.0333,39.8989,44.6339,37.2887,41.1679,34.8193,37.8,32.4794,34.4886,30.2592,60.5574,29.4098,57.5633,27.3128,54.3743,25.3453,50.9658,23.6589,47.4066,22.0884,69.1489,22.3698,66.5034,20.7912,63.5525,19.3375,60.348,17.9945,56.8683,16.75,78.0094,16.1237,76.037,14.9909,73.8818,13.945,71.5171,12.9762,68.8922,12.0764
2019-10-07,7855.3,8779.51,7762.0,8275.01,281416.738734,1.2956,93.3668,0.6091,91.6902,0.0,89.8953,0.0,87.9689,0.0,85.8962,1.9644,92.4744,1.2743,90.8088,0.6957,89.0059,0.1625,87.0479,0.0,84.3732,3.9841,88.206,2.5908,85.6533,1.6544,82.7733,1.1086,79.6503,0.6095,76.1808,26.2902,62.3992,23.7195,59.4453,21.2142,56.4302,18.7721,53.4069,16.7475,50.4052,41.3072,47.2931,38.3509,44.5818,35.4065,41.9401,32.531,39.3652,29.7114,36.8548,47.6763,40.5131,44.4418,37.856,41.1005,35.3061,37.7065,32.9749,34.5171,30.7637,58.9059,30.7382,55.8932,28.6203,52.6865,26.635,49.3154,24.7702,45.7708,23.0154,66.9921,24.186,64.2162,22.4118,61.2233,20.7623,57.9869,19.2248,54.4713,17.7883
2019-10-14,8275.24,8403.0,7816.01,8223.35,219241.792311,1.2638,93.4234,0.5923,91.7209,0.0,89.8796,0.0,87.8819,0.0,85.7068,1.7818,93.1646,1.1566,91.6485,0.6318,90.0059,0.1476,88.2204,0.0,86.2726,3.2449,91.8262,2.239,90.0272,1.4329,87.8745,0.963,85.4259,0.5309,82.5261,6.8128,84.2658,5.1363,81.6279,3.5581,78.6765,2.0699,75.5092,1.1902,72.2404,27.5971,60.809,24.8061,57.772,22.1594,54.7326,19.7226,51.6907,17.4336,48.6463,41.715,46.9276,38.8375,44.1797,35.9495,41.4735,33.1231,38.8866,30.438,36.3734,47.9196,40.2318,44.702,37.5932,41.4245,35.0719,38.0821,32.6604,34.6695,30.3516,58.1892,31.288,55.1068,29.0494,51.8625,26.9355,48.4435,24.936,44.8405,23.042
2019-10-21,8223.35,10370.0,7300.0,9529.93,508882.693756,8.6002,84.3468,7.4345,82.2169,6.35,79.9474,5.3385,77.5242,4.3928,74.9311,8.8548,81.9283,7.167,79.3718,5.6204,76.7009,4.1596,73.9076,3.079,70.9834,8.6985,83.0405,6.88,80.6872,5.2636,78.1988,3.9893,75.4776,2.7911,72.4402,9.6799,80.8305,7.827,78.0807,6.0744,75.0578,4.4141,71.8515,2.8862,68.5598,14.7686,72.3662,11.7259,68.8677,8.9246,65.3546,6.4591,61.8267,4.2078,58.284,34.4019,52.7772,31.1853,49.6665,27.9591,46.605,24.8441,43.6424,21.9547,40.7715,47.4809,40.8982,44.3585,38.2822,41.1949,35.7741,37.9838,33.3673,34.7206,31.0559,53.4125,34.9316,50.0415,32.439,46.5029,30.0843,42.7838,27.8563,38.8831,25.7451
2019-10-28,9528.23,9902.1,8913.0,9194.71,354362.744327,10.0987,81.7135,8.2986,79.378,6.5833,76.9069,5.4035,74.2882,4.4361,71.5081,7.8889,81.9511,6.0404,79.1697,4.9525,76.2806,3.9501,73.2772,3.0235,70.1527,9.3737,79.243,7.3783,76.2023,5.6209,73.0772,4.2416,69.7988,2.9554,66.3295,9.6921,79.8013,7.8166,76.8415,6.0515,73.6302,4.3874,70.2584,2.8625,66.8191,11.9763,75.7189,9.5597,72.1661,7.4478,68.5878,5.7101,64.9837,4.0838,61.3534,18.8983,65.8086,15.5493,61.9263,12.2866,58.1046,9.3357,54.3013,6.8546,50.6303,38.6214,47.7625,35.1615,44.6168,31.789,41.6129,28.4553,38.7413,25.1499,35.9934,51.122,36.8835,47.776,34.2976,44.352,31.8484,40.8473,29.5252,37.2736,27.3186
2019-11-04,9196.46,9513.68,8696.0,9039.47,294282.771612,10.443,80.1002,8.569,77.3235,6.7884,74.455,5.5628,71.4899,4.5596,68.4234,7.7074,83.0491,5.9344,80.143,4.8636,77.131,3.8778,74.0071,2.9672,70.765,6.8312,82.6082,5.3068,79.284,4.0289,75.8809,3.1246,72.3199,2.2973,68.5568,10.0314,78.6443,8.0648,75.0799,6.2253,71.3458,4.5008,67.546,2.9287,63.7716,10.913,78.2657,8.9867,74.5307,7.1915,70.7575,5.5145,66.9654,3.9445,63.1542,14.4565,71.509,11.7339,67.4565,9.1557,63.3658,6.948,59.2314,5.2389,55.2391,23.1733,60.6849,19.5038,56.5148,16.14,52.5126,12.9245,48.7146,9.8255,45.1056,42.0885,43.7222,38.4577,40.5602,34.8312,37.5831,31.2091,34.771,27.6194,32.1105
2019-11-11,9040.16,9072.32,8350.68,8502.4,239532.02348,13.6998,73.4772,11.1802,69.699,8.8113,65.7754,7.1635,61.6979,5.8237,57.4571,7.3568,83.8811,5.6706,81.1291,4.655,78.2802,3.717,75.3294,2.848,72.271,5.5644,86.1895,4.5804,83.3651,3.6867,80.4089,2.8676,77.2193,2.114,73.7163,6.3351,84.626,4.9889,81.452,3.75,77.9916,2.6061,74.3509,1.5918,70.6426,10.4366,79.1435,8.5921,75.5111,6.874,71.8264,5.2698,68.1082,3.7686,64.356,11.6661,77.1541,9.7556,73.5586,7.9836,69.7879,6.3353,65.7841,4.7984,61.8077,16.6867,68.8794,13.734,64.6883,11.1617,60.5222,8.7681,56.4728,6.5113,52.5354,25.9316,57.8817,22.3025,53.823,18.7738,49.9349,15.3412,46.2133,12.053,42.6478
2019-11-18,8502.87,8503.52,6790.0,6903.28,422402.004703,13.3045,74.587,10.8925,71.0666,8.6107,67.4362,7.0224,63.6907,5.7259,59.8244,7.4855,83.6478,5.7731,80.8743,4.7405,78.0089,3.7863,75.0469,2.9018,71.9833,4.4918,89.0828,3.7261,86.8964,3.0206,84.6244,2.365,82.2616,1.7541,79.8026,3.8092,90.5124,3.097,88.3107,2.4411,85.8223,1.8352,83.1281,1.2736,80.3363,5.2487,87.9273,4.181,85.18,3.1908,82.332,2.27,79.4007,1.4115,76.3826,9.514,81.6196,7.9992,78.7388,6.5792,75.7023,5.2456,72.6169,3.9907,69.4813,11.0861,78.8344,9.2254,75.5036,7.6881,72.0483,6.2796,68.5949,4.9632,65.1435,16.4115,70.6463,13.8475,66.9708,11.3988,63.3424,9.0577,59.7773,6.8666,56.2738
2019-11-25,6900.23,7850.0,6515.0,7390.89,503259.064291,13.1787,75.0366,10.8107,71.6402,8.5618,68.153,6.9952,64.5715,5.7132,60.8918,8.3507,81.65,6.4276,78.5253,5.2606,75.2934,4.189,71.9485,3.2015,68.4846,4.9739,87.7992,4.1118,85.3334,3.3226,82.7631,2.5937,80.0814,1.9185,77.281,3.4287,91.5395,2.7959,89.5898,2.2099,87.5462,1.6656,85.4019,1.1587,83.1492,3.019,92.3345,2.4122,90.1527,1.8533,87.8493,1.3369,85.4388,0.8582,82.9135,5.0032,88.2235,4.0017,85.7949,3.0718,83.1576,2.206,80.4298,1.3981,77.6067,9.9207,81.5688,8.2808,78.8978,6.9241,76.0424,5.6738,73.1246,4.4979,70.1425,11.6714,77.9167,9.833,74.6488,8.1036,71.3429,6.4738,68.0218,4.9808,64.6854
2019-12-02,7391.5,7750.0,7067.0,7510.11,331484.783716,13.5042,74.5347,11.0867,71.1093,8.7873,67.6022,7.1822,64.0104,5.8675,60.3307,8.7532,80.7779,6.7363,77.5195,5.5086,74.1536,4.383,70.6748,3.3474,67.0775,5.6705,85.9828,4.6702,83.1388,3.7608,80.1702,2.9265,77.0688,2.1583,73.8252,3.8314,90.4091,3.1116,88.1675,2.4501,85.8052,1.8402,83.3123,1.276,80.6775,2.7962,93.0612,2.2385,91.3008,1.7229,89.4179,1.2448,87.4233,0.8003,85.3069,2.4478,92.5602,1.8481,90.5644,1.2957,88.3329,0.7853,85.9882,0.3122,83.5216,5.4222,87.9097,4.2549,85.623,3.3621,83.0945,2.5563,80.464,1.8059,77.7255,10.7033,80.7354,9.0398,77.9542,7.4675,75.0802,5.9788,72.1345,4.6099,69.1143
2019-12-09,7510.11,7650.0,7008.35,7118.59,252294.980408,2.0089,91.5875,1.0621,89.325,0.1936,86.8835,0.0,84.241,0.0,81.3715,8.6168,81.1561,6.6381,77.983,5.4346,74.7116,4.3289,71.3374,3.3093,67.8553,5.7117,85.9148,4.7058,83.0697,3.7908,80.1045,2.9508,77.0114,2.1768,73.7821,4.1574,89.5281,3.3691,87.0725,2.6476,84.4814,1.9849,81.7433,1.374,78.8452,2.9976,92.4777,2.3932,90.5475,1.8373,88.4737,1.3244,86.266,0.8496,83.911,2.222,93.987,1.6825,92.447,1.1828,90.6839,0.7187,88.8119,0.2864,86.8203,2.3717,92.7198,1.6012,90.8796,1.0777,88.779,0.6171,86.5644,0.1903,84.2264,6.0186,87.7034,4.918,85.4118,3.8899,82.9918,2.9273,80.4647,2.0655,77.8234
2019-12-16,7119.6,7518.54,6435.0,7501.44,339611.461697,0.0,98.1172,0.0,97.1071,0.0,95.9626,0.0,94.6549,0.0,92.7624,0.795,93.5757,0.0,91.3272,0.0,88.8928,0.0,86.2487,0.0,83.3664,6.0858,84.9156,5.003,81.8575,4.0221,78.6664,3.125,75.3333,2.3014,71.8487,4.4534,88.746,3.6037,86.1086,2.8282,83.3263,2.1177,80.3868,1.4643,77.2764,3.3712,91.4041,2.6804,89.1663,2.0502,86.7486,1.4727,84.1584,0.9417,81.3764,2.4497,93.2594,1.8477,91.4997,1.2942,89.4756,0.7837,87.3092,0.3114,84.9852,1.9971,94.3312,1.4886,92.8304,1.0191,91.067,0.5843,89.1855,0.1805,87.1736,2.8247,92.493,2.1013,90.5591,1.4319,88.478,0.8107,86.2708,0.2736,83.9257
2019-12-23,7500.71,7695.38,7076.42,7388.24,267312.086935,0.0,100.0,0.0,100.0,0.0,100.0,0.0,100.0,0.0,99.5395,0.0,98.7414,0.0,97.7536,0.0,96.6403,0.0,95.3759,0.0,93.9274,0.0064,95.3562,0.0,93.2611,0.0,90.9841,0.0,88.5005,0.0,85.7809,4.6873,88.0971,3.7868,85.2994,2.9676,82.3446,2.2191,79.2191,1.5325,75.9076,3.5633,90.8889,2.8304,88.5176,2.1629,85.9566,1.5524,83.2133,0.992,80.2675,2.7056,92.4487,2.0336,90.4475,1.42,88.1379,0.8574,85.6509,0.3397,82.9652,2.168,93.7606,1.6108,92.0825,1.0995,90.1039,0.6287,87.979,0.1937,85.6907,1.9082,94.6404,1.4442,93.0421,1.0173,91.2978,0.6232,89.4271,0.2582,87.4157
2019-12-30,7388.43,7495.0,6871.04,7358.75,241051.798444,0.0,100.0,0.0,100.0,0.0,100.0,0.0,100.0,0.0,99.5232,0.0,100.0,0.0,100.0,0.0,100.0,0.0,100.0,0.0,100.0,0.0,99.2587,0.0,98.3229,0.0,97.2705,0.0,96.0782,0.0,94.7161,0.0,96.8107,0.0,94.9652,0.0,92.9459,0.0,90.7272,0.0,88.2779,3.752,90.3895,2.9779,87.8923,2.274,85.1976,1.6311,82.3135,1.0416,79.2193,2.8481,92.02,2.1384,89.8996,1.4916,87.4528,0.8998,84.8159,0.3562,81.966,2.3726,93.0759,1.7569,91.1849,1.1956,88.9483,0.6817,86.5308,0.2095,83.9097,2.0546,94.1519,1.5503,92.3853,1.089,90.4465,0.6654,88.3538,0.2751,86.0879
2020-01-06,7357.64,8455.0,7346.76,8184.98,498017.846898,13.0098,80.8701,11.8871,78.7415,10.8778,76.2517,9.9657,73.3,9.1374,69.4871,7.2791,89.5572,6.6613,88.5315,6.0953,87.3763,5.5749,86.0655,5.0947,84.5654,5.3412,91.747,4.7694,90.8086,4.2447,89.7551,3.7615,88.5639,3.315,87.2062,4.0411,92.552,3.4384,90.8442,2.8886,88.9733,2.3849,86.9145,1.9217,84.6383,3.0662,91.823,2.4596,89.5018,1.9098,86.9812,1.4092,84.2689,0.9515,81.3424,5.2922,86.734,3.9589,83.8958,2.7271,80.7723,1.5857,77.497,0.5251,74.0587,4.0758,88.9165,2.9455,86.3555,1.9052,83.4606,0.9445,80.3957,0.2327,77.1452,3.3023,90.5978,2.3483,88.1318,1.4728,85.4693,0.7587,82.6298,0.3122,79.595
2020-01-13,8184.97,9198.98,8055.89,8701.7,468235.627496,35.0419,52.8544,32.5568,49.14,30.2433,45.0714,28.0841,40.5954,26.0643,35.8018,23.9567,66.8805,22.1225,63.9898,20.4289,60.7796,18.8603,57.1936,17.4035,53.1619,15.3333,78.765,14.1063,76.9782,12.9592,75.0339,11.8846,72.9103,10.8757,70.5815,12.2719,82.0879,11.1029,80.3745,10.0113,78.507,8.9895,76.4638,8.0311,74.2186,10.3365,83.7678,9.1357,81.5472,8.0208,79.1483,6.9828,76.574,6.014,73.8043,8.8277,83.8161,7.5925,81.2008,6.4526,78.3173,5.3972,75.2827,4.4174,72.0848,10.1928,80.1735,8.3994,77.0716,6.7223,73.7299,5.1506,70.2821,3.8527,66.723,8.4573,82.9582,6.9165,79.9508,5.4853,76.7827,4.2441,73.4747,3.3028,70.0173
2020-01-20,8701.72,8818.0,8238.0,8615.0,250977.001765,50.6589,36.6318,47.6947,33.2228,44.8088,29.713,41.9983,26.0977,39.2603,22.6176,37.8184,49.3892,35.0734,45.6453,32.4797,41.6367,30.0251,37.3343,27.6986,32.7047,27.3151,62.3656,25.1232,59.3124,23.0593,56.0265,21.1126,52.4804,19.2732,48.6418,18.4412,74.0899,16.8179,71.9334,15.2773,69.639,13.8131,67.193,12.42,64.5799,15.1686,77.5563,13.6029,75.4336,12.122,73.1643,10.7192,70.7324,9.3884,68.1199,13.0962,79.2902,11.481,76.8228,9.9607,74.1174,8.5272,71.2684,7.1733,68.2642,11.5489,79.5477,9.9156,76.6395,8.3925,73.4871,6.9689,70.2192,5.8025,66.8293,12.7003,76.58,10.6031,73.1771,8.6279,69.6767,6.8583,66.101,5.4147,62.4473
2020-01-27,8614.39,9578.0,8535.0,9331.51,362870.208388,75.4711,15.0619,72.9629,12.8271,70.3939,10.6417,67.762,8.504,65.0648,6.7191,56.2229,31.382,53.2582,28.1419,50.3443,24.842,47.48,21.4808,44.664,18.0565,44.8349,42.7477,41.9948,39.349,39.2498,35.8188,36.5953,32.1495,34.0267,28.3327,34.6505,54.5756,32.2035,51.6052,29.8446,48.5101,27.5689,45.2823,25.3722,41.9129,25.1665,66.1516,23.1932,63.7598,21.2903,61.2684,19.4542,58.6711,17.6814,55.9609,21.6977,69.6818,19.7603,67.2789,17.8995,64.763,16.1111,62.1258,14.3908,59.3584,19.7015,71.3653,17.7327,68.7155,15.855,65.8808,14.0622,62.9429,12.4844,59.896,18.219,71.6943,16.2068,68.5633,14.3098,65.341,12.5945,62.0433,11.1595,58.6678
2020-02-03,9331.59,10166.0,9093.01,10151.75,364995.864834,87.7079,8.0666,86.4923,7.1452,85.201,6.2696,83.8269,5.4366,82.3616,4.643,77.9974,13.1957,75.6609,11.1196,73.2665,9.0903,70.812,7.1062,68.295,5.1659,62.7572,26.2829,60.0232,23.537,57.2917,20.7886,54.5625,18.0378,51.8357,15.2846,52.8763,35.9381,50.1585,33.0605,47.471,30.1491,44.8134,27.2035,42.1852,24.2231,43.3367,46.1975,40.8278,43.468,38.3598,40.6909,35.9316,37.8649,33.5425,34.9888,33.6746,57.0953,31.487,54.6599,29.3443,52.1699,27.2453,49.6236,25.1886,47.0188,30.2946,60.4696,28.1417,57.9908,26.0463,55.438,24.006,52.8078,22.1121,50.0966,28.4812,61.8062,26.2721,59.0531,24.1412,56.232,22.1364,53.3497,20.335,50.4043
2020-02-10,10151.72,10500.0,9638.12,9917.27,427067.585189,95.1262,3.3982,94.6769,3.0931,94.1865,2.8084,93.6493,2.542,93.0582,2.2924,86.8555,7.9373,85.3621,6.7984,83.7781,5.715,82.095,4.6833,80.3032,3.6996,78.0002,13.1444,75.6095,11.0919,73.1411,9.0984,70.5913,7.1614,67.9558,5.2786,64.8565,24.8567,62.1901,22.3757,59.4841,19.9294,56.7377,17.5172,53.9499,15.1384,56.0078,33.4595,53.334,30.8662,50.6436,28.2886,47.9365,25.7265,45.2126,23.1798,47.1401,42.4356,44.5469,39.8167,41.9586,37.1927,39.3755,34.5634,36.7974,31.929,37.9736,52.4561,35.6432,49.9992,33.337,47.5159,31.0546,45.0055,28.8661,42.4678,34.8857,55.4625,32.5826,52.9333,30.3211,50.3549,28.1391,47.7259,26.1027,45.0447
2020-02-17,9910.7,10250.0,9350.0,9936.4,360700.467719,100.0,0.0,100.0,0.0,100.0,0.0,100.0,0.0,100.0,0.0,94.3578,3.4483,93.689,2.995,92.9588,2.5722,92.1584,2.1768,91.2772,1.8063,86.2078,8.1052,84.5595,6.8737,82.8027,5.7062,80.9264,4.5981,78.9178,3.5449,78.0045,13.452,75.6366,11.5214,73.1635,9.6636,70.578,7.8746,67.8724,6.1506,66.1825,24.1024,63.577,21.8361,60.8945,19.6297,58.1317,17.4809,55.2847,15.3873,58.0268,31.8071,55.3572,29.3864,52.6332,27.0113,49.8532,24.6805,47.0154,22.3928,49.7736,39.7794,47.1117,37.2166,44.4294,34.6731,41.7262,32.1484,39.0437,29.6425,41.1545,49.0307,38.7182,46.5596,36.2886,44.0814,33.8947,41.5961,31.5933,39.1037
2020-02-24,9936.4,9990.0,8411.0,8531.88,426585.458707,86.9363,9.1506,85.7701,8.325,84.5107,7.5494,83.1465,6.8194,81.6639,6.1311,89.3184,7.1366,88.2599,6.39,87.1159,5.6889,85.8754,5.0295,84.5259,4.408,84.5592,9.465,82.837,8.1639,81.0063,6.9283,79.0564,5.7534,76.9753,4.6348,77.7888,13.511,75.3839,11.54,72.8751,9.6415,70.2556,7.8117,67.5179,6.0469,71.0124,18.5716,68.2185,16.1421,65.342,13.7769,62.3791,11.4735,59.3259,9.2294,60.9904,28.2296,58.1643,25.6585,55.2826,23.1342,52.3438,20.6555,49.346,18.2212,53.8036,35.013,50.948,32.2753,48.068,29.5603,45.1632,26.8678,42.265,24.1973,46.6229,42.2023,43.8523,39.3853,41.0908,36.5589,38.3619,33.7231,35.7207,30.8777
2020-03-02,8530.3,9188.0,8000.0,8033.31,379197.13168,70.4061,22.1517,68.3233,20.4855,66.1386,18.8875,63.8442,17.3537,61.4318,15.8801,75.9386,17.5858,74.1055,16.1519,72.1726,14.782,70.1316,13.4719,67.9733,12.2179,78.6037,14.9513,76.7713,13.53,74.8354,12.1741,72.787,10.8793,70.6161,9.6415,74.3532,17.117,72.0031,15.1784,69.5551,13.3091,67.0029,11.5053,64.3397,9.7638,68.6731,20.9383,65.9008,18.5033,63.0526,16.1283,60.1254,13.8112,57.1159,11.5498,63.0521,25.6205,60.0917,22.9106,57.077,20.2469,54.0066,17.6284,50.8788,15.0538,54.726,33.8989,51.8215,31.1143,48.8921,28.3528,45.9375,25.6141,42.9867,22.8979,48.6841,39.6806,45.7972,36.7495,42.9191,33.8095,40.0707,30.8605,37.3057,27.9024
2020-03-09,8034.76,8179.31,3782.13,5361.3,1224228.28324,43.0535,48.746,40.9837,46.7152,38.9059,44.6922,36.8202,42.6768,34.7264,40.669,48.0753,43.6669,45.9332,41.6767,43.7585,39.7151,41.5507,37.7812,39.3088,35.8747,53.2595,38.7949,51.1783,36.8982,49.057,35.0355,46.8944,33.2057,44.6894,31.4082,55.4699,36.3071,53.288,34.3688,51.052,32.4743,48.7597,30.6222,46.409,28.8109,52.8339,37.9468,50.4349,35.7317,47.9963,33.5509,45.5172,31.4036,42.9965,29.289,49.5254,40.6347,47.005,38.2334,44.4598,35.8549,41.8893,33.4988,39.2932,31.165,46.1927,43.7261,43.6461,41.2318,41.0889,38.7478,38.5209,36.274,35.9911,33.8103,41.2405,48.7973,38.7752,46.2813,36.3199,43.7549,33.9032,41.2181,31.5821,38.6708
2020-03-16,5360.33,6900.0,4442.12,5816.19,1180843.345815,28.458,63.6705,26.6178,61.5641,24.8249,59.3976,23.0772,57.1683,21.3733,54.8734,36.2807,55.4555,34.271,53.3315,32.2829,51.1835,30.3163,49.011,28.3707,46.8137,40.1845,51.4401,38.111,49.3258,36.0454,47.2032,33.9878,45.0722,31.9382,42.9328,44.3201,47.3694,42.2353,45.299,40.1476,43.2314,38.0569,41.1667,35.9634,39.1049,45.7207,45.5295,43.4844,43.3897,41.2279,41.2684,38.9512,39.1655,36.6537,37.0806,43.4417,47.2852,41.1027,44.9874,38.7553,42.6976,36.3996,40.416,34.0354,38.1423,40.8303,49.727,38.4765,47.3594,36.1255,44.9891,33.7772,42.616,31.4882,40.2401,38.2443,52.297,35.917,49.8942,33.6044,47.4758,31.3372,45.0417,29.1723,42.5918
2020-03-23,5816.05,6957.96,5688.0,5881.42,770380.80536,14.225,79.7321,12.9247,77.9688,11.6948,76.0833,10.5299,74.0628,9.4249,71.8919,25.7314,66.4621,23.9498,64.3205,22.2293,62.094,20.5667,59.7773,18.9591,57.3649,32.3568,59.4409,30.4264,57.261,28.5407,55.0255,26.6983,52.7321,24.8975,50.3787,35.4361,56.2139,33.4369,54.0335,31.4712,51.8139,29.5382,49.554,27.637,47.2528,38.7381,52.8102,36.6777,50.6431,34.6377,48.4536,32.6179,46.2415,30.6178,44.0063,39.5189,51.4956,37.2846,49.2372,35.055,46.9739,32.8302,44.7056,30.6102,42.4325,37.4762,53.3859,35.227,51.0655,32.9918,48.7303,30.7702,46.3804,28.6218,44.0154,35.2697,55.7004,33.067,53.3864,30.8857,51.0491,28.7576,48.6881,26.7388,46.3032
2020-03-30,5880.5,7198.0,5857.76,6772.78,664784.299583,6.4184,90.118,5.7372,88.6844,5.1117,86.5047,4.5354,84.1708,4.0027,81.6655,14.542,78.7264,13.1272,76.7122,11.7996,74.4266,10.5516,71.5717,9.3761,68.6053,25.2585,66.4402,23.4187,64.0923,21.6605,61.6177,19.9787,58.9618,18.3683,56.0959,31.2238,60.1594,29.2555,57.7977,27.3541,55.3433,25.5162,52.7905,23.7387,50.1329,33.7481,57.4844,31.704,55.1317,29.7144,52.709,27.777,50.2129,25.8899,47.6402,36.4764,54.565,34.3438,52.2118,32.2516,49.8103,30.1986,47.3592,28.1838,44.8568,36.8487,53.6956,34.5507,51.2635,32.2783,48.803,30.0309,46.3138,27.8682,43.7954,34.8355,55.8166,32.5828,53.3915,30.3624,50.9296,28.2059,48.43,26.169,45.8919
2020-04-06,6772.78,7459.69,6739.98,6903.79,582804.771087,0.0,99.1735,0.0,97.7624,0.0,95.3785,0.0,92.8247,0.0,90.0823,6.7019,89.2327,5.9183,87.1753,5.2034,84.7022,4.5485,81.3768,3.9464,77.9281,14.7525,78.1511,13.3001,75.9352,11.9494,73.0784,10.6901,69.9402,9.5131,66.3791,24.8019,66.5593,22.9371,64.0469,21.1715,61.2994,19.4974,58.3002,17.9077,55.183,30.2352,60.8075,28.2372,58.291,26.3236,55.6467,24.489,52.8449,22.7288,49.9352,32.336,58.5342,30.2548,56.0267,28.2458,53.4183,26.3051,50.7028,24.4295,47.888,34.6265,55.97,32.4306,53.4508,30.2918,50.8585,28.208,48.1897,26.1771,45.4411,34.7521,55.4793,32.427,52.9129,30.1461,50.2938,27.9406,47.6202,25.8654,44.8906
2020-04-13,6903.79,7293.08,6468.27,7120.74,501345.258903,0.4604,95.6823,0.0,93.3354,0.0,90.0456,0.0,86.6074,0.0,83.0105,0.0,97.74,0.0,95.7953,0.0,93.3436,0.0,89.762,0.0,86.0407,7.0017,87.3983,6.167,85.164,5.4116,82.0299,4.7247,78.522,4.0974,74.3868,14.9308,77.1842,13.4401,74.4146,12.0652,71.3027,10.793,67.7694,9.6125,64.0743,24.5088,66.4601,22.617,63.5893,20.8399,60.5844,19.1672,57.3802,17.5902,54.0351,29.5456,61.1647,27.5189,58.4306,25.5928,55.5383,23.7601,52.546,22.014,49.4526,31.2981,59.1768,29.1682,56.5077,27.1263,53.6698,25.1672,50.7459,23.2858,47.7474,33.3039,56.9198,31.0626,54.2505,28.8944,51.4796,26.7959,48.6225,24.7637,45.72
2020-04-20,7121.4,7738.0,6751.0,7693.1,469098.312947,6.8508,85.2827,5.5395,82.0054,4.7474,78.0264,4.0335,73.9811,3.3868,69.8678,4.7053,89.4574,3.9644,86.6558,3.2965,83.427,2.6911,79.3754,2.1401,75.2769,3.5975,91.3467,2.9069,89.2022,2.2841,86.0343,1.7194,82.4448,1.2052,78.118,9.6443,82.4172,8.1768,79.5194,6.8266,76.2197,5.5801,72.4032,4.4257,68.4022,16.7143,73.6382,14.7117,70.4401,12.8342,67.0943,11.1607,63.4779,9.9405,59.6576,25.4535,64.2352,23.1832,61.211,21.0536,58.0146,19.3239,54.727,17.7057,51.3344,29.9767,59.6746,27.6322,56.814,25.5333,53.792,23.6338,50.6984,21.8369,47.5464,31.352,58.1115,28.923,55.2643,26.7811,52.321,24.7396,49.293,22.7918,46.2323
2020-04-27,7693.1,9460.0,7606.0,8894.16,742165.162104,31.1212,52.5133,27.7936,47.7754,24.9954,43.1443,22.4452,38.668,20.1115,34.3387,18.3136,71.6673,16.4985,68.2532,14.8248,64.6267,13.2765,60.7116,11.8401,56.8525,15.2902,75.9942,13.6913,73.1013,12.2146,69.6476,10.8464,66.0027,9.5752,62.0968,13.251,78.3712,11.6593,75.4449,10.1888,72.1672,8.8262,68.4587,7.5601,64.5956,17.9882,71.9127,15.8676,68.6478,13.8724,65.2464,12.0793,61.6061,10.732,57.7964,23.6202,65.4243,21.1906,62.2309,18.9067,58.8646,17.0559,55.4161,15.3215,51.8685,30.727,58.3061,28.2041,55.3223,25.9166,52.2097,23.8248,49.0479,21.8358,45.8474,34.3594,54.8786,31.8377,52.016,29.5589,49.0801,27.3735,46.1102,25.2757,43.1251
2020-05-04,8894.15,10067.0,8117.0,8722.77,780478.849466,56.1019,24.6174,51.3628,20.6604,46.8022,17.6622,42.4956,14.9438,38.4223,12.4677,35.7094,47.6896,32.2598,43.1431,29.0435,38.6778,26.0377,34.6241,23.2223,30.7993,23.324,65.3803,21.0266,62.0123,18.8674,58.3617,16.8342,54.6693,14.9164,50.9847,20.1362,69.4656,17.9857,66.248,15.9603,62.8219,14.0494,59.1897,12.2436,55.5274,18.0792,71.7058,15.9291,68.418,13.9048,64.9962,12.0828,61.3406,10.7076,57.5218,22.3824,66.2334,19.846,62.9277,17.4585,59.4488,15.5272,55.8941,13.7152,52.2441,27.3849,60.8493,24.6635,57.6661,22.2115,54.3327,19.9791,50.9533,17.8545,47.5446,33.7009,54.9302,31.007,51.9405,28.5606,48.8892,26.2054,45.819,23.9364,42.7483
2020-05-11,8722.77,9939.0,8200.0,9680.04,721487.837087,87.2723,1.0967,83.5546,0.0,79.1874,0.0,74.7881,0.0,70.3562,0.0,61.0737,21.4878,56.6908,17.9368,52.4397,14.8045,48.3145,12.6497,44.3098,10.698,43.6127,40.7181,40.0564,36.6304,36.651,32.833,33.3873,29.2604,30.2565,26.2051,31.0731,57.0092,28.4061,53.7126,25.8416,50.3646,23.3738,47.0343,20.9972,43.7748,27.8607,60.7992,25.3118,57.5641,22.8608,54.2784,20.5669,50.9345,18.6285,47.6023,25.8675,62.7563,23.308,59.5168,20.8839,56.1418,18.863,52.7036,16.9592,49.2063,29.5091,58.6428,26.7441,55.4667,24.2226,52.1763,21.9048,48.8559,19.6912,45.5169,33.6442,54.5813,30.8288,51.5131,28.2576,48.394,25.7741,45.2717,23.3739,42.1602
2020-05-18,9681.11,9950.0,8700.0,8720.34,517248.177536,95.8284,0.0,93.9316,0.0,91.0363,0.0,87.9094,0.0,84.522,0.0,82.294,3.0227,77.6686,1.2314,72.9421,0.0,68.1112,0.0,63.1725,0.0,59.1176,22.902,54.5407,18.8492,50.0265,15.6571,45.5737,12.9175,41.1811,11.0583,43.5851,40.3016,39.7514,36.2944,36.0047,32.4449,32.3422,28.9468,28.7611,25.68,31.9147,55.3518,28.917,51.9638,25.9867,48.5885,23.1844,45.2575,20.7172,42.0421,29.0027,58.7296,26.1157,55.4296,23.3286,52.0825,20.9047,48.7376,18.5875,45.425,27.2646,60.4205,24.3854,57.1255,21.773,53.6994,19.3808,50.2439,17.0959,46.7744,30.9375,56.5938,27.9433,53.3601,25.2281,50.0775,22.6031,46.783,20.0637,43.5088
2020-05-25,8718.14,9740.0,8642.72,9448.27,425528.246167,100.0,0.0,99.7956,0.0,98.7108,0.0,97.488,0.0,96.0992,0.0,93.0431,0.094,90.2169,0.0,87.1666,0.0,83.8647,0.0,80.2785,0.0,80.5259,4.8978,76.1281,2.2936,71.5843,0.9217,66.8871,0.0,62.0287,0.0,60.9915,22.1654,56.5732,18.5731,52.1196,15.3738,47.6303,12.8255,43.1049,10.585,46.8602,37.595,42.9856,33.9442,39.1207,30.3978,35.308,27.1198,31.7295,24.1895,35.5625,51.5303,32.3858,48.2644,29.2547,45.0488,26.3926,41.8905,23.6118,38.8559,32.8344,54.6126,29.7672,51.4012,26.883,48.1764,24.1627,44.99,21.522,41.8441,31.2825,56.1245,28.2457,52.8722,25.4805,49.5769,22.8028,46.2798,20.2084,43.0081
2020-06-01,9448.27,10380.0,9266.0,9746.99,427822.495347,100.0,0.0,100.0,0.0,100.0,0.0,100.0,0.0,100.0,0.0,99.0476,0.0,98.0143,0.0,96.8549,0.0,95.5448,0.0,94.0526,0.0,91.0936,1.0241,88.25,0.0,85.1735,0.0,81.834,0.0,78.1965,0.0,80.3097,6.0112,76.2508,3.687,71.9883,1.865,67.5065,0.8096,62.788,0.0,63.2672,21.1949,59.0845,18.0735,54.7866,15.1267,50.3673,12.6207,45.9081,10.6052,50.2397,35.0538,46.4212,31.653,42.5543,28.4774,38.7773,25.4288,35.045,22.6785,39.3234,47.951,36.0816,44.8286,32.9299,41.7995,29.8752,38.8638,26.8617,36.0082,36.7677,50.7652,33.6355,47.6718,30.6737,44.5925,27.7592,41.6009,24.8909,38.6743
2020-06-08,9746.99,9992.72,9113.0,9342.1,336172.771517,100.0,0.0,100.0,0.0,100.0,0.0,100.0,0.0,100.0,0.0,100.0,0.0,100.0,0.0,100.0,0.0,100.0,0.0,100.0,0.0,97.4951,0.0,96.1686,0.0,94.6685,0.0,92.9586,0.0,90.9913,0.0,89.5371,1.7235,86.5857,0.6479,83.3456,0.0,79.7722,0.0,75.8113,0.0,79.4753,7.1042,75.4929,4.9866,71.2318,3.0513,66.5919,1.6503,61.4547,0.7906,63.7086,21.3741,59.5523,18.284,55.1917,15.5792,50.629,13.0497,46.003,10.9467,51.4169,34.1881,47.5444,30.8401,43.605,27.7976,39.6588,24.9442,35.694,22.228,40.9221,46.2708,37.5754,43.2121,34.3161,40.2162,31.0594,37.3836,27.8053,34.6503
2020-06-15,9342.1,9589.0,8910.45,9294.69,323565.711842,100.0,0.0,100.0,0.0,100.0,0.0,100.0,0.0,100.0,0.0,100.0,0.0,100.0,0.0,100.0,0.0,100.0,0.0,100.0,0.0,100.0,0.0,100.0,0.0,100.0,0.0,100.0,0.0,100.0,0.0,96.4963,0.0,95.0393,0.0,93.3665,0.0,91.4262,0.0,89.1485,0.0,88.4848,2.3659,85.4981,1.3496,82.1647,0.4437,78.2865,0.0,73.489,0.0,78.9109,8.2388,75.0037,5.9713,70.6983,4.1942,65.712,2.578,60.4633,1.4452,64.0091,21.6297,59.8663,18.5058,55.4067,15.8941,50.7457,13.5408,45.9321,11.352,52.2893,33.5563,48.3719,30.3543,44.3528,27.2938,40.2554,24.5871,36.0775,22.0293
2020-06-22,9294.69,9780.0,8833.0,9116.35,343601.083154,99.1665,0.0,98.588,0.0,97.9296,0.0,97.1733,0.0,96.2957,0.0,100.0,0.0,100.0,0.0,99.7626,0.0,99.2337,0.0,98.6113,0.0,100.0,0.0,100.0,0.0,100.0,0.0,100.0,0.0,100.0,0.0,100.0,0.0,100.0,0.0,100.0,0.0,100.0,0.0,100.0,0.0,95.655,0.0,94.0632,0.0,92.2019,0.0,89.7813,0.0,86.0002,0.0,87.6126,3.2776,84.5969,1.9613,81.087,1.1035,76.5002,0.3404,71.4236,0.0,78.2006,9.387,74.2887,6.9,69.7047,5.105,64.608,3.5853,59.1267,2.2069,63.8426,22.0314,59.6379,19.043,55.0396,16.2687,50.2155,14.0215,45.156,11.9454
2020-06-29,9116.16,9292.0,8893.03,9069.41,247256.195125,95.7633,0.0567,93.8944,0.0,91.7572,0.0,89.2894,0.0,86.4079,0.0,99.5037,0.0,99.0147,0.0,98.1737,0.0,96.9169,0.0,95.4626,0.0,100.0,0.0,100.0,0.0,99.7651,0.0,99.2871,0.0,98.7104,0.0,100.0,0.0,100.0,0.0,100.0,0.0,100.0,0.0,100.0,0.0,100.0,0.0,100.0,0.0,100.0,0.0,99.7025,0.0,97.6951,0.0,95.0775,0.3673,93.4365,0.0,91.3648,0.0,87.9168,0.0,83.4696,0.0,86.9023,4.2212,83.8636,2.5699,79.9224,1.6207,75.2156,0.891,69.6834,0.2415,77.5768,10.2999,73.6197,7.9354,68.8396,5.8206,63.6173,4.37,57.8071,3.0618
2020-07-06,9069.41,9470.0,9055.92,9302.75,284964.999673,95.6274,0.0615,93.8058,0.0,91.7973,0.0,89.5716,0.0,87.0912,0.0,99.2825,0.0,98.5557,0.0,97.2865,0.0,95.3601,0.0,93.0677,0.0,100.0,0.0,100.0,0.0,99.7327,0.0,99.1892,0.0,98.5336,0.0,100.0,0.0,100.0,0.0,100.0,0.0,100.0,0.0,100.0,0.0,100.0,0.0,100.0,0.0,100.0,0.0,100.0,0.0,99.6177,0.0,100.0,0.0,100.0,0.0,99.857,0.0,98.3785,0.0,95.9173,0.0,94.781,0.8842,93.1849,0.1274,90.6377,0.0,87.2397,0.0,82.7789,0.0,86.6522,4.8947,83.666,3.3502,79.598,2.0178,74.9691,1.3296,69.42,0.7186
2020-07-13,9303.31,9343.82,9047.25,9208.99,247602.692095,93.5351,0.09,90.8522,0.0,87.9007,0.0,84.1632,0.0,80.022,0.0,99.2185,0.0,98.4437,0.0,97.1145,0.0,95.144,0.0,92.879,0.0,100.0,0.0,100.0,0.0,99.6056,0.0,98.7764,0.0,97.7247,0.0,100.0,0.0,100.0,0.0,100.0,0.0,100.0,0.0,100.0,0.0,100.0,0.0,100.0,0.0,100.0,0.0,100.0,0.0,99.5417,0.0,100.0,0.0,100.0,0.0,100.0,0.0,100.0,0.0,99.3001,0.0,100.0,0.0,100.0,0.0,99.2015,0.0,97.7006,0.0,95.1612,0.0,94.4868,1.3033,92.8592,0.5811,90.0149,0.0,86.627,0.0,82.0722,0.0
2020-07-20,9208.99,10111.0,9131.0,9931.54,346433.535115,92.5426,0.1065,89.5553,0.0,86.3385,0.0,82.3626,0.0,78.0814,0.0,99.1608,0.0,98.347,0.0,96.9753,0.0,94.9872,0.0,92.7755,0.0,100.0,0.0,100.0,0.0,99.6624,0.0,98.9877,0.0,98.194,0.0,100.0,0.0,100.0,0.0,100.0,0.0,100.0,0.0,100.0,0.0,100.0,0.0,100.0,0.0,100.0,0.0,100.0,0.0,99.5502,0.0,100.0,0.0,100.0,0.0,100.0,0.0,100.0,0.0,99.2793,0.0,100.0,0.0,100.0,0.0,100.0,0.0,100.0,0.0,99.3489,0.0,100.0,0.0,99.9489,0.0,98.8615,0.0,97.5325,0.0,95.2288,0.0
2020-07-27,9931.54,12123.46,9917.21,11071.35,637793.811724,95.8836,0.0623,94.2933,0.0,92.6168,0.0,90.511,0.0,88.242,0.0,99.3155,0.0,98.6741,0.0,97.6141,0.0,96.1102,0.0,94.4934,0.0,100.0,0.0,100.0,0.0,99.721,0.0,99.1806,0.0,98.5728,0.0,100.0,0.0,100.0,0.0,100.0,0.0,100.0,0.0,100.0,0.0,100.0,0.0,100.0,0.0,100.0,0.0,100.0,0.0,99.5735,0.0,100.0,0.0,100.0,0.0,100.0,0.0,100.0,0.0,99.3971,0.0,100.0,0.0,100.0,0.0,100.0,0.0,100.0,0.0,99.4241,0.0,100.0,0.0,100.0,0.0,100.0,0.0,100.0,0.0,99.4303,0.0
2020-08-03,11071.36,11909.94,10936.0,11681.68,403167.45146,97.3381,0.0407,96.3106,0.0,95.2277,0.0,93.8501,0.0,92.3525,0.0,99.5169,0.0,99.0734,0.0,98.3465,0.0,97.3222,0.0,96.2361,0.0,100.0,0.0,100.0,0.0,99.7667,0.0,99.3222,0.0,98.8337,0.0,100.0,0.0,100.0,0.0,100.0,0.0,100.0,0.0,100.0,0.0,100.0,0.0,100.0,0.0,100.0,0.0,100.0,0.0,99.6824,0.0,100.0,0.0,100.0,0.0,100.0,0.0,100.0,0.0,99.4406,0.0,100.0,0.0,100.0,0.0,100.0,0.0,100.0,0.0,99.518,0.0,100.0,0.0,100.0,0.0,100.0,0.0,100.0,0.0,99.5021,0.0
2020-08-10,11681.69,12067.35,11125.0,11911.0,468167.72232,98.6138,0.0302,98.2123,0.0,97.78,0.0,97.1169,0.0,96.3554,0.0,99.6201,0.0,99.2714,0.0,98.6984,0.0,97.8874,0.0,97.0235,0.0,100.0,0.0,100.0,0.0,99.8111,0.0,99.4548,0.0,99.0685,0.0,100.0,0.0,100.0,0.0,100.0,0.0,100.0,0.0,100.0,0.0,100.0,0.0,100.0,0.0,100.0,0.0,100.0,0.0,99.7196,0.0,100.0,0.0,100.0,0.0,100.0,0.0,100.0,0.0,99.5415,0.0,100.0,0.0,100.0,0.0,100.0,0.0,100.0,0.0,99.542,0.0,100.0,0.0,100.0,0.0,100.0,0.0,100.0,0.0,99.5664,0.0
2020-08-17,11910.99,12468.0,11376.81,11648.13,426710.483502,100.0,0.0,100.0,0.0,100.0,0.0,99.8096,0.0,99.5503,0.0,99.6692,0.0,99.3641,0.0,99.0336,0.0,98.6745,0.0,98.2829,0.0,100.0,0.0,100.0,0.0,99.8291,0.0,99.5062,0.0,99.1552,0.0,100.0,0.0,100.0,0.0,100.0,0.0,100.0,0.0,100.0,0.0,100.0,0.0,100.0,0.0,100.0,0.0,100.0,0.0,99.7254,0.0,100.0,0.0,100.0,0.0,100.0,0.0,100.0,0.0,99.561,0.0,100.0,0.0,100.0,0.0,100.0,0.0,100.0,0.0,99.5886,0.0,100.0,0.0,100.0,0.0,100.0,0.0,100.0,0.0,99.5653,0.0
2020-08-24,11648.12,11824.9,11117.64,11711.16,355153.169372,100.0,0.0,100.0,0.0,100.0,0.0,99.8201,0.0,99.5727,0.0,100.0,0.0,100.0,0.0,100.0,0.0,100.0,0.0,100.0,0.0,100.0,0.0,100.0,0.0,99.8444,0.0,99.5491,0.0,99.2262,0.0,100.0,0.0,100.0,0.0,100.0,0.0,100.0,0.0,100.0,0.0,100.0,0.0,100.0,0.0,100.0,0.0,100.0,0.0,99.7425,0.0,100.0,0.0,100.0,0.0,100.0,0.0,100.0,0.0,99.5643,0.0,100.0,0.0,100.0,0.0,100.0,0.0,100.0,0.0,99.5985,0.0,100.0,0.0,100.0,0.0,100.0,0.0,100.0,0.0,99.6012,0.0
2020-08-31,11711.17,12050.85,9825.0,10256.2,581777.756525,88.1601,8.2466,87.0939,7.4854,85.9449,6.7693,84.7029,6.0944,83.3565,5.4573,90.0857,6.2694,89.0178,5.4881,87.8739,4.75,86.6454,4.0518,85.3228,3.3903,92.052,4.6193,91.0843,3.9006,90.0514,3.22,88.9464,2.5746,87.7616,1.9617,93.5853,3.3019,92.6831,2.6278,91.7216,1.9887,90.6947,1.3822,89.5955,0.8056,94.9747,2.1727,94.1379,1.562,93.2408,0.9854,92.2768,0.4402,91.0397,0.0,96.2624,1.2321,95.5111,0.7065,94.6974,0.2137,93.8132,0.0,92.49,0.0,97.3459,0.4942,96.6798,0.0527,95.9486,0.0,95.142,0.0,93.8824,0.0,98.3048,0.0,97.7552,0.0,97.1457,0.0,96.4661,0.0,95.3278,0.0
2020-09-07,10255.89,10580.11,9850.0,10332.83,366759.994048,79.8832,13.95,78.1124,12.6027,76.2332,11.3216,74.2353,10.1021,72.1071,8.9397,84.2051,10.0711,82.5924,8.798,80.8955,7.5797,79.1078,6.413,77.2218,5.2944,86.7823,7.5017,85.1863,6.2191,83.514,4.988,81.7598,3.8053,79.9174,2.6684,89.3992,5.2017,87.8985,3.985,86.3291,2.8154,84.6863,1.6901,82.9648,0.821,91.5492,3.3001,90.1119,2.1438,88.6061,1.0337,87.0269,0.4558,85.2612,0.0,93.5423,1.666,92.1736,0.7485,90.7244,0.2259,89.1876,0.0,87.2508,0.0,95.4119,0.5276,94.1552,0.0562,92.8058,0.0,91.3532,0.0,89.4609,0.0,97.031,0.0,95.9074,0.0,94.6803,0.0,93.3346,0.0,91.4911,0.0
2020-09-14,10332.84,11179.79,10212.34,10920.28,374339.558814,75.0484,16.896,72.6631,15.1862,70.0253,13.5766,67.0068,12.0587,63.8373,10.6248,83.0218,10.6593,81.2056,9.2801,79.2772,7.9691,77.226,6.7215,74.8428,5.5327,86.8671,7.3822,85.2416,6.1069,83.5288,4.8879,81.7216,3.7217,79.7832,2.6048,89.306,5.183,87.7498,3.9597,86.1108,2.7901,84.3823,1.6706,82.5544,0.8096,91.6649,3.2331,90.2288,2.0971,88.7186,1.0097,87.1283,0.4447,85.4513,0.0,93.6025,1.6496,92.2453,0.741,90.808,0.2237,89.2832,0.0,87.3864,0.0,95.3686,0.5337,94.1039,0.0568,92.7478,0.0,91.29,0.0,89.3932,0.0,96.9799,0.0,95.8425,0.0,94.6037,0.0,93.2492,0.0,91.3978,0.0
2020-09-21,10920.28,10988.86,10136.82,10774.25,331299.291081,64.1506,23.0539,60.3623,20.5804,56.3409,18.2822,52.1064,16.1416,47.8037,14.1427,78.0609,13.0729,75.315,11.317,72.4295,9.6664,69.3934,8.1118,66.0408,6.6451,85.5419,7.9312,83.4082,6.5373,81.1777,5.2144,78.8436,3.9572,76.3715,2.7609,89.1792,5.195,87.4943,3.9605,85.4891,2.7851,83.3991,1.6645,81.2165,0.8052,91.4489,3.2762,89.9405,2.1193,88.1246,1.0178,86.0692,0.4471,83.9296,0.0,93.592,1.6475,92.2261,0.7396,90.7771,0.2231,88.9539,0.0,86.9318,0.0,95.3387,0.5373,94.0664,0.0572,92.7025,0.0,91.2365,0.0,88.9367,0.0,96.9092,0.0,95.748,0.0,94.4851,0.0,93.1065,0.0,91.1979,0.0
2020-09-28,10774.26,10950.0,10374.0,10666.63,288073.126989,45.0843,35.5832,40.0516,31.2913,35.0768,27.4147,30.4939,24.0299,26.1001,20.9132,67.5641,18.2473,63.4973,15.4747,59.3221,13.12,55.0342,10.9338,50.6213,8.8988,80.4952,9.7742,77.4476,8.0072,74.2984,6.3501,71.0424,4.7928,67.6524,3.3267,87.3805,5.628,85.2059,4.2758,82.7055,2.9969,80.1234,1.7854,77.4535,0.8608,90.907,3.3198,89.0444,2.1432,86.881,1.0273,84.4937,0.4505,82.0375,0.0,93.3061,1.6889,91.5123,0.7568,89.6338,0.2279,87.3893,0.0,84.9643,0.0,95.2876,0.5428,93.9004,0.0578,92.1349,0.0,90.2722,0.0,87.9253,0.0,96.8625,0.0,95.6869,0.0,94.2272,0.0,92.4161,0.0,90.1613,0.0
2020-10-05,10666.62,11491.0,10525.0,11369.02,288404.145494,40.1326,40.5514,35.4311,35.9673,30.9346,31.7266,27.0224,27.9458,23.3663,24.4315,59.1866,23.2792,54.3482,19.737,49.4415,16.6989,44.4651,13.8897,39.5722,11.2843,75.9954,11.9122,72.2344,9.7189,68.3451,7.6781,64.3207,5.7744,60.1388,3.9946,85.5689,6.3446,83.0255,4.8028,80.1074,3.3547,77.0788,1.9922,73.9313,0.9571,90.7217,3.3645,88.8006,2.1688,86.565,1.0381,84.0923,0.4546,81.5392,0.0,93.5801,1.6179,91.8544,0.7249,90.0447,0.2183,87.8767,0.0,85.5286,0.0,95.4237,0.5286,94.0808,0.0563,92.372,0.0,90.5711,0.0,88.3003,0.0,97.0027,0.0,95.8902,0.0,94.5135,0.0,92.81,0.0,90.9684,0.0
2020-10-12,11369.02,11720.01,11172.0,11503.14,279657.097047,37.5088,44.3638,33.3861,39.7557,29.5622,35.3798,26.4014,31.3865,23.5104,27.6231,54.6887,26.7517,49.8386,22.809,45.021,19.374,40.2356,16.1736,35.7078,13.1846,70.2207,14.8069,65.679,12.0535,61.0166,9.5027,56.2285,7.1329,51.3073,4.9254,82.5797,7.5553,79.4534,5.6977,75.8925,3.9658,72.1876,2.3473,68.3281,1.1232,89.5455,3.7425,87.3428,2.4054,84.7796,1.1481,81.9435,0.5009,79.0036,0.0,93.4772,1.6354,91.7126,0.7319,89.8568,0.2202,87.6312,0.0,85.2155,0.0,95.6117,0.5086,94.3286,0.0542,92.6955,0.0,90.9766,0.0,88.806,0.0,97.0925,0.0,96.0201,0.0,94.6956,0.0,93.06,0.0,91.2973,0.0
2020-10-19,11503.14,13350.0,11407.96,13028.83,418993.354681,75.8228,12.6514,72.5147,10.4982,69.0367,8.7805,65.2692,7.5158,61.5892,6.3516,65.1113,21.0212,61.4672,18.0796,57.8644,15.5159,54.302,13.079,50.7703,10.7597,74.7704,12.928,71.095,10.6124,67.367,8.4321,63.5851,6.3757,59.7335,4.4328,82.9873,7.4655,79.9992,5.6444,76.6064,3.9381,73.099,2.3361,69.4691,1.1203,89.4953,3.7624,87.2841,2.4183,84.7123,1.1544,81.868,0.5037,78.9211,0.0,93.6071,1.6014,91.8741,0.7165,90.0499,0.2155,87.8592,0.0,85.4782,0.0,95.9969,0.4662,94.8324,0.0498,93.3489,0.0,91.7895,0.0,89.8136,0.0,97.4629,0.0,96.5422,0.0,95.4109,0.0,94.0185,0.0,92.5284,0.0
2020-10-26,13029.64,14100.0,12765.0,13761.5,485358.521716,94.2992,0.8897,92.6377,0.2922,90.7053,0.0,88.1638,0.0,85.55,0.0,86.4354,6.2209,84.1013,5.0508,81.6833,4.2112,79.177,3.4307,76.3026,2.7034,79.573,10.6183,76.6289,8.7635,73.6507,6.9987,70.6379,5.3175,67.5682,3.7142,85.3388,6.5445,82.8312,4.9698,79.9742,3.4818,77.0372,2.0734,74.0148,0.9986,90.0022,3.5992,87.9122,2.3162,85.4807,1.1069,82.7916,0.4837,80.0096,0.0,93.7763,1.5589,92.0874,0.6976,90.309,0.2099,88.1703,0.0,85.843,0.0,96.1701,0.4458,95.0545,0.0476,93.6312,0.0,92.1334,0.0,90.2307,0.0,97.7111,0.0,96.886,0.0,95.8733,0.0,94.6274,0.0,93.2968,0.0
2020-11-02,13761.49,15960.0,13195.05,15475.1,665037.146452,96.3733,0.5753,95.3289,0.1902,94.2261,0.0,93.0597,0.0,91.8242,0.0,97.2494,0.2012,96.2475,0.0,95.1836,0.0,94.0515,0.0,92.5199,0.0,92.9532,2.7998,91.4044,2.1988,89.7862,1.6351,88.0939,1.1054,86.2878,0.6066,88.8233,5.0569,86.9425,3.8558,84.7779,2.7117,82.5552,1.6208,80.2701,0.7842,91.9541,2.9384,90.3009,1.8976,88.3716,0.9098,86.2319,0.3995,84.0228,0.0,94.5599,1.3718,93.0903,0.615,91.5459,0.1855,89.6822,0.0,87.6504,0.0,96.5519,0.4026,95.5503,0.0431,94.2704,0.0,92.9238,0.0,91.2064,0.0,97.9483,0.0,97.2104,0.0,96.3046,0.0,95.1887,0.0,93.9967,0.0
2020-11-09,15475.1,16480.0,14805.54,15957.0,529729.426496,98.2165,0.4297,97.8159,0.1423,97.3846,0.0,96.919,0.0,96.415,0.0,97.9166,0.1529,97.1568,0.0,96.3493,0.0,95.4894,0.0,94.5718,0.0,98.7711,0.0,98.1019,0.0,97.3877,0.0,96.6241,0.0,95.7697,0.0,95.9009,1.434,94.9557,0.9996,93.7359,0.5911,92.4513,0.2064,91.0946,0.0,93.2602,2.4719,91.879,1.5982,90.2601,0.7672,88.4566,0.3377,86.591,0.0,95.3029,1.1894,94.0358,0.5338,92.7049,0.1613,91.0921,0.0,89.3288,0.0,96.8631,0.3665,95.9514,0.0392,94.7839,0.0,93.5542,0.0,91.9798,0.0,98.103,0.0,97.4194,0.0,96.5789,0.0,95.5414,0.0,94.4305,0.0
2020-11-16,15957.0,18965.9,15864.0,18414.43,684197.642829,100.0,0.0,100.0,0.0,100.0,0.0,100.0,0.0,100.0,0.0,98.9175,0.1098,98.632,0.0,98.326,0.0,97.997,0.0,97.6424,0.0,99.1109,0.0,98.6293,0.0,98.1174,0.0,97.5722,0.0,96.9905,0.0,99.513,0.0,99.2327,0.0,98.7515,0.0,98.2383,0.0,97.6876,0.0,97.754,0.5984,97.1322,0.2938,96.3222,0.006,95.3583,0.0,94.3434,0.0,96.2802,0.9488,95.2807,0.4267,94.2328,0.1293,92.9568,0.0,91.5576,0.0,97.442,0.3009,96.7038,0.0323,95.7568,0.0,94.761,0.0,93.4791,0.0,98.38,0.0,97.7982,0.0,97.0828,0.0,96.1986,0.0,95.2519,0.0
2020-11-23,18413.88,19484.21,16188.0,18184.99,676351.579974,100.0,0.0,100.0,0.0,100.0,0.0,100.0,0.0,100.0,0.0,100.0,0.0,100.0,0.0,100.0,0.0,100.0,0.0,100.0,0.0,99.3341,0.0,99.1183,0.0,98.8864,0.0,98.6367,0.0,98.3668,0.0,99.595,0.0,99.3619,0.0,98.9613,0.0,98.5334,0.0,98.0755,0.0,99.8023,0.0,99.6174,0.0,99.2835,0.0,98.8265,0.0,98.3378,0.0,98.6903,0.1723,98.1702,0.0,97.6177,0.0,96.8653,0.0,96.0024,0.0,97.76,0.2631,97.1115,0.0282,96.2771,0.0,95.3976,0.0,94.2603,0.0,98.5608,0.0,98.0431,0.0,97.4054,0.0,96.6153,0.0,95.7675,0.0
2020-11-30,18185.0,19888.0,18001.12,19359.4,537012.142931,100.0,0.0,100.0,0.0,100.0,0.0,100.0,0.0,100.0,0.0,100.0,0.0,100.0,0.0,100.0,0.0,100.0,0.0,100.0,0.0,100.0,0.0,100.0,0.0,100.0,0.0,100.0,0.0,100.0,0.0,99.6612,0.0,99.5064,0.0,99.34,0.0,99.1609,0.0,98.9674,0.0,99.8333,0.0,99.6775,0.0,99.3963,0.0,99.011,0.0,98.599,0.0,99.9688,0.0,99.7957,0.0,99.61,0.0,99.2625,0.0,98.8297,0.0,99.2399,0.0,98.9474,0.0,98.503,0.0,98.0296,0.0,97.3317,0.0,98.7325,0.0,98.2757,0.0,97.7121,0.0,97.0123,0.0,96.2596,0.0
2020-12-07,19358.67,19420.91,17572.33,19174.99,414166.997237,100.0,0.0,100.0,0.0,100.0,0.0,100.0,0.0,100.0,0.0,100.0,0.0,100.0,0.0,100.0,0.0,100.0,0.0,100.0,0.0,100.0,0.0,100.0,0.0,100.0,0.0,100.0,0.0,100.0,0.0,100.0,0.0,100.0,0.0,100.0,0.0,100.0,0.0,100.0,0.0,99.852,0.0,99.7136,0.0,99.5648,0.0,99.4044,0.0,99.231,0.0,99.9722,0.0,99.8175,0.0,99.6515,0.0,99.3402,0.0,98.9517,0.0,100.0,0.0,99.9593,0.0,99.7943,0.0,99.6167,0.0,99.2435,0.0,99.5729,0.0,99.3725,0.0,99.0858,0.0,98.6838,0.0,98.2425,0.0
2020-12-14,19174.99,24295.0,19000.0,23455.52,650661.7243,100.0,0.0,100.0,0.0,100.0,0.0,100.0,0.0,100.0,0.0,100.0,0.0,100.0,0.0,100.0,0.0,100.0,0.0,100.0,0.0,100.0,0.0,100.0,0.0,100.0,0.0,100.0,0.0,100.0,0.0,100.0,0.0,100.0,0.0,100.0,0.0,100.0,0.0,100.0,0.0,100.0,0.0,100.0,0.0,100.0,0.0,100.0,0.0,100.0,0.0,99.9774,0.0,99.8517,0.0,99.7174,0.0,99.5735,0.0,99.419,0.0,100.0,0.0,99.9666,0.0,99.8316,0.0,99.687,0.0,99.3833,0.0,100.0,0.0,100.0,0.0,99.94,0.0,99.7959,0.0,99.6316,0.0
2020-12-21,23455.54,28422.0,21815.0,26281.66,688906.560557,100.0,0.0,100.0,0.0,100.0,0.0,100.0,0.0,100.0,0.0,100.0,0.0,100.0,0.0,100.0,0.0,100.0,0.0,100.0,0.0,100.0,0.0,100.0,0.0,100.0,0.0,100.0,0.0,100.0,0.0,100.0,0.0,100.0,0.0,100.0,0.0,100.0,0.0,100.0,0.0,100.0,0.0,100.0,0.0,100.0,0.0,100.0,0.0,100.0,0.0,100.0,0.0,100.0,0.0,100.0,0.0,100.0,0.0,100.0,0.0,100.0,0.0,99.9728,0.0,99.8628,0.0,99.7455,0.0,99.62,0.0,100.0,0.0,100.0,0.0,99.9507,0.0,99.8326,0.0,99.6985,0.0
2020-12-28,26281.54,34778.11,25880.0,33000.05,625132.263203,100.0,0.0,100.0,0.0,100.0,0.0,100.0,0.0,100.0,0.0,100.0,0.0,100.0,0.0,100.0,0.0,100.0,0.0,100.0,0.0,100.0,0.0,100.0,0.0,100.0,0.0,100.0,0.0,100.0,0.0,100.0,0.0,100.0,0.0,100.0,0.0,100.0,0.0,100.0,0.0,100.0,0.0,100.0,0.0,100.0,0.0,100.0,0.0,100.0,0.0,100.0,0.0,100.0,0.0,100.0,0.0,100.0,0.0,100.0,0.0,100.0,0.0,100.0,0.0,100.0,0.0,100.0,0.0,100.0,0.0,100.0,0.0,100.0,0.0,99.9618,0.0,99.8705,0.0,99.7734,0.0
2021-01-04,33000.05,41950.0,28130.0,38150.02,850700.266152,100.0,0.0,100.0,0.0,100.0,0.0,100.0,0.0,100.0,0.0,100.0,0.0,100.0,0.0,100.0,0.0,100.0,0.0,100.0,0.0,100.0,0.0,100.0,0.0,100.0,0.0,100.0,0.0,100.0,0.0,100.0,0.0,100.0,0.0,100.0,0.0,100.0,0.0,100.0,0.0,100.0,0.0,100.0,0.0,100.0,0.0,100.0,0.0,100.0,0.0,100.0,0.0,100.0,0.0,100.0,0.0,100.0,0.0,100.0,0.0,100.0,0.0,100.0,0.0,100.0,0.0,100.0,0.0,100.0,0.0,100.0,0.0,100.0,0.0,100.0,0.0,100.0,0.0,100.0,0.0
2021-01-11,38150.02,40100.0,30420.0,35828.61,897339.67445,100.0,0.0,100.0,0.0,100.0,0.0,100.0,0.0,100.0,0.0,100.0,0.0,100.0,0.0,100.0,0.0,100.0,0.0,100.0,0.0,100.0,0.0,100.0,0.0,100.0,0.0,100.0,0.0,100.0,0.0,100.0,0.0,100.0,0.0,100.0,0.0,100.0,0.0,100.0,0.0,100.0,0.0,100.0,0.0,100.0,0.0,100.0,0.0,100.0,0.0,100.0,0.0,100.0,0.0,100.0,0.0,100.0,0.0,100.0,0.0,100.0,0.0,100.0,0.0,100.0,0.0,100.0,0.0,100.0,0.0,100.0,0.0,100.0,0.0,100.0,0.0,100.0,0.0,100.0,0.0
2021-01-18,35824.99,37850.0,28850.0,32259.9,640226.935785,100.0,0.0,100.0,0.0,100.0,0.0,100.0,0.0,100.0,0.0,100.0,0.0,100.0,0.0,100.0,0.0,100.0,0.0,100.0,0.0,100.0,0.0,100.0,0.0,100.0,0.0,100.0,0.0,100.0,0.0,100.0,0.0,100.0,0.0,100.0,0.0,100.0,0.0,100.0,0.0,100.0,0.0,100.0,0.0,100.0,0.0,100.0,0.0,100.0,0.0,100.0,0.0,100.0,0.0,100.0,0.0,100.0,0.0,100.0,0.0,100.0,0.0,100.0,0.0,100.0,0.0,100.0,0.0,100.0,0.0,100.0,0.0,100.0,0.0,100.0,0.0,100.0,0.0,100.0,0.0
2021-01-25,32259.45,38531.9,29241.72,33092.98,747463.508509,100.0,0.0,100.0,0.0,100.0,0.0,100.0,0.0,100.0,0.0,100.0,0.0,100.0,0.0,100.0,0.0,100.0,0.0,100.0,0.0,100.0,0.0,100.0,0.0,100.0,0.0,100.0,0.0,100.0,0.0,100.0,0.0,100.0,0.0,100.0,0.0,100.0,0.0,100.0,0.0,100.0,0.0,100.0,0.0,100.0,0.0,100.0,0.0,100.0,0.0,100.0,0.0,100.0,0.0,100.0,0.0,100.0,0.0,100.0,0.0,100.0,0.0,100.0,0.0,100.0,0.0,100.0,0.0,100.0,0.0,100.0,0.0,100.0,0.0,100.0,0.0,100.0,0.0,100.0,0.0
2021-02-01,33092.97,40955.51,32296.16,38795.69,583442.331544,100.0,0.0,100.0,0.0,100.0,0.0,100.0,0.0,100.0,0.0,100.0,0.0,100.0,0.0,100.0,0.0,100.0,0.0,100.0,0.0,100.0,0.0,100.0,0.0,100.0,0.0,100.0,0.0,100.0,0.0,100.0,0.0,100.0,0.0,100.0,0.0,100.0,0.0,100.0,0.0,100.0,0.0,100.0,0.0,100.0,0.0,100.0,0.0,100.0,0.0,100.0,0.0,100.0,0.0,100.0,0.0,100.0,0.0,100.0,0.0,100.0,0.0,100.0,0.0,100.0,0.0,100.0,0.0,100.0,0.0,100.0,0.0,100.0,0.0,100.0,0.0,100.0,0.0,100.0,0.0
2021-02-08,38795.69,49707.43,37988.89,48577.79,664186.270909,100.0,0.0,100.0,0.0,100.0,0.0,100.0,0.0,100.0,0.0,100.0,0.0,100.0,0.0,100.0,0.0,100.0,0.0,100.0,0.0,100.0,0.0,100.0,0.0,100.0,0.0,100.0,0.0,100.0,0.0,100.0,0.0,100.0,0.0,100.0,0.0,100.0,0.0,100.0,0.0,100.0,0.0,100.0,0.0,100.0,0.0,100.0,0.0,100.0,0.0,100.0,0.0,100.0,0.0,100.0,0.0,100.0,0.0,100.0,0.0,100.0,0.0,100.0,0.0,100.0,0.0,100.0,0.0,100.0,0.0,100.0,0.0,100.0,0.0,100.0,0.0,100.0,0.0,100.0,0.0
2021-02-15,48580.47,58352.8,45570.79,57408.57,533487.799699,100.0,0.0,100.0,0.0,100.0,0.0,100.0,0.0,100.0,0.0,100.0,0.0,100.0,0.0,100.0,0.0,100.0,0.0,100.0,0.0,100.0,0.0,100.0,0.0,100.0,0.0,100.0,0.0,100.0,0.0,100.0,0.0,100.0,0.0,100.0,0.0,100.0,0.0,100.0,0.0,100.0,0.0,100.0,0.0,100.0,0.0,100.0,0.0,100.0,0.0,100.0,0.0,100.0,0.0,100.0,0.0,100.0,0.0,100.0,0.0,100.0,0.0,100.0,0.0,100.0,0.0,100.0,0.0,100.0,0.0,100.0,0.0,100.0,0.0,100.0,0.0,100.0,0.0,100.0,0.0
2021-02-22,57412.35,57508.47,43000.0,45135.66,737125.746365,100.0,0.0,100.0,0.0,100.0,0.0,100.0,0.0,99.463,0.0,100.0,0.0,100.0,0.0,100.0,0.0,100.0,0.0,100.0,0.0,100.0,0.0,100.0,0.0,100.0,0.0,100.0,0.0,100.0,0.0,100.0,0.0,100.0,0.0,100.0,0.0,100.0,0.0,100.0,0.0,100.0,0.0,100.0,0.0,100.0,0.0,100.0,0.0,100.0,0.0,100.0,0.0,100.0,0.0,100.0,0.0,100.0,0.0,100.0,0.0,100.0,0.0,100.0,0.0,100.0,0.0,100.0,0.0,100.0,0.0,100.0,0.0,100.0,0.0,100.0,0.0,100.0,0.0,100.0,0.0
2021-03-01,45134.11,52640.0,44950.53,50971.75,490819.562968,100.0,0.0,100.0,0.0,100.0,0.0,100.0,0.0,99.4524,0.0,100.0,0.0,100.0,0.0,100.0,0.0,100.0,0.0,100.0,0.0,100.0,0.0,100.0,0.0,100.0,0.0,100.0,0.0,100.0,0.0,100.0,0.0,100.0,0.0,100.0,0.0,100.0,0.0,100.0,0.0,100.0,0.0,100.0,0.0,100.0,0.0,100.0,0.0,100.0,0.0,100.0,0.0,100.0,0.0,100.0,0.0,100.0,0.0,100.0,0.0,100.0,0.0,100.0,0.0,100.0,0.0,100.0,0.0,100.0,0.0,100.0,0.0,100.0,0.0,100.0,0.0,100.0,0.0,100.0,0.0
2021-03-08,50959.11,61844.0,49274.67,58968.31,514559.698685,100.0,0.0,100.0,0.0,100.0,0.0,100.0,0.0,99.5589,0.0,100.0,0.0,100.0,0.0,100.0,0.0,100.0,0.0,100.0,0.0,100.0,0.0,100.0,0.0,100.0,0.0,100.0,0.0,100.0,0.0,100.0,0.0,100.0,0.0,100.0,0.0,100.0,0.0,100.0,0.0,100.0,0.0,100.0,0.0,100.0,0.0,100.0,0.0,100.0,0.0,100.0,0.0,100.0,0.0,100.0,0.0,100.0,0.0,100.0,0.0,100.0,0.0,100.0,0.0,100.0,0.0,100.0,0.0,100.0,0.0,100.0,0.0,100.0,0.0,100.0,0.0,100.0,0.0,100.0,0.0
2021-03-15,58976.08,60633.43,53271.34,57351.56,463194.21418,100.0,0.0,100.0,0.0,100.0,0.0,100.0,0.0,99.598,0.0,100.0,0.0,100.0,0.0,100.0,0.0,100.0,0.0,100.0,0.0,100.0,0.0,100.0,0.0,100.0,0.0,100.0,0.0,100.0,0.0,100.0,0.0,100.0,0.0,100.0,0.0,100.0,0.0,100.0,0.0,100.0,0.0,100.0,0.0,100.0,0.0,100.0,0.0,100.0,0.0,100.0,0.0,100.0,0.0,100.0,0.0,100.0,0.0,100.0,0.0,100.0,0.0,100.0,0.0,100.0,0.0,100.0,0.0,100.0,0.0,100.0,0.0,100.0,0.0,100.0,0.0,100.0,0.0,100.0,0.0
2021-03-22,57351.56,58430.73,50427.56,55777.63,446278.628413,100.0,0.0,100.0,0.0,100.0,0.0,100.0,0.0,99.5758,0.0,100.0,0.0,100.0,0.0,100.0,0.0,100.0,0.0,100.0,0.0,100.0,0.0,100.0,0.0,100.0,0.0,100.0,0.0,100.0,0.0,100.0,0.0,100.0,0.0,100.0,0.0,100.0,0.0,100.0,0.0,100.0,0.0,100.0,0.0,100.0,0.0,100.0,0.0,100.0,0.0,100.0,0.0,100.0,0.0,100.0,0.0,100.0,0.0,100.0,0.0,100.0,0.0,100.0,0.0,100.0,0.0,100.0,0.0,100.0,0.0,100.0,0.0,100.0,0.0,100.0,0.0,100.0,0.0,100.0,0.0
2021-03-29,55777.65,60200.0,54800.01,58202.01,367477.893273,100.0,0.0,100.0,0.0,100.0,0.0,100.0,0.0,99.4928,0.0,100.0,0.0,100.0,0.0,100.0,0.0,100.0,0.0,100.0,0.0,100.0,0.0,100.0,0.0,100.0,0.0,100.0,0.0,100.0,0.0,100.0,0.0,100.0,0.0,100.0,0.0,100.0,0.0,100.0,0.0,100.0,0.0,100.0,0.0,100.0,0.0,100.0,0.0,100.0,0.0,100.0,0.0,100.0,0.0,100.0,0.0,100.0,0.0,100.0,0.0,100.0,0.0,100.0,0.0,100.0,0.0,100.0,0.0,100.0,0.0,100.0,0.0,100.0,0.0,100.0,0.0,100.0,0.0,100.0,0.0
2021-04-05,58202.01,61500.0,55473.0,60002.43,375865.593614,100.0,0.0,100.0,0.0,100.0,0.0,100.0,0.0,99.3048,0.0,100.0,0.0,100.0,0.0,100.0,0.0,100.0,0.0,100.0,0.0,100.0,0.0,100.0,0.0,100.0,0.0,100.0,0.0,100.0,0.0,100.0,0.0,100.0,0.0,100.0,0.0,100.0,0.0,100.0,0.0,100.0,0.0,100.0,0.0,100.0,0.0,100.0,0.0,100.0,0.0,100.0,0.0,100.0,0.0,100.0,0.0,100.0,0.0,100.0,0.0,100.0,0.0,100.0,0.0,100.0,0.0,100.0,0.0,100.0,0.0,100.0,0.0,100.0,0.0,100.0,0.0,100.0,0.0,100.0,0.0
2021-04-12,59998.8,64854.0,50931.3,56150.01,549048.298032,100.0,0.0,100.0,0.0,100.0,0.0,100.0,0.0,99.8533,0.0,100.0,0.0,100.0,0.0,100.0,0.0,100.0,0.0,100.0,0.0,100.0,0.0,100.0,0.0,100.0,0.0,100.0,0.0,100.0,0.0,100.0,0.0,100.0,0.0,100.0,0.0,100.0,0.0,100.0,0.0,100.0,0.0,100.0,0.0,100.0,0.0,100.0,0.0,100.0,0.0,100.0,0.0,100.0,0.0,100.0,0.0,100.0,0.0,100.0,0.0,100.0,0.0,100.0,0.0,100.0,0.0,100.0,0.0,100.0,0.0,100.0,0.0,100.0,0.0,100.0,0.0,100.0,0.0,100.0,0.0
2021-04-19,56150.01,57526.81,46930.0,49066.77,568462.85096,84.8852,11.155,83.6671,10.3437,82.3314,9.589,80.8599,8.8851,79.1521,8.2271,89.7725,7.2264,88.8305,6.6229,87.787,6.0648,86.6247,5.5473,85.3221,5.0659,92.5031,4.8311,91.6634,4.2967,90.7315,3.803,89.6916,3.3456,88.5235,2.9206,95.6675,2.7295,95.1762,2.3999,94.6385,2.093,94.0474,1.8064,93.3945,1.5383,97.2651,1.5643,96.9095,1.3217,96.522,1.0952,96.0979,0.8831,95.632,0.6842,98.1347,0.7205,97.788,0.4826,97.4106,0.2603,96.9982,0.052,96.5459,0.0,98.7554,0.058,98.3961,0.0,98.0049,0.0,97.5776,0.0,97.1089,0.0,99.3078,0.0,98.9632,0.0,98.5883,0.0,98.1787,0.0,97.7295,0.0
2021-04-26,49066.76,58458.07,48753.44,56578.21,395983.456013,80.1517,14.5033,78.4859,13.4213,76.6473,12.4186,74.6075,11.4869,72.2512,10.6188,88.7151,8.017,87.6966,7.3555,86.5723,6.7425,85.3251,6.1729,83.9334,5.6422,92.3403,4.9884,91.5104,4.446,90.5959,3.943,89.5831,3.4751,88.4553,3.0388,94.6769,3.2846,94.035,2.8759,93.3227,2.4983,92.5279,2.1484,91.6352,1.8233,96.9443,1.7322,96.5375,1.4608,96.0916,1.2083,95.6007,0.9728,95.0574,0.7525,98.0648,0.747,97.7046,0.5003,97.3123,0.2698,96.8836,0.0539,96.413,0.0,98.7509,0.0583,98.391,0.0,97.9998,0.0,97.5729,0.0,97.1052,0.0,99.3045,0.0,98.9582,0.0,98.5813,0.0,98.1695,0.0,97.7179,0.0
2021-05-03,56578.21,59500.0,52900.0,58240.84,504478.926303,76.9138,16.9086,74.9944,15.6546,72.8791,14.4914,70.5363,13.4097,67.8525,12.401,85.9862,9.906,84.6975,9.0795,83.2704,8.3151,81.6813,7.606,79.9009,6.9465,91.7141,5.4215,90.8297,4.8366,89.858,4.2932,88.7855,3.7869,87.5956,3.314,94.6048,3.3678,93.976,2.9556,93.2836,2.5731,92.5173,2.2172,91.6649,1.8852,96.3664,2.0285,95.8631,1.7054,95.3058,1.4066,94.6854,1.1294,93.9905,0.8715,97.8769,0.8146,97.477,0.5449,97.0398,0.2935,96.56,0.0585,96.0309,0.0,98.716,0.06,98.3465,0.0,97.9449,0.0,97.507,0.0,97.0276,0.0,99.3057,0.0,98.9609,0.0,98.5862,0.0,98.1776,0.0,97.7304,0.0
2021-05-10,58240.83,59500.0,43825.39,46431.5,684880.148197,52.2751,38.263,49.6592,36.1197,46.9302,34.0554,44.0805,32.0659,41.1301,30.1471,64.4973,27.4836,62.1981,25.7291,59.7598,24.0601,57.1693,22.4705,54.4119,20.9548,75.5824,17.9209,73.6646,16.5381,71.6028,15.235,69.3804,14.0051,66.9776,12.8423,84.1124,11.3948,82.7696,10.4495,81.3174,9.5622,79.7421,8.7278,78.0272,7.9417,88.5968,7.8786,87.534,7.143,86.3799,6.4544,85.1222,5.8086,83.7461,5.2016,91.3347,5.3725,90.3365,4.6887,89.2497,4.0498,88.0619,3.4514,86.7582,3.0671,94.2932,3.1195,93.5196,2.7784,92.6828,2.5193,91.7748,2.278,90.7861,2.0529,96.0792,2.1878,95.4295,1.9704,94.7283,1.7681,93.969,1.5793,93.1443,1.4027
2021-05-17,46426.83,46686.0,30000.0,34655.25,1386781.052144,25.3764,66.4037,23.3535,64.316,21.3431,62.215,19.3453,60.1005,17.4263,57.9725,38.7288,52.9156,36.5901,50.8751,34.4309,48.8535,32.2508,46.8505,30.0497,44.8658,49.6142,41.7467,47.3062,39.7238,44.9341,37.7515,42.495,35.828,39.9862,33.9514,61.081,31.0189,58.8659,29.2534,56.5404,27.5613,54.0961,25.938,51.5235,24.3796,71.2667,22.4441,69.4737,21.0606,67.5771,19.7422,65.5677,18.4841,63.4351,17.2825,77.0852,17.3205,75.4791,16.098,73.7749,14.9355,71.9632,13.8288,70.0336,12.9124,81.0241,13.7568,79.5046,12.8044,77.8817,11.9617,76.1445,11.1717,74.2805,10.4297,85.8841,10.3201,84.6676,9.6366,83.3689,8.996,81.9794,8.3944,80.4891,7.8282
2021-05-24,34681.44,40841.0,33379.0,35641.27,786531.163941,11.2709,83.0972,9.9958,81.5394,8.7679,79.9139,7.5847,78.2161,6.515,76.4411,23.4427,69.1139,21.6744,67.1547,19.9409,65.1536,18.2411,63.1093,16.5742,61.0203,35.191,56.6972,33.1941,54.6376,31.2094,52.5651,29.2367,50.4796,27.2761,48.3809,44.8845,46.0736,42.521,43.9108,40.1141,41.785,37.6626,39.6953,35.1651,37.6408,55.6446,35.8498,53.3334,33.8908,50.9404,31.9925,48.4612,30.1521,45.891,28.3671,65.5643,27.1236,63.5554,25.4572,61.4653,23.8488,59.2891,22.2954,57.0213,20.9079,71.5984,21.7213,69.7349,20.3592,67.7831,19.1048,65.7364,17.913,63.5878,16.7792,75.8462,18.2142,74.061,17.0344,72.1748,15.9215,70.1791,14.8699,68.0638,13.8748
2021-05-31,35641.26,39476.0,34153.84,35796.31,528299.504937,8.5395,87.4598,7.6774,86.2941,6.8617,85.0486,6.0886,83.7149,5.3549,82.2832,11.7536,82.6277,10.5041,81.0441,9.3087,79.3776,8.1639,77.6217,7.0666,75.7688,23.3794,69.6148,21.7668,67.71,20.2044,65.7374,18.6901,63.6931,17.2215,61.5732,33.8482,57.5736,31.7569,55.3741,29.6862,53.1521,27.6359,50.907,25.6057,48.6386,42.9779,47.5809,40.5532,45.283,38.1018,43.0093,35.6234,40.7594,33.1175,38.5328,53.1013,37.915,50.7371,35.7803,48.3226,33.6876,45.856,31.6355,43.3358,29.7118,62.5486,29.4401,60.3999,27.6802,58.1877,26.0171,55.9091,24.4168,53.5612,22.8758,68.5174,24.3203,66.4788,22.8006,64.3604,21.3493,62.1573,19.962,59.8645,18.6344
2021-06-07,35796.31,39380.0,31000.0,39020.57,700065.604915,8.7462,86.7442,7.811,85.3754,6.9373,83.884,6.1195,82.2529,5.3522,80.4614,9.0625,87.0443,8.2454,85.8775,7.4792,84.614,6.7592,83.2414,6.0814,81.7447,13.3496,80.9805,12.125,79.3325,10.9653,77.5738,9.8654,75.6927,8.8209,73.676,24.5149,67.6978,22.7405,65.5582,21.0277,63.3321,19.3736,61.0142,17.775,58.5986,34.6089,55.91,32.3167,53.4584,30.0546,50.973,27.8218,48.4529,25.6179,45.8976,43.604,46.3887,41.0961,43.8929,38.5857,41.3995,36.073,38.9085,33.5578,36.4876,53.2067,37.1935,50.7307,34.9502,48.2231,32.786,45.6834,30.6775,43.1108,28.6226,62.1784,29.3589,59.8745,27.4732,57.5156,25.6521,55.0996,23.8922,52.6245,22.1905
2021-06-14,39020.56,41330.0,33336.0,35600.16,610333.962089,4.7398,92.7681,4.2464,91.9722,3.7925,91.0829,3.3734,90.0825,2.9854,88.9489,8.7837,87.2234,7.9631,85.9994,7.1988,84.6593,6.4854,83.186,5.8178,81.5584,9.3083,86.8688,8.5181,85.7042,7.7809,84.433,7.0914,83.0399,6.4451,81.5067,14.1598,79.9525,12.8964,78.2292,11.7027,76.3841,10.573,74.4038,9.5023,72.2728,24.7314,66.8825,22.8272,64.5698,20.9916,62.1599,19.2209,59.6463,17.5118,57.0223,34.5474,55.6377,32.2175,53.0522,29.9341,50.4106,27.696,47.7109,25.5016,44.9788,43.2205,46.4983,40.692,43.9221,38.1798,41.375,35.6839,38.8505,33.204,36.3482,52.3207,37.8057,49.7682,35.4797,47.1975,33.2031,44.6081,30.9745,42.0,28.7924
2021-06-21,35600.17,35750.0,28805.0,34700.34,907073.707598,0.0,100.0,0.0,100.0,0.0,100.0,0.0,100.0,0.0,100.0,4.7347,93.0758,4.3015,92.376,3.9031,91.5936,3.5354,90.7131,3.1949,89.715,8.9882,87.2095,8.2105,86.0379,7.4874,84.7519,6.8133,83.334,6.1834,81.7629,9.5551,86.3475,8.7112,85.0943,7.9247,83.7239,7.19,82.219,6.5022,80.5589,14.8416,78.8112,13.4852,76.9453,12.2054,74.9434,10.9958,72.7901,9.8509,70.4674,25.1159,66.096,23.1467,63.6388,21.2575,61.0623,19.4435,58.3578,17.7004,55.4819,34.6411,55.2732,32.2816,52.5598,29.9821,49.8059,27.7402,47.0209,25.5537,44.2043,42.9765,46.4532,40.3944,43.8106,37.8406,41.1807,35.3146,38.5634,32.8158,35.9587
2021-06-28,34702.49,36600.0,32699.0,35286.51,464791.763593,0.0,100.0,0.0,100.0,0.0,100.0,0.0,100.0,0.0,100.0,0.0,100.0,0.0,100.0,0.0,100.0,0.0,100.0,0.0,100.0,4.9021,93.0104,4.4911,92.3399,4.1135,91.5882,3.7656,90.7399,3.4438,89.7749,9.3151,86.5781,8.4778,85.3081,7.7001,83.9119,6.9758,82.3694,6.2996,80.6566,10.0845,85.5569,9.1952,84.2101,8.3691,82.7298,7.5996,81.0951,6.8811,79.2807,15.7637,77.4117,14.3259,75.3748,12.9758,73.1736,11.7056,70.7874,10.5085,68.0642,25.8387,64.8477,23.7754,62.1273,21.8041,59.2806,19.9187,56.3325,18.1136,53.2776,35.1612,54.2375,32.7207,51.419,30.3511,48.5597,28.0493,45.6587,25.8125,42.7151
2021-07-05,35288.13,35293.78,32077.0,34258.99,359766.235404,0.0,100.0,0.0,100.0,0.0,100.0,0.0,100.0,0.0,100.0,0.0,100.0,0.0,100.0,0.0,100.0,0.0,100.0,0.0,100.0,0.0,100.0,0.0,100.0,0.0,100.0,0.0,100.0,0.0,100.0,5.0525,92.8242,4.6354,92.1404,4.2526,91.3728,3.9,90.5052,3.5742,89.5165,9.7233,86.0165,8.8585,84.693,8.0563,83.2343,7.3103,81.6189,6.6146,79.8198,10.6677,84.8799,9.7741,83.4792,8.9483,81.9258,8.183,80.1934,7.4716,78.0357,16.4868,76.1092,14.94,73.6971,13.4916,71.0709,12.1326,68.2728,10.8548,65.2852,26.4268,63.5661,24.2743,60.7118,22.223,57.7524,20.2661,54.6821,18.3971,51.4944
2021-07-12,34259.0,34678.43,31020.0,31778.56,306160.987079,0.0,100.0,0.0,100.0,0.0,100.0,0.0,100.0,0.0,100.0,0.0,100.0,0.0,100.0,0.0,100.0,0.0,100.0,0.0,100.0,0.0,100.0,0.0,100.0,0.0,100.0,0.0,100.0,0.0,100.0,0.0,100.0,0.0,100.0,0.0,100.0,0.0,100.0,0.0,100.0,5.0634,92.6261,4.6081,91.8844,4.1899,91.0534,3.8043,90.116,3.4477,89.0501,10.0782,85.7874,9.2434,84.4953,8.4704,83.0672,7.7527,81.4803,7.0845,79.7067,10.9177,84.3127,9.9661,82.5468,9.0884,80.54,8.2764,78.3453,7.5229,75.9351,16.863,74.8478,15.2237,72.2704,13.6897,69.5326,12.2512,66.6189,10.8997,63.5116
2021-07-19,31778.57,35398.0,29278.0,35381.02,383262.217154,0.0,100.0,0.0,99.9366,0.0,99.3265,0.0,98.6192,0.0,97.7897,0.0,100.0,0.0,100.0,0.0,100.0,0.0,100.0,0.0,100.0,0.0,100.0,0.0,100.0,0.0,100.0,0.0,100.0,0.0,100.0,0.0,100.0,0.0,100.0,0.0,100.0,0.0,100.0,0.0,100.0,0.0,100.0,0.0,100.0,0.0,100.0,0.0,100.0,0.0,100.0,5.4546,92.1735,4.9936,91.4003,4.572,90.527,4.1848,89.5329,3.8281,88.391,10.6905,84.6925,9.7655,83.2372,8.9112,81.6217,8.1198,79.818,7.3846,77.7912,11.4739,82.2956,10.3588,80.1599,9.3333,77.8306,8.3871,75.2801,7.5113,72.4754
2021-07-26,35381.02,42599.0,35205.78,39845.44,568598.509606,12.3009,83.5133,11.4313,82.2081,10.6185,80.5038,9.8573,78.6823,9.1427,76.7309,8.0088,88.1522,7.276,86.8754,6.6095,85.418,6.0006,83.7388,5.4421,81.7829,4.9177,92.5284,4.4392,91.661,4.0064,90.6597,3.6131,89.4907,3.254,88.1083,3.1124,95.2061,2.7959,94.638,2.5093,93.9839,2.2484,93.2229,2.01,92.3263,1.9951,96.8931,1.7817,96.5256,1.5873,96.1074,1.4094,95.6274,1.246,95.0708,1.3062,97.3908,1.0567,96.9592,0.8294,96.4676,0.6216,95.9025,0.4308,95.2461,6.596,89.2447,5.7703,87.9206,5.0768,86.4434,4.6499,84.7848,4.2589,82.9092,11.782,81.3281,10.4869,79.2308,9.4489,76.9424,8.4911,74.4359,7.6045,71.6783
2021-08-02,39850.27,45310.0,37332.7,43794.37,463107.670711,34.0875,59.046,32.4586,57.2285,30.8626,55.3314,29.2986,53.4274,27.7656,51.5167,22.9036,69.8572,21.3593,67.7252,19.903,65.4358,18.5274,62.9708,17.226,60.3094,16.9809,76.2286,15.6326,74.067,14.391,71.6554,13.2438,68.9478,12.1807,65.8861,11.9128,82.863,10.9059,81.1445,9.9871,79.1943,9.1455,76.9622,8.3716,74.3821,8.6018,87.5107,7.8562,86.2248,7.177,84.7612,6.5557,83.0803,5.9851,81.13,6.1869,90.6355,5.565,89.6078,4.9948,88.4519,4.4702,87.1422,3.986,85.6457,4.8809,91.3634,4.14,90.1594,3.5294,88.8114,3.1902,87.2918,2.88,85.5657,10.0804,83.3939,8.8781,81.3918,7.9378,79.1991,7.0723,76.7872,6.2729,74.1214
2021-08-09,43794.36,48144.0,42779.0,46973.82,372867.979811,56.5436,36.5584,54.742,34.9205,52.9078,33.4272,51.0401,31.9811,49.1381,30.5801,41.8267,49.7225,39.8073,47.5112,37.8233,45.2583,35.8737,42.9626,33.9577,40.6228,31.0172,60.0359,29.0615,57.4684,27.2016,54.7444,25.4306,51.849,23.7424,48.7657,24.7505,66.3866,22.9377,63.6555,21.2521,60.6579,19.6808,57.3528,18.2126,53.6904,18.8729,73.6707,17.3963,71.2903,16.0377,68.6305,14.7834,65.6393,13.6218,62.2506,14.5767,79.118,13.3289,77.1035,12.1809,74.8519,11.1213,72.3186,10.1403,69.4474,11.2001,83.1111,10.0449,81.3442,9.0355,79.3971,8.2979,77.2411,7.6183,74.8404,9.7719,84.0062,8.6391,82.0876,7.7658,79.981,6.9631,77.6575,6.2227,75.0816
2021-08-16,46973.82,49757.04,43927.7,49239.22,357634.462155,71.8954,22.1864,70.2506,20.8741,68.5307,19.7872,66.7304,18.7545,64.8439,17.7721,60.1497,32.9028,58.3063,31.2651,56.4172,29.6644,54.4807,28.0994,52.4949,26.5689,46.7949,43.592,44.4954,41.0792,42.2354,38.5201,40.0138,35.9135,37.8296,33.2581,36.9662,52.9483,34.7226,50.1068,32.5759,47.1172,30.5197,43.9675,28.5486,40.6448,30.9511,58.7014,28.7862,55.5899,26.7581,52.2152,24.8543,48.5425,23.0636,44.5305,24.8715,65.7638,22.9518,62.8851,21.1655,59.7292,19.4992,56.2542,17.9411,52.409,20.124,71.3233,18.3534,68.7221,16.7555,65.8853,15.446,62.7795,14.234,59.3645,16.3742,75.8371,14.8469,73.516,13.5685,71.0094,12.3817,68.2944,11.2769,65.3436
2021-08-23,49239.22,50500.0,46250.0,48767.83,298905.697042,83.3807,12.094,82.0447,11.1571,80.6085,10.4802,79.0601,9.8484,77.3862,9.2574,72.0827,22.4403,70.523,21.2343,68.874,20.0844,67.1278,18.9869,65.2756,17.9383,60.4665,31.1073,58.256,29.0989,56.0014,27.1276,53.7015,25.1923,51.3547,23.2922,48.7137,40.6711,46.1699,37.9015,43.6679,35.0833,41.2067,32.215,38.7853,29.2953,39.8217,49.0082,37.3198,45.8837,34.9198,42.6069,32.6158,39.1665,30.402,35.55,34.3023,54.118,31.8175,50.729,29.4696,47.1004,27.2476,43.206,25.1417,39.0153,28.434,60.6217,26.0959,57.4034,23.9373,53.9498,22.0647,50.2344,20.3177,46.226,23.8222,65.9838,21.7311,63.0092,19.901,59.8288,18.1936,56.4205,16.5971,52.7588
2021-08-30,48767.84,51900.0,46512.0,51756.88,327484.443638,98.326,0.2563,97.885,0.0,97.3988,0.0,96.86,0.0,96.2595,0.0,83.7224,12.3491,82.5519,11.52,81.2881,10.7411,79.9193,10.008,78.4318,9.3166,73.0215,21.2784,71.401,20.0213,69.6889,18.8221,67.8774,17.6768,65.9575,16.582,62.1362,28.4201,59.6888,26.142,57.2053,23.8956,54.6849,21.6804,52.1267,19.4956,51.7985,36.9369,49.0919,34.0058,46.4272,31.0263,43.8033,27.9975,41.2194,24.9179,43.7133,44.3452,40.9824,41.0764,38.3431,37.681,35.7907,34.1515,33.3212,30.48,38.6687,48.8517,35.8726,45.3618,33.2225,41.7024,30.8052,37.8607,28.5181,33.8229,33.1344,54.8401,30.5274,51.4607,28.1526,47.9094,25.913,44.1726,23.7974,40.2355
2021-09-06,51756.88,52920.0,42843.05,46025.24,399602.39982,98.4549,0.0,97.7288,0.0,96.933,0.0,96.0571,0.0,95.0882,0.0,96.3854,1.6314,95.0848,1.3219,93.6791,1.0376,92.1549,0.7756,90.4965,0.5335,81.6902,14.0126,80.0416,13.1286,78.0897,12.3051,76.0261,11.536,73.8411,10.8162,70.0465,22.045,67.8129,20.2898,65.2756,18.6116,62.6196,17.0055,59.9047,15.467,59.762,28.974,56.8592,26.2418,53.9202,23.5418,50.9328,20.8736,47.984,18.2365,50.2656,37.0157,47.1839,33.7344,44.1398,30.4109,41.1666,27.0443,38.3276,23.6338,42.9151,43.9159,39.8137,40.4186,36.811,36.833,33.9964,33.1557,31.4104,29.3832,38.4323,47.897,35.3312,44.201,32.4396,40.3828,29.683,36.436,27.0629,32.3541
2021-09-13,46025.23,48843.2,43370.0,47241.75,289430.44387,98.3217,0.0,97.5227,0.0,96.6392,0.0,95.6571,0.0,94.559,0.0,99.5613,0.0,98.684,0.0,97.7177,0.0,96.6481,0.0,95.4577,0.0,95.5557,2.7419,94.4331,2.4125,92.8597,2.1117,91.1445,1.8359,89.2676,1.582,80.106,14.6334,78.4866,13.5564,76.3451,12.5547,73.953,11.6206,71.4072,10.7476,68.2167,21.8782,65.4595,19.6491,62.5735,17.5074,59.4129,15.4479,56.1953,13.466,58.7651,28.7053,55.5132,25.6872,52.2113,22.7128,48.8633,19.7811,45.5272,16.8914,50.006,36.2765,46.5858,32.8378,43.1854,29.3955,39.8821,25.9493,36.744,22.4995,43.2802,42.6227,39.8972,39.0004,36.6573,35.3374,33.5161,31.6333,30.4792,27.8872
2021-09-20,47241.75,47347.25,39600.0,43160.9,437174.23273,87.2037,7.5444,85.369,6.7964,83.3773,6.1114,81.2074,5.4817,78.8344,4.901,91.4782,5.2514,89.8388,4.6821,88.0645,4.1599,86.138,3.6791,84.0391,3.2349,93.1468,3.9946,91.7109,3.4333,89.8384,2.9181,87.8133,2.4437,85.6163,2.0053,88.5686,6.7414,87.102,5.7949,84.9409,4.9188,82.4651,4.1054,79.8178,3.3482,73.8291,16.9406,71.2006,14.9081,68.4204,12.9702,65.2315,11.1206,61.9581,9.5416,63.496,23.9765,60.19,21.0079,56.8096,18.1005,53.3363,15.3595,49.819,12.9744,55.2276,30.4902,51.611,26.9651,47.981,23.4578,44.3989,20.2214,40.9509,17.1115,47.516,37.4963,43.8654,33.6826,40.3373,29.8992,36.9111,26.2648,33.5916,22.6719
2021-09-27,43160.9,49228.08,40753.88,48200.01,290620.78115,84.5856,9.0041,82.3465,8.0847,79.9074,7.248,77.2402,6.4833,74.3113,5.7818,90.5625,5.7485,88.7233,5.1128,86.7242,4.5324,84.5433,4.0002,82.1548,3.5106,93.1217,4.0018,91.6761,3.4382,89.7899,2.9213,87.7478,2.4456,85.5295,2.0063,93.9301,2.9658,92.9327,2.3546,91.1763,1.7933,89.075,1.2759,86.7916,0.7975,88.1456,6.1059,86.373,4.9308,84.4243,3.8384,81.6727,2.8202,78.7405,2.0917,73.4993,15.9331,70.499,13.5995,67.3314,11.3723,63.9057,9.3675,60.2198,7.7755,63.8388,23.1133,60.2955,20.1062,56.6088,17.1916,52.786,14.6588,48.9331,12.3037,55.9921,29.2119,52.1146,25.6711,48.2229,22.2708,44.3589,19.1475,40.5285,16.1322
2021-10-04,48200.01,56561.31,46891.0,54659.0,424292.258599,84.671,9.1686,82.5702,8.2706,80.3158,7.4461,77.8902,6.6865,75.2732,5.9844,90.6671,5.7524,88.8879,5.1282,86.9682,4.5557,84.8909,4.0286,82.6355,3.5419,93.4954,3.827,92.151,3.2953,90.3984,2.8056,88.5114,2.3531,86.474,1.9338,94.6665,2.6517,93.8244,2.1125,92.3215,1.614,90.5297,1.1518,88.5986,0.7219,95.1253,1.9252,94.2012,1.3309,93.1757,0.7812,91.3224,0.271,89.3213,0.0,88.9369,4.8877,87.0691,3.6027,85.0377,2.401,82.6324,1.411,79.7229,0.8221,76.1096,14.0939,73.2821,11.964,70.2152,9.9423,66.801,8.3352,63.1231,6.8927,67.2843,20.5033,63.8162,17.7487,60.1592,15.1927,56.4314,12.9651,52.6292,10.855
2021-10-11,54659.01,62933.0,53879.0,61528.33,362346.263174,87.9036,7.4858,86.3631,6.8124,84.7388,6.1836,83.0237,5.5951,81.21,5.0431,91.7699,5.1959,90.2549,4.6554,88.6388,4.1548,86.9113,3.6898,85.0605,3.2569,94.2115,3.4657,93.0441,2.9946,91.5221,2.5579,89.8958,2.1518,88.1543,1.7733,95.3772,2.3357,94.6741,1.8669,93.402,1.4307,91.8896,1.0239,90.2708,0.6434,96.0094,1.609,95.2832,1.1171,94.4879,0.6582,93.0218,0.2292,91.4531,0.0,96.3889,1.2378,95.6559,0.7534,94.8506,0.3033,93.7445,0.0,92.154,0.0,90.6658,3.9592,89.043,2.8389,87.1764,1.7906,84.8243,1.1317,82.0146,0.5853,79.8144,11.8525,77.2443,10.0576,74.363,8.4561,71.3532,7.1654,68.1947,5.9579
2021-10-18,61528.32,67000.0,59510.63,60852.22,336367.00881,88.4174,7.133,86.9208,6.4869,85.3375,5.8844,83.6597,5.3211,81.8787,4.7934,92.4187,4.8465,91.0469,4.3539,89.5917,3.8954,88.0452,3.4675,86.3986,3.0673,94.3811,3.3769,93.2538,2.9201,91.7837,2.496,90.2154,2.1012,88.5386,1.7326,95.575,2.2402,94.9051,1.7913,93.6892,1.3733,92.2428,0.9831,90.6947,0.618,96.3093,1.4933,95.6423,1.0375,94.9134,0.6117,93.5617,0.2131,92.116,0.0,96.8442,1.0967,96.2196,0.6694,95.5394,0.2702,94.6049,0.0,93.257,0.0,97.1268,0.8509,96.4966,0.4415,95.684,0.0621,94.3969,0.0,92.6187,0.0,91.8041,3.5136,90.1697,2.5478,88.1472,1.7513,85.9838,1.2402,83.6422,0.7677
2021-10-25,60852.22,63710.63,57820.0,61299.8,314971.8498,91.4587,5.9675,90.6786,5.4328,89.8294,4.9332,88.9014,4.4652,87.8832,4.026,92.4381,4.825,91.0644,4.333,89.6055,3.8753,88.053,3.4485,86.3977,3.0496,94.6004,3.2601,93.5237,2.8218,92.1191,2.4141,90.6233,2.0339,89.0271,1.6784,95.6034,2.2219,94.935,1.776,93.7222,1.3611,92.2779,0.9741,90.7296,0.6122,96.3989,1.4541,95.7455,1.0098,95.0305,0.5952,93.7034,0.2073,92.281,0.0,97.0225,1.035,96.4334,0.6318,95.7919,0.255,94.9095,0.0,93.6339,0.0,97.4362,0.7732,96.8914,0.4027,96.2971,0.0569,95.6463,0.0,94.5786,0.0,97.6449,0.5852,96.863,0.2304,95.7135,0.0,94.4617,0.0,93.0661,0.0
2021-11-01,61299.81,64270.0,59405.0,63273.59,253033.72432,92.4868,5.2151,91.7844,4.7414,91.0165,4.3,90.1736,3.8875,89.2441,3.5013,93.8271,4.1716,93.221,3.7556,92.5614,3.3668,91.8408,3.0026,91.0504,2.6607,94.6639,3.2206,93.5984,2.7874,92.2077,2.3845,90.7257,2.0088,89.1431,1.6576,95.7879,2.1364,95.153,1.709,93.9969,1.3107,92.6206,0.9386,91.1473,0.5902,96.4571,1.4278,95.8118,0.9912,95.1049,0.584,93.7923,0.2033,92.3829,0.0,97.1185,1.0,96.5467,0.6102,95.9233,0.2462,95.065,0.0,93.8222,0.0,97.5949,0.7276,97.0866,0.3792,96.5331,0.0536,95.9283,0.0,94.9334,0.0,97.8984,0.533,97.4174,0.2107,96.8907,0.0,96.3116,0.0,95.6455,0.0
2021-11-08,63273.58,69000.0,62278.0,65519.1,294213.112708,100.0,0.0,100.0,0.0,100.0,0.0,100.0,0.0,100.0,0.0,94.5271,3.7008,93.9908,3.3322,93.4074,2.9876,92.7704,2.6647,92.072,2.3615,95.371,2.8378,94.8307,2.464,94.244,2.1142,93.6045,1.7861,92.9047,1.4778,95.8805,2.0899,95.2598,1.6718,94.1282,1.2822,92.7802,0.9182,91.3364,0.5774,96.6242,1.3646,96.0131,0.9479,95.3448,0.5588,94.0995,0.1947,92.7637,0.0,97.1943,0.9724,96.6361,0.5932,96.0272,0.2393,95.1878,0.0,93.9711,0.0,97.692,0.6976,97.2034,0.3635,96.6711,0.0514,96.0891,0.0,95.1303,0.0,98.0439,0.5006,97.603,0.1982,97.1229,0.0,96.5984,0.0,95.9987,0.0
2021-11-15,65519.11,66401.82,55600.0,58622.02,340150.61676,97.159,0.9723,96.586,0.5884,95.9585,0.2309,95.2685,0.0,94.5061,0.0,98.6,0.0,97.9278,0.0,97.1982,0.0,96.4037,0.0,95.5351,0.0,94.993,2.877,93.7687,2.4923,92.4704,2.1339,91.0911,1.7991,89.6229,1.4857,95.8842,2.0841,95.2613,1.6666,94.0997,1.2777,92.69,0.9147,91.1823,0.575,96.3074,1.4702,95.6186,1.0181,94.858,0.5984,93.2857,0.2079,91.1462,0.0,97.0455,1.0127,96.4457,0.6164,95.7867,0.2481,94.8769,0.0,93.5575,0.0,97.5511,0.7305,97.0207,0.3796,96.438,0.0535,95.7949,0.0,94.7389,0.0,97.9719,0.5139,97.5071,0.2031,96.9979,0.0,96.4376,0.0,95.7929,0.0
2021-11-22,58617.7,59444.0,53256.64,57274.88,315216.31943,91.3542,4.502,90.104,3.6378,88.7458,2.829,87.2651,2.1831,85.6445,1.8169,95.2233,1.6165,94.0533,1.2431,92.7999,0.8969,91.4538,0.575,90.0044,0.2749,97.3899,0.2564,96.0542,0.0,94.6401,0.0,93.1405,0.0,91.5475,0.0,94.3947,2.1491,93.1456,1.7159,91.3682,1.3137,89.3622,0.9393,87.2744,0.5898,95.7409,1.49,94.4723,1.0311,93.1096,0.6057,91.4836,0.2103,89.3185,0.0,96.7323,1.1007,95.7059,0.6676,94.3733,0.2679,92.7346,0.0,90.641,0.0,97.3917,0.7681,96.8141,0.3981,96.0758,0.056,94.8635,0.0,93.1863,0.0,97.8275,0.5426,97.3175,0.2138,96.7536,0.0,96.1265,0.0,94.9938,0.0
2021-11-29,57274.89,59176.99,42000.3,49396.33,390528.912488,67.0319,23.893,64.469,21.8788,61.7696,19.953,58.9226,18.1957,55.9155,16.7112,78.3899,14.9899,76.3644,13.7598,74.2387,12.6029,72.0051,11.513,69.6551,10.4843,84.0612,10.8253,82.1946,9.8909,80.2565,9.1966,78.2429,8.5479,76.1492,7.9405,86.7117,8.9302,85.2711,8.2349,83.4167,7.5852,81.3803,6.9769,79.2716,6.4061,85.4268,9.1146,83.5679,8.0177,81.6256,6.9805,79.4955,5.9983,77.0293,5.2082,87.4671,7.6398,85.7726,6.6038,83.829,5.6293,81.7768,4.8025,79.6066,4.251,88.8232,6.4888,87.4075,5.5118,85.7933,4.5977,83.75,3.9953,81.3168,3.4864,90.7796,5.2098,89.5669,4.3751,88.2479,3.6811,86.8083,3.2249,84.9095,2.8013
2021-12-06,49396.32,51936.33,46751.0,50053.9,272083.99753,48.6871,39.853,45.7418,37.0658,42.7634,34.3085,39.7511,31.6386,36.7045,29.1539,61.9948,27.7546,59.1501,25.5747,56.2324,23.494,53.2388,21.5059,50.1663,19.6043,73.2084,19.1146,70.8081,17.5438,68.3544,16.2128,65.8457,14.9572,63.2801,13.7707,78.8017,15.0377,76.9472,13.8717,74.7869,12.7683,72.5039,11.7226,70.1786,10.7301,81.6251,12.7818,79.7801,11.638,77.8559,10.5543,75.7648,9.5261,73.3869,8.5492,81.0211,12.285,78.9457,10.7997,76.6831,9.3797,74.3474,8.1068,71.9349,7.1088,83.0488,10.4874,81.1894,9.0776,79.1571,7.7381,76.7916,6.7055,74.3204,5.7818,84.7508,9.0495,82.9339,7.7208,80.9875,6.5526,78.8969,5.6468,76.4032,4.7991
2021-12-13,50053.9,50189.97,45456.0,46681.23,271834.80183,31.1167,58.5666,28.738,55.7664,26.4321,52.8685,24.1957,49.8681,22.0257,46.8052,44.0288,44.1407,41.0974,41.2707,38.1886,38.4518,35.3021,35.6827,32.4377,32.962,56.4371,32.9427,53.5636,30.5488,50.6907,28.3534,47.8184,26.2533,44.9466,24.2424,67.1738,24.5194,64.8509,22.7659,62.3556,21.0864,59.8095,19.4762,57.2569,17.9312,72.8512,20.0999,70.7585,18.5577,68.6139,17.075,66.3681,15.6486,63.9674,14.2753,75.6646,17.5853,73.6321,16.0764,71.446,14.63,69.194,13.2424,66.8732,11.9101,75.4636,16.6888,73.3095,14.8989,71.0315,13.1706,68.5366,11.7136,65.9849,10.3645,77.688,14.6783,75.5506,12.97,73.308,11.4076,70.9525,10.0874,68.3342,8.8347
2021-12-20,46681.24,51810.0,45558.85,50775.49,209149.42595,17.7185,74.6611,16.1739,72.2896,14.742,69.6738,13.4108,66.6965,12.1702,62.8948,32.3533,55.2961,29.6425,51.8998,27.0508,48.4375,24.5707,44.9073,22.195,41.3685,45.1971,41.8808,42.0816,38.7193,39.0536,35.6897,36.1096,32.735,33.246,29.8526,56.9375,31.8697,53.9849,29.3432,50.9948,26.8961,48.044,24.5248,45.145,22.2257,66.9487,24.0999,64.4444,22.0645,61.912,20.0882,59.3229,18.1684,56.6653,16.3028,72.2587,19.8752,70.0131,18.0556,67.6568,16.2896,65.2672,14.575,62.8437,12.9093,74.794,17.4096,72.6546,15.6309,70.3935,13.9133,67.922,12.2537,65.3942,10.6493,74.8289,16.3937,72.4596,14.3589,70.0136,12.4588,67.487,10.7973,64.7668,9.2413
2021-12-27,50775.48,52088.0,45678.0,47286.18,217379.6422,0.0,100.0,0.0,100.0,0.0,100.0,0.0,99.7084,0.0,96.8859,17.0473,73.7106,15.3446,70.6611,13.776,67.3955,12.3263,63.8899,10.9823,60.0283,31.4745,55.5797,28.8004,52.0502,26.281,48.4594,23.9033,44.8481,21.6556,41.2161,43.911,43.2458,40.7819,40.0791,37.8268,36.9485,35.0261,33.8531,32.339,30.7925,54.9103,33.8006,51.9937,31.1011,49.0957,28.4434,46.2284,25.8266,43.4553,23.2498,64.3938,26.1914,61.861,23.9403,59.2783,21.7279,56.6978,19.5535,54.1196,17.4159,69.3912,21.9187,67.0932,19.8635,64.7165,17.8523,62.2102,15.8836,59.687,13.9561,71.9397,19.4537,69.6228,17.4534,67.2334,15.5087,64.7683,13.6172,62.1379,11.8123
2022-01-03,47286.18,47570.0,40501.0,41864.62,264331.61587,0.0,100.0,0.0,100.0,0.0,100.0,0.0,99.9987,0.0,98.6011,0.0,98.5853,0.0,97.5847,0.0,96.4605,0.0,95.1882,0.0,93.3026,15.3779,75.2404,13.8834,72.2993,12.5134,69.0287,11.2529,65.6082,10.0892,62.0271,28.9272,59.126,26.2812,55.8478,23.9967,52.5157,21.9321,49.1283,19.993,45.6845,40.2384,47.8338,37.4395,44.788,34.7154,41.7268,32.1192,38.6501,29.7765,35.5577,50.3783,38.7419,47.6621,36.0324,44.9933,33.3272,42.372,30.6262,39.797,27.9294,59.3285,31.0478,56.879,28.6846,54.4044,26.3381,51.9078,24.0081,49.4328,21.6944,64.2366,26.64,61.8711,24.4402,59.4702,22.2715,57.0331,20.1331,54.5302,18.0538
2022-01-10,41864.62,44500.0,39650.0,43071.66,232059.06969,0.0,100.0,0.0,100.0,0.0,100.0,0.0,99.9988,0.0,98.7436,0.0,100.0,0.0,100.0,0.0,100.0,0.0,100.0,0.0,99.5439,0.0,96.4382,0.0,94.9085,0.0,92.8187,0.0,90.5267,0.0,88.0016,15.4359,74.7587,13.512,71.6989,12.0844,68.484,10.8939,65.102,9.8011,61.5396,28.2087,60.1833,25.7504,57.001,23.4102,53.7218,21.2685,50.3412,19.4875,46.8545,38.755,49.673,36.0735,46.6496,33.532,43.5713,31.0815,40.4366,28.7172,37.2437,48.176,40.9913,45.5286,38.2206,42.917,35.4243,40.4011,32.602,37.9482,29.7532,56.5738,33.4652,54.0813,30.9771,51.588,28.4899,49.0937,26.0037,46.6196,23.544
2022-01-17,43071.66,43505.0,34008.0,36244.55,354513.98432,0.0,100.0,0.0,100.0,0.0,100.0,0.0,99.9989,0.0,98.805,0.0,100.0,0.0,100.0,0.0,100.0,0.0,100.0,0.0,99.6483,0.0,100.0,0.0,99.7556,0.0,99.1108,0.0,98.3915,0.0,97.584,0.8282,94.7101,0.1598,92.9294,0.0,90.9967,0.0,88.8919,0.0,86.5908,14.4101,76.7321,12.7868,74.1019,11.2705,71.3187,9.9647,68.3687,9.0526,65.2365,25.7699,63.9247,23.5783,61.0939,21.587,58.149,19.6979,55.0829,17.9035,51.8881,35.3019,54.2571,32.8591,51.4654,30.5102,48.595,28.3636,45.6425,26.3023,42.6043,43.8048,45.9471,41.3434,43.2796,38.9203,40.5678,36.5346,37.8105,34.2805,35.0223
2022-01-24,36244.55,38919.98,32917.17,37881.76,353702.626391,0.0,100.0,0.0,100.0,0.0,100.0,0.0,99.9989,0.0,98.8262,0.0,100.0,0.0,100.0,0.0,100.0,0.0,100.0,0.0,99.6332,0.0,100.0,0.0,100.0,0.0,100.0,0.0,100.0,0.0,100.0,0.0,98.9502,0.0,98.2111,0.0,97.3918,0.0,96.4787,0.0,95.4545,1.6021,93.3865,0.9706,91.709,0.3927,89.8773,0.0,87.8691,0.0,85.6577,14.293,77.2881,12.6931,74.842,11.3277,72.2319,10.0548,69.4408,8.8655,66.449,24.9214,65.5224,22.7859,62.8427,20.7861,60.0294,19.0628,57.0721,17.4328,53.9596,33.5933,56.4202,31.2953,53.7041,29.0692,50.8908,26.9117,47.9749,24.9673,44.9565
2022-01-31,37881.75,42656.0,36250.0,42380.87,258946.95322,0.0,99.6997,0.0,98.7893,0.0,97.7948,0.0,96.7026,0.0,94.2899,0.0,100.0,0.0,100.0,0.0,100.0,0.0,99.559,0.0,98.3377,0.0,100.0,0.0,100.0,0.0,100.0,0.0,100.0,0.0,100.0,0.0,100.0,0.0,100.0,0.0,100.0,0.0,100.0,0.0,100.0,0.0,98.0248,0.0,97.2292,0.0,96.3355,0.0,95.3241,0.0,94.1703,2.5446,91.9717,1.7398,90.2563,1.18,88.3593,0.6695,86.2504,0.2021,83.8919,15.2503,76.394,13.4865,73.9053,11.8926,71.2185,10.645,68.309,9.4862,65.1479,25.3746,64.9925,23.2636,62.2354,21.2543,59.3138,19.3395,56.2126,17.7061,52.9107
2022-02-07,42380.87,45821.0,41645.85,42053.66,301990.47877,0.0,99.6914,0.0,98.7616,0.0,97.2388,0.0,95.4941,0.0,93.6485,0.0,100.0,0.0,100.0,0.0,100.0,0.0,99.2535,0.0,96.9244,0.0,100.0,0.0,100.0,0.0,100.0,0.0,100.0,0.0,100.0,0.0,100.0,0.0,100.0,0.0,100.0,0.0,100.0,0.0,100.0,0.0,100.0,0.0,100.0,0.0,100.0,0.0,100.0,0.0,100.0,0.1926,97.2339,0.0,96.3854,0.0,95.4215,0.0,94.3167,0.0,93.0379,3.742,90.8606,2.6755,89.1334,1.7794,87.2013,1.2759,85.0256,0.8171,82.5569,15.9569,75.7065,14.2284,73.1751,12.614,70.4165,11.1028,67.399,9.9309,64.0626
2022-02-14,42053.65,44751.4,38000.0,38386.89,243150.46162,0.0,99.6863,0.0,98.7446,0.0,97.2104,0.0,95.4642,0.0,93.6306,0.0,100.0,0.0,100.0,0.0,100.0,0.0,99.3236,0.0,97.6452,0.0,100.0,0.0,100.0,0.0,100.0,0.0,100.0,0.0,100.0,0.0,100.0,0.0,100.0,0.0,100.0,0.0,100.0,0.0,100.0,0.0,100.0,0.0,100.0,0.0,100.0,0.0,100.0,0.0,100.0,0.0,100.0,0.0,100.0,0.0,100.0,0.0,100.0,0.0,100.0,0.7975,96.7891,0.3368,95.9866,0.0,95.0706,0.0,94.0154,0.0,92.7863,4.537,90.358,3.5355,88.7112,2.6167,86.8615,1.7708,84.7688,1.2898,82.3242
2022-02-21,38386.89,40348.45,34322.28,37699.07,412335.93267,0.0,99.6319,0.0,98.5239,0.0,96.719,0.0,94.666,0.0,92.5111,0.0,100.0,0.0,100.0,0.0,100.0,0.0,99.3275,0.0,97.6749,0.0,100.0,0.0,100.0,0.0,100.0,0.0,100.0,0.0,100.0,0.0,100.0,0.0,100.0,0.0,100.0,0.0,100.0,0.0,100.0,0.0,100.0,0.0,100.0,0.0,100.0,0.0,100.0,0.0,100.0,0.0,100.0,0.0,100.0,0.0,100.0,0.0,100.0,0.0,100.0,0.0,100.0,0.0,100.0,0.0,100.0,0.0,100.0,0.0,100.0,1.2517,96.4272,0.8108,95.6511,0.4103,94.7626,0.0449,93.7355,0.0,92.4567
2022-02-28,37699.08,45400.0,37450.17,38420.81,376417.0783,0.0,99.5841,0.0,98.3285,0.0,96.2822,0.0,93.9543,0.0,91.5094,0.0,100.0,0.0,100.0,0.0,100.0,0.0,99.1928,0.0,97.2095,0.0,100.0,0.0,100.0,0.0,100.0,0.0,100.0,0.0,100.0,0.0,100.0,0.0,100.0,0.0,100.0,0.0,100.0,0.0,100.0,0.0,100.0,0.0,100.0,0.0,100.0,0.0,100.0,0.0,100.0,0.0,100.0,0.0,100.0,0.0,100.0,0.0,100.0,0.0,100.0,0.0,100.0,0.0,100.0,0.0,100.0,0.0,100.0,0.0,100.0,0.0,100.0,0.0,100.0,0.0,100.0,0.0,100.0,0.0,99.9071
2022-03-07,38420.8,42594.06,37155.0,37777.34,374777.65361,0.0,99.385,0.0,97.507,0.0,94.4436,0.0,90.9616,0.0,87.3026,0.0,100.0,0.0,100.0,0.0,100.0,0.0,99.1124,0.0,96.9409,0.0,100.0,0.0,100.0,0.0,100.0,0.0,100.0,0.0,100.0,0.0,100.0,0.0,100.0,0.0,100.0,0.0,100.0,0.0,100.0,0.0,100.0,0.0,100.0,0.0,100.0,0.0,100.0,0.0,100.0,0.0,100.0,0.0,100.0,0.0,100.0,0.0,100.0,0.0,100.0,0.0,100.0,0.0,100.0,0.0,100.0,0.0,100.0,0.0,100.0,0.0,100.0,0.0,100.0,0.0,100.0,0.0,100.0,0.0,99.9069
2022-03-14,37777.35,42400.0,37555.0,41262.11,323399.671,8.753,84.2305,7.5779,80.4593,6.5243,75.7517,5.5744,70.8796,4.7136,66.0489,3.9387,92.9458,3.3447,91.9085,2.8045,90.7236,2.3112,88.3605,1.8588,84.5046,1.5382,96.7822,1.2022,96.252,0.892,95.663,0.6047,95.0048,0.338,94.2645,0.4445,98.2667,0.1899,97.854,0.0,97.3923,0.0,96.8721,0.0,96.2817,0.0,99.3215,0.0,99.0347,0.0,98.7121,0.0,98.3468,0.0,97.9295,0.0,99.8592,0.0,99.563,0.0,99.2276,0.0,98.8446,0.0,98.4031,0.0,100.0,0.0,99.8881,0.0,99.4963,0.0,99.0441,0.0,98.5163,0.0,100.0,0.0,100.0,0.0,100.0,0.0,99.6483,0.0,99.1098
2022-03-21,41262.11,46999.0,40467.94,46827.76,315436.15044,35.1245,55.1417,32.9477,52.4144,30.8609,49.56,28.8585,46.6814,26.9355,43.7892,27.4747,62.7843,25.4408,59.8487,23.5367,56.6615,21.7504,53.115,20.0713,49.4378,17.3929,75.9785,16.0162,73.9694,14.7297,71.7821,13.5248,69.3917,12.3939,66.7686,10.7658,84.7559,9.8324,83.4039,8.9974,81.9346,8.3713,80.3321,7.7883,78.5776,7.99,88.4266,7.3926,87.2486,6.8432,85.9474,6.3364,84.5026,5.8673,82.889,6.1373,91.3559,5.6684,90.3514,5.2382,89.2367,4.8422,87.9923,4.4765,86.5944,5.0902,92.6608,4.6544,91.8373,4.2561,90.7097,3.8907,89.4435,3.5542,88.0115,4.3945,93.2655,3.9493,92.4845,3.5447,91.5914,3.1754,90.2773,2.8369,88.6695
2022-03-28,46827.76,48189.84,44200.0,46407.35,312053.15964,47.3407,43.47,45.0524,41.1635,42.7678,38.8534,40.4868,36.5396,38.2093,34.2221,39.8504,50.0659,37.4984,47.3612,35.2085,44.5766,32.9785,41.7534,30.8059,39.0489,32.21,57.5033,29.9425,54.5773,27.7797,51.4853,25.7146,48.2129,23.7408,44.7439,21.9546,69.9964,20.2189,67.6531,18.6118,65.1503,17.2413,62.4711,15.9547,59.5963,14.7976,79.3372,13.6779,77.5419,12.6338,75.6051,11.6577,73.5093,10.7433,71.234,11.7465,83.4356,10.7996,81.7591,9.9244,79.9243,9.1131,77.9074,8.3591,75.6802,9.2282,86.779,8.4326,85.4384,7.699,83.7876,7.0205,81.9663,6.3912,79.9466,7.7564,88.3657,6.9909,87.1233,6.2873,85.7327,5.6382,83.9428,5.0377,81.9207
2022-04-04,46407.36,47200.0,41868.0,42158.85,268118.29111,54.4154,34.126,51.6103,31.2707,48.8286,28.7919,46.0698,26.3964,43.3337,24.08,41.0822,48.8443,38.7143,46.1975,36.4024,43.5814,34.1444,40.9863,31.9385,38.4119,33.8317,55.6782,31.4992,52.704,29.2677,49.6176,27.1308,46.4628,25.0826,43.2374,26.9444,62.8971,24.7738,59.9051,22.7638,56.6174,21.0309,53.1724,19.4123,49.5586,18.623,73.659,17.1542,71.2707,15.7937,68.5757,14.5298,65.597,13.3526,62.4054,13.0019,81.6218,11.9472,79.7584,10.9736,77.7101,10.0719,75.2628,9.2345,72.6043,10.3751,84.9715,9.46,83.3943,8.6198,81.4584,7.8456,79.2718,7.13,76.6789,8.1589,87.7446,7.3516,86.4297,6.6099,84.9565,5.9262,83.0657,5.2938,80.8991
2022-04-11,42158.85,42414.71,39200.0,39678.12,259281.0487,56.2566,31.1541,53.216,27.9824,50.2165,25.2558,47.2572,22.6119,44.3372,20.0468,43.8076,45.1922,41.2369,42.3207,38.7325,39.5132,36.2917,36.7281,33.9122,33.965,32.9265,57.3153,30.7286,54.5735,28.6163,51.727,26.5844,48.8317,24.6286,45.8865,26.8064,63.5537,24.7146,60.76,22.7683,57.6969,21.0863,54.511,19.5079,51.1948,21.4441,69.6435,19.7379,66.8921,18.1597,63.817,16.6955,60.4505,15.3336,56.8554,15.4501,77.945,14.1672,75.6617,12.9875,73.1436,11.8991,70.1749,10.8918,66.9455,11.0491,84.0434,10.0805,82.3884,9.1902,80.3662,8.3691,78.0905,7.6093,75.4075,8.8519,86.6298,7.9674,85.1689,7.1565,83.5259,6.4103,81.4256,5.7214,79.015
2022-04-18,39678.11,42976.0,38536.51,39450.13,283885.03637,55.0994,31.6934,51.9603,28.3039,48.8825,25.333,45.8643,22.4325,42.9038,19.5998,46.8884,40.6156,44.0118,37.3491,41.225,34.1846,38.5238,31.0344,35.9042,27.8983,35.9365,53.4803,33.5487,50.5388,31.2522,47.5272,29.0419,44.4743,26.9131,41.3793,26.7693,63.9729,24.7353,61.3245,22.8355,58.4256,21.1903,55.4284,19.6406,52.3276,21.7727,69.6613,20.1048,67.0684,18.5525,64.1918,17.104,61.069,15.7494,57.7708,17.7121,74.7239,16.2405,72.1384,14.8875,69.2951,13.6393,65.9939,12.4841,62.4232,12.9704,81.0452,11.8059,79.0092,10.7403,76.5386,9.7614,73.7513,8.8592,70.4888,9.4004,85.834,8.4649,84.2978,7.6065,82.5729,6.816,80.3783,6.0857,77.868
2022-04-25,39450.12,40797.31,37386.38,38468.35,368444.26814,53.3457,32.9871,50.15,29.4103,47.0359,26.2019,44.0004,23.0455,41.0405,19.94,46.1986,41.0218,43.2854,37.6391,40.4731,34.3397,37.7567,31.0401,35.1312,27.7402,38.2426,50.2611,35.6637,47.0712,33.1886,43.8339,30.8112,40.5504,28.5257,37.2199,28.8145,61.2339,26.6271,58.3898,24.5811,55.3167,22.7997,52.1459,21.1231,48.8726,21.6639,70.1292,20.0493,67.6761,18.5401,64.964,17.1261,62.0319,15.7987,58.9556,17.8951,74.9429,16.4707,72.5409,15.1515,69.9306,13.9263,66.9191,12.7853,63.7065,14.5623,78.7659,13.2606,76.5105,12.0684,73.7992,10.9725,70.7581,9.9616,67.2402,10.7971,83.572,9.7044,81.7337,8.7053,79.6557,7.7883,77.0336,6.9436,74.0271
2022-05-02,38468.35,40023.77,33713.95,34038.4,419979.5829,37.5855,51.1958,35.1209,47.9999,32.7729,44.7257,30.5335,41.3902,28.3953,37.9917,39.5656,49.1521,37.0146,46.062,34.5594,42.9505,32.1946,39.8104,29.9153,36.6413,33.652,56.1746,31.3735,53.3079,29.188,50.3367,27.0898,47.3091,25.0739,44.2234,27.5283,63.3142,25.492,60.7273,23.5819,57.9142,21.9212,55.0238,20.3514,52.0528,21.18,71.0694,19.6429,68.7772,18.2001,66.2465,16.8433,63.5161,15.5649,60.6665,16.6033,77.3205,15.361,75.314,14.1989,73.1622,13.1095,70.6692,12.0861,68.0456,13.7993,80.5509,12.6512,78.7091,11.5859,76.5059,10.5947,74.0809,9.6703,71.2994,11.28,83.0722,10.1658,81.2616,9.1417,79.2343,8.1974,76.6939,7.3237,73.8147
2022-05-09,34038.39,34243.15,26700.0,31328.89,964223.849274,14.0334,79.3483,12.6995,77.1823,11.4652,74.3856,10.3198,71.4066,9.2539,68.2267,28.5334,62.8328,26.6659,60.2511,24.8964,57.4878,23.2175,54.6224,21.6223,51.6494,28.8874,62.2018,26.9031,59.6417,25.0037,56.9295,23.1839,54.1471,21.4388,51.2915,24.1956,67.8476,22.4201,65.6059,20.7564,63.1168,19.3224,60.5557,17.9631,57.9194,19.8385,73.1111,18.4348,71.0415,17.1122,68.7507,15.8639,66.2741,14.6839,63.6975,15.8749,78.5152,14.7163,76.6697,13.6282,74.6997,12.6046,72.4082,11.6397,70.0072,12.6777,82.5745,11.6832,81.0635,10.7512,79.2521,9.8759,77.2807,9.0524,75.0196,10.5438,84.6752,9.5636,83.2056,8.6516,81.5946,7.8008,79.5733,7.0052,77.3249
2022-05-16,31328.89,31328.9,28654.47,30293.94,375096.22376,0.0,100.0,0.0,99.8315,0.0,98.7985,0.0,97.6465,0.0,96.3536,11.1235,83.9574,10.1307,82.1722,9.2116,80.012,8.3582,77.6884,7.5638,75.1821,22.5045,70.5954,21.0244,68.4885,19.6261,66.153,18.303,63.703,17.049,61.1301,21.7156,70.9116,20.0863,68.8118,18.5668,66.4422,17.2676,63.9874,16.0385,61.4428,18.151,75.5245,16.8915,73.6751,15.7015,71.6179,14.5753,69.3844,13.5079,67.0631,15.1931,79.5423,14.0999,77.8112,13.0712,75.9671,12.1013,73.8131,11.1853,71.5603,12.3018,83.2392,11.3578,81.8315,10.4699,80.142,9.6332,78.31,8.8435,76.2081,9.8758,85.9717,9.0006,84.7329,8.1787,83.3945,7.4052,81.7066,6.6762,79.8501
2022-05-23,30293.93,30670.51,28019.56,29468.1,430508.71991,0.0,100.0,0.0,100.0,0.0,100.0,0.0,100.0,0.0,100.0,0.0,100.0,0.0,99.6202,0.0,98.8336,0.0,97.9562,0.0,96.9712,9.01,87.1857,8.2395,85.8285,7.5253,84.1234,6.8615,82.2786,6.2429,80.2759,18.0888,76.1793,16.863,74.4864,15.7062,72.4828,14.6125,70.3672,13.5771,68.1299,16.8217,77.2057,15.6422,75.4461,14.5294,73.4764,13.4778,71.3239,12.4825,69.0764,14.2577,80.8577,13.2407,79.247,12.2823,77.5323,11.3778,75.5172,10.5225,73.4093,11.9435,83.7626,11.0321,82.4087,10.1741,80.7808,9.3649,79.0158,8.6005,76.9873,9.6839,86.3512,8.8403,85.1802,8.0455,83.9212,7.2953,82.33,6.5862,80.5863
2022-05-30,29468.1,32399.0,29282.36,29919.21,422401.40352,0.0,100.0,0.0,100.0,0.0,100.0,0.0,100.0,0.0,100.0,0.0,100.0,0.0,100.0,0.0,100.0,0.0,100.0,0.0,100.0,0.0,100.0,0.0,99.7536,0.0,99.1411,0.0,98.4564,0.0,97.6861,7.5202,89.3057,6.8762,88.3038,6.2791,86.8703,5.7239,85.3127,5.2063,83.6143,15.0174,79.9992,13.9563,78.5286,12.9563,76.8358,12.0124,74.9375,11.1199,72.9196,13.7672,81.4574,12.7769,79.8748,11.8449,78.186,10.9662,76.1944,10.1363,74.1047,11.5948,84.2354,10.7098,82.9193,9.8766,81.3335,9.091,79.6127,8.3488,77.6304,9.6494,86.4203,8.8116,85.2619,8.0218,84.0174,7.2759,82.444,6.5705,80.721
2022-06-06,29919.2,31765.64,26560.0,26574.53,528925.487959,0.0,100.0,0.0,100.0,0.0,100.0,0.0,100.0,0.0,100.0,0.0,100.0,0.0,100.0,0.0,100.0,0.0,100.0,0.0,100.0,0.0,100.0,0.0,100.0,0.0,100.0,0.0,100.0,0.0,100.0,0.0,100.0,0.0,99.9813,0.0,99.5308,0.0,99.0308,0.0,98.4726,5.9876,91.4727,5.4665,90.6929,4.9814,89.6743,4.5287,88.4251,4.1053,87.067,12.066,83.9109,11.2083,82.7253,10.3997,81.4438,9.636,79.8652,8.9136,78.1844,10.8813,85.2193,10.0528,83.9874,9.2725,82.497,8.5364,80.8775,7.8409,79.004,9.1222,87.2015,8.3357,86.1222,7.5932,84.965,6.8912,83.495,6.2265,81.8852
2022-06-13,26574.53,26895.84,17622.0,20574.0,1153717.637537,0.0,100.0,0.0,100.0,0.0,100.0,0.0,100.0,0.0,100.0,0.0,100.0,0.0,100.0,0.0,100.0,0.0,100.0,0.0,100.0,0.0,100.0,0.0,100.0,0.0,100.0,0.0,100.0,0.0,100.0,0.0,100.0,0.0,100.0,0.0,100.0,0.0,100.0,0.0,100.0,0.0,100.0,0.0,100.0,0.0,99.8167,0.0,99.4558,0.0,99.0585,4.5518,93.5921,4.1644,93.0326,3.8017,92.4152,3.4615,91.489,3.1418,90.489,9.2044,87.6337,8.5236,86.7117,7.8794,85.7263,7.2692,84.6358,6.6901,83.3163,8.184,88.5844,7.4877,87.6428,6.8288,86.6367,6.2044,85.3477,5.6119,83.9363
2022-06-20,20574.0,21888.0,19637.03,21038.07,570801.23178,0.0,100.0,0.0,100.0,0.0,100.0,0.0,100.0,0.0,100.0,0.0,100.0,0.0,100.0,0.0,100.0,0.0,100.0,0.0,100.0,0.0,100.0,0.0,100.0,0.0,100.0,0.0,100.0,0.0,100.0,0.0,100.0,0.0,100.0,0.0,100.0,0.0,100.0,0.0,100.0,0.0,100.0,0.0,100.0,0.0,100.0,0.0,100.0,0.0,100.0,0.0,100.0,0.0,100.0,0.0,99.9892,0.0,99.6908,0.0,99.3642,3.6505,94.8851,3.3428,94.4469,3.054,93.9727,2.7826,93.4161,2.527,92.625,7.2809,89.8846,6.6672,89.0629,6.0855,88.1871,5.5333,87.2516,5.0086,86.2237
2022-06-27,21038.08,21539.85,18626.0,19315.83,508544.1397,0.0,100.0,0.0,100.0,0.0,100.0,0.0,100.0,0.0,100.0,0.0,100.0,0.0,100.0,0.0,100.0,0.0,100.0,0.0,100.0,0.0,100.0,0.0,100.0,0.0,100.0,0.0,100.0,0.0,100.0,0.0,100.0,0.0,100.0,0.0,100.0,0.0,100.0,0.0,100.0,0.0,100.0,0.0,100.0,0.0,100.0,0.0,100.0,0.0,100.0,0.0,100.0,0.0,100.0,0.0,100.0,0.0,100.0,0.0,100.0,0.0,100.0,0.0,100.0,0.0,100.0,0.0,99.9546,0.0,99.699,2.9174,95.819,2.6501,95.4436,2.3986,95.0388,2.1618,94.601,1.9382,94.0952
2022-07-04,19315.83,22527.37,19055.31,20862.47,1111996.98071,0.0,100.0,0.0,100.0,0.0,100.0,0.0,100.0,0.0,100.0,0.0,100.0,0.0,100.0,0.0,100.0,0.0,100.0,0.0,100.0,0.0,100.0,0.0,100.0,0.0,100.0,0.0,100.0,0.0,100.0,0.0,100.0,0.0,100.0,0.0,100.0,0.0,100.0,0.0,100.0,0.0,100.0,0.0,100.0,0.0,100.0,0.0,100.0,0.0,100.0,0.0,100.0,0.0,100.0,0.0,100.0,0.0,100.0,0.0,100.0,0.0,100.0,0.0,100.0,0.0,100.0,0.0,100.0,0.0,100.0,0.0,100.0,0.0,100.0,0.0,100.0,0.0,100.0,0.0,99.9656
2022-07-11,20861.11,21684.54,18910.94,20798.16,1043685.76303,0.0,100.0,0.0,100.0,0.0,100.0,0.0,100.0,0.0,100.0,0.0,100.0,0.0,100.0,0.0,100.0,0.0,100.0,0.0,100.0,0.0,100.0,0.0,100.0,0.0,100.0,0.0,100.0,0.0,100.0,0.0,100.0,0.0,100.0,0.0,100.0,0.0,100.0,0.0,100.0,0.0,100.0,0.0,100.0,0.0,100.0,0.0,100.0,0.0,100.0,0.0,100.0,0.0,100.0,0.0,100.0,0.0,100.0,0.0,100.0,0.0,100.0,0.0,100.0,0.0,100.0,0.0,100.0,0.0,100.0,0.0,100.0,0.0,100.0,0.0,100.0,0.0,100.0,0.0,100.0
2022-07-18,20799.58,24276.74,20762.45,22579.68,1336219.23609,0.0,100.0,0.0,100.0,0.0,99.8248,0.0,99.3521,0.0,98.8334,0.0,100.0,0.0,100.0,0.0,100.0,0.0,100.0,0.0,99.6967,0.0,100.0,0.0,100.0,0.0,100.0,0.0,100.0,0.0,100.0,0.0,100.0,0.0,100.0,0.0,100.0,0.0,100.0,0.0,100.0,0.0,100.0,0.0,100.0,0.0,100.0,0.0,100.0,0.0,100.0,0.0,100.0,0.0,100.0,0.0,100.0,0.0,100.0,0.0,100.0,0.0,100.0,0.0,100.0,0.0,100.0,0.0,100.0,0.0,100.0,0.0,100.0,0.0,100.0,0.0,100.0,0.0,100.0,0.0,100.0
2022-07-25,22577.13,24668.0,20706.5,23293.32,1282264.24492,0.4272,98.4326,0.1958,98.0783,0.0,97.4926,0.0,96.5426,0.0,95.5088,0.0,99.8812,0.0,99.528,0.0,99.1406,0.0,98.7137,0.0,97.9281,0.0,100.0,0.0,100.0,0.0,99.9636,0.0,99.4921,0.0,98.9699,0.0,100.0,0.0,100.0,0.0,100.0,0.0,100.0,0.0,100.0,0.0,100.0,0.0,100.0,0.0,100.0,0.0,100.0,0.0,100.0,0.0,100.0,0.0,100.0,0.0,100.0,0.0,100.0,0.0,100.0,0.0,100.0,0.0,100.0,0.0,100.0,0.0,100.0,0.0,100.0,0.0,100.0,0.0,100.0,0.0,100.0,0.0,100.0,0.0,100.0
2022-08-01,23296.36,23647.68,22400.0,23174.39,951140.43388,0.6163,96.2432,0.2797,95.1697,0.0,93.7058,0.0,91.6751,0.0,89.4611,0.0,99.8599,0.0,99.442,0.0,98.8361,0.0,98.0464,0.0,96.8172,0.0,100.0,0.0,100.0,0.0,99.9604,0.0,99.447,0.0,98.8438,0.0,100.0,0.0,100.0,0.0,100.0,0.0,100.0,0.0,100.0,0.0,100.0,0.0,100.0,0.0,100.0,0.0,100.0,0.0,100.0,0.0,100.0,0.0,100.0,0.0,100.0,0.0,100.0,0.0,100.0,0.0,100.0,0.0,100.0,0.0,100.0,0.0,100.0,0.0,100.0,0.0,100.0,0.0,100.0,0.0,100.0,0.0,100.0,0.0,100.0
2022-08-08,23174.39,25047.56,22664.69,24305.24,1251083.26468,6.3771,85.4776,5.0867,82.872,3.9431,79.7641,3.2305,76.0517,2.5848,72.1178,2.2762,95.398,1.8617,94.1744,1.4835,92.6447,1.1369,90.8134,0.8181,88.3902,0.7052,98.195,0.4859,97.8465,0.2838,97.4153,0.0967,96.4291,0.0,95.3081,0.0,99.2753,0.0,98.9826,0.0,98.658,0.0,98.2959,0.0,97.8896,0.0,99.9253,0.0,99.6174,0.0,99.275,0.0,98.8918,0.0,98.4602,0.0,100.0,0.0,100.0,0.0,99.9406,0.0,99.6198,0.0,99.2592,0.0,100.0,0.0,100.0,0.0,100.0,0.0,100.0,0.0,99.8718,0.0,100.0,0.0,100.0,0.0,100.0,0.0,100.0,0.0,100.0
2022-08-15,24305.25,25211.32,20761.9,21515.61,1402957.39876,9.4975,78.2131,7.5354,74.2725,5.8111,69.688,4.7228,64.4604,3.7516,59.0259,2.9029,93.9824,2.3625,92.344,1.874,90.2924,1.4302,87.8321,1.0254,84.6149,0.891,97.6677,0.6113,97.1972,0.3555,96.6098,0.1207,95.2913,0.0,93.7782,0.0,99.2019,0.0,98.8793,0.0,98.5213,0.0,98.1219,0.0,97.6734,0.0,99.9222,0.0,99.6025,0.0,99.2487,0.0,98.8551,0.0,98.4143,0.0,100.0,0.0,100.0,0.0,99.9368,0.0,99.5948,0.0,99.2096,0.0,100.0,0.0,100.0,0.0,100.0,0.0,100.0,0.0,99.8629,0.0,100.0,0.0,100.0,0.0,100.0,0.0,100.0,0.0,100.0
2022-08-22,21516.7,21900.0,19520.0,19555.61,1343190.86,10.3523,77.5722,8.3018,73.9715,6.4639,69.9014,5.2931,65.3843,4.2332,60.8676,3.6688,92.2731,2.9763,90.1551,2.3541,87.516,1.792,84.3715,1.2816,80.3442,1.0473,97.2459,0.7178,96.6853,0.4171,95.9846,0.1416,94.428,0.0,92.6466,0.0,99.043,0.0,98.6516,0.0,98.2142,0.0,97.7222,0.0,97.1648,0.0,99.9176,0.0,99.5799,0.0,99.2077,0.0,98.7957,0.0,98.3368,0.0,100.0,0.0,100.0,0.0,99.9362,0.0,99.5924,0.0,99.2081,0.0,100.0,0.0,100.0,0.0,100.0,0.0,100.0,0.0,99.8579,0.0,100.0,0.0,100.0,0.0,100.0,0.0,100.0,0.0,100.0
2022-08-29,19555.61,20576.25,19540.0,20000.3,1527594.84529,11.6676,75.7906,9.4294,72.2519,7.3937,68.3498,6.0834,64.1318,4.8864,60.0357,4.3181,90.9774,3.5074,88.5683,2.7773,85.6095,2.1162,82.1451,1.515,77.8147,1.3239,96.447,0.904,95.6949,0.5235,94.7466,0.1771,92.6882,0.0,90.322,0.0,98.8613,0.0,98.3925,0.0,97.8665,0.0,97.272,0.0,96.5949,0.0,99.9015,0.0,99.4962,0.0,99.0466,0.0,98.5451,0.0,97.9821,0.0,100.0,0.0,100.0,0.0,99.9319,0.0,99.5656,0.0,99.1577,0.0,100.0,0.0,100.0,0.0,100.0,0.0,100.0,0.0,99.8547,0.0,100.0,0.0,100.0,0.0,100.0,0.0,100.0,0.0,100.0
2022-09-05,20000.3,21860.0,18510.77,21826.87,2146685.76233,13.1866,71.3012,10.338,67.5019,8.1111,63.7789,6.6688,60.1298,5.3531,56.5526,5.806,85.9745,4.6913,82.0128,3.6973,77.5398,2.8054,72.7056,2.0006,67.3473,1.7062,95.3031,1.1595,94.2587,0.6686,92.3315,0.2253,88.9559,0.0,85.2064,0.0,98.4608,0.0,97.8088,0.0,97.0639,0.0,96.2047,0.0,95.2028,0.0,99.8783,0.0,99.3755,0.0,98.8128,0.0,98.179,0.0,97.4597,0.0,100.0,0.0,100.0,0.0,99.9161,0.0,99.4621,0.0,98.951,0.0,100.0,0.0,100.0,0.0,100.0,0.0,100.0,0.0,99.8397,0.0,100.0,0.0,100.0,0.0,100.0,0.0,100.0,0.0,100.0
2022-09-12,21826.87,22799.0,19320.01,19416.18,2218565.59694,9.1948,79.6445,7.547,76.6096,6.3619,73.5177,5.269,70.3673,4.2579,67.1565,5.3677,87.768,4.39,84.5226,3.4978,80.9142,2.6805,77.0711,1.9289,73.236,1.9263,94.7593,1.3119,93.6202,0.7579,91.5337,0.2559,87.9304,0.0,84.0118,0.0,98.2404,0.0,97.4981,0.0,96.6526,0.0,95.6804,0.0,94.5509,0.0,99.8527,0.0,99.2427,0.0,98.5577,0.0,97.7829,0.0,96.8994,0.0,100.0,0.0,100.0,0.0,99.9033,0.0,99.3797,0.0,98.7891,0.0,100.0,0.0,100.0,0.0,100.0,0.0,100.0,0.0,99.8132,0.0,100.0,0.0,100.0,0.0,100.0,0.0,100.0,0.0,100.0
2022-09-19,19417.45,19956.0,18125.98,18807.38,2285541.48793,7.5801,84.8118,6.2469,82.6714,5.2933,80.4209,4.405,78.0517,3.5756,75.554,4.5886,90.1573,3.7821,88.2929,3.0352,86.0355,2.3413,83.4516,1.6951,80.7638,1.8637,95.1429,1.2797,94.1714,0.7448,92.3772,0.2531,89.2691,0.0,85.9686,0.0,98.0626,0.0,97.2538,0.0,96.3383,0.0,95.2935,0.0,94.0899,0.0,99.8353,0.0,99.1558,0.0,98.3974,0.0,97.5455,0.0,96.5817,0.0,100.0,0.0,100.0,0.0,99.8861,0.0,99.2681,0.0,98.5691,0.0,100.0,0.0,100.0,0.0,100.0,0.0,100.0,0.0,99.7893,0.0,100.0,0.0,100.0,0.0,100.0,0.0,100.0,0.0,100.0
2022-09-26,18809.13,20385.86,18471.28,19056.8,2777070.91238,0.3443,96.1332,0.0,95.0726,0.0,93.9217,0.0,92.6684,0.0,91.2984,4.1934,91.0548,3.4623,89.3707,2.7828,87.5786,2.1498,85.668,1.5586,83.6267,1.77,95.5355,1.2233,94.6979,0.7163,93.2295,0.2448,91.6376,0.0,89.8386,0.0,98.056,0.0,97.265,0.0,96.3838,0.0,95.3961,0.0,94.2813,0.0,99.8148,0.0,99.0521,0.0,98.2036,0.0,97.2541,0.0,96.1845,0.0,100.0,0.0,100.0,0.0,99.872,0.0,99.1794,0.0,98.3999,0.0,100.0,0.0,100.0,0.0,100.0,0.0,100.0,0.0,99.7517,0.0,100.0,0.0,100.0,0.0,100.0,0.0,100.0,0.0,100.0
2022-10-03,19057.74,20475.0,18959.68,19439.02,1690215.44019,0.3756,95.7514,0.0,94.5746,0.0,93.2919,0.0,91.8884,0.0,90.346,0.0,98.5827,0.0,97.7973,0.0,96.9389,0.0,95.9969,0.0,94.9585,1.7369,95.6567,1.2025,94.8556,0.7053,93.4476,0.2414,91.929,0.0,90.2951,0.0,98.0834,0.0,97.322,0.0,96.486,0.0,95.5639,0.0,94.5415,0.0,99.8055,0.0,99.0088,0.0,98.1308,0.0,97.1582,0.0,96.0751,0.0,100.0,0.0,100.0,0.0,99.8547,0.0,99.0704,0.0,98.1911,0.0,100.0,0.0,100.0,0.0,100.0,0.0,100.0,0.0,99.7189,0.0,100.0,0.0,100.0,0.0,100.0,0.0,100.0,0.0,100.0
2022-10-10,19439.96,19951.87,18190.0,19262.98,1666942.47921,0.4731,94.5074,0.0,92.9293,0.0,91.1798,0.0,89.2293,0.0,87.0411,0.0,98.4637,0.0,97.6114,0.0,96.6792,0.0,95.6554,0.0,94.5256,0.0,100.0,0.0,100.0,0.0,99.3949,0.0,98.7233,0.0,97.9839,0.0,98.1096,0.0,97.3723,0.0,96.5716,0.0,95.6987,0.0,94.7437,0.0,99.8048,0.0,99.0109,0.0,98.1464,0.0,97.2016,0.0,96.1648,0.0,100.0,0.0,100.0,0.0,99.8479,0.0,99.0316,0.0,98.1261,0.0,100.0,0.0,100.0,0.0,100.0,0.0,100.0,0.0,99.6856,0.0,100.0,0.0,100.0,0.0,100.0,0.0,100.0,0.0,100.0
2022-10-17,19262.98,19706.66,18650.0,19570.4,1439566.24878,0.5806,93.1356,0.0,91.112,0.0,88.5172,0.0,85.2189,0.0,81.6253,0.0,97.9883,0.0,96.8413,0.0,95.5605,0.0,94.121,0.0,92.4913,0.0,100.0,0.0,100.0,0.0,99.3229,0.0,98.5676,0.0,97.7316,0.0,100.0,0.0,100.0,0.0,100.0,0.0,100.0,0.0,100.0,0.0,99.8006,0.0,98.9938,0.0,98.1232,0.0,97.1809,0.0,96.1575,0.0,100.0,0.0,100.0,0.0,99.8441,0.0,99.0125,0.0,98.0999,0.0,100.0,0.0,100.0,0.0,100.0,0.0,100.0,0.0,99.6689,0.0,100.0,0.0,100.0,0.0,100.0,0.0,100.0,0.0,100.0
2022-10-24,19570.4,21085.0,19157.0,20627.48,2026392.42105,8.7508,87.23,7.98,85.9004,7.2778,84.1148,6.6355,81.7383,6.0456,79.0979,5.9627,87.7731,5.1302,85.3663,4.3772,82.7427,3.6928,79.8715,3.0681,76.7161,3.2459,94.2234,2.7524,93.4015,2.3006,91.7633,1.8853,89.9585,1.5023,87.9728,1.4844,97.1086,1.1982,96.6725,0.9326,96.1923,0.6853,95.6611,0.4547,95.0704,0.4002,98.5565,0.184,98.2393,0.0,97.8936,0.0,97.5152,0.0,97.0993,0.0,99.3027,0.0,98.9155,0.0,98.3328,0.0,97.0458,0.0,95.6677,0.0,100.0,0.0,99.8023,0.0,99.4601,0.0,99.0798,0.0,98.3201,0.0,100.0,0.0,100.0,0.0,100.0,0.0,99.9203,0.0,99.5884
2022-10-31,20627.48,21480.65,20031.24,20905.58,2205754.83045,21.4575,69.5999,19.6277,66.8454,17.9261,63.7024,16.3397,60.1763,14.8572,56.4425,12.5608,80.8719,11.2136,78.8544,9.9599,76.6434,8.7901,74.2097,7.6962,71.5179,8.7711,85.1832,7.5628,83.2725,6.4478,80.5596,5.4155,77.6379,4.4572,74.4926,4.7267,91.5405,3.9669,90.3842,3.2615,89.1118,2.6049,87.7048,1.9922,86.1407,1.9354,95.702,1.4385,94.9956,0.9918,94.2316,0.7634,93.4027,0.55,92.5001,0.5589,97.8139,0.3629,97.1645,0.1802,96.4656,0.0095,95.7112,0.0,94.8945,0.0,99.1571,0.0,98.6146,0.0,97.8977,0.0,97.1157,0.0,95.9331,0.0,99.8659,0.0,99.5944,0.0,99.2937,0.0,98.8766,0.0,98.1676
2022-11-07,20905.58,21069.77,15588.0,16329.85,3234391.873932,17.8948,75.6837,16.5128,73.8102,15.2056,71.659,13.9674,69.2051,12.7928,66.6577,11.1339,83.5442,10.0021,81.9717,8.9359,80.2805,7.9298,78.4565,6.9788,76.4837,6.826,89.0128,5.9445,87.7781,5.1152,86.4475,4.3336,85.0095,3.5958,83.4505,4.4526,92.1437,3.7477,91.1087,3.0897,89.9802,2.474,88.7448,1.8966,87.3866,1.9623,95.6427,1.4585,94.9267,1.0056,94.1523,0.774,93.3121,0.5576,92.3973,0.5459,97.9008,0.3558,97.2906,0.1773,96.6405,0.0094,95.9465,0.0,95.2039,0.0,99.2467,0.0,98.7728,0.0,98.155,0.0,97.4941,0.0,96.7854,0.0,99.8723,0.0,99.6165,0.0,99.3373,0.0,98.9549,0.0,98.3105
2022-11-14,16331.78,17190.0,15815.21,16280.23,1626234.48043,15.2942,79.2376,14.1159,77.6442,13.0011,75.7909,11.9446,73.6398,10.942,71.397,10.6479,84.4274,9.5871,82.992,8.5834,81.4581,7.6323,79.8151,6.7299,78.051,6.5964,89.4558,5.753,88.295,4.9573,87.0493,4.2054,85.7091,3.4937,84.2633,3.8729,93.3098,3.2744,92.4765,2.7107,91.5798,2.179,90.6121,1.6767,89.5648,1.9424,95.6906,1.444,94.9838,0.9957,94.2197,0.7666,93.3912,0.5524,92.4897,0.5675,97.8146,0.3697,97.1786,0.1841,96.5007,0.0098,95.7764,0.0,95.001,0.0,99.2532,0.0,98.7876,0.0,98.1838,0.0,97.5426,0.0,96.8605,0.0,99.8809,0.0,99.6445,0.0,99.39,0.0,99.0453,0.0,98.4687
2022-11-21,16279.5,16812.63,15476.0,16428.78,1561058.479583,13.4543,81.5717,12.3941,80.1055,11.3947,78.3824,10.4509,76.3562,9.5582,74.2243,10.2006,85.1372,9.1918,83.7849,8.2358,82.3429,7.3285,80.8022,6.4664,79.1522,6.7156,89.2635,5.8568,88.0809,5.0466,86.8117,4.281,85.4462,3.5564,83.9728,3.9239,93.206,3.3158,92.3544,2.7438,91.4368,2.2046,90.445,1.6956,89.3698,1.8018,96.0446,1.3425,95.4102,0.9277,94.729,0.7158,93.9954,0.5169,93.2033,0.5799,97.7559,0.3773,97.0988,0.1877,96.3964,0.01,95.6437,0.0,94.8353,0.0,99.2092,0.0,98.7165,0.0,98.0783,0.0,97.4013,0.0,96.682,0.0,99.8792,0.0,99.6403,0.0,99.3844,0.0,99.0392,0.0,98.4636
2022-11-28,16428.77,17324.0,15995.27,17105.7,1572173.55626,13.1363,81.6231,12.0475,80.0353,11.0298,78.1586,10.0766,75.9402,9.1818,73.5714,10.017,85.1915,8.9982,83.7753,8.0387,82.2519,7.1333,80.6088,6.2776,78.8311,6.9925,88.7688,6.0922,87.5146,5.2445,86.1648,4.445,84.708,3.6895,83.1309,4.2303,92.6032,3.5674,91.6516,2.9462,90.62,2.363,89.4976,1.8143,88.272,1.9135,95.7594,1.4228,95.0654,0.9814,94.3158,0.7557,93.5036,0.5447,92.6205,0.5685,97.8048,0.3701,97.1636,0.1842,96.479,0.0098,95.7462,0.0,94.9602,0.0,99.1582,0.0,98.6317,0.0,97.9485,0.0,97.2217,0.0,96.447,0.0,99.869,0.0,99.6097,0.0,99.3318,0.0,98.9568,0.0,98.3319
2022-12-05,17106.65,17424.25,16678.83,17085.05,1443791.97519,12.5624,82.1528,11.4847,80.5191,10.4835,78.7231,9.5511,76.7395,8.6805,74.1076,9.9556,84.9906,8.9063,83.4583,7.9259,81.7898,7.0076,79.966,6.1459,77.9644,7.04,88.6598,6.1299,87.3827,5.2739,86.0057,4.4675,84.5168,3.7063,82.9017,4.4554,92.1629,3.7525,91.1388,3.0955,90.0242,2.48,88.8067,1.9022,87.4714,2.0717,95.3551,1.5367,94.5761,1.0575,93.7285,0.8123,92.8028,0.5841,91.7876,0.6067,97.6348,0.3941,96.9362,0.1958,96.1862,0.0104,95.3791,0.0,94.508,0.0,99.1622,0.0,98.6382,0.0,97.958,0.0,97.2344,0.0,96.4629,0.0,99.8604,0.0,99.584,0.0,99.2874,0.0,98.887,0.0,98.2201
2022-12-12,17085.05,18387.95,16527.32,16738.21,1511897.62621,6.2778,90.4454,5.6452,89.3694,5.0677,88.1495,4.5384,86.7548,4.0515,84.4674,9.4599,85.5878,8.4446,84.0657,7.4998,82.3971,6.6185,80.5598,5.7944,78.527,6.9651,88.6391,6.0488,87.3122,5.1913,85.8703,4.3873,84.298,3.6319,82.5766,4.4723,92.1334,3.7668,91.1056,3.1073,89.987,2.4895,88.7651,1.9095,87.425,2.1646,95.1199,1.6038,94.2919,1.1024,93.3877,0.8458,92.3964,0.6076,91.3047,0.6497,97.4396,0.421,96.6736,0.2087,95.8464,0.011,94.9502,0.0,93.9761,0.0,99.1049,0.0,98.5417,0.0,97.8082,0.0,97.024,0.0,96.1837,0.0,99.8608,0.0,99.5856,0.0,99.2908,0.0,98.8932,0.0,98.2315
2022-12-19,16739.0,17061.27,16256.3,16832.11,1148035.81471,0.0,100.0,0.0,100.0,0.0,100.0,0.0,100.0,0.0,98.9332,5.1192,92.2568,4.6096,91.4008,4.1436,90.4335,3.7158,89.332,3.3217,88.0659,6.8035,88.7686,5.8937,87.4108,5.0465,85.9242,4.2557,84.2894,3.5158,82.4831,4.5488,91.9644,3.8278,90.9025,3.155,89.7438,2.5257,88.4742,1.9359,87.0772,2.2185,94.9881,1.643,94.134,1.1289,93.2001,0.8657,92.1747,0.6216,91.0438,0.6872,97.2691,0.4444,96.4439,0.2199,95.5484,0.0116,94.5733,0.0,93.5074,0.0,99.0239,0.0,98.4048,0.0,97.5953,0.0,96.7243,0.0,95.7846,0.0,99.8503,0.0,99.5532,0.0,99.2331,0.0,98.7996,0.0,98.0764
2022-12-26,16832.11,16972.83,16333.0,16616.75,1028681.78419,0.0,100.0,0.0,100.0,0.0,100.0,0.0,100.0,0.0,98.3207,0.0,100.0,0.0,100.0,0.0,100.0,0.0,100.0,0.0,100.0,3.7259,93.7977,3.2369,93.0046,2.7874,92.1169,2.3728,91.1169,1.9891,89.9816,4.4646,92.0527,3.7511,90.9814,3.0873,89.8068,2.4681,88.5129,1.8893,87.0806,2.2604,94.882,1.6733,94.0058,1.1492,93.0464,0.8809,91.9913,0.6322,90.8256,0.705,97.1913,0.4556,96.3403,0.2253,95.4155,0.0119,94.4069,0.0,93.3026,0.0,98.962,0.0,98.2997,0.0,97.431,0.0,96.4918,0.0,95.4734,0.0,99.8379,0.0,99.5145,0.0,99.1638,0.0,98.6865,0.0,97.8884
2023-01-02,16617.17,17176.99,16548.7,17127.83,1112349.61417,0.1407,98.3568,0.0,97.7503,0.0,96.9739,0.0,95.9443,0.0,91.8855,0.0,100.0,0.0,100.0,0.0,99.9807,0.0,99.6719,0.0,99.2897,0.0,100.0,0.0,100.0,0.0,100.0,0.0,100.0,0.0,100.0,2.7292,95.2595,2.3323,94.6147,1.9677,93.8928,1.6313,92.7087,1.3202,91.2374,2.3188,94.7256,1.7149,93.8139,1.1768,92.8126,0.9012,91.7079,0.6462,89.969,0.7425,97.0217,0.4792,96.1122,0.2366,95.1202,0.0125,94.0339,0.0,92.8391,0.0,98.8968,0.0,98.1891,0.0,97.258,0.0,96.247,0.0,95.1455,0.0,99.8237,0.0,99.4702,0.0,99.0842,0.0,98.5561,0.0,97.6705
2023-01-09,17127.83,21258.0,17104.66,20871.5,2145455.73458,45.2158,40.685,42.3199,36.3821,39.6513,31.6817,37.1753,26.5261,34.8718,21.6677,30.7035,58.8249,28.6508,55.4442,26.7681,51.6445,25.035,47.3586,23.4344,42.5188,21.3477,71.8798,19.9951,69.7378,18.7471,67.3559,17.592,64.6915,16.5199,61.6911,15.3771,80.226,14.4752,78.8753,13.6357,77.3951,12.8525,75.5854,12.1201,73.5436,15.114,79.7832,14.0312,78.2719,13.0119,76.6446,12.0508,74.8874,11.143,72.7483,12.8956,81.6712,11.8617,79.9686,10.8895,78.1665,9.9737,76.2561,9.2645,74.2271,10.2216,85.5275,9.5018,84.0237,8.8311,82.3231,8.2046,80.5219,7.6181,78.6111,8.2194,88.8818,7.6449,87.7877,7.108,86.6135,6.605,85.2782,6.1329,83.641
2023-01-16,20872.99,23371.8,20407.15,22707.88,2108890.06922,71.1425,19.3326,68.7432,16.9448,66.3253,14.5545,63.9244,12.1616,61.5402,10.35,59.3365,28.3437,56.5494,24.9333,53.8664,21.3797,51.2816,17.7688,48.7898,14.0179,46.1382,42.8878,43.7423,39.7345,41.4647,36.387,39.297,32.8267,37.2313,29.0328,35.6061,55.8274,33.7478,53.3489,31.9854,50.7094,30.3115,47.9061,28.7197,44.9604,27.654,65.8501,26.2207,64.0041,24.8531,62.0544,23.547,59.9919,22.2981,57.743,26.0248,67.4037,24.5407,65.5811,23.1129,63.6771,21.7383,61.686,20.5141,59.6017,23.2096,70.3459,21.8849,68.426,20.6255,66.391,19.4268,64.2901,18.2844,62.1201,19.7954,74.831,18.6451,73.1622,17.5535,71.4088,16.5163,69.5287,15.5294,67.4628
2023-01-23,22706.02,23960.54,22300.0,23742.3,1946352.796,84.0152,11.0904,82.6222,9.9864,81.1267,8.9247,79.5698,7.9029,77.9476,6.9189,74.837,16.0795,72.5384,13.8358,70.2287,11.6091,67.9076,9.4813,65.5752,7.3733,65.3788,23.8061,62.7929,20.9779,60.2519,18.0971,57.7543,15.1622,55.2993,12.1718,54.0529,35.6499,51.6678,32.8683,49.3517,29.9955,47.1017,27.1533,44.9151,24.305,44.0909,47.228,42.0834,44.8789,40.1352,42.4511,38.2438,39.9405,36.4066,37.437,35.8821,57.0581,34.2408,55.1582,32.6448,53.1992,31.0924,51.1784,29.5817,49.0929,33.6157,59.2889,32.0129,57.3911,30.459,55.4491,28.9519,53.4614,27.4894,51.4264,30.6466,62.5841,29.1144,60.678,27.6362,58.7156,26.2092,56.6837,24.8309,54.5759
2023-01-30,23743.37,24255.0,22500.0,22932.91,1949971.72168,91.9665,6.0442,91.3273,5.6283,90.5821,5.2387,89.7748,4.8731,88.8972,4.5293,82.9362,10.6731,81.1779,9.2188,79.3475,7.8214,77.4404,6.5502,75.4517,5.3268,74.866,15.9873,72.5057,13.7716,70.1148,11.5832,67.6926,9.4216,65.2386,7.2863,66.4626,23.1444,63.9008,20.509,61.3534,17.8585,58.8202,15.3676,56.3012,12.9622,56.4117,33.9095,54.06,31.4193,51.7347,28.8999,49.4353,26.3508,47.1613,23.9565,47.0443,44.4101,44.9847,42.1934,42.9546,39.9431,40.9533,37.6585,38.9801,35.3387,39.0591,53.7006,37.3203,51.8158,35.6087,49.8996,33.9236,47.9511,32.2644,45.9697,36.5372,56.2241,34.8264,54.3009,33.1512,52.3535,31.5105,50.3814,29.9033,48.3842
2023-02-06,22932.91,23452.0,21451.0,21783.54,1976378.51282,95.7027,3.1409,95.2882,2.9117,94.7655,2.7008,93.6127,2.506,91.7507,2.3256,89.6262,6.3845,88.4344,5.5447,87.1459,4.7622,85.7484,4.1023,84.1292,3.4827,80.8338,11.5689,78.7273,9.8528,76.5269,8.2017,74.226,6.6119,71.8178,5.08,73.1398,17.1468,70.5924,14.8309,67.9945,12.5575,65.3447,10.5133,62.6414,8.6025,65.355,24.5372,62.7704,22.0665,60.162,19.6176,57.5296,17.1903,54.8728,15.0293,55.7937,34.635,53.3883,32.2545,50.978,29.8791,48.5625,27.5085,46.1421,25.1428,46.8567,44.5457,44.7248,42.3787,42.5997,40.2046,40.4815,38.0234,38.3702,35.835,39.0822,53.3484,37.2284,51.4167,35.3895,49.4688,33.5654,47.5045,31.756,45.5237
2023-02-13,21782.37,25250.0,21351.07,24271.76,2497565.47508,100.0,0.0,99.9557,0.0,99.8459,0.0,99.1524,0.0,97.7682,0.0,95.2933,3.2843,94.8494,2.9967,94.3591,2.7354,93.8149,2.5592,93.0911,2.3956,88.9389,6.257,87.5304,5.2278,86.0211,4.2559,84.3998,3.3366,82.6536,2.4657,81.1954,11.2869,79.1135,9.5868,76.9399,7.9503,74.6684,6.5513,72.2923,5.2851,74.4309,16.9555,72.1154,14.9509,69.7289,13.001,67.2684,11.1034,64.7301,9.5034,67.2023,23.8658,64.8498,21.745,62.4465,19.6665,59.9906,17.6289,57.4805,15.6311,58.204,33.0096,55.939,30.8789,53.6456,28.7737,51.3232,26.6935,48.9714,24.6378,49.6376,42.2078,47.57,40.1975,45.4907,38.1984,43.3995,36.2105,41.2964,34.2335
2023-02-20,24272.51,25250.0,22722.0,23554.85,2237983.72753,100.0,0.0,100.0,0.0,100.0,0.0,99.4696,0.0,98.3023,0.0,99.4288,0.1533,99.295,0.0708,99.1452,0.0,98.9763,0.0,98.655,0.0,94.0922,3.4027,93.3193,2.8909,92.4703,2.4153,91.5336,1.972,90.4948,1.558,87.8775,6.568,86.2562,5.3732,84.5224,4.2432,82.664,3.3484,80.6672,2.5751,80.8417,11.9808,78.8169,10.3862,76.6853,8.8609,74.4383,7.4007,72.0662,6.2459,74.3177,17.6706,72.1126,15.8481,69.8166,14.09,67.424,12.393,64.9285,10.754,67.2229,24.3068,64.9456,22.3357,62.5986,20.4184,60.1785,18.5527,57.682,16.7365,58.5839,32.9744,56.3651,30.9659,54.1003,28.996,51.7881,27.0634,49.4269,25.1672
2023-02-27,23554.85,24000.0,21971.13,22430.24,1698503.29143,99.7902,0.0,99.4163,0.0,98.994,0.0,97.8745,0.0,95.9422,0.0,100.0,0.0,100.0,0.0,100.0,0.0,99.9363,0.0,99.3763,0.0,98.8622,0.6257,98.696,0.5258,98.5087,0.4343,97.8214,0.3502,96.8352,0.2726,92.6375,3.6534,91.4938,2.8953,90.2381,2.1905,88.7263,1.709,86.6039,1.3306,86.6716,7.5786,84.9607,6.3637,83.1146,5.2218,81.1165,4.1465,78.7159,3.3846,79.6162,13.2676,77.5623,11.7203,75.3775,10.2516,73.0489,8.8557,70.5617,7.5273,72.9723,19.1149,70.7471,17.3516,68.4078,15.6632,65.9456,14.0451,63.3505,12.493,65.776,25.7378,63.4526,23.7973,61.0392,21.922,58.5303,20.1086,55.9202,18.3541
2023-03-06,22430.24,22602.19,19549.09,21997.11,2718623.72856,95.4428,1.7984,94.1458,1.3312,92.6772,0.9091,90.2807,0.5258,86.8931,0.1762,98.2986,0.3722,97.8603,0.1166,97.3621,0.0,96.7194,0.0,95.437,0.0,99.4236,0.0,99.0769,0.0,98.6877,0.0,97.7737,0.0,96.5404,0.0,97.5201,0.6586,96.4803,0.3542,95.3347,0.0756,93.9139,0.0,91.7889,0.0,91.5632,4.3693,89.9145,3.5518,87.996,2.796,85.9177,2.0953,83.3745,1.7003,85.3651,8.7661,83.5486,7.5511,81.2002,6.4169,78.6969,5.3557,76.0227,4.3606,78.0772,14.726,75.9566,13.1915,73.5313,11.7446,70.8301,10.3782,67.9874,9.0857,71.1432,20.7394,68.8208,18.9598,66.3586,17.2657,63.5947,15.6511,60.7226,14.1105
2023-03-13,21998.05,28390.1,21813.88,27972.87,3775888.94983,95.8965,1.6795,94.7871,1.2521,93.5603,0.8606,91.5524,0.5007,88.7225,0.1687,98.4088,0.3538,98.0094,0.1112,97.5607,0.0,96.9867,0.0,95.8367,0.0,99.4809,0.0,99.1724,0.0,98.8294,0.0,98.0231,0.0,96.9416,0.0,99.784,0.0,99.3313,0.0,98.8347,0.0,98.1543,0.0,96.9079,0.0,97.6887,0.834,96.8552,0.5383,95.8153,0.2652,94.6813,0.0123,93.1261,0.0,92.4022,4.3309,91.3631,3.6622,89.8166,3.0402,88.1512,2.4603,86.3528,1.9183,86.8775,8.3987,85.4596,7.4088,83.7352,6.4809,81.7145,5.6094,79.5605,4.7893,80.3122,13.8079,78.5917,12.5458,76.7473,11.3533,74.5212,10.2245,72.1757,9.1547
2023-03-20,27972.87,28868.05,26601.8,27968.05,1437828.84706,96.3849,1.5229,95.4449,1.142,94.4232,0.7891,92.7406,0.4614,90.365,0.1562,98.3997,0.3573,98.0007,0.1124,97.5538,0.0,96.9832,0.0,95.8398,0.0,99.4823,0.0,99.1745,0.0,98.8321,0.0,98.0273,0.0,96.9473,0.0,99.7945,0.0,99.3642,0.0,98.8925,0.0,98.2464,0.0,97.0617,0.0,100.0,0.0,99.6603,0.0,99.1665,0.0,98.6259,0.0,97.726,0.0,97.6282,1.0635,97.1854,0.7991,96.2674,0.5542,95.2693,0.3267,94.1799,0.1149,92.7264,4.4446,91.8618,3.8616,90.7093,3.3181,89.267,2.8104,87.7106,2.3349,87.5394,8.3686,86.3159,7.5079,84.9893,6.7002,83.2357,5.9408,81.3636,5.2253
2023-03-27,27968.05,29184.68,26508.14,28171.87,500795.73087,96.9355,1.3238,96.1644,0.998,95.3378,0.693,94.4495,0.4071,93.4923,0.1384,98.4784,0.344,98.1065,0.1085,97.6933,0.0,97.1691,0.0,96.1146,0.0,99.4653,0.0,99.1462,0.0,98.7903,0.0,97.9538,0.0,96.8294,0.0,99.7915,0.0,99.3539,0.0,98.8727,0.0,98.2118,0.0,96.9986,0.0,100.0,0.0,99.6712,0.0,99.1935,0.0,98.6703,0.0,97.7991,0.0,100.0,0.0,99.9671,0.0,99.5128,0.0,99.0158,0.0,98.4695,0.0,97.5448,1.2722,97.1771,1.0321,96.5503,0.8094,95.6544,0.6023,94.6769,0.4092,92.8433,4.611,92.0673,4.085,91.2168,3.5943,89.927,3.1354,88.5335,2.7054
2023-04-03,28171.87,28775.0,27200.24,28323.76,306532.39014,96.8533,1.3451,96.0495,1.0117,95.1825,0.7011,94.2443,0.411,93.2259,0.1395,98.6249,0.3166,98.2986,0.1002,97.9403,0.0,97.4893,0.0,96.6891,0.0,99.4738,0.0,99.1609,0.0,98.8129,0.0,97.9952,0.0,96.8987,0.0,99.7825,0.0,99.3245,0.0,98.8187,0.0,98.1216,0.0,96.8404,0.0,100.0,0.0,99.6632,0.0,99.1718,0.0,98.6313,0.0,97.7289,0.0,100.0,0.0,99.9678,0.0,99.5236,0.0,99.0373,0.0,98.5027,0.0,100.0,0.0,100.0,0.0,99.7789,0.0,99.324,0.0,98.8238,0.0,97.435,1.4604,97.0923,1.2358,96.7112,1.0275,95.8945,0.8336,95.0023,0.6528
2023-04-10,28323.76,31000.0,28170.0,30304.65,377573.74044,97.2134,1.1839,96.4928,0.8894,95.7115,0.6157,94.8613,0.3606,93.9328,0.1223,98.6882,0.3034,98.3792,0.0961,98.0409,0.0,97.6159,0.0,96.8606,0.0,99.5411,0.0,99.2732,0.0,98.9795,0.0,98.2886,0.0,97.3711,0.0,99.7958,0.0,99.3675,0.0,98.8971,0.0,98.2515,0.0,97.0665,0.0,100.0,0.0,99.6664,0.0,99.1794,0.0,98.6435,0.0,97.7483,0.0,100.0,0.0,99.9685,0.0,99.5339,0.0,99.0577,0.0,98.5339,0.0,100.0,0.0,100.0,0.0,99.7919,0.0,99.3645,0.0,98.8956,0.0,100.0,0.0,100.0,0.0,99.9963,0.0,99.6025,0.0,99.1702,0.0
2023-04-17,30304.66,30485.0,27125.0,27590.6,430421.84646,97.2491,1.1613,95.9681,0.8691,94.5957,0.5995,93.1218,0.35,91.5346,0.1183,98.6079,0.317,98.2715,0.1001,97.6812,0.0,96.2724,0.0,94.4835,0.0,99.4943,0.0,99.1955,0.0,98.8649,0.0,98.0877,0.0,96.9147,0.0,99.7953,0.0,99.3661,0.0,98.8948,0.0,98.2481,0.0,97.0613,0.0,100.0,0.0,99.6489,0.0,99.1342,0.0,98.5644,0.0,97.61,0.0,100.0,0.0,99.9659,0.0,99.4919,0.0,98.9677,0.0,98.3851,0.0,100.0,0.0,100.0,0.0,99.779,0.0,99.3226,0.0,98.8178,0.0,100.0,0.0,100.0,0.0,99.9963,0.0,99.5952,0.0,99.1529,0.0
2023-04-24,27590.59,30036.0,26942.82,29233.21,444613.47701,99.8738,0.0,99.0505,0.0,98.1614,0.0,97.1983,0.0,96.1516,0.0,98.7125,0.2931,98.4013,0.0925,97.8545,0.0,96.5958,0.0,95.242,0.0,99.5019,0.0,99.2081,0.0,98.8834,0.0,98.12,0.0,96.9684,0.0,99.789,0.0,99.3458,0.0,98.8582,0.0,98.1881,0.0,96.9582,0.0,100.0,0.0,99.6649,0.0,99.1757,0.0,98.6369,0.0,97.7367,0.0,100.0,0.0,99.9658,0.0,99.4909,0.0,98.9654,0.0,98.3807,0.0,100.0,0.0,100.0,0.0,99.7707,0.0,99.2954,0.0,98.7668,0.0,100.0,0.0,100.0,0.0,99.9962,0.0,99.5871,0.0,99.134,0.0
2023-05-01,29233.2,29820.0,27666.95,28430.1,360117.97447,99.8327,0.0,98.732,0.0,97.5249,0.0,96.1951,0.0,94.7229,0.0,100.0,0.0,100.0,0.0,99.7919,0.0,98.8786,0.0,97.8863,0.0,99.5139,0.0,99.2278,0.0,98.9121,0.0,98.5618,0.0,98.0368,0.0,99.7829,0.0,99.3264,0.0,98.8234,0.0,98.1314,0.0,96.8611,0.0,100.0,0.0,99.6426,0.0,99.1186,0.0,98.5383,0.0,97.5665,0.0,100.0,0.0,99.9661,0.0,99.4962,0.0,98.9769,0.0,98.4001,0.0,100.0,0.0,100.0,0.0,99.7635,0.0,99.2717,0.0,98.7226,0.0,100.0,0.0,100.0,0.0,99.996,0.0,99.5607,0.0,99.0749,0.0
2023-05-08,28430.09,28631.01,25811.46,26917.62,338765.74243,90.147,6.0371,87.9051,5.3371,85.494,4.6996,82.8935,4.1164,80.0806,3.581,94.7836,3.1657,94.1227,2.7631,93.1526,2.3937,91.3374,2.0534,89.3681,1.7391,97.3113,1.5181,96.9479,1.2803,96.5477,1.0596,96.1047,0.8543,95.4876,0.6629,97.6991,0.2123,96.6988,0.0,95.6214,0.0,94.4575,0.0,93.1962,0.0,98.7537,0.0,97.8076,0.0,96.6523,0.0,95.3985,0.0,93.7289,0.0,99.5903,0.0,99.0584,0.0,98.0132,0.0,96.8727,0.0,95.6234,0.0,100.0,0.0,99.8571,0.0,99.183,0.0,98.2137,0.0,97.1496,0.0,100.0,0.0,100.0,0.0,99.9293,0.0,99.0148,0.0,98.0046,0.0
2023-05-15,26917.61,27663.59,26361.2,26747.78,230394.72253,77.6363,13.9544,74.2795,12.2883,70.7976,10.747,67.1836,9.317,63.4299,7.9867,87.2552,7.6167,85.6228,6.5986,83.5868,5.6609,80.6789,4.7945,77.5794,3.9916,92.9867,3.8926,92.0067,3.2653,90.9207,2.6854,89.7107,2.1476,88.2233,1.6475,95.9859,1.1801,95.1405,0.754,94.2271,0.553,93.2373,0.3664,92.1609,0.1929,97.1703,0.0,95.7773,0.0,94.1753,0.0,92.4742,0.0,90.6643,0.0,98.597,0.0,97.5397,0.0,95.9321,0.0,94.2094,0.0,92.3586,0.0,99.6722,0.0,99.0727,0.0,97.8626,0.0,96.3084,0.0,94.6242,0.0,100.0,0.0,99.837,0.0,99.366,0.0,98.0072,0.0,96.5294,0.0
2023-05-22,26747.78,28261.32,25871.89,28065.0,251061.07389,72.6947,17.1337,68.8516,15.1018,64.9309,13.2188,60.9303,11.469,56.8473,9.8387,84.258,9.2849,82.1666,8.0229,79.5764,6.8664,75.9974,5.8027,72.1954,4.8212,91.4015,4.6685,90.131,3.8991,88.7021,3.1938,87.0833,2.5447,85.0817,1.9454,95.113,1.4081,94.0477,0.8953,92.8822,0.6532,91.6014,0.4308,90.1874,0.2257,97.2592,0.0,96.2583,0.0,95.1847,0.0,94.03,0.0,92.7847,0.0,98.6123,0.0,97.5723,0.0,95.9957,0.0,94.3147,0.0,92.5184,0.0,99.6615,0.0,99.0422,0.0,97.7922,0.0,96.1871,0.0,94.4483,0.0,100.0,0.0,99.8269,0.0,99.3252,0.0,97.8755,0.0,96.2935,0.0
2023-05-29,28065.01,28447.14,26505.0,27115.21,233113.44204,47.1897,34.6503,42.4992,30.6421,38.0723,26.8193,33.8874,23.1693,29.9251,19.6807,75.1682,14.06,71.8615,11.8491,68.0682,9.791,63.5572,7.8704,58.9702,6.262,86.1321,6.848,83.8963,5.4549,81.4014,4.1721,78.5994,3.1971,75.296,2.4317,92.4109,1.9088,90.6728,1.1044,88.7717,0.8001,86.6835,0.5243,84.3792,0.2731,96.0984,0.0,94.6052,0.0,93.0048,0.0,91.2855,0.0,89.4333,0.0,98.6074,0.0,97.5367,0.0,96.2846,0.0,94.9402,0.0,93.4928,0.0,99.6542,0.0,98.9668,0.0,97.3632,0.0,95.4056,0.0,93.3235,0.0,100.0,0.0,99.8162,0.0,99.1434,0.0,97.2091,0.0,95.1293,0.0
2023-06-05,27115.2,27391.77,25351.02,25925.55,347786.76863,36.3242,51.0169,33.3283,47.6718,30.3956,44.2496,27.5242,40.7476,24.7121,37.1629,46.0216,36.3518,41.0811,32.4113,36.06,28.6339,31.5992,25.0099,27.3444,21.7103,71.4405,17.1082,68.0196,14.6976,64.3211,12.4348,60.3098,10.5203,55.9116,8.8722,82.1761,8.5754,79.4351,6.9962,76.4829,5.9986,73.2941,5.0914,69.839,4.2628,89.2195,4.2834,86.9767,3.8012,84.593,3.3646,82.0544,2.9676,79.3456,2.6049,94.0087,2.8514,92.3626,2.5311,90.4988,2.2382,88.5104,1.9695,86.3846,1.7219,96.6473,1.9049,95.669,1.6818,94.088,1.4767,92.4022,1.2876,90.6008,1.1126,97.3082,1.261,96.674,0.9816,95.5436,0.7256,93.2486,0.4901,90.828,0.2729
2023-06-12,25925.54,26839.99,24800.0,26339.97,265685.74051,14.1597,74.4228,11.7186,71.068,9.415,67.4696,7.2376,63.5997,5.1762,59.4267,38.9039,46.1115,35.3085,42.207,31.7706,38.2358,28.2887,34.1964,24.8615,30.2355,50.2777,31.3445,45.1005,27.2558,39.6538,23.3432,33.916,19.8416,28.023,16.7048,72.9084,13.9328,69.2024,11.4299,65.304,9.6152,61.1978,7.9539,56.8666,6.4274,83.0305,7.3506,79.9282,6.3057,76.6744,5.3608,73.2577,4.5023,69.6656,3.7189,90.1369,4.6746,87.8171,3.9861,85.2504,3.3573,82.5391,2.7807,79.6708,2.2501,94.2529,2.9507,92.7809,2.4728,90.6161,2.0345,88.3226,1.631,85.8885,1.3128,96.2523,1.5924,95.4084,1.1608,94.0809,0.7622,92.0716,0.5043,89.9405,0.2811
2023-06-19,26339.98,31431.94,26256.61,30462.66,408189.22942,40.679,48.517,38.1986,45.5715,35.7979,42.5173,33.4732,39.3483,31.2209,36.0579,48.2672,39.8694,45.4933,36.6954,42.7904,33.431,40.1557,30.0722,37.5866,26.7697,62.0014,25.2064,58.624,22.1764,55.1701,19.2093,51.637,16.5303,48.0218,14.0929,70.3211,15.5972,66.4634,12.8404,62.4549,10.8196,58.2866,8.9639,53.9487,7.2537,82.8703,7.5104,79.8109,6.4561,76.6254,5.499,73.3059,4.6262,69.8437,3.8272,89.7263,4.8837,87.3311,4.1655,84.6908,3.5092,81.9127,2.9071,78.9855,2.3528,93.9366,3.123,92.3968,2.6186,90.1423,2.1555,87.7665,1.7288,85.2591,1.392,95.9889,1.7033,95.0859,1.2414,93.6695,0.815,91.5346,0.5392,89.2778,0.3004
2023-06-26,30462.67,31282.0,29500.0,30617.03,294881.44198,59.5427,30.4051,56.9924,27.9287,54.4268,25.4667,51.8459,23.019,49.2496,20.5854,56.768,32.3545,54.1306,29.5501,51.5248,26.7104,48.95,23.8348,46.4057,21.0739,64.078,24.4261,61.1361,21.6182,58.1662,18.836,55.168,16.3045,52.1411,13.9804,74.155,13.9662,71.0139,11.5864,67.7993,9.8477,64.5087,8.2242,61.1394,6.7048,80.8273,8.4672,77.4753,7.268,74.0078,6.1825,70.4188,5.1951,66.7019,4.2932,89.355,5.0765,86.8951,4.3313,84.1933,3.6499,81.3612,3.0245,78.389,2.4485,93.6217,3.2914,92.0124,2.7606,89.6661,2.273,87.2043,1.8235,84.6181,1.4685,95.753,1.8065,94.8007,1.3171,93.3113,0.8649,91.0758,0.5723,88.7237,0.3189
2023-07-03,30617.02,31500.0,29701.02,30160.71,244056.69119,70.8367,20.7974,68.5171,18.9077,66.094,17.0896,63.5603,15.339,60.9083,13.6522,66.7311,23.3845,64.1485,21.0192,61.5188,18.6941,58.8408,16.4081,56.1131,14.3177,66.3503,23.0905,63.6788,20.482,60.9945,17.8857,58.2973,15.5211,55.587,13.3443,73.118,14.7797,69.9866,12.3035,66.8113,10.4827,63.5909,8.7744,60.3245,7.1686,81.6129,8.2928,78.5147,7.1548,75.3448,6.1145,72.1007,5.1598,68.7797,4.2807,87.6008,5.8507,84.736,4.9748,81.5993,4.1791,78.315,3.4532,74.8725,2.7881,93.1516,3.5181,91.4209,2.9478,88.9094,2.4248,86.2785,1.9436,83.5193,1.5639,95.4301,1.9421,94.4055,1.4157,92.8086,0.9295,90.4241,0.6148,87.9252,0.3424
2023-07-10,30160.71,31804.2,29900.0,30231.99,269249.39031,72.3925,19.4449,70.093,17.6289,67.6737,15.8912,65.125,14.2268,62.4364,12.6311,75.1203,16.7015,72.825,14.8756,70.4142,13.1262,67.8789,11.4485,65.2094,9.9935,73.169,17.6535,70.7004,15.5189,68.1555,13.4428,65.531,11.6363,62.8229,10.0359,73.8861,14.5672,70.9525,12.1712,67.9998,10.4078,65.0278,8.7417,62.0363,7.1651,80.4274,8.9137,77.2052,7.6921,73.9304,6.5749,70.6018,5.5494,67.218,4.6045,87.7584,5.8663,84.9959,5.0035,81.9943,4.2151,78.8802,3.4919,75.6474,2.8261,92.0459,4.0193,90.0092,3.356,87.0824,2.7518,84.0153,2.1992,80.7975,1.7645,95.0922,2.0815,93.9902,1.5167,92.2785,0.9955,89.7356,0.6581,87.0801,0.3664
2023-07-17,30232.0,30417.46,29512.0,30083.75,180919.27148,77.6601,15.4938,75.5866,14.0709,73.3301,12.7409,70.865,11.4949,68.1612,10.3253,75.5288,16.2126,73.1714,14.3981,70.6764,12.6695,68.0314,11.0208,65.2225,9.5972,79.0238,13.3612,76.8484,11.6893,74.5453,10.097,72.1027,8.7882,69.5077,7.6842,78.6813,12.8077,76.3442,10.9966,73.9131,9.4386,71.3825,7.9558,68.7459,6.5429,80.2007,9.1305,77.0215,7.8959,73.8131,6.7623,70.5751,5.7177,67.307,4.752,86.6321,6.4124,83.6543,5.4654,80.4388,4.6012,77.1218,3.8095,73.6985,3.0814,91.9112,4.1185,89.8678,3.4437,86.9411,2.8274,83.8939,2.2623,80.7185,1.817,94.2987,2.3789,92.9875,1.7279,90.9643,1.1307,87.9871,0.7451,84.8771,0.4136
2023-07-24,30083.75,30099.58,28861.9,29281.09,168154.81375,87.9255,5.4292,85.8616,4.7215,83.5998,4.0811,81.1103,3.4989,78.3567,2.9672,77.4124,14.3771,74.8012,12.9461,72.0524,11.6171,69.1547,10.3796,66.0958,9.2246,77.2737,13.9125,74.4265,12.1215,71.488,10.4294,68.4541,9.0424,65.3198,7.8771,81.8198,10.7288,79.393,9.2528,76.6758,8.044,73.8614,6.9141,70.9445,5.8556,82.4121,8.9245,79.8535,7.7453,77.0901,6.655,73.9533,5.6441,70.7662,4.704,85.495,6.9569,82.3002,5.9239,78.87,4.9829,75.3491,4.1223,71.499,3.332,90.6992,4.673,88.3328,3.8961,84.9832,3.1905,81.5054,2.5467,77.8919,2.0406,93.9257,2.5301,92.5271,1.837,90.3774,1.2018,87.2324,0.7915,83.9607,0.4391
2023-07-31,29281.09,30047.5,28585.7,29088.42,190359.38216,92.2436,2.1686,90.4698,1.7613,88.5082,1.395,86.3273,1.0638,83.888,0.7629,86.1649,5.3203,83.34,4.2203,80.3601,3.5276,77.2123,2.8998,73.8818,2.3282,78.0183,12.8464,74.9425,11.4027,71.7856,10.0689,68.5441,8.8328,65.2148,7.6841,79.5365,11.3357,76.443,9.7323,73.1194,8.4237,69.7578,7.2108,66.3575,6.0835,84.7019,8.7555,82.2472,7.6137,79.5695,6.554,76.4715,5.5679,73.3121,4.648,86.3144,6.9634,83.6847,5.9459,80.5073,5.0142,77.2201,4.1578,73.5527,3.368,89.7344,5.1282,87.1275,4.2699,83.4553,3.4923,79.3123,2.7846,75.1403,2.2285,92.9714,2.8807,91.3157,2.085,88.7907,1.3601,85.1419,0.8931,81.1931,0.4941
2023-08-07,29088.43,30244.0,28701.03,29303.84,178844.98681,86.7901,3.1781,83.3854,2.5359,79.5864,1.9773,75.3203,1.487,70.4952,1.0532,93.5314,0.3841,90.9663,0.0,88.2295,0.0,85.3032,0.0,82.167,0.0,88.6982,4.4432,85.3741,3.7755,81.9482,3.1747,78.4156,2.6313,74.7715,2.1374,81.3188,10.8199,78.1304,9.4368,74.5502,8.161,70.9468,6.9804,67.32,5.8848,83.7412,9.1366,81.047,7.9132,77.8317,6.7866,74.0844,5.7457,70.3461,4.781,88.2573,6.8276,86.3983,5.8495,83.9123,4.948,81.1164,4.1145,77.5593,3.3417,89.8944,5.1202,87.6303,4.2748,84.7367,3.505,81.2695,2.801,77.5901,2.2463,92.3308,3.1293,90.5162,2.2631,87.7666,1.4752,83.8321,0.9676,79.6064,0.5348
2023-08-14,29303.85,29695.32,25166.0,26189.99,307223.55373,42.2229,40.9871,37.603,37.5624,32.8093,34.4463,27.8318,31.5988,22.6599,28.9868,61.4526,25.9847,57.6925,23.742,53.8179,21.9,49.8235,20.2312,45.7035,18.7123,73.8076,17.9574,70.7705,16.6748,67.6644,15.5017,64.4872,14.4248,61.2362,13.4326,72.4015,18.9681,69.358,17.3175,66.0696,15.7808,62.7709,14.3466,59.462,13.0051,69.2715,21.8277,66.5321,19.9415,63.5331,18.1571,60.3223,16.4666,57.1354,14.8627,72.6316,19.311,70.1255,17.5844,67.2827,15.9537,64.2932,14.4111,61.0315,12.9497,77.2724,15.5886,75.0746,14.0962,72.4623,12.6983,69.4862,11.3865,66.3546,10.226,79.9252,12.7195,77.5044,11.2002,74.5706,9.783,71.2994,8.6327,67.8318,7.588
2023-08-21,26190.0,26819.27,25300.0,26101.77,188618.43325,19.3472,66.6504,16.1071,62.6313,12.9427,58.7606,9.8514,55.0303,6.8307,51.433,34.9868,49.6763,31.2632,46.0975,27.5843,42.7797,23.9494,39.693,20.3575,36.8141,51.9085,35.6128,48.4282,33.097,44.9663,30.7602,41.5224,28.584,38.0966,26.5525,64.4399,26.5916,61.5835,24.775,58.5908,23.0697,55.5963,21.4658,52.5999,19.9545,64.2497,26.4505,61.5039,24.4328,58.5774,22.512,55.5317,20.6813,52.5178,18.9345,63.0724,27.6881,60.4772,25.596,57.7408,23.5814,54.9264,21.64,52.0348,19.7679,66.4123,24.6998,63.8803,22.7247,61.1185,20.8354,58.1973,19.0266,55.234,17.3545,71.18,20.2157,68.7306,18.3202,66.0734,16.5129,63.1821,14.932,60.1489,13.4539
2023-08-28,26101.78,28142.85,25333.75,25971.21,258183.08813,6.0907,86.2326,4.605,82.9852,3.2189,79.6685,1.9227,76.2803,0.7079,72.8183,18.2686,68.3949,15.6327,64.5404,13.1308,60.6521,10.7531,56.8914,8.4904,53.252,31.7308,53.5815,28.5084,50.0774,25.4059,46.7472,22.4166,43.5782,19.5345,40.5588,47.0471,40.7387,43.8103,38.0414,40.6766,35.4726,37.6142,33.0232,34.6205,30.6852,58.9014,31.6448,56.2133,29.5481,53.4169,27.5399,50.5824,25.6146,47.7839,23.7672,59.5476,30.9301,56.928,28.743,54.2068,26.6259,51.4342,24.5754,48.649,22.5884,59.4474,31.2209,56.9607,29.0305,54.4057,26.893,51.7689,24.8065,49.1089,22.8192,62.614,27.7053,60.0027,25.4597,57.2787,23.2779,54.4563,21.279,51.5998,19.3694
2023-09-04,25971.21,26445.5,25372.51,25841.61,156769.66561,0.0,99.3601,0.0,97.7831,0.0,96.08,0.0,94.2348,0.0,92.2292,6.4895,84.6279,5.2035,81.3094,4.0236,77.6293,2.9373,73.9094,1.9338,70.1488,17.7345,68.6428,15.4279,64.837,13.2763,61.102,11.2644,57.4359,9.3792,53.8367,30.2353,55.725,27.134,52.3383,24.3844,49.0445,21.7695,45.8398,19.2796,42.7208,44.3628,43.8247,41.2914,41.068,38.3031,38.3868,35.5249,35.7781,32.8409,33.2389,55.4773,34.9255,52.8894,32.6905,50.2396,30.516,47.5637,28.3994,44.9348,26.3384,56.6392,33.8095,54.126,31.5396,51.5589,29.314,48.9473,27.1316,46.3294,25.0357,57.0209,33.2205,54.5194,30.8409,51.9923,28.4847,49.4393,26.251,46.871,24.0724
2023-09-11,25841.6,26888.0,24901.0,26527.51,221247.03537,0.0,99.4937,0.0,99.0318,0.0,98.5111,0.0,97.9195,0.0,96.6076,0.0,96.5917,0.0,94.3742,0.0,91.519,0.0,88.4796,0.0,85.2376,7.2958,81.414,6.0701,77.6253,4.9651,73.7683,3.9636,69.8412,3.0519,65.842,18.8433,66.8928,16.2361,63.121,14.1506,59.3535,12.2236,55.5902,10.4376,51.831,31.3164,54.9353,28.0523,51.5408,25.0873,48.1762,22.5881,44.8411,20.2336,41.5353,44.5186,43.7033,41.503,40.8569,38.5372,38.0482,35.6304,35.2764,32.993,32.5409,55.0218,35.1938,52.4727,32.8458,49.8803,30.5352,47.2664,28.2611,44.6585,26.0225,56.4995,33.7831,54.0107,31.4114,51.4976,29.0622,48.9596,26.8314,46.4088,24.6543
2023-09-18,26527.5,27483.57,26122.08,26248.38,191220.58923,0.0,99.5081,0.0,99.0569,0.0,98.5451,0.0,97.9596,0.0,96.6585,0.0,98.7809,0.0,97.9161,0.0,96.4365,0.0,94.7878,0.0,92.9393,0.0,93.1246,0.0,90.0885,0.0,86.8687,0.0,83.448,0.0,79.807,8.2482,79.3659,6.5796,75.6974,5.5093,71.908,4.5466,67.9918,3.6761,63.9422,20.2382,65.9872,17.301,62.3386,14.8417,58.6279,13.0208,54.8536,11.3455,51.0139,32.1509,54.6782,28.9944,51.3317,26.0386,47.9634,23.2457,44.5729,20.9669,41.1602,44.4798,43.9554,41.5764,41.0763,38.6729,38.2021,35.8832,35.3327,33.1654,32.4681,54.4448,35.7181,51.9487,33.295,49.4375,30.8861,46.9112,28.4914,44.3882,26.1107
2023-09-25,26248.39,28065.51,25990.46,27992.57,189937.16919,9.152,87.2588,8.4371,86.1202,7.7782,84.8521,7.1688,83.431,6.6036,81.4732,7.5411,87.3433,6.6882,85.7254,5.9023,83.9519,5.1758,81.9993,4.5023,79.839,6.3595,86.2676,5.4741,83.5019,4.6717,80.5655,3.941,77.4421,3.2729,74.1132,6.1785,81.9875,4.7362,78.4009,3.9038,74.6767,3.1591,70.8067,2.4887,66.7822,14.7991,70.8628,11.833,67.0286,9.4393,63.1192,7.7961,59.1325,6.2934,55.0662,26.0782,59.5543,22.6608,55.9052,19.5101,52.2328,16.5627,48.5368,14.2829,44.8171,37.0611,49.6856,33.7218,46.398,30.3815,43.1206,27.2466,39.8534,24.213,36.5963,48.3273,40.2566,45.4071,37.4669,42.4598,34.7022,39.485,31.9622,36.5332,29.2466
2023-10-02,27992.58,28580.0,27160.5,27917.05,217523.39638,18.8946,72.8415,17.216,70.2756,15.6588,67.4487,14.2102,64.3189,12.8593,60.6897,12.2734,81.5292,10.9799,79.6608,9.769,77.6319,8.6332,75.4209,7.5657,73.0022,10.5729,80.8125,9.122,78.2928,7.7731,75.6125,6.5159,72.7558,5.3414,69.7047,9.4458,79.532,7.7242,76.1794,6.3277,72.6863,5.046,69.0435,3.8655,65.2414,10.3685,75.3168,7.521,71.4266,5.3243,67.4394,3.9614,63.3514,2.7238,59.1587,19.4237,65.1478,15.8049,61.2116,12.5373,57.243,9.5236,53.2416,7.357,49.207,30.5025,54.8313,26.8045,51.1959,23.1082,47.5728,19.7159,43.962,16.4566,40.3633,40.9555,45.7817,37.5427,42.5599,34.0897,39.3742,30.5958,36.2242,27.1921,33.1093
2023-10-09,27917.06,27987.93,26538.66,27154.15,164897.39085,24.89,63.2593,22.5586,59.303,20.4177,54.9941,18.4449,50.3298,16.6211,45.346,15.7265,75.5853,13.9798,72.7721,12.3647,69.5068,10.8669,65.9667,9.474,62.1156,10.3882,82.8551,8.9858,80.8056,7.6756,78.4393,6.4487,75.7692,5.2975,72.8943,9.3537,81.0562,7.6714,78.2374,6.3017,74.9307,5.0379,71.4554,3.8682,67.7989,8.9515,78.99,6.8016,75.4677,5.1566,71.5268,3.8501,67.4208,2.6557,63.1805,11.3752,73.814,8.1784,69.7811,5.4702,65.4651,3.0897,61.0386,1.6952,56.5532,21.2976,63.2748,17.612,59.2369,14.012,55.074,10.9069,50.9107,8.0184,46.7587,32.4371,52.8489,28.8152,49.1127,25.2155,45.3968,21.6379,41.729,18.2773,38.1082
2023-10-16,27154.14,30379.99,27112.66,29992.46,294677.81127,55.742,29.9642,52.4764,26.3477,49.3214,22.7477,46.2715,19.1178,43.3215,15.8949,40.2119,46.8239,37.344,43.1732,34.6053,39.4323,31.9872,35.5718,29.4818,31.5857,29.8015,59.2091,27.3877,56.0713,25.0884,52.7373,22.8956,49.2384,20.8021,45.5889,22.8532,68.0011,20.8641,65.3623,18.9759,62.4384,17.1811,59.3818,15.4729,56.1835,22.4352,66.27,19.9052,63.1108,17.7042,59.7141,15.756,56.2019,13.9224,52.5859,22.5681,64.2454,19.6545,60.6722,17.0837,56.9239,14.761,53.0977,12.8165,49.2174,25.4259,60.0274,21.9559,56.2144,18.5661,52.3057,15.5975,48.3934,12.823,44.4851,33.4458,52.1143,29.896,48.443,26.3698,44.7953,22.8669,41.1922,19.5715,37.6325
2023-10-23,29992.46,35280.0,29883.6,34525.89,373306.40874,86.0064,6.5231,84.0306,5.074,82.0083,3.7342,79.938,2.4436,77.818,1.5244,72.4225,17.9068,69.9763,15.5915,67.5186,13.474,65.0491,11.3954,62.568,9.3545,60.6263,28.9401,58.0719,26.2764,55.5385,23.6725,53.0259,21.1406,50.5339,18.6166,51.1214,38.5689,48.6698,35.8579,46.2655,33.2081,43.9073,30.5403,41.5938,27.8541,43.5886,46.5721,41.2898,43.9376,39.0503,41.279,36.868,38.585,34.7407,35.8496,43.8731,45.3854,41.3124,42.5681,38.7987,39.7496,36.3654,36.9268,34.0702,34.0874,44.5732,43.8792,41.7612,40.9151,38.9827,37.998,36.3415,35.1009,33.7956,32.2157,46.8272,41.2609,43.8657,38.2665,40.9106,35.3734,37.962,32.5188,35.0927,29.7003
2023-10-30,34525.88,35984.99,34025.0,35011.88,249862.2126,93.7741,2.8168,92.8026,2.2997,91.7752,1.8535,90.6869,1.4321,89.5321,1.0337,88.4427,5.8313,86.8658,4.603,85.2234,3.5887,83.5114,2.6197,81.7254,1.693,78.2482,13.9908,76.1899,12.1607,74.0808,10.4671,71.9192,8.9031,69.7028,7.3867,69.0041,21.9807,66.7021,19.7739,64.3803,17.7669,62.0384,15.7988,59.6762,13.8682,61.2385,29.3951,58.9021,27.0483,56.5679,24.823,54.2357,22.6366,51.9056,20.4725,54.7278,35.8691,52.4286,33.4653,50.1495,31.1186,47.8902,28.7974,45.6505,26.4806,55.4901,34.7149,53.0601,32.2472,50.6375,29.8758,48.2223,27.5369,45.8201,25.2178,56.5695,33.3385,54.0262,30.8356,51.4748,28.4684,48.9151,26.1394,46.3617,23.8453
2023-11-06,35011.89,37972.24,34523.06,37064.13,261060.64807,98.9385,0.0347,98.6336,0.0,98.3049,0.0,97.9495,0.0,97.5639,0.0,94.7362,2.5518,93.951,2.0216,93.1146,1.6477,92.2217,1.2953,91.2664,0.9626,90.4121,5.0725,89.1408,4.0674,87.8036,3.193,86.3954,2.433,84.9101,1.7091,82.5004,11.0404,80.7498,9.5489,78.9394,8.2882,77.0661,7.0756,75.1264,5.9084,75.3678,17.1083,73.3829,15.3248,71.3536,13.7223,69.2784,12.1859,67.1558,10.6936,69.1068,22.736,67.0038,20.758,64.8744,18.9111,62.7181,17.1332,60.5343,15.3917,63.7419,27.8495,61.6155,25.7712,59.4794,23.8101,57.3333,21.8891,55.1773,19.9942,64.7259,26.764,62.5498,24.6839,60.3537,22.7512,58.1373,20.8564,55.8955,18.996
2023-11-13,37064.13,37980.0,34800.0,37359.86,255993.59565,99.0759,0.0298,98.8053,0.0,98.5108,0.0,98.1893,0.0,97.8369,0.0,99.0909,0.1161,98.8523,0.0,98.5934,0.0,98.3116,0.0,98.0036,0.0,95.269,2.4365,94.5946,1.9462,93.8711,1.5573,93.0929,1.2528,92.2535,0.966,91.4177,4.4767,90.2488,3.5724,89.0131,2.8869,87.7048,2.2376,86.3173,1.6213,85.0472,9.3547,83.4986,8.0874,81.8825,7.0128,80.1944,6.0052,78.4295,5.0407,79.2352,14.1803,77.4576,12.6541,75.6223,11.2869,73.7263,10.0021,71.7668,8.7624,74.081,18.6381,72.1595,16.9128,70.1948,15.3472,68.1853,13.8413,66.1296,12.3775,69.6507,22.7637,67.6827,20.9358,65.6847,19.2574,63.656,17.6186,61.5876,16.0159
2023-11-20,37359.85,38414.0,35632.01,37447.43,229889.97507,99.161,0.0267,98.9116,0.0,98.6383,0.0,98.3374,0.0,98.0048,0.0,99.1748,0.1045,98.9553,0.0,98.7158,0.0,98.4534,0.0,98.1647,0.0,99.1574,0.1933,98.9596,0.059,98.7438,0.0,98.5074,0.0,98.2472,0.0,95.4897,2.2204,94.8119,1.7343,94.0823,1.4337,93.2948,1.1522,92.4421,0.8878,92.1955,4.1045,91.1273,3.3002,89.9908,2.6788,88.7794,2.1117,87.4852,1.5755,86.8084,8.2004,85.4044,7.0883,83.9285,6.1396,82.3747,5.2706,80.7369,4.4424,81.8858,12.1451,80.2473,10.7837,78.5433,9.5984,76.7699,8.4778,74.9225,7.402,77.5984,15.8346,75.8309,14.3081,74.0085,12.9572,72.1284,11.6554,70.1739,10.3976
2023-11-27,37447.42,40250.0,36707.0,39972.26,222103.26117,100.0,0.0,100.0,0.0,100.0,0.0,100.0,0.0,100.0,0.0,99.2861,0.0903,99.0958,0.0,98.8881,0.0,98.6603,0.0,98.4094,0.0,99.2691,0.1679,99.0979,0.0513,98.9112,0.0,98.7068,0.0,98.482,0.0,99.1412,0.1478,98.9257,0.0001,98.6911,0.0,98.4347,0.0,98.1534,0.0,95.9996,1.9816,95.401,1.5536,94.7563,1.2747,94.0597,1.0304,93.3049,0.801,93.2375,3.5887,92.3166,2.9022,91.3345,2.3607,90.285,1.8822,89.1609,1.43,88.7695,6.9238,87.5492,5.971,86.262,5.1857,84.9022,4.4556,83.4635,3.7611,84.726,10.1299,83.2984,8.969,81.8066,7.9847,80.246,7.046,78.5933,6.1472
2023-12-04,39972.26,44700.0,39972.26,43789.51,332080.41362,100.0,0.0,100.0,0.0,100.0,0.0,100.0,0.0,100.0,0.0,100.0,0.0,100.0,0.0,100.0,0.0,100.0,0.0,100.0,0.0,99.3955,0.1398,99.2556,0.0428,99.1036,0.0,98.9382,0.0,98.7572,0.0,99.2862,0.1237,99.1091,0.0001,98.9171,0.0,98.7083,0.0,98.4804,0.0,99.2375,0.145,99.052,0.0157,98.8509,0.0,98.6322,0.0,98.3934,0.0,96.6422,1.6904,96.1504,1.3352,95.622,1.0931,95.0526,0.893,94.4374,0.7047,94.3914,2.9783,93.6302,2.4079,92.8195,1.9795,91.9542,1.5894,91.0286,1.2203,90.8137,5.636,89.806,4.8517,88.7423,4.2252,87.6177,3.6323,86.406,3.0681
2023-12-11,43789.5,43804.5,40222.0,41374.65,292562.41578,100.0,0.0,100.0,0.0,100.0,0.0,100.0,0.0,100.0,0.0,100.0,0.0,100.0,0.0,100.0,0.0,100.0,0.0,100.0,0.0,100.0,0.0,100.0,0.0,100.0,0.0,100.0,0.0,100.0,0.0,99.343,0.1134,99.1789,0.0001,99.0007,0.0,98.8063,0.0,98.5935,0.0,99.2993,0.1329,99.128,0.0144,98.9419,0.0,98.7391,0.0,98.5171,0.0,99.2734,0.1479,99.0987,0.0272,98.9089,0.0,98.702,0.0,98.4754,0.0,96.9245,1.5234,96.4645,1.1942,95.9691,0.9878,95.4341,0.8075,94.8544,0.6379,94.9767,2.6511,94.2856,2.1399,93.5473,1.7732,92.7567,1.4298,91.885,1.1053
2023-12-18,41374.64,44398.26,40542.93,42991.5,245481.20612,100.0,0.0,100.0,0.0,100.0,0.0,100.0,0.0,100.0,0.0,100.0,0.0,100.0,0.0,100.0,0.0,100.0,0.0,100.0,0.0,100.0,0.0,100.0,0.0,100.0,0.0,100.0,0.0,100.0,0.0,100.0,0.0,100.0,0.0,100.0,0.0,100.0,0.0,100.0,0.0,99.3619,0.1209,99.2058,0.0131,99.0362,0.0,98.8512,0.0,98.6488,0.0,99.3385,0.1346,99.1795,0.0248,99.0068,0.0,98.8184,0.0,98.6122,0.0,99.3157,0.129,99.1482,0.0132,98.9662,0.0,98.7677,0.0,98.5505,0.0,97.2478,1.3525,96.8324,1.0561,96.3846,0.8844,95.9006,0.7255,95.3524,0.5762
2023-12-25,42991.5,43802.32,41300.0,42283.58,228462.70228,100.0,0.0,100.0,0.0,100.0,0.0,100.0,0.0,100.0,0.0,100.0,0.0,100.0,0.0,100.0,0.0,100.0,0.0,100.0,0.0,100.0,0.0,100.0,0.0,100.0,0.0,100.0,0.0,100.0,0.0,100.0,0.0,100.0,0.0,100.0,0.0,100.0,0.0,100.0,0.0,100.0,0.0,100.0,0.0,100.0,0.0,100.0,0.0,100.0,0.0,99.3788,0.1261,99.2289,0.0232,99.0658,0.0,98.8876,0.0,98.6922,0.0,99.358,0.1208,99.2002,0.0124,99.0285,0.0,98.8411,0.0,98.6355,0.0,99.3552,0.1129,99.1942,0.0023,99.0191,0.0,98.8279,0.0,98.5941,0.0
2024-01-01,42283.58,45879.63,40750.0,43929.02,310487.48622,100.0,0.0,100.0,0.0,100.0,0.0,100.0,0.0,100.0,0.0,100.0,0.0,100.0,0.0,100.0,0.0,100.0,0.0,100.0,0.0,100.0,0.0,100.0,0.0,100.0,0.0,100.0,0.0,100.0,0.0,100.0,0.0,100.0,0.0,100.0,0.0,100.0,0.0,100.0,0.0,100.0,0.0,100.0,0.0,100.0,0.0,100.0,0.0,100.0,0.0,100.0,0.0,100.0,0.0,100.0,0.0,100.0,0.0,100.0,0.0,99.4043,0.1121,99.2581,0.0115,99.099,0.0,98.9253,0.0,98.735,0.0,99.4016,0.1048,99.2523,0.0021,99.0899,0.0,98.9127,0.0,98.6959,0.0
2024-01-08,43929.01,48969.48,41500.0,41732.35,470798.80434,100.0,0.0,100.0,0.0,100.0,0.0,99.8991,0.0,99.4705,0.0,100.0,0.0,100.0,0.0,100.0,0.0,100.0,0.0,100.0,0.0,100.0,0.0,100.0,0.0,100.0,0.0,100.0,0.0,100.0,0.0,100.0,0.0,100.0,0.0,100.0,0.0,100.0,0.0,100.0,0.0,100.0,0.0,100.0,0.0,100.0,0.0,100.0,0.0,100.0,0.0,100.0,0.0,100.0,0.0,100.0,0.0,100.0,0.0,100.0,0.0,100.0,0.0,100.0,0.0,100.0,0.0,100.0,0.0,100.0,0.0,99.4214,0.101,99.2763,0.002,99.118,0.0,98.9447,0.0,98.7543,0.0
2024-01-15,41732.35,43578.01,40280.0,41580.33,238486.27274,100.0,0.0,99.8044,0.0,99.4359,0.0,98.9068,0.0,97.9438,0.0,100.0,0.0,100.0,0.0,100.0,0.0,100.0,0.0,100.0,0.0,100.0,0.0,100.0,0.0,100.0,0.0,100.0,0.0,100.0,0.0,100.0,0.0,100.0,0.0,100.0,0.0,100.0,0.0,100.0,0.0,100.0,0.0,100.0,0.0,100.0,0.0,100.0,0.0,100.0,0.0,100.0,0.0,100.0,0.0,100.0,0.0,100.0,0.0,100.0,0.0,100.0,0.0,100.0,0.0,100.0,0.0,100.0,0.0,100.0,0.0,100.0,0.0,100.0,0.0,100.0,0.0,100.0,0.0,100.0,0.0
2024-01-22,41580.32,42842.68,38555.0,42031.06,274603.16207,100.0,0.0,99.6948,0.0,99.106,0.0,98.2405,0.0,96.6489,0.0,100.0,0.0,100.0,0.0,100.0,0.0,100.0,0.0,100.0,0.0,100.0,0.0,100.0,0.0,100.0,0.0,100.0,0.0,100.0,0.0,100.0,0.0,100.0,0.0,100.0,0.0,100.0,0.0,100.0,0.0,100.0,0.0,100.0,0.0,100.0,0.0,100.0,0.0,100.0,0.0,100.0,0.0,100.0,0.0,100.0,0.0,100.0,0.0,100.0,0.0,100.0,0.0,100.0,0.0,100.0,0.0,100.0,0.0,100.0,0.0,100.0,0.0,100.0,0.0,100.0,0.0,100.0,0.0,100.0,0.0
2024-01-29,42031.05,43882.36,41804.88,42582.88,203036.61925,100.0,0.0,99.6324,0.0,98.9245,0.0,97.8874,0.0,95.9957,0.0,100.0,0.0,100.0,0.0,100.0,0.0,100.0,0.0,100.0,0.0,100.0,0.0,100.0,0.0,100.0,0.0,100.0,0.0,100.0,0.0,100.0,0.0,100.0,0.0,100.0,0.0,100.0,0.0,100.0,0.0,100.0,0.0,100.0,0.0,100.0,0.0,100.0,0.0,100.0,0.0,100.0,0.0,100.0,0.0,100.0,0.0,100.0,0.0,100.0,0.0,100.0,0.0,100.0,0.0,100.0,0.0,100.0,0.0,100.0,0.0,100.0,0.0,100.0,0.0,100.0,0.0,100.0,0.0,100.0,0.0
2024-02-05,42582.88,48592.66,42258.1,48299.99,262240.48357,100.0,0.0,99.701,0.0,99.1375,0.0,98.3305,0.0,96.8762,0.0,100.0,0.0,100.0,0.0,100.0,0.0,100.0,0.0,100.0,0.0,100.0,0.0,100.0,0.0,100.0,0.0,100.0,0.0,100.0,0.0,100.0,0.0,100.0,0.0,100.0,0.0,100.0,0.0,100.0,0.0,100.0,0.0,100.0,0.0,100.0,0.0,100.0,0.0,100.0,0.0,100.0,0.0,100.0,0.0,100.0,0.0,100.0,0.0,100.0,0.0,100.0,0.0,100.0,0.0,100.0,0.0,100.0,0.0,100.0,0.0,100.0,0.0,100.0,0.0,100.0,0.0,100.0,0.0,100.0,0.0
2024-02-12,48300.0,52816.62,47710.01,52137.67,310862.3017,100.0,0.0,99.7978,0.0,99.4227,0.0,98.8938,0.0,97.9444,0.0,100.0,0.0,100.0,0.0,100.0,0.0,100.0,0.0,100.0,0.0,100.0,0.0,100.0,0.0,100.0,0.0,100.0,0.0,100.0,0.0,100.0,0.0,100.0,0.0,100.0,0.0,100.0,0.0,100.0,0.0,100.0,0.0,100.0,0.0,100.0,0.0,100.0,0.0,100.0,0.0,100.0,0.0,100.0,0.0,100.0,0.0,100.0,0.0,100.0,0.0,100.0,0.0,100.0,0.0,100.0,0.0,100.0,0.0,100.0,0.0,100.0,0.0,100.0,0.0,100.0,0.0,100.0,0.0,100.0,0.0
2024-02-19,52137.68,52985.0,50521.0,51728.85,223366.16186,100.0,0.0,99.819,0.0,99.4811,0.0,99.0013,0.0,98.134,0.0,100.0,0.0,100.0,0.0,100.0,0.0,100.0,0.0,100.0,0.0,100.0,0.0,100.0,0.0,100.0,0.0,100.0,0.0,100.0,0.0,100.0,0.0,100.0,0.0,100.0,0.0,100.0,0.0,100.0,0.0,100.0,0.0,100.0,0.0,100.0,0.0,100.0,0.0,100.0,0.0,100.0,0.0,100.0,0.0,100.0,0.0,100.0,0.0,100.0,0.0,100.0,0.0,100.0,0.0,100.0,0.0,100.0,0.0,100.0,0.0,100.0,0.0,100.0,0.0,100.0,0.0,100.0,0.0,100.0,0.0
2024-02-26,51728.85,64000.0,50901.44,63113.97,417907.83383,100.0,0.0,99.8934,0.0,99.6963,0.0,99.4843,0.0,99.2559,0.0,100.0,0.0,100.0,0.0,100.0,0.0,100.0,0.0,100.0,0.0,100.0,0.0,100.0,0.0,100.0,0.0,100.0,0.0,100.0,0.0,100.0,0.0,100.0,0.0,100.0,0.0,100.0,0.0,100.0,0.0,100.0,0.0,100.0,0.0,100.0,0.0,100.0,0.0,100.0,0.0,100.0,0.0,100.0,0.0,100.0,0.0,100.0,0.0,100.0,0.0,100.0,0.0,100.0,0.0,100.0,0.0,100.0,0.0,100.0,0.0,100.0,0.0,100.0,0.0,100.0,0.0,100.0,0.0,100.0,0.0
2024-03-04,63113.97,69990.0,59005.0,68955.88,481870.181782,100.0,0.0,100.0,0.0,100.0,0.0,100.0,0.0,100.0,0.0,100.0,0.0,100.0,0.0,100.0,0.0,100.0,0.0,100.0,0.0,100.0,0.0,100.0,0.0,100.0,0.0,100.0,0.0,100.0,0.0,100.0,0.0,100.0,0.0,100.0,0.0,100.0,0.0,100.0,0.0,100.0,0.0,100.0,0.0,100.0,0.0,100.0,0.0,100.0,0.0,100.0,0.0,100.0,0.0,100.0,0.0,100.0,0.0,100.0,0.0,100.0,0.0,100.0,0.0,100.0,0.0,100.0,0.0,100.0,0.0,100.0,0.0,100.0,0.0,100.0,0.0,100.0,0.0,100.0,0.0
2024-03-11,68955.88,73777.0,64533.0,68393.48,477496.91752,100.0,0.0,100.0,0.0,100.0,0.0,100.0,0.0,100.0,0.0,100.0,0.0,100.0,0.0,100.0,0.0,100.0,0.0,100.0,0.0,100.0,0.0,100.0,0.0,100.0,0.0,100.0,0.0,100.0,0.0,100.0,0.0,100.0,0.0,100.0,0.0,100.0,0.0,100.0,0.0,100.0,0.0,100.0,0.0,100.0,0.0,100.0,0.0,100.0,0.0,100.0,0.0,100.0,0.0,100.0,0.0,100.0,0.0,100.0,0.0,100.0,0.0,100.0,0.0,100.0,0.0,100.0,0.0,100.0,0.0,100.0,0.0,100.0,0.0,100.0,0.0,100.0,0.0,100.0,0.0
2024-03-18,68393.47,68956.0,60775.0,67209.99,409762.74414,100.0,0.0,100.0,0.0,100.0,0.0,100.0,0.0,100.0,0.0,100.0,0.0,100.0,0.0,100.0,0.0,100.0,0.0,100.0,0.0,100.0,0.0,100.0,0.0,100.0,0.0,100.0,0.0,100.0,0.0,100.0,0.0,100.0,0.0,100.0,0.0,100.0,0.0,100.0,0.0,100.0,0.0,100.0,0.0,100.0,0.0,100.0,0.0,100.0,0.0,100.0,0.0,100.0,0.0,100.0,0.0,100.0,0.0,100.0,0.0,100.0,0.0,100.0,0.0,100.0,0.0,100.0,0.0,100.0,0.0,100.0,0.0,100.0,0.0,100.0,0.0,100.0,0.0,100.0,0.0
2024-03-25,67210.0,71769.54,66385.06,71280.01,235409.95755,100.0,0.0,100.0,0.0,100.0,0.0,100.0,0.0,100.0,0.0,100.0,0.0,100.0,0.0,100.0,0.0,100.0,0.0,100.0,0.0,100.0,0.0,100.0,0.0,100.0,0.0,100.0,0.0,100.0,0.0,100.0,0.0,100.0,0.0,100.0,0.0,100.0,0.0,100.0,0.0,100.0,0.0,100.0,0.0,100.0,0.0,100.0,0.0,100.0,0.0,100.0,0.0,100.0,0.0,100.0,0.0,100.0,0.0,100.0,0.0,100.0,0.0,100.0,0.0,100.0,0.0,100.0,0.0,100.0,0.0,100.0,0.0,100.0,0.0,100.0,0.0,100.0,0.0,100.0,0.0
2024-04-01,71280.0,71288.23,64493.07,69360.39,274227.11488,100.0,0.0,100.0,0.0,100.0,0.0,100.0,0.0,100.0,0.0,100.0,0.0,100.0,0.0,100.0,0.0,100.0,0.0,100.0,0.0,100.0,0.0,100.0,0.0,100.0,0.0,100.0,0.0,100.0,0.0,100.0,0.0,100.0,0.0,100.0,0.0,100.0,0.0,100.0,0.0,100.0,0.0,100.0,0.0,100.0,0.0,100.0,0.0,100.0,0.0,100.0,0.0,100.0,0.0,100.0,0.0,100.0,0.0,100.0,0.0,100.0,0.0,100.0,0.0,100.0,0.0,100.0,0.0,100.0,0.0,100.0,0.0,100.0,0.0,100.0,0.0,100.0,0.0,100.0,0.0
2024-04-08,69360.38,72797.99,60660.57,65661.84,348008.31904,100.0,0.0,100.0,0.0,100.0,0.0,99.772,0.0,99.4425,0.0,100.0,0.0,100.0,0.0,100.0,0.0,99.962,0.0,99.3694,0.0,100.0,0.0,100.0,0.0,100.0,0.0,100.0,0.0,100.0,0.0,100.0,0.0,100.0,0.0,100.0,0.0,100.0,0.0,100.0,0.0,100.0,0.0,100.0,0.0,100.0,0.0,100.0,0.0,100.0,0.0,100.0,0.0,100.0,0.0,100.0,0.0,100.0,0.0,100.0,0.0,100.0,0.0,100.0,0.0,100.0,0.0,100.0,0.0,100.0,0.0,100.0,0.0,100.0,0.0,100.0,0.0,100.0,0.0,100.0,0.0
2024-04-15,65661.85,66867.07,59600.01,64941.15,312265.13225,99.0776,0.0,98.7406,0.0,98.3626,0.0,97.6517,0.0,96.761,0.0,100.0,0.0,100.0,0.0,100.0,0.0,99.7964,0.0,98.8719,0.0,100.0,0.0,100.0,0.0,100.0,0.0,99.883,0.0,99.3827,0.0,100.0,0.0,100.0,0.0,100.0,0.0,100.0,0.0,100.0,0.0,100.0,0.0,100.0,0.0,100.0,0.0,100.0,0.0,100.0,0.0,100.0,0.0,100.0,0.0,100.0,0.0,100.0,0.0,100.0,0.0,100.0,0.0,100.0,0.0,100.0,0.0,100.0,0.0,100.0,0.0,100.0,0.0,100.0,0.0,100.0,0.0,100.0,0.0,100.0,0.0
2024-04-22,64941.15,67232.35,62391.24,63118.62,183902.50753,92.3594,3.6585,91.029,3.1135,89.5381,2.6183,87.5451,2.1663,85.2231,1.7522,97.2638,1.3371,96.81,1.064,96.2988,0.8138,95.486,0.5838,93.7856,0.3716,98.9217,0.1973,98.6427,0.0216,98.3321,0.0,97.8649,0.0,96.9687,0.0,99.5812,0.0,99.2046,0.0,98.7896,0.0,98.3299,0.0,97.8179,0.0,100.0,0.0,99.9038,0.0,99.5265,0.0,99.1129,0.0,98.6577,0.0,100.0,0.0,100.0,0.0,100.0,0.0,99.6438,0.0,99.2091,0.0,100.0,0.0,100.0,0.0,100.0,0.0,99.9676,0.0,99.5067,0.0,100.0,0.0,100.0,0.0,100.0,0.0,100.0,0.0,99.902,0.0
2024-04-29,63118.62,64734.0,56552.82,64012.0,298372.0172,85.5633,6.0352,82.9102,4.6587,80.0006,3.8014,76.497,3.1241,72.6267,2.5115,95.0758,1.8453,93.9099,1.456,92.5835,1.1051,90.762,0.7872,87.7167,0.4979,98.6524,0.2398,98.2681,0.0261,97.5837,0.0,96.6619,0.0,95.1612,0.0,99.551,0.0,99.145,0.0,98.6952,0.0,98.194,0.0,97.6319,0.0,100.0,0.0,99.8952,0.0,99.4813,0.0,99.0226,0.0,98.4537,0.0,100.0,0.0,100.0,0.0,100.0,0.0,99.6216,0.0,99.1556,0.0,100.0,0.0,100.0,0.0,100.0,0.0,99.9673,0.0,99.5005,0.0,100.0,0.0,100.0,0.0,100.0,0.0,100.0,0.0,99.901,0.0
2024-05-06,64012.0,65500.0,60187.12,61483.99,179712.75232,67.4941,18.5915,63.6587,15.745,59.6882,13.474,55.5084,11.4745,51.2759,9.6236,84.0908,8.1874,81.4625,6.9116,78.5282,5.7547,74.9986,4.7007,70.4295,3.7365,93.011,3.2474,91.7404,2.5348,90.0107,2.0984,87.886,1.7331,85.0009,1.4012,96.7238,1.4237,95.827,1.1655,94.8293,0.9302,93.7124,0.7148,92.4536,0.5168,98.5125,0.6144,98.126,0.4418,97.394,0.283,96.5853,0.1364,95.6299,0.0007,99.0476,0.0,98.7255,0.0,98.3688,0.0,97.5799,0.0,96.6617,0.0,99.5728,0.0,99.2773,0.0,98.9532,0.0,98.5625,0.0,97.6948,0.0,99.9638,0.0,99.6738,0.0,99.3578,0.0,99.012,0.0,98.5353,0.0
2024-05-13,61484.0,67700.0,60749.21,66274.01,195247.04901,51.8412,29.0973,46.9781,24.8239,42.0973,21.2481,37.4145,18.0695,32.9585,15.1351,80.308,10.2476,77.158,8.658,73.6746,7.2141,69.58,5.8968,64.5478,4.6902,90.9566,4.1253,89.2478,3.2089,86.9334,2.645,84.0884,2.1758,80.2899,1.7527,95.8022,1.7712,94.6109,1.4412,93.263,1.1438,91.7254,0.8745,89.955,0.6294,98.2642,0.7027,97.7997,0.5033,96.9226,0.3212,95.942,0.1543,94.7708,0.0008,99.0126,0.0,98.6768,0.0,98.3039,0.0,97.4803,0.0,96.5193,0.0,99.5517,0.0,99.2395,0.0,98.8949,0.0,98.4772,0.0,97.55,0.0,99.963,0.0,99.6654,0.0,99.3396,0.0,98.9814,0.0,98.4857,0.0
2024-05-20,66274.0,71979.0,66060.31,68507.67,220708.83749,47.7212,34.2088,43.5573,29.6991,39.5374,25.7576,35.9018,22.1546,32.5954,18.7546,73.6758,13.8321,69.6082,11.6812,65.1543,9.7292,60.1056,7.9497,54.4732,6.3209,89.4904,4.8432,87.549,3.7745,84.9521,3.1135,81.805,2.5626,77.6945,2.0653,94.9077,2.1211,93.4456,1.7209,91.7821,1.3623,89.8725,1.039,87.6578,0.7462,97.8873,0.8355,97.3026,0.5957,96.203,0.3786,94.9566,0.1812,93.4501,0.0009,98.8862,0.0,98.5009,0.0,98.0691,0.0,97.1192,0.0,96.0025,0.0,99.5431,0.0,99.2246,0.0,98.8727,0.0,98.4458,0.0,97.4986,0.0,99.9618,0.0,99.6542,0.0,99.3161,0.0,98.9427,0.0,98.4245,0.0
2024-05-27,68507.67,70687.56,66670.0,67765.63,158352.25614,53.5046,30.2886,49.734,26.3194,46.0841,22.9042,42.5492,19.7761,39.124,16.8021,67.1792,17.7937,62.5297,15.0826,57.556,12.6047,52.1837,10.3312,46.8043,8.2378,85.557,6.5689,82.8178,5.1068,79.2184,4.1936,74.9113,3.4366,69.5256,2.7589,93.9329,2.5181,92.1963,2.0404,90.2234,1.6134,87.9624,1.2294,85.3453,0.8821,97.4253,0.9982,96.6925,0.709,95.3215,0.4492,93.7511,0.2143,91.8362,0.0011,98.6517,0.0,98.1722,0.0,97.6265,0.0,96.4344,0.0,95.0153,0.0,99.484,0.0,99.1202,0.0,98.7146,0.0,98.2181,0.0,97.119,0.0,99.9607,0.0,99.644,0.0,99.2953,0.0,98.9095,0.0,98.3734,0.0
2024-06-03,67765.62,71997.02,67612.48,69648.14,165061.19141,63.3145,23.7735,60.0241,20.6065,56.7082,17.9654,53.3664,15.5552,49.9985,13.2512,71.8274,16.2224,68.3558,13.9432,64.764,11.8035,60.9185,9.7909,56.9773,7.8944,83.2467,7.8008,80.2303,6.0915,76.3581,5.0135,71.8489,4.1158,66.4197,3.3096,92.3523,3.1504,90.1686,2.547,87.6907,2.0098,84.8547,1.5286,81.577,1.095,97.0636,1.1372,96.2287,0.8076,94.675,0.5115,92.9024,0.244,90.7523,0.0012,98.4257,0.0,97.8573,0.0,97.205,0.0,95.7885,0.0,94.0938,0.0,99.3964,0.0,98.9656,0.0,98.4796,0.0,97.8786,0.0,96.5522,0.0,99.9566,0.0,99.6054,0.0,99.2161,0.0,98.782,0.0,98.1755,0.0
2024-06-10,69648.15,70195.94,65078.0,66676.87,174066.07718,70.0586,16.2856,66.4454,13.6082,62.8011,11.6839,59.1254,10.061,55.4177,8.5672,70.2731,16.7165,66.4065,14.3471,62.5537,12.129,58.7147,10.0481,54.8893,8.0921,81.4996,8.8575,78.335,6.9541,73.9546,5.7431,69.1998,4.7281,63.9224,3.8116,89.8915,4.1134,87.0129,3.3135,83.7506,2.6064,80.0223,1.9766,75.6347,1.4123,96.0501,1.4813,94.8769,1.046,92.7177,0.6591,90.2186,0.313,87.1546,0.0015,98.1138,0.0,97.4208,0.0,96.6174,0.0,94.8868,0.0,92.8061,0.0,99.2737,0.0,98.7473,0.0,98.1455,0.0,97.3918,0.0,95.7357,0.0,99.9482,0.0,99.5263,0.0,99.0521,0.0,98.5153,0.0,97.7567,0.0
2024-06-17,66676.86,67298.81,63178.32,63210.01,155589.33133,59.0824,29.0872,56.0039,26.5583,52.9023,24.1306,49.7775,21.7983,46.6292,19.5558,62.7412,24.9904,59.2741,22.5713,55.8211,20.2903,52.3821,18.1361,48.9571,16.0983,67.2503,20.868,63.904,18.2,60.1161,16.0609,56.3882,14.1177,52.7188,12.2976,76.9387,13.157,73.3562,11.4307,69.5353,9.8569,65.4515,8.4163,61.0443,7.0926,86.0959,7.3735,83.5569,6.1848,79.9784,5.1188,75.9753,4.1574,71.3773,3.2859,92.3063,3.0836,90.6727,2.6503,88.7792,2.2662,85.76,1.9232,82.2439,1.6152,96.1064,1.5874,95.0177,1.3122,93.7765,1.065,92.2862,0.8418,89.767,0.6391,98.146,0.8261,97.3335,0.6447,96.4159,0.4805,95.3714,0.3314,94.0091,0.1952
2024-06-24,63210.01,63369.8,58402.0,62772.01,177837.60164,58.8135,30.1597,55.9045,27.8365,52.9573,25.6164,49.9711,23.4928,46.9452,21.4595,54.5238,33.8998,51.5041,31.2042,48.4974,28.5735,45.5037,26.0054,42.523,23.4976,60.3407,28.4086,57.2202,25.8564,53.8779,23.3972,50.5825,21.0258,47.333,18.7376,66.0273,22.2856,62.5089,19.8959,58.9399,17.6399,55.3193,15.5069,51.6418,13.4869,75.9713,14.4309,72.7441,12.5266,68.8026,10.7732,64.6361,9.1536,60.185,7.6529,84.011,7.9356,81.2895,6.8748,78.1937,5.9296,74.013,5.0821,69.3607,4.3179,90.9505,4.3309,89.0033,3.6391,86.7844,3.0196,84.17,2.4616,80.3858,1.9564,95.3173,2.2207,93.975,1.7729,92.4623,1.3681,90.7445,1.0004,88.6105,0.665
2024-07-01,62772.01,63861.76,53485.93,55857.81,251967.61048,34.0024,56.7554,31.8425,54.2809,29.7328,51.8107,27.6714,49.3446,25.6568,46.8827,41.9538,48.3092,39.556,45.9322,37.1776,43.5894,34.8182,41.28,32.4776,39.0034,42.2201,48.0205,39.7651,45.6021,37.417,43.1923,35.105,40.7909,32.8282,38.398,48.2663,41.9157,45.7179,39.551,43.1302,37.2206,40.5022,34.9239,37.8552,32.6601,54.2244,34.8162,51.1615,32.3541,48.0233,29.9898,44.8758,27.7177,41.7423,25.5325,63.419,25.5647,60.1582,23.5085,56.6638,21.6107,52.8494,19.8537,48.9166,18.2224,72.5084,18.2569,69.3736,16.5858,65.9232,15.0637,62.0849,13.6715,57.6494,12.3934,81.4136,12.2345,78.9372,11.0316,76.1892,9.9373,73.1221,8.9375,69.5861,8.0205
2024-07-08,55857.81,61420.69,54260.16,60797.91,190723.74928,20.6939,70.3629,18.8205,67.5602,17.0502,64.6551,15.3745,61.6418,13.786,58.5142,33.4052,56.7536,31.2314,54.1154,29.14,51.4296,27.1263,48.695,25.1861,45.9103,41.648,48.2739,39.1405,45.7491,36.7547,43.2222,34.4149,40.6932,32.1199,38.162,43.1863,46.8767,40.7535,44.3396,38.3408,41.7809,35.948,39.2002,33.6015,36.5973,49.6672,39.842,46.9769,37.2849,44.2587,34.7531,41.5122,32.2465,38.7664,29.7645,56.0458,32.2151,52.8686,29.7415,49.5946,27.3958,46.2936,25.1684,43.0392,23.0504,64.9469,23.9535,61.511,21.7677,57.8564,19.7383,53.9545,17.8493,49.8075,16.0865,73.6648,17.155,70.3899,15.3733,66.816,13.7418,62.9002,12.2422,58.5465,10.8591
2024-07-15,60797.91,68366.66,60632.3,68165.34,205198.52303,29.418,60.5494,27.1915,57.694,25.0554,54.7798,23.0043,51.805,21.0333,48.7677,35.4682,54.0474,33.073,51.3103,30.7488,48.5484,28.4926,45.7612,26.3014,42.9484,45.2049,44.8875,42.7068,42.4357,40.282,39.9939,37.8899,37.5619,35.5297,35.1398,52.3135,38.4842,49.9313,36.2619,47.5151,34.0696,45.0641,31.9068,42.5894,29.7728,54.0236,36.6608,51.6565,34.3693,49.2738,32.0925,46.8755,29.8303,44.4612,27.5825,59.8949,30.091,57.2587,27.9541,54.5757,25.9029,51.8444,23.9322,49.0637,22.0375,65.6923,24.1914,62.6654,22.1299,59.5046,20.1913,56.1902,18.365,52.675,16.6415,73.0459,17.9848,69.932,16.1936,66.5892,14.5383,62.9912,13.004,59.061,11.5779
2024-07-22,68165.35,69399.99,63456.7,68249.88,177889.46168,30.909,58.4076,28.4876,55.4534,26.149,52.4602,23.889,49.4273,21.7038,46.3538,38.4021,50.6206,35.8023,47.8356,33.255,45.0511,30.7588,42.2672,28.3121,39.4839,44.5128,45.0447,41.8501,42.4896,39.258,39.9561,36.6897,37.444,34.145,34.9529,53.2647,37.4388,50.8357,35.2143,48.3624,33.0275,45.8435,30.8776,43.2885,28.7635,59.8763,31.8119,57.6672,29.8559,55.4017,27.9452,53.0775,26.0783,50.6923,24.2537,61.925,28.9086,59.5449,26.9432,57.1373,25.0444,54.7015,23.2091,52.2372,21.434,67.5494,23.5201,64.9418,21.6496,62.2587,19.8692,59.4968,18.1728,56.6527,16.5544,72.9178,18.5405,70.0263,16.7816,66.9723,15.1396,63.7416,13.6033,60.2673,12.1628
2024-07-29,68249.88,70079.99,57122.77,58161.0,216238.9234,25.1882,66.1776,23.2167,63.8104,21.3124,61.3498,19.4718,58.7902,17.6919,56.1254,24.5983,65.902,22.5708,63.2818,20.6274,60.5913,18.7629,57.8278,16.9727,54.9883,32.65,57.5547,30.2995,55.0139,28.145,52.4346,26.0536,49.816,24.0225,47.1571,39.2545,51.064,36.8594,48.6181,34.4742,46.1618,32.099,43.6952,29.7622,41.218,48.2588,42.8245,46.0019,40.6225,43.7338,38.4313,41.4544,36.2508,39.1636,34.0809,55.2471,36.5106,53.1265,34.5079,50.9811,32.5277,48.8104,30.5695,46.6141,28.633,58.0509,32.7611,55.6174,30.6481,53.1801,28.5878,50.7392,26.5784,48.2944,24.6179,63.8762,26.8199,61.1124,24.7534,58.2882,22.7752,55.4016,20.8798,52.4506,19.0621
2024-08-05,58161.0,62745.14,49000.0,58712.59,370726.80645,24.4458,66.7909,22.4731,64.3523,20.5775,61.8009,18.7545,59.1286,16.9999,56.3266,21.6476,70.3826,19.8652,68.1498,18.1563,65.8065,16.5166,63.3444,14.9419,60.7542,21.8609,69.2286,19.8389,66.7887,18.1087,64.2541,16.4599,61.6191,14.8867,58.8776,30.4498,60.3863,28.2964,57.947,26.1941,55.4438,24.1411,52.8741,22.1717,50.2351,37.3836,53.3019,35.1324,50.8927,32.911,48.4498,30.7187,45.9726,28.555,43.4604,46.4933,44.7159,44.3226,42.4908,42.1626,40.2546,40.0131,38.0072,37.8741,35.7484,53.5085,37.8777,51.3327,35.7464,49.1479,33.6238,46.9539,31.5099,44.7508,29.4046,56.8354,33.6016,54.261,31.3393,51.6977,29.124,49.1455,26.9544,46.6044,24.8289
2024-08-12,58712.59,61800.0,56078.54,58427.35,179945.24534,23.9395,66.9818,21.9334,64.4059,20.0183,61.6872,18.1882,58.8134,16.4376,55.7708,21.2773,70.594,19.4816,68.287,17.7676,65.8517,16.1298,63.2771,14.5633,60.551,19.3939,73.2225,17.7724,71.1137,16.228,68.8814,14.7552,66.5142,13.3491,63.9996,20.5701,71.2045,18.7285,68.9026,16.9623,66.488,15.2669,63.9523,13.6832,61.2861,29.3073,61.8211,27.2578,59.4179,25.2697,56.9329,23.3402,54.3621,21.4667,51.7008,36.6095,54.2957,34.4558,51.8938,32.3472,49.4371,30.2821,46.9237,28.2594,44.3517,45.7806,45.4607,43.6682,43.1903,41.5854,40.8863,39.5315,38.5478,37.5061,36.174,52.7117,38.2015,50.4389,35.9309,48.1656,33.6607,45.8919,31.391,43.6177,29.1217
2024-08-19,58427.35,65000.0,57787.3,64220.0,169792.31289,37.697,49.1332,34.5838,45.6489,31.5378,42.0825,28.5567,38.4309,25.6384,34.6911,27.3524,62.3721,24.9497,59.6229,22.6084,56.7956,20.3263,53.8865,18.101,50.8923,24.6619,65.8918,22.4856,63.3257,20.3765,60.6692,18.3315,57.9174,16.3478,55.0651,22.8654,68.319,20.8623,65.8896,18.931,63.3587,17.0676,60.7198,15.2686,57.9658,24.7971,65.6159,22.5761,63.0264,20.4194,60.3522,18.3242,57.5891,16.2879,54.7326,33.716,56.42,31.3621,53.8355,29.0506,51.2008,26.7804,48.5145,24.5503,45.775,41.3527,48.9454,38.9992,46.4452,36.6736,43.914,34.3752,41.3513,32.1037,38.7563,50.275,40.3451,47.9416,37.9884,45.6128,35.6272,43.2886,33.2612,40.969,30.8905
2024-08-26,64219.99,64481.0,57201.0,57301.86,176518.33308,34.7458,53.2177,31.8929,50.042,29.0986,46.7952,26.3611,43.4749,23.6787,40.0785,30.7915,57.3168,28.0369,54.1043,25.3621,50.7866,22.7637,47.3585,20.2384,43.8143,23.4939,67.2838,21.3869,64.7566,19.3514,62.1304,17.3837,59.3992,15.4805,56.5566,21.7402,69.7194,19.8121,67.35,17.9574,64.8742,16.1719,62.2848,14.4519,59.5737,20.6948,71.1647,18.8715,68.8875,17.1225,66.4993,15.4435,63.9919,13.8302,61.356,23.3342,67.5288,21.2419,65.0311,19.2188,62.4382,17.2614,59.7447,15.3667,56.9445,32.5586,58.0114,30.3556,55.4864,28.2095,52.8885,26.1182,50.2145,24.0796,47.4611,40.3989,50.1602,38.152,47.6797,35.9479,45.1482,33.7853,42.5639,31.6631,39.9254
2024-09-02,57301.77,59809.65,52550.0,54869.95,196506.89846,18.418,72.2612,16.3907,69.5722,14.4662,66.7122,12.6367,63.6645,10.8955,60.4099,27.7871,61.5953,25.3187,58.7378,22.9186,55.7915,20.5839,52.7522,18.312,49.6154,25.0558,64.8294,22.7675,62.0294,20.5646,59.1066,18.4424,56.0527,16.3966,52.8587,20.0829,71.9389,18.2888,69.7165,16.5653,67.3902,14.9084,64.9525,13.3143,62.3952,19.0308,73.4277,17.3459,71.3124,15.7313,69.0914,14.1825,66.7565,12.6957,64.2987,18.5421,74.054,16.896,71.9667,15.3213,69.77,13.8133,67.4551,12.3679,65.0122,21.8438,69.8366,19.9685,67.5248,18.1655,65.1075,16.4308,62.5773,14.7605,59.9262,31.0013,60.2041,28.9773,57.8123,27.0167,55.335,25.1164,52.7675,23.2738,50.1048
2024-09-09,54869.95,60625.0,54591.96,59132.0,175833.33846,7.9396,85.5959,6.7613,83.2192,5.6782,80.6398,4.6791,77.8304,3.7547,74.759,16.8943,73.5628,14.865,70.4046,12.953,67.1242,11.1482,63.7144,9.442,60.1672,26.0247,63.2441,23.6151,60.2191,21.3018,56.9818,19.079,53.6934,16.9416,50.3527,23.6813,66.276,21.4747,63.4094,19.3726,60.3715,17.3675,57.0554,15.4531,53.635,19.3698,72.6628,17.613,70.3971,15.9372,68.0034,14.3369,65.4366,12.8072,62.6062,18.6725,73.6442,16.9823,71.454,15.3713,69.1373,13.8342,66.6829,12.366,64.0341,18.5992,73.7839,16.9439,71.5846,15.3729,69.2444,13.88,66.7497,12.4594,64.0843,22.7095,68.6824,20.8098,66.2367,18.9971,63.6539,17.2657,60.9219,15.61,58.0276
2024-09-16,59132.0,64133.32,57493.3,63578.76,178097.29669,22.8611,65.703,20.4886,62.2404,18.2572,58.6213,16.1544,54.8349,14.1696,50.8695,16.4501,74.8876,14.6362,71.9141,12.9357,68.8043,11.3385,65.5485,9.8352,62.1361,23.1362,66.0933,20.7348,63.0247,18.4351,59.6923,16.2308,56.301,14.116,52.8492,30.4691,58.2074,27.8236,55.1753,25.2466,52.0549,22.7353,48.8601,20.2874,45.6553,28.0375,61.0709,25.5491,58.0865,23.1449,54.9853,20.8208,51.756,18.5728,48.4274,23.3714,67.5072,21.2874,65.0079,19.274,62.4106,17.3276,59.7096,15.445,56.8785,22.8538,68.2565,20.845,65.7924,18.9121,63.2189,17.0507,60.5284,15.2571,57.7127,22.9984,67.9789,20.9912,65.4369,19.0705,62.7625,17.2308,59.9451,15.4672,56.9728
2024-09-23,63578.76,66498.0,62538.75,65602.01,132963.29721,40.364,46.509,37.2674,43.1421,34.2441,39.7783,31.2915,36.4177,28.4071,33.0603,31.859,56.0646,29.1472,52.6525,26.5433,49.2005,24.0411,45.7078,21.6348,42.1737,24.5879,65.0955,22.2986,62.1435,20.1099,58.9371,18.0153,55.6652,16.0089,52.3256,29.937,58.6793,27.2789,55.6293,24.6901,52.4896,22.168,49.269,19.7099,46.0383,36.0598,52.5217,33.3041,49.5638,30.5863,46.5629,27.9057,43.5316,25.2615,40.5549,33.7626,54.9663,31.089,51.995,28.4694,48.9582,25.9024,45.8539,23.3863,42.7013,28.965,61.2788,26.6746,58.6795,24.4393,56.0109,22.2572,53.2702,20.1265,50.4545,28.7064,61.5283,26.4471,58.8871,24.2542,56.1579,22.1248,53.3363,20.0562,50.4175
2024-09-30,65602.01,65618.8,59828.11,62819.91,169447.68762,49.2035,37.0257,45.5525,33.9532,41.8333,31.0129,38.115,28.1963,34.6037,25.4958,39.397,46.3206,35.9412,42.7642,32.5296,39.2883,29.1615,35.8901,26.0572,32.5671,31.5503,55.2748,28.4625,51.7524,25.451,48.185,22.5129,44.6478,19.6715,41.1404,24.7873,63.5899,22.1049,60.4383,19.5036,57.1753,16.9799,53.7484,14.5304,50.3003,30.418,57.329,27.4719,54.1429,24.5706,50.9052,21.713,47.6203,19.0963,44.3533,36.7105,51.1966,33.708,48.1525,30.7137,45.1,27.7343,42.039,25.0069,39.0013,34.8793,53.1463,31.9737,50.0615,29.1021,46.9388,26.2639,43.7777,23.6477,40.5772,30.4302,58.9869,27.8989,56.2205,25.411,53.4031,22.9655,50.5333,20.7641,47.6098
2024-10-07,62819.91,64478.19,58946.0,62870.02,136109.36376,44.4846,40.5516,40.5488,37.1697,36.5815,33.9361,33.0088,30.8412,29.8893,27.8763,47.7499,36.9695,43.6816,33.6928,39.5068,30.6112,35.3604,27.7077,31.5621,24.9673,38.5728,46.2767,34.7554,42.5465,30.9261,39.0225,27.0952,35.6378,23.6539,32.3843,31.2208,54.5433,27.7468,50.8968,24.3058,47.2156,20.8974,43.5984,17.7558,40.0566,24.9744,62.2364,21.9254,58.8822,18.9323,55.4615,15.9937,51.9674,13.4832,48.4377,30.9235,55.9217,27.6606,52.607,24.4078,49.2819,21.1929,45.9462,18.6102,42.6232,37.5903,49.7369,34.3797,46.6105,31.1519,43.5005,27.9806,40.4068,25.1571,37.3292,36.231,51.1606,33.1088,47.9781,29.9986,44.7833,26.917,41.5763,24.2622,38.3567
2024-10-14,62870.02,69400.0,62457.81,69031.99,185982.16665,69.7156,20.1532,66.6298,18.3138,63.2915,16.6167,59.4736,15.046,55.5117,13.588,55.2513,31.9268,51.8726,29.2285,48.4208,26.6684,44.9344,24.2363,41.5757,21.9227,56.747,30.4165,53.2474,27.5425,49.6187,25.1033,45.8555,22.8143,42.0722,20.6622,48.2052,38.5916,44.7394,35.4464,41.2037,32.3669,37.5959,29.6173,34.0328,26.9892,41.0074,45.8374,37.6738,42.5928,34.3219,39.3654,30.9517,36.1875,27.8037,33.2086,34.5649,52.9693,31.4725,49.8286,28.3897,46.6781,25.3387,43.5177,22.8084,40.3762,39.6062,48.0429,36.47,45.0027,33.3141,41.9813,30.2026,38.9783,27.3948,35.9937,45.2502,43.0172,42.2267,40.1712,39.1657,37.3588,36.0762,34.5794,33.2094,31.8325
2024-10-21,69032.0,69519.52,65260.0,68021.7,159069.27886,97.4625,0.0,96.3829,0.0,95.0103,0.0,92.0266,0.0,88.0003,0.0,71.9984,17.6679,68.9989,15.9735,65.8015,14.4161,62.2745,12.9797,58.3993,11.6508,59.3311,28.6587,56.0654,25.9679,52.6831,23.7005,49.1782,21.5672,45.6093,19.5563,60.6221,27.7187,57.3412,25.122,53.8912,22.6465,50.2587,20.6362,46.4573,18.7548,52.6836,34.8572,49.3193,31.9701,45.8454,29.1662,42.2565,26.4933,38.6793,24.1458,46.0269,41.23,42.6916,38.1857,39.2931,35.1952,35.8435,32.2568,32.6871,29.4286,40.017,47.6456,36.8784,44.6143,33.7176,41.6039,30.5972,38.6141,27.7714,35.6446,44.8481,43.1921,41.7534,40.3027,38.615,37.4519,35.4422,34.6389,32.4993,31.8631
2024-10-28,68021.69,73620.12,67478.73,68775.99,209232.69647,100.0,0.0,100.0,0.0,99.8619,0.0,98.2487,0.0,95.5725,0.0,95.8756,0.0,94.5342,0.0,93.0246,0.0,90.8603,0.0,87.496,0.0,74.2576,16.346,71.4796,14.4542,68.4911,13.116,65.2598,11.8883,61.5798,10.7578,62.8899,26.1616,59.8148,23.7187,56.5841,21.3888,53.1856,19.5095,49.6088,17.7474,64.0165,25.3446,60.954,23.0258,57.7001,20.8229,54.2363,18.7909,50.535,17.1443,56.7043,31.587,53.4593,28.9411,50.0702,26.3948,46.5309,23.9428,42.9881,21.6562,50.6624,37.1385,47.4023,34.2828,44.0512,31.499,40.6374,28.7843,37.333,26.1362,45.1434,42.8482,42.0258,39.9564,38.8598,37.107,35.6545,34.2988,32.6706,31.531
2024-11-04,68775.99,81500.0,66835.0,80370.01,327445.15705,100.0,0.0,100.0,0.0,99.9062,0.0,98.8229,0.0,97.0399,0.0,100.0,0.0,100.0,0.0,100.0,0.0,99.6448,0.0,98.4558,0.0,96.5348,0.4919,95.6174,0.0,94.6098,0.0,93.4809,0.0,91.6589,0.0,81.6856,12.0854,79.8601,10.7504,77.9044,9.5004,75.8041,8.6844,73.3936,7.9248,72.8339,19.4351,70.6527,17.7177,68.3562,16.0752,65.9353,14.5586,63.2558,13.3534,73.4009,18.9968,71.2166,17.3368,68.8979,15.7589,66.4176,14.2569,63.5302,12.9031,67.377,23.7741,64.9197,21.7783,62.351,19.859,59.6346,18.0119,56.7226,16.2331,62.2801,28.1487,59.6977,25.929,57.0321,23.7727,54.2765,21.677,51.4135,19.6395
2024-11-11,80370.01,93265.64,80216.01,89855.99,417630.302334,100.0,0.0,100.0,0.0,99.9357,0.0,99.1965,0.0,97.9796,0.0,100.0,0.0,100.0,0.0,100.0,0.0,99.7582,0.0,98.9535,0.0,100.0,0.0,100.0,0.0,100.0,0.0,99.9866,0.0,99.5151,0.0,97.4078,0.74,96.8505,0.3527,96.246,0.0,95.588,0.0,94.6437,0.0,87.0549,8.8044,85.8544,7.908,84.5747,7.0583,83.2077,6.3032,81.5117,5.8053,80.4799,14.1336,78.9593,12.9376,77.358,11.7939,75.6532,10.6993,73.5422,9.7137,80.7953,13.8127,79.2595,12.6256,77.6357,11.4939,75.8552,10.4137,73.7393,9.3817,76.1864,17.3276,74.3864,15.8638,72.5053,14.4558,70.5272,13.1006,68.2537,11.7953
2024-11-18,89855.98,99588.01,89376.9,97900.04,303784.771782,100.0,0.0,100.0,0.0,99.956,0.0,99.564,0.0,99.1427,0.0,100.0,0.0,100.0,0.0,100.0,0.0,99.8206,0.0,99.2238,0.0,100.0,0.0,100.0,0.0,100.0,0.0,99.9902,0.0,99.6484,0.0,100.0,0.0,100.0,0.0,100.0,0.0,100.0,0.0,99.8169,0.0,97.9516,0.7401,97.5641,0.4624,97.1468,0.2011,96.6962,0.0,95.934,0.0,90.4352,6.6658,89.5987,6.0354,88.7089,5.437,87.7415,4.8681,86.3208,4.3815,85.4401,10.5525,84.3098,9.662,83.1201,8.8102,81.8098,7.9946,80.2056,7.2129,85.6944,10.2825,84.5547,9.3923,83.3525,8.5421,82.0699,7.7292,80.4398,6.9512
2024-11-25,97900.05,98871.8,90791.1,97185.18,237818.37314,100.0,0.0,100.0,0.0,100.0,0.0,100.0,0.0,100.0,0.0,100.0,0.0,100.0,0.0,100.0,0.0,99.8528,0.0,99.5432,0.0,100.0,0.0,100.0,0.0,100.0,0.0,99.9916,0.0,99.6966,0.0,100.0,0.0,100.0,0.0,100.0,0.0,100.0,0.0,99.8467,0.0,100.0,0.0,100.0,0.0,100.0,0.0,100.0,0.0,99.75,0.0,98.2334,0.7445,97.9305,0.5276,97.6044,0.3236,97.2309,0.1311,96.3804,0.0,92.1255,5.5235,91.445,5.0137,90.7201,4.5303,89.8842,4.0712,88.7354,3.6347,88.0346,8.5997,87.081,7.855,86.075,7.1437,85.0007,6.4638,83.6115,5.8131
2024-12-02,97185.17,104088.0,90500.0,101109.59,302152.735462,100.0,0.0,100.0,0.0,100.0,0.0,100.0,0.0,100.0,0.0,100.0,0.0,100.0,0.0,100.0,0.0,100.0,0.0,100.0,0.0,100.0,0.0,100.0,0.0,100.0,0.0,99.9929,0.0,99.7599,0.0,100.0,0.0,100.0,0.0,100.0,0.0,100.0,0.0,99.8657,0.0,100.0,0.0,100.0,0.0,100.0,0.0,100.0,0.0,99.7856,0.0,100.0,0.0,100.0,0.0,100.0,0.0,99.9806,0.0,99.5478,0.0,98.468,0.7084,98.2241,0.5336,97.9616,0.3691,97.611,0.2139,96.9485,0.0673,93.3689,4.6153,92.785,4.1786,92.1627,3.7645,91.4858,3.3715,90.4874,2.9978
2024-12-09,101109.6,105250.0,94150.05,104463.99,230968.339905,100.0,0.0,100.0,0.0,100.0,0.0,100.0,0.0,100.0,0.0,100.0,0.0,100.0,0.0,100.0,0.0,100.0,0.0,100.0,0.0,100.0,0.0,100.0,0.0,100.0,0.0,100.0,0.0,100.0,0.0,100.0,0.0,100.0,0.0,100.0,0.0,100.0,0.0,99.8835,0.0,100.0,0.0,100.0,0.0,100.0,0.0,100.0,0.0,99.8089,0.0,100.0,0.0,100.0,0.0,100.0,0.0,99.983,0.0,99.6038,0.0,100.0,0.0,100.0,0.0,100.0,0.0,99.9381,0.0,99.6058,0.0,98.6492,0.6411,98.4393,0.4903,98.2135,0.3483,97.9566,0.2143,97.3828,0.0877
2024-12-16,104463.99,108353.0,92232.54,95186.27,281544.242246,100.0,0.0,100.0,0.0,100.0,0.0,100.0,0.0,99.4744,0.0,100.0,0.0,100.0,0.0,100.0,0.0,100.0,0.0,100.0,0.0,100.0,0.0,100.0,0.0,100.0,0.0,100.0,0.0,100.0,0.0,100.0,0.0,100.0,0.0,100.0,0.0,100.0,0.0,100.0,0.0,100.0,0.0,100.0,0.0,100.0,0.0,100.0,0.0,99.9384,0.0,100.0,0.0,100.0,0.0,100.0,0.0,99.9833,0.0,99.6077,0.0,100.0,0.0,100.0,0.0,100.0,0.0,99.9402,0.0,99.6175,0.0,100.0,0.0,100.0,0.0,100.0,0.0,99.9867,0.0,99.6697,0.0
2024-12-23,95186.28,99963.7,92520.0,93738.2,140614.68725,99.8239,0.0,99.4557,0.0,99.049,0.0,98.5975,0.0,97.51,0.0,100.0,0.0,100.0,0.0,100.0,0.0,99.6516,0.0,99.1363,0.0,100.0,0.0,100.0,0.0,100.0,0.0,100.0,0.0,99.3483,0.0,100.0,0.0,100.0,0.0,100.0,0.0,100.0,0.0,100.0,0.0,100.0,0.0,100.0,0.0,100.0,0.0,100.0,0.0,100.0,0.0,100.0,0.0,100.0,0.0,100.0,0.0,99.9892,0.0,99.8141,0.0,100.0,0.0,100.0,0.0,100.0,0.0,99.9403,0.0,99.6164,0.0,100.0,0.0,100.0,0.0,100.0,0.0,99.987,0.0,99.6747,0.0
2024-12-30,93738.19,98976.91,91530.45,98363.61,111914.7951,99.7881,0.0,99.3422,0.0,98.8451,0.0,98.2876,0.0,96.9496,0.0,100.0,0.0,100.0,0.0,100.0,0.0,99.6176,0.0,99.048,0.0,100.0,0.0,100.0,0.0,100.0,0.0,100.0,0.0,99.3612,0.0,100.0,0.0,100.0,0.0,100.0,0.0,100.0,0.0,100.0,0.0,100.0,0.0,100.0,0.0,100.0,0.0,100.0,0.0,100.0,0.0,100.0,0.0,100.0,0.0,100.0,0.0,100.0,0.0,100.0,0.0,100.0,0.0,100.0,0.0,100.0,0.0,99.9432,0.0,99.7711,0.0,100.0,0.0,100.0,0.0,100.0,0.0,99.9874,0.0,99.6838,0.0
2025-01-06,98363.61,102724.38,91203.67,94545.06,172710.45967,98.5591,0.0,97.3679,0.0,96.0378,0.0,94.5429,0.0,91.9512,0.0,100.0,0.0,100.0,0.0,100.0,0.0,99.2887,0.0,98.2124,0.0,100.0,0.0,100.0,0.0,100.0,0.0,100.0,0.0,99.271,0.0,100.0,0.0,100.0,0.0,100.0,0.0,100.0,0.0,100.0,0.0,100.0,0.0,100.0,0.0,100.0,0.0,100.0,0.0,100.0,0.0,100.0,0.0,100.0,0.0,100.0,0.0,100.0,0.0,100.0,0.0,100.0,0.0,100.0,0.0,100.0,0.0,100.0,0.0,100.0,0.0,100.0,0.0,100.0,0.0,100.0,0.0,99.9876,0.0,99.8346,0.0
2025-01-13,94545.07,106422.43,89256.69,101331.57,235685.9926,98.2533,0.0,96.8184,0.0,95.2258,0.0,93.4479,0.0,90.4143,0.0,100.0,0.0,100.0,0.0,100.0,0.0,99.1004,0.0,97.7297,0.0,100.0,0.0,100.0,0.0,100.0,0.0,100.0,0.0,99.1652,0.0,100.0,0.0,100.0,0.0,100.0,0.0,100.0,0.0,100.0,0.0,100.0,0.0,100.0,0.0,100.0,0.0,100.0,0.0,100.0,0.0,100.0,0.0,100.0,0.0,100.0,0.0,100.0,0.0,100.0,0.0,100.0,0.0,100.0,0.0,100.0,0.0,100.0,0.0,100.0,0.0,100.0,0.0,100.0,0.0,100.0,0.0,100.0,0.0,100.0,0.0
2025-01-20,101331.57,109588.0,99550.0,102620.0,254162.140922,97.7766,0.0,95.9694,0.0,93.9835,0.0,91.7911,0.0,88.1412,0.0,100.0,0.0,100.0,0.0,100.0,0.0,98.9389,0.0,97.33,0.0,100.0,0.0,100.0,0.0,100.0,0.0,100.0,0.0,98.9771,0.0,100.0,0.0,100.0,0.0,100.0,0.0,100.0,0.0,100.0,0.0,100.0,0.0,100.0,0.0,100.0,0.0,100.0,0.0,100.0,0.0,100.0,0.0,100.0,0.0,100.0,0.0,100.0,0.0,100.0,0.0,100.0,0.0,100.0,0.0,100.0,0.0,100.0,0.0,100.0,0.0,100.0,0.0,100.0,0.0,100.0,0.0,100.0,0.0,100.0,0.0
2025-01-27,102620.01,106457.44,96150.0,97700.59,184203.26328,93.1275,0.0,89.0039,0.0,84.6639,0.0,80.0898,0.0,74.073,0.0,100.0,0.0,99.7439,0.0,99.0142,0.0,96.7082,0.0,93.6072,0.0,100.0,0.0,100.0,0.0,100.0,0.0,100.0,0.0,98.676,0.0,100.0,0.0,100.0,0.0,100.0,0.0,100.0,0.0,100.0,0.0,100.0,0.0,100.0,0.0,100.0,0.0,100.0,0.0,100.0,0.0,100.0,0.0,100.0,0.0,100.0,0.0,100.0,0.0,100.0,0.0,100.0,0.0,100.0,0.0,100.0,0.0,100.0,0.0,100.0,0.0,100.0,0.0,100.0,0.0,100.0,0.0,100.0,0.0,100.0,0.0
2025-02-03,97700.59,102500.01,91231.0,96462.75,221243.61368,84.1518,4.3739,79.5357,3.2651,75.0169,2.2716,70.5922,1.3762,66.2589,0.5652,95.438,1.1025,93.802,0.4995,91.2833,0.0,86.5378,0.0,80.881,0.0,98.9583,0.0,98.3842,0.0,97.715,0.0,96.9248,0.0,94.3259,0.0,100.0,0.0,100.0,0.0,99.7426,0.0,99.3681,0.0,98.9278,0.0,100.0,0.0,100.0,0.0,100.0,0.0,100.0,0.0,100.0,0.0,100.0,0.0,100.0,0.0,100.0,0.0,100.0,0.0,100.0,0.0,100.0,0.0,100.0,0.0,100.0,0.0,100.0,0.0,100.0,0.0,100.0,0.0,100.0,0.0,100.0,0.0,100.0,0.0,100.0,0.0
2025-02-10,96462.75,98826.0,94088.23,96118.12,122007.40976,77.8857,8.9823,74.0788,6.9965,70.3053,5.1459,66.5646,3.4171,62.8563,1.7985,89.5457,3.2655,86.9226,1.8508,83.5717,0.5934,78.6392,0.0,73.3993,0.0,96.0836,0.0879,94.4154,0.0,92.4545,0.0,90.1166,0.0,85.25,0.0,99.6368,0.0,99.2057,0.0,98.363,0.0,97.2784,0.0,95.9947,0.0,100.0,0.0,100.0,0.0,100.0,0.0,99.7822,0.0,99.4337,0.0,100.0,0.0,100.0,0.0,100.0,0.0,100.0,0.0,100.0,0.0,100.0,0.0,100.0,0.0,100.0,0.0,100.0,0.0,100.0,0.0,100.0,0.0,100.0,0.0,100.0,0.0,100.0,0.0,100.0,0.0
2025-02-17,96118.12,99475.0,93388.09,96258.0,127758.44873,66.8669,14.5716,62.2608,11.0238,57.8977,7.6335,53.7588,4.5359,49.8273,2.3674,85.5641,4.557,82.4701,2.3907,78.8706,0.6714,74.8766,0.0,70.8144,0.0,93.7106,0.1064,91.2388,0.0,88.4926,0.0,85.4237,0.0,80.2384,0.0,99.4179,0.0,98.287,0.0,96.4461,0.0,94.1221,0.0,91.335,0.0,100.0,0.0,100.0,0.0,100.0,0.0,99.4471,0.0,98.508,0.0,100.0,0.0,100.0,0.0,100.0,0.0,100.0,0.0,100.0,0.0,100.0,0.0,100.0,0.0,100.0,0.0,100.0,0.0,100.0,0.0,100.0,0.0,100.0,0.0,100.0,0.0,100.0,0.0,100.0,0.0
2025-02-24,96258.0,96500.0,78258.52,94270.0,373604.39736,58.8344,25.0678,55.0972,21.154,51.5173,17.2292,48.0848,13.4064,44.7908,10.2398,69.9235,15.2873,65.8979,11.7619,61.7006,8.6614,57.5053,6.7052,53.5131,5.5883,85.2232,5.6892,82.2754,4.8016,79.2026,4.0933,75.9966,3.4508,72.6486,2.8653,93.3138,3.0695,91.1806,2.5322,88.325,2.0549,85.0093,1.6281,81.2868,1.2442,96.6389,1.4596,95.9304,1.131,95.0677,0.8407,93.3028,0.5822,90.8012,0.3507,98.4892,0.3647,98.0869,0.1561,97.614,0.0,97.0499,0.0,96.3655,0.0,99.4408,0.0,99.2048,0.0,98.9324,0.0,98.6146,0.0,98.2391,0.0,99.9972,0.0,99.8527,0.0,99.6877,0.0,99.4976,0.0,99.2762,0.0
2025-03-03,94269.99,94416.46,80000.0,80734.37,284471.65101,18.9615,73.3099,17.4592,70.7584,16.0593,68.066,14.7515,65.1841,13.5271,61.9935,38.1801,51.7496,35.8775,49.0786,33.7752,46.362,31.7703,43.7082,29.8562,41.1949,47.1121,42.3691,44.4945,39.9732,41.9036,37.7042,39.3391,35.5394,36.8005,33.4719,61.6946,29.3302,58.9184,27.465,55.9747,25.7143,52.9382,24.0678,49.8235,22.5165,69.7575,21.9598,67.0922,20.3314,64.102,18.8365,60.5976,17.4592,56.6683,16.1862,77.1821,15.8877,74.8606,14.5735,72.2004,13.4063,69.1216,12.4641,65.5168,11.6079,84.8351,10.6617,83.3116,9.8912,81.5807,9.1925,79.597,8.556,77.3007,7.9737,89.2388,7.8818,88.1717,7.329,86.9665,6.8251,85.5944,6.3639,84.0181,5.9401
2025-03-10,80734.48,85309.71,76606.0,82574.53,211663.09876,0.0,99.1538,0.0,98.3375,0.0,97.4326,0.0,96.3125,0.0,94.4686,16.8488,75.6892,15.3882,73.5276,14.2585,71.1059,13.2086,68.2541,12.2305,65.1682,34.4314,56.6624,32.4473,54.208,30.5349,51.7695,28.6901,49.3572,26.9097,46.9708,42.6962,47.3172,40.1765,44.9694,37.7417,42.6825,35.3683,40.4541,33.0376,38.2819,55.2935,34.9344,52.4801,32.8047,49.4908,30.7815,46.3441,28.8571,43.0846,27.0243,63.0259,27.3704,60.0782,25.3989,56.8492,23.5832,53.2965,21.9874,49.369,20.5065,70.6967,20.9773,67.9991,19.4214,64.981,18.0,61.5814,16.6964,57.7234,15.4965,79.1708,15.0952,77.2207,13.9756,75.0404,12.9498,72.5866,12.0065,69.8044,11.1362
2025-03-17,82574.52,87453.67,81134.66,86082.5,110906.17448,0.0,100.0,0.0,100.0,0.0,100.0,0.0,99.884,0.0,99.0976,0.3747,96.5365,0.0,95.5373,0.0,94.1185,0.0,91.7064,0.0,88.5664,18.7412,73.0888,17.1704,70.3062,15.6995,67.4237,14.3192,64.4819,13.0214,61.4791,35.684,54.7327,33.5312,52.2812,31.5548,49.8189,29.6928,47.3459,27.9124,44.8619,43.9052,45.3682,41.0649,42.8346,38.1567,40.3563,35.3177,37.9316,32.539,35.5587,55.2818,34.1646,52.2888,31.8317,49.1303,29.6207,45.7923,27.5951,42.2591,25.6742,62.5955,27.1852,59.4819,25.1394,56.0974,23.2393,52.4049,21.4701,48.3605,19.8185,69.9182,21.3493,67.0596,19.6224,63.8903,18.034,60.3565,16.568,56.3917,15.2108
2025-03-24,86082.5,88765.43,81565.0,82389.99,137009.32282,0.0,100.0,0.0,100.0,0.0,100.0,0.0,99.9001,0.0,99.224,0.0,100.0,0.0,100.0,0.0,99.7077,0.0,98.5116,0.0,96.5821,2.1999,93.6094,1.6385,91.3988,1.1257,88.9728,0.6553,86.4033,0.2223,83.6773,19.5881,71.4394,17.9054,68.9454,16.5095,66.3685,15.2555,63.7043,14.0823,60.9485,35.5638,54.9467,33.2503,52.5136,30.9597,50.0554,28.8657,47.5719,26.9102,45.0626,43.0512,45.787,40.1215,43.1279,37.1328,40.5268,34.0831,38.0281,30.9707,35.5994,53.4675,35.4791,50.3512,33.0735,47.0789,30.7858,43.6388,28.6076,40.0175,26.5311,60.4925,28.913,57.2596,26.7086,53.7725,24.6473,49.9998,22.7154,45.905,20.9013
2025-03-31,82390.0,88500.0,77153.83,78430.0,178247.49297,0.0,100.0,0.0,100.0,0.0,100.0,0.0,99.9177,0.0,99.364,0.0,100.0,0.0,100.0,0.0,99.7968,0.0,99.3346,0.0,98.3094,0.0,98.7866,0.0,97.5236,0.0,96.0727,0.0,94.4993,0.0,92.787,3.8275,89.8305,2.9701,87.9048,2.4334,85.8604,2.0071,83.6862,1.6144,81.3692,20.6563,71.2062,18.7951,68.9791,16.9961,66.6658,15.5221,64.2615,14.2384,61.7604,34.1999,56.2046,31.8669,53.7377,29.5593,51.2415,27.2768,48.7264,25.0189,46.208,41.1302,47.5519,38.1747,44.8698,35.167,42.2536,32.1059,39.7009,28.9899,37.2093,50.6975,37.9781,47.507,35.4662,44.1715,33.0649,40.6807,30.7673,37.0236,28.5667
2025-04-07,78430.0,86100.0,74508.0,83760.0,300064.17057,0.0,100.0,0.0,100.0,0.0,100.0,0.0,99.3455,0.0,98.3768,0.0,100.0,0.0,100.0,0.0,99.7984,0.0,99.345,0.0,98.1249,0.0,99.6366,0.0,98.92,0.0,98.0376,0.0,97.0522,0.0,95.9446,0.437,95.2401,0.0734,93.8098,0.0,92.2491,0.0,90.539,0.0,88.6572,7.6187,85.6405,6.1737,83.6654,4.8088,81.5497,3.888,79.2777,3.1927,76.8313,23.4114,67.8315,21.4316,65.4055,19.5262,62.8592,17.6911,60.1528,15.9223,57.3558,35.7884,53.4623,33.1717,50.7179,30.5811,47.9702,28.016,45.219,25.4762,42.4644,42.5594,45.2351,39.3467,42.3719,36.0732,39.5785,32.7372,36.8524,29.337,34.1912
2025-04-14,83760.0,86496.42,83111.64,85179.24,108454.4036,0.1808,98.2375,0.0,97.7271,0.0,97.1537,0.0,95.8875,0.0,94.2723,0.0,99.1478,0.0,98.4473,0.0,97.6645,0.0,96.7837,0.0,95.1478,0.0,99.616,0.0,98.4338,0.0,97.1318,0.0,95.6912,0.0,94.0883,0.0,97.4095,0.0,96.4364,0.0,94.5988,0.0,92.5959,0.0,90.4041,3.1662,91.6936,2.1226,90.0968,1.1546,88.1797,0.6439,85.6173,0.3443,82.8654,11.3735,81.4147,9.8586,79.2552,8.4376,76.8845,7.1019,73.9032,5.8441,70.685,26.0285,63.6591,23.7102,60.7791,21.4783,57.8062,19.328,54.6971,17.2548,51.5305,37.8796,50.063,34.9248,47.0488,31.9932,44.0347,29.0845,41.0671,26.1985,38.1848
2025-04-21,85179.24,95758.04,85144.76,93749.3,170625.92469,19.5417,72.1125,17.9267,69.5525,16.5649,66.7491,15.3104,63.4669,14.1511,59.8983,12.6418,82.3024,11.7227,80.5211,10.8727,78.5969,10.0844,76.512,9.3513,73.9723,11.034,84.4877,10.137,82.6498,9.3079,80.668,8.5392,78.5248,7.8246,76.1995,10.256,84.2661,9.3243,82.5595,8.4659,80.2592,7.6723,77.7985,6.9366,75.1599,10.9898,82.054,9.531,79.9674,8.1634,77.607,7.1941,74.7831,6.4342,71.7975,14.7036,77.1527,12.9606,74.7627,11.3152,72.1745,9.7593,69.091,8.2858,65.8189,21.8104,68.2039,19.6103,65.3429,17.505,62.3686,15.4885,59.1926,13.5553,55.917,34.0018,53.8953,31.1047,50.8192,28.2503,47.7227,25.4376,44.6357,22.6658,41.6053
2025-04-28,93749.29,97895.68,92800.01,94277.62,113820.08215,38.3836,49.0835,35.6123,45.5964,33.0442,41.9481,30.6122,38.2927,28.3057,34.6418,27.2255,62.8398,25.2001,59.8254,23.3048,56.6409,21.5274,53.2714,19.8572,49.7039,19.3494,73.6474,17.8698,71.3153,16.4785,68.8607,15.168,66.2738,13.9314,63.5436,17.6971,75.3039,16.2204,73.21,14.8332,70.6926,13.5275,68.0368,12.2964,65.2308,17.5607,74.4059,15.8323,72.0613,14.1977,69.4911,12.7701,66.5896,11.4889,63.5567,19.1595,71.8149,17.185,69.2271,15.3066,66.4648,13.5177,63.3392,11.8119,60.0803,23.2205,66.7551,21.0005,63.9025,18.873,60.9421,16.8323,57.7998,14.8733,54.5699,29.6175,58.3006,26.8019,55.1743,24.0482,52.0039,21.3545,48.7962,18.7188,45.6069
2025-05-05,94277.61,104984.57,93377.0,104118.0,145910.00118,60.227,29.5886,57.6073,27.0929,54.9623,24.617,52.3313,22.4223,49.7141,20.3788,51.355,37.0672,48.6313,34.1074,45.9877,31.1168,43.4205,28.095,40.9266,25.2851,40.6866,48.6808,38.293,45.7711,35.9929,42.796,33.7808,39.7532,31.6519,36.6406,31.9777,59.3329,30.0211,56.9135,28.1408,54.3415,26.3324,51.7023,24.5918,48.9935,30.7171,60.5141,28.7535,58.0606,26.8701,55.4731,25.0621,52.7488,23.3251,49.9455,31.3633,59.2075,29.2249,56.6038,27.1645,53.8855,25.1779,51.0413,23.2612,48.1516,33.4355,56.613,31.1559,53.9028,28.949,51.1208,26.8113,48.2765,24.7398,45.4144,37.0592,52.2176,34.5351,49.4375,32.0661,46.616,29.6503,43.7865,27.2862,40.9907
2025-05-12,104118.0,106660.0,100718.37,106454.26,135512.85987,77.9739,15.0282,75.941,13.4657,73.7316,11.9686,71.4384,10.8292,69.0567,9.8516,65.5532,24.7997,63.0261,22.6163,60.4833,20.483,57.9247,18.3983,55.3501,16.6117,58.3204,30.7202,55.6513,28.1277,53.0101,25.5593,50.3964,23.0148,47.8097,20.4939,49.0863,40.3777,46.5828,37.6082,44.1286,34.9221,41.722,32.2306,39.3618,29.5336,40.9197,49.8551,38.7457,47.4066,36.6211,44.9078,34.5442,42.4054,32.5134,39.8827,40.3203,50.249,38.117,47.724,35.9705,45.1297,33.8788,42.5373,31.8398,39.9496,41.6566,48.5751,39.3496,46.0114,37.0936,43.407,34.8869,40.8172,32.7279,38.2555,44.0602,45.9765,41.6592,43.4238,39.298,40.8456,36.9755,38.2982,34.6909,35.8114
2025-05-19,106454.27,111980.0,102000.0,109004.19,197357.632795,96.4222,1.1034,95.5482,0.5925,94.4372,0.116,93.2352,0.0,91.9307,0.0,79.468,13.3851,77.3984,11.9647,75.2462,10.6128,73.0063,9.3246,70.6732,8.3586,69.3746,21.5427,66.9948,19.633,64.5695,17.7885,62.0974,16.0059,59.5772,14.2823,63.4086,26.4287,60.8373,23.9246,58.2536,21.6725,55.6574,19.4692,53.0486,17.3132,55.5379,34.3916,53.0485,31.8454,50.5702,29.3296,48.103,26.952,45.6467,24.6017,48.1808,42.6038,45.9309,40.2443,43.702,37.862,41.4939,35.533,39.3061,33.2406,48.238,42.2845,45.9401,39.8713,43.6722,37.4422,41.4336,35.0753,39.2238,32.7649,50.0654,40.4663,47.7219,38.083,45.3995,35.6931,43.098,33.3667,40.8171,31.1245
2025-05-26,109004.2,110718.0,103068.55,105642.93,116099.819,100.0,0.0,99.8752,0.0,99.5607,0.0,99.21,0.0,98.8163,0.0,94.3866,1.7395,93.0784,1.1714,91.6664,0.6447,90.1376,0.1553,88.4768,0.0,79.5776,12.9387,77.4774,11.5792,75.2727,10.2966,72.9555,9.0847,70.5171,7.9377,70.7221,20.3359,68.3172,18.2629,65.8384,16.5061,63.282,14.8231,60.6445,13.2095,65.6863,24.4246,63.1087,22.0525,60.4868,19.7781,57.8194,17.7359,55.1053,15.7565,58.8395,31.2413,56.3144,28.8058,53.7709,26.3876,51.2087,24.123,48.6276,21.9553,52.2343,38.427,49.8942,36.0978,47.5518,33.7708,45.2072,31.5331,42.8604,29.3694,52.9297,37.6207,50.541,35.2829,48.1566,32.9548,45.7765,30.7111,43.4008,28.568
2025-06-02,105642.93,106794.67,100372.26,105734.0,95301.97979,100.0,0.0,100.0,0.0,100.0,0.0,100.0,0.0,100.0,0.0,98.8587,0.0,98.3418,0.0,97.7683,0.0,97.1284,0.0,96.41,0.0,93.1976,2.2029,91.807,1.6391,90.2967,1.1196,88.6505,0.6395,86.8492,0.1944,79.968,12.7353,77.8785,11.1456,75.6637,9.9308,73.3121,8.7904,70.8106,7.7176,72.0356,19.1832,69.6227,17.1824,67.1123,15.3151,64.4981,13.7133,61.7738,12.187,67.7746,22.6336,65.2139,20.3862,62.5826,18.1945,59.8779,16.2295,57.0966,14.4016,61.772,28.5413,59.2447,26.22,56.6731,23.9367,54.0558,21.8238,51.3917,19.8383,55.8138,34.8671,53.4214,32.5979,51.0031,30.3523,48.5586,28.2073,46.0874,26.1748
2025-06-09,105734.01,110530.17,102664.31,105594.01,110085.74896,100.0,0.0,100.0,0.0,100.0,0.0,100.0,0.0,100.0,0.0,100.0,0.0,100.0,0.0,100.0,0.0,100.0,0.0,100.0,0.0,98.0579,0.0,97.437,0.0,96.7448,0.0,95.9684,0.0,95.0912,0.0,92.5652,2.8705,91.1666,1.9429,89.6357,1.4419,87.9529,0.9809,86.0944,0.5554,80.4508,12.3579,78.3575,10.8069,76.1217,9.4117,73.7286,8.3104,71.161,7.2789,73.3473,18.0952,70.9522,16.1796,68.4397,14.3424,65.8011,12.7585,63.0265,11.3229,69.7297,21.0036,67.2043,18.8753,64.5862,16.815,61.8703,14.982,59.0509,13.3093,64.414,26.1485,61.8965,23.9355,59.3107,21.7766,56.6537,19.778,53.9224,17.9422
2025-06-16,105594.02,108952.38,98200.0,100963.87,110755.93156,95.5773,2.6919,95.0194,2.3522,94.3929,2.0404,93.6843,1.7533,92.8765,1.4881,97.0921,0.9592,96.4681,0.5743,95.7698,0.2205,94.9831,0.0,94.0902,0.0,98.3331,0.0,97.7725,0.0,97.1467,0.0,96.4437,0.0,95.648,0.0,96.4505,0.4067,95.1474,0.0,93.7162,0.0,92.1371,0.0,90.3859,0.0,91.4981,3.4268,89.4886,2.474,87.3239,1.6846,84.9853,1.2202,82.451,0.7943,80.1672,12.3501,77.627,10.7661,74.9197,9.2763,72.0731,8.0775,69.0763,7.0367,73.6243,17.6673,71.1066,15.7557,68.2556,13.9351,65.3052,12.3713,62.25,10.9829,70.5411,20.197,67.9564,18.1179,65.2019,16.1219,62.2329,14.334,59.1857,12.7462
2025-06-23,100963.87,108528.5,99613.33,108356.93,91938.97808,94.7168,3.1966,94.0389,2.7899,93.2745,2.4176,92.4061,2.0754,91.4107,1.7598,97.0774,0.9727,96.4604,0.5835,95.7741,0.2244,95.0061,0.0,94.1409,0.0,98.3107,0.0,97.743,0.0,97.1093,0.0,96.3976,0.0,95.5925,0.0,99.0216,0.0,98.3943,0.0,97.6964,0.0,96.9152,0.0,96.0348,0.0,96.9195,0.6715,95.6538,0.2747,94.2635,0.0,92.729,0.0,91.0267,0.0,92.0649,3.4379,90.1623,2.5338,88.0532,1.6978,85.7748,1.1563,83.3059,0.7464,81.6677,11.3889,79.5513,9.9273,76.9762,8.5551,74.254,7.4505,71.3718,6.5148,75.9111,16.0942,73.5984,14.3597,71.0714,12.7146,68.2448,11.2837,65.2914,10.0508
2025-06-30,108356.93,110529.18,105100.19,109203.84,72977.1763,93.6225,3.8735,92.8131,3.3832,91.9029,2.9337,90.8718,2.5201,89.6941,2.1381,96.5913,1.1269,95.8629,0.6751,95.049,0.2593,94.1336,0.0,93.0967,0.0,98.306,0.0,97.742,0.0,97.1156,0.0,96.416,0.0,95.6295,0.0,99.0156,0.0,98.3862,0.0,97.6873,0.0,96.9069,0.0,96.0297,0.0,99.6319,0.0,99.0107,0.0,98.3198,0.0,97.5466,0.0,96.6757,0.0,97.2621,0.8105,96.0821,0.4353,94.7207,0.092,93.22,0.0,91.5574,0.0,92.4263,3.3055,91.0255,2.4467,89.0255,1.6524,86.8593,1.1255,84.5054,0.746,83.17,10.4811,81.2599,9.1534,79.0968,7.9097,76.5358,6.8831,73.8049,6.0486
2025-07-07,109203.85,119488.0,107429.57,119086.64,104658.05244,93.875,3.8396,93.1663,3.3748,92.3861,2.9435,91.5228,2.5421,90.5626,2.1677,96.639,1.1353,95.9482,0.683,95.1873,0.2634,94.3451,0.0,93.4077,0.0,98.3055,0.0,97.7474,0.0,97.1311,0.0,96.447,0.0,95.6834,0.0,99.1144,0.0,98.5568,0.0,97.9455,0.0,97.2722,0.0,96.5272,0.0,99.6652,0.0,99.1049,0.0,98.4883,0.0,97.8067,0.0,97.0491,0.0,100.0,0.0,99.4801,0.0,98.8454,0.0,98.1426,0.0,97.36,0.0,97.4939,0.7665,96.8757,0.4215,95.7056,0.1039,94.4239,0.0,93.0139,0.0,93.4782,2.9554,92.3729,2.2298,91.0311,1.5562,89.2347,1.0773,87.2849,0.7621
2025-07-14,119086.65,123218.0,115736.92,117265.12,131579.689337,94.2569,3.6783,93.6343,3.2474,92.9582,2.844,92.2214,2.4657,91.4153,2.1101,96.3958,1.2293,95.668,0.7411,94.8715,0.2863,93.9958,0.0,93.0287,0.0,98.2042,0.0,97.6145,0.0,96.9644,0.0,96.2441,0.0,95.4416,0.0,99.0706,0.0,98.4845,0.0,97.8411,0.0,97.1316,0.0,96.3452,0.0,99.6817,0.0,99.1515,0.0,98.5717,0.0,97.9349,0.0,97.2324,0.0,100.0,0.0,99.5054,0.0,98.9045,0.0,98.2427,0.0,97.5103,0.0,100.0,0.0,99.937,0.0,99.3814,0.0,98.7672,0.0,98.0844,0.0,97.6852,0.736,97.1855,0.4209,96.4948,0.1302,95.3702,0.0,94.1325,0.0
2025-07-21,117265.11,120247.8,114723.16,119415.55,123158.43225,94.7261,3.3974,94.1646,3.003,93.557,2.633,92.8974,2.2852,92.1788,1.9576,96.5695,1.192,95.9,0.7214,95.1756,0.2797,94.3896,0.0,93.5335,0.0,98.1071,0.0,97.4902,0.0,96.8127,0.0,96.0653,0.0,95.2366,0.0,99.0308,0.0,98.4203,0.0,97.7507,0.0,97.0129,0.0,96.1961,0.0,99.671,0.0,99.1224,0.0,98.5218,0.0,97.8615,0.0,97.1319,0.0,100.0,0.0,99.532,0.0,98.9664,0.0,98.3471,0.0,97.6664,0.0,100.0,0.0,99.9402,0.0,99.4147,0.0,98.8367,0.0,98.1981,0.0,100.0,0.0,100.0,0.0,99.8647,0.0,99.3495,0.0,98.7772,0.0
2025-07-28,119415.56,119800.0,111920.0,114208.8,105088.6224,94.4079,3.5361,93.6723,3.1136,92.0533,2.7201,90.3521,2.3528,88.5624,2.0091,96.334,1.2711,95.6156,0.7689,94.8375,0.298,93.9918,0.0,92.466,0.0,97.9633,0.0,97.303,0.0,96.5799,0.0,95.7846,0.0,94.9056,0.0,98.8888,0.0,98.1834,0.0,97.4048,0.0,96.5411,0.0,95.5776,0.0,99.6338,0.0,99.0202,0.0,98.3443,0.0,97.5962,0.0,96.7635,0.0,100.0,0.0,99.4883,0.0,98.8663,0.0,98.1808,0.0,97.4215,0.0,100.0,0.0,99.9401,0.0,99.4138,0.0,98.8353,0.0,98.1965,0.0,100.0,0.0,100.0,0.0,99.8649,0.0,99.3504,0.0,98.7794,0.0
2025-08-04,114208.81,119311.11,112650.0,119294.01,78822.4007,100.0,0.0,99.8872,0.0,98.8635,0.0,97.7672,0.0,96.5902,0.0,96.4981,1.2167,95.8145,0.7363,95.075,0.2855,94.2723,0.0,92.8187,0.0,98.0075,0.0,97.3718,0.0,96.6811,0.0,95.9282,0.0,95.104,0.0,98.8898,0.0,98.1924,0.0,97.4292,0.0,96.5903,0.0,95.664,0.0,99.6086,0.0,98.9525,0.0,98.2292,0.0,97.4278,0.0,96.5349,0.0,100.0,0.0,99.4612,0.0,98.805,0.0,98.0804,0.0,97.2762,0.0,100.0,0.0,99.9376,0.0,99.3889,0.0,98.7843,0.0,98.1148,0.0,100.0,0.0,100.0,0.0,99.8698,0.0,99.3753,0.0,98.8291,0.0
2025-08-11,119294.27,124474.0,116803.99,117405.01,120321.123656,100.0,0.0,99.8772,0.0,98.7566,0.0,97.5443,0.0,96.2285,0.0,100.0,0.0,100.0,0.0,100.0,0.0,100.0,0.0,99.3146,0.0,97.9814,0.0,97.3403,0.0,96.6455,0.0,95.8899,0.0,95.0651,0.0,98.8602,0.0,98.1493,0.0,97.3757,0.0,96.5308,0.0,95.6043,0.0,99.5931,0.0,98.9125,0.0,98.1643,0.0,97.3382,0.0,96.421,0.0,100.0,0.0,99.4098,0.0,98.6885,0.0,97.8887,0.0,96.9968,0.0,100.0,0.0,99.933,0.0,99.3418,0.0,98.6873,0.0,97.9588,0.0,100.0,0.0,100.0,0.0,99.8618,0.0,99.3354,0.0,98.7508,0.0
2025-08-18,117405.01,117543.75,110680.0,113493.59,117920.88503,94.1689,3.5476,93.3298,3.0936,91.515,2.6753,89.5791,2.2886,87.5094,1.9302,96.429,1.5115,95.7954,1.0896,95.1006,0.6972,94.3351,0.3312,92.8487,0.0,98.1156,0.1658,97.5967,0.0,97.0329,0.0,96.4181,0.0,95.7448,0.0,97.8062,0.0,96.4875,0.0,95.0868,0.0,93.5963,0.0,92.0069,0.0,99.5573,0.0,98.3529,0.0,97.0282,0.0,95.5984,0.0,94.0505,0.0,100.0,0.0,99.3554,0.0,98.5187,0.0,97.1813,0.0,95.7155,0.0,100.0,0.0,99.9238,0.0,99.248,0.0,98.4927,0.0,97.5285,0.0,100.0,0.0,100.0,0.0,99.8461,0.0,99.2564,0.0,98.5953,0.0
2025-08-25,113493.59,113667.28,107350.1,108246.35,110910.33675,71.1408,20.5295,68.5374,18.8133,65.3313,17.2137,62.007,15.7193,58.558,14.32,82.9675,11.754,81.4079,10.6312,79.7307,9.5736,77.922,8.5755,75.6087,7.6417,87.5605,8.0318,86.2807,7.25,84.9156,6.6548,83.4562,6.0977,81.8925,5.5752,90.8979,5.8433,89.7096,5.3239,88.4462,4.8384,87.1006,4.3834,85.6643,3.9563,92.3841,4.5356,90.5638,3.9865,88.6347,3.4771,86.6133,3.0032,84.4928,2.5612,94.3436,3.3205,93.0294,2.8562,91.4993,2.4285,89.5033,2.0333,87.3735,1.6669,95.6783,2.3735,94.9793,1.9907,93.658,1.6394,92.2083,1.3158,90.5119,1.0168,96.7595,1.6426,96.2426,1.3299,95.507,1.0433,94.2715,0.7796,92.8982,0.5361
2025-09-01,108246.36,113384.62,107255.0,111137.34,90809.75324,56.2418,31.0008,52.6081,28.1854,48.8313,25.4989,45.0833,22.9327,41.3638,20.479,71.5081,18.9268,68.7348,16.8561,65.7785,14.8935,62.6204,13.0307,59.0782,11.2721,82.7505,10.7676,80.9097,9.5138,78.966,8.4742,76.9105,7.4958,74.7333,6.5733,87.348,7.6204,85.684,6.7086,83.9387,5.8494,82.1057,5.0383,80.1785,4.4035,90.9661,5.1344,89.4475,4.3042,87.8253,3.5788,86.1142,3.0961,84.3065,2.6445,92.5218,3.6087,90.7433,3.1031,88.7537,2.6375,86.3297,2.2076,83.8063,1.8092,94.5007,2.5824,93.3606,2.1635,91.5596,1.7798,89.6182,1.4271,87.4245,1.1018,96.1679,1.7837,95.2663,1.4417,94.1001,1.1292,92.3833,0.8425,90.5002,0.5786
2025-09-08,111137.35,116665.63,110621.78,115268.01,88456.94711,45.1591,39.2956,40.847,35.8169,36.8246,32.4812,32.918,29.2799,29.1223,26.2049,65.6557,22.6509,62.2338,20.1415,58.5701,17.7703,54.6382,15.5262,50.3989,13.4123,77.9175,13.5004,75.414,11.8615,72.7376,10.5007,69.8698,9.2351,66.7893,8.0551,86.5499,8.0676,84.7688,7.0943,82.8975,6.179,80.9288,5.3168,78.8551,4.6417,90.4262,5.4551,88.8313,4.5755,87.1323,3.8061,85.3453,3.2932,83.4632,2.8132,92.8038,3.543,91.6873,3.0596,90.4426,2.6108,88.7614,2.1932,86.9725,1.8036,94.3258,2.6821,93.1646,2.2496,91.3346,1.8527,89.3732,1.487,87.17,1.1491,96.0027,1.8651,95.0671,1.5081,93.8596,1.1816,92.0869,0.882,90.1498,0.6059
2025-09-15,115268.01,117900.0,114384.0,115232.29,70729.4403,47.5834,38.8699,43.9525,35.7079,40.2154,32.6288,36.3673,29.6292,32.4033,26.7063,55.8582,29.0311,51.4202,25.7993,46.6605,22.7491,41.543,19.8655,36.404,17.1504,73.086,16.2519,69.9256,14.2258,66.5214,12.5394,62.844,10.9839,58.8593,9.5448,82.917,10.0075,80.5549,8.7464,78.0468,7.5746,75.3785,6.4828,72.5344,5.6276,89.7727,5.8127,88.068,4.8727,86.2523,4.0509,84.3423,3.502,82.3306,2.9892,92.36,3.7791,91.1872,3.2653,89.8838,2.7879,88.1304,2.3431,86.2733,1.9277,94.4795,2.6587,93.4606,2.2385,92.3519,1.85,91.1411,1.4897,89.7112,1.1547,95.8571,1.9421,94.8961,1.5717,93.6594,1.2324,91.8496,0.9205,89.8824,0.6328
2025-09-22,115232.29,115379.25,108620.07,112163.95,93970.57704,28.3327,56.3697,24.6573,52.3891,21.0386,48.3429,17.4754,44.2295,13.9665,40.0472,49.2302,35.2989,45.1975,31.5881,41.0953,27.9371,36.9219,24.3444,32.6755,20.8242,59.3022,24.7723,54.8224,21.4762,50.1125,18.5966,45.1544,15.9185,39.9279,13.4216,75.3109,13.9654,71.9659,11.921,68.465,10.0124,64.7972,8.2265,60.9501,7.0211,84.713,8.0845,82.1643,6.5452,79.4807,5.1754,76.6813,4.4423,73.7586,3.7667,90.4757,4.2833,88.9319,3.6228,87.249,3.0891,85.1166,2.5932,82.8915,2.1311,93.3312,2.9303,91.9805,2.4666,90.5301,2.038,88.9686,1.6408,87.1814,1.2715,95.5949,1.9896,94.4145,1.6136,93.13,1.2678,91.7268,0.9487,90.1877,0.6533
2025-09-29,112163.96,125708.42,111560.65,123482.31,124480.098903,47.6884,40.3834,44.755,37.3516,41.8408,34.2996,38.9455,31.227,36.0689,28.1338,55.6025,31.5404,52.3406,28.3729,49.0594,25.2237,45.7585,22.0929,42.438,18.9951,67.9639,20.1374,64.7514,17.614,61.4344,15.4003,58.0079,13.3026,54.4663,11.3121,75.0509,14.2509,71.7528,12.1886,68.3214,10.2559,64.7485,8.441,61.0251,7.2137,84.4674,8.2344,81.8943,6.67,79.1903,5.2765,76.3752,4.5299,73.4421,3.8417,89.6958,4.6302,88.0233,3.9122,86.2009,3.3323,83.9043,2.7946,81.5113,2.2945,93.585,2.8643,92.3207,2.4195,90.9759,2.0056,89.5424,1.6196,87.9141,1.2586,95.7276,1.9642,94.6109,1.5987,93.4087,1.2603,92.1108,0.946,90.7053,0.6533
2025-10-06,123482.32,126199.63,102000.0,114958.8,211576.359223,48.9298,37.4134,45.6657,33.8408,42.4584,30.5207,39.3066,27.4062,36.2087,24.3767,48.612,36.6638,45.2309,32.8676,41.9583,29.2098,38.7889,25.5756,35.7181,21.9805,58.7024,25.7396,54.8021,22.4908,50.9289,19.6132,47.0823,16.9001,43.2622,14.3379,71.9123,15.7358,68.1621,13.4551,64.3851,11.3188,60.5809,9.3137,56.7493,7.9487,79.9641,10.3034,76.3111,8.3068,72.5529,6.5394,68.7163,5.5725,64.799,4.6937,87.5852,5.5052,85.5168,4.6289,82.9754,3.9238,79.8997,3.2759,76.7445,2.6786,92.1661,3.4484,90.5932,2.9004,88.9094,2.3947,87.0669,1.9266,84.7598,1.4921,95.408,2.116,94.2156,1.7228,92.9356,1.3585,91.558,1.0199,90.071,0.7045
2025-10-13,114958.81,115963.81,103528.23,108642.78,171795.75097,48.154,38.0066,44.8726,34.3566,41.6581,30.9362,38.5087,27.7077,35.4222,24.5559,40.2479,47.6823,37.4684,44.46,34.7753,41.2554,32.1645,38.0521,29.6324,34.8501,41.8413,44.6291,38.8195,41.0798,35.929,37.6305,33.1615,34.2389,30.5092,30.9037,52.2763,33.1685,48.6024,29.9002,45.0332,26.7503,41.5644,23.7126,38.1916,21.1916,65.9811,22.0424,62.3376,19.3745,58.7139,16.893,55.1242,15.076,51.5681,13.3897,73.6129,15.8816,70.6096,14.1065,67.2602,12.5555,63.6068,11.1207,59.9432,9.7896,82.2474,10.6287,79.9625,9.4554,77.5526,8.3647,74.9814,7.3483,72.0458,6.3987,87.8007,7.4282,85.9617,6.5533,84.0087,5.739,81.9309,4.9792,79.7157,4.2686
2025-10-20,108642.77,115466.8,106666.69,114559.4,137472.95078,53.6078,32.2458,49.8836,28.8873,46.2265,25.9778,42.6561,23.3921,39.1694,20.9637,50.7174,34.0612,46.9754,30.4687,43.3816,27.1377,39.9317,23.9282,36.6174,20.8335,43.5285,42.7251,40.2809,39.3546,37.2308,36.0425,34.3183,32.7873,31.5342,29.5874,46.5278,37.7273,42.747,34.0635,39.2712,30.5215,36.0307,27.0953,32.9988,24.2,58.4761,26.8321,54.2502,23.5642,50.0961,20.5186,46.0887,18.2275,42.2579,16.12,71.2131,17.3086,67.9307,15.35,64.3037,13.6395,60.3381,12.0623,56.3956,10.6034,78.3482,12.7853,75.4991,11.3207,72.4782,9.9715,69.2452,8.7246,65.5605,7.5687,85.7546,8.5925,83.5907,7.5624,81.2881,6.608,78.8328,5.7214,76.2093,4.8954
2025-10-27,114559.41,116400.0,106304.34,110540.68,125045.90669,41.5522,43.9824,38.2934,40.1736,35.2729,36.5067,32.4253,33.0034,29.7362,29.5885,47.7829,37.6662,44.2537,34.1716,40.8805,30.8878,37.6405,27.712,34.5259,24.6389,46.8251,38.3104,43.2794,34.7249,39.9342,31.2062,36.7504,27.7525,33.7167,24.362,42.19,43.8825,38.938,40.3129,35.9725,36.7303,33.1797,33.1345,30.5395,29.857,46.21,37.5678,42.3034,33.6333,38.6522,29.814,35.3543,26.5867,32.3012,23.5529,58.4058,26.6888,54.3874,23.7442,50.2511,21.084,46.1968,18.6052,42.3605,16.2899,70.7768,18.1186,67.4715,16.0588,64.0413,14.1367,60.4657,12.3389,56.6516,10.6537,77.9412,13.5193,75.0033,11.8719,71.9188,10.3384,68.6765,8.9073,65.2638,7.5688
2025-11-03,110540.69,110750.0,98944.36,104722.96,199598.71888,27.9582,61.4411,25.9106,58.4082,24.1113,55.1224,22.4452,51.7233,20.8981,48.2606,32.0354,56.3382,29.5802,53.1151,27.3647,49.8308,25.2822,46.5275,23.3211,43.2051,37.8419,49.9088,35.0227,46.7942,32.4056,43.7144,29.9013,40.6687,27.5026,37.6567,38.4157,48.9418,35.484,45.6698,32.8457,42.383,30.3531,39.0811,27.9881,35.9744,36.4577,50.9274,33.6309,47.5929,30.9724,44.2053,28.5945,40.9446,26.3531,37.7602,41.0179,44.4412,37.4135,40.9676,34.0098,37.6607,31.0985,34.4919,28.4765,31.4529,52.5726,34.0012,48.9762,31.1061,45.3355,28.3557,41.6599,25.7394,38.1329,23.2476,64.6372,24.8599,61.5008,22.6379,58.2885,20.5307,54.9972,18.5297,51.6242,16.6269
2025-11-10,104722.95,107500.0,93005.55,94261.44,189823.3545,19.0756,73.747,17.7506,71.6991,16.6023,69.3458,15.5285,66.8278,14.5222,64.2316,18.718,74.4527,17.4383,72.3314,16.3481,70.013,15.3294,67.6082,14.3754,65.1121,21.9694,69.8818,20.3189,67.5036,18.8836,65.0764,17.5258,62.5985,16.2392,60.0684,26.8759,64.1041,24.8452,61.6809,23.0986,59.2309,21.4378,56.7537,19.8488,54.2229,27.9813,62.5173,25.8973,60.0082,23.9425,57.4355,22.224,54.7539,20.587,52.1127,28.0029,62.1868,25.7286,59.4224,23.6962,56.6459,21.8782,53.8883,20.2438,51.1496,32.2124,56.1666,29.451,53.2235,26.7281,50.3404,24.0678,47.5157,21.7855,44.7475,42.2028,46.3389,39.2948,43.6613,36.3873,41.0628,33.4805,38.5401,30.5743,36.0898
2025-11-17,94261.45,96043.0,80600.0,86830.0,257258.09768,0.1228,97.7744,0.0,97.1357,0.0,96.0522,0.0,94.7164,0.0,93.2876,13.452,81.6723,12.5599,80.1211,11.8098,78.3923,11.1048,76.5884,10.441,74.7043,13.3656,81.6778,12.4658,80.077,11.7365,78.4072,11.051,76.6641,10.4053,74.8425,16.1865,77.7759,14.9298,76.0234,13.9446,74.2123,13.0198,72.3395,12.1422,70.3033,20.1788,72.7859,18.6839,70.9042,17.2916,68.9779,16.0928,66.9145,14.9449,64.8255,21.4408,71.0886,19.7098,68.8792,18.191,66.6272,16.8477,64.3741,15.6471,62.1199,22.115,69.7581,20.3392,67.4659,18.6179,65.1595,16.9712,62.8387,15.5933,60.5034,25.8778,64.3983,23.7101,61.9267,21.5857,59.4685,19.5033,57.0237,17.4617,54.5921
2025-11-24,86830.0,93092.0,85272.0,90360.0,118687.98554,0.1039,98.1203,0.0,97.582,0.0,96.9959,0.0,96.3554,0.0,95.6525,0.1189,98.2497,0.0,97.5083,0.0,96.5379,0.0,95.4922,0.0,94.362,11.3252,84.3023,10.5455,82.8615,9.9182,81.3461,9.3297,79.7502,8.7765,78.0673,11.4416,84.116,10.5802,82.7414,9.9688,81.2934,9.4035,79.7659,8.8722,78.0285,14.1099,80.4219,13.0383,78.8871,12.0689,77.2847,11.2838,75.4856,10.5404,73.6247,17.9632,75.7071,16.4941,73.9328,15.2192,72.0749,14.1004,70.1747,13.1053,68.2308,19.1964,73.6048,17.6438,71.5334,16.1406,69.4387,14.7057,67.3203,13.5165,65.1777,19.9916,72.0998,18.3695,69.9699,16.8032,67.8092,15.2899,65.617,13.8271,63.3926
2025-12-01,90360.01,94150.0,83822.76,90395.31,149459.29022,0.1007,98.1429,0.0,97.597,0.0,96.9953,0.0,96.3288,0.0,95.5864,0.1052,98.4492,0.0,98.0062,0.0,97.5215,0.0,96.9886,0.0,96.4001,0.1375,98.1793,0.0,97.3981,0.0,96.5541,0.0,95.6393,0.0,94.6444,10.1229,85.802,9.343,84.5226,8.7925,83.1658,8.2848,81.7243,7.8087,80.1899,10.2834,85.4911,9.5206,84.2543,8.8516,82.9407,8.3513,81.3984,7.8818,79.7719,13.0902,81.8424,11.9579,80.3413,11.0239,78.7277,10.2415,77.0466,9.5739,75.2936,16.7683,77.085,15.3979,75.3453,14.0735,73.5536,12.8123,71.7074,11.7756,69.8042,17.9366,74.7959,16.4685,72.8159,15.0532,70.7988,13.6878,68.7436,12.3697,66.6493
2025-12-08,90395.32,94588.99,87577.36,88172.17,107997.17703,0.0,100.0,0.0,100.0,0.0,100.0,0.0,100.0,0.0,100.0,0.1009,98.496,0.0,98.0595,0.0,97.578,0.0,97.0444,0.0,96.4497,0.122,98.5995,0.0,98.2072,0.0,97.7774,0.0,97.3045,0.0,96.7818,0.2503,98.0063,0.0094,97.3414,0.0,96.6204,0.0,95.8357,0.0,94.9786,9.1455,86.9946,8.4563,85.853,7.8538,84.636,7.4051,83.3358,6.9845,81.9438,9.5415,86.5881,8.7027,85.3804,8.0521,84.0491,7.5396,82.6396,7.1271,81.1449,12.3756,82.8472,11.3591,81.4195,10.3892,79.9243,9.4813,78.3565,8.7873,76.7109,15.783,78.155,14.4831,76.4788,13.2314,74.7443,12.025,72.9483,10.8616,71.0876
2025-12-15,88172.16,90365.85,84450.01,88658.86,116986.93155,0.0,100.0,0.0,100.0,0.0,100.0,0.0,100.0,0.0,100.0,0.0,100.0,0.0,100.0,0.0,100.0,0.0,100.0,0.0,100.0,0.1193,98.6143,0.0,98.2193,0.0,97.7831,0.0,97.299,0.0,96.7586,0.2286,98.6935,0.0086,98.3605,0.0,97.9946,0.0,97.5906,0.0,97.1423,0.3578,97.7909,0.1447,97.2016,0.0,96.5601,0.0,95.8591,0.0,95.09,8.7123,87.6582,7.9332,86.5964,7.3308,85.4597,6.8574,84.24,6.4772,82.9278,9.2233,87.031,8.4598,85.8537,7.7385,84.6026,7.0743,83.2707,6.6113,81.8497,11.9206,83.1677,10.924,81.7535,9.9754,80.2671,9.0715,78.7027,8.2091,77.054
2025-12-22,88658.87,90588.23,86420.0,87952.71,72081.43375,0.0,100.0,0.0,100.0,0.0,100.0,0.0,100.0,0.0,100.0,0.0,100.0,0.0,100.0,0.0,100.0,0.0,100.0,0.0,100.0,0.0,100.0,0.0,100.0,0.0,100.0,0.0,100.0,0.0,100.0,0.2236,98.7093,0.0084,98.3754,0.0,98.006,0.0,97.5953,0.0,97.1359,0.3293,98.7062,0.1332,98.4071,0.0,98.0778,0.0,97.7135,0.0,97.3082,0.6495,97.5349,0.2738,96.9824,0.0771,96.3797,0.0,95.7196,0.0,94.9936,8.4984,88.1523,7.7854,87.1638,7.1134,86.1013,6.496,84.9561,6.0666,83.7181,8.9752,87.2299,8.2508,86.0941,7.5682,84.883,6.9239,83.5887,6.3147,82.2025
2025-12-29,87952.71,91810.0,86806.5,91529.73,85720.05743,0.0,100.0,0.0,100.0,0.0,99.8406,0.0,99.6,0.0,99.3248,0.0,100.0,0.0,100.0,0.0,100.0,0.0,100.0,0.0,100.0,0.0,100.0,0.0,100.0,0.0,100.0,0.0,100.0,0.0,100.0,0.0,100.0,0.0,100.0,0.0,100.0,0.0,100.0,0.0,100.0,0.3332,98.6726,0.1344,98.3587,0.0,98.0099,0.0,97.6201,0.0,97.1815,0.4389,98.6205,0.2492,98.3262,0.0736,98.0008,0.0,97.639,0.0,97.2343,1.0542,97.229,0.7027,96.7005,0.3757,96.1207,0.0903,95.4819,0.0,94.7745,8.5575,88.1055,7.8538,87.1104,7.1929,86.0356,6.5709,84.8709,5.9846,83.6047
2026-01-05,91529.74,94789.08,89311.0,91013.65,93800.8281,0.0,100.0,0.0,100.0,0.0,99.7525,0.0,99.3677,0.0,98.9109,0.0,100.0,0.0,100.0,0.0,100.0,0.0,100.0,0.0,100.0,0.0,100.0,0.0,100.0,0.0,100.0,0.0,100.0,0.0,100.0,0.0,100.0,0.0,100.0,0.0,100.0,0.0,100.0,0.0,100.0,0.0,100.0,0.0,100.0,0.0,100.0,0.0,100.0,0.0,100.0,0.4411,98.5979,0.2498,98.2928,0.0736,97.9527,0.0,97.5714,0.0,97.1409,0.575,98.5461,0.399,98.2689,0.2365,97.9611,0.086,97.6174,0.0,97.231,1.4037,96.9077,1.0605,96.3839,0.7419,95.807,0.4456,95.1686,0.1691,94.4583
2026-01-12,91013.66,97924.49,90128.44,93673.14,106130.99963,5.1675,91.6446,4.5669,90.569,4.0226,89.0873,3.5272,87.3,3.0743,85.2393,2.2177,96.1275,1.9085,95.564,1.629,94.9125,1.3751,94.1507,1.1434,93.2478,0.6645,98.448,0.4939,98.1554,0.3383,97.8228,0.1958,97.4415,0.0649,97.0,0.0,99.5119,0.0,99.3174,0.0,99.0988,0.0,98.8512,0.0,98.5686,0.0,99.9299,0.0,99.6379,0.0,99.312,0.0,98.9459,0.0,98.5317,0.0,100.0,0.0,99.8974,0.0,99.4797,0.0,99.0121,0.0,98.4851,0.5878,98.4937,0.4068,98.1988,0.2405,97.5648,0.0873,96.6925,0.0,95.7229,0.7083,98.4025,0.5319,98.1191,0.3696,97.8025,0.2198,97.1093,0.0809,96.2002
2026-01-19,93673.14,93673.14,86074.72,86670.36,100317.13896,5.8659,90.968,5.2334,89.9668,4.6499,88.6016,4.1098,87.0063,3.6084,85.2462,2.5783,95.5521,2.2238,94.9256,1.902,94.2076,1.6086,93.3765,1.3399,92.4032,0.8178,98.0564,0.6058,97.6763,0.4137,97.239,0.2388,96.7304,0.079,96.1316,0.0,99.4513,0.0,99.2305,0.0,98.9805,0.0,98.6954,0.0,98.3672,0.0,99.9293,0.0,99.6352,0.0,99.3077,0.0,98.9405,0.0,98.5261,0.0,100.0,0.0,99.9018,0.0,99.5031,0.0,99.0588,0.0,98.5603,0.0,100.0,0.0,100.0,0.0,99.6964,0.0,99.1873,0.0,98.6168,0.6881,98.4444,0.5166,98.167,0.3588,97.8568,0.2132,97.1777,0.0785,96.2853
2026-01-26,86670.36,90600.0,75700.0,76968.21,175738.70675,5.1012,92.5636,4.6029,91.876,4.133,90.9254,3.6891,89.8379,3.2691,88.6818,2.3896,96.0814,2.0816,95.6024,1.7966,95.0722,1.5322,94.4822,1.2862,93.8218,0.8136,98.1298,0.6065,97.7886,0.4166,97.4051,0.2418,96.971,0.0804,96.4754,0.0,99.4096,0.0,99.1723,0.0,98.904,0.0,98.5984,0.0,98.2469,0.0,99.9283,0.0,99.6308,0.0,99.3,0.0,98.9303,0.0,98.5142,0.0,100.0,0.0,99.9085,0.0,99.5389,0.0,99.1302,0.0,98.6759,0.0,100.0,0.0,100.0,0.0,99.73,0.0,99.281,0.0,98.7837,0.0,100.0,0.0,100.0,0.0,100.0,0.0,99.6885,0.0,99.2131
2026-02-02,76968.22,79360.0,60000.0,70330.38,384283.11539,3.8802,94.444,3.5147,93.9618,3.1674,93.2837,2.8371,92.5087,2.5224,91.6915,2.0854,96.7059,1.8307,96.3453,1.5915,95.9557,1.3664,95.5333,1.1542,95.074,0.7371,98.362,0.5532,98.0838,0.3824,97.778,0.2232,97.4405,0.0746,97.0659,0.0,99.4497,0.0,99.2344,0.0,98.995,0.0,98.7272,0.0,98.4255,0.0,99.927,0.0,99.6245,0.0,99.289,0.0,98.915,0.0,98.4953,0.0,100.0,0.0,99.9108,0.0,99.5511,0.0,99.1545,0.0,98.7152,0.0,100.0,0.0,100.0,0.0,99.7547,0.0,99.3494,0.0,98.9039,0.0,100.0,0.0,100.0,0.0,100.0,0.0,99.7287,0.0,99.3185
2026-02-09,70330.38,71453.53,65118.0,68832.58,163165.87355,3.2,95.3324,2.887,94.8999,2.592,94.291,2.3133,93.588,2.0498,92.8361,1.8305,97.1466,1.6114,96.8465,1.4045,96.5249,1.2089,96.1794,1.0236,95.8072,0.6901,98.491,0.5196,98.2433,0.3603,97.9739,0.2109,97.6798,0.0707,97.3575,0.0,99.4878,0.0,99.2919,0.0,99.0769,0.0,98.8398,0.0,98.5771,0.0,99.9295,0.0,99.6386,0.0,99.3183,0.0,98.9641,0.0,98.5703,0.0,100.0,0.0,99.9084,0.0,99.5386,0.0,99.1305,0.0,98.6778,0.0,100.0,0.0,100.0,0.0,99.7578,0.0,99.3578,0.0,98.9182,0.0,100.0,0.0,100.0,0.0,100.0,0.0,99.749,0.0,99.3711
2026-02-16,68832.59,70126.67,65631.83,67643.4,113599.38988,2.6183,96.1321,2.3559,95.7578,2.1098,95.3525,1.8785,94.9124,1.6607,94.4327,1.6492,97.4141,1.4501,97.1373,1.2624,96.8395,1.0854,96.5184,0.9181,96.171,0.6431,98.6088,0.4853,98.3856,0.3372,98.1445,0.1978,97.8833,0.0664,97.5992,0.0,99.5086,0.0,99.3224,0.0,99.1192,0.0,98.8965,0.0,98.6514,0.0,99.9323,0.0,99.6537,0.0,99.3491,0.0,99.0147,0.0,98.6458,0.0,100.0,0.0,99.91,0.0,99.5474,0.0,99.1487,0.0,98.7081,0.0,100.0,0.0,100.0,0.0,99.7497,0.0,99.3353,0.0,98.8784,0.0,100.0,0.0,100.0,0.0,100.0,0.0,99.7501,0.0,99.3734
2026-02-23,67643.39,69988.83,62510.28,65776.47,174645.67528,2.2578,96.6257,2.0267,96.2862,1.8109,95.916,1.6089,95.5107,1.4196,95.0651,1.4253,97.745,1.2507,97.497,1.087,97.2287,0.933,96.9375,0.7879,96.6205,0.6,98.7032,0.453,98.4956,0.3148,98.2715,0.1847,98.0289,0.062,97.7652,0.0,99.5353,0.0,99.3605,0.0,99.1706,0.0,98.9634,0.0,98.7366,0.0,99.9342,0.0,99.6642,0.0,99.3704,0.0,99.0496,0.0,98.6978,0.0,100.0,0.0,99.9126,0.0,99.5618,0.0,99.1777,0.0,98.7553,0.0,100.0,0.0,100.0,0.0,99.7528,0.0,99.344,0.0,98.894,0.0,100.0,0.0,100.0,0.0,100.0,0.0,99.7421,0.0,99.352
2026-03-02,65776.48,74050.0,65259.21,65971.2,185435.28412,0.0,100.0,0.0,100.0,0.0,100.0,0.0,100.0,0.0,100.0,1.2956,97.9258,1.1342,97.6894,0.9834,97.4319,0.8423,97.1502,0.7098,96.8407,0.5488,98.8109,0.4141,98.6196,0.2876,98.4127,0.1687,98.1882,0.0566,97.9439,0.0,99.5505,0.0,99.3819,0.0,99.1988,0.0,98.9993,0.0,98.7812,0.0,99.9357,0.0,99.6725,0.0,99.3867,0.0,99.0752,0.0,98.7344,0.0,100.0,0.0,99.9131,0.0,99.5647,0.0,99.1839,0.0,98.766,0.0,100.0,0.0,100.0,0.0,99.7553,0.0,99.3511,0.0,98.9069,0.0,100.0,0.0,100.0,0.0,100.0,0.0,99.741,0.0,99.349
2026-03-09,65971.2,73913.74,65821.97,72815.24,173796.90567,0.5322,97.9608,0.223,97.4978,0.0,96.9904,0.0,96.4319,0.0,95.8142,0.0,99.3088,0.0,98.738,0.0,98.1203,0.0,97.4498,0.0,96.7193,0.5485,98.7877,0.4122,98.279,0.2852,97.3687,0.1666,96.3972,0.0557,95.3583,0.0,99.5468,0.0,99.3754,0.0,99.1886,0.0,98.4311,0.0,97.4698,0.0,99.9325,0.0,99.6553,0.0,99.3528,0.0,99.0213,0.0,98.5069,0.0,100.0,0.0,99.909,0.0,99.5434,0.0,99.1428,0.0,98.702,0.0,100.0,0.0,100.0,0.0,99.7406,0.0,99.3106,0.0,98.8361,0.0,100.0,0.0,100.0,0.0,100.0,0.0,99.7279,0.0,99.3145
2026-03-16,72815.25,76000.0,67360.66,67859.0,145050.61744,0.6046,97.655,0.2528,97.1118,0.0,96.5118,0.0,95.8456,0.0,95.1016,0.0,99.3014,0.0,98.7224,0.0,98.0939,0.0,97.4091,0.0,96.6602,0.0,100.0,0.0,99.6992,0.0,99.0124,0.0,98.2724,0.0,97.4726,0.0,99.5626,0.0,99.3966,0.0,99.2151,0.0,98.4799,0.0,97.544,0.0,99.935,0.0,99.6683,0.0,99.378,0.0,99.0609,0.0,98.5696,0.0,100.0,0.0,99.9084,0.0,99.5405,0.0,99.1373,0.0,98.6936,0.0,100.0,0.0,100.0,0.0,99.7384,0.0,99.3051,0.0,98.8273,0.0,100.0,0.0,100.0,0.0,100.0,0.0,99.7216,0.0,99.2982
2026-03-23,67859.0,72026.09,65000.0,66010.93,137696.42185,0.7325,97.1299,0.3056,96.4537,0.0,95.7019,0.0,94.8608,0.0,93.9137,0.0,99.2232,0.0,98.576,0.0,97.8699,0.0,97.0965,0.0,96.2458,0.0,100.0,0.0,99.6996,0.0,99.0128,0.0,98.2711,0.0,97.4677,0.0,100.0,0.0,100.0,0.0,100.0,0.0,99.4814,0.0,98.778,0.0,99.9375,0.0,99.6815,0.0,99.4034,0.0,99.1001,0.0,98.6305,0.0,100.0,0.0,99.912,0.0,99.5591,0.0,99.1739,0.0,98.7516,0.0,100.0,0.0,100.0,0.0,99.7391,0.0,99.3077,0.0,98.833,0.0,100.0,0.0,100.0,0.0,100.0,0.0,99.7211,0.0,99.2974
2026-03-30,66010.93,69310.0,65712.12,69034.18,110218.58039,0.9652,96.1729,0.4017,95.2534,0.0,94.2226,0.0,93.0213,0.0,91.2641,0.0,99.0104,0.0,98.1758,0.0,97.2544,0.0,96.2321,0.0,95.0914,0.0,100.0,0.0,99.6529,0.0,98.8546,0.0,97.9853,0.0,97.035,0.0,100.0,0.0,100.0,0.0,100.0,0.0,99.4583,0.0,98.7202,0.0,100.0,0.0,100.0,0.0,100.0,0.0,100.0,0.0,99.8601,0.0,100.0,0.0,99.9124,0.0,99.5615,0.0,99.1787,0.0,98.7595,0.0,100.0,0.0,100.0,0.0,99.7405,0.0,99.312,0.0,98.8412,0.0,100.0,0.0,100.0,0.0,100.0,0.0,99.7132,0.0,99.277
2026-04-06,69034.18,73790.0,67732.01,70740.98,121909.25954,3.7594,89.7684,2.4181,87.8022,1.3231,85.6591,0.8144,83.2773,0.3493,80.3091,0.3757,96.8432,0.0862,95.3064,0.0,93.6205,0.0,91.7625,0.0,89.7048,0.0,99.8684,0.0,99.1841,0.0,97.899,0.0,96.4941,0.0,94.9519,0.0,100.0,0.0,100.0,0.0,100.0,0.0,99.3606,0.0,98.4806,0.0,100.0,0.0,100.0,0.0,100.0,0.0,100.0,0.0,99.851,0.0,100.0,0.0,100.0,0.0,100.0,0.0,100.0,0.0,100.0,0.0,100.0,0.0,100.0,0.0,99.7374,0.0,99.3037,0.0,98.8273,0.0,100.0,0.0,100.0,0.0,100.0,0.0,99.7108,0.0,99.2718
2026-04-13,70741.56,78333.0,70566.99,73801.79,128729.92407,19.4427,69.0279,16.7461,65.9443,14.2807,62.7733,12.4558,59.4995,10.7415,56.0616,7.8123,85.2968,6.6901,82.6111,5.8612,79.7546,5.1954,76.7105,4.5881,73.4597,3.9745,93.4862,3.5199,91.9654,3.1074,89.7513,2.7312,87.3582,2.3867,84.7636,2.1741,96.4459,1.905,95.9978,1.6586,95.4928,1.4322,94.216,1.2233,92.6138,1.1113,98.0486,0.9426,97.7844,0.7866,97.4916,0.6421,97.1651,0.5077,96.639,0.3904,98.9075,0.2462,98.6922,0.1118,98.4564,0.0,98.1971,0.0,97.9106,0.0,99.3493,0.0,99.0791,0.0,98.784,0.0,98.4606,0.0,98.1046,0.0,99.684,0.0,99.3488,0.0,98.9814,0.0,98.294,0.0,97.4294
2026-04-20,73801.8,79472.82,73724.31,78657.55,94938.10789,52.3357,37.0251,49.4346,34.583,46.4446,32.2194,43.4875,29.9522,40.5531,27.9943,28.9913,59.4949,26.5667,56.1993,24.4086,52.8798,22.4494,49.5363,20.6138,46.1683,16.6381,76.0282,15.2006,73.294,13.8767,70.0697,12.6534,66.7028,11.5198,63.1838,10.4672,84.8265,9.5349,83.3247,8.6769,81.6472,7.8847,79.2397,7.1509,76.4834,6.7724,90.1541,6.1546,89.1888,5.5834,88.1191,5.0538,86.9273,4.5613,85.4526,4.3443,93.4629,3.893,92.7915,3.4726,92.057,3.0939,91.25,2.8469,90.3592,2.8967,95.3082,2.6525,94.7022,2.4251,94.0463,2.2128,93.334,2.0141,92.5578,2.1364,96.3405,1.8825,95.6657,1.6461,94.9368,1.4255,94.1468,1.219,93.2878
2026-04-27,78657.55,79485.66,74937.52,78568.57,88811.52864,60.4059,30.8363,58.0257,28.8195,55.5611,26.8654,53.0075,24.9933,50.3599,23.4169,51.2037,37.1181,48.1907,34.5826,45.2207,32.1701,42.3247,29.8717,39.4945,27.6797,31.1641,57.2627,28.7089,53.7869,26.396,50.2018,24.2133,46.621,22.1503,43.0445,19.5339,72.1226,17.8264,69.5531,16.2385,66.7336,14.758,63.3614,13.3744,59.7235,12.9008,81.2808,11.7179,79.476,10.6202,77.4886,9.5988,75.2893,8.6461,72.7418,8.5774,87.2507,7.7186,85.974,6.9184,84.5775,6.1857,83.0436,5.6163,81.3508,5.7681,91.1063,5.2479,90.1054,4.7629,89.0249,4.3097,87.8549,3.8853,86.5838,4.1279,93.3765,3.6643,92.4305,3.2302,91.4176,2.8229,90.3303,2.44,89.1603
2026-05-04,78568.58,82850.0,78202.0,82210.07,113527.76932,78.9013,15.0858,77.1442,13.7935,75.2644,12.5719,73.2484,11.4438,71.0809,10.6629,62.7025,29.3263,60.5079,27.5134,58.1746,25.7648,55.7557,24.0771,53.2775,22.4472,52.3359,35.038,49.3234,32.0776,46.371,29.4852,43.4767,27.0161,40.6391,24.6616,34.9224,53.1886,32.3298,49.7681,29.8663,46.1348,27.5225,42.4225,25.29,38.6848,23.5517,67.2571,21.6158,64.5131,19.7982,61.5472,18.0883,58.3316,16.4768,54.8109,16.3797,76.6756,14.9244,74.5907,13.5605,72.3313,12.2938,69.8746,11.218,67.1935,11.5789,83.1609,10.6005,81.5406,9.6868,79.7988,8.8316,77.9213,8.0294,75.8914,8.4048,87.5981,7.614,86.2374,6.8708,84.7901,6.171,83.2477,5.5109,81.6005
2026-05-11,82210.07,82380.0,76735.16,77457.67,97802.77673,95.855,1.426,94.9735,0.8951,93.9807,0.4086,91.8817,0.0,89.4237,0.0,74.8617,18.517,72.8569,17.1405,70.5303,15.8537,67.8323,14.6481,64.7416,13.5163,57.0711,32.5305,54.2928,30.2018,51.4452,27.9549,48.5255,25.7853,45.5843,23.6893,46.2142,39.5867,42.8703,35.8157,39.603,31.9495,36.4099,28.4712,33.2965,25.2041,31.0106,56.423,28.2621,52.8189,25.6477,48.9962,23.1579,44.9343,20.8666,40.6601,20.8549,69.3828,18.7699,66.5114,16.8029,63.4298,14.9605,60.114,13.5364,56.5363,14.4288,78.0745,12.9809,75.8084,11.627,73.3825,10.4102,70.7795,9.4227,67.9792,10.21,84.1187,9.0665,82.2641,7.991,80.2976,7.1366,78.2087,6.3505,75.9856
2026-05-18,77457.67,78200.0,74289.6,77064.96,87142.14908,100.0,0.0,99.2886,0.0,98.198,0.0,95.8502,0.0,93.106,0.0,92.9561,3.8668,91.883,3.2687,89.4788,2.7269,86.232,2.2338,82.1162,1.7832,69.3328,21.8067,66.6728,20.1141,63.6201,18.5418,60.3527,17.0774,56.8592,15.7101,50.8834,36.2198,47.5166,33.1311,44.1281,30.0938,40.7987,27.1067,37.5145,24.1686,40.1628,44.2286,36.5263,40.0371,33.0278,35.7194,29.8146,31.2697,26.8367,26.8221,26.638,60.1055,23.7167,56.3335,21.0841,52.3469,18.7119,48.1272,16.8434,43.6531,17.6795,72.0476,15.6615,69.0205,13.965,65.8087,12.4479,62.3948,11.2123,58.7589,12.1249,80.0519,10.6805,77.5784,9.3746,74.9688,8.3344,72.2117,7.3847,69.294
2026-05-25,77064.96,78080.0,72512.49,73674.39,95966.20092,87.6273,7.9588,85.7515,7.0898,83.5341,6.2916,80.5016,5.556,77.2365,4.8759,88.3609,6.832,86.7787,5.906,84.0377,5.0612,80.5883,4.2874,76.4528,3.576,79.0371,12.1545,76.325,10.5903,73.0124,9.1479,69.3809,7.8134,65.3337,6.5752,57.665,29.8586,54.2817,26.9794,50.7758,24.1874,47.2281,21.4787,43.6828,18.8497,41.7221,43.5862,38.1847,39.7715,34.7371,35.8975,31.5273,31.9628,28.5191,27.9659,32.1528,52.1045,28.6608,47.6557,25.4801,42.9688,22.5966,38.0241,20.2809,32.7996,21.2182,66.1974,18.7436,62.4733,16.6523,58.5081,14.7888,54.2776,13.2648,49.7543,14.1184,76.4859,12.3922,73.5075,10.8389,70.3499,9.5986,66.9965,8.4736,63.4285
2026-06-01,73674.39,74092.0,59130.91,63332.01,231929.75118,54.8766,35.6252,52.1859,33.5083,49.4115,31.4813,46.6149,29.5386,43.8414,27.6751,59.4258,31.4865,56.8248,29.4948,54.02,27.5991,51.107,25.7925,48.1562,24.069,58.4472,31.3958,55.5686,29.254,52.5126,27.2282,49.3716,25.309,46.2174,23.4885,51.5072,37.2478,48.464,34.6476,45.3499,32.1244,42.2388,29.6746,39.1241,27.2953,38.7107,48.8014,35.6201,45.6476,32.5826,42.481,29.7481,39.3015,27.0703,36.109,28.5918,58.7061,25.6654,55.2556,22.9855,51.6835,20.536,47.9833,18.5814,44.1479,21.9883,65.4559,19.4772,61.8072,17.3436,57.9549,15.4341,53.8816,13.8664,49.5677,15.0103,75.0842,13.1785,71.9693,11.5287,68.6769,10.2078,65.1914,9.0098,61.4953
2026-06-08,63332.01,65800.0,60755.0,65746.45,117630.09655,34.6659,53.6403,31.8207,50.7959,29.0635,47.9821,26.6444,45.1984,24.3746,42.4443,46.0568,43.399,43.2611,40.9118,40.496,38.4801,37.798,36.1022,35.2744,33.7762,48.931,40.6074,46.1061,38.1831,43.2526,35.8287,40.3992,33.5412,37.6528,31.3177,46.387,42.4879,43.4423,39.8593,40.4847,37.2877,37.5858,34.7714,34.7042,32.3086,39.4658,48.5633,36.4483,45.5951,33.4605,42.6367,30.6512,39.6879,27.9793,36.7487,29.2169,58.5247,26.332,55.2668,23.6708,51.9257,21.2214,48.4981,19.2567,44.9806,21.3788,67.0659,19.0227,63.784,17.013,60.3573,15.2019,56.7761,13.7105,53.0296,16.3117,73.0094,14.3215,69.6844,12.5274,66.1817,11.0861,62.4867,9.7798,58.5829
2026-06-15,65746.45,67292.15,62272.07,63311.99,100650.3003,19.2421,70.5092,17.1163,67.7543,15.1825,64.9152,13.7462,61.9881,12.4781,58.9687,29.2755,59.6631,26.5596,56.8472,24.1137,54.0107,21.8939,51.1533,20.0317,48.2748,38.1807,51.1963,35.4892,48.5757,32.92,45.969,30.4455,43.376,28.1945,40.7967,39.5141,49.7796,36.7675,47.171,34.0722,44.5887,31.4925,42.0324,28.9529,39.5017,36.035,52.951,33.2649,50.214,30.5307,47.4835,27.9826,44.7596,25.5653,42.0422,29.474,58.752,26.6537,55.6787,24.0374,52.5507,21.6159,49.3666,19.667,46.1247,21.5935,67.1964,19.2724,64.0666,17.2844,60.8242,15.4842,57.4633,13.9972,53.9772,15.8076,74.2851,13.933,71.2464,12.2323,68.0745,10.8632,64.7606,9.6145,61.2947
2026-06-22,63312.0,65622.83,58115.01,59577.01,142608.31815,1.5639,92.8416,0.7329,91.1827,0.0938,89.3957,0.0,87.4649,0.0,85.3723,16.2484,74.7362,14.193,72.2604,12.5229,69.6852,11.1286,67.0045,10.1262,64.2115,23.8363,66.3006,21.4938,63.7037,19.4171,61.0509,17.5096,58.3406,15.9236,55.5706,30.6391,59.5166,28.2415,56.99,25.9695,54.4364,23.8754,51.8554,21.8505,49.2464,30.6446,59.3598,28.1792,56.827,25.7717,54.2803,23.5682,51.7197,21.4973,49.145,26.7051,62.9416,24.199,60.2678,21.8794,57.5584,19.7315,54.8128,18.0213,52.0301,21.2379,68.1623,19.0147,65.2477,17.1056,62.2501,15.3685,59.1658,13.9309,55.991,15.6024,74.9287,13.7905,72.0575,12.1389,69.0803,10.807,65.9912,9.5869,62.7838
2026-06-29,59577.01,63461.99,57800.19,62849.99,115627.9135,0.1307,97.5654,0.0,96.8318,0.0,96.0133,0.0,95.0941,0.0,94.0546,2.3553,91.8225,1.1385,90.0697,0.4183,88.1676,0.0,86.0963,0.0,83.8322,15.0016,76.3985,13.09,73.9737,11.5262,71.4215,10.1652,68.7318,9.1636,65.8931,21.0742,69.4804,18.8988,66.9137,16.9262,64.2562,15.2039,61.5029,13.5747,58.6487,26.4187,64.0388,24.1632,61.5139,22.0033,58.9294,20.0823,56.2831,18.3133,53.5728,25.1455,64.9516,22.7615,62.3799,20.5649,59.7679,18.5374,57.1148,16.9349,54.4195,20.9852,68.8008,18.8259,66.0186,16.9691,63.1698,15.2745,60.2517,13.8705,57.262,16.3489,73.876,14.4627,70.9401,12.7401,67.9078,11.347,64.7742,10.0696,61.5342
