close_date,open,high,low,close,volume,bull_7_0.10,bear_7_0.10,bull_7_0.15,bear_7_0.15,bull_7_0.20,bear_7_0.20,bull_7_0.25,bear_7_0.25,bull_7_0.30,bear_7_0.30,bull_8_0.10,bear_8_0.10,bull_8_0.15,bear_8_0.15,bull_8_0.20,bear_8_0.20,bull_8_0.25,bear_8_0.25,bull_8_0.30,bear_8_0.30,bull_9_0.10,bear_9_0.10,bull_9_0.15,bear_9_0.15,bull_9_0.20,bear_9_0.20,bull_9_0.25,bear_9_0.25,bull_9_0.30,bear_9_0.30,bull_10_0.10,bear_10_0.10,bull_10_0.15,bear_10_0.15,bull_10_0.20,bear_10_0.20,bull_10_0.25,bear_10_0.25,bull_10_0.30,bear_10_0.30,bull_11_0.10,bear_11_0.10,bull_11_0.15,bear_11_0.15,bull_11_0.20,bear_11_0.20,bull_11_0.25,bear_11_0.25,bull_11_0.30,bear_11_0.30,bull_12_0.10,bear_12_0.10,bull_12_0.15,bear_12_0.15,bull_12_0.20,bear_12_0.20,bull_12_0.25,bear_12_0.25,bull_12_0.30,bear_12_0.30,bull_13_0.10,bear_13_0.10,bull_13_0.15,bear_13_0.15,bull_13_0.20,bear_13_0.20,bull_13_0.25,bear_13_0.25,bull_13_0.30,bear_13_0.30,bull_14_0.10,bear_14_0.10,bull_14_0.15,bear_14_0.15,bull_14_0.20,bear_14_0.20,bull_14_0.25,bear_14_0.25,bull_14_0.30,bear_14_0.30,nw_upper,nw_lower
2017-08-14,301.13,312.18,278.0,299.1,21224.89324,,,,,,,,,,,,,,,,,,,,,,,,,,,,,,,,,,,,,,,,,,,,,,,,,,,,,,,,,,,,,,,,,,,,,,,,,,,,,,,,,968.819,-298.1707
2017-08-21,299.1,348.13,144.21,348.13,45233.88589,,,,,,,,,,,,,,,,,,,,,,,,,,,,,,,,,,,,,,,,,,,,,,,,,,,,,,,,,,,,,,,,,,,,,,,,,,,,,,,,,974.626,-292.3638
2017-08-28,348.11,394.39,320.08,341.77,33886.41427,,,,,,,,,,,,,,,,,,,,,,,,,,,,,,,,,,,,,,,,,,,,,,,,,,,,,,,,,,,,,,,,,,,,,,,,,,,,,,,,,981.5706,-285.4191
2017-09-04,339.29,344.55,235.55,293.5,35485.23332,,,,,,,,,,,,,,,,,,,,,,,,,,,,,,,,,,,,,,,,,,,,,,,,,,,,,,,,,,,,,,,,,,,,,,,,,,,,,,,,,989.8054,-277.1844
2017-09-11,293.51,316.46,192.0,257.55,58259.63439,,,,,,,,,,,,,,,,,,,,,,,,,,,,,,,,,,,,,,,,,,,,,,,,,,,,,,,,,,,,,,,,,,,,,,,,,,,,,,,,,999.4836,-267.5062
2017-09-18,257.53,306.22,252.1,282.0,18833.39464,,,,,,,,,,,,,,,,,,,,,,,,,,,,,,,,,,,,,,,,,,,,,,,,,,,,,,,,,,,,,,,,,,,,,,,,,,,,,,,,,1010.7523,-256.2374
2017-09-25,282.0,313.0,274.0,303.95,42726.28598,,,,,,,,,,,,,,,,,,,,,,,,,,,,,,,,,,,,,,,,,,,,,,,,,,,,,,,,,,,,,,,,,,,,,,,,,,,,,,,,,1023.743,-243.2468
2017-10-02,303.94,318.5,283.18,311.07,25352.7189,,,,,,,,,,,,,,,,,,,,,,,,,,,,,,,,,,,,,,,,,,,,,,,,,,,,,,,,,,,,,,,,,,,,,,,,,,,,,,,,,1038.5599,-228.4299
2017-10-09,311.13,353.96,286.65,337.96,58855.77319,,,,,,,,,,,,,,,,,,,,,,,,,,,,,,,,,,,,,,,,,,,,,,,,,,,,,,,,,,,,,,,,,,,,,,,,,,,,,,,,,1055.2672,-211.7225
2017-10-16,337.5,354.0,284.68,293.79,62901.0251,,,,,,,,,,,,,,,,,,,,,,,,,,,,,,,,,,,,,,,,,,,,,,,,,,,,,,,,,,,,,,,,,,,,,,,,,,,,,,,,,1073.8751,-193.1147
2017-10-23,293.78,310.0,272.2,305.0,62381.73012,,,,,,,,,,,,,,,,,,,,,,,,,,,,,,,,,,,,,,,,,,,,,,,,,,,,,,,,,,,,,,,,,,,,,,,,,,,,,,,,,1094.3255,-172.6642
2017-10-30,305.0,316.0,274.73,295.53,62514.42916,,,,,,,,,,,,,,,,,,,,,,,,,,,,,,,,,,,,,,,,,,,,,,,,,,,,,,,,,,,,,,,,,,,,,,,,,,,,,,,,,1116.4802,-150.5096
2017-11-06,295.19,329.0,281.01,305.24,91617.71857,,,,,,,,,,,,,,,,,,,,,,,,,,,,,,,,,,,,,,,,,,,,,,,,,,,,,,,,,,,,,,,,,,,,,,,,,,,,,,,,,1140.1114,-126.8784
2017-11-13,304.0,373.56,303.7,354.15,114805.04703,63.3842,21.2241,59.2403,18.1876,55.041,15.6227,50.8857,13.2387,46.9693,11.0172,,,,,,,,,,,,,,,,,,,,,,,,,,,,,,,,,,,,,,,,,,,,,,,,,,,,,,,,,,,,,,,,,,,,,,,1164.8977,-102.0921
2017-11-20,355.15,484.47,350.02,462.84,161563.3564,82.4569,10.1241,80.3518,8.7537,78.2157,7.6176,76.0476,6.5346,73.8469,5.5012,,,,,,,,,,,,,,,,,,,,,,,,,,,,,,,,,,,,,,,,,,,,,,,,,,,,,,,,,,,,,,,,,,,,,,,1190.4263,-76.5635
2017-11-27,462.84,515.0,385.0,460.3,227584.5006,86.1311,7.8166,84.3532,6.7358,82.5222,5.8484,80.6356,5.0063,78.6908,4.206,88.0526,6.1759,86.3477,5.2077,84.5904,4.3279,82.7784,3.4906,80.9092,2.6929,,,,,,,,,,,,,,,,,,,,,,,,,,,,,,,,,,,,,,,,,,,,,,,,,,,,,,,,,,,,,1216.2027,-50.787
2017-12-04,460.3,488.0,375.01,427.35,246454.47236,93.4345,2.728,92.1491,2.2132,90.7759,1.8717,89.3054,1.5549,87.727,1.2603,88.541,5.7906,86.8214,4.8605,85.0259,4.022,83.1491,3.2307,81.1856,2.4828,,,,,,,,,,,,,,,,,,,,,,,,,,,,,,,,,,,,,,,,,,,,,,,,,,,,,,,,,,,,,1241.6685,-25.3212
2017-12-11,427.35,747.6,427.35,707.64,305806.30833,97.5237,1.3913,97.1124,1.2026,96.6717,1.0252,96.1983,0.8581,95.6884,0.7005,96.7137,1.2423,96.0369,0.998,95.3214,0.7914,94.5636,0.5964,93.7598,0.4121,95.0316,2.363,94.0633,1.9154,93.0524,1.4903,91.9961,1.086,90.8912,0.701,,,,,,,,,,,,,,,,,,,,,,,,,,,,,,,,,,,,,,,,,,,,,,,,,,,1266.2261,-0.7637
2017-12-18,707.62,864.9,504.99,658.0,594909.64588,99.8374,0.0,99.7107,0.0,99.5731,0.0,99.423,0.0,99.2586,0.0,98.0941,0.9386,97.7341,0.7687,97.3477,0.6089,96.9321,0.4584,96.4838,0.3164,98.1047,0.7308,97.5647,0.5832,96.9913,0.4443,96.3814,0.3134,95.7314,0.1898,,,,,,,,,,,,,,,,,,,,,,,,,,,,,,,,,,,,,,,,,,,,,,,,,,,1289.2691,22.2794
2017-12-25,659.4,766.05,599.99,733.98,479152.58214,100.0,0.0,100.0,0.0,100.0,0.0,100.0,0.0,100.0,0.0,99.8628,0.0,99.759,0.0,99.6465,0.0,99.5243,0.0,99.391,0.0,98.8089,0.5772,98.5256,0.4605,98.2217,0.3508,97.8951,0.2474,97.5431,0.1498,98.1815,0.6319,97.7383,0.5047,97.267,0.3849,96.7646,0.2719,96.228,0.1651,,,,,,,,,,,,,,,,,,,,,,,,,,,,,,,,,,,,,,,,,1310.2167,43.227
2018-01-01,733.01,1125.0,716.8,1123.09,593710.08794,100.0,0.0,100.0,0.0,100.0,0.0,100.0,0.0,100.0,0.0,100.0,0.0,100.0,0.0,100.0,0.0,100.0,0.0,100.0,0.0,99.9567,0.0,99.8744,0.0,99.7863,0.0,99.6919,0.0,99.5905,0.0,99.0878,0.4246,98.9009,0.3402,98.7022,0.2602,98.4905,0.1843,98.2646,0.1123,,,,,,,,,,,,,,,,,,,,,,,,,,,,,,,,,,,,,,,,,1328.5475,61.5577
2018-01-08,1123.09,1440.0,910.0,1347.0,900313.84206,100.0,0.0,100.0,0.0,100.0,0.0,100.0,0.0,100.0,0.0,100.0,0.0,100.0,0.0,100.0,0.0,100.0,0.0,100.0,0.0,100.0,0.0,100.0,0.0,100.0,0.0,100.0,0.0,100.0,0.0,99.9286,0.0,99.8742,0.0,99.8164,0.0,99.7547,0.0,99.6887,0.0,99.3227,0.2951,99.1812,0.2319,99.0313,0.1718,98.8723,0.1147,98.7034,0.0602,,,,,,,,,,,,,,,,,,,,,,,,,,,,,,,1343.8308,76.8411
2018-01-15,1347.99,1383.13,755.0,1049.0,1610343.15922,100.0,0.0,100.0,0.0,100.0,0.0,100.0,0.0,100.0,0.0,100.0,0.0,100.0,0.0,100.0,0.0,100.0,0.0,100.0,0.0,100.0,0.0,100.0,0.0,100.0,0.0,100.0,0.0,100.0,0.0,100.0,0.0,100.0,0.0,100.0,0.0,100.0,0.0,100.0,0.0,99.9152,0.0,99.861,0.0,99.8029,0.0,99.7406,0.0,99.6735,0.0,,,,,,,,,,,,,,,,,,,,,,,,,,,,,,,1355.7524,88.7627
2018-01-22,1049.0,1277.0,908.0,1251.96,984564.6015,100.0,0.0,100.0,0.0,100.0,0.0,100.0,0.0,100.0,0.0,100.0,0.0,100.0,0.0,100.0,0.0,100.0,0.0,100.0,0.0,100.0,0.0,100.0,0.0,100.0,0.0,100.0,0.0,100.0,0.0,100.0,0.0,100.0,0.0,100.0,0.0,100.0,0.0,100.0,0.0,100.0,0.0,100.0,0.0,100.0,0.0,100.0,0.0,100.0,0.0,99.8926,0.0,99.8419,0.0,99.7875,0.0,99.7291,0.0,99.6662,0.0,,,,,,,,,,,,,,,,,,,,,1364.1311,97.1414
2018-01-29,1251.96,1258.89,783.67,823.56,1288157.7921,90.2762,5.8404,89.1283,5.0149,87.8933,4.2373,86.5612,3.5037,85.1199,2.8104,93.3874,3.6245,92.5108,2.9847,91.5712,2.3806,90.5616,1.8093,89.4739,1.2682,94.9276,2.1472,94.0751,1.517,93.1641,0.9207,92.1885,0.3556,91.141,0.0,96.3438,0.9999,95.5753,0.4237,94.757,0.0,93.8837,0.0,92.9497,0.0,97.5305,0.0982,96.8497,0.0,96.1272,0.0,95.3591,0.0,94.5409,0.0,98.4021,0.0,97.7568,0.0,97.0737,0.0,96.3495,0.0,95.5804,0.0,,,,,,,,,,,,,,,,,,,,,1368.9259,101.9362
2018-02-05,821.6,911.2,570.1,808.99,1880969.80396,82.1311,11.0265,80.2104,9.499,78.1931,8.0355,76.0715,6.632,73.8374,5.2851,86.6446,7.383,84.9533,6.0608,83.1697,4.7979,81.2861,3.5903,79.2938,2.4344,90.5518,4.3083,89.1062,3.163,87.5865,2.0665,85.9868,1.0156,84.3007,0.1918,92.73,2.2236,91.3165,1.0947,89.8332,0.1396,88.2749,0.0,86.6356,0.0,94.7971,0.5088,93.4867,0.0,92.1137,0.0,90.6735,0.0,89.1611,0.0,96.5414,0.0,95.327,0.0,94.0575,0.0,92.7292,0.0,91.3378,0.0,97.9112,0.0,96.7319,0.0,95.5017,0.0,94.2173,0.0,92.8751,0.0,,,,,,,,,,,1370.2321,103.2424
2018-02-12,808.58,978.5,807.46,911.0,945634.50225,78.9691,12.1475,76.4028,10.4252,73.7588,8.7871,71.0337,7.2274,68.2237,5.7405,84.8193,7.9369,82.514,6.4936,80.1243,5.124,77.6456,3.8226,75.0727,2.5844,89.2533,4.7605,87.1214,3.4795,84.9071,2.2637,82.6058,1.1081,80.212,0.2083,92.6256,2.2249,91.1576,1.092,89.2502,0.1389,87.2233,0.0,85.1184,0.0,94.651,0.5143,93.272,0.0,91.7719,0.0,89.7752,0.0,87.7041,0.0,96.4368,0.0,95.1616,0.0,93.8149,0.0,92.3136,0.0,90.3436,0.0,97.9224,0.0,96.735,0.0,95.4851,0.0,94.1677,0.0,92.6809,0.0,,,,,,,,,,,1368.268,101.2783
2018-02-19,911.0,961.0,785.99,841.19,817168.83052,66.7456,19.2271,63.05,16.1758,59.352,13.2219,55.6516,10.3608,51.9488,7.8702,79.7341,10.4157,76.8435,8.3119,73.9051,6.2873,70.9177,4.3374,67.8801,2.8808,85.5295,6.0906,82.8254,4.2261,80.064,2.4735,77.2437,1.2063,74.3623,0.226,89.5821,2.7689,87.454,1.2228,84.8851,0.1547,82.2076,0.0,79.4646,0.0,93.1319,0.5251,91.3038,0.0,89.3534,0.0,86.9392,0.0,84.4657,0.0,95.3092,0.0,93.5178,0.0,91.6468,0.0,89.6177,0.0,87.146,0.0,97.3038,0.0,95.5929,0.0,93.8094,0.0,91.9485,0.0,89.9135,0.0,99.0946,0.0,97.4887,0.0,95.8186,0.0,94.0803,0.0,92.2697,0.0,1363.3523,96.3625
2018-02-26,841.46,897.49,833.0,866.66,339146.17952,43.8399,34.2551,39.0202,28.5348,34.4729,23.2694,30.1756,18.2262,26.1082,13.7695,70.5693,14.1927,66.4896,11.2641,62.4611,8.4757,58.4829,5.8177,54.5541,3.8339,82.5336,6.7687,79.2209,4.6827,75.9,2.7327,72.5709,1.3278,69.2334,0.2478,87.7296,2.999,85.0253,1.3202,81.9049,0.1665,78.7138,0.0,75.4971,0.0,91.791,0.5812,89.3198,0.0,86.7211,0.0,83.6579,0.0,80.5596,0.0,95.1645,0.0,92.9562,0.0,90.6727,0.0,88.2396,0.0,85.391,0.0,97.2106,0.0,95.267,0.0,92.991,0.0,90.6404,0.0,88.1224,0.0,99.0607,0.0,97.383,0.0,95.3849,0.0,93.1332,0.0,90.8101,0.0,1355.8755,88.8858
2018-03-05,866.61,871.75,640.0,720.85,518077.34039,28.5568,54.3731,25.4754,48.7741,22.7092,42.8418,20.2122,36.6912,17.9469,30.5909,43.8599,34.7963,39.1861,29.5477,34.8121,24.4071,30.7099,19.3713,26.855,15.1063,68.7796,15.7902,64.6001,12.4179,60.5331,9.1887,56.5742,6.5849,52.7192,4.401,80.1536,8.1706,76.9524,5.8224,73.4636,4.0004,69.976,3.2018,66.5246,2.6288,85.5102,4.6128,82.5487,3.4388,79.4961,2.8836,76.0978,2.3795,72.7141,1.9197,89.6445,3.1415,86.8542,2.6293,84.002,2.1631,81.0264,1.737,77.7201,1.3461,93.0218,2.389,90.6982,1.9756,88.0877,1.5963,85.4216,1.247,82.6251,0.9243,95.2555,1.8517,93.1112,1.4489,90.6745,1.0779,88.0177,0.7351,85.3067,0.4173,1346.269,79.2792
2018-03-12,721.0,740.5,450.0,537.0,689358.91685,0.0,97.6233,0.0,95.6327,0.0,92.1602,0.0,88.0893,0.0,82.8517,25.1689,59.721,22.4845,54.8211,20.0623,49.7358,17.8657,44.4543,15.8646,39.1924,39.5425,41.6285,35.5307,36.6824,31.8035,31.7299,28.3317,27.1454,25.0898,22.9304,62.4123,22.52,58.6287,19.0737,54.8376,16.0758,51.1747,14.047,47.6448,12.3319,73.9371,14.2795,70.6969,12.3538,67.4327,10.9943,64.0211,9.7433,60.6808,8.5883,79.3327,11.2927,76.2445,10.0725,73.1356,8.9482,69.9693,7.909,66.6381,6.9455,83.4524,9.4446,80.6651,8.4074,77.67,7.4484,74.6492,6.559,71.5552,5.7318,87.3088,7.6856,84.8683,6.7958,82.2097,5.9677,79.3994,5.195,76.5631,4.4724,1334.9717,67.982
2018-03-19,537.39,590.52,506.71,523.74,814381.08669,0.0,97.8558,0.0,96.1236,0.0,93.1487,0.0,89.7644,0.0,85.4939,0.0,96.2128,0.0,93.0967,0.0,89.6192,0.0,85.7138,0.0,80.4076,23.743,61.3376,21.2379,56.6529,18.9898,51.6876,16.9612,46.5046,15.1214,41.3115,37.7008,44.4577,33.777,39.6544,30.311,35.0123,27.1339,31.0594,24.1888,27.5249,58.775,26.3845,55.0621,23.3819,51.4278,20.9234,47.9031,18.6436,44.5364,16.5235,69.9535,18.7935,66.6462,16.9197,63.3692,15.1719,60.1043,13.5379,56.8193,12.0068,75.1214,15.8018,72.0572,14.2155,68.874,12.7332,65.7067,11.3451,62.5287,10.0423,79.3105,13.4541,76.4677,12.0501,73.4704,10.7343,70.3835,9.4985,67.3038,8.3357,1322.4016,55.4118
2018-03-26,523.95,527.67,356.9,378.58,1215092.80189,0.0,98.239,0.0,96.8593,0.0,94.5081,0.0,91.8847,0.0,88.5952,0.0,96.9197,0.0,94.4634,0.0,91.8018,0.0,88.908,0.0,84.9719,0.0,94.8118,0.0,92.2279,0.0,89.2357,0.0,85.0414,0.0,80.1075,21.8144,64.7938,19.2214,60.5375,17.2226,55.9345,15.4641,51.1668,13.8703,46.6081,34.3942,49.3361,30.8842,45.0294,27.5916,40.9972,24.7926,37.2043,22.2054,33.63,53.6975,32.5727,50.2011,29.7244,46.8118,27.0344,43.5363,24.49,40.4571,22.0796,64.4701,24.7835,61.3076,22.6339,58.1325,20.5981,55.0179,18.6673,51.9581,16.8335,69.5979,21.3298,66.5984,19.4379,63.533,17.6442,60.455,15.9412,57.4213,14.3223,1308.9302,41.9405
2018-04-02,378.58,419.08,362.54,400.4,715369.80224,0.0,100.0,0.0,100.0,0.0,99.2007,0.0,98.204,0.0,96.5557,0.0,97.2301,0.0,95.0509,0.0,92.7187,0.0,90.2166,0.0,86.8083,0.0,95.4568,0.0,93.2741,0.0,90.8038,0.0,87.3576,0.0,83.6964,0.8608,93.3703,0.082,90.6135,0.0,86.7862,0.0,81.26,0.0,75.5491,21.0719,65.5572,18.5812,61.1073,16.3323,56.507,14.6766,52.0436,13.1818,47.7109,32.9397,51.1874,29.6214,47.1033,26.5054,43.1881,23.6273,39.4313,21.2149,35.8236,50.9241,35.803,47.5208,32.8547,44.2465,30.0307,41.0988,27.3234,38.0948,24.7257,61.3288,28.0144,58.2016,25.673,55.0896,23.4277,52.0352,21.2727,49.063,19.2027,1294.8652,27.8754
2018-04-09,400.4,535.0,387.1,533.88,1051295.44518,0.0,100.0,0.0,100.0,0.0,98.5325,0.0,96.5264,0.0,94.3934,0.0,99.9252,0.0,98.8936,0.0,97.7423,0.0,96.4492,0.0,93.21,0.0,95.4078,0.0,93.2135,0.0,90.7387,0.0,87.2962,0.0,83.6557,0.8581,93.5271,0.082,90.8953,0.0,87.5111,0.0,83.1885,0.0,78.4451,1.6199,90.5458,0.7228,85.9841,0.0,80.3987,0.0,74.7879,0.0,69.1517,22.0009,62.73,19.3825,58.0422,17.0018,53.4273,14.9006,48.8836,13.3541,44.4095,33.9558,49.4425,30.4187,45.3219,27.2376,41.3223,24.2757,37.4383,21.5788,33.665,51.2133,35.2706,47.6898,32.1691,44.3046,29.1659,41.0883,26.2564,38.0208,23.4363,1280.4396,13.4498
2018-04-16,533.88,643.49,497.31,620.92,852000.58094,3.0619,94.0756,2.4767,93.1931,1.9325,91.7074,1.4253,89.8575,0.9515,87.8898,1.4313,95.2179,0.7832,93.288,0.1875,91.2165,0.0,88.9873,0.0,85.9422,0.3476,95.8259,0.0,93.9085,0.0,91.7211,0.0,88.5413,0.0,85.1549,0.9068,90.9926,0.0867,87.6557,0.0,83.7078,0.0,79.6053,0.0,75.3392,1.6736,88.9785,0.7482,84.7406,0.0,79.6733,0.0,74.5264,0.0,69.2979,2.5526,84.2341,1.5324,78.249,0.6507,72.3103,0.0,66.4175,0.0,60.57,23.9897,58.3208,20.9,53.4617,18.3138,48.745,15.9831,44.1643,13.9625,39.7141,36.2289,46.0686,32.3627,41.8784,28.8652,37.8474,25.7249,33.9667,22.8251,30.228,1265.8096,-1.1802
2018-04-23,620.67,712.99,593.83,690.85,1104058.97603,10.4942,83.6399,9.2261,81.9366,8.0249,79.7556,6.8853,77.3131,5.8027,74.7958,6.8057,87.426,5.5782,85.7229,4.4215,83.8918,3.669,81.9177,3.1316,79.3029,4.6788,88.4618,3.6234,85.8821,2.9542,83.1464,2.3443,80.2403,1.7863,77.1473,3.5198,89.1387,2.798,86.0691,2.1522,82.411,1.571,78.5892,1.0451,74.5924,4.6259,83.4635,2.9861,79.1392,1.5693,74.7119,0.9703,70.1776,0.4382,65.5326,5.0381,80.8993,3.3595,75.5928,1.8679,70.2654,0.6563,64.9171,0.1709,59.5477,6.1327,74.9187,3.9227,68.8225,2.3774,62.8799,1.0267,57.0854,0.0,51.4335,27.4555,52.8171,23.5963,48.0047,20.2295,43.3767,17.5256,38.9227,15.204,34.6331,1251.0587,-15.931
2018-04-30,690.85,839.99,627.58,794.3,1036650.04606,25.5332,64.427,23.2407,61.6743,21.0263,58.7016,18.886,55.6521,16.8163,52.5996,17.2515,74.3837,15.3603,72.0665,13.5402,69.647,12.0768,67.1182,10.8314,64.2611,13.2279,78.4504,11.5859,76.0769,10.2793,73.5658,9.0585,70.9048,7.9154,68.0801,11.56,78.7922,10.081,75.698,8.7208,72.4692,7.4655,69.097,6.3035,65.5716,10.4398,78.8331,8.9084,74.9834,7.5202,71.0167,6.256,66.9276,5.0999,62.7104,12.1388,72.9367,9.7484,68.4321,7.5575,63.8724,5.6524,59.2567,4.4587,54.5839,12.7669,69.6665,9.932,64.3995,7.6966,59.2014,5.6818,54.0707,4.0081,49.0061,13.8154,64.018,10.3742,58.2715,7.6039,52.7291,5.7204,47.3801,4.2314,42.2144,1236.2084,-30.7813
2018-05-07,794.3,799.14,633.2,729.08,1153492.95325,36.173,50.5075,32.8802,47.1401,29.6021,43.8432,26.3385,40.6847,23.0894,37.6383,25.2963,63.1497,22.5172,60.1465,19.7799,57.0953,17.3949,53.9949,15.2501,50.8306,17.7225,72.0668,15.5287,69.3221,13.6605,66.4935,11.8842,63.5771,10.193,60.5688,14.4341,75.6038,12.5694,72.7374,10.8173,69.7377,9.1679,66.5953,7.6124,63.2998,13.2178,75.0613,11.2281,71.5185,9.3845,67.8553,7.6715,64.0655,6.0757,60.1424,12.3294,73.9881,10.2606,69.7197,8.377,65.3613,6.6549,60.9099,5.0744,56.3627,15.2043,67.5338,11.9508,62.7265,9.2482,57.9367,6.7524,53.1643,4.5972,48.4092,15.9601,63.6008,12.1904,58.2078,9.0119,52.9503,6.6851,47.8232,4.7616,42.8216,1221.2321,-45.7576
2018-05-14,729.08,743.9,656.0,716.16,817659.25411,56.7718,27.367,52.2728,23.8612,47.5249,21.0171,42.5068,18.6453,37.3937,16.4805,33.6479,51.5673,29.8122,48.0046,25.9182,44.4929,22.3038,41.0313,19.4083,37.8313,23.8294,62.7579,20.7043,59.3679,17.901,55.9631,15.1904,52.5432,12.8018,49.1082,17.4073,70.8268,15.0084,67.6393,12.715,64.3822,10.5205,61.0534,8.4935,57.6503,14.7172,73.8725,12.412,70.554,10.2313,67.106,8.1653,63.5208,6.2578,59.79,13.8511,72.4709,11.4069,68.5216,9.1306,64.4612,7.0055,60.2851,5.2725,55.9882,13.5934,70.1132,10.6915,65.4083,8.3535,60.6791,6.2125,55.9257,4.5879,51.1477,17.2746,63.22,13.1856,58.1453,9.6086,53.1495,6.9255,48.2308,4.9436,43.3874,1206.0719,-60.9179
2018-05-21,716.16,720.46,550.0,570.4,948926.78252,69.0854,16.7487,64.7435,13.837,59.9903,11.865,54.7647,10.4478,49.0129,9.1874,43.3785,39.2105,38.7061,35.1515,33.8942,31.2008,29.2714,27.3539,25.385,24.1602,27.0045,58.3209,23.5154,54.6696,20.3529,51.0253,17.2886,47.3878,14.5718,43.7572,19.8117,67.0937,17.0932,63.5973,14.4908,60.0442,11.9974,56.433,9.6892,52.7622,15.0273,73.5415,12.6951,70.2514,10.4816,66.8493,8.3779,63.3294,6.4299,59.6855,13.0224,75.8371,10.7724,72.4226,8.6589,68.8324,6.6696,65.0525,5.0394,61.0675,12.8785,73.3162,10.1849,69.1922,8.0014,64.9356,5.9807,60.5399,4.4384,55.9982,12.9056,70.0677,9.7315,65.2252,7.105,60.326,5.3561,55.369,4.2358,50.3532,1190.6551,-76.3347
2018-05-28,570.81,628.81,506.11,619.66,812736.78468,70.627,18.0578,66.9816,15.8355,62.8894,13.796,58.2629,11.9175,52.9246,10.1819,59.2708,22.1366,53.8511,18.1318,48.0592,14.3428,42.0412,10.7526,36.46,8.4257,36.8845,44.1484,32.1865,39.54,27.8186,34.9832,23.598,30.4771,19.8122,26.2951,23.4157,61.3799,20.1935,57.3772,17.1117,53.3288,14.1615,49.2362,11.4281,45.169,17.5789,69.0951,14.8394,65.2986,12.2431,61.3836,9.7791,57.3444,7.4988,53.1488,13.6652,74.7872,11.3158,71.2807,9.1044,67.6083,7.0191,63.7581,5.3066,59.6909,12.1521,76.4148,9.9053,72.7267,7.8144,68.8215,5.8638,64.6795,4.368,60.2739,12.5499,72.8739,9.5085,68.4228,6.9743,63.7964,5.2812,58.9843,4.194,53.9573,1174.9099,-92.0799
2018-06-04,619.66,625.47,501.13,524.11,594206.95569,54.3041,32.2114,50.4608,29.2446,46.3958,26.4167,42.0896,23.7183,37.7297,21.1407,54.5162,29.9283,49.8518,26.6652,44.7998,23.6056,39.5394,20.731,34.6789,18.0251,44.361,35.4144,39.029,30.7336,33.9124,26.1896,28.9163,21.7768,24.345,17.9035,29.0194,53.1179,25.0678,48.5724,21.276,44.0306,17.6347,39.5264,14.2434,35.2367,19.3719,66.3711,16.387,62.3916,13.5467,58.3213,10.8406,54.157,8.3264,49.8963,15.007,72.4048,12.431,68.6206,10.0048,64.6713,7.7156,60.5459,5.8314,56.2141,12.1084,76.7841,9.8951,73.2453,7.8252,69.5244,5.885,65.6069,4.3929,61.4722,10.8499,77.7581,8.6054,73.9948,6.5219,69.9895,4.9705,65.7182,3.9724,61.1019,1158.7782,-108.2115
2018-06-11,524.64,538.88,449.06,497.14,1100916.41379,37.1927,48.0808,33.3995,44.5068,29.5602,40.9743,25.6737,37.4826,22.1546,34.031,43.7467,41.5718,39.8496,38.1125,35.855,34.7318,31.7593,31.4272,28.0802,28.196,42.1336,40.2488,37.358,36.3008,32.7355,32.5132,28.1455,28.8763,23.8959,25.6653,34.0783,46.2638,29.5252,41.446,25.1309,36.6959,20.8872,32.0768,16.9055,27.8586,23.3069,60.0185,19.7358,55.4888,16.3309,50.8977,13.0808,46.2439,10.0526,41.6138,16.2698,70.3736,13.5008,66.4252,10.8838,62.3331,8.4066,58.0892,6.3595,53.6736,13.0809,75.0028,10.6942,71.2444,8.4603,67.3072,6.365,63.1781,4.7499,58.8388,10.7174,78.3896,8.5299,74.8485,6.4856,71.1152,4.9578,67.1734,3.9734,62.948,1142.2251,-124.7646
2018-06-18,497.15,548.2,419.53,454.41,1001118.9147,12.8865,74.2822,9.9566,70.7642,7.1265,67.1074,4.3912,63.3036,2.4188,59.3435,30.0145,56.2208,26.6796,52.6692,23.3856,49.0718,20.1318,45.4276,17.5787,41.7358,34.6078,50.6395,30.9058,46.9651,27.1982,43.2962,23.485,39.6328,20.0624,36.1343,32.2645,50.1938,28.1335,45.9886,24.0958,41.8818,20.1483,37.9099,16.4054,34.2511,26.4667,55.7516,22.5159,51.1128,18.7145,46.4826,15.0541,41.8609,11.613,37.389,18.8909,66.0277,15.7069,61.6859,12.686,57.2299,9.8161,52.6553,7.4296,47.9643,13.8412,73.7814,11.3345,69.9332,8.9807,65.9275,6.7663,61.7544,5.0538,57.3998,11.3202,77.2782,9.017,73.6064,6.8613,69.7506,5.2462,65.6965,4.2031,61.3762,1125.2446,-141.7452
2018-06-25,454.29,474.47,404.48,452.1,846302.28807,3.9331,89.8841,2.6727,87.9718,1.5021,85.8692,0.4119,83.5462,0.0,80.9663,10.9186,77.647,8.4113,74.3764,6.0242,70.9117,3.749,67.235,2.528,63.3262,25.1668,62.11,22.2386,58.65,19.402,55.0663,16.6527,51.3523,14.2974,47.5314,28.3064,57.2479,24.8094,53.5176,21.3564,49.7379,17.9466,45.9209,14.6895,42.1754,25.9434,57.397,22.171,53.1298,18.5087,48.9062,14.9518,44.7256,11.5815,40.6861,21.4592,62.0684,17.8978,57.4736,14.4984,52.8143,11.2501,48.0891,8.5278,43.3218,15.9553,69.9807,13.0763,65.7021,10.3687,61.2819,7.8177,56.7129,5.8355,51.9865,11.9838,76.1079,9.5577,72.3188,7.2813,68.3609,5.5704,64.2227,4.4624,59.8443,1107.8618,-159.128
2018-07-02,452.14,495.98,444.16,486.77,925993.61335,0.0,100.0,0.0,100.0,0.0,100.0,0.0,100.0,0.0,100.0,3.5424,90.1076,2.2836,88.0827,1.1249,85.8216,0.0549,83.2805,0.0,80.4038,9.9126,79.7594,7.7533,76.6512,5.731,73.2789,3.8331,69.6073,2.4738,65.3439,22.0928,65.3663,19.2936,61.8456,16.6119,58.1472,14.0403,54.2424,11.6831,50.1579,24.3636,61.0429,20.9093,57.1873,17.5276,53.2431,14.2164,49.2072,11.0563,45.1298,22.2428,61.6483,18.6537,57.2917,15.1907,52.9332,11.8473,48.573,9.0195,44.2324,18.6053,65.5075,15.285,60.8361,12.1476,56.0707,9.1786,51.2083,6.8538,46.2482,14.0144,72.067,11.1723,67.7096,8.5078,63.179,6.4957,58.4644,5.1853,53.535,1090.1319,-176.8578
2018-07-09,486.55,488.98,416.94,449.78,1017062.08356,0.0,100.0,0.0,100.0,0.0,100.0,0.0,100.0,0.0,100.0,0.0,100.0,0.0,100.0,0.0,100.0,0.0,100.0,0.0,100.0,3.232,91.4304,2.1981,89.6842,1.2534,87.7082,0.3867,85.4538,0.0,82.264,8.5155,82.5168,6.6823,79.7516,4.9782,76.7156,3.3898,73.2667,2.0428,69.1447,18.8629,69.303,16.2615,65.9267,13.7828,62.3543,11.4183,58.568,9.2385,54.4948,20.6155,65.3969,17.3604,61.6363,14.194,57.7607,11.1129,53.7645,8.497,49.6434,18.8711,65.8519,15.5862,61.4777,12.45,57.0733,9.4525,52.6383,7.088,48.1736,15.841,68.8492,12.6594,64.1905,9.6625,59.4011,7.3819,54.4756,5.8865,49.4115,1072.1369,-194.8528
2018-07-16,449.79,515.47,440.0,457.47,1091022.57425,0.0,100.0,0.0,100.0,0.0,100.0,0.0,100.0,0.0,100.0,0.0,100.0,0.0,100.0,0.0,100.0,0.0,100.0,0.0,100.0,0.0,100.0,0.0,100.0,0.0,100.0,0.0,100.0,0.0,98.9922,2.9325,92.4784,2.0569,90.9517,1.2604,89.2086,0.5329,87.0235,0.0,83.8363,7.2738,84.3658,5.5811,81.7609,4.0123,78.8861,2.5544,75.6972,1.2891,71.8209,16.4287,72.1304,13.9378,68.8332,11.5722,65.3282,9.3229,61.595,7.5415,57.5803,18.0147,68.6174,14.965,64.9488,12.0202,61.1339,9.1749,57.1639,6.9171,53.0272,16.331,68.7217,13.1253,64.31,10.0722,59.8423,7.7296,55.3173,6.1852,50.7298,1053.9797,-213.0101
2018-07-23,457.47,485.77,447.11,466.4,1103214.93743,0.0,100.0,0.0,100.0,0.0,100.0,0.0,100.0,0.0,100.0,0.0,100.0,0.0,100.0,0.0,100.0,0.0,100.0,0.0,100.0,0.0,100.0,0.0,100.0,0.0,100.0,0.0,100.0,0.0,98.919,0.0,100.0,0.0,100.0,0.0,100.0,0.0,99.7413,0.0,98.3575,2.6295,93.2509,1.8501,91.8672,1.143,90.2793,0.4986,88.4386,0.0,85.6815,6.2911,85.6941,4.6783,83.1799,3.1867,80.3957,1.803,77.2957,0.9332,73.7059,14.7168,74.2914,12.3575,71.0754,10.128,67.6325,8.0179,63.9379,6.4595,59.9566,15.8704,70.6568,12.8239,66.9252,9.8917,63.0289,7.63,58.9569,6.1354,54.6687,1035.7777,-231.212
2018-07-30,466.4,469.79,396.61,408.79,1322055.51631,0.0,100.0,0.0,100.0,0.0,100.0,0.0,100.0,0.0,100.0,0.0,100.0,0.0,100.0,0.0,100.0,0.0,100.0,0.0,100.0,0.0,100.0,0.0,100.0,0.0,100.0,0.0,100.0,0.0,100.0,0.0,100.0,0.0,100.0,0.0,100.0,0.0,99.7463,0.0,98.4046,0.0,100.0,0.0,100.0,0.0,100.0,0.0,100.0,0.0,99.1606,2.1411,94.0837,1.4187,92.8316,0.7611,91.4045,0.16,89.763,0.0,87.6585,5.3094,87.419,3.8445,85.1409,2.4891,82.6198,1.2314,79.8146,0.5463,76.6557,12.9405,77.0417,10.8083,74.0842,8.7991,70.9047,6.9931,67.4773,5.6632,63.6849,1017.6562,-249.3335
2018-08-06,408.77,413.28,304.45,317.89,1628951.45513,0.0,100.0,0.0,100.0,0.0,100.0,0.0,100.0,0.0,100.0,0.0,100.0,0.0,100.0,0.0,100.0,0.0,100.0,0.0,100.0,0.0,100.0,0.0,100.0,0.0,100.0,0.0,100.0,0.0,100.0,0.0,100.0,0.0,100.0,0.0,100.0,0.0,100.0,0.0,100.0,0.0,100.0,0.0,100.0,0.0,100.0,0.0,100.0,0.0,99.2577,0.0,100.0,0.0,100.0,0.0,100.0,0.0,100.0,0.0,99.7585,1.7376,95.1051,1.1226,94.0785,0.5597,92.9205,0.0425,91.6043,0.0,90.0676,4.4167,89.4032,3.1612,87.4848,1.9963,85.3715,1.0088,83.032,0.4753,80.2275,999.7416,-267.2482
2018-08-13,317.96,321.99,250.0,299.42,2482234.79159,0.0,100.0,0.0,100.0,0.0,100.0,0.0,100.0,0.0,100.0,0.0,100.0,0.0,100.0,0.0,100.0,0.0,100.0,0.0,100.0,0.0,100.0,0.0,100.0,0.0,100.0,0.0,100.0,0.0,100.0,0.0,100.0,0.0,100.0,0.0,100.0,0.0,100.0,0.0,100.0,0.0,100.0,0.0,100.0,0.0,100.0,0.0,100.0,0.0,100.0,0.0,100.0,0.0,100.0,0.0,100.0,0.0,100.0,0.0,99.7794,0.0,100.0,0.0,100.0,0.0,100.0,0.0,100.0,0.0,99.9675,1.4378,95.761,0.8859,94.8619,0.3788,93.8544,0.0,92.7177,0.0,91.1588,982.155,-284.8347
2018-08-20,299.3,304.04,259.5,274.29,1882848.41639,0.0,100.0,0.0,100.0,0.0,100.0,0.0,100.0,0.0,100.0,0.0,100.0,0.0,100.0,0.0,100.0,0.0,100.0,0.0,100.0,0.0,100.0,0.0,100.0,0.0,100.0,0.0,100.0,0.0,100.0,0.0,100.0,0.0,100.0,0.0,100.0,0.0,100.0,0.0,100.0,0.0,100.0,0.0,100.0,0.0,100.0,0.0,100.0,0.0,100.0,0.0,100.0,0.0,100.0,0.0,100.0,0.0,100.0,0.0,100.0,0.0,100.0,0.0,100.0,0.0,100.0,0.0,100.0,0.0,99.9701,0.0,100.0,0.0,100.0,0.0,100.0,0.0,100.0,0.0,99.6922,965.0081,-301.9816
2018-08-27,274.17,302.0,271.59,295.41,2011520.42595,0.0,100.0,0.0,100.0,0.0,100.0,0.0,100.0,0.0,100.0,0.0,100.0,0.0,100.0,0.0,100.0,0.0,100.0,0.0,100.0,0.0,100.0,0.0,100.0,0.0,100.0,0.0,100.0,0.0,100.0,0.0,100.0,0.0,100.0,0.0,100.0,0.0,100.0,0.0,100.0,0.0,100.0,0.0,100.0,0.0,100.0,0.0,100.0,0.0,100.0,0.0,100.0,0.0,100.0,0.0,100.0,0.0,100.0,0.0,100.0,0.0,100.0,0.0,100.0,0.0,100.0,0.0,100.0,0.0,100.0,0.0,100.0,0.0,100.0,0.0,100.0,0.0,100.0,0.0,99.7047,948.3989,-318.5908
2018-09-03,295.51,296.62,185.02,195.81,2833081.76826,0.0,100.0,0.0,100.0,0.0,100.0,0.0,100.0,0.0,100.0,0.0,100.0,0.0,100.0,0.0,100.0,0.0,100.0,0.0,100.0,0.0,100.0,0.0,100.0,0.0,100.0,0.0,100.0,0.0,100.0,0.0,100.0,0.0,100.0,0.0,100.0,0.0,100.0,0.0,100.0,0.0,100.0,0.0,100.0,0.0,100.0,0.0,100.0,0.0,100.0,0.0,100.0,0.0,100.0,0.0,100.0,0.0,100.0,0.0,100.0,0.0,100.0,0.0,100.0,0.0,100.0,0.0,100.0,0.0,100.0,0.0,100.0,0.0,100.0,0.0,100.0,0.0,100.0,0.0,100.0,932.4096,-334.5802
2018-09-10,196.13,227.42,167.32,220.17,3839317.7231,0.0,100.0,0.0,100.0,0.0,100.0,0.0,100.0,0.0,100.0,0.0,100.0,0.0,100.0,0.0,100.0,0.0,100.0,0.0,100.0,0.0,100.0,0.0,100.0,0.0,100.0,0.0,100.0,0.0,100.0,0.0,100.0,0.0,100.0,0.0,100.0,0.0,100.0,0.0,100.0,0.0,100.0,0.0,100.0,0.0,100.0,0.0,100.0,0.0,100.0,0.0,100.0,0.0,100.0,0.0,100.0,0.0,100.0,0.0,100.0,0.0,100.0,0.0,100.0,0.0,100.0,0.0,100.0,0.0,100.0,0.0,100.0,0.0,100.0,0.0,100.0,0.0,100.0,0.0,100.0,917.1056,-349.8842
2018-09-17,220.24,255.13,192.4,244.5,3979103.65229,0.0,100.0,0.0,100.0,0.0,100.0,0.0,100.0,0.0,100.0,0.0,100.0,0.0,100.0,0.0,100.0,0.0,100.0,0.0,100.0,0.0,100.0,0.0,100.0,0.0,100.0,0.0,100.0,0.0,100.0,0.0,100.0,0.0,100.0,0.0,100.0,0.0,100.0,0.0,100.0,0.0,100.0,0.0,100.0,0.0,100.0,0.0,100.0,0.0,100.0,0.0,100.0,0.0,100.0,0.0,100.0,0.0,100.0,0.0,100.0,0.0,100.0,0.0,100.0,0.0,100.0,0.0,100.0,0.0,100.0,0.0,100.0,0.0,100.0,0.0,100.0,0.0,100.0,0.0,100.0,902.5358,-364.4539
2018-09-24,244.54,246.2,203.61,232.94,3911449.60008,0.0,100.0,0.0,100.0,0.0,100.0,0.0,100.0,0.0,100.0,0.0,100.0,0.0,100.0,0.0,100.0,0.0,100.0,0.0,100.0,0.0,100.0,0.0,100.0,0.0,100.0,0.0,100.0,0.0,100.0,0.0,100.0,0.0,100.0,0.0,100.0,0.0,100.0,0.0,100.0,0.0,100.0,0.0,100.0,0.0,100.0,0.0,100.0,0.0,100.0,0.0,100.0,0.0,100.0,0.0,100.0,0.0,100.0,0.0,100.0,0.0,100.0,0.0,100.0,0.0,100.0,0.0,100.0,0.0,100.0,0.0,100.0,0.0,100.0,0.0,100.0,0.0,100.0,0.0,100.0,888.7341,-378.2556
2018-10-01,233.04,235.88,216.51,226.14,1470674.08032,0.0,100.0,0.0,100.0,0.0,100.0,0.0,100.0,0.0,100.0,0.0,100.0,0.0,100.0,0.0,100.0,0.0,100.0,0.0,100.0,0.0,100.0,0.0,100.0,0.0,100.0,0.0,100.0,0.0,100.0,0.0,100.0,0.0,100.0,0.0,100.0,0.0,100.0,0.0,100.0,0.0,100.0,0.0,100.0,0.0,100.0,0.0,100.0,0.0,100.0,0.0,100.0,0.0,100.0,0.0,100.0,0.0,100.0,0.0,100.0,0.0,100.0,0.0,100.0,0.0,100.0,0.0,100.0,0.0,100.0,0.0,100.0,0.0,100.0,0.0,100.0,0.0,100.0,0.0,100.0,875.7213,-391.2685
2018-10-08,226.26,232.7,189.01,197.01,1365460.76116,0.0,100.0,0.0,100.0,0.0,100.0,0.0,100.0,0.0,100.0,0.0,100.0,0.0,100.0,0.0,100.0,0.0,100.0,0.0,100.0,0.0,100.0,0.0,100.0,0.0,100.0,0.0,100.0,0.0,100.0,0.0,100.0,0.0,100.0,0.0,100.0,0.0,100.0,0.0,100.0,0.0,100.0,0.0,100.0,0.0,100.0,0.0,100.0,0.0,100.0,0.0,100.0,0.0,100.0,0.0,100.0,0.0,100.0,0.0,100.0,0.0,100.0,0.0,100.0,0.0,100.0,0.0,100.0,0.0,100.0,0.0,100.0,0.0,100.0,0.0,100.0,0.0,100.0,0.0,100.0,863.5078,-403.482
2018-10-15,196.84,239.0,194.6,207.49,1824150.84173,0.0,100.0,0.0,100.0,0.0,100.0,0.0,100.0,0.0,100.0,0.0,100.0,0.0,100.0,0.0,100.0,0.0,100.0,0.0,100.0,0.0,100.0,0.0,100.0,0.0,100.0,0.0,100.0,0.0,100.0,0.0,100.0,0.0,100.0,0.0,100.0,0.0,100.0,0.0,100.0,0.0,100.0,0.0,100.0,0.0,100.0,0.0,100.0,0.0,100.0,0.0,100.0,0.0,100.0,0.0,100.0,0.0,100.0,0.0,100.0,0.0,100.0,0.0,100.0,0.0,100.0,0.0,100.0,0.0,100.0,0.0,100.0,0.0,100.0,0.0,100.0,0.0,100.0,0.0,100.0,852.0967,-414.8931
2018-10-22,207.46,209.3,202.14,204.99,679114.68995,0.0,100.0,0.0,100.0,0.0,100.0,0.0,100.0,0.0,100.0,0.0,100.0,0.0,100.0,0.0,100.0,0.0,100.0,0.0,100.0,0.0,100.0,0.0,100.0,0.0,100.0,0.0,100.0,0.0,100.0,0.0,100.0,0.0,100.0,0.0,100.0,0.0,100.0,0.0,100.0,0.0,100.0,0.0,100.0,0.0,100.0,0.0,100.0,0.0,100.0,0.0,100.0,0.0,100.0,0.0,100.0,0.0,100.0,0.0,100.0,0.0,100.0,0.0,100.0,0.0,100.0,0.0,100.0,0.0,100.0,0.0,100.0,0.0,100.0,0.0,100.0,0.0,100.0,0.0,100.0,841.4863,-425.5034
2018-10-29,204.99,218.76,193.01,212.11,754496.10693,0.0,100.0,0.0,100.0,0.0,100.0,0.0,100.0,0.0,100.0,0.0,100.0,0.0,100.0,0.0,100.0,0.0,100.0,0.0,100.0,0.0,100.0,0.0,100.0,0.0,100.0,0.0,100.0,0.0,100.0,0.0,100.0,0.0,100.0,0.0,100.0,0.0,100.0,0.0,100.0,0.0,100.0,0.0,100.0,0.0,100.0,0.0,100.0,0.0,100.0,0.0,100.0,0.0,100.0,0.0,100.0,0.0,100.0,0.0,100.0,0.0,100.0,0.0,100.0,0.0,100.0,0.0,100.0,0.0,100.0,0.0,100.0,0.0,100.0,0.0,100.0,0.0,100.0,0.0,100.0,831.6729,-435.3168
2018-11-05,212.13,224.8,207.62,212.54,1153858.40192,0.0,100.0,0.0,100.0,0.0,100.0,0.0,100.0,0.0,100.0,0.0,100.0,0.0,100.0,0.0,100.0,0.0,100.0,0.0,100.0,0.0,100.0,0.0,100.0,0.0,100.0,0.0,100.0,0.0,100.0,0.0,100.0,0.0,100.0,0.0,100.0,0.0,100.0,0.0,100.0,0.0,100.0,0.0,100.0,0.0,100.0,0.0,100.0,0.0,100.0,0.0,100.0,0.0,100.0,0.0,100.0,0.0,100.0,0.0,100.0,0.0,100.0,0.0,100.0,0.0,100.0,0.0,100.0,0.0,100.0,0.0,100.0,0.0,100.0,0.0,100.0,0.0,100.0,0.0,100.0,822.6524,-444.3373
2018-11-12,212.6,214.22,170.99,178.97,1629773.99539,0.0,100.0,0.0,100.0,0.0,100.0,0.0,100.0,0.0,100.0,0.0,100.0,0.0,100.0,0.0,100.0,0.0,100.0,0.0,100.0,0.0,100.0,0.0,100.0,0.0,100.0,0.0,100.0,0.0,100.0,0.0,100.0,0.0,100.0,0.0,100.0,0.0,100.0,0.0,100.0,0.0,100.0,0.0,100.0,0.0,100.0,0.0,100.0,0.0,100.0,0.0,100.0,0.0,100.0,0.0,100.0,0.0,100.0,0.0,100.0,0.0,100.0,0.0,100.0,0.0,100.0,0.0,100.0,0.0,100.0,0.0,100.0,0.0,100.0,0.0,100.0,0.0,100.0,0.0,100.0,814.4218,-452.568
2018-11-19,179.04,179.33,102.95,118.67,4458881.10776,0.0,100.0,0.0,100.0,0.0,100.0,0.0,100.0,0.0,100.0,0.0,100.0,0.0,100.0,0.0,100.0,0.0,100.0,0.0,100.0,0.0,100.0,0.0,100.0,0.0,100.0,0.0,100.0,0.0,100.0,0.0,100.0,0.0,100.0,0.0,100.0,0.0,100.0,0.0,100.0,0.0,100.0,0.0,100.0,0.0,100.0,0.0,100.0,0.0,100.0,0.0,100.0,0.0,100.0,0.0,100.0,0.0,100.0,0.0,100.0,0.0,100.0,0.0,100.0,0.0,100.0,0.0,100.0,0.0,100.0,0.0,100.0,0.0,100.0,0.0,100.0,0.0,100.0,0.0,100.0,806.9795,-460.0103
2018-11-26,118.65,126.8,102.36,116.57,3283256.60646,0.0,100.0,0.0,100.0,0.0,100.0,0.0,100.0,0.0,100.0,0.0,100.0,0.0,100.0,0.0,100.0,0.0,100.0,0.0,100.0,0.0,100.0,0.0,100.0,0.0,100.0,0.0,100.0,0.0,100.0,0.0,100.0,0.0,100.0,0.0,100.0,0.0,100.0,0.0,100.0,0.0,100.0,0.0,100.0,0.0,100.0,0.0,100.0,0.0,100.0,0.0,100.0,0.0,100.0,0.0,100.0,0.0,100.0,0.0,100.0,0.0,100.0,0.0,100.0,0.0,100.0,0.0,100.0,0.0,100.0,0.0,100.0,0.0,100.0,0.0,100.0,0.0,100.0,0.0,100.0,800.3258,-466.664
2018-12-03,116.63,116.96,82.07,93.26,3788787.23257,0.0,100.0,0.0,100.0,0.0,100.0,0.0,100.0,0.0,100.0,0.0,100.0,0.0,100.0,0.0,100.0,0.0,100.0,0.0,100.0,0.0,100.0,0.0,100.0,0.0,100.0,0.0,100.0,0.0,100.0,0.0,100.0,0.0,100.0,0.0,100.0,0.0,100.0,0.0,100.0,0.0,100.0,0.0,100.0,0.0,100.0,0.0,100.0,0.0,100.0,0.0,100.0,0.0,100.0,0.0,100.0,0.0,100.0,0.0,100.0,0.0,100.0,0.0,100.0,0.0,100.0,0.0,100.0,0.0,100.0,0.0,100.0,0.0,100.0,0.0,100.0,0.0,100.0,0.0,100.0,794.4619,-472.5278
2018-12-10,93.26,95.21,81.79,84.67,2141950.36794,0.0,100.0,0.0,100.0,0.0,100.0,0.0,100.0,0.0,100.0,0.0,100.0,0.0,100.0,0.0,100.0,0.0,100.0,0.0,100.0,0.0,100.0,0.0,100.0,0.0,100.0,0.0,100.0,0.0,100.0,0.0,100.0,0.0,100.0,0.0,100.0,0.0,100.0,0.0,100.0,0.0,100.0,0.0,100.0,0.0,100.0,0.0,100.0,0.0,100.0,0.0,100.0,0.0,100.0,0.0,100.0,0.0,100.0,0.0,100.0,0.0,100.0,0.0,100.0,0.0,100.0,0.0,100.0,0.0,100.0,0.0,100.0,0.0,100.0,0.0,100.0,0.0,100.0,0.0,100.0,789.3895,-477.6003
2018-12-17,84.68,131.94,84.4,129.03,4697375.84257,0.0,99.7468,0.0,98.8427,0.0,97.8792,0.0,96.8503,0.0,95.7492,0.0,100.0,0.0,100.0,0.0,100.0,0.0,99.1487,0.0,98.1992,0.0,100.0,0.0,100.0,0.0,100.0,0.0,100.0,0.0,100.0,0.0,100.0,0.0,100.0,0.0,100.0,0.0,100.0,0.0,100.0,0.0,100.0,0.0,100.0,0.0,100.0,0.0,100.0,0.0,100.0,0.0,100.0,0.0,100.0,0.0,100.0,0.0,100.0,0.0,100.0,0.0,100.0,0.0,100.0,0.0,100.0,0.0,100.0,0.0,100.0,0.0,100.0,0.0,100.0,0.0,100.0,0.0,100.0,0.0,100.0,785.1093,-481.8805
2018-12-24,129.03,157.67,111.22,137.77,6548154.0068,0.3267,97.0397,0.0,95.4883,0.0,93.8634,0.0,92.1598,0.0,90.3717,0.0,98.8704,0.0,98.1144,0.0,97.3008,0.0,95.624,0.0,93.8342,0.0,100.0,0.0,99.6914,0.0,98.9961,0.0,98.2529,0.0,97.4567,0.0,100.0,0.0,100.0,0.0,100.0,0.0,99.8491,0.0,99.2349,0.0,100.0,0.0,100.0,0.0,100.0,0.0,100.0,0.0,100.0,0.0,100.0,0.0,100.0,0.0,100.0,0.0,100.0,0.0,100.0,0.0,100.0,0.0,100.0,0.0,100.0,0.0,100.0,0.0,100.0,0.0,100.0,0.0,100.0,0.0,100.0,0.0,100.0,0.0,100.0,781.6206,-485.3691
2018-12-31,137.81,159.26,128.7,153.86,4742285.9092,5.1217,89.5769,4.2061,87.3719,3.6532,85.0936,3.1411,82.7383,2.6653,80.302,2.6895,93.8629,2.1834,92.4892,1.7114,91.0357,1.2699,88.8425,0.8563,86.5613,1.128,96.4847,0.6243,95.4859,0.1512,94.0931,0.0,92.6279,0.0,91.0844,0.0,97.9926,0.0,97.3915,0.0,96.7469,0.0,95.9077,0.0,94.5837,0.0,99.246,0.0,98.7772,0.0,98.2763,0.0,97.7397,0.0,97.1635,0.0,100.0,0.0,99.7958,0.0,99.4086,0.0,98.9936,0.0,98.5475,0.0,100.0,0.0,100.0,0.0,100.0,0.0,99.9433,0.0,99.6105,0.0,100.0,0.0,100.0,0.0,100.0,0.0,100.0,0.0,100.0,778.9203,-488.0695
2019-01-07,153.89,155.48,111.87,114.16,3305739.76924,6.3241,86.8419,5.1636,84.0276,4.4543,81.1083,3.8059,78.078,3.2108,74.9303,2.7998,93.5491,2.2679,92.0859,1.7739,90.5299,1.3138,88.1921,0.8842,85.7528,1.1023,96.5501,0.6096,95.5638,0.1475,94.1858,0.0,92.7315,0.0,91.1943,0.0,97.9905,0.0,97.3859,0.0,96.736,0.0,95.8887,0.0,94.5513,0.0,99.2204,0.0,98.7335,0.0,98.2114,0.0,97.65,0.0,97.0446,0.0,100.0,0.0,99.7871,0.0,99.3834,0.0,98.9505,0.0,98.4853,0.0,100.0,0.0,100.0,0.0,100.0,0.0,99.9397,0.0,99.5859,0.0,100.0,0.0,100.0,0.0,100.0,0.0,100.0,0.0,100.0,777.0018,-489.988
2019-01-14,114.17,130.05,113.94,117.47,3167206.1506,7.9061,83.2885,6.4248,79.738,5.5077,76.0639,4.6793,72.2596,3.9272,68.318,3.4529,91.8271,2.7784,89.915,2.1599,87.8569,1.5906,84.8352,1.0649,81.677,1.1688,96.3049,0.645,95.2363,0.1558,93.7428,0.0,92.1593,0.0,90.4775,0.0,97.9755,0.0,97.3619,0.0,96.7,0.0,95.8353,0.0,94.47,0.0,99.2028,0.0,98.7033,0.0,98.1661,0.0,97.5867,0.0,96.9601,0.0,100.0,0.0,99.7765,0.0,99.3515,0.0,98.8943,0.0,98.401,0.0,100.0,0.0,100.0,0.0,100.0,0.0,99.9367,0.0,99.5662,0.0,100.0,0.0,100.0,0.0,100.0,0.0,100.0,0.0,100.0,775.8553,-491.1345
2019-01-21,117.56,119.49,111.04,112.05,1701869.00225,10.8854,76.6432,8.7949,71.8623,7.4732,66.979,6.2991,61.9901,5.2491,56.8919,4.185,89.8847,3.3492,87.4698,2.5907,84.8494,1.8992,81.1007,1.2662,77.198,1.4022,95.4576,0.77,94.109,0.1851,92.2271,0.0,90.2132,0.0,88.0529,0.0,97.8468,0.0,97.187,0.0,96.4714,0.0,95.5344,0.0,94.0568,0.0,99.1967,0.0,98.6932,0.0,98.1517,0.0,97.5676,0.0,96.9356,0.0,100.0,0.0,99.7711,0.0,99.3353,0.0,98.8657,0.0,98.3582,0.0,100.0,0.0,100.0,0.0,100.0,0.0,99.9339,0.0,99.547,0.0,100.0,0.0,100.0,0.0,100.0,0.0,100.0,0.0,100.0,775.467,-491.5228
2019-01-28,112.04,112.87,100.91,107.36,2164892.69065,15.9586,66.053,12.8556,59.9049,10.8283,53.8686,9.0568,47.9412,7.4955,42.1199,5.4946,86.3731,4.3657,83.0617,3.355,79.4428,2.445,74.5097,1.6214,69.4491,1.6614,94.5109,0.9087,92.8493,0.2176,90.5389,0.0,88.0522,0.0,85.3682,0.0,97.4219,0.0,96.6124,0.0,95.7239,0.0,94.5551,0.0,92.7222,0.0,99.1488,0.0,98.6121,0.0,98.0322,0.0,97.4036,0.0,96.7197,0.0,100.0,0.0,99.7685,0.0,99.3277,0.0,98.8528,0.0,98.3396,0.0,100.0,0.0,100.0,0.0,100.0,0.0,99.9322,0.0,99.5349,0.0,100.0,0.0,100.0,0.0,100.0,0.0,100.0,0.0,100.0,775.819,-491.1708
2019-02-04,107.33,126.49,101.21,125.12,2109564.37374,19.7053,62.1971,15.8137,57.4617,12.918,52.6372,10.4946,47.7209,8.7304,42.7104,9.0572,74.7928,6.8947,68.9963,5.2229,62.8573,3.7579,55.9922,2.4636,49.4863,2.29,91.3152,1.2406,88.3034,0.2946,84.4218,0.0,80.3017,0.0,75.9202,0.0,96.7415,0.0,95.6827,0.0,94.2242,0.0,92.281,0.0,89.4983,0.0,98.9514,0.0,98.2781,0.0,97.5397,0.0,96.726,0.0,95.8251,0.0,100.0,0.0,99.7463,0.0,99.2616,0.0,98.7367,0.0,98.1663,0.0,100.0,0.0,100.0,0.0,100.0,0.0,99.929,0.0,99.5124,0.0,100.0,0.0,100.0,0.0,100.0,0.0,100.0,0.0,100.0,776.8889,-490.1008
2019-02-11,125.12,135.61,118.18,133.75,2433609.46437,25.9765,59.1527,22.557,55.105,19.2454,50.9112,16.2348,46.5629,13.7409,42.0517,16.7049,65.4113,13.5372,60.2544,10.8437,55.1846,8.3818,50.1996,6.1228,45.2975,7.3188,79.4598,5.0402,74.2,2.9928,68.1182,1.9454,61.909,1.3982,55.5684,1.1617,92.2558,0.7261,90.1123,0.3394,87.3893,0.0,84.012,0.0,79.6648,0.0409,97.3866,0.0,96.1579,0.0,94.8081,0.0,93.3183,0.0,91.6656,0.0,99.7545,0.0,99.2056,0.0,98.35,0.0,97.4176,0.0,96.3975,0.0,100.0,0.0,100.0,0.0,100.0,0.0,99.8424,0.0,99.1982,0.0,100.0,0.0,100.0,0.0,100.0,0.0,100.0,0.0,100.0,778.6497,-488.34
2019-02-18,133.77,166.0,131.7,132.1,5104408.79455,18.3899,68.1202,15.449,64.2378,12.6549,60.1133,10.2469,55.7233,8.4571,51.0413,20.6933,63.1978,17.0726,59.0544,13.7762,54.8628,10.6102,50.6223,7.5669,46.3319,10.7111,72.9,7.4889,67.4306,4.4922,61.6421,2.6637,56.0936,1.708,50.7704,2.3619,85.5265,1.2619,81.5594,0.4934,76.7474,0.0,71.0999,0.0,64.5491,0.0542,95.5103,0.0,93.3728,0.0,91.0164,0.0,88.4054,0.0,85.4963,0.0,99.6947,0.0,98.7843,0.0,97.4049,0.0,95.8972,0.0,94.2425,0.0,100.0,0.0,100.0,0.0,100.0,0.0,99.8051,0.0,98.8683,0.0,100.0,0.0,100.0,0.0,100.0,0.0,100.0,0.0,100.0,781.0687,-485.921
2019-02-25,132.1,141.55,126.84,130.6,3202711.78874,27.752,54.2924,23.4299,49.6289,19.1715,44.8924,15.2784,40.081,12.1164,35.1929,14.0442,71.905,11.1998,68.0618,8.7678,64.0713,6.4857,59.9247,4.4583,55.6128,12.2551,70.2102,8.3742,65.5047,5.0763,60.8495,3.0313,56.2438,1.9523,51.6868,2.8483,81.7351,1.5203,76.9811,0.5934,71.5618,0.0,65.6158,0.0,59.2605,0.0771,93.0709,0.0,89.3907,0.0,85.3199,0.0,80.7929,0.0,75.7285,0.0,99.5893,0.0,98.3472,0.0,96.2912,0.0,93.8197,0.0,91.0949,0.0,100.0,0.0,100.0,0.0,100.0,0.0,99.7555,0.0,98.5682,0.0,100.0,0.0,100.0,0.0,100.0,0.0,100.0,0.0,100.0,784.107,-482.8827
2019-03-04,130.6,140.29,122.6,135.37,2466852.26445,42.2138,39.9,37.2018,35.9005,31.9414,32.0664,26.6768,28.3876,21.864,24.8549,24.9957,56.7441,20.7765,52.1966,16.9348,47.6561,13.2419,43.1225,9.8289,38.5959,12.1514,74.5138,9.4983,70.5494,7.4239,66.5101,5.498,62.3938,3.9567,58.1982,5.8495,76.4211,3.7253,71.6193,2.0718,66.5123,0.8368,61.3966,0.3364,56.3673,1.2455,88.5395,0.6949,83.8772,0.2999,78.9048,0.0,73.5902,0.0,67.8969,0.1007,97.8409,0.0,95.5318,0.0,92.0047,0.0,87.8313,0.0,83.2225,0.0,99.6408,0.0,99.3242,0.0,98.9571,0.0,98.206,0.0,96.1481,0.0,100.0,0.0,100.0,0.0,99.8513,0.0,99.6139,0.0,99.3446,787.7183,-479.2715
2019-03-11,135.37,144.47,128.52,138.67,1950556.34149,65.2227,21.7981,60.8624,19.343,55.8581,17.1159,50.0551,15.0863,43.6686,13.2292,39.8403,41.4444,34.7123,37.3442,29.6554,33.4419,24.5642,29.7236,19.5751,26.1765,22.7168,60.0124,18.7947,55.5704,15.4359,51.2384,12.247,47.0123,9.5106,42.8884,9.9587,77.1179,7.4523,73.3705,5.3358,69.1728,3.599,64.8121,2.5888,60.3954,4.2246,82.6065,3.0079,77.5604,2.0269,72.4335,1.21,67.224,0.7847,61.9298,1.4765,93.9121,0.9715,90.607,0.6336,86.0375,0.3373,80.8833,0.0753,75.3925,0.3779,97.8787,0.1592,96.9833,0.0,95.9166,0.0,94.1993,0.0,90.6004,0.0,99.4657,0.0,99.1895,0.0,98.6839,0.0,98.0152,0.0,97.2425,791.8476,-475.1422
2019-03-18,138.67,142.01,131.21,136.09,1595031.95453,100.0,0.0,100.0,0.0,100.0,0.0,98.6511,0.0,94.1146,0.0,59.4874,24.3301,53.7641,21.3685,47.3945,18.7083,40.4403,16.3055,32.939,14.1247,32.5655,47.1754,27.2851,42.7179,22.4169,38.5641,17.6496,34.6839,13.3413,31.0512,15.5858,66.952,11.777,62.3982,8.4003,57.694,5.494,53.0977,3.6054,48.6692,5.2505,82.9544,3.6519,78.994,2.2953,74.8532,1.2941,70.5195,0.8438,65.9791,1.7051,91.3338,1.1203,87.2506,0.7295,82.0024,0.3878,76.3697,0.0864,70.6299,0.4475,96.8909,0.1878,95.4101,0.0,93.6527,0.0,91.0644,0.0,86.3549,0.0,99.2766,0.0,98.8848,0.0,97.9698,0.0,96.6966,0.0,95.1821,796.4305,-470.5593
2019-03-25,136.12,145.89,131.6,141.38,1527493.50939,100.0,0.0,100.0,0.0,100.0,0.0,100.0,0.0,100.0,0.0,100.0,0.0,98.5131,0.0,95.5249,0.0,91.7646,0.0,86.4184,0.0,54.1161,26.8747,47.9675,23.6623,41.5117,20.8231,34.8316,18.2956,28.2251,16.0311,27.37,52.2939,22.2238,47.6285,17.35,43.2673,12.8761,39.2782,9.5219,35.604,11.7139,71.8524,8.9969,67.0385,6.6061,62.2204,4.6918,57.3984,3.5189,52.5723,4.3547,86.9418,3.3151,83.4254,2.5083,79.3834,1.7873,74.9064,1.1392,70.2209,1.9183,93.1592,1.2642,90.9075,0.7313,88.2962,0.4467,84.807,0.1939,79.4014,0.5373,97.3496,0.3115,96.4422,0.1115,94.8732,0.0,92.8234,0.0,90.4036,801.3919,-465.5978
2019-04-01,141.41,177.81,139.57,174.21,4682350.74461,100.0,0.0,100.0,0.0,100.0,0.0,100.0,0.0,100.0,0.0,100.0,0.0,100.0,0.0,100.0,0.0,100.0,0.0,99.7125,0.0,96.0621,0.0,93.9459,0.0,90.6829,0.0,87.1041,0.0,82.728,0.0,63.4567,22.6959,59.1999,19.8863,54.6768,17.7366,49.9963,15.9426,45.3503,14.3192,39.5716,44.7175,35.8735,41.0587,32.3549,37.5579,29.115,34.2053,26.3529,30.9915,24.0552,62.607,21.645,58.511,19.5231,54.2595,17.5828,49.9539,15.8019,45.6541,14.6978,76.8024,13.1782,73.8492,11.8261,70.6162,10.7366,66.9807,9.7438,62.8444,10.5527,83.2964,9.5232,81.1227,8.5963,78.3392,7.8173,75.0834,7.2021,71.4123,806.6462,-460.3436
2019-04-08,174.29,185.87,158.11,167.23,3173198.2282,100.0,0.0,100.0,0.0,100.0,0.0,100.0,0.0,100.0,0.0,100.0,0.0,100.0,0.0,100.0,0.0,100.0,0.0,99.7664,0.0,100.0,0.0,99.8275,0.0,98.7983,0.0,97.6314,0.0,95.789,0.0,92.4328,1.2795,89.7767,0.2471,86.4654,0.0,82.5148,0.0,77.4917,0.0,62.0847,24.3874,57.9885,21.8649,53.8752,19.5352,49.7817,17.3772,45.8299,15.3724,39.956,45.0506,36.6704,41.2298,33.6228,37.5609,30.7608,34.1054,28.068,30.7927,26.1926,61.7297,23.804,58.0034,21.619,54.0454,19.7237,49.8342,17.9752,45.4473,17.1536,74.7197,15.6342,72.0979,14.2391,69.0232,13.008,65.6205,11.958,61.9427,812.0968,-454.8929
2019-04-15,167.21,176.97,155.7,168.59,2073468.55135,100.0,0.0,100.0,0.0,100.0,0.0,100.0,0.0,100.0,0.0,100.0,0.0,100.0,0.0,100.0,0.0,100.0,0.0,99.802,0.0,100.0,0.0,99.8492,0.0,98.9555,0.0,97.9553,0.0,96.3874,0.0,99.2394,0.0,98.3716,0.0,96.9561,0.0,94.9288,0.0,91.549,0.0,87.3519,3.9088,83.5251,2.9078,79.4427,2.011,74.9999,1.203,70.1157,0.4713,58.2775,27.0148,54.3936,23.9919,50.6066,21.3548,46.9415,19.0925,43.3926,16.9991,38.646,47.1178,35.5385,43.2122,32.6107,39.2077,29.9362,35.1736,27.4222,31.308,26.3456,62.4315,24.1007,59.017,22.0148,55.2767,20.1226,51.3083,18.4434,47.1337,817.638,-449.3517
2019-04-22,168.59,175.83,150.35,157.85,2351796.62105,100.0,0.0,99.9484,0.0,98.8051,0.0,97.5728,0.0,96.2407,0.0,100.0,0.0,100.0,0.0,100.0,0.0,99.8523,0.0,98.675,0.0,100.0,0.0,99.8508,0.0,98.9658,0.0,97.9741,0.0,96.8552,0.0,99.2547,0.0,98.4084,0.0,97.0329,0.0,95.0913,0.0,92.8858,0.0,95.912,0.0,93.0568,0.0,89.8138,0.0,85.9613,0.0,81.2284,0.0,78.2604,8.0788,73.7589,6.1086,69.137,4.7169,64.5277,3.7961,59.9312,2.9749,50.5451,33.4269,46.6926,29.5366,42.9529,25.6887,39.3888,22.0317,35.9693,18.8621,33.5118,52.6817,30.5764,48.7276,27.8078,44.6264,25.2431,40.4473,22.9112,36.1818,823.1564,-443.8334
2019-04-29,157.86,171.3,152.0,163.05,1936000.05256,100.0,0.0,99.9469,0.0,98.765,0.0,97.4803,0.0,96.079,0.0,100.0,0.0,100.0,0.0,100.0,0.0,99.8525,0.0,98.6726,0.0,100.0,0.0,100.0,0.0,100.0,0.0,100.0,0.0,100.0,0.0,99.3066,0.0,98.5242,0.0,97.64,0.0,96.6328,0.0,95.4333,0.0,96.2591,0.0,94.4325,0.0,92.3993,0.0,89.7552,0.0,86.1102,0.0,88.9224,1.2746,84.9789,0.379,80.7185,0.0,76.323,0.0,71.7857,0.0,68.9786,15.079,64.6238,11.8438,60.2207,8.7648,55.7573,6.0812,51.3515,4.1831,44.7062,39.27,41.0187,35.0275,37.4667,30.9332,34.0829,26.9687,30.9092,23.057,828.534,-438.4558
2019-05-06,163.05,205.23,157.55,188.11,3954333.71537,100.0,0.0,99.9586,0.0,99.0395,0.0,98.0475,0.0,96.9735,0.0,100.0,0.0,100.0,0.0,100.0,0.0,99.8811,0.0,98.9378,0.0,100.0,0.0,100.0,0.0,100.0,0.0,100.0,0.0,100.0,0.0,100.0,0.0,100.0,0.0,100.0,0.0,100.0,0.0,99.9636,0.0,98.1844,0.0,97.5346,0.0,96.8053,0.0,95.6433,0.0,93.6354,0.0,93.2084,1.0124,90.7356,0.3046,87.9485,0.0,85.0005,0.0,81.8771,0.0,83.2455,5.8001,79.9019,3.9146,76.3863,2.1541,72.5749,0.7408,68.6884,0.0007,65.1842,19.7124,61.2984,16.1116,57.4387,13.0084,53.5944,10.2075,49.798,7.5302,833.6519,-433.3378
2019-05-13,188.07,279.76,185.32,259.51,6868504.39636,100.0,0.0,99.9759,0.0,99.4444,0.0,98.877,0.0,98.2701,0.0,100.0,0.0,100.0,0.0,100.0,0.0,99.9329,0.0,99.4068,0.0,100.0,0.0,100.0,0.0,100.0,0.0,100.0,0.0,100.0,0.0,100.0,0.0,100.0,0.0,100.0,0.0,100.0,0.0,99.9793,0.0,100.0,0.0,100.0,0.0,100.0,0.0,99.7818,0.0,99.0761,0.0,97.7047,0.5522,96.6973,0.1938,95.5073,0.0,94.2412,0.0,92.8916,0.0,91.9455,2.7502,90.2201,1.943,88.3674,1.1858,86.2457,0.4742,84.0421,0.0005,83.5755,7.915,81.1472,6.0574,78.6616,4.636,76.0608,3.4336,73.3292,2.2954,838.3948,-428.5949
2019-05-20,259.37,269.4,231.1,264.45,3669883.90618,100.0,0.0,99.9792,0.0,99.519,0.0,99.0231,0.0,98.4874,0.0,100.0,0.0,100.0,0.0,100.0,0.0,99.9487,0.0,99.5457,0.0,100.0,0.0,100.0,0.0,100.0,0.0,100.0,0.0,100.0,0.0,100.0,0.0,100.0,0.0,100.0,0.0,100.0,0.0,99.9845,0.0,100.0,0.0,100.0,0.0,100.0,0.0,99.8757,0.0,99.6408,0.0,99.9895,0.0,99.6045,0.0,99.0973,0.0,98.5532,0.0,97.9682,0.0,96.1914,1.1211,95.2317,0.8132,94.1767,0.5249,92.8937,0.2545,91.542,0.0003,90.4749,4.4112,88.918,3.3559,87.2973,2.639,85.5481,2.0767,83.6383,1.5467,842.6553,-424.3345
2019-05-27,264.35,288.62,240.14,268.88,3853966.15643,100.0,0.0,99.9819,0.0,99.5786,0.0,99.1405,0.0,98.663,0.0,100.0,0.0,100.0,0.0,100.0,0.0,99.9517,0.0,99.5701,0.0,100.0,0.0,100.0,0.0,100.0,0.0,100.0,0.0,100.0,0.0,100.0,0.0,100.0,0.0,100.0,0.0,100.0,0.0,100.0,0.0,100.0,0.0,100.0,0.0,100.0,0.0,99.8977,0.0,99.7047,0.0,99.9915,0.0,99.7955,0.0,99.5845,0.0,99.3568,0.0,99.1104,0.0,98.9425,0.0,98.4716,0.0,97.9335,0.0,97.2046,0.0,96.4269,0.0,94.7149,2.0727,93.6747,1.4465,92.5788,1.0973,91.3626,0.8649,89.9876,0.6466,846.3387,-420.651
2019-06-03,268.87,270.0,226.56,230.98,2523474.68248,100.0,0.0,99.5674,0.0,97.8566,0.0,96.0555,0.0,94.1569,0.0,100.0,0.0,100.0,0.0,100.0,0.0,99.6636,0.0,98.0575,0.0,100.0,0.0,100.0,0.0,100.0,0.0,100.0,0.0,100.0,0.0,100.0,0.0,100.0,0.0,100.0,0.0,100.0,0.0,100.0,0.0,100.0,0.0,100.0,0.0,100.0,0.0,100.0,0.0,100.0,0.0,99.9919,0.0,99.8056,0.0,99.6038,0.0,99.3846,0.0,99.1455,0.0,99.6065,0.0,99.4128,0.0,99.1692,0.0,98.7528,0.0,98.3008,0.0,97.566,0.4446,96.8524,0.0963,96.0886,0.0,95.2047,0.0,94.1544,0.0,849.3676,-417.6221
2019-06-10,231.02,277.06,227.03,267.73,2252582.27731,100.0,0.0,99.6388,0.0,98.4956,0.0,97.2661,0.0,95.9401,0.0,100.0,0.0,100.0,0.0,100.0,0.0,99.6867,0.0,98.1815,0.0,100.0,0.0,100.0,0.0,100.0,0.0,100.0,0.0,100.0,0.0,100.0,0.0,100.0,0.0,100.0,0.0,100.0,0.0,100.0,0.0,100.0,0.0,100.0,0.0,100.0,0.0,100.0,0.0,100.0,0.0,100.0,0.0,100.0,0.0,100.0,0.0,100.0,0.0,100.0,0.0,99.6539,0.0,99.4838,0.0,99.2991,0.0,99.0981,0.0,98.8782,0.0,98.9496,0.1534,98.5647,0.0306,98.149,0.0,97.638,0.0,96.9859,0.0,851.6851,-415.3046
2019-06-17,267.73,321.7,261.45,308.52,2733197.44329,100.0,0.0,99.7046,0.0,98.7723,0.0,97.7743,0.0,96.7034,0.0,100.0,0.0,100.0,0.0,100.0,0.0,99.7854,0.0,98.8667,0.0,100.0,0.0,100.0,0.0,100.0,0.0,100.0,0.0,100.0,0.0,100.0,0.0,100.0,0.0,100.0,0.0,100.0,0.0,100.0,0.0,100.0,0.0,100.0,0.0,100.0,0.0,100.0,0.0,100.0,0.0,100.0,0.0,100.0,0.0,100.0,0.0,100.0,0.0,100.0,0.0,100.0,0.0,100.0,0.0,100.0,0.0,100.0,0.0,100.0,0.0,99.3754,0.1298,99.2271,0.026,99.0665,0.0,98.8394,0.0,98.5064,0.0,853.2574,-413.7324
2019-06-24,308.42,366.8,280.01,292.7,4167486.86453,100.0,0.0,99.7101,0.0,98.7934,0.0,97.8095,0.0,96.7506,0.0,100.0,0.0,100.0,0.0,100.0,0.0,99.8027,0.0,98.9574,0.0,100.0,0.0,100.0,0.0,100.0,0.0,100.0,0.0,100.0,0.0,100.0,0.0,100.0,0.0,100.0,0.0,100.0,0.0,100.0,0.0,100.0,0.0,100.0,0.0,100.0,0.0,100.0,0.0,100.0,0.0,100.0,0.0,100.0,0.0,100.0,0.0,100.0,0.0,100.0,0.0,100.0,0.0,100.0,0.0,100.0,0.0,100.0,0.0,100.0,0.0,100.0,0.0,100.0,0.0,100.0,0.0,99.9508,0.0,99.816,0.0,854.075,-412.9147
2019-07-01,292.89,309.69,272.65,304.72,2328170.87156,100.0,0.0,99.6585,0.0,98.5723,0.0,97.3955,0.0,96.1159,0.0,100.0,0.0,100.0,0.0,100.0,0.0,99.8091,0.0,98.9909,0.0,100.0,0.0,100.0,0.0,100.0,0.0,100.0,0.0,100.0,0.0,100.0,0.0,100.0,0.0,100.0,0.0,100.0,0.0,100.0,0.0,100.0,0.0,100.0,0.0,100.0,0.0,100.0,0.0,100.0,0.0,100.0,0.0,100.0,0.0,100.0,0.0,100.0,0.0,100.0,0.0,100.0,0.0,100.0,0.0,100.0,0.0,100.0,0.0,100.0,0.0,100.0,0.0,100.0,0.0,100.0,0.0,100.0,0.0,100.0,0.0,854.1528,-412.8369
2019-07-08,304.72,318.19,222.81,225.85,2570474.77861,81.9107,13.0132,80.1421,11.9673,77.8202,10.9923,75.3882,10.0814,72.838,9.2285,88.0485,8.5859,87.0229,7.8904,85.9034,7.2414,84.5309,6.6346,82.5926,6.0658,91.9581,5.7815,91.2786,5.3084,90.5419,4.8652,89.7402,4.449,88.8647,4.0576,93.5133,4.3004,92.8614,3.8393,92.1573,3.4062,91.3944,2.9986,90.5651,2.6144,94.5205,3.2375,93.8548,2.7628,93.1372,2.3164,92.3613,1.8957,91.5199,1.4986,95.3813,2.4011,94.7245,1.9305,94.0172,1.4876,93.2535,1.0699,92.4264,0.6754,96.2324,1.7055,95.6223,1.2675,94.9657,0.8551,94.2571,0.4661,93.4901,0.0986,96.9411,1.1415,96.3739,0.7341,95.7635,0.3505,95.1049,0.0,94.392,0.0,853.5282,-413.4616
2019-07-15,225.83,235.58,191.84,225.38,3702593.97392,66.0243,25.1101,63.4277,23.1373,60.5769,21.2494,57.7095,19.4409,54.8254,17.7071,76.0106,17.2021,74.0254,15.7449,71.9004,14.3676,69.5322,13.064,66.7684,11.8282,83.2386,11.8365,81.784,10.7886,80.2199,9.8014,78.5335,8.8698,76.7097,7.9891,88.0843,8.0549,86.9588,7.2233,85.756,6.4365,84.4677,5.691,83.0844,4.9836,90.188,5.9816,89.0816,5.1493,87.9042,4.3596,86.6489,3.6091,85.3075,2.8951,91.6262,4.4566,90.4997,3.602,89.3033,2.7899,88.0304,2.0171,86.6733,1.2809,92.8902,3.2333,91.7744,2.3883,90.5889,1.5855,89.3271,0.8218,87.9812,0.1021,94.138,2.1822,93.0767,1.3816,91.9481,0.6215,90.7457,0.0,89.4618,0.0,852.2582,-414.7316
2019-07-22,225.49,228.34,198.24,211.62,1918512.39614,56.2395,34.5363,53.8883,32.2744,51.5186,30.0296,49.1303,27.8019,46.723,25.5911,61.5201,28.781,58.8698,26.5593,56.1188,24.4108,53.2469,22.3319,50.2849,20.3193,71.4542,20.6733,69.2196,18.9343,66.8608,17.2745,64.3669,15.6885,61.7261,14.1716,78.9216,14.7118,77.1046,13.3128,75.1817,11.9799,73.1433,10.7086,70.9787,9.4947,84.2759,10.3636,82.7633,9.1728,81.1708,8.034,79.492,6.9438,77.7195,5.8991,86.7051,7.9855,85.2179,6.7979,83.6573,5.6592,82.0176,4.5666,80.2928,3.5172,88.3899,6.2389,86.8883,5.0351,85.3139,3.8803,83.6614,2.7714,81.9246,1.7131,89.8479,4.7974,88.3453,3.6016,86.7672,2.4559,85.1077,1.4572,83.3606,1.0921,850.416,-416.5737
2019-07-29,211.58,224.51,204.4,221.79,1367725.8281,46.1367,43.6796,43.7587,40.9514,41.4426,38.1439,39.1861,35.2535,36.9868,32.2767,56.1478,33.5712,53.55,31.028,50.9412,28.4956,48.3211,25.9738,45.6898,23.4626,61.6058,27.8704,58.7694,25.4273,55.8431,23.0529,52.8224,20.7445,49.7028,18.4992,71.0024,20.0747,68.5381,18.0514,65.9684,16.1021,63.2864,14.2227,60.4845,12.4095,78.1518,14.2464,76.0464,12.5274,73.8482,10.8728,71.5509,9.2791,69.1476,7.743,83.4342,9.9732,81.6226,8.471,79.7377,7.0212,77.775,5.621,75.7295,4.2679,85.9241,7.5726,84.145,6.0845,82.2976,4.6459,80.3777,3.2545,78.3811,1.9155,87.6579,5.7573,85.8552,4.2516,83.9826,2.7964,82.0359,1.491,80.0108,1.1087,848.0864,-418.9034
2019-08-05,221.79,239.15,202.6,216.42,1838376.65357,27.7807,62.3704,25.7149,59.4169,23.778,56.2178,21.9582,52.7412,20.2453,48.9494,46.2648,42.6284,43.6799,39.6425,41.1655,36.5652,38.7187,33.3924,36.3369,30.1194,56.0317,32.7982,53.2213,30.0234,50.4037,27.2556,47.579,24.4948,44.747,21.741,61.568,27.0475,58.5758,24.339,55.5216,21.6823,52.4034,19.076,49.2191,16.5186,70.4797,19.4863,67.792,17.1429,65.0264,14.8603,62.1795,12.6363,59.2475,10.4686,77.3799,13.8336,75.0156,11.7906,72.578,9.8039,70.0637,7.8712,67.4689,5.9905,82.593,9.6815,80.5196,7.8806,78.3843,6.1278,76.1843,4.421,73.9166,2.7664,85.0837,7.296,83.0425,5.5163,80.942,3.7829,78.7797,2.1958,76.5528,1.5398,845.3605,-421.6292
2019-08-12,216.41,216.81,178.04,194.33,1449205.64889,13.9367,79.8707,12.7301,77.858,11.6254,75.5885,10.6103,73.0094,9.6744,70.0528,27.1735,63.1553,25.1343,60.2713,23.2189,57.156,21.4164,53.7803,19.7171,50.1103,44.1515,44.3893,41.4721,41.3234,38.8613,38.1702,36.3164,34.9259,33.8349,31.5865,53.6377,34.7475,50.7685,31.8088,47.9128,28.856,45.0707,25.8888,42.242,22.9073,59.0642,28.9684,56.0174,26.0304,52.9482,23.1133,49.8562,20.2171,46.7413,17.3414,67.657,21.4509,64.8313,18.8261,61.9628,16.2389,59.0503,13.6884,56.0929,11.174,74.4901,15.7642,71.9388,13.4364,69.339,11.1499,66.6891,8.9035,63.9878,6.7042,79.7866,11.5143,77.505,9.4403,75.1782,7.4044,72.8048,5.5023,70.3834,4.4928,842.3319,-424.6578
2019-08-19,194.32,203.59,179.53,186.54,1489606.75608,0.0,100.0,0.0,100.0,0.0,100.0,0.0,100.0,0.0,100.0,14.0462,80.3066,12.9462,78.4704,11.9393,76.3994,11.0142,74.0453,10.1612,71.346,26.3951,63.4482,24.2275,60.4582,22.1832,57.248,20.252,53.7925,18.4247,50.0624,42.4603,45.7613,39.7372,42.5733,37.0949,39.278,34.5297,35.87,32.0384,32.3434,51.6197,36.3765,48.7304,33.2588,45.8837,30.0921,43.0787,26.8754,40.3146,23.6073,56.8463,30.676,53.7634,27.5197,50.6948,24.3483,47.6404,21.1619,44.6002,17.9603,65.0951,23.32,62.1711,20.4512,59.2359,17.5933,56.2893,14.7462,53.3314,11.9179,71.7707,17.6831,69.0754,15.1038,66.356,12.5468,63.6121,10.1089,60.8434,8.5745,839.0921,-427.8977
2019-08-26,186.54,193.7,163.61,170.74,1666774.59952,0.0,100.0,0.0,100.0,0.0,100.0,0.0,100.0,0.0,100.0,0.0,100.0,0.0,100.0,0.0,100.0,0.0,100.0,0.0,100.0,13.3739,80.7741,12.2169,78.9026,11.1528,76.8097,10.1708,74.4536,9.2618,71.7814,25.1745,64.6338,23.0026,61.6289,20.9552,58.4004,19.0219,54.9224,17.1935,51.1649,40.2677,47.9969,37.606,44.7567,35.0412,41.3784,32.5683,37.8529,30.1822,34.1703,48.9787,38.9014,46.1333,35.6724,43.3563,32.3574,40.6453,28.953,37.998,25.4554,53.9442,33.3795,50.8914,30.0887,47.8832,26.747,44.9185,23.3531,41.9964,19.913,61.829,26.1729,58.8723,23.1298,55.9324,20.069,53.0092,17.0791,50.1026,14.9113,835.7269,-431.2629
2019-09-02,170.73,184.18,165.0,181.19,2001202.34115,0.0,100.0,0.0,100.0,0.0,100.0,0.0,100.0,0.0,100.0,0.0,100.0,0.0,100.0,0.0,100.0,0.0,100.0,0.0,100.0,0.0,100.0,0.0,100.0,0.0,100.0,0.0,100.0,0.0,100.0,13.4328,80.0423,12.1555,77.9326,10.9844,75.56,9.9068,72.8721,8.912,69.8015,25.2653,64.0571,23.0344,60.8416,20.9454,57.3517,18.9851,53.5508,17.1422,49.3953,39.7943,48.0279,37.1001,44.5771,34.5271,40.937,32.0672,37.0917,29.7133,33.0232,48.1435,39.1802,45.2351,35.7218,42.4208,32.1349,39.6962,28.412,37.0571,24.5518,52.8985,33.8576,49.7813,30.3383,46.7362,26.7292,43.7607,23.11,40.8525,20.2261,832.3147,-434.6751
2019-09-09,181.18,190.45,173.0,189.03,1826939.04547,0.0,100.0,0.0,100.0,0.0,100.0,0.0,100.0,0.0,100.0,0.0,100.0,0.0,100.0,0.0,100.0,0.0,100.0,0.0,100.0,0.0,100.0,0.0,100.0,0.0,100.0,0.0,100.0,0.0,100.0,0.0,100.0,0.0,100.0,0.0,100.0,0.0,100.0,0.0,100.0,13.904,78.7691,12.5063,76.3312,11.235,73.5475,10.0737,70.339,9.0088,66.6005,25.9674,62.5844,23.6413,59.0309,21.4833,55.1166,19.4756,50.7836,17.6031,45.9609,40.1162,46.8846,37.3103,43.1039,34.6536,39.0677,32.1346,34.7493,29.7428,30.1241,48.2047,38.2715,45.1701,34.4956,42.2574,30.539,39.4594,26.4672,36.7695,23.0217,828.9244,-438.0654
2019-09-16,189.05,223.94,188.3,211.2,3951341.9735,6.9263,89.3381,6.175,88.1657,5.4801,86.8672,4.8356,85.421,4.2363,83.8004,4.6418,91.8848,3.9822,90.7231,3.383,89.3931,2.8365,87.8553,2.3358,86.0569,3.076,94.2422,2.5759,93.3265,2.1243,92.2662,1.7143,91.0242,1.3405,89.5494,2.1442,95.4735,1.7075,94.6441,1.3151,93.6735,0.9606,92.522,0.6386,91.1341,1.5127,96.2865,1.1245,95.4856,0.7796,94.5242,0.4709,93.3487,0.1932,91.8783,15.6574,74.2682,13.7082,70.9683,12.2032,67.232,10.9074,62.9663,9.7334,58.0503,28.0554,58.3276,25.388,54.1838,23.0202,49.6634,20.8435,44.7129,18.8356,39.2719,42.1063,43.3783,39.0071,39.25,36.1024,34.8897,33.3743,30.3528,30.8074,26.3913,825.6155,-441.3743
2019-09-23,211.2,211.68,150.03,169.24,5097163.08635,6.7179,90.0632,6.0385,89.1043,5.4003,88.069,4.7994,86.9477,4.2328,85.7293,4.4908,92.4292,3.8799,91.4477,3.3176,90.3519,2.7981,89.1209,2.3169,87.7279,3.1512,94.1741,2.6451,93.2759,2.186,92.2453,1.7675,91.0506,1.3845,89.6494,2.1024,95.6337,1.6793,94.8626,1.2969,93.9711,0.9496,92.9286,0.6327,91.693,1.4903,96.4394,1.1132,95.7133,0.7751,94.8598,0.4701,93.8424,0.1935,92.6088,0.625,96.3946,0.096,95.3179,0.0,94.031,0.0,92.4654,0.0,90.5196,15.031,74.9103,13.3377,71.5741,11.9479,67.7716,10.6995,63.3976,9.5719,58.3086,27.1933,59.2706,24.6774,55.0835,22.383,50.486,20.2821,45.4365,18.3513,40.318,822.4383,-444.5515
2019-09-30,169.26,185.53,165.01,170.1,2820611.48061,7.3825,89.2525,6.6585,88.2704,5.9737,87.2204,5.3251,86.095,4.7098,84.8859,4.5128,92.6318,3.9243,91.7593,3.3757,90.8055,2.863,89.7587,2.3829,88.6044,3.1188,94.3761,2.6305,93.5623,2.1834,92.6448,1.7724,91.6025,1.3935,90.408,2.1694,95.5208,1.7347,94.7403,1.341,93.8417,0.9828,92.7961,0.6554,91.564,1.4756,96.5355,1.1059,95.8541,0.7722,95.0638,0.4695,94.1361,0.1938,93.0317,0.6191,96.525,0.0956,95.5308,0.0,94.3673,0.0,92.9871,0.0,91.3235,0.2096,96.6781,0.0,95.5332,0.0,94.1497,0.0,92.4446,0.0,90.2647,14.733,75.1563,13.2031,71.7265,11.8435,67.7834,10.6274,63.1254,9.5332,57.314,819.4349,-447.5548
2019-10-07,170.08,196.65,168.68,180.99,3056149.34901,8.8331,86.8195,7.9252,85.5096,7.0753,84.0875,6.2779,82.5382,5.5283,80.7691,5.2492,91.487,4.571,90.4984,3.9371,89.4223,3.3432,88.2468,2.7858,86.9572,3.2926,94.157,2.7858,93.3458,2.319,92.4413,1.8876,91.4262,1.4877,90.279,2.2393,95.4277,1.7945,94.651,1.3899,93.764,1.0204,92.7413,0.6815,91.5492,1.5709,96.2925,1.1761,95.5554,0.8205,94.6972,0.4985,93.6851,0.2056,92.4738,0.6329,96.496,0.098,95.5149,0.0,94.3785,0.0,93.0467,0.0,91.4643,0.2133,96.685,0.0,95.5741,0.0,94.2525,0.0,92.6543,0.0,90.6569,0.0,96.7118,0.0,95.4217,0.0,93.8315,0.0,91.4883,0.0,85.6568,816.6408,-450.3489
2019-10-14,180.98,188.37,168.66,175.22,2247422.26846,11.2621,82.6824,10.0425,80.7846,8.9142,78.6841,7.8673,76.3465,6.8934,73.6505,6.0862,90.2059,5.3084,89.0939,4.5792,87.8896,3.894,86.5808,3.2491,85.1534,3.6966,93.5139,3.1348,92.6398,2.615,91.6724,2.1326,90.5959,1.6839,89.3908,2.3048,95.3756,1.8531,94.6211,1.4397,93.7699,1.0599,92.8022,0.7098,91.6922,1.5849,96.3129,1.1898,95.6015,0.8321,94.7819,0.5067,93.8273,0.2094,92.7014,0.6591,96.3671,0.1021,95.357,0.0,94.1909,0.0,92.8295,0.0,91.2193,0.2138,96.752,0.0,95.6979,0.0,94.4659,0.0,93.0064,0.0,91.2502,0.0,96.8094,0.0,95.6022,0.0,94.1471,0.0,92.079,0.0,87.8557,814.0859,-452.9039
2019-10-21,175.18,197.74,153.45,183.75,4501297.56849,13.9234,76.0025,12.3388,72.9194,10.8901,69.6166,9.5607,66.0697,8.3364,62.2057,8.1289,85.7466,7.0352,83.5352,6.025,81.159,5.089,78.5988,4.2195,75.8324,4.4404,92.2092,3.7655,91.1325,3.1412,89.5661,2.5618,87.8599,2.0227,85.9946,2.6494,94.6778,2.1297,93.807,1.6542,92.8238,1.2176,91.705,0.8153,90.2075,1.672,96.1415,1.2571,95.4096,0.8804,94.5712,0.5368,93.6014,0.2221,92.4664,0.6803,96.2758,0.1055,95.2511,0.0,94.0738,0.0,92.7072,0.0,91.1014,0.2272,96.5575,0.0,95.4447,0.0,94.1466,0.0,92.6127,0.0,90.7723,0.0,96.801,0.0,95.6193,0.0,94.2153,0.0,92.5197,0.0,89.5444,811.7954,-455.1943
2019-10-28,183.84,192.74,177.02,181.54,2804889.93094,15.0835,73.7831,13.3543,70.0449,11.7763,66.2253,10.3305,62.3215,9.001,58.3009,9.7873,82.5218,8.4328,79.7405,7.1924,76.3792,6.0522,72.7095,5.0005,68.868,5.7731,89.7526,4.8843,88.2961,4.0657,86.2178,3.3092,83.9506,2.6081,81.229,3.1087,93.7746,2.5005,92.7634,1.9434,91.6242,1.4312,90.331,0.9587,88.6125,1.8823,95.6446,1.4145,94.8139,0.9902,93.8604,0.6034,92.755,0.2496,91.4581,0.7078,96.1628,0.11,95.1232,0.0,93.9372,0.0,92.5715,0.0,90.9821,0.2319,96.53,0.0,95.4277,0.0,94.1535,0.0,92.6639,0.0,90.8991,0.0,96.6693,0.0,95.4527,0.0,94.0167,0.0,92.296,0.0,89.2939,809.7912,-457.1985
2019-11-04,181.53,195.09,180.36,188.96,2195989.60819,6.6174,84.8026,5.7375,81.2779,4.9509,77.6058,4.2435,73.777,3.6039,69.6969,14.3746,74.5017,12.1462,71.0353,10.0518,67.2118,8.0795,63.2767,6.2191,59.3349,9.1397,82.6802,7.4536,80.1501,5.8819,76.9979,4.4133,73.6479,3.2236,69.911,5.0071,88.9546,3.7957,87.0542,2.6763,84.9464,1.8835,82.5951,1.2576,79.7299,2.4217,93.2609,1.6856,91.8476,1.1778,90.248,0.7166,88.4226,0.2959,86.3198,0.8099,94.8069,0.1256,93.304,0.0,91.6048,0.0,89.668,0.0,87.4401,0.2451,96.038,0.0,94.6416,0.0,93.0507,0.0,91.2215,0.0,89.0963,0.0,96.5113,0.0,95.0087,0.0,93.2733,0.0,91.2464,0.0,88.8478,808.0912,-458.8985
2019-11-11,188.96,190.19,177.67,183.82,1734302.4578,10.4837,73.817,8.8803,67.6022,7.5082,61.3464,6.3207,55.0493,5.2829,48.7189,4.006,89.5256,2.9952,86.5829,2.0783,82.7822,1.243,78.6753,0.4786,74.4826,10.1894,80.6439,8.3055,77.5454,6.5511,73.6884,4.9132,69.7325,3.5858,65.5346,6.062,86.7498,4.6039,84.5147,3.2517,82.0007,2.2897,78.8775,1.5288,75.2758,3.0692,91.399,2.1322,89.5714,1.486,87.4927,0.902,85.1072,0.3717,82.1921,0.9353,93.9893,0.1449,92.2458,0.0,90.2722,0.0,88.0198,0.0,85.4252,0.2728,95.5725,0.0,94.0057,0.0,92.2166,0.0,90.1544,0.0,87.7514,0.0,96.4285,0.0,94.9103,0.0,93.1714,0.0,91.16,0.0,88.8066,806.7091,-460.2807
2019-11-18,183.82,184.06,138.0,139.96,2959667.29355,7.3367,82.7963,6.3555,78.7054,5.4798,74.5847,4.6935,70.434,3.9834,66.1826,3.5267,91.0585,2.6547,88.6181,1.8535,85.4471,1.1148,82.0257,0.4315,78.5523,1.7813,95.5288,1.2387,94.3324,0.7365,92.2902,0.2703,90.1397,0.0,87.6034,4.9976,89.4593,3.8237,87.8141,2.7194,85.9973,1.9291,83.7273,1.2975,81.1122,2.8624,92.3794,2.0091,90.9101,1.4137,89.2959,0.8657,87.5141,0.3596,85.4025,0.9552,94.0366,0.1489,92.3783,0.0,90.5382,0.0,88.4844,0.0,86.1776,0.2673,95.7804,0.0,94.3383,0.0,92.7228,0.0,90.9006,0.0,88.8295,0.0,96.6217,0.0,95.2233,0.0,93.6484,0.0,91.8612,0.0,89.8158,805.6536,-461.3362
2019-11-25,139.99,157.6,131.45,150.73,2885963.25712,5.9581,86.277,5.2037,82.9744,4.52,79.6322,3.8972,76.2497,3.3278,72.8262,3.5083,91.0354,2.6368,88.5618,1.8384,85.3404,1.1042,81.8507,0.4269,78.2909,1.8808,95.2521,1.3064,93.974,0.7759,91.8003,0.2845,89.5101,0.0,86.8137,0.8368,97.2954,0.4562,96.7174,0.1027,96.0297,0.0,94.8809,0.0,93.3554,2.7426,92.9114,1.9371,91.6203,1.3712,90.228,0.8443,88.7224,0.3525,86.9633,0.9759,94.0796,0.153,92.5003,0.0,90.7801,0.0,88.8994,0.0,86.8345,0.2873,95.5019,0.0,93.9825,0.0,92.2911,0.0,90.3968,0.0,88.2607,0.0,96.5717,0.0,95.1707,0.0,93.6055,0.0,91.8452,0.0,89.8509,804.9272,-462.0626
2019-12-02,150.72,151.98,143.15,150.44,1730180.30155,5.4872,87.2896,4.7942,84.1703,4.1656,80.9891,3.5928,77.7443,3.0687,74.4338,3.1568,91.9901,2.3771,89.7809,1.6602,86.8813,0.9988,83.7219,0.3867,80.4843,1.9474,95.0393,1.3503,93.6886,0.8007,91.3968,0.2932,88.9735,0.0,86.1175,0.895,97.0784,0.4869,96.4432,0.1094,95.6838,0.0,94.4188,0.0,92.7372,0.1881,98.3666,0.0,97.9211,0.0,97.4319,0.0,96.8925,0.0,96.1421,0.9598,94.3304,0.1513,92.8747,0.0,91.3149,0.0,89.6397,0.0,87.8357,0.296,95.4601,0.0,93.9659,0.0,92.3251,0.0,90.5152,0.0,88.5085,0.0,96.3361,0.0,94.8477,0.0,93.1907,0.0,91.3348,0.0,89.2419,804.5251,-462.4646
2019-12-09,150.44,151.19,139.24,142.46,1304567.68741,4.4751,92.0394,3.9325,90.0836,3.4349,88.0043,2.9769,85.7893,2.5539,83.4249,2.871,92.7264,2.1634,90.71,1.5119,88.044,0.9101,85.1199,0.3526,82.1051,1.7508,95.5817,1.2162,94.3896,0.7224,92.3522,0.2649,90.1977,0.0,87.6477,0.901,97.0558,0.4901,96.4145,0.1101,95.6475,0.0,94.3703,0.0,92.6721,0.195,98.2998,0.0,97.8331,0.0,97.3194,0.0,96.7511,0.0,95.9599,0.0,99.1525,0.0,98.8205,0.0,98.4567,0.0,98.0564,0.0,97.6139,0.2875,95.7181,0.0,94.3589,0.0,92.8938,0.0,91.3099,0.0,89.592,0.0,96.3716,0.0,94.9274,0.0,93.3395,0.0,91.585,0.0,89.6365,804.4346,-462.5551
2019-12-16,142.46,142.72,116.26,132.09,2942146.25781,3.7068,93.8181,3.2714,92.8538,2.8687,91.8008,2.4953,90.6462,2.1479,89.3745,2.3571,94.8217,1.7835,93.743,1.2512,92.0882,0.7558,90.1694,0.2938,88.1287,1.5719,96.0524,1.093,94.9908,0.6498,93.1642,0.2385,91.2282,0.0,88.9244,0.8062,97.3998,0.4397,96.8463,0.0991,96.1883,0.0,95.0873,0.0,93.6245,0.1907,98.3399,0.0,97.8855,0.0,97.3859,0.0,96.834,0.0,96.0657,0.0,99.1477,0.0,98.8135,0.0,98.4474,0.0,98.0444,0.0,97.5987,0.0,99.6751,0.0,99.4147,0.0,99.1286,0.0,98.8126,0.0,98.4619,0.0,96.6283,0.0,95.3246,0.0,93.9152,0.0,92.3867,0.0,90.7235,804.6348,-462.355
2019-12-23,132.12,138.07,121.91,134.36,1875482.03334,0.0,99.6685,0.0,99.3482,0.0,98.9914,0.0,98.5915,0.0,98.1401,2.1194,95.3673,1.6052,94.4082,1.1272,93.2882,0.6816,92.0696,0.2651,90.7387,1.4042,96.4975,0.9777,95.5918,0.582,94.4248,0.2139,93.1603,0.0,91.5425,0.7686,97.5096,0.4188,96.9751,0.0943,96.3381,0.0,95.2706,0.0,93.8471,0.1804,98.4391,0.0,98.0155,0.0,97.5514,0.0,97.0409,0.0,96.3309,0.0,99.1375,0.0,98.7983,0.0,98.426,0.0,98.0154,0.0,97.5603,0.0,99.6672,0.0,99.4017,0.0,99.111,0.0,98.7914,0.0,98.4384,0.0,99.9314,0.0,99.6643,0.0,99.3695,0.0,99.0424,0.0,98.6776,805.0972,-461.8926
2019-12-30,134.36,138.19,125.88,135.37,1795260.59717,0.0,100.0,0.0,100.0,0.0,100.0,0.0,100.0,0.0,100.0,0.0,100.0,0.0,99.7976,0.0,99.486,0.0,99.1383,0.0,98.748,1.3131,96.7253,0.9144,95.8773,0.5443,94.7827,0.2,93.5953,0.0,92.3027,0.7149,97.6859,0.3896,97.1901,0.0877,96.5993,0.0,95.6066,0.0,94.5222,0.1771,98.461,0.0,98.0406,0.0,97.5788,0.0,97.0692,0.0,96.3593,0.0,99.1643,0.0,98.8364,0.0,98.4768,0.0,98.0808,0.0,97.6424,0.0,99.6581,0.0,99.3844,0.0,99.084,0.0,98.7526,0.0,98.3852,0.0,99.9291,0.0,99.6539,0.0,99.3513,0.0,99.0173,0.0,98.6466,805.7876,-461.2022
2020-01-06,135.37,148.05,134.86,146.54,2799620.12572,1.0017,96.9207,0.6002,96.2392,0.2335,95.4671,0.0,94.5848,0.0,93.567,0.0,99.3456,0.0,99.0183,0.0,98.6556,0.0,98.2515,0.0,97.7984,0.0,100.0,0.0,99.2019,0.0,98.0968,0.0,96.8973,0.0,95.5908,0.7169,97.6565,0.3899,97.1456,0.0876,96.1386,0.0,94.466,0.0,92.6801,0.176,98.4566,0.0,98.0297,0.0,97.5582,0.0,96.9277,0.0,95.5325,0.0,99.1239,0.0,98.7762,0.0,98.3925,0.0,97.9667,0.0,97.4916,0.0,99.6494,0.0,99.3678,0.0,99.0577,0.0,98.7144,0.0,98.3324,0.0,99.9243,0.0,99.6301,0.0,99.3065,0.0,98.9488,0.0,98.5514,806.6682,-460.3216
2020-01-13,146.56,179.5,142.27,166.79,4574976.7459,17.339,75.4033,15.8219,73.2186,14.4012,70.8481,13.1489,68.267,12.1518,65.4458,11.7785,83.217,10.8854,81.5683,10.0627,79.7589,9.3024,77.7641,8.5977,75.554,7.886,89.3644,7.3228,88.1559,6.7988,86.8272,6.3101,85.3969,5.8533,83.8529,6.401,90.6134,5.7894,89.695,5.2203,88.3514,4.6896,86.4687,4.1934,84.4749,5.4372,90.4467,4.6567,89.2231,4.074,87.9033,3.5306,86.4002,3.0225,84.307,4.2142,92.3365,3.6512,91.2479,3.1262,90.0742,2.6357,88.8052,2.1762,87.4288,3.3107,93.8988,2.8011,92.9032,2.3263,91.8265,1.8829,90.6586,1.4678,89.3873,2.486,95.3537,2.0558,94.4522,1.6549,93.478,1.2805,92.4219,0.9301,91.273,807.7008,-459.289
2020-01-20,166.79,171.47,155.55,167.86,2213273.18068,30.7805,59.358,28.5204,56.6646,26.3342,53.8696,24.2798,50.9673,22.4399,47.9513,22.7519,68.7752,21.0356,66.2408,19.4259,63.5388,17.9134,60.6519,16.4894,57.5605,16.9274,76.8002,15.6263,74.6259,14.4109,72.29,13.273,69.802,12.2054,67.1463,11.6518,83.6649,10.6527,82.2857,9.7106,80.5855,8.8206,78.6545,7.9787,76.6209,9.6315,85.5001,8.5883,84.0731,7.6031,82.544,6.6712,80.842,5.7884,78.6515,8.0631,86.4861,7.0247,84.8726,6.0443,83.1642,5.1173,81.3525,4.2395,79.4278,6.4637,88.808,5.5089,87.3084,4.6075,85.7187,3.755,84.0305,2.9477,82.2342,5.1111,90.7326,4.2425,89.2881,3.4249,87.7519,2.654,86.1149,1.9257,84.3668,808.8504,-458.1394
2020-01-27,167.91,193.43,165.22,188.44,2832021.07663,52.9751,37.3493,50.501,34.9841,48.0041,32.6399,45.4951,30.3163,43.0112,28.0131,40.8179,49.001,38.4734,46.2864,36.2028,43.5084,34.0028,40.6646,31.87,37.7527,32.7996,57.95,30.7539,55.2746,28.8005,52.507,26.9333,49.6494,25.1466,46.6973,25.9705,66.1234,24.2201,63.8847,22.5481,61.44,20.9492,58.8568,19.4188,56.1918,19.3244,74.2281,17.8789,72.4263,16.4919,70.5377,15.1598,68.5251,13.8795,66.2797,17.011,76.5643,15.5703,74.7693,14.1878,72.8879,12.86,70.9137,11.5837,68.8395,15.1536,78.3191,13.7335,76.4258,12.3719,74.4583,11.0653,72.4122,9.8104,70.2826,13.041,80.9331,11.7142,79.088,10.4459,77.1653,9.2324,75.1601,8.0702,73.0669,810.0888,-456.901
2020-02-03,188.48,230.65,184.69,228.49,3470997.26544,80.1424,14.5926,78.6586,13.4217,77.0973,12.3014,75.4006,11.2285,73.5114,10.2,64.6872,26.8846,62.4847,24.883,60.2675,22.9113,58.0353,20.9688,55.788,19.055,54.2246,36.4428,51.9706,34.1477,49.7469,31.8661,47.553,29.5897,45.3883,27.3184,46.6025,44.3519,44.4557,41.9685,42.3519,39.594,40.2898,37.2405,38.2683,34.88,39.5132,52.0679,37.5257,49.8374,35.5821,47.553,33.6809,45.2196,31.8207,42.8878,32.0044,60.6932,30.2818,58.757,28.5977,56.7734,26.9508,54.7405,25.3398,52.6566,29.6165,63.1784,27.9222,61.262,26.2676,59.296,24.6514,57.2784,23.0723,55.2071,27.6858,65.1262,26.0124,63.1483,24.3829,61.1305,22.7955,59.0718,21.2488,56.9707,811.3978,-455.5919
2020-02-10,228.53,288.41,216.37,258.85,5939621.23312,94.0823,4.4159,93.6362,4.098,93.1552,3.7991,92.568,3.5175,91.7837,3.2518,83.9544,10.9951,82.4834,9.9088,80.9532,8.8666,79.3601,7.8658,77.7001,6.9041,71.9917,20.569,70.0585,18.9587,68.0944,17.4056,66.0989,15.8939,64.071,14.422,63.5324,28.4645,61.5062,26.4888,59.4697,24.6361,57.4227,22.8812,55.3652,21.1594,56.9295,35.0676,54.9268,33.0689,52.9232,31.071,50.9188,29.0977,48.9136,27.26,50.3979,41.7075,48.4467,39.7111,46.5043,37.7055,44.5707,35.6906,42.6458,33.6664,43.0696,49.7189,41.3,47.8819,39.5436,46.0309,37.8,44.1658,36.0693,42.2864,40.8605,52.0092,39.1212,50.182,37.3987,48.3364,35.6928,46.4722,34.0033,44.589,812.772,-454.2177
2020-02-17,258.89,285.88,242.0,274.48,5188469.50121,100.0,0.0,100.0,0.0,100.0,0.0,99.9364,0.0,99.7217,0.0,94.2541,3.6508,93.563,3.2505,92.826,2.8728,92.0385,2.5161,91.195,2.1785,85.6793,9.299,84.2936,8.3562,82.849,7.4718,81.3419,6.6271,79.7681,5.8193,76.2156,17.3994,74.5099,15.9043,72.7568,14.5745,70.9543,13.3654,69.1002,12.1989,69.1421,23.9591,67.3325,22.3145,65.487,20.7002,63.6044,19.1438,61.6836,17.7665,63.3741,29.4673,61.5235,27.7362,59.6474,26.0277,57.7454,24.3413,55.8169,22.6765,57.5937,35.1986,55.7551,33.4325,53.9014,31.6804,52.0326,29.9421,50.1483,28.2174,50.8393,42.337,49.1176,40.6468,47.3894,38.9628,45.6547,37.2849,43.9136,35.6132,814.2202,-452.7695
2020-02-24,274.5,277.2,210.0,217.81,6457932.90023,97.9904,0.0,96.9491,0.0,95.8416,0.0,94.6615,0.0,93.4013,0.0,99.553,0.0,98.3544,0.0,97.0888,0.0,95.7504,0.0,94.3326,0.0,92.641,3.9692,91.6377,3.469,89.9546,3.0197,87.9926,2.5998,85.9591,2.2065,84.3483,10.1562,82.7851,8.9448,81.1332,7.942,79.0936,7.0829,76.7429,6.2707,75.3091,18.0284,73.4689,16.5179,71.5498,15.0627,69.5467,13.6925,67.3078,12.5407,68.5715,24.3011,66.6421,22.6535,64.6477,21.0547,62.5849,19.5028,60.4503,17.9956,63.0539,29.4636,61.0668,27.7013,59.0296,25.9794,56.9403,24.2966,54.797,22.6514,57.6243,34.8617,55.661,33.0637,53.6618,31.2963,51.6258,29.5586,49.5519,27.8501,815.766,-451.2237
2020-03-02,217.81,251.93,195.5,199.43,5137680.00487,89.6793,4.4824,87.6711,3.6043,85.5858,2.7815,83.419,2.009,81.1656,1.2822,93.3467,2.8437,91.4489,2.0723,89.4793,1.3478,87.4336,0.6659,85.3075,0.0231,93.5346,1.6863,92.1453,0.8921,90.057,0.1661,87.6928,0.0,85.2649,0.0,87.7753,5.4674,85.8802,4.0624,83.8904,3.4586,81.4739,3.0023,78.7272,2.5802,80.6344,11.4302,78.4412,10.1414,76.1671,8.9272,73.8078,7.8211,71.1691,6.9764,72.5175,19.3067,70.2285,17.7205,67.8794,16.2097,65.4677,14.769,62.9908,13.3936,66.3064,25.4488,64.0154,23.698,61.6815,22.0157,59.3034,20.398,56.88,18.8412,61.2046,30.5067,58.941,28.6476,56.65,26.8469,54.3313,25.1021,51.9843,23.4105,817.4469,-449.5429
2020-03-09,199.43,208.62,86.0,123.78,14789815.70106,65.3623,26.0077,63.0039,24.1445,60.6301,22.3431,58.2409,20.6006,55.8359,18.914,69.6596,22.7135,67.3146,20.9918,64.9467,19.3312,62.5555,17.7287,60.1407,16.1812,72.9014,20.0282,70.9557,18.4195,68.7149,16.8676,66.3684,15.6699,63.9981,14.6261,73.0434,19.023,70.8991,17.2507,68.6839,16.0039,66.2583,14.8968,63.6933,13.8559,69.6371,21.6923,67.323,20.0026,64.9537,18.3892,62.5274,16.8751,59.9669,15.5732,65.1053,26.0548,62.7304,24.1832,60.3181,22.3811,57.8672,20.6447,55.377,18.9704,59.7207,31.6034,57.4082,29.6568,55.0729,27.7684,52.7143,25.9356,50.3322,24.1561,55.3675,36.0473,53.1149,34.0471,50.8527,32.0929,48.5808,30.1833,46.2992,28.3166,819.3121,-447.6777
2020-03-16,123.82,152.55,101.1,122.32,11531693.74471,50.4154,39.7247,48.0056,37.3046,45.6414,34.9009,43.3214,32.5134,41.0445,30.142,56.3515,34.5343,53.9477,32.3395,51.5707,30.1754,49.2199,28.0412,46.895,25.9364,59.6138,31.6754,57.3403,29.5886,54.9778,27.5365,52.6107,25.7166,50.2637,24.0197,62.3134,29.2449,60.0998,27.2712,57.8425,25.5655,55.5017,23.9261,53.1282,22.3494,62.1166,28.8578,59.7688,26.9306,57.3879,25.0708,54.9733,23.2959,52.5078,21.6937,59.4129,31.3876,57.0144,29.3287,54.5978,27.3284,52.1628,25.3841,49.7092,23.4936,55.8995,34.9778,53.5364,32.8585,51.1676,30.7863,48.7931,28.7597,46.4128,26.7771,51.6945,39.4588,49.4354,37.3435,47.181,35.2623,44.9311,33.2145,42.6858,31.1993,821.4201,-445.5697
2020-03-23,122.31,143.36,119.5,124.5,6613460.31407,35.6272,53.8612,33.343,50.9531,31.1677,47.9683,29.0935,44.9037,27.1136,41.7561,46.1335,43.6959,43.7211,41.0987,41.3842,38.4799,39.1191,35.8395,36.9227,33.1769,51.2029,39.1961,48.8103,36.7882,46.4517,34.3771,44.1539,32.1046,41.9111,29.9136,53.816,36.8904,51.4851,34.5998,49.1511,32.4748,46.8338,30.3963,44.5707,28.3626,55.8979,34.8978,53.5574,32.803,51.2042,30.7616,48.838,28.7716,46.4794,26.8311,55.3814,35.1215,52.9624,32.9135,50.5419,30.7517,48.1199,28.6346,45.6964,26.5609,52.9458,37.5807,50.5471,35.3203,48.1577,33.0948,45.7778,30.9032,43.4071,28.745,49.9104,40.8706,47.5998,38.6261,45.3063,36.405,43.0298,34.2069,40.7701,32.0316,823.8347,-443.1551
2020-03-30,124.47,149.76,124.06,142.68,4918442.82175,19.5336,71.0059,17.8354,67.8825,16.2819,64.5049,14.8554,60.8409,13.5408,56.6812,35.0782,53.5162,32.6975,50.3733,30.4556,47.1036,28.3408,43.6996,26.3426,40.1989,44.8727,44.3276,42.3089,41.4828,39.8827,38.5764,37.5799,35.7274,35.3713,32.9092,49.3194,40.4356,46.848,37.8007,44.411,35.2677,42.0542,32.7509,39.8068,30.2503,51.3826,38.6115,48.9405,36.1858,46.5237,33.7842,44.1319,31.4063,41.809,29.0517,52.9817,37.1225,50.5089,34.7593,48.0499,32.4297,45.6048,30.1331,43.1734,27.8687,52.1752,37.7658,49.6691,35.3242,47.187,32.9062,44.7286,30.5116,42.2935,28.14,49.7276,40.4029,47.2902,37.9644,44.8847,35.5375,42.5103,33.1224,40.1666,30.7188,826.6214,-440.3683
2020-04-06,142.69,176.22,142.6,158.59,7843255.9423,0.0,94.8115,0.0,92.1357,0.0,89.1411,0.0,85.7671,0.0,80.7995,20.4297,67.498,18.5562,63.7331,16.8647,59.7913,15.3298,55.6599,13.9308,51.317,35.9375,51.6228,33.1926,48.1999,30.751,44.7188,28.5256,41.2637,26.4449,37.8539,45.0975,43.2538,42.4047,40.2546,39.7954,37.3682,37.3405,34.529,35.0606,31.7358,49.0743,39.8393,46.4723,37.156,43.9351,34.539,41.4603,31.9701,39.1029,29.4481,50.6865,38.46,48.0815,35.8016,45.5292,33.2831,43.0278,30.8178,40.576,28.404,51.9225,37.3411,49.2877,34.6943,46.693,32.2129,44.1374,29.8135,41.62,27.4708,50.8417,38.3864,48.2122,35.6931,45.6317,33.0723,43.0988,30.5778,40.6122,28.1299,829.8435,-437.1462
2020-04-13,158.56,189.54,148.33,180.03,6963042.65527,6.3264,86.4329,5.389,83.8485,4.5489,80.9667,3.7916,77.7331,3.1055,73.3013,5.3606,83.6974,4.3309,79.7615,3.4229,75.5618,2.6162,71.0708,1.8947,66.1313,24.6869,61.306,21.6921,57.2611,19.1847,53.1447,16.97,48.9667,14.9176,44.8297,38.7529,47.9249,35.6577,44.4532,32.65,41.0895,29.8596,37.8087,27.5253,34.6078,47.0626,40.7861,44.1575,37.871,41.3044,35.0503,38.5021,32.3053,35.9887,29.633,50.5309,38.0491,47.7428,35.2982,44.9928,32.7084,42.2852,30.1896,39.7184,27.7387,51.7819,37.0125,48.9925,34.2892,46.2297,31.749,43.503,29.3058,40.8864,26.9329,52.7112,36.2175,49.904,33.5504,47.1116,30.9986,44.3472,28.6121,41.6693,26.2994,833.5584,-433.4313
2020-04-20,180.02,200.0,166.7,197.38,7306676.73642,16.1491,73.4577,14.3254,70.2449,12.6457,66.8173,11.0934,63.1528,9.6548,58.9785,13.8116,75.6944,11.9794,72.1269,10.3036,68.3212,8.7652,64.2525,7.3478,59.8233,13.5191,72.3344,10.6737,67.8906,8.5194,63.3234,6.7192,58.5089,5.0749,53.6775,30.4622,54.6078,27.025,50.5886,23.6918,46.6367,20.6779,42.8023,18.3428,39.0802,42.7794,43.6831,39.5082,40.4063,36.2818,37.2543,33.0994,34.21,30.3267,31.2677,50.0514,37.8895,47.0575,35.03,44.0845,32.3535,41.1382,29.767,38.3334,27.2661,52.9767,35.6692,50.1032,32.9543,47.2396,30.4412,44.3942,28.0362,41.636,25.7106,53.9225,34.9343,51.0546,32.286,48.1864,29.7667,45.3286,27.4237,42.5358,25.1616,837.8149,-429.1748
2020-04-27,197.39,227.3,189.29,209.86,6890363.53637,33.9963,49.9926,30.6217,45.5985,27.4525,41.0776,24.4705,36.4243,21.6597,32.1697,23.142,64.6054,20.6621,60.992,18.3297,57.2776,16.132,53.4579,14.0578,49.531,20.897,66.1278,18.2477,62.1529,15.7619,58.056,13.4248,53.7829,11.2235,49.4884,21.626,62.663,18.11,58.1751,14.7296,53.6489,11.796,49.2542,9.7868,44.9856,36.3428,48.5635,32.6967,44.8012,29.1,41.1926,25.5514,37.726,22.6182,34.3932,47.0022,39.7965,43.692,36.6805,40.3893,33.7662,37.1034,30.9682,34.0017,28.2796,53.276,35.0404,50.2757,32.2863,47.2683,29.7511,44.2622,27.3365,41.33,25.0124,55.7367,33.2491,52.8595,30.6652,49.967,28.2212,47.0656,25.961,44.201,23.7852,842.6506,-424.3391
2020-05-04,209.86,216.61,179.59,187.54,6902379.63527,49.9522,29.7882,44.8482,25.0667,40.0124,20.4717,35.5363,15.9982,31.3468,12.9282,32.6156,49.7039,28.6961,45.0695,25.0382,40.4616,21.8785,35.8799,18.9374,31.4544,22.8463,63.0091,19.7361,59.0263,16.75,55.0394,14.2161,51.0486,11.8815,47.0536,21.11,63.837,17.7951,59.4351,14.6249,54.9498,11.811,50.5732,9.8218,46.3014,22.7907,59.8279,18.6841,55.0945,14.6639,50.5476,10.9656,46.1981,8.6091,42.0333,37.6043,46.6506,33.6677,42.8666,29.8142,39.2961,26.2029,35.896,23.0176,32.6543,48.0073,38.5489,44.5317,35.4036,41.0755,32.4959,37.7186,29.7427,34.559,27.1128,54.0233,34.1453,50.8993,31.4037,47.7487,28.8196,44.6299,26.437,41.6083,24.156,848.0905,-418.8992
2020-05-11,187.62,209.85,176.0,207.0,5967260.43774,78.6859,7.0338,73.6204,4.554,67.9771,2.2969,62.1257,0.2338,56.3228,0.0,52.1384,27.8424,46.9174,23.5672,41.7707,19.5216,36.9029,15.6878,32.2509,12.3277,36.3721,45.5588,32.0168,41.1626,27.7343,36.91,23.8389,32.7941,20.1561,28.8083,26.7658,58.0431,23.1575,54.0349,19.6146,50.102,16.3323,46.2423,13.7706,42.4537,25.4808,58.2664,21.6821,53.8236,17.9787,49.5322,14.5745,45.4024,12.076,41.4253,27.7465,54.3666,23.3513,49.9221,19.1185,45.6694,15.2945,41.6359,12.1327,37.8051,41.261,43.2511,37.2593,39.6299,33.3138,36.2561,29.5441,33.0754,26.0872,30.0564,50.6653,36.245,47.1834,33.2433,43.6688,30.4197,40.2123,27.8203,36.887,25.3463,854.1461,-412.8437
2020-05-18,207.02,217.07,191.71,199.9,5331065.62027,97.4966,0.0,95.1657,0.0,91.5268,0.0,86.9458,0.0,81.9677,0.0,75.4749,7.909,69.8977,5.4755,63.8796,3.3089,57.3937,1.3675,50.8645,0.0,52.2818,27.3492,46.6838,23.3246,40.9467,19.6096,35.3117,16.1696,29.7791,12.9753,37.6759,43.5784,32.8592,39.275,27.9955,35.1957,23.2906,31.3234,19.3183,27.6426,28.5059,55.2889,24.4557,51.2186,20.4061,47.2699,16.5594,43.4485,13.5491,39.7485,27.6347,54.9707,23.4148,50.5861,19.3743,46.3668,15.7521,42.3498,12.7874,38.5209,30.3915,51.2533,25.7203,46.9073,21.2071,42.7896,17.0413,38.9172,13.4184,35.2634,43.3066,41.2298,39.1931,37.7071,35.06,34.3906,31.0783,31.3324,27.3313,28.4434,860.8149,-406.1748
2020-05-25,199.9,247.0,196.9,231.57,4530088.58138,100.0,0.0,100.0,0.0,99.1192,0.0,97.5619,0.0,95.8036,0.0,95.181,0.0,92.6829,0.0,89.5879,0.0,85.2845,0.0,80.6169,0.0,78.306,7.3771,73.5754,5.4712,68.4379,3.7803,62.5835,2.2699,56.417,0.9127,58.5848,23.6747,53.5052,20.3972,48.1597,17.3977,42.5962,14.6423,37.1994,12.1025,44.7786,37.9654,40.1375,34.1965,35.3534,30.6847,30.5599,27.3802,26.3052,24.2651,35.4164,48.8927,31.3486,45.1322,27.3161,41.5364,23.5107,38.0857,20.1574,34.7715,34.8666,48.3805,30.6263,44.3889,26.5168,40.6146,22.6905,37.0481,19.3081,33.6637,37.5723,45.3408,33.0646,41.4372,28.5683,37.7492,24.3238,34.3359,20.4161,31.1217,868.0817,-398.9081
2020-06-01,231.56,253.8,225.0,244.56,4414708.13506,100.0,0.0,100.0,0.0,99.2471,0.0,97.9431,0.0,96.5109,0.0,100.0,0.0,100.0,0.0,99.7238,0.0,98.4395,0.0,96.9782,0.0,94.9148,0.0,92.7572,0.0,90.294,0.0,86.6993,0.0,82.5726,0.0,81.2906,6.7131,77.4022,5.221,73.1055,3.896,68.138,2.7116,62.2997,1.6464,64.2836,20.5325,59.8399,17.7782,55.0823,15.3324,49.9764,13.0914,44.7384,11.0306,51.4071,33.1043,47.1075,29.7092,42.6489,26.6904,38.1593,23.8625,33.8603,21.2079,42.1392,43.1191,38.2132,39.6567,34.2755,36.4111,30.4471,33.3303,26.8746,30.3867,41.885,42.5416,37.788,38.9606,33.6951,35.5754,29.7886,32.4415,26.1471,29.4757,875.9189,-391.0708
2020-06-08,244.57,250.28,226.2,231.77,3056442.5613,100.0,0.0,100.0,0.0,99.1811,0.0,97.763,0.0,96.2061,0.0,100.0,0.0,100.0,0.0,99.7332,0.0,98.505,0.0,97.1323,0.0,100.0,0.0,100.0,0.0,100.0,0.0,98.9763,0.0,97.5855,0.0,94.7705,0.0,92.7949,0.0,90.4956,0.0,87.3345,0.0,82.3908,0.0,82.4257,6.5944,78.8721,5.1707,74.8737,4.0127,70.1352,2.9811,64.2799,2.0561,66.8116,19.236,62.5998,16.5011,57.9781,14.3104,52.9581,12.3123,47.7219,10.4824,54.6592,30.6029,50.46,27.3593,46.0464,24.531,41.5226,21.9336,37.0549,19.5069,45.6956,39.9352,41.7807,36.6343,37.7723,33.5142,33.8187,30.6272,30.0098,27.8837,884.2895,-382.7002
2020-06-15,231.74,237.3,218.27,228.04,3144051.5027,100.0,0.0,100.0,0.0,99.0175,0.0,97.3116,0.0,95.4317,0.0,100.0,0.0,100.0,0.0,99.7055,0.0,98.3491,0.0,96.832,0.0,100.0,0.0,100.0,0.0,100.0,0.0,99.0178,0.0,97.7187,0.0,100.0,0.0,100.0,0.0,100.0,0.0,99.3684,0.0,96.6015,0.0,94.7499,0.1308,92.9305,0.0,90.7762,0.0,87.7385,0.0,82.5966,0.0,83.1811,6.7865,79.8421,5.1171,75.8524,4.0712,70.9759,3.1423,65.2048,2.312,68.522,18.3034,64.4475,15.6176,59.8864,13.5205,54.8727,11.6763,49.5529,9.9932,56.9453,28.8089,52.7994,25.7357,48.3798,22.9578,43.774,20.5211,39.1221,18.2539,893.1492,-373.8406
2020-06-22,228.03,249.24,216.0,224.93,4445766.32605,100.0,0.0,100.0,0.0,100.0,0.0,100.0,0.0,99.352,0.0,100.0,0.0,100.0,0.0,99.6446,0.0,97.9996,0.0,96.1441,0.0,100.0,0.0,100.0,0.0,100.0,0.0,98.9127,0.0,97.4742,0.0,100.0,0.0,100.0,0.0,100.0,0.0,99.3888,0.0,98.1223,0.0,100.0,0.0,100.0,0.0,100.0,0.0,99.3679,0.0,96.162,0.0,94.7334,0.5581,93.0183,0.0,90.6422,0.0,87.0714,0.0,81.9294,0.0,83.71,6.8824,80.5078,5.1235,76.5423,4.0567,71.6709,3.1946,65.9005,2.4259,69.7579,17.5844,65.7652,15.0503,61.2666,12.901,56.2073,11.1669,50.7612,9.5893,902.4505,-364.5393
2020-06-29,224.89,232.71,221.26,227.56,3100841.13838,100.0,0.0,100.0,0.0,100.0,0.0,100.0,0.0,99.2552,0.0,100.0,0.0,100.0,0.0,100.0,0.0,100.0,0.0,100.0,0.0,100.0,0.0,100.0,0.0,100.0,0.0,98.7308,0.0,97.0403,0.0,100.0,0.0,100.0,0.0,100.0,0.0,99.3542,0.0,98.0295,0.0,100.0,0.0,100.0,0.0,100.0,0.0,99.3986,0.0,98.1138,0.0,100.0,0.0,100.0,0.0,99.5989,0.0,98.1068,0.0,94.8011,0.0,94.8265,0.8551,93.2309,0.1034,90.8421,0.0,87.2985,0.0,82.3306,0.0,84.3399,6.8212,81.2904,5.1882,77.5498,3.9631,72.776,3.1591,67.0999,2.4429,912.1474,-354.8424
2020-07-06,227.54,248.88,226.93,242.79,4289886.14639,100.0,0.0,100.0,0.0,100.0,0.0,100.0,0.0,99.3464,0.0,100.0,0.0,100.0,0.0,100.0,0.0,100.0,0.0,100.0,0.0,100.0,0.0,100.0,0.0,100.0,0.0,100.0,0.0,100.0,0.0,100.0,0.0,100.0,0.0,100.0,0.0,99.3258,0.0,97.9509,0.0,100.0,0.0,100.0,0.0,100.0,0.0,99.4194,0.0,98.206,0.0,100.0,0.0,100.0,0.0,99.636,0.0,98.3969,0.0,96.9167,0.0,100.0,0.0,100.0,0.0,99.4597,0.0,97.9421,0.0,94.986,0.0,95.1572,1.0103,93.7516,0.339,91.7527,0.0,88.5513,0.0,84.1472,0.0,922.2009,-344.7889
2020-07-13,242.76,245.33,230.02,239.11,3001686.69182,100.0,0.0,100.0,0.0,100.0,0.0,100.0,0.0,99.1345,0.0,100.0,0.0,100.0,0.0,100.0,0.0,100.0,0.0,100.0,0.0,100.0,0.0,100.0,0.0,100.0,0.0,100.0,0.0,100.0,0.0,100.0,0.0,100.0,0.0,100.0,0.0,100.0,0.0,100.0,0.0,100.0,0.0,100.0,0.0,100.0,0.0,99.3864,0.0,98.1139,0.0,100.0,0.0,100.0,0.0,99.6339,0.0,98.4018,0.0,96.9576,0.0,100.0,0.0,100.0,0.0,99.4926,0.0,98.2723,0.0,96.8086,0.0,100.0,0.0,100.0,0.0,99.6366,0.0,98.1809,0.0,95.5286,0.0,932.5857,-334.4041
2020-07-20,239.12,318.75,234.05,311.0,6076641.38733,100.0,0.0,100.0,0.0,100.0,0.0,100.0,0.0,99.3942,0.0,100.0,0.0,100.0,0.0,100.0,0.0,100.0,0.0,100.0,0.0,100.0,0.0,100.0,0.0,100.0,0.0,100.0,0.0,100.0,0.0,100.0,0.0,100.0,0.0,100.0,0.0,100.0,0.0,100.0,0.0,100.0,0.0,100.0,0.0,100.0,0.0,100.0,0.0,100.0,0.0,100.0,0.0,100.0,0.0,99.7051,0.0,98.7374,0.0,97.65,0.0,100.0,0.0,100.0,0.0,99.5966,0.0,98.6568,0.0,97.5826,0.0,100.0,0.0,100.0,0.0,99.7243,0.0,98.8592,0.0,97.8516,0.0,943.2965,-323.6932
2020-07-27,311.02,415.85,305.86,372.42,9244824.67952,100.0,0.0,100.0,0.0,100.0,0.0,100.0,0.0,99.6623,0.0,100.0,0.0,100.0,0.0,100.0,0.0,100.0,0.0,100.0,0.0,100.0,0.0,100.0,0.0,100.0,0.0,100.0,0.0,100.0,0.0,100.0,0.0,100.0,0.0,100.0,0.0,100.0,0.0,100.0,0.0,100.0,0.0,100.0,0.0,100.0,0.0,100.0,0.0,100.0,0.0,100.0,0.0,100.0,0.0,100.0,0.0,100.0,0.0,100.0,0.0,100.0,0.0,100.0,0.0,99.6935,0.0,98.9957,0.0,98.2252,0.0,100.0,0.0,100.0,0.0,99.7921,0.0,99.1558,0.0,98.4437,0.0,954.3559,-312.6339
2020-08-03,372.45,407.0,362.85,390.14,6576993.39017,100.0,0.0,100.0,0.0,100.0,0.0,100.0,0.0,99.7581,0.0,100.0,0.0,100.0,0.0,100.0,0.0,100.0,0.0,100.0,0.0,100.0,0.0,100.0,0.0,100.0,0.0,100.0,0.0,100.0,0.0,100.0,0.0,100.0,0.0,100.0,0.0,100.0,0.0,100.0,0.0,100.0,0.0,100.0,0.0,100.0,0.0,100.0,0.0,100.0,0.0,100.0,0.0,100.0,0.0,100.0,0.0,100.0,0.0,100.0,0.0,100.0,0.0,100.0,0.0,100.0,0.0,100.0,0.0,100.0,0.0,100.0,0.0,100.0,0.0,99.8293,0.0,99.313,0.0,98.7457,0.0,965.8202,-301.1695
2020-08-10,390.14,444.71,365.85,433.62,6590597.87305,100.0,0.0,100.0,0.0,100.0,0.0,100.0,0.0,100.0,0.0,100.0,0.0,100.0,0.0,100.0,0.0,100.0,0.0,100.0,0.0,100.0,0.0,100.0,0.0,100.0,0.0,100.0,0.0,100.0,0.0,100.0,0.0,100.0,0.0,100.0,0.0,100.0,0.0,100.0,0.0,100.0,0.0,100.0,0.0,100.0,0.0,100.0,0.0,100.0,0.0,100.0,0.0,100.0,0.0,100.0,0.0,100.0,0.0,100.0,0.0,100.0,0.0,100.0,0.0,100.0,0.0,100.0,0.0,100.0,0.0,100.0,0.0,100.0,0.0,100.0,0.0,100.0,0.0,100.0,0.0,977.7861,-289.2036
2020-08-17,433.61,446.0,379.92,390.71,5203572.95772,100.0,0.0,100.0,0.0,100.0,0.0,100.0,0.0,100.0,0.0,100.0,0.0,100.0,0.0,100.0,0.0,100.0,0.0,100.0,0.0,100.0,0.0,100.0,0.0,100.0,0.0,100.0,0.0,100.0,0.0,100.0,0.0,100.0,0.0,100.0,0.0,100.0,0.0,100.0,0.0,100.0,0.0,100.0,0.0,100.0,0.0,100.0,0.0,100.0,0.0,100.0,0.0,100.0,0.0,100.0,0.0,100.0,0.0,100.0,0.0,100.0,0.0,100.0,0.0,100.0,0.0,100.0,0.0,100.0,0.0,100.0,0.0,100.0,0.0,100.0,0.0,100.0,0.0,100.0,0.0,990.3946,-276.5951
2020-08-24,390.72,429.89,370.0,428.94,5591687.53907,100.0,0.0,100.0,0.0,100.0,0.0,100.0,0.0,100.0,0.0,100.0,0.0,100.0,0.0,100.0,0.0,100.0,0.0,100.0,0.0,100.0,0.0,100.0,0.0,100.0,0.0,100.0,0.0,100.0,0.0,100.0,0.0,100.0,0.0,100.0,0.0,100.0,0.0,100.0,0.0,100.0,0.0,100.0,0.0,100.0,0.0,100.0,0.0,100.0,0.0,100.0,0.0,100.0,0.0,100.0,0.0,100.0,0.0,100.0,0.0,100.0,0.0,100.0,0.0,100.0,0.0,100.0,0.0,100.0,0.0,100.0,0.0,100.0,0.0,100.0,0.0,100.0,0.0,100.0,0.0,1003.8336,-263.1561
2020-08-31,428.94,488.84,308.42,352.8,13682780.96188,95.5467,2.1573,94.855,1.6777,94.1043,1.2286,93.2865,0.8072,92.3923,0.4111,97.0093,0.2983,96.2156,0.0,95.3628,0.0,94.4442,0.0,93.4518,0.0,98.4416,0.0,97.6927,0.0,96.8921,0.0,96.0344,0.0,95.1131,0.0,99.5995,0.0,98.8852,0.0,98.1236,0.0,97.3097,0.0,96.4379,0.0,100.0,0.0,99.9309,0.0,99.2239,0.0,98.4698,0.0,97.6637,0.0,100.0,0.0,100.0,0.0,100.0,0.0,99.5121,0.0,98.781,0.0,100.0,0.0,100.0,0.0,100.0,0.0,100.0,0.0,99.7631,0.0,100.0,0.0,100.0,0.0,100.0,0.0,100.0,0.0,100.0,0.0,1018.3379,-248.6518
2020-09-07,352.85,390.43,323.0,366.42,7754669.03464,93.9486,2.4775,92.7056,1.9173,91.3621,1.3977,89.9055,0.9144,88.3207,0.4639,96.951,0.2998,95.9295,0.0,94.6259,0.0,93.2349,0.0,91.7476,0.0,98.4001,0.0,97.6185,0.0,96.5054,0.0,95.005,0.0,93.4158,0.0,99.5998,0.0,98.881,0.0,98.1073,0.0,97.1126,0.0,95.579,0.0,100.0,0.0,99.931,0.0,99.2222,0.0,98.4589,0.0,97.5031,0.0,100.0,0.0,100.0,0.0,100.0,0.0,99.5084,0.0,98.7663,0.0,100.0,0.0,100.0,0.0,100.0,0.0,100.0,0.0,99.7598,0.0,100.0,0.0,100.0,0.0,100.0,0.0,100.0,0.0,100.0,0.0,1034.1864,-232.8033
2020-09-14,366.43,394.14,355.0,371.04,6092193.56225,91.9922,3.1827,89.93,2.4456,87.5966,1.7712,85.0847,1.1519,82.373,0.581,96.5058,0.3368,95.31,0.0,93.7764,0.0,92.1227,0.0,90.1017,0.0,98.3912,0.0,97.5989,0.0,96.4667,0.0,94.9349,0.0,93.3027,0.0,99.5939,0.0,98.86,0.0,98.0634,0.0,97.0319,0.0,95.4342,0.0,100.0,0.0,99.9313,0.0,99.2226,0.0,98.4531,0.0,97.4822,0.0,100.0,0.0,100.0,0.0,100.0,0.0,99.5096,0.0,98.7644,0.0,100.0,0.0,100.0,0.0,100.0,0.0,100.0,0.0,99.7593,0.0,100.0,0.0,100.0,0.0,100.0,0.0,100.0,0.0,100.0,0.0,1051.6967,-215.2931
2020-09-21,371.04,376.8,313.29,357.49,6100378.29173,84.0246,6.3154,80.5438,4.6147,76.7844,3.0473,72.8544,1.5981,68.742,0.7907,92.9758,0.993,90.8653,0.1513,88.3205,0.0,85.5968,0.0,82.4374,0.0,97.1899,0.0,95.9153,0.0,94.2375,0.0,92.1026,0.0,89.839,0.0,99.384,0.0,98.2969,0.0,97.1261,0.0,95.7012,0.0,93.707,0.0,100.0,0.0,99.6911,0.0,98.4785,0.0,97.1757,0.0,95.6425,0.0,100.0,0.0,100.0,0.0,99.7608,0.0,98.737,0.0,97.427,0.0,100.0,0.0,100.0,0.0,100.0,0.0,99.6795,0.0,98.8617,0.0,100.0,0.0,100.0,0.0,100.0,0.0,100.0,0.0,99.5928,0.0,1071.2161,-195.7736
2020-09-28,357.58,370.45,334.24,352.37,3981294.62941,65.0617,15.6811,59.3603,11.8361,53.6552,8.2394,48.0285,4.8677,42.4784,2.592,86.0995,3.0977,82.6127,1.339,78.6583,0.5476,74.526,0.0216,70.0201,0.0,94.0547,0.5711,91.9071,0.2021,89.2508,0.0,86.0549,0.0,82.6999,0.0,98.2257,0.0,96.6493,0.0,94.9556,0.0,92.9607,0.0,90.3431,0.0,99.6036,0.0,98.967,0.0,97.405,0.0,95.741,0.0,93.84,0.0,99.9419,0.0,99.5334,0.0,98.8403,0.0,97.3245,0.0,95.5041,0.0,100.0,0.0,99.9382,0.0,99.49,0.0,98.679,0.0,97.3436,0.0,100.0,0.0,100.0,0.0,99.8576,0.0,99.3665,0.0,98.4258,0.0,1093.1114,-173.8784
2020-10-05,352.34,378.4,332.18,374.16,3805329.06825,56.6807,20.6914,50.7466,15.7846,45.1218,11.0989,39.8216,6.6197,34.8186,3.5324,77.7343,4.9018,72.184,2.1006,66.0796,0.8445,59.7846,0.0327,53.2434,0.0,92.2382,0.7247,89.3742,0.254,85.8364,0.0,81.6135,0.0,77.1746,0.0,97.8048,0.0,95.8291,0.0,93.6795,0.0,91.1259,0.0,87.7843,0.0,99.5628,0.0,98.8551,0.0,97.1141,0.0,95.2464,0.0,93.1005,0.0,99.9422,0.0,99.5354,0.0,98.844,0.0,97.3299,0.0,95.5074,0.0,100.0,0.0,99.9378,0.0,99.4854,0.0,98.6637,0.0,97.3052,0.0,100.0,0.0,100.0,0.0,99.8591,0.0,99.3722,0.0,98.4374,0.0,1117.7546,-149.2352
2020-10-12,374.17,394.8,361.18,378.11,3956236.57263,26.3055,41.4837,21.0348,32.5353,16.8748,23.5077,13.3544,14.4001,10.3366,7.6513,71.8467,6.4747,65.3898,2.7852,58.6236,1.1143,51.9191,0.0429,45.3536,0.0,87.9783,1.0691,83.4052,0.3683,77.8156,0.0,71.3222,0.0,64.5552,0.0,97.1887,0.0,94.6255,0.0,91.8002,0.0,88.419,0.0,84.0293,0.0,99.471,0.0,98.6025,0.0,96.459,0.0,94.1344,0.0,91.4408,0.0,99.937,0.0,99.4915,0.0,98.7293,0.0,97.0556,0.0,95.0311,0.0,100.0,0.0,99.9382,0.0,99.4884,0.0,98.6705,0.0,97.3166,0.0,100.0,0.0,100.0,0.0,99.8585,0.0,99.3683,0.0,98.4246,0.0,1145.5089,-121.4809
2020-10-19,378.12,420.73,365.27,405.86,5074779.73349,61.7452,16.2647,55.5758,11.9536,49.819,7.9267,44.5308,4.1567,39.6562,2.3427,61.7669,9.5969,54.3394,4.1658,47.2148,1.6524,40.6045,0.0629,34.7618,0.0,86.6643,1.2233,81.8242,0.4223,76.0732,0.0,69.6107,0.0,63.1121,0.0,96.1798,0.0,92.6618,0.0,88.7451,0.0,84.0503,0.0,78.0853,0.0,99.3759,0.0,98.3402,0.0,95.782,0.0,92.9908,0.0,89.7445,0.0,99.9283,0.0,99.4179,0.0,98.537,0.0,96.5976,0.0,94.2396,0.0,100.0,0.0,99.9352,0.0,99.4618,0.0,98.5982,0.0,97.1651,0.0,100.0,0.0,100.0,0.0,99.8636,0.0,99.3918,0.0,98.4847,0.0,1176.7128,-90.277
2020-10-26,405.85,411.11,373.29,396.67,4755933.41039,70.3841,13.7072,65.4349,10.1889,60.4088,6.8292,55.4872,3.6176,50.667,2.0673,78.2186,6.5284,72.8901,3.4766,66.8388,1.4252,60.7094,0.0559,54.3963,0.0,80.2486,1.808,73.3724,0.6152,65.6406,0.0,57.6159,0.0,49.9989,0.0,95.4433,0.0,91.2956,0.0,86.7316,0.0,81.3535,0.0,74.7209,0.0,99.1539,0.0,97.7161,0.0,94.1624,0.0,90.238,0.0,85.6444,0.0,99.9149,0.0,99.3035,0.0,98.2359,0.0,95.8794,0.0,92.9986,0.0,100.0,0.0,99.9253,0.0,99.3761,0.0,98.3648,0.0,96.6761,0.0,100.0,0.0,100.0,0.0,99.8547,0.0,99.3498,0.0,98.3752,0.0,1211.6646,-55.3251
2020-11-02,396.68,468.28,370.23,454.3,8341893.09966,82.013,8.5994,79.4599,6.439,76.8154,4.3463,74.0746,2.318,71.2321,1.348,86.6112,4.3252,84.0159,2.3397,81.2651,0.9781,78.3446,0.0392,74.8499,0.0,91.9207,1.2434,89.5279,0.4395,86.1652,0.0,81.8218,0.0,77.3346,0.0,95.1166,0.0,90.7882,0.0,86.1487,0.0,80.828,0.0,74.437,0.0,99.166,0.0,97.7721,0.0,94.3665,0.0,90.6893,0.0,86.478,0.0,99.9024,0.0,99.1979,0.0,97.9605,0.0,95.2327,0.0,91.9019,0.0,100.0,0.0,99.92,0.0,99.3302,0.0,98.2422,0.0,96.4243,0.0,100.0,0.0,100.0,0.0,99.8457,0.0,99.3081,0.0,98.2676,0.0,1250.6081,-16.3816
2020-11-09,454.29,478.01,433.09,448.08,6539780.57886,91.8354,4.1418,90.637,3.2927,89.3431,2.495,87.9418,1.7441,86.4191,1.0359,89.1081,3.5536,87.0334,1.9266,84.8472,0.8086,82.5403,0.0325,80.1022,0.0,93.4679,1.0626,91.6711,0.3803,89.7348,0.0,87.6424,0.0,85.3739,0.0,97.1281,0.0,95.4293,0.0,93.5318,0.0,91.0174,0.0,87.1753,0.0,99.053,0.0,97.4722,0.0,93.6471,0.0,89.5688,0.0,84.9673,0.0,99.8983,0.0,99.1662,0.0,97.8875,0.0,95.0872,0.0,91.703,0.0,100.0,0.0,99.9071,0.0,99.2183,0.0,97.9382,0.0,95.7917,0.0,100.0,0.0,100.0,0.0,99.8319,0.0,99.2439,0.0,98.1019,0.0,1293.72,26.7302
2020-11-16,448.07,580.88,445.45,560.03,9174279.77279,100.0,0.0,100.0,0.0,100.0,0.0,100.0,0.0,100.0,0.0,96.0524,1.5104,95.3413,0.9859,94.581,0.4898,93.7662,0.0199,92.8909,0.0,95.8722,0.6958,94.7847,0.2518,93.6348,0.0,92.417,0.0,91.1251,0.0,98.1408,0.0,97.1,0.0,95.9854,0.0,94.7888,0.0,93.5008,0.0,99.3796,0.0,98.4986,0.0,97.1845,0.0,95.7584,0.0,94.004,0.0,99.9101,0.0,99.2718,0.0,98.1771,0.0,95.8,0.0,92.9694,0.0,100.0,0.0,99.9194,0.0,99.3293,0.0,98.2507,0.0,96.4659,0.0,100.0,0.0,100.0,0.0,99.8354,0.0,99.262,0.0,98.153,0.0,1341.1002,74.1105
2020-11-23,560.03,623.0,481.0,576.3,10429209.47146,100.0,0.0,100.0,0.0,100.0,0.0,100.0,0.0,100.0,0.0,100.0,0.0,100.0,0.0,100.0,0.0,100.0,0.0,100.0,0.0,97.9613,0.5134,97.5144,0.1863,97.0358,0.0,96.5219,0.0,95.9686,0.0,98.5802,0.0,97.7973,0.0,96.9682,0.0,96.0886,0.0,95.1539,0.0,99.5184,0.0,98.846,0.0,97.8556,0.0,96.8009,0.0,95.6755,0.0,99.93,0.0,99.4407,0.0,98.6188,0.0,97.4094,0.0,96.1087,0.0,100.0,0.0,99.925,0.0,99.3791,0.0,98.3885,0.0,96.7583,0.0,100.0,0.0,100.0,0.0,99.8504,0.0,99.3331,0.0,98.3401,0.0,1392.7661,125.7764
2020-11-30,576.32,635.7,560.0,601.54,8027609.54695,100.0,0.0,100.0,0.0,100.0,0.0,100.0,0.0,100.0,0.0,100.0,0.0,100.0,0.0,100.0,0.0,100.0,0.0,100.0,0.0,100.0,0.0,100.0,0.0,100.0,0.0,100.0,0.0,100.0,0.0,99.0655,0.0,98.766,0.0,98.445,0.0,98.1,0.0,97.7284,0.0,99.6045,0.0,99.0562,0.0,98.2522,0.0,97.4019,0.0,96.5013,0.0,99.9418,0.0,99.5381,0.0,98.8664,0.0,97.8857,0.0,96.843,0.0,100.0,0.0,99.9382,0.0,99.4924,0.0,98.6933,0.0,97.6146,0.0,100.0,0.0,100.0,0.0,99.8587,0.0,99.372,0.0,98.4407,0.0,1448.6497,181.66
2020-12-07,601.59,603.15,530.43,590.7,4909009.26296,100.0,0.0,100.0,0.0,100.0,0.0,100.0,0.0,100.0,0.0,100.0,0.0,100.0,0.0,100.0,0.0,100.0,0.0,100.0,0.0,100.0,0.0,100.0,0.0,100.0,0.0,100.0,0.0,100.0,0.0,100.0,0.0,100.0,0.0,100.0,0.0,100.0,0.0,100.0,0.0,99.6559,0.0,99.3838,0.0,99.092,0.0,98.7784,0.0,98.4403,0.0,99.948,0.0,99.5884,0.0,98.9921,0.0,98.123,0.0,97.2021,0.0,100.0,0.0,99.9446,0.0,99.5471,0.0,98.8379,0.0,97.8848,0.0,100.0,0.0,100.0,0.0,99.8746,0.0,99.4451,0.0,98.6284,0.0,1508.6001,241.6104
2020-12-14,590.81,676.25,575.6,638.18,6936775.7109,100.0,0.0,100.0,0.0,100.0,0.0,100.0,0.0,100.0,0.0,100.0,0.0,100.0,0.0,100.0,0.0,100.0,0.0,100.0,0.0,100.0,0.0,100.0,0.0,100.0,0.0,100.0,0.0,100.0,0.0,100.0,0.0,100.0,0.0,100.0,0.0,100.0,0.0,100.0,0.0,100.0,0.0,100.0,0.0,100.0,0.0,100.0,0.0,100.0,0.0,99.9552,0.0,99.646,0.0,99.3155,0.0,98.9613,0.0,98.5808,0.0,100.0,0.0,99.9512,0.0,99.6022,0.0,98.9822,0.0,98.1517,0.0,100.0,0.0,100.0,0.0,99.8891,0.0,99.5115,0.0,98.7964,0.0,1572.3885,305.3987
2020-12-21,638.1,717.13,551.28,685.11,7473808.93661,100.0,0.0,100.0,0.0,100.0,0.0,100.0,0.0,100.0,0.0,100.0,0.0,100.0,0.0,100.0,0.0,100.0,0.0,100.0,0.0,100.0,0.0,100.0,0.0,100.0,0.0,100.0,0.0,100.0,0.0,100.0,0.0,100.0,0.0,100.0,0.0,100.0,0.0,100.0,0.0,100.0,0.0,100.0,0.0,100.0,0.0,100.0,0.0,100.0,0.0,100.0,0.0,100.0,0.0,100.0,0.0,100.0,0.0,100.0,0.0,100.0,0.0,99.9579,0.0,99.6578,0.0,99.3365,0.0,98.9917,0.0,100.0,0.0,100.0,0.0,99.9026,0.0,99.572,0.0,98.9482,0.0,1639.7169,372.7272
2020-12-28,685.1,1011.07,681.04,978.28,9447316.9862,100.0,0.0,100.0,0.0,100.0,0.0,100.0,0.0,100.0,0.0,100.0,0.0,100.0,0.0,100.0,0.0,100.0,0.0,100.0,0.0,100.0,0.0,100.0,0.0,100.0,0.0,100.0,0.0,100.0,0.0,100.0,0.0,100.0,0.0,100.0,0.0,100.0,0.0,100.0,0.0,100.0,0.0,100.0,0.0,100.0,0.0,100.0,0.0,100.0,0.0,100.0,0.0,100.0,0.0,100.0,0.0,100.0,0.0,100.0,0.0,100.0,0.0,100.0,0.0,100.0,0.0,100.0,0.0,100.0,0.0,100.0,0.0,100.0,0.0,99.928,0.0,99.6858,0.0,99.428,0.0,1710.2292,443.2394
2021-01-04,978.33,1348.33,890.0,1254.25,16846289.4178,100.0,0.0,100.0,0.0,100.0,0.0,100.0,0.0,100.0,0.0,100.0,0.0,100.0,0.0,100.0,0.0,100.0,0.0,100.0,0.0,100.0,0.0,100.0,0.0,100.0,0.0,100.0,0.0,100.0,0.0,100.0,0.0,100.0,0.0,100.0,0.0,100.0,0.0,100.0,0.0,100.0,0.0,100.0,0.0,100.0,0.0,100.0,0.0,100.0,0.0,100.0,0.0,100.0,0.0,100.0,0.0,100.0,0.0,100.0,0.0,100.0,0.0,100.0,0.0,100.0,0.0,100.0,0.0,100.0,0.0,100.0,0.0,100.0,0.0,100.0,0.0,100.0,0.0,100.0,0.0,1783.5218,516.5321
2021-01-11,1254.24,1298.0,915.0,1232.45,14358744.29849,100.0,0.0,100.0,0.0,100.0,0.0,100.0,0.0,100.0,0.0,100.0,0.0,100.0,0.0,100.0,0.0,100.0,0.0,100.0,0.0,100.0,0.0,100.0,0.0,100.0,0.0,100.0,0.0,100.0,0.0,100.0,0.0,100.0,0.0,100.0,0.0,100.0,0.0,100.0,0.0,100.0,0.0,100.0,0.0,100.0,0.0,100.0,0.0,100.0,0.0,100.0,0.0,100.0,0.0,100.0,0.0,100.0,0.0,100.0,0.0,100.0,0.0,100.0,0.0,100.0,0.0,100.0,0.0,100.0,0.0,100.0,0.0,100.0,0.0,100.0,0.0,100.0,0.0,100.0,0.0,1859.1554,592.1656
2021-01-18,1232.5,1438.3,1042.31,1392.51,12347266.70021,100.0,0.0,100.0,0.0,100.0,0.0,100.0,0.0,100.0,0.0,100.0,0.0,100.0,0.0,100.0,0.0,100.0,0.0,100.0,0.0,100.0,0.0,100.0,0.0,100.0,0.0,100.0,0.0,100.0,0.0,100.0,0.0,100.0,0.0,100.0,0.0,100.0,0.0,100.0,0.0,100.0,0.0,100.0,0.0,100.0,0.0,100.0,0.0,100.0,0.0,100.0,0.0,100.0,0.0,100.0,0.0,100.0,0.0,100.0,0.0,100.0,0.0,100.0,0.0,100.0,0.0,100.0,0.0,100.0,0.0,100.0,0.0,100.0,0.0,100.0,0.0,100.0,0.0,100.0,0.0,1936.6636,669.6739
2021-01-25,1392.19,1475.0,1207.0,1312.55,11196117.05291,100.0,0.0,100.0,0.0,100.0,0.0,100.0,0.0,100.0,0.0,100.0,0.0,100.0,0.0,100.0,0.0,100.0,0.0,100.0,0.0,100.0,0.0,100.0,0.0,100.0,0.0,100.0,0.0,100.0,0.0,100.0,0.0,100.0,0.0,100.0,0.0,100.0,0.0,100.0,0.0,100.0,0.0,100.0,0.0,100.0,0.0,100.0,0.0,100.0,0.0,100.0,0.0,100.0,0.0,100.0,0.0,100.0,0.0,100.0,0.0,100.0,0.0,100.0,0.0,100.0,0.0,100.0,0.0,100.0,0.0,100.0,0.0,100.0,0.0,100.0,0.0,100.0,0.0,100.0,0.0,2015.5604,748.5707
2021-02-01,1312.45,1760.49,1269.99,1611.62,9848664.63364,100.0,0.0,100.0,0.0,100.0,0.0,100.0,0.0,100.0,0.0,100.0,0.0,100.0,0.0,100.0,0.0,100.0,0.0,100.0,0.0,100.0,0.0,100.0,0.0,100.0,0.0,100.0,0.0,100.0,0.0,100.0,0.0,100.0,0.0,100.0,0.0,100.0,0.0,100.0,0.0,100.0,0.0,100.0,0.0,100.0,0.0,100.0,0.0,100.0,0.0,100.0,0.0,100.0,0.0,100.0,0.0,100.0,0.0,100.0,0.0,100.0,0.0,100.0,0.0,100.0,0.0,100.0,0.0,100.0,0.0,100.0,0.0,100.0,0.0,100.0,0.0,100.0,0.0,100.0,0.0,2095.3439,828.3542
2021-02-08,1611.46,1871.72,1563.89,1800.42,6832312.13113,100.0,0.0,100.0,0.0,100.0,0.0,100.0,0.0,100.0,0.0,100.0,0.0,100.0,0.0,100.0,0.0,100.0,0.0,100.0,0.0,100.0,0.0,100.0,0.0,100.0,0.0,100.0,0.0,100.0,0.0,100.0,0.0,100.0,0.0,100.0,0.0,100.0,0.0,100.0,0.0,100.0,0.0,100.0,0.0,100.0,0.0,100.0,0.0,100.0,0.0,100.0,0.0,100.0,0.0,100.0,0.0,100.0,0.0,100.0,0.0,100.0,0.0,100.0,0.0,100.0,0.0,100.0,0.0,100.0,0.0,100.0,0.0,100.0,0.0,100.0,0.0,100.0,0.0,100.0,0.0,2175.4984,908.5086
2021-02-15,1800.03,2042.34,1655.67,1933.53,6415195.21066,100.0,0.0,100.0,0.0,100.0,0.0,100.0,0.0,100.0,0.0,100.0,0.0,100.0,0.0,100.0,0.0,100.0,0.0,100.0,0.0,100.0,0.0,100.0,0.0,100.0,0.0,100.0,0.0,100.0,0.0,100.0,0.0,100.0,0.0,100.0,0.0,100.0,0.0,100.0,0.0,100.0,0.0,100.0,0.0,100.0,0.0,100.0,0.0,100.0,0.0,100.0,0.0,100.0,0.0,100.0,0.0,100.0,0.0,100.0,0.0,100.0,0.0,100.0,0.0,100.0,0.0,100.0,0.0,100.0,0.0,100.0,0.0,100.0,0.0,100.0,0.0,100.0,0.0,100.0,0.0,2255.4945,988.5047
2021-02-22,1933.54,1936.29,1293.18,1419.18,10465746.31715,95.1223,2.151,94.3159,1.5715,93.4482,1.0258,92.5121,0.511,91.4991,0.0245,97.7999,0.3078,97.2418,0.0,96.6422,0.0,95.9963,0.0,95.2983,0.0,99.2914,0.0,98.8081,0.0,98.2908,0.0,97.7357,0.0,97.1383,0.0,100.0,0.0,99.7498,0.0,99.2097,0.0,98.6319,0.0,98.0123,0.0,100.0,0.0,100.0,0.0,100.0,0.0,99.4966,0.0,98.8945,0.0,100.0,0.0,100.0,0.0,100.0,0.0,100.0,0.0,99.6904,0.0,100.0,0.0,100.0,0.0,100.0,0.0,100.0,0.0,100.0,0.0,100.0,0.0,100.0,0.0,100.0,0.0,100.0,0.0,100.0,0.0,2334.7902,1067.8005
2021-03-01,1418.67,1734.16,1409.91,1726.16,6929607.56181,94.8058,2.2847,93.9426,1.6683,93.0123,1.0885,92.0069,0.5419,90.9168,0.026,97.5747,0.335,96.9482,0.0,96.2698,0.0,95.5328,0.0,94.7292,0.0,99.2709,0.0,98.7706,0.0,98.2321,0.0,97.651,0.0,97.0218,0.0,100.0,0.0,99.759,0.0,99.2377,0.0,98.6783,0.0,98.0765,0.0,100.0,0.0,100.0,0.0,100.0,0.0,99.516,0.0,98.9347,0.0,100.0,0.0,100.0,0.0,100.0,0.0,100.0,0.0,99.7036,0.0,100.0,0.0,100.0,0.0,100.0,0.0,100.0,0.0,100.0,0.0,100.0,0.0,100.0,0.0,100.0,0.0,100.0,0.0,100.0,0.0,2412.8336,1145.8438
2021-03-08,1726.46,1944.3,1664.96,1848.1,6286994.50162,94.4675,2.4366,93.5505,1.7798,92.5631,1.1615,91.4969,0.5784,90.342,0.0278,97.4985,0.3455,96.8522,0.0,96.1524,0.0,95.392,0.0,94.5629,0.0,99.2237,0.0,98.6879,0.0,98.1082,0.0,97.4792,0.0,96.7942,0.0,100.0,0.0,99.7573,0.0,99.2309,0.0,98.6642,0.0,98.0522,0.0,100.0,0.0,100.0,0.0,100.0,0.0,99.5395,0.0,98.9857,0.0,100.0,0.0,100.0,0.0,100.0,0.0,100.0,0.0,99.7184,0.0,100.0,0.0,100.0,0.0,100.0,0.0,100.0,0.0,100.0,0.0,100.0,0.0,100.0,0.0,100.0,0.0,100.0,0.0,100.0,0.0,2489.0695,1222.0797
2021-03-15,1848.1,1891.76,1711.68,1782.98,4470159.77967,94.2406,2.5571,93.3019,1.8709,92.2961,1.2229,91.2157,0.61,90.0521,0.0293,97.2295,0.3807,96.5084,0.0,95.725,0.0,94.8708,0.0,93.9358,0.0,99.1727,0.0,98.5996,0.0,97.9778,0.0,97.3008,0.0,96.5609,0.0,100.0,0.0,99.7355,0.0,99.1593,0.0,98.5345,0.0,97.8549,0.0,100.0,0.0,100.0,0.0,100.0,0.0,99.5235,0.0,98.9476,0.0,100.0,0.0,100.0,0.0,100.0,0.0,100.0,0.0,99.7243,0.0,100.0,0.0,100.0,0.0,100.0,0.0,100.0,0.0,100.0,0.0,100.0,0.0,100.0,0.0,100.0,0.0,100.0,0.0,100.0,0.0,2562.9523,1295.9626
2021-03-22,1783.23,1807.51,1536.92,1687.01,3923684.95499,92.763,3.1695,91.1738,2.3123,89.3854,1.5073,87.496,0.7499,85.4965,0.036,96.9691,0.4172,96.1821,0.0,95.328,0.0,94.3978,0.0,93.3239,0.0,99.0543,0.0,98.3942,0.0,97.6732,0.0,96.8826,0.0,96.0118,0.0,100.0,0.0,99.7098,0.0,99.075,0.0,98.3831,0.0,97.626,0.0,100.0,0.0,100.0,0.0,100.0,0.0,99.4661,0.0,98.8155,0.0,100.0,0.0,100.0,0.0,100.0,0.0,100.0,0.0,99.7075,0.0,100.0,0.0,100.0,0.0,100.0,0.0,100.0,0.0,100.0,0.0,100.0,0.0,100.0,0.0,100.0,0.0,100.0,0.0,100.0,0.0,2633.965,1366.9752
2021-03-29,1687.16,2146.0,1677.85,2075.69,4835867.4205,92.1012,3.4462,90.3638,2.5122,88.4105,1.6364,86.3464,0.8135,84.1617,0.039,96.8563,0.4363,96.0497,0.0,95.1788,0.0,94.2356,0.0,93.1523,0.0,99.0952,0.0,98.4711,0.0,97.7963,0.0,97.0645,0.0,96.2681,0.0,100.0,0.0,99.7057,0.0,99.0629,0.0,98.364,0.0,97.6012,0.0,100.0,0.0,100.0,0.0,100.0,0.0,99.4698,0.0,98.825,0.0,100.0,0.0,100.0,0.0,100.0,0.0,100.0,0.0,99.7008,0.0,100.0,0.0,100.0,0.0,100.0,0.0,100.0,0.0,100.0,0.0,100.0,0.0,100.0,0.0,100.0,0.0,100.0,0.0,100.0,0.0,2701.644,1434.6543
2021-04-05,2075.7,2200.0,1930.01,2151.36,4226761.72748,91.1796,3.8077,89.2177,2.7695,87.0086,1.8003,84.6656,0.8933,82.1759,0.0427,96.5948,0.4727,95.7215,0.0,94.7788,0.0,93.758,0.0,92.5866,0.0,99.0612,0.0,98.4163,0.0,97.7213,0.0,96.9704,0.0,96.1565,0.0,100.0,0.0,99.7155,0.0,99.0974,0.0,98.4301,0.0,97.7075,0.0,100.0,0.0,100.0,0.0,100.0,0.0,99.463,0.0,98.8107,0.0,100.0,0.0,100.0,0.0,100.0,0.0,100.0,0.0,99.7024,0.0,100.0,0.0,100.0,0.0,100.0,0.0,100.0,0.0,100.0,0.0,100.0,0.0,100.0,0.0,100.0,0.0,100.0,0.0,100.0,0.0,2765.6101,1498.6203
2021-04-12,2151.42,2548.29,1946.8,2235.64,6115364.25272,100.0,0.0,99.5104,0.0,98.8318,0.0,98.088,0.0,97.2691,0.0,96.2608,0.5151,95.291,0.0,94.239,0.0,93.0939,0.0,91.7751,0.0,98.9965,0.0,98.3076,0.0,97.5658,0.0,96.7649,0.0,95.8976,0.0,100.0,0.0,99.7067,0.0,99.0706,0.0,98.3855,0.0,97.6456,0.0,100.0,0.0,100.0,0.0,100.0,0.0,99.4805,0.0,98.8526,0.0,100.0,0.0,100.0,0.0,100.0,0.0,100.0,0.0,99.6995,0.0,100.0,0.0,100.0,0.0,100.0,0.0,100.0,0.0,100.0,0.0,100.0,0.0,100.0,0.0,100.0,0.0,100.0,0.0,100.0,0.0,2825.6002,1558.6105
2021-04-19,2235.65,2644.47,2055.0,2320.49,9598920.80397,100.0,0.0,99.546,0.0,98.9199,0.0,98.238,0.0,97.4922,0.0,100.0,0.0,100.0,0.0,100.0,0.0,100.0,0.0,99.9265,0.0,98.9175,0.0,98.173,0.0,97.3703,0.0,96.5022,0.0,95.5604,0.0,100.0,0.0,99.6902,0.0,99.0186,0.0,98.2959,0.0,97.5158,0.0,100.0,0.0,100.0,0.0,100.0,0.0,99.4679,0.0,98.8258,0.0,100.0,0.0,100.0,0.0,100.0,0.0,100.0,0.0,99.7086,0.0,100.0,0.0,100.0,0.0,100.0,0.0,100.0,0.0,100.0,0.0,100.0,0.0,100.0,0.0,100.0,0.0,100.0,0.0,100.0,0.0,2881.4998,1614.51
2021-04-26,2320.44,2985.0,2303.64,2949.56,5669052.5008,100.0,0.0,99.6581,0.0,99.191,0.0,98.6878,0.0,98.1443,0.0,100.0,0.0,100.0,0.0,100.0,0.0,100.0,0.0,99.9447,0.0,100.0,0.0,100.0,0.0,100.0,0.0,100.0,0.0,100.0,0.0,100.0,0.0,99.7174,0.0,99.1076,0.0,98.4557,0.0,97.7572,0.0,100.0,0.0,100.0,0.0,100.0,0.0,99.5099,0.0,98.9222,0.0,100.0,0.0,100.0,0.0,100.0,0.0,100.0,0.0,99.7332,0.0,100.0,0.0,100.0,0.0,100.0,0.0,100.0,0.0,100.0,0.0,100.0,0.0,100.0,0.0,100.0,0.0,100.0,0.0,100.0,0.0,2933.3688,1666.3791
2021-05-03,2949.33,3983.65,2949.32,3923.95,8141949.96585,100.0,0.0,99.7865,0.0,99.4969,0.0,99.1875,0.0,98.8564,0.0,100.0,0.0,100.0,0.0,100.0,0.0,100.0,0.0,99.9627,0.0,100.0,0.0,100.0,0.0,100.0,0.0,100.0,0.0,100.0,0.0,100.0,0.0,100.0,0.0,100.0,0.0,100.0,0.0,100.0,0.0,100.0,0.0,100.0,0.0,100.0,0.0,99.6063,0.0,99.1379,0.0,100.0,0.0,100.0,0.0,100.0,0.0,100.0,0.0,99.7801,0.0,100.0,0.0,100.0,0.0,100.0,0.0,100.0,0.0,100.0,0.0,100.0,0.0,100.0,0.0,100.0,0.0,100.0,0.0,100.0,0.0,2981.4598,1714.47
2021-05-10,3923.95,4372.72,3343.06,3582.1,9789006.91047,100.0,0.0,100.0,0.0,100.0,0.0,100.0,0.0,100.0,0.0,100.0,0.0,100.0,0.0,100.0,0.0,100.0,0.0,99.9678,0.0,100.0,0.0,100.0,0.0,100.0,0.0,100.0,0.0,100.0,0.0,100.0,0.0,100.0,0.0,100.0,0.0,100.0,0.0,100.0,0.0,100.0,0.0,100.0,0.0,100.0,0.0,100.0,0.0,100.0,0.0,100.0,0.0,100.0,0.0,100.0,0.0,100.0,0.0,99.7934,0.0,100.0,0.0,100.0,0.0,100.0,0.0,100.0,0.0,100.0,0.0,100.0,0.0,100.0,0.0,100.0,0.0,100.0,0.0,100.0,0.0,3026.2225,1759.2328
2021-05-17,3581.81,3587.06,1728.74,2096.39,17769636.20886,82.3656,12.8915,81.0438,11.8253,79.6601,10.8013,78.2097,9.8169,76.688,8.87,85.9273,10.1069,84.8228,9.2149,83.6668,8.358,82.4554,7.5342,81.1848,6.7416,88.0029,8.2932,86.9708,7.4605,85.8904,6.6607,84.758,5.8918,83.57,5.1521,90.1299,6.5849,89.2129,5.8476,88.252,5.1399,87.2442,4.46,86.1858,3.8063,92.1098,5.0654,91.3195,4.4329,90.4905,3.8262,89.6199,3.2438,88.7047,2.6843,93.6545,3.8462,92.9486,3.2915,92.2052,2.7611,91.421,2.2535,90.5928,1.7673,94.7331,2.9146,94.0597,2.3992,93.3461,1.9087,92.5884,1.4413,91.7826,0.9954,96.0159,2.0305,95.4539,1.6044,94.857,1.1995,94.2218,0.8143,93.5446,0.4473,3068.2946,1801.3049
2021-05-24,2096.63,2910.0,2079.94,2385.98,11069936.93243,74.688,17.5961,72.6548,15.765,70.5772,13.9707,68.4536,12.2121,66.2826,10.4882,79.5521,13.667,77.7448,12.0756,75.8891,10.5228,73.9831,9.007,72.0245,7.5271,83.6709,10.3372,82.073,8.9318,80.4319,7.5607,78.7457,6.2226,77.0127,5.2522,86.3335,7.9874,84.8115,6.6617,83.2451,5.3767,81.6321,4.6438,79.9707,3.9456,89.0668,5.7998,87.6814,4.7188,86.2512,4.0552,84.7739,3.4236,83.2473,2.8218,91.5874,4.0578,90.3492,3.4614,89.0654,2.8948,87.7334,2.3557,86.3504,1.8423,93.594,2.9661,92.4563,2.4369,91.2701,1.9352,90.0322,1.4588,88.7392,1.0058,95.1472,2.1915,94.0786,1.7259,92.956,1.2863,91.7755,0.8706,90.5323,0.4769,3108.4759,1841.4862
2021-05-31,2385.82,2891.95,2271.44,2711.92,7305827.50833,72.9131,18.3654,70.1949,16.3585,67.4662,14.4145,64.7377,12.5304,62.0092,10.7035,78.2177,14.2474,76.1065,12.5255,73.5969,10.8618,71.0679,9.2534,68.5192,7.6975,82.6624,10.751,80.8592,9.245,78.9491,7.7895,76.6336,6.382,74.2912,5.3623,86.3642,7.8546,84.786,6.529,83.1487,5.2524,81.4488,4.5235,79.3322,3.8329,88.8708,5.8204,87.4119,4.7201,85.8939,4.0437,84.3131,3.4038,82.6329,2.7975,91.3115,4.1443,90.0023,3.5257,88.6365,2.941,87.2101,2.3876,85.7192,1.8629,93.4608,3.0043,92.2832,2.4639,91.0501,1.9533,89.7575,1.4701,88.4009,1.0121,95.2148,2.154,94.155,1.6952,93.0394,1.2626,91.8636,0.8541,90.6224,0.4676,3147.6886,1880.6989
2021-06-07,2711.92,2847.55,2256.22,2509.33,6934583.77736,67.6396,20.8071,64.4147,18.0024,61.2558,15.5682,58.1686,13.4481,55.1507,11.4177,73.7679,15.9838,71.0533,13.5724,68.049,11.7057,65.0851,9.9202,62.1607,8.2108,79.0934,11.7186,76.6724,9.9423,74.1668,8.3332,71.3387,6.7932,68.5282,5.6776,83.6855,8.4459,81.5218,6.9877,79.309,5.596,77.0453,4.7953,74.4299,4.044,87.6012,5.9204,85.6812,4.7855,83.7123,4.0865,81.6925,3.4293,79.5908,2.8104,90.3541,4.2899,88.5371,3.6369,86.6677,3.024,84.7438,2.4474,82.7629,1.904,92.9746,3.1515,91.2902,2.5772,89.5503,2.0375,87.752,1.5295,85.8922,1.0505,94.9852,2.2353,93.817,1.7553,92.2389,1.3047,90.5973,0.8808,88.8885,0.4813,3186.9248,1919.9351
2021-06-14,2509.33,2640.0,2040.68,2243.47,4489080.67414,54.2415,30.8822,50.6808,26.982,47.3107,23.3185,44.1182,19.9081,41.0896,16.5635,65.8065,21.7664,62.7024,18.6721,59.4917,16.0398,56.3865,13.4753,53.3815,10.9762,71.8882,16.6897,69.0122,14.2322,66.1072,11.9264,63.0384,9.6849,60.0436,7.8711,77.3531,12.5283,74.7026,10.4403,72.0339,8.4186,69.3471,6.9951,66.4442,5.6454,82.1743,9.1649,79.7627,7.4593,77.3245,6.2021,74.859,5.009,72.3442,3.875,86.2928,6.568,84.0898,5.4462,81.855,4.3811,79.5877,3.3683,77.2872,2.4042,89.2557,4.9268,87.1243,3.8909,84.955,2.907,82.7467,1.9714,80.4985,1.1073,91.8312,3.4992,90.1679,2.5926,88.1196,1.7335,86.02,0.9407,83.8673,0.5125,3227.1861,1960.1964
2021-06-21,2243.49,2260.16,1700.48,1982.28,7332181.21578,23.6349,60.4326,21.0005,55.6029,18.6628,50.3382,16.5623,44.8571,14.6644,39.22,51.385,33.9863,48.0052,30.0562,44.8088,26.3774,41.7984,22.7019,38.9581,19.0298,62.5112,24.6872,59.4432,21.6512,56.4177,18.7064,53.4087,15.7879,50.5223,13.229,68.5244,19.6986,65.5902,17.0301,62.6844,14.4024,59.8063,12.3002,56.8776,10.2786,74.0821,15.4613,71.3391,13.1953,68.6069,11.3326,65.8856,9.5424,63.1627,7.8204,78.9946,11.9874,76.4287,10.3171,73.861,8.713,71.2914,7.1715,68.72,5.6889,83.2807,9.2967,80.8777,7.8186,78.4646,6.3978,76.0414,5.031,73.6079,3.7408,86.1434,7.3692,84.0791,6.0096,81.7061,4.7061,79.3098,3.4773,76.8898,2.6199,3269.4199,2002.4302
2021-06-28,1982.27,2389.93,1960.52,2322.69,5406154.19687,0.0411,91.4092,0.0,88.1922,0.0,83.2533,0.0,76.4501,0.0,68.9057,26.6771,55.5849,23.2262,49.9372,20.6141,44.0307,18.2953,38.0739,16.2229,32.0662,53.6518,30.185,50.0469,26.3599,46.5988,22.674,43.388,19.0531,40.3912,15.8674,64.469,21.4858,61.1408,18.4736,57.9034,15.558,54.7532,13.2198,51.6675,10.9934,70.5383,16.7742,67.3568,14.2545,64.2362,12.1829,61.1748,10.2106,58.1632,8.3308,76.0454,12.9441,73.0331,11.0929,70.0604,9.33,67.1267,7.6493,64.2312,6.0452,80.9046,9.9902,78.0527,8.3712,75.2248,6.8259,72.4206,5.3496,69.6399,3.9647,84.9142,7.58,82.5123,6.1693,79.8381,4.8221,77.172,3.5566,74.5141,2.6746,3314.4578,2047.4681
2021-07-05,2322.69,2409.0,2046.51,2140.45,4693880.50963,0.054,88.3139,0.0,83.7325,0.0,76.8314,0.0,67.7197,0.0,57.8611,1.2429,90.232,0.0,86.1685,0.0,79.3896,0.0,72.0195,0.0,63.9774,28.2619,53.3469,24.7408,47.38,21.5854,41.2775,19.2184,35.055,17.1189,29.0917,54.1474,29.0385,50.4578,24.923,46.9606,20.8363,43.6411,17.3118,40.6014,13.9054,64.7724,20.6506,61.3079,17.4631,57.9654,14.6994,54.7384,12.0338,51.6196,9.4611,70.8511,16.1839,67.5109,13.7292,64.264,11.3647,61.1063,9.0853,58.0343,6.8867,76.3332,12.6216,73.1251,10.4702,69.9873,8.3965,66.9174,6.3962,63.9134,4.4946,80.9783,9.6733,78.1801,7.7906,75.1708,5.9767,72.2082,4.2518,69.2914,2.9418,3362.9606,2095.9709
2021-07-12,2140.54,2167.83,1844.45,1891.64,4066002.34167,0.0528,89.4342,0.0,85.7148,0.0,80.2443,0.0,73.1515,0.0,65.8244,1.4106,88.9809,0.0,84.4699,0.0,77.1465,0.0,69.3884,0.0,61.1559,2.3075,89.7281,1.0197,84.1655,0.0,77.7816,0.0,70.8061,0.0,62.7939,28.2366,54.0709,24.924,48.2768,21.925,42.2277,19.197,36.2795,17.1843,30.3866,52.7422,30.7308,49.1153,26.6067,45.6959,22.7954,42.4665,19.0548,39.4222,15.3828,63.1846,22.5053,59.7271,19.4515,56.4152,16.4672,53.2399,13.5499,50.1929,10.6976,69.2097,18.1647,65.8267,15.4702,62.5631,12.8402,59.4128,10.2725,56.3699,7.7932,74.5046,14.4831,71.4297,12.1071,68.2401,9.7931,65.1392,7.5619,62.1234,5.7404,3415.3749,2148.3851
2021-07-19,1891.65,2199.5,1706.0,2189.79,5095347.76508,0.0,99.4615,0.0,98.4068,0.0,95.1497,0.0,89.1654,0.0,82.5154,1.5886,87.767,0.0,82.5984,0.0,74.4413,0.0,66.4216,0.0,58.5359,2.8786,86.6288,1.2635,79.4499,0.0,71.2948,0.0,62.2989,0.0,52.8459,3.6289,86.247,2.2407,79.8662,1.0574,72.4957,0.0369,63.3877,0.0,53.8065,30.7676,49.3085,27.162,42.9409,23.935,36.7344,21.03,30.6611,18.4406,24.7167,54.9533,27.4349,51.0551,23.5623,47.4144,19.8503,44.0067,16.2564,40.8102,12.7752,65.285,19.9145,61.5647,16.8715,58.035,13.9513,54.6816,11.1211,51.4917,8.407,71.1605,15.762,67.6934,13.1328,64.1928,10.5887,60.8389,8.1506,57.6226,6.1647,3471.9024,2204.9127
2021-07-26,2189.82,2697.61,2150.5,2555.69,5641339.08902,14.5293,78.0187,13.1983,75.1472,11.9993,71.9171,10.9136,67.9534,9.9258,63.5301,12.2291,79.5398,10.8733,75.5343,9.6908,69.2251,8.6502,62.8108,7.7275,56.2887,14.1292,69.9026,11.2935,63.1245,8.8723,56.1358,7.6908,49.1515,6.675,42.355,14.0806,68.3012,11.3265,60.6316,8.9397,52.3373,6.8513,43.7133,5.8839,35.4469,13.0434,69.6415,10.5435,62.0297,8.3983,53.5089,6.5373,45.0315,4.9732,36.5972,38.2651,39.6995,33.954,33.9896,30.0459,28.5291,26.4867,23.2808,23.2317,18.2324,60.3332,22.6965,56.161,19.1492,52.2164,15.7698,48.4813,12.5209,44.9395,9.4281,69.7781,16.3748,66.0917,13.6051,62.3767,10.9398,58.8097,8.3987,55.3821,6.3347,3532.4854,2265.4957
2021-08-02,2555.5,3189.99,2442.32,3011.85,6778999.94652,40.6493,48.5831,38.2577,45.6117,35.9713,42.5561,33.7833,39.5334,31.6873,36.5281,32.8163,55.0234,30.3786,51.1729,28.1267,47.114,26.0402,42.949,24.1014,38.6739,30.4033,54.9901,27.7165,49.93,25.2994,44.7453,23.1134,39.5941,21.1267,34.4754,33.0339,48.0413,29.3742,42.3723,26.0338,36.6762,22.9726,30.9733,20.7117,25.4882,32.5163,45.6141,28.6086,38.8087,25.1327,32.5154,22.0208,26.5265,19.2648,20.8205,30.0187,47.6298,26.1075,40.9809,22.6489,34.5457,19.5688,28.3079,16.8081,22.2586,50.2525,29.019,45.5297,24.4123,41.1443,20.0425,37.0615,15.8664,33.2509,11.9109,67.6647,17.4076,63.6945,14.4241,59.7144,11.5683,55.8926,8.8587,52.2197,6.6625,3596.8056,2329.8159
2021-08-09,3011.84,3330.98,2893.23,3307.09,5111451.04173,67.4893,23.1657,65.0781,21.1137,62.6522,19.1118,60.2117,17.45,57.7562,15.922,52.9694,35.0106,50.202,31.9821,47.5207,29.2736,44.9215,26.6307,42.4009,24.0513,46.4354,39.8427,43.4903,36.1541,40.7073,32.4163,38.0733,28.7897,35.5768,25.1596,45.1182,38.4569,41.8069,34.0084,38.7531,29.5269,35.9279,25.0189,33.3067,20.6946,48.1391,33.1772,44.1478,28.4905,40.4234,24.136,36.94,19.9012,33.6975,15.7813,48.2632,30.4304,43.7542,25.751,39.6093,21.3903,35.7859,17.2795,32.2482,13.3974,46.0064,32.2678,41.3194,27.2082,37.0292,22.3839,33.0875,17.7551,29.4535,13.3523,61.5233,20.7914,56.9496,17.1792,52.4761,13.7408,48.2235,10.4939,44.1758,7.859,3664.2969,2397.3072
2021-08-16,3307.35,3335.0,2950.0,3238.0,4086298.92413,74.8362,17.9326,72.8083,16.5114,70.6988,15.1597,68.5027,13.8725,66.2146,12.6451,70.7487,19.3027,68.1797,17.2916,65.5767,15.8625,62.939,14.523,60.2658,13.265,58.7463,28.5549,55.7372,25.7004,52.7903,22.9332,49.9037,20.4301,47.0755,18.0113,53.6716,31.897,50.4627,28.2149,47.3926,24.5103,44.4525,20.7834,41.6344,17.2263,53.4643,29.7112,49.8221,25.589,46.4154,21.7674,43.2222,18.0205,40.223,14.3461,56.9685,25.354,52.7768,21.6204,48.7815,18.097,44.9692,14.7255,41.3276,11.4964,58.2021,22.7596,53.4409,19.0456,48.9427,15.6046,44.6863,12.3771,40.6527,9.3839,56.6934,23.6896,51.7882,19.5697,47.105,15.6496,42.7062,11.9481,38.5664,8.9322,3734.1685,2467.1787
2021-08-23,3238.0,3377.89,3053.3,3223.47,3117774.63185,83.8312,10.892,82.2223,10.0121,80.4924,9.194,78.6274,8.4313,76.6108,7.7187,76.6924,16.3613,74.7374,14.9336,72.6816,13.7459,70.5169,12.6253,68.2345,11.5663,72.7423,16.3214,69.8992,14.3876,67.0104,12.6006,64.0748,11.1601,61.0913,9.8108,62.8482,23.9894,59.6721,21.0426,56.5401,18.1841,53.451,15.4067,50.4041,12.8927,58.9417,26.1436,55.5387,22.5365,52.255,19.2126,49.0844,15.9396,46.0211,12.7162,59.7527,23.8358,55.8497,20.3931,52.1325,17.1258,48.5882,13.9793,45.2049,10.9469,63.7675,20.1449,59.5118,16.9573,55.366,13.9729,51.3259,11.1427,47.3875,8.4918,65.7474,17.608,61.1349,14.5406,56.4911,11.6788,52.0117,9.0342,47.6881,7.0277,3805.436,2538.4463
2021-08-30,3223.47,4027.88,3143.0,3950.29,4245485.901,98.7955,0.0,98.3675,0.0,97.8974,0.0,97.3786,0.0,96.8034,0.0,87.1088,8.6665,85.8711,7.875,84.5451,7.29,83.1212,6.7433,81.5881,6.2312,81.3038,12.4696,79.5595,11.0768,77.729,9.7613,75.8058,8.709,73.7827,7.7092,78.2914,11.8121,75.7064,9.9768,73.0745,8.2601,70.3947,6.6442,67.6654,5.2987,70.56,17.5512,67.6207,15.0364,64.6975,12.8613,61.7904,10.7664,58.8992,8.7474,67.8412,18.9962,64.6477,16.3096,61.5052,13.748,58.4125,11.2628,55.3685,8.8506,69.4235,17.0729,65.7797,14.4359,62.2193,11.9482,58.7393,9.5684,55.3372,7.3224,72.8362,14.3236,69.3232,11.9172,65.5924,9.6392,61.8853,7.5069,58.2017,5.8873,3876.9586,2609.9688
2021-09-06,3950.28,3970.0,3005.0,3404.21,4465879.63069,100.0,0.0,100.0,0.0,100.0,0.0,100.0,0.0,100.0,0.0,98.14,0.1999,97.6213,0.0,97.0482,0.0,96.4115,0.0,95.7001,0.0,87.7401,8.3563,86.5708,7.5367,85.3049,6.7878,83.93,6.2894,82.4314,5.8248,81.9439,10.7785,79.9068,9.1495,77.7699,7.5873,75.5255,6.1127,73.1653,4.884,79.7925,9.8896,77.0651,8.0198,74.2791,6.5538,71.4324,5.1738,68.5231,3.8724,73.4285,15.0236,70.4461,12.9442,67.4407,11.014,64.4119,9.1778,61.3595,7.4289,71.6108,15.8905,68.3984,13.4563,65.1818,11.1543,61.961,8.9455,58.7361,6.8555,73.6778,13.9224,70.2929,11.5967,66.6906,9.3903,63.1134,7.3208,59.5612,5.7484,3947.4786,2680.4889
2021-09-13,3404.3,3676.28,3108.49,3328.62,2944982.7767,100.0,0.0,100.0,0.0,100.0,0.0,100.0,0.0,99.4834,0.0,100.0,0.0,100.0,0.0,100.0,0.0,100.0,0.0,100.0,0.0,97.9254,0.5562,97.4422,0.2545,96.9034,0.0,96.2985,0.0,95.6147,0.0,87.8618,7.5513,86.483,6.5912,84.988,5.6917,83.3613,4.8712,81.5848,4.2762,82.5794,9.301,80.3057,7.5512,77.9201,6.1803,75.4141,4.886,72.7783,3.662,81.38,8.6074,78.6208,7.1476,75.7692,5.8424,72.8205,4.6257,69.7696,3.4885,76.0307,13.1357,73.074,11.2542,70.0449,9.5155,66.9407,7.8763,63.7586,6.3283,74.8357,13.3376,71.6343,11.1222,68.3842,9.0158,65.0841,7.0362,61.733,5.5322,4015.664,2748.6742
2021-09-20,3328.57,3347.82,2652.0,3059.37,5153870.38815,92.2645,4.4642,91.2135,3.8202,90.0353,3.2286,88.7055,2.6834,86.7642,2.1792,95.167,2.5301,94.4374,2.0709,93.6254,1.6474,92.7162,1.2556,91.6911,0.8921,96.4802,1.26,95.7685,0.807,94.9788,0.3884,94.0975,0.0006,93.1078,0.0,95.1764,0.9922,94.0075,0.4793,92.7308,0.215,91.3308,0.0,89.7885,0.0,85.9184,6.68,83.6714,5.4849,81.3069,4.6803,78.8155,3.9369,76.1866,3.2482,82.2376,8.5196,79.451,7.0762,76.5709,5.7854,73.5926,4.5815,70.511,3.4559,82.2324,7.9218,79.1028,6.5623,75.8909,5.3476,72.5934,4.2255,69.2071,3.1858,77.6998,11.78,74.4492,10.0085,71.0916,8.3552,67.6805,6.8086,64.2145,5.3588,4080.1509,2813.1611
2021-09-27,3059.36,3488.0,2782.0,3417.73,3371510.7334,90.352,5.4321,88.9523,4.6262,87.3562,3.8927,85.519,3.2223,82.8845,2.6073,94.5092,2.8249,93.6449,2.3042,92.6716,1.8272,91.5672,1.3886,90.3033,0.984,96.4407,1.2717,95.7185,0.8141,94.916,0.3917,94.0192,0.0006,93.0105,0.0,97.4041,0.2151,96.6587,0.0,95.8339,0.0,94.9165,0.0,93.89,0.0,95.5688,0.3671,94.1527,0.0,92.6178,0.0,90.9488,0.0,89.1271,0.0,87.4166,5.7258,85.1487,4.8921,82.7471,4.1812,80.1998,3.5279,77.4929,2.9255,84.5597,7.4255,81.9198,6.166,79.1513,5.0361,76.2447,3.9878,73.1894,3.0125,84.8604,6.7624,81.972,5.6087,78.8984,4.5493,75.7028,3.573,72.378,2.6704,4139.5876,2872.5979
2021-10-04,3417.73,3695.0,3270.0,3414.22,3329200.9484,88.6242,6.3612,86.9442,5.4104,85.0189,4.5472,82.7903,3.7601,79.6462,3.0393,93.243,3.391,92.1151,2.7528,90.8225,2.1735,89.3262,1.6452,87.574,1.1615,95.9852,1.4112,95.1452,0.9005,94.2016,0.432,93.134,0.0007,91.9162,0.0,97.3682,0.2176,96.6101,0.0,95.77,0.0,94.8341,0.0,93.7847,0.0,98.1402,0.0,97.3664,0.0,96.5128,0.0,95.5663,0.0,94.5111,0.0,96.1948,0.0648,94.6946,0.0,93.0627,0.0,91.2811,0.0,89.3281,0.0,89.1084,5.1065,86.985,4.3794,84.7079,3.7512,82.2601,3.1758,79.6214,2.6468,86.6065,6.4203,84.1932,5.336,81.5611,4.3363,78.7678,3.4118,75.798,2.5541,4192.6792,2925.6894
2021-10-11,3414.22,3971.0,3371.0,3846.85,3025204.9133,89.5219,6.096,88.129,5.2249,86.576,4.4223,84.8338,3.6805,82.361,2.9928,93.2675,3.4377,92.1887,2.8,90.9674,2.2174,89.5734,1.6831,87.9672,1.1913,95.7157,1.5028,94.8158,0.9585,93.8034,0.4597,92.656,0.0007,91.3448,0.0,97.3292,0.2209,96.5602,0.0,95.7084,0.0,94.7596,0.0,93.6963,0.0,98.2594,0.0,97.5419,0.0,96.7549,0.0,95.8878,0.0,94.9276,0.0,98.9721,0.0,98.3124,0.0,97.5853,0.0,96.7799,0.0,95.8828,0.0,97.3507,0.0407,96.0896,0.0,94.7116,0.0,93.1995,0.0,91.5328,0.0,91.1596,4.2817,89.4012,3.7092,87.4273,3.1855,85.2965,2.7046,82.9894,2.2614,4238.2318,2971.2421
2021-10-18,3847.0,4375.0,3676.0,4082.33,3218953.34257,87.5324,7.1958,85.8389,6.1577,83.9406,5.2043,81.798,4.3255,78.8196,3.5129,93.8453,3.2402,92.9287,2.655,91.9124,2.1143,90.7792,1.613,89.5077,1.1471,95.8535,1.478,95.0082,0.9457,94.0677,0.4548,93.0146,0.0007,91.8277,0.0,97.264,0.2264,96.4769,0.0,95.6054,0.0,94.6351,0.0,93.5481,0.0,98.2835,0.0,97.5774,0.0,96.8039,0.0,95.9528,0.0,95.0119,0.0,99.0558,0.0,98.4574,0.0,97.8045,0.0,97.0895,0.0,96.303,0.0,99.6354,0.0,99.0997,0.0,98.5088,0.0,97.8539,0.0,97.1239,0.0,98.2024,0.0,97.2321,0.0,96.0806,0.0,94.8178,0.0,93.4269,0.0,4275.1978,3008.2081
2021-10-25,4082.33,4460.47,3890.17,4287.21,3405230.00401,89.9911,5.9722,88.7498,5.1449,87.3888,4.3753,85.8899,3.6573,83.7468,2.9861,93.1512,3.6048,92.1307,2.9537,90.999,2.352,89.7369,1.7943,88.3205,1.2759,96.1776,1.3902,95.4273,0.8932,94.6033,0.4312,93.6943,0.0007,92.6864,0.0,97.3727,0.2199,96.6285,0.0,95.8104,0.0,94.9068,0.0,93.9036,0.0,98.2768,0.0,97.5683,0.0,96.7925,0.0,95.9392,0.0,94.9961,0.0,99.0811,0.0,98.4995,0.0,97.8657,0.0,97.1725,0.0,96.4109,0.0,99.6667,0.0,99.1817,0.0,98.6533,0.0,98.0752,0.0,97.4402,0.0,100.0,0.0,99.624,0.0,99.124,0.0,98.5715,0.0,97.9578,0.0,4302.718,3035.7283
2021-11-01,4287.48,4665.87,4146.3,4612.59,2574084.52541,92.3421,4.6496,91.4378,4.02,90.4573,3.4302,89.3903,2.8764,88.225,2.3554,94.3954,3.0405,93.62,2.5068,92.7769,2.0076,91.8567,1.5398,90.8482,1.1005,96.0329,1.4466,95.2581,0.9299,94.4086,0.4491,93.4732,0.0007,92.4381,0.0,97.6206,0.2025,96.9625,0.0,96.247,0.0,95.466,0.0,94.6103,0.0,98.3848,0.0,97.7272,0.0,97.0113,0.0,96.229,0.0,95.3706,0.0,99.1052,0.0,98.5396,0.0,97.9239,0.0,97.2511,0.0,96.5129,0.0,99.6837,0.0,99.2251,0.0,98.7275,0.0,98.1857,0.0,97.5936,0.0,100.0,0.0,99.6623,0.0,99.2177,0.0,98.7323,0.0,98.2003,0.0,4320.1613,3053.1715
2021-11-08,4612.59,4868.0,4461.93,4626.5,2487265.63617,100.0,0.0,100.0,0.0,100.0,0.0,100.0,0.0,100.0,0.0,95.1728,2.642,94.5196,2.1823,93.8132,1.7508,93.0469,1.345,92.2126,0.9627,96.4365,1.3236,95.7642,0.8541,95.0358,0.414,94.2438,0.0006,93.3797,0.0,97.4707,0.2143,96.7664,0.0,95.9981,0.0,95.1568,0.0,94.2315,0.0,98.472,0.0,97.8548,0.0,97.1861,0.0,96.4592,0.0,95.6661,0.0,99.1348,0.0,98.589,0.0,97.996,0.0,97.3492,0.0,96.641,0.0,99.6859,0.0,99.2299,0.0,98.7345,0.0,98.1943,0.0,97.603,0.0,100.0,0.0,99.6741,0.0,99.2466,0.0,98.7817,0.0,98.2745,0.0,4327.1565,3060.1668
2021-11-15,4626.5,4772.01,3956.44,4258.31,3286912.079,100.0,0.0,100.0,0.0,100.0,0.0,99.4102,0.0,98.3886,0.0,100.0,0.0,100.0,0.0,100.0,0.0,100.0,0.0,100.0,0.0,96.4728,1.3088,95.8061,0.8443,95.0832,0.4092,94.2968,0.0006,93.438,0.0,97.4335,0.2179,96.7208,0.0,95.9445,0.0,95.0957,0.0,94.1636,0.0,98.2499,0.0,97.5317,0.0,96.7462,0.0,95.8833,0.0,94.9311,0.0,99.1161,0.0,98.5571,0.0,97.9484,0.0,97.283,0.0,96.5526,0.0,99.676,0.0,99.2041,0.0,98.6893,0.0,98.1255,0.0,97.5054,0.0,100.0,0.0,99.6585,0.0,99.2087,0.0,98.7173,0.0,98.1784,0.0,4323.6162,3056.6265
2021-11-22,4259.7,4551.0,3913.0,4294.78,3257951.4345,100.0,0.0,100.0,0.0,100.0,0.0,99.4038,0.0,98.3702,0.0,100.0,0.0,100.0,0.0,100.0,0.0,100.0,0.0,100.0,0.0,100.0,0.0,100.0,0.0,100.0,0.0,100.0,0.0,100.0,0.0,97.4619,0.2165,96.7621,0.0,96.002,0.0,95.1738,0.0,94.2678,0.0,98.2234,0.0,97.4955,0.0,96.7002,0.0,95.8275,0.0,94.8657,0.0,99.0007,0.0,98.3614,0.0,97.6585,0.0,96.8822,0.0,96.0202,0.0,99.6694,0.0,99.187,0.0,98.6596,0.0,98.0805,0.0,97.4419,0.0,100.0,0.0,99.6479,0.0,99.1825,0.0,98.6721,0.0,98.1098,0.0,4309.7463,3042.7566
2021-11-29,4294.77,4778.75,3503.68,4196.44,4436039.4119,98.8823,0.0,98.3381,0.0,97.7305,0.0,96.3965,0.0,94.5348,0.0,100.0,0.0,99.878,0.0,99.3946,0.0,98.8581,0.0,98.2591,0.0,100.0,0.0,100.0,0.0,100.0,0.0,99.4496,0.0,98.7629,0.0,100.0,0.0,100.0,0.0,100.0,0.0,100.0,0.0,99.758,0.0,98.1946,0.0,97.4568,0.0,96.6519,0.0,95.7702,0.0,94.8003,0.0,98.9625,0.0,98.2981,0.0,97.5671,0.0,96.7589,0.0,95.8607,0.0,99.6229,0.0,99.0678,0.0,98.4539,0.0,97.7714,0.0,97.0081,0.0,100.0,0.0,99.6346,0.0,99.1501,0.0,98.6165,0.0,98.026,0.0,4286.0417,3019.052
2021-12-06,4196.44,4488.0,3828.22,4130.0,3290695.878,94.45,1.6817,93.0114,1.1822,91.416,0.7279,88.9739,0.3129,85.9457,0.0,98.1439,0.2348,97.4882,0.0,96.3826,0.0,95.1627,0.0,93.8096,0.0,99.435,0.0,99.0263,0.0,98.5738,0.0,97.5294,0.0,96.3143,0.0,100.0,0.0,99.6815,0.0,99.1722,0.0,98.6102,0.0,97.7483,0.0,100.0,0.0,100.0,0.0,99.9301,0.0,99.4091,0.0,98.8313,0.0,98.9301,0.0,98.245,0.0,97.4913,0.0,96.5214,0.0,95.0598,0.0,99.6039,0.0,99.0196,0.0,98.3718,0.0,97.6498,0.0,96.8398,0.0,100.0,0.0,99.5801,0.0,99.017,0.0,98.3884,0.0,97.6822,0.0,4253.2647,2986.2749
2021-12-13,4130.0,4142.75,3643.73,3924.14,2948431.565,78.395,12.2282,75.4178,10.5444,72.2129,8.9909,68.4013,7.553,64.265,6.2932,88.427,6.4644,86.7039,5.5253,84.4937,4.8865,82.0938,4.302,79.4787,3.7651,93.1635,3.956,92.0434,3.4935,90.814,3.0682,88.9802,2.6759,86.9367,2.3127,95.6904,2.5337,94.8497,2.1746,93.7947,1.8419,92.6483,1.5328,91.1976,1.2449,96.6961,1.5069,96.1408,1.1403,95.4665,0.7998,94.3295,0.4826,93.0947,0.1864,97.6192,0.7265,97.1034,0.3918,96.5339,0.0817,95.7686,0.0,94.536,0.0,97.8257,0.06,96.7181,0.0,95.5137,0.0,94.1993,0.0,92.7589,0.0,98.9263,0.0,98.022,0.0,96.9325,0.0,95.7345,0.0,94.4107,0.0,4212.4064,2945.4167
2021-12-20,3924.14,4150.0,3753.0,4063.56,2019411.7582,59.6242,22.2118,54.4672,18.5256,49.1304,15.0746,43.779,12.5105,38.7209,10.3025,81.7814,8.8992,78.7949,7.227,75.255,6.3288,71.4815,5.5223,67.4503,4.794,90.1487,4.7756,88.2761,4.1885,86.2299,3.6557,83.4927,3.17,80.5051,2.7254,94.4778,2.8703,93.1552,2.4524,91.5679,2.0686,89.8501,1.7149,87.7762,1.3878,96.539,1.5729,95.7142,1.1894,94.7134,0.8336,93.2269,0.5026,91.6328,0.194,97.4998,0.7633,96.9585,0.4117,96.0859,0.0858,94.9269,0.0,93.2812,0.0,98.2397,0.0598,97.7054,0.0,97.113,0.0,96.2022,0.0,95.0771,0.0,98.885,0.0,97.9457,0.0,96.8143,0.0,95.5142,0.0,93.7369,0.0,4164.6334,2897.6437
2021-12-27,4063.57,4127.46,3585.0,3828.27,1709257.0777,16.0926,61.6032,11.2462,55.575,6.6077,49.6022,3.6709,43.8641,1.9044,38.5491,57.1299,25.7856,52.1962,22.2817,47.0537,19.6401,41.8013,17.2602,36.4356,15.105,77.4676,12.9995,74.356,11.4689,71.0163,10.0719,67.1353,8.7918,63.0588,7.6146,86.3245,8.1109,84.1605,7.0995,81.7057,6.1671,79.081,5.3047,76.1092,4.5047,90.9804,5.1359,89.566,4.3379,87.9421,3.5948,85.835,2.9011,83.5981,2.2521,93.5883,3.2221,92.6245,2.5578,91.332,1.9363,89.7624,1.5735,87.7562,1.3166,95.0217,1.7621,94.0439,1.3846,92.9777,1.0928,91.5859,0.8233,89.9724,0.5735,96.4125,1.0966,95.5153,0.809,94.5306,0.5448,93.3927,0.3012,91.8124,0.0759,4111.2205,2844.2308
2022-01-03,3828.11,3900.73,3000.0,3151.97,2765390.1877,4.9289,88.6948,3.8392,86.4011,2.829,83.9649,1.8898,80.7948,1.0145,77.4479,14.4292,70.4593,10.9246,66.4479,7.9821,62.1912,5.1616,58.129,2.4555,54.2481,42.5642,42.9646,38.6536,39.8127,34.6394,36.8488,30.8132,34.0566,27.0485,31.4216,61.9152,27.946,58.8559,25.8275,55.6447,23.8334,52.3189,21.953,48.8785,20.177,72.1085,20.3291,69.7883,18.7062,67.2914,17.1727,64.5219,15.7215,61.6488,14.346,78.5527,15.4351,76.8089,14.134,74.8112,12.901,72.6073,11.9056,70.1354,11.0339,82.7039,11.9276,81.1541,10.9826,79.5054,10.1402,77.6168,9.3495,75.5632,8.606,85.1935,9.9823,83.6784,9.1371,82.0533,8.3486,80.2732,7.6115,78.165,6.9208,4053.4766,2786.4869
2022-01-10,3151.97,3411.43,2928.83,3346.88,2298174.7327,0.0,98.9179,0.0,98.1333,0.0,97.2654,0.0,95.5196,0.0,93.4966,6.2579,85.2241,4.5751,82.5172,3.423,79.0753,2.356,75.6015,1.3649,72.0954,16.7142,68.2585,13.2908,64.2684,9.9331,60.3796,7.2911,56.5883,4.8638,52.8908,40.4432,45.6285,36.794,42.4751,33.1668,39.4493,29.5227,36.5434,25.9998,33.7506,57.7717,31.6898,54.7905,29.334,51.693,27.0758,48.5064,24.9094,45.2739,22.8293,67.526,24.0507,65.1592,22.1721,62.6,20.3729,59.8968,18.8029,57.0508,17.3711,74.0503,18.7623,72.0427,17.3454,69.9386,16.0414,67.6477,14.8057,65.2314,13.6329,78.5427,15.2683,76.7128,14.0642,74.7853,12.9268,72.7291,11.8506,70.4311,10.8309,3992.667,2725.6772
2022-01-17,3346.89,3357.57,2300.0,2539.01,3957668.21457,0.0,100.0,0.0,100.0,0.0,100.0,0.0,99.4658,0.0,98.784,0.3303,97.5047,0.0,96.6074,0.0,94.9763,0.0,93.2625,0.0,91.4594,6.4304,85.8358,4.9413,83.3212,3.5249,80.7514,2.6546,78.1246,1.9033,75.4388,14.8842,72.8704,12.2527,69.7357,9.8182,66.6149,7.4553,63.508,5.3674,60.4147,33.1688,54.9364,30.1651,52.0889,27.1888,49.2894,24.4188,46.5366,21.6863,43.8294,48.0586,41.827,45.3664,39.4501,42.6417,37.1297,39.9114,34.9378,37.2484,32.8489,57.4416,33.7734,55.0973,31.8198,52.6888,29.9591,50.2127,28.1678,47.6933,26.442,64.2082,28.0623,62.0763,26.3854,59.876,24.7753,57.5971,23.228,55.2177,21.7401,3929.9394,2662.9497
2022-01-24,2539.0,2722.0,2159.0,2601.68,4191797.71368,0.0,100.0,0.0,100.0,0.0,100.0,0.0,99.5693,0.0,99.0928,0.0,100.0,0.0,99.794,0.0,98.9779,0.0,98.1004,0.0,97.1541,1.0684,95.395,0.5445,93.9258,0.0556,92.3756,0.0,90.7376,0.0,89.0041,7.0545,84.6842,5.5546,82.3493,4.2524,79.945,3.0179,77.4682,2.0218,74.9155,15.2091,73.8269,12.7218,71.0126,10.3642,68.168,8.3841,65.2926,6.4793,62.3859,30.6181,58.4853,27.8711,55.7838,25.2392,53.0912,22.7234,50.4054,20.4409,47.7608,43.7133,46.4958,41.2103,44.1364,38.6847,41.8346,36.1918,39.5842,33.7258,37.3835,52.3885,38.7941,50.0811,36.7432,47.7399,34.745,45.3684,32.7975,43.003,30.8988,3866.2603,2599.2705
2022-01-31,2601.67,3074.56,2476.07,3054.99,2957715.47702,0.0,100.0,0.0,100.0,0.0,100.0,0.0,98.6823,0.0,96.9404,0.0,100.0,0.0,99.8931,0.0,99.4521,0.0,98.9652,0.0,98.4248,0.0,98.9361,0.0,98.1383,0.0,97.27,0.0,96.3215,0.0,95.2811,2.0241,92.6931,1.3139,91.024,0.7817,89.2449,0.2888,87.3447,0.0,85.3104,8.8851,82.1055,7.0402,79.6233,5.3636,77.0376,4.0998,74.3419,2.9112,71.529,17.2933,71.7343,14.6894,68.843,12.3363,65.8885,10.2031,62.7898,8.4346,59.6383,31.5087,57.5618,28.8421,54.7298,26.201,51.9053,23.6977,49.0983,21.2935,46.3088,43.6181,46.3509,41.1092,43.8916,38.603,41.4627,36.1118,39.0635,33.7159,36.6935,3802.3652,2535.3755
2022-02-07,3055.0,3283.66,2836.7,2871.13,2959352.1091,0.0,100.0,0.0,100.0,0.0,100.0,0.0,99.1761,0.0,97.9548,0.0,100.0,0.0,99.895,0.0,99.4595,0.0,98.9742,0.0,98.4298,0.0,99.8526,0.0,99.5022,0.0,99.1136,0.0,98.6804,0.0,98.1942,0.1278,97.3124,0.0,96.3889,0.0,95.3782,0.0,94.2671,0.0,93.04,3.2279,90.6851,2.1403,88.894,1.2107,86.9716,0.6725,84.9028,0.1753,82.6702,10.4137,80.5465,8.3897,78.0167,6.6636,75.3633,5.1795,72.4313,4.0692,69.3406,18.5965,70.8749,16.1666,67.8859,13.8102,64.8177,11.691,61.7006,9.7285,58.5333,31.5654,57.6311,29.007,54.807,26.4956,51.9709,24.0537,49.1226,21.8174,46.262,3738.7304,2471.7407
2022-02-14,2871.14,3196.19,2576.0,2621.99,2822641.1922,0.0,100.0,0.0,100.0,0.0,100.0,0.0,99.2148,0.0,98.0492,0.0,100.0,0.0,100.0,0.0,100.0,0.0,100.0,0.0,100.0,0.0,99.8634,0.0,99.5385,0.0,99.1779,0.0,98.7754,0.0,98.3232,0.0,99.3973,0.0,99.0796,0.0,98.7265,0.0,98.3316,0.0,97.8871,0.7546,96.1584,0.3206,95.2063,0.0,94.1609,0.0,93.0076,0.0,91.729,4.3845,89.4121,3.0643,87.5806,2.0385,85.6114,1.234,83.2706,0.7679,80.6949,11.4477,80.1363,9.5981,77.5293,7.836,74.7741,6.3303,71.909,4.9825,68.9274,19.0381,70.8321,16.7871,67.974,14.6176,65.045,12.5595,62.0424,10.7928,58.9633,3675.5656,2408.5758
2022-02-21,2621.99,2878.0,2300.0,2616.79,5102759.6041,0.0,100.0,0.0,100.0,0.0,100.0,0.0,99.073,0.0,97.6836,0.0,100.0,0.0,100.0,0.0,100.0,0.0,100.0,0.0,100.0,0.0,100.0,0.0,100.0,0.0,100.0,0.0,100.0,0.0,100.0,0.0,99.4332,0.0,99.1343,0.0,98.8018,0.0,98.4299,0.0,98.0111,0.0284,98.9206,0.0,98.5855,0.0,98.2115,0.0,97.7912,0.0,97.3155,1.4687,94.9943,0.7468,93.9017,0.2833,92.701,0.0,91.1074,0.0,89.2612,5.5016,88.4648,4.2346,86.3848,3.0462,84.1145,2.1092,81.6973,1.3124,79.1185,12.3002,79.2795,10.538,76.7265,8.8664,74.0554,7.3156,71.2581,6.0702,68.3251,3612.8306,2345.8408
2022-02-28,2616.79,3043.91,2535.0,2551.29,3629909.1001,0.0,100.0,0.0,100.0,0.0,100.0,0.0,99.0496,0.0,97.6341,0.0,100.0,0.0,100.0,0.0,100.0,0.0,100.0,0.0,100.0,0.0,100.0,0.0,100.0,0.0,100.0,0.0,100.0,0.0,100.0,0.0,100.0,0.0,100.0,0.0,100.0,0.0,100.0,0.0,100.0,0.0267,98.9892,0.0,98.6775,0.0,98.3306,0.0,97.9422,0.0,97.5044,0.3072,98.3814,0.0478,97.9622,0.0,97.4936,0.0,96.6693,0.0,95.6307,2.2158,94.2073,1.4925,92.7767,0.8225,91.1568,0.3725,89.3943,0.0309,87.4694,6.3924,87.3243,5.1644,85.2495,4.016,83.0337,2.9784,80.662,2.238,78.1174,3550.2739,2283.2841
2022-03-07,2551.3,2775.85,2445.0,2515.65,3334395.4868,0.0,100.0,0.0,100.0,0.0,100.0,0.0,98.6815,0.0,96.7021,0.0,100.0,0.0,100.0,0.0,100.0,0.0,100.0,0.0,100.0,0.0,100.0,0.0,100.0,0.0,100.0,0.0,100.0,0.0,100.0,0.0,100.0,0.0,100.0,0.0,100.0,0.0,100.0,0.0,100.0,0.0,100.0,0.0,100.0,0.0,100.0,0.0,100.0,0.0,100.0,0.2901,98.4818,0.0452,98.0928,0.0,97.6598,0.0,97.1751,0.0,96.6286,0.6108,97.9657,0.3315,97.1702,0.0752,96.2199,0.0,95.1662,0.0,93.9914,2.8188,93.0608,2.0778,91.5502,1.3927,89.907,0.7953,88.1129,0.4662,86.1462,3487.4891,2220.4993
2022-03-14,2515.66,2987.7,2498.67,2861.38,3153485.9131,4.6769,91.3998,3.9287,90.0938,3.2483,88.6022,2.6268,85.6407,2.057,82.0021,1.7321,96.2294,1.3391,95.559,0.9805,94.7984,0.6519,93.9279,0.3498,92.922,0.319,98.5644,0.098,98.2077,0.0,97.8091,0.0,97.3607,0.0,96.8526,0.0,99.4527,0.0,99.0851,0.0,98.6745,0.0,98.2128,0.0,97.69,0.0,100.0,0.0,99.9278,0.0,99.6183,0.0,99.272,0.0,98.8817,0.0,100.0,0.0,100.0,0.0,99.8284,0.0,99.3854,0.0,98.8856,0.6061,97.9824,0.3289,97.5275,0.0746,97.0168,0.0,95.9868,0.0,94.8121,0.8769,96.9133,0.5443,95.9292,0.2406,94.8352,0.0,93.4913,0.0,91.6368,3423.9845,2156.9947
2022-03-21,2861.39,3299.37,2829.81,3295.65,3077928.9636,23.8325,68.5388,22.1462,66.3751,20.5363,64.0918,18.9976,61.6786,17.5256,59.1242,17.3314,75.2836,15.8178,73.013,14.4095,70.5235,13.0959,67.7818,11.8678,64.7477,10.5048,84.4963,9.4975,82.9305,8.6703,81.198,7.9978,79.2706,7.3774,77.1134,6.7903,90.1416,6.2679,89.0321,5.7863,87.8153,5.3409,86.4747,4.9278,84.9905,5.3558,92.2732,4.8859,91.4532,4.4534,90.3439,4.054,89.1143,3.6841,87.7436,4.1899,93.8968,3.8084,93.2907,3.4565,92.4775,3.1309,91.3776,2.8289,90.1594,3.5278,94.4038,3.1181,93.7437,2.7411,93.0064,2.3929,91.7842,2.0705,90.4059,3.8835,92.3791,3.1295,91.2099,2.4316,89.917,1.8201,88.3792,1.4671,86.3803,3359.2592,2092.2694
2022-03-28,3295.65,3580.34,3210.68,3521.91,3217954.996,42.7936,48.7784,40.7165,46.641,38.6512,44.4912,36.5975,42.3289,34.5554,40.154,33.0166,58.0915,30.9787,55.6628,29.0077,53.1425,27.1002,50.5253,25.2533,47.8056,26.1001,64.8137,24.1548,62.148,22.3975,59.2906,20.8175,56.22,19.3361,52.9116,18.276,74.891,16.9456,72.7152,15.7099,70.3633,14.5589,67.813,13.4844,65.0383,13.1197,82.0439,12.1247,80.5176,11.1979,78.7188,10.3323,76.7679,9.5221,74.6449,11.0,84.6119,10.1073,83.2516,9.2788,81.6486,8.5077,79.7449,7.7883,77.6651,8.9876,87.0931,8.1846,85.8876,7.4375,84.5657,6.7407,82.8277,6.0893,80.9233,7.9993,87.7892,7.1424,86.4841,6.3469,85.0476,5.6065,83.3766,4.9158,81.2948,3292.8784,2025.8887
2022-04-04,3521.9,3555.0,3143.15,3203.04,2989389.3282,54.5521,35.9496,51.9911,33.7455,49.3483,31.6036,46.6199,29.5215,43.8016,27.4968,40.1006,50.1212,37.6564,47.6763,35.2123,45.2314,32.7683,42.7863,30.3244,40.3411,30.9635,58.8701,28.6169,56.1136,26.4154,53.2623,24.363,50.3112,22.3933,47.255,24.8782,65.1579,22.8284,62.1751,20.9044,59.0116,19.0949,55.6503,17.39,52.072,17.9039,74.4287,16.3099,72.0677,14.8198,69.3995,13.4238,66.5306,12.1132,63.4373,13.0822,81.0315,11.8589,79.2487,10.7154,77.2144,9.6442,74.885,8.6387,72.3758,10.9426,83.4756,9.7887,81.7752,8.7121,79.9194,7.7052,77.6286,6.7615,75.1428,8.9047,85.9071,7.824,84.3395,6.8131,82.6354,5.8655,80.7025,5.0376,78.3915,3224.5408,1957.551
2022-04-11,3203.04,3213.63,2950.0,2988.06,2770152.0815,60.9824,28.2785,58.093,25.7811,55.1142,23.3526,52.0418,21.3408,48.8712,19.6586,46.9688,41.9428,44.1752,39.192,41.373,36.4496,38.5621,33.9785,35.7425,31.6082,34.1555,55.014,31.6294,52.109,29.2423,49.1181,27.0034,46.0916,24.8496,43.0624,26.521,63.223,24.3827,60.2,22.368,57.0145,20.4666,53.6276,18.6692,50.0984,21.4511,68.9442,19.4868,65.9494,17.6604,62.591,15.9579,58.9551,14.3671,54.9584,15.693,76.7965,14.1685,74.4628,12.7545,71.7976,11.4395,68.7565,10.2133,65.3734,11.5408,82.4739,10.3119,80.6371,9.1678,78.6252,8.1001,76.1521,7.1013,73.4615,9.6578,84.5386,8.4656,82.7586,7.3554,80.8094,6.3192,78.5896,5.4162,75.9422,3154.1313,1887.1415
2022-04-18,2988.07,3180.0,2883.22,2921.0,2706293.2595,66.5133,20.8916,63.1724,17.9218,59.749,15.0188,56.2399,12.688,52.6419,10.7978,52.454,34.8931,49.2828,31.7378,46.1084,28.5857,42.9308,25.882,39.75,23.3017,39.6681,48.1568,36.801,44.923,34.0644,41.6075,31.4769,38.3918,28.9846,35.2055,28.9574,60.126,26.6552,56.9544,24.481,53.6291,22.4244,50.1376,20.4762,46.5437,22.655,67.5151,20.6212,64.4904,18.7229,61.1273,16.9471,57.5138,15.2822,53.5865,18.4422,72.3786,16.6076,69.4779,14.9144,66.1707,13.3469,62.4206,11.8917,58.2678,13.5916,78.9635,12.0976,76.6212,10.717,74.0235,9.4374,70.8726,8.2481,67.4133,10.0714,83.8108,8.8208,81.9243,7.6581,79.8532,6.5745,77.4919,5.6309,74.6811,3081.7551,1814.7653
2022-04-25,2920.99,3039.54,2709.26,2824.81,3513007.2245,69.2176,17.1768,65.636,13.9447,61.9778,10.7764,58.2405,8.2668,54.4214,6.2602,56.9112,29.2018,53.4405,25.729,49.9701,22.2558,46.5002,19.3976,43.0307,16.6829,43.8188,42.9888,40.6949,39.5048,37.6916,35.9413,34.8359,32.5988,32.084,29.3097,32.8393,54.9611,30.2402,51.4696,27.7837,47.8229,25.4585,44.0607,23.2543,40.2524,24.3012,65.4096,22.1534,62.2784,20.1428,58.8288,18.2567,55.1461,16.4839,51.1971,19.1842,71.5756,17.3133,68.6966,15.5794,65.4384,13.968,61.7749,12.4666,57.7558,15.6128,75.5951,13.8692,72.7927,12.2641,69.6641,10.7816,65.9221,9.4082,61.8026,11.6142,81.0192,10.1379,78.6978,8.7744,76.1214,7.5111,73.1679,6.4144,69.6737,3007.7493,1740.7595
2022-05-02,2824.81,2965.85,2484.0,2519.71,4016957.5406,52.3702,34.1841,49.1096,30.7181,45.8878,27.2087,42.7042,23.9989,39.5581,21.073,53.3579,32.7482,49.9417,29.2163,46.5479,25.6606,43.1763,22.6093,39.8268,19.6809,43.1701,43.678,40.0663,40.1925,37.0884,36.6222,34.2618,33.2531,31.5406,29.9308,33.375,54.8579,30.8257,51.5487,28.4023,48.1199,26.0956,44.6101,23.8975,41.0857,25.5129,64.0733,23.3106,60.9503,21.24,57.5406,19.2895,53.9293,17.4491,50.1018,19.3684,71.7533,17.5362,69.0438,15.8275,66.0015,14.2303,62.6073,12.734,58.9176,15.4305,76.3604,13.7627,73.8122,12.2155,71.005,10.7761,67.6588,9.4336,64.0271,12.6181,79.3586,11.0121,76.8271,9.5293,74.0156,8.156,70.7993,6.963,67.0229,2932.6716,1665.6818
2022-05-09,2519.71,2530.78,1800.0,2145.29,9665837.76962,26.8636,61.7337,24.3344,58.5112,21.9168,55.1161,19.6035,51.5138,17.3879,47.8288,38.377,50.2955,35.7572,47.2306,33.2147,44.0631,30.7461,40.9327,28.3484,37.8057,37.6597,50.6541,34.9165,47.54,32.3076,44.3428,29.8479,41.1926,27.4796,38.0601,30.6276,58.9496,28.3557,56.0259,26.1859,53.0086,24.1114,49.8937,22.1261,46.743,24.1678,66.5887,22.1688,63.8736,20.2749,60.9135,18.4779,57.8084,16.7707,54.5033,19.0151,72.7272,17.2762,70.2612,15.6437,67.5092,14.108,64.4541,12.6608,61.1546,14.7602,77.8489,13.2208,75.6156,11.781,73.1877,10.4312,70.2871,9.1633,67.1785,11.901,81.0096,10.4389,78.8444,9.0757,76.4785,7.8017,73.8048,6.6881,70.6753,2857.2676,1590.2779
2022-05-16,2145.29,2145.29,1903.18,2043.19,3934960.6044,3.8068,90.8996,2.7482,89.2277,1.7711,87.3699,0.8664,84.7647,0.0263,81.608,20.9256,70.079,18.987,67.4583,17.1525,64.6584,15.414,61.4726,13.7641,58.158,29.6948,60.8296,27.5681,58.1845,25.5267,55.4133,23.5655,52.4743,21.6798,49.4684,28.0167,62.2722,25.9196,59.5136,23.9196,56.6564,22.0101,53.6695,20.185,50.612,22.9096,68.6621,21.0632,66.2138,19.3059,63.5401,17.6315,60.7492,16.0343,57.7595,18.3448,74.0492,16.7161,71.8181,15.1783,69.3367,13.724,66.5868,12.3465,63.6262,14.5897,78.3712,13.1018,76.2777,11.703,74.0192,10.3857,71.3204,9.1428,68.4498,11.477,81.9858,10.1016,80.0318,8.8108,77.9186,7.5968,75.5483,6.5312,72.7771,2782.4205,1515.4307
2022-05-23,2043.19,2088.5,1703.0,1813.64,5151103.95681,0.0,100.0,0.0,100.0,0.0,100.0,0.0,99.3506,0.0,98.1875,3.2074,92.9517,2.4381,91.7405,1.7277,90.3959,1.0697,88.2379,0.4584,85.8652,16.2154,76.8869,14.7471,74.8507,13.3636,72.6618,12.0577,70.0481,10.823,67.2857,22.822,69.5214,21.1282,67.3517,19.5106,65.0628,17.9642,62.5701,16.4844,59.9196,20.9552,71.419,19.2787,69.2058,17.6811,66.7718,16.157,64.2303,14.7014,61.4732,17.2302,75.8741,15.7352,73.878,14.3175,71.6585,12.9712,69.1937,11.6912,66.5385,13.8988,79.6564,12.5153,77.7711,11.2078,75.753,9.9702,73.3281,8.7971,70.7658,11.1562,82.6835,9.8425,80.8685,8.6038,78.9191,7.4339,76.7425,6.4041,74.1976,2709.0881,1442.0984
2022-05-30,1813.64,2016.45,1737.0,1806.23,4894188.4294,0.0,100.0,0.0,100.0,0.0,100.0,0.0,100.0,0.0,100.0,0.0,100.0,0.0,100.0,0.0,100.0,0.0,99.2088,0.0,98.2791,2.7169,94.3398,2.1285,93.4099,1.5855,92.3764,1.0827,90.6684,0.6159,88.7775,13.1443,81.2273,11.9553,79.5523,10.8378,77.7446,9.7855,75.6358,8.793,73.2671,18.197,75.1582,16.7378,73.2606,15.3478,71.2518,14.0223,69.1162,12.7569,66.7084,16.4383,77.0508,15.0216,75.1732,13.6765,73.0824,12.3977,70.7538,11.1804,68.2398,13.4641,80.4153,12.1401,78.6391,10.8856,76.745,9.6953,74.4604,8.5644,72.0533,10.8835,83.2423,9.6185,81.5296,8.4218,79.6991,7.2879,77.6612,6.2876,75.2769,2638.2345,1371.2447
2022-06-06,1806.22,1920.0,1423.0,1434.84,7417256.10137,0.0,100.0,0.0,100.0,0.0,100.0,0.0,100.0,0.0,100.0,0.0,100.0,0.0,100.0,0.0,100.0,0.0,100.0,0.0,100.0,0.0,100.0,0.0,100.0,0.0,100.0,0.0,99.4153,0.0,98.738,2.1034,95.741,1.6665,95.0699,1.2616,94.3297,0.8852,93.2574,0.5344,91.8855,10.2238,85.3959,9.2946,84.0981,8.4201,82.7005,7.5955,81.1825,6.8168,79.3055,14.0312,80.5429,12.8409,78.9917,11.7074,77.3488,10.6269,75.6058,9.5957,73.6651,12.4372,82.0214,11.2294,80.4262,10.082,78.7314,8.9905,76.6683,7.951,74.4981,10.2113,84.412,9.0412,82.8616,7.9303,81.213,6.8741,79.3814,5.9406,77.2295,2570.7611,1303.7714
2022-06-13,1434.84,1455.0,881.56,1128.53,16453316.35098,0.0,100.0,0.0,100.0,0.0,100.0,0.0,100.0,0.0,100.0,0.0,100.0,0.0,100.0,0.0,100.0,0.0,100.0,0.0,100.0,0.0,100.0,0.0,100.0,0.0,100.0,0.0,100.0,0.0,100.0,0.0,100.0,0.0,100.0,0.0,100.0,0.0,99.7504,0.0,99.2772,1.5643,96.8107,1.2301,96.313,0.9188,95.7684,0.6281,95.1582,0.356,94.1483,7.8941,88.6259,7.1509,87.6023,6.4497,86.5038,5.7872,85.3218,5.1602,83.9297,10.6843,84.6865,9.6648,83.3685,8.6927,81.9751,7.7648,80.4998,6.8781,78.935,9.356,85.8073,8.2953,84.4239,7.2856,82.9584,6.3231,81.3305,5.4717,79.4064,2507.4464,1240.4567
2022-06-20,1128.53,1280.0,1043.65,1197.79,8696393.6118,0.0,100.0,0.0,100.0,0.0,100.0,0.0,100.0,0.0,100.0,0.0,100.0,0.0,100.0,0.0,100.0,0.0,100.0,0.0,100.0,0.0,100.0,0.0,100.0,0.0,100.0,0.0,100.0,0.0,100.0,0.0,100.0,0.0,100.0,0.0,100.0,0.0,100.0,0.0,100.0,0.0,100.0,0.0,100.0,0.0,100.0,0.0,99.988,0.0,99.6234,1.1954,97.4744,0.9202,97.0694,0.6635,96.6275,0.4233,96.1435,0.1981,95.4549,6.4064,90.6553,5.7785,89.7915,5.1861,88.8647,4.6262,87.8677,4.0962,86.7923,8.4431,87.2445,7.4927,86.0175,6.5862,84.7209,5.7208,83.3484,4.9551,81.8933,2448.8969,1181.9072
2022-06-27,1197.79,1238.93,998.0,1074.26,7610801.1468,0.0,100.0,0.0,100.0,0.0,100.0,0.0,100.0,0.0,100.0,0.0,100.0,0.0,100.0,0.0,100.0,0.0,100.0,0.0,100.0,0.0,100.0,0.0,100.0,0.0,100.0,0.0,100.0,0.0,100.0,0.0,100.0,0.0,100.0,0.0,100.0,0.0,100.0,0.0,100.0,0.0,100.0,0.0,100.0,0.0,100.0,0.0,100.0,0.0,100.0,0.0,100.0,0.0,100.0,0.0,100.0,0.0,100.0,0.0,99.8404,0.886,97.9726,0.6486,97.6271,0.4267,97.2512,0.2188,96.8407,0.0235,96.3906,5.1914,92.1697,4.6264,91.3955,4.093,90.5657,3.5885,89.6741,3.168,88.7134,2395.515,1128.5252
2022-07-04,1074.26,1276.46,1045.37,1168.36,7546048.7849,0.0,100.0,0.0,100.0,0.0,100.0,0.0,100.0,0.0,100.0,0.0,100.0,0.0,100.0,0.0,100.0,0.0,100.0,0.0,100.0,0.0,100.0,0.0,100.0,0.0,100.0,0.0,100.0,0.0,100.0,0.0,100.0,0.0,100.0,0.0,100.0,0.0,100.0,0.0,100.0,0.0,100.0,0.0,100.0,0.0,100.0,0.0,100.0,0.0,100.0,0.0,100.0,0.0,100.0,0.0,100.0,0.0,100.0,0.0,100.0,0.0,100.0,0.0,100.0,0.0,100.0,0.0,100.0,0.0,100.0,0.6788,98.3468,0.4761,98.052,0.2866,97.7313,0.109,97.3812,0.0,96.9973,2347.4847,1080.495
2022-07-11,1168.37,1422.91,1006.32,1338.65,10309759.7535,0.0,100.0,0.0,100.0,0.0,100.0,0.0,100.0,0.0,99.5311,0.0,100.0,0.0,100.0,0.0,100.0,0.0,100.0,0.0,100.0,0.0,100.0,0.0,100.0,0.0,100.0,0.0,100.0,0.0,100.0,0.0,100.0,0.0,100.0,0.0,100.0,0.0,100.0,0.0,100.0,0.0,100.0,0.0,100.0,0.0,100.0,0.0,100.0,0.0,100.0,0.0,100.0,0.0,100.0,0.0,100.0,0.0,100.0,0.0,100.0,0.0,100.0,0.0,100.0,0.0,100.0,0.0,100.0,0.0,100.0,0.0,100.0,0.0,100.0,0.0,100.0,0.0,100.0,0.0,100.0,2304.7769,1037.7872
2022-07-18,1338.65,1664.34,1336.07,1597.7,9506416.08871,4.7321,93.0392,4.2691,92.3639,3.8364,91.6288,3.4311,90.8254,3.0507,89.5555,2.386,95.687,1.9894,95.0974,1.6198,94.4523,1.2746,93.7437,0.9515,92.9618,0.9116,97.609,0.6088,97.1535,0.3272,96.6537,0.0646,96.1029,0.0,95.4929,0.0,98.8121,0.0,98.4215,0.0,97.9928,0.0,97.5201,0.0,96.9962,0.0,99.6765,0.0,99.345,0.0,98.9822,0.0,98.5836,0.0,98.1436,0.0,100.0,0.0,99.9212,0.0,99.5595,0.0,99.1633,0.0,98.7273,0.0,100.0,0.0,100.0,0.0,99.9753,0.0,99.5567,0.0,99.0969,0.0,100.0,0.0,100.0,0.0,100.0,0.0,99.9651,0.0,99.5016,2267.1697,1000.18
2022-07-25,1597.7,1784.79,1356.17,1678.12,8346331.74535,12.2186,82.3794,11.0521,80.8088,9.9476,79.1324,8.9002,77.3391,7.9055,75.1397,6.5409,89.453,5.6885,88.27,4.8854,86.9981,4.1274,85.6267,3.4108,84.1437,3.3145,93.3376,2.6134,92.332,1.9563,91.2419,1.3392,90.0563,0.9637,88.762,1.1489,96.183,0.861,95.348,0.5949,94.4388,0.3483,93.4451,0.119,92.3545,0.3335,98.1086,0.0885,97.3837,0.0,96.5943,0.0,95.7315,0.0,94.7846,0.0,99.2101,0.0,98.8073,0.0,98.0868,0.0,97.3031,0.0,96.4474,0.0,99.7098,0.0,99.3896,0.0,99.0141,0.0,98.218,0.0,97.353,0.0,100.0,0.0,99.7583,0.0,99.3879,0.0,98.947,0.0,98.0518,2234.2835,967.2937
2022-08-01,1678.12,1749.93,1559.28,1700.19,5365873.8771,23.4712,66.6867,21.2301,63.9804,19.0676,61.1638,16.9796,58.23,14.9623,55.1031,11.9586,81.1682,10.4403,79.2173,8.9912,77.1579,7.6065,74.9807,6.2821,72.6751,6.167,88.5656,5.0292,87.0348,3.9516,85.4011,2.9296,83.6538,2.1886,81.7807,2.6997,92.8685,2.0593,91.5252,1.4646,90.0775,0.9107,88.513,0.3936,86.8167,0.9785,96.1278,0.4626,94.9895,0.1371,93.7582,0.0,92.4223,0.0,90.9678,0.0236,98.0697,0.0,97.3122,0.0,96.1917,0.0,94.9785,0.0,93.6605,0.0,99.1962,0.0,98.582,0.0,97.8873,0.0,96.7395,0.0,95.501,0.0,99.884,0.0,99.3539,0.0,98.6714,0.0,97.8947,0.0,96.6476,2205.6246,938.6349
2022-08-08,1700.2,2030.0,1656.78,1935.31,6005908.6758,44.3181,43.5219,41.258,40.5018,38.1898,37.4896,35.1135,34.4853,32.0291,31.7277,26.65,62.7026,24.1375,59.8806,21.6807,56.9899,19.2778,54.028,16.9271,50.9922,14.8545,76.9106,12.9949,74.6265,11.2059,72.2402,9.4836,69.7446,8.0643,67.1321,8.4945,84.8837,7.3285,82.973,6.2321,80.9534,5.1994,78.8152,4.2248,76.5478,5.225,89.7866,4.2577,88.064,3.5122,86.2234,2.9901,84.252,2.64,82.1356,3.0698,93.3382,2.7005,92.0852,2.3835,90.4564,2.0916,88.7097,1.8218,86.8317,2.2142,95.545,1.9265,94.4959,1.6616,93.3343,1.4167,91.7061,1.1897,89.9622,1.5847,97.0807,1.3386,96.1906,1.1109,95.1281,0.8996,93.9486,0.7031,92.3053,2180.634,913.6442
2022-08-15,1935.32,2012.47,1523.67,1618.13,6245075.8822,61.5974,23.4514,57.7142,20.4479,53.7701,17.6272,49.7636,14.9552,45.6933,13.0121,34.888,51.5311,31.655,48.0181,28.4826,44.5539,25.3692,41.1376,22.313,37.7682,19.7958,69.1582,17.3086,65.9178,14.9182,62.5727,12.6192,59.1606,10.7055,55.6796,10.2872,81.5985,8.8525,79.2309,7.5102,76.4867,6.2516,73.6286,5.0691,70.6494,5.8611,88.5075,4.7719,86.5669,3.9315,84.4925,3.342,82.1006,2.9454,79.4979,3.4384,92.4545,3.0151,91.009,2.6532,89.1343,2.3218,87.1144,2.0172,84.83,2.4002,95.1162,2.0831,93.9497,1.7924,92.6515,1.525,90.8358,1.2781,88.8821,1.6977,96.8333,1.4305,95.8552,1.1844,94.6829,0.9571,93.3742,0.7465,91.5523,2158.735,891.7452
2022-08-22,1618.13,1722.0,1424.0,1426.76,5680094.1028,68.0134,17.6284,64.1607,15.0341,60.1934,12.642,56.1063,10.4069,51.8938,9.0005,44.2221,39.6503,40.2859,35.8144,36.3924,32.0938,32.5411,28.4834,28.7312,24.9784,24.2123,62.6914,21.2232,58.985,18.3364,55.2157,15.5467,51.4149,13.1953,47.5823,12.895,76.8812,11.0685,73.8979,9.3679,70.5059,7.7806,66.9869,6.2958,63.3336,6.7797,86.66,5.5141,84.4081,4.536,82.0013,3.8478,79.2438,3.3832,76.2562,3.7236,91.8151,3.2618,90.2457,2.8674,88.2175,2.507,86.0345,2.1763,83.5719,2.6035,94.6553,2.2549,93.3656,1.9366,91.9252,1.6447,89.9168,1.3763,87.7497,1.794,96.6278,1.5092,95.5787,1.2478,94.3184,1.007,92.9072,0.7845,90.9451,2139.3779,872.3882
2022-08-29,1426.76,1650.0,1422.08,1579.28,5044263.2551,72.7325,14.4336,69.0345,12.7785,65.1787,11.3198,61.1546,10.0018,56.9511,8.8052,58.6668,22.7362,53.8456,19.4149,49.0052,16.3692,44.1454,13.5662,39.2662,10.9779,34.1734,47.8323,30.0183,43.194,25.9886,38.744,22.0787,34.4643,18.7018,30.3452,16.8356,69.8253,14.4071,65.8514,12.1592,61.4524,10.0726,57.0447,8.1304,52.6283,8.7663,82.447,7.0996,79.4263,5.8099,76.081,4.8986,72.1775,4.2791,68.0592,4.4105,90.1734,3.8464,88.2506,3.3675,85.7809,2.9332,83.0693,2.5375,79.8204,2.8773,94.0326,2.486,92.5768,2.1303,90.9446,1.8056,88.6788,1.5081,86.228,1.9766,96.2292,1.658,95.0395,1.3671,93.6042,1.1006,91.9871,0.8554,89.7446,2122.0763,855.0865
2022-09-05,1579.29,1789.0,1490.66,1766.11,4668123.4131,72.3961,14.6778,68.6938,13.0005,64.8437,11.5209,60.837,10.1831,56.6637,8.9677,72.4312,13.3582,68.2785,11.6112,63.9227,10.0563,59.3486,8.6634,54.5393,7.4085,54.2406,25.6461,49.0544,21.8432,43.809,18.4695,38.5037,15.3828,33.4445,12.5479,29.8824,51.239,25.8857,46.2656,22.1193,41.4993,18.5639,36.9569,15.2022,32.623,14.9791,71.7253,12.2938,67.5744,10.0754,63.1674,8.35,58.4422,7.0298,53.6844,7.8733,83.2168,6.6915,80.2307,5.663,76.6501,4.7322,72.8052,3.8858,68.4802,4.6469,90.1837,3.8749,88.0418,3.1734,85.6697,2.5331,82.6159,1.9463,79.3521,2.9199,93.9672,2.3458,92.3279,1.821,90.4057,1.3396,88.2677,0.9516,85.4808,2106.4342,839.4444
2022-09-12,1766.12,1783.0,1325.55,1334.51,5784488.7576,50.5089,35.112,46.9152,32.1216,43.345,29.3381,39.798,26.7299,36.2741,24.2808,54.5027,30.7425,50.7047,27.9076,46.8938,25.2815,43.0697,22.8422,39.2326,20.5703,51.8457,30.8175,47.2219,27.5437,42.4781,24.6463,37.6096,22.0108,32.9232,19.6031,34.9052,45.1347,30.411,40.1934,26.1282,35.7568,22.0421,31.6375,18.1394,27.8024,18.6092,65.3635,15.3049,60.5513,12.545,55.5513,10.3784,50.4324,8.7111,45.4308,9.2981,80.2096,7.8846,76.7281,6.6582,72.6233,5.5528,68.2591,4.5515,63.4625,5.5104,88.2099,4.5792,85.6145,3.7384,82.734,2.9756,79.0784,2.2804,75.1804,3.2533,93.203,2.6078,91.341,2.0203,89.1551,1.4834,86.7185,1.0519,83.5639,2092.1627,825.173
2022-09-19,1334.51,1408.9,1220.0,1294.63,5736574.9099,34.7941,52.5312,32.0074,49.0319,29.3491,45.6092,26.8104,42.2627,24.3834,38.99,39.6137,46.2943,36.3427,42.7997,33.1688,39.4492,30.0878,36.2338,27.0956,33.1457,41.0075,43.7126,37.3065,40.103,33.6527,36.7211,30.045,33.5275,26.4827,30.507,35.129,46.3478,30.8188,41.9131,26.6551,37.9556,22.6306,34.3208,18.7384,30.9707,21.8203,60.5234,18.043,55.49,14.84,50.3944,12.294,45.4057,10.3179,40.6809,11.3322,75.9687,9.5815,71.8225,8.0683,67.0541,6.7119,62.0596,5.4889,56.7544,6.404,86.2556,5.3133,83.2547,4.3315,79.9376,3.4432,75.8016,2.6356,71.433,3.7904,91.948,3.0284,89.7175,2.3392,87.0964,1.7129,84.1666,1.2114,80.418,2079.0867,812.097
2022-09-26,1294.62,1400.0,1253.2,1276.72,4714233.4876,11.9857,80.8708,10.7299,77.4061,9.5863,73.8055,8.5404,70.098,7.5803,66.2786,28.6836,59.5768,26.2336,55.949,23.9302,52.3337,21.7607,48.7307,19.7138,45.1401,31.1896,55.5818,28.2372,51.8207,25.408,48.1323,22.6943,44.5325,20.0893,41.0181,30.0943,54.9182,26.5607,50.9341,23.1065,47.0046,19.7292,43.2517,16.4262,39.6638,22.9233,59.7792,19.082,55.0384,15.784,50.321,13.1354,45.7813,11.0629,41.5514,13.3068,72.2681,11.2507,67.703,9.4716,62.6002,7.8775,57.3692,6.441,52.0112,7.6754,83.4286,6.3518,79.8437,5.1663,75.9002,4.0982,71.1068,3.1311,66.106,4.359,90.664,3.4769,88.0824,2.6816,85.0611,1.961,81.6955,1.3848,77.4564,2067.1414,800.1517
2022-10-03,1276.72,1383.99,1263.04,1323.13,2899060.4732,11.3569,82.3424,10.2219,80.007,9.1775,77.4927,8.2133,74.7781,7.3204,71.8382,10.3209,83.1107,9.2271,79.5789,8.2414,75.8837,7.3487,72.0135,6.5363,67.9555,24.198,64.6711,21.9041,60.9103,19.764,57.0626,17.7626,53.1802,15.8868,49.2624,24.7155,62.5168,21.921,58.7775,19.2622,54.7536,16.7297,50.7877,14.3144,46.8787,21.383,63.6336,17.9011,59.5993,14.8983,55.4069,12.4782,51.1078,10.5764,46.9285,14.7304,70.0906,12.4894,65.4635,10.5393,60.4117,8.7842,55.3417,7.1961,50.2881,9.1191,80.3282,7.5355,76.1724,6.1209,71.6466,4.8498,66.3147,3.7013,60.8539,5.2311,88.6372,4.1608,85.4977,3.201,81.8441,2.3355,77.7922,1.6454,72.8123,2056.3617,789.372
2022-10-10,1323.13,1343.12,1190.0,1305.95,3388589.4231,12.3416,80.5213,11.0716,77.8697,9.9103,74.9945,8.8445,71.8664,7.8628,68.4502,9.8438,84.6817,8.8595,82.43,7.9612,79.9719,7.1381,77.2776,6.3811,74.3113,8.4102,86.018,7.4015,82.6891,6.4938,79.0101,5.6726,75.1189,4.9262,70.9967,19.8592,69.986,17.7848,66.6958,15.8568,62.7798,14.0602,58.7912,12.3821,54.7281,18.6438,69.4041,16.0544,65.9414,13.5996,62.1785,11.4527,58.0234,9.7637,53.8155,14.2062,72.0351,12.1363,68.0707,10.3119,63.9517,8.6482,59.6442,7.1249,55.0809,10.118,78.5739,8.3813,74.2567,6.8228,69.6353,5.4165,64.3208,4.1412,58.9975,6.1366,86.5964,4.8752,82.9455,3.7465,78.7428,2.7308,74.1318,1.9215,68.6235,2046.8655,779.8757
2022-10-17,1305.96,1371.55,1252.65,1364.2,2951869.4931,12.2249,81.1268,10.9628,78.3956,9.8096,75.4389,8.7519,72.2274,7.7782,68.727,11.1603,82.3427,10.0096,79.6839,8.9663,76.3619,8.0161,72.6896,7.147,68.7938,8.4294,86.2885,7.4488,83.853,6.5594,81.1745,5.7491,78.2146,5.0078,74.5461,6.7909,87.806,5.7983,85.5142,4.9056,81.7179,4.0986,77.6758,3.3654,73.3631,16.2853,74.0981,14.3343,71.1084,12.525,67.6999,10.8425,63.6314,9.274,59.3386,13.6266,75.0263,11.7019,71.6852,9.9907,68.0978,8.4158,64.1978,6.9616,59.7966,10.302,78.8477,8.5841,74.8178,7.0252,70.618,5.6041,66.2373,4.3034,61.6638,6.9636,84.8715,5.5365,80.8653,4.2578,76.3235,3.1055,71.4201,2.1858,65.7226,2038.8331,771.8434
2022-10-24,1364.19,1663.06,1324.17,1590.44,6094414.837,14.6942,79.2448,13.5505,76.7361,12.5074,74.0085,11.5523,71.0319,10.6745,67.7708,21.6367,69.2745,19.7276,66.5532,17.9366,63.4388,16.2532,60.0999,14.668,56.5925,18.9753,71.6652,17.0744,68.4366,15.3078,65.0319,13.6615,61.4363,12.1237,57.5282,14.3582,77.4943,12.718,74.7149,11.2008,71.4732,9.7933,68.014,8.4839,64.3147,11.5785,80.4413,10.0119,77.8691,8.5743,74.8063,7.2505,70.8112,6.0274,66.4854,17.6837,71.8147,15.4548,68.7051,13.3566,65.3572,11.3779,61.7126,9.5088,57.6263,14.1214,74.5691,11.9718,71.0787,9.9688,67.4072,8.0981,63.5404,6.347,59.462,10.3184,79.548,8.3831,75.3847,6.6086,70.9074,4.9756,66.3269,3.5999,61.6398,2032.4848,765.495
2022-10-31,1590.45,1680.0,1502.32,1568.29,4581252.7508,27.7205,61.063,25.4484,57.447,23.3393,53.6506,21.3763,49.66,19.5448,45.4598,19.6051,71.6737,17.7918,69.0336,16.0965,65.9521,14.5082,62.6198,13.017,59.1033,24.6318,64.9007,22.3092,61.9437,20.0888,58.8289,17.9639,55.5432,15.9286,52.0465,21.1769,67.9009,18.8433,64.5543,16.6414,60.9174,14.5606,57.1641,12.5911,53.2887,15.8945,74.5132,13.8833,71.6354,11.9978,68.399,10.2266,64.7604,8.5597,60.9379,12.4628,78.2736,10.5543,75.4412,8.7755,72.3444,7.1137,68.8901,5.5577,64.7533,16.4084,72.3856,13.9441,69.1901,11.5957,65.8095,9.3551,62.2273,7.2151,58.4249,12.3976,76.4113,10.0823,72.7177,7.9071,68.8868,5.8597,64.9106,4.0696,60.7809,2028.0576,761.0679
2022-11-07,1568.25,1608.04,1073.53,1221.49,9856350.1681,28.437,60.7811,26.2045,57.3787,24.1171,53.8472,22.1611,50.1791,20.3245,46.3665,20.3904,70.6446,18.5182,67.9433,16.7655,64.8103,15.1211,61.4379,13.5752,57.8926,15.0477,77.6396,13.4982,75.4704,12.0403,73.1332,10.6662,70.6075,9.3689,67.642,19.0751,71.7823,17.0629,69.1773,15.1448,66.4226,13.3143,63.5048,11.5655,60.409,15.9474,74.7495,13.9667,72.0039,12.1002,68.9324,10.3383,65.4929,8.6724,61.9089,11.6918,80.0837,9.9494,77.6436,8.3101,75.0141,6.7651,72.1156,5.3065,68.737,8.7499,83.4454,7.118,81.0968,5.5897,78.5487,4.1552,75.7745,2.8063,72.7429,11.5194,78.8835,9.4245,76.1251,7.4333,73.1965,5.5383,70.0814,3.8666,66.7614,2025.7841,758.7943
2022-11-14,1221.5,1291.2,1132.65,1142.21,3872561.5274,27.3315,62.7145,25.2446,59.5667,23.2844,56.3137,21.4399,52.9502,19.701,49.4705,20.5128,70.7983,18.6735,68.2182,16.9436,65.233,15.3136,62.0379,13.7751,58.7036,15.2674,77.3639,13.7018,75.1845,12.2274,72.8394,10.8365,70.309,9.5222,67.3446,11.6621,82.5454,10.4397,80.8196,9.2912,78.9563,8.2101,76.9382,7.1906,74.7452,14.4324,77.6413,12.6995,75.3669,11.0515,72.9541,9.4823,70.3896,7.9863,67.6589,11.5875,80.4543,9.8813,78.1231,8.2695,75.626,6.7446,72.8875,5.2997,69.6969,8.2103,84.7668,6.7068,82.7064,5.2872,80.4977,3.9448,78.1243,2.6734,75.5669,5.9245,87.8519,4.622,85.9812,3.4016,83.9525,2.2558,81.7453,1.3081,79.3346,2025.8719,758.8822
2022-11-21,1142.21,1235.66,1075.0,1193.88,3852198.0722,26.641,63.8135,24.63,60.7845,22.7377,57.6586,20.954,54.431,19.2697,51.0966,21.7007,69.3029,19.7815,66.6534,17.9718,63.6175,16.2624,60.3917,14.6451,57.0457,16.3239,75.7673,14.646,73.4244,13.0668,70.9014,11.5777,68.1769,10.1713,65.0158,12.3967,81.3753,11.0884,79.5106,9.8611,77.4925,8.7075,75.3011,7.6212,72.9133,9.3949,85.6337,8.3561,84.1368,7.3834,82.5123,6.4705,80.7431,5.6123,78.8091,11.0757,81.5822,9.474,79.4706,7.9519,77.2282,6.5036,74.8422,5.1238,72.2985,8.4521,84.3823,6.9104,82.2912,5.4523,80.0551,4.0712,77.6587,2.7611,75.0839,5.7976,88.2746,4.5361,86.5243,3.3475,84.6424,2.2257,82.6136,1.2938,80.4199,2028.4881,761.4983
2022-11-28,1193.88,1309.77,1151.02,1279.41,3279474.5966,28.5653,60.8841,26.3621,57.423,24.2961,53.9809,22.3548,50.5828,20.5274,47.228,23.331,66.7548,21.2348,63.8072,19.2639,60.4002,17.4076,56.7539,15.6561,53.1111,18.535,72.3261,16.6096,69.5984,14.8016,66.6506,13.1007,63.455,11.4976,59.7173,13.9802,78.7364,12.4728,76.5206,11.0657,74.1037,9.7492,71.4572,8.5149,68.5467,10.4454,83.8997,9.275,82.1792,8.1826,80.3026,7.1606,78.2477,6.2023,75.9876,7.5548,87.5665,6.5385,86.0927,5.5877,84.4906,4.6964,82.7429,3.8591,80.8287,8.4711,84.4567,6.9365,82.4114,5.4807,80.2336,4.098,77.9101,2.7829,75.4256,6.1889,87.4672,4.841,85.591,3.5716,83.5721,2.3741,81.3937,1.3795,79.0362,2033.7451,766.7554
2022-12-05,1279.4,1305.11,1218.01,1263.01,2267254.9617,28.1634,61.4809,25.9908,58.2038,23.9535,54.6849,22.0394,51.2096,20.2375,47.7829,24.7806,64.4094,22.5166,61.1622,20.3949,57.4667,18.4026,53.5258,16.5281,49.6836,19.8687,70.4581,17.8205,67.5866,15.8939,64.4914,14.0784,61.1453,12.3647,57.3076,15.662,75.9868,13.9502,73.4194,12.3574,70.6047,10.8716,67.5052,9.4824,64.0753,11.6488,81.8431,10.3199,79.8339,9.085,77.6266,7.9344,75.1904,6.8597,72.4878,8.3339,86.2329,7.2071,84.5834,6.1546,82.7863,5.1693,80.8206,4.245,78.6616,5.8338,89.521,4.866,88.1178,3.9607,86.5926,3.1119,84.9288,2.3146,83.1066,6.2208,87.4905,4.8731,85.6473,3.6004,83.6724,2.3964,81.5513,1.3941,79.2671,2041.6923,774.7026
2022-12-12,1263.0,1352.72,1155.32,1183.06,3300225.297,11.3882,81.8685,10.105,78.894,8.9389,74.8999,7.8744,70.7942,6.8988,66.5996,23.213,66.9804,21.1351,64.0713,19.1802,60.8652,17.3376,57.2704,15.5979,53.5832,20.0247,70.2594,17.9646,67.3794,16.026,64.2771,14.1984,60.9258,12.4725,57.0906,16.0122,75.6593,14.2873,73.1274,12.6769,70.3668,11.1699,67.345,9.7566,64.0232,12.4686,80.4952,11.0381,78.3128,9.7106,75.9095,8.4754,73.2502,7.3231,70.2916,8.9616,85.1574,7.7458,83.366,6.6114,81.4109,5.5504,79.2687,4.5559,76.911,6.2374,88.8038,5.2035,87.3072,4.2359,85.6812,3.3286,83.9083,2.476,81.9676,4.3108,91.72,3.4856,90.5183,2.7142,89.2107,1.9915,87.7824,1.3129,86.2162,2052.3103,785.3206
2022-12-19,1183.06,1237.99,1150.51,1218.51,1978460.2941,0.0,100.0,0.0,98.5515,0.0,95.213,0.0,91.6178,0.0,87.7971,10.1052,84.1484,9.0121,82.2301,8.0187,79.7871,7.1121,76.1817,6.2813,72.0662,19.7982,70.6267,17.7654,67.7923,15.8516,64.7411,14.0467,61.4474,12.3416,57.7919,16.8928,74.4129,15.0843,71.7821,13.3933,68.9202,11.8088,65.7953,10.3211,62.3695,13.18,79.3924,11.669,77.0899,10.2666,74.5554,8.9614,71.7518,7.7437,68.6339,9.8169,83.6204,8.4722,81.602,7.2212,79.3887,6.0543,76.951,4.9634,74.2528,6.833,87.6931,5.6963,86.0338,4.634,84.2271,3.6392,82.2525,2.7055,80.0856,4.6751,91.0011,3.7785,89.6884,2.9411,88.2581,2.1571,86.6937,1.4216,84.9752,2065.5098,798.5201
2022-12-26,1218.52,1233.73,1181.06,1200.34,1565275.6649,0.0,100.0,0.0,98.0533,0.0,93.5766,0.0,88.7752,0.0,83.6941,0.0,100.0,0.0,100.0,0.0,99.5193,0.0,97.1579,0.0,93.9064,8.2401,86.0128,7.1234,84.1391,6.1021,82.0226,5.1643,79.6129,4.3003,76.4594,16.735,74.7264,14.9525,72.1525,13.284,69.3578,11.7187,66.3124,10.2475,62.9812,13.8429,78.4123,12.2625,76.0198,10.7941,73.3905,9.4262,70.4876,8.1488,67.2659,10.3336,82.753,8.9175,80.6258,7.6002,78.2929,6.3718,75.7227,5.2234,72.8772,7.4375,86.5435,6.1944,84.7081,5.0348,82.7039,3.9507,80.5067,2.9348,78.0869,5.0846,90.1811,4.1067,88.7376,3.1945,87.1615,2.3416,85.4337,1.5424,83.5311,2081.1343,814.1446
2023-01-02,1200.33,1296.0,1193.0,1290.16,1874373.9047,8.4989,84.2916,7.3869,79.3799,6.4331,71.9911,5.6061,64.513,4.882,57.0076,4.1208,92.5746,3.5444,91.3565,3.0338,89.3927,2.5782,85.3145,2.1693,80.2805,2.3322,95.7975,1.9879,95.1497,1.6781,94.3935,1.3978,93.4995,1.1431,91.6958,8.0809,84.6314,6.6058,82.3599,5.3897,79.8526,4.5225,77.0708,3.7281,73.9667,14.7448,75.7465,13.0616,72.9714,11.4976,70.0154,10.0407,66.8602,8.6802,63.485,11.4841,79.7882,9.8938,77.0756,8.4191,74.1625,7.048,71.0256,5.77,67.6383,8.2144,84.5804,6.8293,82.2014,5.5417,79.6416,4.3417,76.8797,3.2206,73.8906,5.7463,88.7927,4.6317,86.8557,3.596,84.7306,2.6313,82.4242,1.7303,79.9124,2098.9655,831.9757
2023-01-09,1290.15,1599.98,1285.44,1552.52,4219468.6884,50.0896,32.9149,46.6547,28.4167,43.4732,24.9152,40.5181,21.6568,37.7662,18.594,35.8295,50.3843,33.1407,45.9084,30.6785,40.9599,28.4152,36.0228,26.3279,31.2022,24.5701,66.4208,22.7832,63.5498,21.1381,60.3449,19.6186,56.7444,18.2108,52.6315,18.1125,74.6069,16.6201,72.3687,15.3363,69.915,14.3255,67.213,13.3945,64.223,20.6608,70.1201,18.9465,67.4516,17.3481,64.6178,15.8542,61.6028,14.4549,58.3887,23.8376,65.9262,21.6832,63.0523,19.6319,60.0723,17.6766,56.9803,15.8106,53.7698,19.6492,70.7442,17.6232,67.8988,15.7035,64.9199,13.8817,61.7978,12.1507,58.522,15.3593,76.6718,13.6566,74.171,12.0501,71.5079,10.5319,68.6881,9.0949,65.6974,2118.7318,851.7421
2023-01-16,1552.52,1679.26,1501.39,1627.44,3509158.2566,68.1548,20.7297,65.4407,17.8843,62.7517,15.8602,60.0875,13.9423,57.4478,12.0994,60.5463,24.9741,57.2969,20.9319,54.1779,16.9556,51.1815,13.8789,48.3007,11.2566,48.0015,38.6819,45.1318,34.8021,42.4162,30.6568,39.8427,26.2179,37.4004,21.8043,36.2156,53.3784,33.9241,50.4152,31.795,47.2825,29.8787,43.9652,28.0761,40.4467,28.7806,62.2319,26.992,59.6731,25.3133,56.9736,23.7345,54.1214,22.247,51.1031,29.8032,60.6786,27.7629,58.0261,25.8174,55.2764,23.9602,52.424,22.1855,49.4631,30.8075,58.9001,28.4582,56.1102,26.1816,53.2664,23.9745,50.3672,21.8336,47.4109,26.2208,64.0985,24.0483,61.3264,21.963,58.4522,19.9598,55.4802,18.0338,52.4054,2140.1188,873.129
2023-01-23,1627.43,1660.0,1518.0,1644.72,3426332.1614,78.3231,15.0198,76.4984,13.4994,74.602,12.0306,72.6295,10.6108,70.5762,9.2378,71.2549,17.9904,68.5521,15.3156,65.8437,12.6465,63.1296,10.3658,60.4098,8.4392,64.6943,22.2046,61.603,18.7319,58.5805,15.1745,55.6245,11.5292,52.7327,8.2171,53.7095,34.0091,50.8331,30.7291,48.0347,27.3582,45.3482,23.8925,42.7713,20.3282,42.5028,46.9612,40.127,44.1428,37.8516,41.246,35.6703,38.2675,33.5776,35.2039,35.1489,55.5971,33.1122,53.0595,31.1614,50.4398,29.2913,47.7338,27.497,44.9372,35.0342,55.2503,32.8038,52.636,30.6409,49.971,28.5426,47.2537,26.5059,44.4827,34.9827,54.8521,32.5845,52.1453,30.2397,49.4037,27.9466,46.6299,25.7035,43.8231,2162.7806,895.7909
2023-01-30,1644.73,1714.68,1535.0,1629.02,3234339.8978,90.1282,6.677,89.1694,6.0074,88.1305,5.3798,87.0009,4.7902,85.7684,4.2354,78.5067,13.7466,76.3811,11.979,74.171,10.2721,71.8712,8.6228,69.476,7.0282,72.1707,17.0796,69.4183,14.4554,66.6391,11.8558,63.8328,9.2803,60.9989,6.7287,66.3197,21.7542,63.3321,18.7787,60.3074,15.8057,57.2583,12.8352,54.2618,9.867,56.2857,32.3955,53.4483,29.5511,50.6729,26.6997,47.9575,23.841,45.3,20.9752,45.5954,44.0034,43.1349,41.3163,40.7381,38.598,38.4026,35.8479,36.126,33.0655,38.3964,52.2954,36.2468,49.8089,34.1601,47.2754,32.1335,44.6936,30.1645,42.0619,37.5992,52.6074,35.2867,50.0135,33.025,47.3872,30.8124,44.7296,28.6473,42.0401,2186.3522,919.3624
2023-02-06,1629.01,1697.91,1490.0,1514.83,2973123.9347,93.4357,3.6462,91.8311,3.2641,90.1161,2.9135,88.2791,2.5906,86.3064,2.2922,88.0352,7.0591,86.0826,6.0408,83.725,5.0892,81.2636,4.1981,78.6915,3.3619,76.567,14.1729,74.0047,12.077,71.1265,10.0591,68.0164,8.1147,64.8863,6.24,70.5921,18.4328,67.6506,15.8711,64.571,13.3764,61.2748,10.9462,57.9179,8.578,64.7516,23.5547,61.5578,20.787,58.3662,18.0748,55.1767,15.4164,51.9774,12.8102,54.8156,33.5599,51.8671,30.7405,48.9408,27.9491,46.0365,25.1855,43.154,22.4491,44.6613,44.6676,42.0821,41.9652,39.5417,39.2587,37.0394,36.5481,34.5743,33.8334,37.6169,52.6524,35.3225,50.0711,33.0796,47.4559,30.8866,44.808,28.7417,42.1267,2210.4607,943.471
2023-02-13,1514.82,1742.97,1461.93,1679.75,3974311.7909,99.0009,0.0,97.9532,0.0,96.8166,0.0,95.5792,0.0,94.2271,0.0,94.6647,3.6935,93.6146,3.3689,92.1293,3.0703,90.5304,2.7948,88.8041,2.5398,87.6675,6.3753,85.9007,5.1128,83.669,3.9249,81.0198,2.8052,78.2618,1.748,77.8921,13.5981,75.4746,11.7199,72.8433,9.9277,69.8263,8.2157,66.5826,6.5787,72.2448,18.0544,69.3637,15.8778,66.4154,13.7849,63.3973,11.7711,60.2459,9.8319,66.4022,23.0853,63.5049,20.7102,60.5609,18.409,57.5688,16.1783,54.5275,14.015,56.858,32.1371,54.0362,29.5402,51.2042,26.9891,48.3619,24.4826,45.5092,22.0196,47.1344,42.5636,44.5963,40.0035,42.0728,37.4629,39.564,34.9372,37.0695,32.4264,2234.7369,967.7472
2023-02-20,1679.74,1719.89,1557.33,1641.36,3113162.2863,99.0332,0.0,98.0204,0.0,96.9229,0.0,95.7297,0.0,94.4277,0.0,100.0,0.0,99.4132,0.0,98.3744,0.0,97.2361,0.0,95.9834,0.0,93.886,3.3095,93.0007,2.7484,91.6041,2.2304,89.6967,1.7507,87.6415,1.3053,87.37,6.6688,85.565,5.4297,83.4791,4.2713,80.7939,3.1861,77.6768,2.1673,78.1507,13.893,75.5731,12.1987,72.8722,10.5978,70.0388,9.0829,66.9581,7.6472,72.3006,18.4597,69.5865,16.4854,66.7704,14.6037,63.8465,12.8083,60.8084,11.0933,66.2805,23.3698,63.4567,21.1,60.5603,18.9136,57.5886,16.8061,54.5384,14.7732,57.1091,32.0934,54.3297,29.5849,51.5173,27.1457,48.6711,24.7629,45.7905,22.4346,2258.8248,991.835
2023-02-27,1641.37,1677.86,1544.39,1564.58,3002562.809,97.0609,0.129,95.285,0.0,93.364,0.0,91.2795,0.0,89.0095,0.0,99.9465,0.0,99.0513,0.0,97.6767,0.0,96.1851,0.0,94.5611,0.0,100.0,0.0,99.8675,0.0,98.7338,0.0,96.998,0.0,95.1147,0.0,93.1607,3.4746,92.071,2.8169,90.2639,2.2142,87.5441,1.6599,84.2821,1.1483,86.5156,7.5102,84.2722,6.3228,81.835,5.224,78.7849,4.2043,75.3933,3.2554,76.9675,14.8494,74.387,13.2081,71.6453,11.6709,68.5935,10.2281,65.2854,8.8714,70.9214,19.706,68.2056,17.787,65.3539,15.9724,62.3559,14.254,59.1014,12.6244,64.5364,24.7052,61.626,22.3774,58.6185,20.1621,55.5088,18.0373,52.285,15.9974,2282.3898,1015.4
2023-03-06,1564.57,1594.19,1368.39,1580.33,5261721.2704,95.7684,0.1785,93.0349,0.0,89.7274,0.0,86.1916,0.0,82.4027,0.0,99.9314,0.0,98.7729,0.0,96.9729,0.0,94.9897,0.0,92.7938,0.0,100.0,0.0,99.867,0.0,98.7293,0.0,96.9859,0.0,95.0929,0.0,100.0,0.0,100.0,0.0,99.229,0.0,97.3315,0.0,94.6998,0.0,92.7371,3.8534,91.1245,3.2222,89.3115,2.648,86.7083,2.1235,83.4552,1.6424,85.4978,8.2503,83.2947,7.1097,80.8867,6.0613,78.0167,5.0943,74.676,4.1995,75.9643,15.6933,73.4055,14.0993,70.6584,12.6154,67.7014,11.2306,64.3403,9.9353,69.5256,20.665,66.7349,18.6838,63.7857,16.8353,60.6643,15.0912,57.3317,13.4427,2305.1256,1038.1359
2023-03-13,1580.33,1841.36,1565.0,1780.68,6262787.8403,95.6284,0.1906,92.8878,0.0,89.6415,0.0,86.2594,0.0,82.7329,0.0,99.9252,0.0,98.6642,0.0,96.7126,0.0,94.5732,0.0,92.2172,0.0,100.0,0.0,99.8605,0.0,98.6673,0.0,96.8406,0.0,94.8592,0.0,100.0,0.0,100.0,0.0,99.5268,0.0,98.4411,0.0,96.7592,0.0,99.8906,0.0,99.316,0.0,98.6452,0.0,97.1826,0.0,95.0208,0.0,92.8218,3.8378,91.4652,3.2972,89.9595,2.804,87.9846,2.3523,85.4835,1.9371,86.0481,8.1894,84.1642,7.1996,82.1051,6.2881,79.8453,5.4458,77.0313,4.6651,77.1594,15.2519,74.9176,13.8294,72.5066,12.5237,69.9067,11.3047,67.0411,10.1639,2326.7597,1059.7699
2023-03-20,1780.67,1857.16,1710.12,1773.88,4323928.0818,95.5922,0.1986,92.9039,0.0,89.7768,0.0,86.5901,0.0,83.3421,0.0,99.9176,0.0,98.5318,0.0,96.4019,0.0,94.0872,0.0,91.5625,0.0,100.0,0.0,99.8444,0.0,98.5111,0.0,96.4696,0.0,94.2543,0.0,100.0,0.0,100.0,0.0,99.4937,0.0,98.3289,0.0,96.5209,0.0,100.0,0.0,100.0,0.0,99.9784,0.0,99.2912,0.0,97.9994,0.0,99.4088,0.0,98.8988,0.0,98.3245,0.0,97.313,0.0,95.7668,0.0,92.6815,3.9116,91.4757,3.4248,90.1372,2.9802,88.643,2.5726,86.5289,2.1974,86.1133,8.3425,84.4153,7.4197,82.5572,6.5916,80.5152,5.8262,78.1687,5.1165,2347.0561,1080.0663
2023-03-27,1773.88,1847.28,1686.13,1794.51,3373183.9183,97.8625,0.1719,97.1249,0.0,95.9759,0.0,94.7459,0.0,93.426,0.0,99.915,0.0,98.4971,0.0,96.3458,0.0,94.0458,0.0,91.5811,0.0,100.0,0.0,99.83,0.0,98.3752,0.0,96.1556,0.0,93.7579,0.0,100.0,0.0,100.0,0.0,99.443,0.0,98.1582,0.0,96.1629,0.0,100.0,0.0,100.0,0.0,99.9772,0.0,99.2527,0.0,97.8899,0.0,100.0,0.0,100.0,0.0,100.0,0.0,99.652,0.0,98.8551,0.0,99.0095,0.0,98.5492,0.0,98.0315,0.0,97.4448,0.0,96.2237,0.0,92.4909,4.0263,91.3935,3.5537,90.1754,3.1448,88.8157,2.7696,87.166,2.424,2365.8182,1098.8285
2023-04-03,1794.51,1942.98,1762.77,1858.92,2964842.5896,97.8405,0.1743,97.0984,0.0,95.9438,0.0,94.7111,0.0,93.3919,0.0,99.9298,0.0,99.5447,0.0,99.1214,0.0,98.6541,0.0,98.1354,0.0,100.0,0.0,99.8323,0.0,98.4061,0.0,96.2528,0.0,93.9571,0.0,100.0,0.0,100.0,0.0,99.4203,0.0,98.0865,0.0,96.0229,0.0,100.0,0.0,100.0,0.0,99.976,0.0,99.2118,0.0,97.7732,0.0,100.0,0.0,100.0,0.0,100.0,0.0,99.6472,0.0,98.8408,0.0,100.0,0.0,100.0,0.0,100.0,0.0,100.0,0.0,99.4612,0.0,98.6807,0.0259,98.2648,0.0,97.7984,0.0,97.2717,0.0,96.5221,0.0,2382.8896,1115.8998
2023-04-10,1858.91,2141.54,1846.4,2118.67,3684963.8428,98.4475,0.1268,97.9194,0.0,97.0933,0.0,96.2124,0.0,95.2711,0.0,99.9428,0.0,99.6326,0.0,99.2977,0.0,98.9352,0.0,98.5415,0.0,100.0,0.0,99.8795,0.0,99.3367,0.0,98.7496,0.0,98.1128,0.0,100.0,0.0,100.0,0.0,99.5169,0.0,98.4201,0.0,96.7418,0.0,100.0,0.0,100.0,0.0,99.9786,0.0,99.3016,0.0,98.0391,0.0,100.0,0.0,100.0,0.0,100.0,0.0,99.6771,0.0,98.9444,0.0,100.0,0.0,100.0,0.0,100.0,0.0,100.0,0.0,99.517,0.0,100.0,0.0,100.0,0.0,100.0,0.0,100.0,0.0,99.8658,0.0,2398.153,1131.1633
2023-04-17,2118.66,2125.0,1825.0,1862.0,3606341.1812,100.0,0.0,99.8908,0.0,98.4578,0.0,96.895,0.0,95.2485,0.0,99.9397,0.0,99.6105,0.0,99.2515,0.0,98.8585,0.0,97.3888,0.0,100.0,0.0,99.8676,0.0,99.2695,0.0,98.6191,0.0,97.909,0.0,100.0,0.0,100.0,0.0,99.5334,0.0,98.8224,0.0,98.0442,0.0,100.0,0.0,100.0,0.0,99.9773,0.0,99.2564,0.0,97.9086,0.0,100.0,0.0,100.0,0.0,100.0,0.0,99.6495,0.0,98.8498,0.0,100.0,0.0,100.0,0.0,100.0,0.0,100.0,0.0,99.4774,0.0,100.0,0.0,100.0,0.0,100.0,0.0,100.0,0.0,99.8595,0.0,2411.5298,1144.54
2023-04-24,1862.01,1964.72,1785.0,1870.09,3455930.7413,100.0,0.0,100.0,0.0,98.9546,0.0,97.1213,0.0,95.0513,0.0,100.0,0.0,100.0,0.0,100.0,0.0,100.0,0.0,98.4263,0.0,100.0,0.0,99.8618,0.0,99.236,0.0,98.5533,0.0,97.8054,0.0,100.0,0.0,100.0,0.0,99.4927,0.0,98.7172,0.0,97.8649,0.0,100.0,0.0,100.0,0.0,99.978,0.0,99.2808,0.0,98.3075,0.0,100.0,0.0,100.0,0.0,100.0,0.0,99.6293,0.0,98.7807,0.0,100.0,0.0,100.0,0.0,100.0,0.0,100.0,0.0,99.4357,0.0,100.0,0.0,100.0,0.0,100.0,0.0,100.0,0.0,99.849,0.0,2422.977,1155.9872
2023-05-01,1870.08,2019.0,1806.12,1870.4,3206970.9473,100.0,0.0,100.0,0.0,98.0601,0.0,94.8125,0.0,91.3158,0.0,100.0,0.0,100.0,0.0,100.0,0.0,100.0,0.0,98.3167,0.0,100.0,0.0,100.0,0.0,100.0,0.0,100.0,0.0,100.0,0.0,100.0,0.0,100.0,0.0,99.4704,0.0,98.6601,0.0,97.7685,0.0,100.0,0.0,100.0,0.0,99.9761,0.0,99.2183,0.0,98.1563,0.0,100.0,0.0,100.0,0.0,100.0,0.0,99.6387,0.0,98.8152,0.0,100.0,0.0,100.0,0.0,100.0,0.0,100.0,0.0,99.4016,0.0,100.0,0.0,100.0,0.0,100.0,0.0,100.0,0.0,99.8376,0.0,2432.4853,1165.4955
2023-05-08,1870.41,1887.47,1740.0,1799.21,3088278.6267,90.8226,4.4634,89.2848,3.548,85.9983,2.7109,81.7172,1.9424,77.3721,1.2344,94.4129,2.4092,93.4059,1.7755,92.2852,1.1912,91.0301,0.6507,88.1034,0.1492,96.8422,1.0356,96.1929,0.5987,95.4828,0.1915,94.7029,0.0,93.8423,0.0,97.8688,0.0,97.2053,0.0,96.4815,0.0,95.6887,0.0,94.8166,0.0,98.7823,0.0,98.1321,0.0,97.3905,0.0,95.8669,0.0,94.0167,0.0,99.6769,0.0,99.143,0.0,98.5484,0.0,97.5047,0.0,95.9229,0.0,100.0,0.0,99.9446,0.0,99.4856,0.0,98.9697,0.0,97.8138,0.0,100.0,0.0,100.0,0.0,100.0,0.0,99.5093,0.0,98.7729,0.0,2440.0759,1173.0862
2023-05-15,1799.2,1846.7,1771.12,1804.91,1877652.6148,82.5547,7.9003,79.6113,5.9493,75.2099,4.1356,70.2129,2.4452,65.398,1.456,89.155,4.1473,87.1018,2.7708,84.8541,1.4888,82.3827,0.7574,78.4249,0.1725,93.6538,1.5741,92.2087,0.7067,90.6361,0.2244,88.9184,0.0,87.0344,0.0,96.5698,0.0,95.4495,0.0,94.2495,0.0,92.961,0.0,91.5738,0.0,98.1168,0.0,96.9638,0.0,95.7217,0.0,94.3795,0.0,92.729,0.0,99.6035,0.0,98.5104,0.0,97.3145,0.0,95.6209,0.0,93.37,0.0,100.0,0.0,99.9385,0.0,99.0486,0.0,97.9424,0.0,96.103,0.0,100.0,0.0,100.0,0.0,100.0,0.0,99.3342,0.0,98.1232,0.0,2445.7985,1178.8087
2023-05-22,1804.91,1918.65,1761.41,1908.64,2198755.7685,79.9832,8.8936,76.4661,6.6715,71.4021,4.6211,65.8016,2.7233,60.4764,1.6145,88.3109,4.4286,86.0579,2.9531,83.5765,1.584,80.8301,0.804,76.5223,0.1827,93.1231,1.683,91.5224,0.7533,89.7654,0.2384,87.8281,0.0,85.6812,0.0,96.1937,0.0,94.9258,0.0,93.5538,0.0,92.0644,0.0,90.4419,0.0,98.1935,0.0,97.0981,0.0,95.927,0.0,94.6718,0.0,93.3233,0.0,99.6213,0.0,98.5836,0.0,97.4592,0.0,96.2367,0.0,94.8257,0.0,100.0,0.0,99.9378,0.0,99.0392,0.0,97.9256,0.0,96.079,0.0,100.0,0.0,100.0,0.0,100.0,0.0,99.3042,0.0,98.0379,0.0,2449.7289,1182.7392
2023-05-29,1908.64,1927.62,1840.0,1890.01,1810516.8326,53.9779,18.613,44.1507,13.7166,34.5098,9.3491,27.1432,5.4291,21.3544,3.1352,86.0067,5.1569,83.1629,3.4197,79.9724,1.8249,76.3677,0.9206,71.0244,0.208,92.3241,1.8495,90.4915,0.825,88.4594,0.2602,86.1933,0.0,83.6504,0.0,95.7796,0.0,94.3469,0.0,92.7811,0.0,91.0628,0.0,89.1686,0.0,97.9781,0.0,96.7431,0.0,95.4149,0.0,93.9827,0.0,92.4337,0.0,99.6283,0.0,98.6145,0.0,97.524,0.0,96.3477,0.0,95.0749,0.0,100.0,0.0,99.9394,0.0,99.0683,0.0,97.9971,0.0,96.815,0.0,100.0,0.0,100.0,0.0,100.0,0.0,99.2861,0.0,97.9888,0.0,2451.969,1184.9793
2023-06-05,1890.0,1898.29,1715.03,1752.76,2735840.9155,35.1792,42.5398,29.083,37.442,23.457,32.5142,19.3728,27.7482,15.9331,23.8359,49.2139,28.2525,41.9109,23.8506,33.6875,19.8176,24.3581,16.7471,16.9788,14.1389,78.8218,10.6921,75.6913,8.6224,72.3079,7.0646,68.6397,5.8895,64.649,5.0618,86.4102,6.0904,84.0687,5.3508,81.554,4.6808,78.8462,4.0709,75.9221,3.5136,91.0269,4.3727,89.0795,3.8382,87.009,3.3486,84.8034,2.8985,82.449,2.4834,94.4633,3.1406,92.8511,2.7357,91.1387,2.3624,89.3165,2.0171,87.3736,1.6967,96.2298,2.2095,95.6822,1.8978,94.3746,1.6102,92.8693,1.344,91.2469,1.0969,96.8187,1.5719,96.3006,1.2556,95.7193,0.9653,94.4473,0.6978,92.7839,0.4507,2452.6468,1185.6571
2023-06-12,1752.77,1770.13,1626.01,1720.95,2052207.1051,23.6351,60.5158,19.8928,56.3178,16.8717,52.0187,14.3775,47.6148,12.0675,43.2771,33.6933,46.6985,28.4021,42.1517,22.9403,37.7348,17.2994,33.7629,12.3792,30.1186,47.2834,32.5185,41.4215,28.2628,35.1698,24.612,28.4882,21.5234,21.3307,18.9891,73.8018,14.9332,70.5265,13.2319,67.086,11.6744,63.4673,10.2433,59.6562,8.9238,81.8404,10.6653,79.1953,9.4698,76.4271,8.366,73.5269,7.3437,70.4852,6.3943,87.2312,7.9751,85.0263,7.063,82.7189,6.2155,80.3017,5.426,77.7667,4.6888,90.4975,5.9473,89.3475,5.2228,87.4548,4.5499,85.359,3.9234,83.1351,3.3385,92.6593,4.2775,91.7103,3.654,90.666,3.0752,88.998,2.5364,86.9855,2.0337,2451.9182,1184.9284
2023-06-19,1720.95,1936.42,1698.0,1898.8,2571304.7446,34.3397,52.6504,31.3122,49.1525,28.3674,45.5474,25.5018,41.8302,22.7124,38.2647,40.1288,43.8677,36.0209,39.9705,31.8688,36.1136,27.6718,32.6274,23.5295,29.3764,50.0248,32.206,45.1492,28.2646,40.0796,24.8381,34.8041,21.9007,29.3099,19.4634,61.3866,21.758,56.4822,19.0517,51.3115,16.6296,45.8524,14.4492,40.0799,12.476,79.9197,11.648,76.9453,10.3067,73.8187,9.0764,70.5279,7.9439,67.0596,6.898,86.3752,8.4199,83.9936,7.44,81.4921,6.5335,78.8614,5.6925,76.0912,4.9101,89.9309,6.2945,88.7091,5.5264,86.7121,4.8133,84.5056,4.1497,82.1684,3.5304,92.136,4.5775,91.1164,3.9094,89.9936,3.2895,88.2116,2.7126,86.0688,2.1746,2449.9697,1182.9799
2023-06-26,1898.8,1959.2,1816.56,1937.48,2555824.0945,49.8462,38.6205,46.8477,35.8471,43.801,33.1156,40.7047,30.4251,37.5578,28.1698,47.5043,39.0175,44.106,35.6763,40.6962,32.3463,37.2747,29.3809,33.8415,26.5985,54.3914,30.5225,50.4454,27.0304,46.4257,23.9729,42.3302,21.3264,38.1567,19.1126,63.1952,21.4219,58.8886,18.8971,54.4302,16.6054,49.8118,14.5159,45.0248,12.6029,72.3319,15.6276,68.1676,13.7049,63.7715,11.9712,59.1238,10.4,54.2022,8.9694,85.2774,8.9913,82.6724,7.9249,79.9259,6.9432,77.0262,6.0365,73.9599,5.1964,89.492,6.5529,88.2087,5.7503,86.1236,5.0061,83.8215,4.314,81.3838,3.6688,91.8239,4.7733,90.7723,4.0791,89.6165,3.4342,87.7873,2.8335,85.5955,2.2726,2447.0217,1180.032
2023-07-03,1937.49,1976.16,1826.0,1862.8,1745434.2954,54.1158,35.225,51.0483,32.9356,47.9081,30.7678,44.6926,28.7124,41.3991,26.7607,52.265,34.8742,48.7025,31.9785,45.0912,29.1957,41.4426,26.8991,37.7561,24.8343,52.0378,32.8388,48.194,29.2313,44.3724,26.0261,40.6474,23.2207,37.0047,20.8514,60.1847,23.7337,55.8296,20.9805,51.3832,18.4714,46.8515,16.1752,42.3279,14.0661,69.6018,17.3643,65.2202,15.2388,60.6472,13.3197,55.8699,11.5784,50.8742,9.9911,78.3266,12.535,74.3413,10.9238,70.0885,9.4723,65.5402,8.1579,60.6646,6.9621,87.9643,7.3471,86.4063,6.4198,83.9342,5.5669,81.1915,4.7798,78.2625,4.0511,91.0576,5.1904,89.8892,4.4303,88.6002,3.7258,86.5818,3.0709,84.1707,2.4607,2443.3314,1176.3416
2023-07-10,1862.81,2029.11,1846.63,1922.11,2021480.9564,53.1786,36.235,50.1778,33.9372,47.122,31.7544,44.0095,29.6781,40.8389,27.7009,60.6182,29.5058,57.5365,27.4544,54.2391,25.5373,50.768,23.7416,47.1093,22.0562,60.1406,27.4071,56.7036,24.703,53.0942,22.4651,49.3961,20.3774,45.6495,18.4252,61.1267,23.841,57.1914,21.2099,53.2327,18.7826,49.2526,16.5363,45.3159,14.4515,69.186,17.9776,64.9759,15.8366,60.6403,13.8896,56.1736,12.1113,51.5696,10.4807,77.554,13.1626,73.5785,11.4992,69.3858,9.9936,64.9577,8.6244,60.2738,7.3737,83.6714,9.5368,81.2989,8.2625,77.7347,7.1093,73.7566,6.0608,69.448,5.1034,90.2225,5.6249,88.9142,4.7926,87.4623,4.0237,85.2161,3.3114,82.5382,2.6496,2439.1949,1172.2052
2023-07-17,1922.12,1936.18,1851.18,1888.73,1454848.7617,50.2481,37.5256,46.7388,34.9466,43.2711,32.5236,39.849,30.2429,36.4717,28.0923,55.9124,32.7626,52.4117,30.4333,48.692,28.2635,44.8692,26.2374,40.9977,24.3412,63.9277,25.6829,60.8163,23.5009,57.3819,21.4541,53.6963,19.5303,49.816,17.7189,65.0649,22.6549,61.5489,20.2863,57.8779,18.0736,54.0297,16.0019,50.0275,14.0581,67.3831,19.3507,63.157,17.0849,58.8594,15.0155,54.4885,13.1178,50.0426,11.3715,75.6702,14.364,71.5098,12.5618,67.1688,10.9272,62.635,9.4381,57.8955,8.0757,82.1664,10.4047,79.5719,9.0126,75.7403,7.7534,71.4947,6.6088,66.9262,5.5639,86.6898,7.3324,84.6953,6.1947,82.4146,5.1608,79.0446,4.217,75.0433,3.352,2434.9478,1167.958
2023-07-24,1888.74,1890.86,1833.19,1861.79,1234833.0557,61.8308,24.5392,57.5457,21.7796,53.0717,19.4627,48.69,17.6419,44.3979,15.9932,50.529,36.5512,46.962,33.7827,43.3632,31.3256,39.9179,29.038,36.5829,26.9031,56.8465,29.9743,53.1333,27.3451,49.2412,24.8933,45.263,22.6013,41.3209,20.4542,65.6558,22.6805,62.2844,20.3542,58.7438,18.1717,55.0064,16.12,51.0833,14.1878,68.5042,19.5181,64.6489,17.3219,60.6737,15.2961,56.5729,13.4215,52.3406,11.6817,72.6472,16.0613,67.9563,14.0394,63.2175,12.2075,58.4299,10.5398,53.5929,9.0152,79.8569,11.6808,76.8701,10.1065,72.3746,8.6855,67.5418,7.3964,62.4846,6.2217,85.0267,8.1789,82.7339,6.8988,80.0961,5.739,76.1827,4.6832,71.503,3.7181,2430.9626,1163.9729
2023-07-31,1861.79,1879.74,1813.8,1830.28,1323802.4295,76.1258,11.8125,71.5451,9.601,66.2549,7.9836,61.0315,6.9924,55.8737,6.1146,57.2534,28.3854,53.1758,25.4014,49.0285,22.8518,44.963,20.4911,41.05,18.299,48.7724,36.9584,45.0888,33.7421,41.4409,30.656,37.8985,27.6923,34.5925,24.844,56.1663,29.7245,52.391,26.6328,48.542,23.6712,44.6332,20.8319,40.7723,18.1073,65.7393,22.3439,62.2935,19.8346,58.7108,17.4564,54.9831,15.1995,51.1012,13.0547,69.778,18.4773,65.6847,16.1087,61.4967,13.9068,57.2107,11.8547,52.8232,9.9376,74.3159,14.6758,70.6519,12.5374,65.7592,10.5816,60.7099,8.786,55.6082,7.1497,80.7417,10.1573,77.7555,8.3991,74.3711,6.7938,69.8108,5.3541,64.6445,4.2415,2427.6443,1160.6546
2023-08-07,1830.28,1876.51,1802.0,1840.73,1076853.3198,60.4695,20.8826,54.6959,17.1432,48.9563,14.1178,43.5927,11.9061,38.5694,9.9402,72.5015,12.9735,67.8591,10.3222,62.9415,8.3518,57.7353,6.5684,52.7015,4.9465,56.8798,28.1759,52.9002,25.0731,48.8364,22.139,44.8049,19.3602,40.9439,17.0544,49.8488,34.6338,46.0274,30.909,42.2523,27.2436,38.5569,23.8461,35.0883,20.7131,58.2055,27.1536,54.2634,23.8631,50.2687,20.7002,46.2205,17.9819,42.1176,15.4103,68.0206,19.6451,64.3911,16.9564,60.6351,14.6238,56.7458,12.5043,52.716,10.5124,72.5535,15.4532,68.8971,13.1555,64.5168,11.1326,59.9398,9.2659,55.2561,7.5569,77.1457,11.5703,73.5172,9.5572,69.4837,7.7229,64.4291,6.0803,58.9843,4.8094,2425.4217,1158.432
2023-08-14,1840.73,1856.5,1550.0,1685.24,2319472.4485,17.121,65.6951,13.8628,61.3474,11.7487,56.9616,9.8402,52.6797,8.1086,48.6407,37.9884,46.5146,34.1966,42.8518,30.5834,39.4197,27.4977,36.1656,24.6344,33.0761,50.0287,36.2046,46.4128,33.1756,42.7969,30.2883,39.2564,27.5331,35.9231,25.1256,43.7423,43.0191,40.4746,39.7923,37.2328,36.6191,34.0589,33.6127,31.107,30.7868,41.1839,45.5355,37.9667,42.2202,34.7991,38.9277,31.68,35.7947,28.6084,32.7411,49.4283,37.5107,46.0379,34.414,42.6387,31.5002,39.2307,28.726,35.8139,26.052,58.8993,28.9867,55.5473,26.3513,52.0377,23.8984,48.4343,21.5656,44.7331,19.3572,63.4332,24.339,59.8853,21.8313,56.1187,19.4763,52.0917,17.2854,47.9201,15.397,2424.7364,1157.7466
2023-08-21,1685.23,1702.11,1580.0,1658.33,1662375.1205,11.5539,78.5926,9.4203,75.8698,8.0997,72.8266,6.8741,69.496,5.7337,66.1532,13.3827,74.1437,10.9578,70.6037,8.877,66.8542,7.5854,63.1394,6.4491,59.459,29.5232,57.879,26.4937,54.5584,23.7177,51.2812,21.1886,48.0467,19.0413,44.8989,40.0388,48.1041,37.1049,45.1898,34.1854,42.3264,31.3255,39.5788,28.6809,36.9682,36.8458,51.3108,33.9951,48.3312,31.1838,45.368,28.4111,42.4873,25.6764,39.672,36.118,51.9318,33.2971,48.9005,30.5332,45.8829,27.8247,42.9051,25.1699,39.9639,43.9271,43.821,40.7701,40.8944,37.6626,38.0587,34.5619,35.2957,31.4678,32.6103,52.9238,35.2018,49.734,32.521,46.4551,29.9372,43.1015,27.4617,39.7105,25.1958,2426.0292,1159.0395
2023-08-28,1658.33,1745.84,1602.33,1635.84,1763401.206,0.7556,95.1095,0.0,93.853,0.0,92.1295,0.0,89.8605,0.0,87.4654,10.0178,82.3822,8.3717,79.9501,6.8112,77.1663,5.8648,74.2927,5.0226,71.3248,11.9908,78.2564,9.834,75.1847,8.0645,72.0466,6.6081,68.8397,5.5898,65.4204,25.2454,64.14,22.8237,61.231,20.4712,58.2943,18.2517,55.2963,16.356,52.297,34.201,54.7771,31.5618,51.9874,28.958,49.2093,26.3889,46.473,23.8538,43.793,32.728,56.3777,30.1813,53.6041,27.6846,50.8128,25.2364,48.0427,22.8353,45.3002,32.9782,56.0283,30.3136,53.1875,27.8197,50.3387,25.3853,47.496,23.0084,44.6618,40.2958,47.9651,37.3367,45.0915,34.3686,42.26,31.4364,39.4775,28.5861,36.8055,2429.7255,1162.7358
2023-09-04,1635.84,1670.0,1600.0,1617.42,1308523.2053,0.0,100.0,0.0,100.0,0.0,99.6304,0.0,98.7588,0.0,97.8007,1.2829,95.5268,0.6368,94.2106,0.0379,92.4289,0.0,90.5187,0.0,88.4655,9.1272,84.5481,7.8069,82.2948,6.5658,79.9244,5.397,77.4276,4.5853,74.5877,11.3148,80.3877,9.586,77.8165,7.9438,75.146,6.4648,72.2275,5.3634,69.1453,22.7911,67.9361,20.7707,65.3738,18.8251,62.7454,16.9503,59.9726,15.1424,57.1792,30.6676,59.0041,28.2728,56.3623,25.9264,53.6842,23.6269,51.0154,21.3729,48.3666,30.1825,59.6638,27.7293,57.0171,25.4486,54.3491,23.2222,51.6807,21.0482,49.0125,30.8954,58.6735,28.417,55.9235,25.9841,53.1517,23.6528,50.3577,21.4644,47.5581,2436.2198,1169.23
2023-09-11,1617.42,1654.08,1531.01,1622.48,1646998.1296,0.0,100.0,0.0,100.0,0.0,100.0,0.0,100.0,0.0,100.0,0.0,100.0,0.0,99.6628,0.0,98.9031,0.0,98.0627,0.0,97.1278,1.6409,95.5428,1.0997,94.1384,0.6008,92.6143,0.1393,90.9545,0.0,88.7986,8.7831,85.3444,7.6406,83.3524,6.5721,81.2329,5.5707,78.7976,4.6301,76.1154,11.2372,81.2173,9.7533,78.9449,8.3518,76.5497,7.026,73.826,5.77,71.0108,21.3871,69.5385,19.4656,67.069,17.6215,64.4452,15.8502,61.7471,14.1474,59.0035,28.9505,61.1704,26.5747,58.5778,24.3741,55.9555,22.2286,53.3267,20.1361,50.6913,28.9903,61.2729,26.6747,58.6976,24.4,56.1022,22.2218,53.4839,20.1794,50.8447,2445.8618,1178.872
2023-09-18,1622.48,1669.5,1567.77,1580.71,1263736.9807,0.0,100.0,0.0,100.0,0.0,100.0,0.0,100.0,0.0,100.0,0.0,100.0,0.0,100.0,0.0,100.0,0.0,100.0,0.0,100.0,0.0,99.9015,0.0,99.3471,0.0,98.7333,0.0,98.0498,0.0,96.8951,1.8547,95.3624,1.3946,94.1818,0.9704,92.8949,0.5782,91.2367,0.2144,89.2662,8.3819,86.2547,7.4058,84.535,6.4944,82.6851,5.6415,80.4559,4.8416,78.1002,11.0075,82.2008,9.7422,80.2278,8.5506,77.9876,7.4265,75.5942,6.3642,73.0949,20.1525,71.325,18.2031,68.9323,16.4872,66.4381,14.8421,63.8842,13.2636,61.2637,27.2654,63.447,25.0676,60.9704,22.9119,58.4685,20.8532,55.937,18.9282,53.3675,2458.9448,1191.9551
2023-09-25,1580.71,1751.0,1563.01,1733.79,1522616.2518,7.2169,90.0488,6.6487,89.2207,6.1175,88.3194,5.62,87.3348,5.1529,86.2547,5.2151,91.606,4.5521,90.6468,3.9317,89.6047,3.3499,88.4686,2.8031,87.2251,3.7492,93.1313,3.1097,92.1723,2.5146,91.1211,1.9595,89.9636,1.4405,88.3925,2.7066,93.667,2.0662,92.2557,1.4737,90.7259,0.924,88.833,0.4125,86.6372,4.1023,90.0215,3.0379,88.1369,2.0432,86.1132,1.1116,83.6658,0.6691,81.0875,10.1998,82.0432,8.7083,79.8256,7.3919,77.3464,6.5214,74.722,5.7122,72.0001,12.7916,78.0341,10.7123,75.4241,9.3569,72.6884,8.0866,69.8876,6.8934,67.0119,21.8978,67.9549,19.7573,65.2393,17.7436,62.5013,15.8735,59.7337,14.1831,56.9136,2475.6977,1208.708
2023-10-02,1733.8,1744.0,1606.73,1632.84,1508277.4331,8.3917,88.2372,7.7048,87.1939,7.067,86.0465,6.4731,84.7785,5.9187,83.3698,5.0437,91.9049,4.4051,90.9875,3.8068,89.9927,3.2452,88.9101,2.7168,87.7278,3.6683,93.2969,3.0442,92.3672,2.4629,91.3498,1.9201,90.2314,1.4121,88.7119,2.5514,94.4873,1.9503,93.5672,1.3928,92.5532,0.8742,91.194,0.3908,89.5346,1.7386,94.4406,1.1381,93.0986,0.5838,91.6233,0.0707,89.6731,0.0,87.5703,3.6126,90.4529,2.6129,88.658,1.7857,86.5216,1.4175,84.1819,1.0795,81.6976,10.1023,82.5584,8.5192,80.3312,7.6474,77.9273,6.841,75.4111,6.093,72.7642,12.888,77.9295,11.1682,75.2909,9.6033,72.5756,8.2056,69.7648,7.009,66.7852,2496.2807,1229.291
2023-10-09,1632.85,1636.0,1521.0,1557.77,1491107.7151,8.9764,87.4832,8.2505,86.3951,7.5751,85.2024,6.9449,83.8892,6.3557,82.4364,5.3518,91.3907,4.672,90.4085,4.0357,89.3418,3.4388,88.1793,2.8779,86.9074,3.3499,93.9848,2.7901,93.1866,2.265,92.3227,1.7714,91.3846,1.3067,90.3622,2.3525,94.9772,1.8027,94.1603,1.2903,93.267,0.8116,92.069,0.3635,90.6104,1.5525,95.834,1.0196,95.0258,0.5247,94.1246,0.0637,92.7992,0.0,91.3519,0.9399,95.2666,0.4011,94.0714,0.0,92.542,0.0,90.815,0.0,88.9509,3.4374,91.2909,2.347,89.5666,1.992,87.6399,1.6664,85.5876,1.3667,83.3822,9.5159,83.362,8.3127,81.193,7.2469,78.9223,6.326,76.5224,5.5777,73.8846,2520.7861,1253.7963
2023-10-16,1557.78,1667.8,1541.61,1663.7,1768361.9508,13.7147,79.5235,12.2619,77.5472,10.8886,75.4325,9.5884,73.1644,8.3556,70.7256,7.5672,86.7138,6.3454,85.0322,5.1925,83.2279,4.1893,81.2868,3.4929,79.1928,4.0661,91.4563,3.2823,90.1269,2.6535,88.6939,2.0672,87.1447,1.5193,85.4644,2.3901,94.4481,1.8321,93.3605,1.3117,92.1874,0.8253,90.9185,0.3697,89.5415,1.5794,95.6299,1.0362,94.4116,0.5327,93.0795,0.0646,91.3146,0.0,89.4213,0.9245,96.4374,0.3944,95.5128,0.0,93.9122,0.0,92.1066,0.0,90.1601,0.7454,95.4563,0.0,94.0926,0.0,92.2919,0.0,90.1204,0.0,87.7854,3.7721,90.8082,3.0579,88.9895,2.4701,87.0402,2.0142,84.5577,1.7173,81.7371,2549.2424,1282.2526
2023-10-23,1663.69,1865.54,1657.07,1795.14,2612130.0596,36.4926,53.981,34.2221,51.4816,31.9936,48.9324,29.8059,46.3318,27.658,43.6782,25.3448,65.7063,23.283,63.2753,21.285,60.7585,19.4098,58.1515,17.7866,55.4492,17.7411,74.5683,16.1563,72.4014,14.7331,70.1216,13.3854,67.7197,12.1076,65.1857,13.0505,80.8874,11.8276,79.0323,10.6749,77.0647,9.5864,74.9738,8.557,72.7478,9.9984,85.0945,8.9728,83.4112,8.0071,81.6277,7.0964,79.7348,6.5456,77.7221,8.6467,86.2759,7.5779,84.6934,6.6543,82.6061,6.0983,80.3557,5.5832,77.9879,7.5966,87.3714,6.5598,85.7101,5.9647,83.6909,5.4162,81.3728,4.9091,78.9086,7.4319,86.2961,6.4745,84.284,5.6508,82.1423,4.9657,79.5462,4.4442,76.6677,2581.6224,1314.6327
2023-10-30,1795.14,1912.67,1777.11,1891.71,2246065.6763,59.1549,32.7981,57.0322,30.8903,54.8622,29.0217,52.6433,27.1908,50.3737,25.3968,47.7984,42.8696,45.4438,40.5579,43.0806,38.2546,40.7272,35.9597,38.4428,33.6731,36.987,53.4891,34.7664,50.9977,32.6407,48.4597,30.576,45.8737,28.5696,43.2384,29.127,62.2475,27.2125,59.8484,25.3727,57.3673,23.6033,54.7997,21.9004,52.1411,23.5571,68.9207,21.8998,66.6862,20.3163,64.3649,18.802,61.9519,17.5877,59.4414,19.5433,73.7055,18.0491,71.7584,16.6776,69.5989,15.5932,67.3525,14.5714,65.0138,18.2454,74.8061,16.7316,72.7389,15.5612,70.4455,14.4634,67.9768,13.4317,65.4247,17.0949,75.7091,15.7909,73.5449,14.6159,71.2669,13.5161,68.6957,12.4845,65.9479,2617.8532,1350.8634
2023-11-06,1891.71,2136.99,1850.32,2044.68,3217824.3491,80.6362,14.8679,79.3589,13.8757,78.0099,12.929,76.583,12.0247,75.0714,11.16,68.6052,24.8212,66.8112,23.3136,64.9501,21.8549,62.9958,20.4429,60.9165,19.0753,58.8772,32.7632,56.692,30.7438,54.4809,28.7516,52.2622,26.7859,50.036,24.8463,49.2366,41.6597,47.0174,39.3579,44.8268,37.0465,42.6641,34.7254,40.529,32.3944,41.6328,49.4545,39.538,47.1044,37.4929,44.7229,35.4957,42.3093,33.6583,39.863,35.8179,55.8031,33.8711,53.5417,32.0068,51.2101,30.3202,48.8353,28.7039,46.4161,31.4959,60.712,29.7021,58.5984,28.1113,56.3919,26.589,54.1077,25.1308,51.7733,30.4646,61.4351,28.7457,59.1991,27.1288,56.8977,25.5855,54.4979,24.1108,52.0578,2657.8256,1390.8358
2023-11-13,2044.69,2118.0,1904.0,2011.47,2909811.5943,82.78,12.9459,81.5323,12.0266,80.1979,11.1572,78.7676,10.3338,77.2306,9.5529,82.7334,13.2605,81.5624,12.3999,80.3092,11.5864,78.9158,10.8162,77.281,10.086,71.6671,21.7864,69.794,20.3052,67.8149,18.8794,65.7691,17.5057,63.653,16.1815,62.8673,28.674,60.6439,26.6948,58.3925,24.7553,56.1124,22.8541,53.8032,20.9902,54.3304,36.4814,52.0448,34.2555,49.766,32.0482,47.4939,29.8593,45.2621,27.6886,47.4548,43.4215,45.2369,41.087,43.0543,38.7837,40.9578,36.4813,38.9155,34.1797,42.0893,49.1702,39.9965,46.8899,38.0188,44.5851,36.0994,42.2777,34.2359,39.9577,38.0115,53.6949,36.113,51.5173,34.2864,49.2956,32.5164,47.0452,30.8003,44.7769,2701.4035,1434.4138
2023-11-20,2011.47,2133.02,1928.41,2062.33,2436005.7188,89.4334,7.9693,88.6399,7.4337,87.7728,6.9344,86.8211,6.4679,85.772,6.0309,84.7609,11.6196,83.693,10.8488,82.5453,10.1224,81.261,9.4366,79.7397,8.7881,84.2495,11.7249,82.9691,10.8642,81.542,10.0519,80.0237,9.2841,78.4049,8.5571,74.0806,19.2404,72.1944,17.7897,70.2353,16.3972,68.199,15.0596,66.081,13.7737,66.3001,25.3759,64.1077,23.5228,61.8722,21.7221,59.5923,19.9716,57.2153,18.2693,58.7731,32.2848,56.4942,30.1159,54.1911,28.0612,51.8657,26.0439,49.5578,24.0629,52.6038,38.4116,50.3619,36.161,48.1349,33.9513,45.9392,31.805,43.7744,29.6808,47.7117,43.549,45.5809,41.3333,43.4909,39.1051,41.4384,36.9333,39.4224,34.7781,2748.4298,1481.44
2023-11-27,2062.34,2217.27,1985.78,2192.95,2059877.6581,100.0,0.0,100.0,0.0,100.0,0.0,100.0,0.0,100.0,0.0,91.2638,6.7362,90.6575,6.3209,89.9973,5.9328,89.2243,5.5693,88.2238,5.2282,86.822,9.8283,85.7516,9.1104,84.5538,8.4324,83.2787,7.7911,81.9185,7.1835,85.967,9.9213,84.7162,9.1004,83.3887,8.3245,81.9769,7.5901,80.4727,6.8939,77.2207,16.4208,75.4595,15.1212,73.6266,13.8781,71.7173,12.688,69.5954,11.5475,70.6149,21.7965,68.5899,20.0498,66.4856,18.4665,64.2462,16.9361,61.9776,15.456,64.0775,27.7063,61.9393,25.7306,59.7069,23.8462,57.4672,22.071,55.2202,20.3391,58.6412,33.0139,56.4748,30.974,54.3063,28.9521,52.144,27.0556,49.988,25.2017,2798.7282,1531.7384
2023-12-04,2192.96,2403.0,2188.33,2352.39,2855044.4905,100.0,0.0,100.0,0.0,100.0,0.0,100.0,0.0,100.0,0.0,100.0,0.0,100.0,0.0,100.0,0.0,99.9433,0.0,99.7058,0.0,92.8885,5.5758,92.3405,5.2536,91.6919,4.9515,90.9924,4.6676,90.2358,4.4005,88.5908,8.0993,87.5846,7.4381,86.5184,6.8117,85.3867,6.2175,84.1833,5.653,87.8173,8.2633,86.6834,7.5543,85.4826,6.884,84.2089,6.2494,82.6564,5.6477,80.6322,13.8286,79.0967,12.6111,77.4572,11.5609,75.6133,10.5575,73.7092,9.5979,75.0653,18.3062,73.2724,16.7698,71.3016,15.347,69.2897,14.0489,67.2352,12.7973,69.5356,23.2803,67.5537,21.583,65.5295,19.9226,63.4795,18.425,61.4032,16.9807,2852.1011,1585.1113
2023-12-11,2352.39,2355.0,2144.32,2196.52,2589192.8571,100.0,0.0,100.0,0.0,100.0,0.0,100.0,0.0,100.0,0.0,100.0,0.0,100.0,0.0,100.0,0.0,100.0,0.0,100.0,0.0,100.0,0.0,99.8969,0.0,99.7144,0.0,99.5137,0.0,99.2919,0.0,92.8662,5.1224,92.2067,4.7585,91.4951,4.4179,90.725,4.0985,89.889,3.7983,88.7045,7.6134,87.6304,6.9525,86.4888,6.329,85.2729,5.74,83.9753,5.1825,88.1476,7.8593,86.9922,7.03,85.7153,6.372,84.1742,5.7517,82.5486,5.1658,81.5807,12.9577,80.0427,11.7387,78.2693,10.6445,76.4259,9.6812,74.5083,8.7636,76.5961,17.0338,74.7357,15.5808,72.7986,14.1779,70.8053,12.9621,68.753,11.806,2908.3228,1641.3331
2023-12-18,2196.53,2343.15,2116.6,2264.05,2772501.3746,100.0,0.0,100.0,0.0,100.0,0.0,100.0,0.0,100.0,0.0,100.0,0.0,100.0,0.0,100.0,0.0,100.0,0.0,100.0,0.0,100.0,0.0,100.0,0.0,100.0,0.0,100.0,0.0,100.0,0.0,99.6995,0.0,99.5404,0.0,99.3662,0.0,99.1744,0.0,98.9622,0.0,92.9788,4.7011,92.2751,4.3474,91.5157,4.0171,90.6937,3.7078,89.801,3.4176,89.1774,7.1618,88.1154,6.4037,86.9829,5.8039,85.7729,5.2384,84.4769,4.7044,88.7476,7.3719,87.6119,6.5354,86.1987,5.8208,84.7034,5.2304,83.1185,4.6738,82.8395,11.9975,81.2376,10.8568,79.5367,9.7678,77.7587,8.8699,75.8983,8.0276,2967.1296,1700.1399
2023-12-25,2264.04,2445.8,2178.45,2281.87,2701603.8776,100.0,0.0,100.0,0.0,100.0,0.0,100.0,0.0,100.0,0.0,100.0,0.0,100.0,0.0,100.0,0.0,100.0,0.0,100.0,0.0,100.0,0.0,100.0,0.0,100.0,0.0,100.0,0.0,100.0,0.0,100.0,0.0,100.0,0.0,100.0,0.0,100.0,0.0,100.0,0.0,99.3088,0.0,99.0823,0.0,98.8344,0.0,98.5616,0.0,98.2602,0.0,93.1705,4.4715,92.4658,4.0087,91.7038,3.6887,90.877,3.3896,89.9771,3.1094,89.6191,6.7899,88.5711,6.0173,87.4505,5.3584,86.2495,4.8147,84.9591,4.3023,89.3228,6.9594,88.0679,6.1632,86.7037,5.4115,85.2543,4.8476,83.7115,4.3278,3028.2078,1761.2181
2024-01-01,2281.87,2431.3,2100.0,2221.42,2729092.4564,100.0,0.0,100.0,0.0,100.0,0.0,100.0,0.0,100.0,0.0,100.0,0.0,100.0,0.0,100.0,0.0,100.0,0.0,100.0,0.0,100.0,0.0,100.0,0.0,100.0,0.0,100.0,0.0,100.0,0.0,100.0,0.0,100.0,0.0,100.0,0.0,100.0,0.0,100.0,0.0,100.0,0.0,100.0,0.0,100.0,0.0,100.0,0.0,100.0,0.0,99.06,0.1296,98.8095,0.0,98.5341,0.0,98.23,0.0,97.8924,0.0,93.1951,4.3926,92.4682,3.8888,91.679,3.4886,90.8193,3.1916,89.879,2.9141,89.8194,6.6129,88.7683,5.8521,87.6393,5.1347,86.4236,4.5975,85.1106,4.1027,3091.1825,1824.1928
2024-01-08,2221.42,2717.32,2166.38,2472.87,4583690.2125,100.0,0.0,100.0,0.0,100.0,0.0,100.0,0.0,100.0,0.0,100.0,0.0,100.0,0.0,100.0,0.0,100.0,0.0,100.0,0.0,100.0,0.0,100.0,0.0,100.0,0.0,100.0,0.0,100.0,0.0,100.0,0.0,100.0,0.0,100.0,0.0,100.0,0.0,100.0,0.0,100.0,0.0,100.0,0.0,100.0,0.0,100.0,0.0,100.0,0.0,100.0,0.0,100.0,0.0,100.0,0.0,100.0,0.0,100.0,0.0,98.9641,0.244,98.7214,0.0812,98.4557,0.0,98.1635,0.0,97.8408,0.0,93.7719,4.0052,93.1057,3.5387,92.3843,3.1012,91.6005,2.821,90.746,2.5683,3155.6089,1888.6191
2024-01-15,2472.87,2614.43,2415.2,2457.05,2198099.091,100.0,0.0,100.0,0.0,100.0,0.0,100.0,0.0,100.0,0.0,100.0,0.0,100.0,0.0,100.0,0.0,100.0,0.0,100.0,0.0,100.0,0.0,100.0,0.0,100.0,0.0,100.0,0.0,100.0,0.0,100.0,0.0,100.0,0.0,100.0,0.0,100.0,0.0,100.0,0.0,100.0,0.0,100.0,0.0,100.0,0.0,100.0,0.0,100.0,0.0,100.0,0.0,100.0,0.0,100.0,0.0,100.0,0.0,100.0,0.0,100.0,0.0,100.0,0.0,100.0,0.0,100.0,0.0,100.0,0.0,98.8978,0.3211,98.659,0.1602,98.3979,0.0102,98.1113,0.0,97.7952,0.0,3220.9678,1953.9781
2024-01-22,2457.06,2466.1,2168.07,2256.9,2634723.4541,92.7584,3.6674,91.6811,2.9212,90.5113,2.2227,89.2367,1.5675,87.8425,0.9515,96.9209,1.0956,96.3229,0.6815,95.6735,0.294,94.9658,0.0,94.1917,0.0,98.8335,0.0,98.4161,0.0,97.9594,0.0,97.4575,0.0,96.9033,0.0,99.909,0.0,99.5459,0.0,99.1472,0.0,98.7073,0.0,98.2195,0.0,100.0,0.0,100.0,0.0,99.986,0.0,99.597,0.0,99.1651,0.0,100.0,0.0,100.0,0.0,100.0,0.0,100.0,0.0,100.0,0.0,100.0,0.0,100.0,0.0,100.0,0.0,100.0,0.0,100.0,0.0,100.0,0.0,100.0,0.0,100.0,0.0,100.0,0.0,100.0,0.0,3286.6685,2019.6787
2024-01-29,2256.9,2391.98,2233.8,2289.79,1929216.6968,89.7363,4.1975,87.8641,3.3383,85.8941,2.5364,83.8184,1.7862,81.6282,1.0829,95.5407,1.4535,94.1184,0.8995,92.5901,0.3861,90.9437,0.0,89.1648,0.0,98.6232,0.0,98.1248,0.0,97.5759,0.0,96.7783,0.0,95.6682,0.0,99.9003,0.0,99.5018,0.0,99.0629,0.0,98.5769,0.0,98.0361,0.0,100.0,0.0,100.0,0.0,99.9849,0.0,99.5641,0.0,99.0944,0.0,100.0,0.0,100.0,0.0,100.0,0.0,100.0,0.0,100.0,0.0,100.0,0.0,100.0,0.0,100.0,0.0,100.0,0.0,100.0,0.0,100.0,0.0,100.0,0.0,100.0,0.0,100.0,0.0,100.0,0.0,3352.0573,2085.0676
2024-02-05,2289.79,2539.63,2269.11,2507.21,2183844.0391,90.3663,3.9718,88.6326,3.166,86.8161,2.4107,84.9107,1.7011,82.9096,1.0333,95.8779,1.3756,94.5971,0.8555,93.2387,0.3689,91.7954,0.0,90.2589,0.0,98.465,0.0,97.9106,0.0,97.3008,0.0,96.4169,0.0,95.1913,0.0,99.897,0.0,99.4865,0.0,99.036,0.0,98.5393,0.0,97.9889,0.0,100.0,0.0,100.0,0.0,99.9852,0.0,99.5737,0.0,99.1177,0.0,100.0,0.0,100.0,0.0,100.0,0.0,100.0,0.0,100.0,0.0,100.0,0.0,100.0,0.0,100.0,0.0,100.0,0.0,100.0,0.0,100.0,0.0,100.0,0.0,100.0,0.0,100.0,0.0,100.0,0.0,3416.4346,2149.4448
2024-02-12,2507.22,2895.0,2472.0,2881.2,2884670.9657,93.2685,2.8039,92.072,2.2463,90.8231,1.7186,89.5183,1.2182,88.1538,0.7431,96.8834,1.0648,95.9329,0.6657,94.9339,0.2885,93.8826,0.0,92.7746,0.0,98.8108,0.0,98.3987,0.0,97.9557,0.0,97.3179,0.0,96.441,0.0,99.9052,0.0,99.5299,0.0,99.1224,0.0,98.6785,0.0,98.1931,0.0,100.0,0.0,100.0,0.0,99.9869,0.0,99.6244,0.0,99.228,0.0,100.0,0.0,100.0,0.0,100.0,0.0,100.0,0.0,100.0,0.0,100.0,0.0,100.0,0.0,100.0,0.0,100.0,0.0,100.0,0.0,100.0,0.0,100.0,0.0,100.0,0.0,100.0,0.0,100.0,0.0,3479.0763,2212.0866
2024-02-19,2881.2,3122.0,2856.93,3112.59,3325600.6648,95.3284,1.9428,94.4917,1.5592,93.6164,1.1948,92.6997,0.8482,91.7386,0.5182,97.6456,0.8096,96.9275,0.507,96.1729,0.2201,95.3787,0.0,94.5417,0.0,99.06,0.0,98.7394,0.0,98.3976,0.0,97.906,0.0,97.2304,0.0,99.9243,0.0,99.6269,0.0,99.3089,0.0,98.9678,0.0,98.6012,0.0,100.0,0.0,100.0,0.0,99.9883,0.0,99.6655,0.0,99.3154,0.0,100.0,0.0,100.0,0.0,100.0,0.0,100.0,0.0,100.0,0.0,100.0,0.0,100.0,0.0,100.0,0.0,100.0,0.0,100.0,0.0,100.0,0.0,100.0,0.0,100.0,0.0,100.0,0.0,100.0,0.0,3539.2604,2272.2706
2024-02-26,3112.6,3522.81,3036.59,3487.81,3918303.8282,96.3614,1.4901,95.6895,1.1931,94.9797,0.9122,94.2287,0.6463,93.4329,0.394,98.3227,0.5798,97.8109,0.3635,97.2727,0.158,96.7061,0.0,96.1089,0.0,99.2876,0.0,99.0464,0.0,98.7901,0.0,98.4211,0.0,97.9131,0.0,99.9407,0.0,99.7091,0.0,99.463,0.0,99.2012,0.0,98.9219,0.0,100.0,0.0,100.0,0.0,99.9908,0.0,99.7402,0.0,99.4717,0.0,100.0,0.0,100.0,0.0,100.0,0.0,100.0,0.0,100.0,0.0,100.0,0.0,100.0,0.0,100.0,0.0,100.0,0.0,100.0,0.0,100.0,0.0,100.0,0.0,100.0,0.0,100.0,0.0,100.0,0.0,3596.2934,2329.3036
2024-03-04,3487.8,3993.75,3200.0,3878.47,4876443.9626,97.256,1.1111,96.7377,0.8883,96.1861,0.6782,95.598,0.4798,94.9695,0.2921,98.6741,0.4546,98.2639,0.2846,97.8298,0.1235,97.3696,0.0,96.8809,0.0,99.4681,0.0,99.2885,0.0,99.0978,0.0,98.8228,0.0,98.4435,0.0,99.9539,0.0,99.7739,0.0,99.5831,0.0,99.3806,0.0,99.1652,0.0,100.0,0.0,100.0,0.0,99.9928,0.0,99.7954,0.0,99.5853,0.0,100.0,0.0,100.0,0.0,100.0,0.0,100.0,0.0,100.0,0.0,100.0,0.0,100.0,0.0,100.0,0.0,100.0,0.0,100.0,0.0,100.0,0.0,100.0,0.0,100.0,0.0,100.0,0.0,100.0,0.0,3649.5361,2382.5463
2024-03-11,3878.47,4093.92,3412.0,3644.71,4498501.7667,99.4553,0.0,99.2486,0.0,99.0245,0.0,98.7805,0.0,98.5139,0.0,98.7887,0.4073,98.4044,0.2539,97.9926,0.1097,97.5502,0.0,97.0738,0.0,99.5053,0.0,99.335,0.0,99.1525,0.0,98.888,0.0,98.5207,0.0,99.9594,0.0,99.8005,0.0,99.6314,0.0,99.4509,0.0,99.2579,0.0,100.0,0.0,100.0,0.0,99.9935,0.0,99.8152,0.0,99.6247,0.0,100.0,0.0,100.0,0.0,100.0,0.0,100.0,0.0,100.0,0.0,100.0,0.0,100.0,0.0,100.0,0.0,100.0,0.0,100.0,0.0,100.0,0.0,100.0,0.0,100.0,0.0,100.0,0.0,100.0,0.0,3698.4245,2431.4347
2024-03-18,3644.7,3645.02,3056.56,3454.98,4573957.9796,100.0,0.0,100.0,0.0,100.0,0.0,100.0,0.0,100.0,0.0,99.9239,0.0,99.7561,0.0,99.5729,0.0,99.3721,0.0,99.1509,0.0,99.5111,0.0,99.3385,0.0,99.1511,0.0,98.8779,0.0,98.4952,0.0,99.9595,0.0,99.7999,0.0,99.628,0.0,99.4422,0.0,99.2408,0.0,100.0,0.0,100.0,0.0,99.9938,0.0,99.8234,0.0,99.6401,0.0,100.0,0.0,100.0,0.0,100.0,0.0,100.0,0.0,100.0,0.0,100.0,0.0,100.0,0.0,100.0,0.0,100.0,0.0,100.0,0.0,100.0,0.0,100.0,0.0,100.0,0.0,100.0,0.0,100.0,0.0,3742.4842,2475.4945
2024-03-25,3454.99,3678.86,3420.12,3645.29,2678017.3235,100.0,0.0,100.0,0.0,100.0,0.0,100.0,0.0,100.0,0.0,100.0,0.0,100.0,0.0,100.0,0.0,100.0,0.0,100.0,0.0,100.0,0.0,100.0,0.0,100.0,0.0,99.9341,0.0,99.7796,0.0,99.9612,0.0,99.8076,0.0,99.6407,0.0,99.4588,0.0,99.2597,0.0,100.0,0.0,100.0,0.0,99.9939,0.0,99.8267,0.0,99.6452,0.0,100.0,0.0,100.0,0.0,100.0,0.0,100.0,0.0,100.0,0.0,100.0,0.0,100.0,0.0,100.0,0.0,100.0,0.0,100.0,0.0,100.0,0.0,100.0,0.0,100.0,0.0,100.0,0.0,100.0,0.0,3781.3378,2514.348
2024-04-01,3645.29,3645.95,3202.79,3454.2,2537269.621,100.0,0.0,100.0,0.0,100.0,0.0,99.9411,0.0,99.3732,0.0,100.0,0.0,100.0,0.0,100.0,0.0,100.0,0.0,100.0,0.0,100.0,0.0,100.0,0.0,100.0,0.0,100.0,0.0,100.0,0.0,100.0,0.0,100.0,0.0,100.0,0.0,100.0,0.0,100.0,0.0,100.0,0.0,100.0,0.0,99.9938,0.0,99.8225,0.0,99.6342,0.0,100.0,0.0,100.0,0.0,100.0,0.0,100.0,0.0,100.0,0.0,100.0,0.0,100.0,0.0,100.0,0.0,100.0,0.0,100.0,0.0,100.0,0.0,100.0,0.0,100.0,0.0,100.0,0.0,100.0,0.0,3814.7042,2547.7144
2024-04-08,3454.2,3730.71,2852.0,3155.11,4111856.8835,90.8406,6.0523,89.852,5.4351,88.7493,4.8666,87.4636,4.3413,85.6247,3.8544,94.0677,3.6614,93.3591,3.2022,92.5765,2.7768,91.7078,2.3817,90.7378,2.0136,95.9664,2.1173,95.3806,1.7224,94.7402,1.3544,94.0371,1.0106,93.2616,0.6886,97.0437,0.9897,96.4523,0.5783,95.8109,0.1929,95.1128,0.0,94.3502,0.0,97.8556,0.0893,97.244,0.0,96.584,0.0,95.8696,0.0,95.0937,0.0,98.6141,0.0,98.0149,0.0,97.3701,0.0,96.6743,0.0,95.9211,0.0,99.3719,0.0,98.8456,0.0,98.281,0.0,97.6736,0.0,97.0184,0.0,99.9938,0.0,99.5359,0.0,99.0451,0.0,98.5177,0.0,97.9493,0.0,3842.3922,2575.4024
2024-04-15,3155.11,3277.85,2865.18,3147.67,3082901.5669,79.3934,13.1944,77.1017,11.683,74.5824,10.279,71.7658,8.9714,68.4083,7.7506,87.7615,7.4491,86.2932,6.4649,84.6857,5.5483,82.9181,4.6926,80.9654,3.892,91.8942,4.2975,90.7439,3.5041,89.4937,2.7618,88.1298,2.0659,86.6362,1.4121,94.4345,2.05,93.3957,1.3024,92.2783,0.5982,91.0732,0.1096,89.7696,0.0,96.0234,0.3236,94.9635,0.0,93.8332,0.0,92.6253,0.0,91.3316,0.0,97.3181,0.0,96.2304,0.0,95.0752,0.0,93.8462,0.0,92.5361,0.0,98.5843,0.0,97.5316,0.0,96.4148,0.0,95.2277,0.0,93.9637,0.0,99.7943,0.0,98.8505,0.0,97.8493,0.0,96.7853,0.0,95.6524,0.0,3864.2895,2597.2998
2024-04-22,3147.66,3357.4,3066.74,3263.45,2171496.9307,63.6741,21.5966,59.2602,18.8897,54.481,16.4756,49.2909,14.2646,43.7855,12.2321,82.541,9.6321,80.0108,8.2999,77.2579,7.0763,74.2513,5.9484,70.9544,4.9055,90.0551,4.9689,88.3103,4.0338,86.4219,3.1664,84.3714,2.3595,82.137,1.6071,93.7689,2.2572,92.4439,1.4291,90.8538,0.6542,89.1449,0.1195,87.3031,0.0,95.8607,0.3331,94.7403,0.0,93.526,0.0,91.9434,0.0,90.2591,0.0,97.3148,0.0,96.2167,0.0,95.0449,0.0,93.6258,0.0,91.9406,0.0,98.5901,0.0,97.5355,0.0,96.4108,0.0,95.1809,0.0,93.4876,0.0,99.7879,0.0,98.8109,0.0,97.7676,0.0,96.6507,0.0,95.2404,0.0,3880.3504,2613.3606
2024-04-29,3263.44,3286.95,2817.0,3136.41,2745302.3283,41.032,39.6544,36.0203,35.2601,30.9319,31.1277,25.8301,27.209,21.2985,23.4876,65.51,19.656,61.0022,16.8641,56.1806,14.2939,51.0113,11.9201,45.4553,9.721,82.6514,8.7413,79.8396,7.0512,76.8268,5.4776,73.5906,4.009,70.1052,2.6351,89.8237,4.0289,87.8618,2.7344,85.5994,1.5191,83.1864,0.5943,80.6072,0.1655,93.4154,1.1318,91.8246,0.4827,90.1124,0.2201,88.0064,0.0,85.7787,0.0,95.86,0.2096,94.4082,0.0,92.8689,0.0,91.0744,0.0,89.0136,0.0,97.6284,0.0,96.2223,0.0,94.7368,0.0,93.1387,0.0,91.0967,0.0,99.1668,0.0,97.7921,0.0,96.3404,0.0,94.8049,0.0,92.9812,0.0,3890.5842,2623.5945
2024-05-06,3136.4,3221.4,2878.03,2929.29,1733118.1611,24.6135,61.627,21.5818,57.5754,18.6907,53.4353,16.0026,49.2393,14.0398,44.9863,40.533,41.0409,35.7622,36.8347,30.9466,32.8126,26.0853,28.9627,21.1779,25.2742,62.3379,22.6475,57.8967,19.507,53.2438,16.5526,48.3637,13.7682,43.2393,11.1395,78.8435,11.2713,75.8678,9.1379,72.6015,7.1182,69.172,5.4411,65.5665,4.3476,86.2621,5.8966,84.0208,4.7076,81.6375,3.9487,78.889,3.2722,76.0156,2.8604,90.5093,3.7271,88.5641,3.1141,86.516,2.7439,84.2177,2.4041,81.6706,2.091,93.4787,2.6675,91.7104,2.3333,89.8579,2.0253,87.8919,1.7406,85.5311,1.4766,95.5861,2.045,93.8675,1.7196,92.0715,1.4184,90.1929,1.1389,88.0587,0.8789,3895.0482,2628.0585
2024-05-13,2929.3,3146.98,2862.0,3071.19,2006314.8675,3.4246,89.6188,2.1259,86.3453,0.9524,82.6131,0.0,78.5317,0.0,74.0496,28.8624,54.2058,25.1904,49.5289,21.6991,44.7947,18.3755,40.0022,15.2077,35.1502,45.323,34.637,40.1149,30.0068,34.8967,25.5225,29.6686,21.1773,24.4304,16.9648,65.5402,18.4642,60.9666,14.912,56.1606,11.5149,51.2213,8.5844,46.1433,6.4863,80.173,8.4768,77.0,6.5683,73.6644,5.2092,69.9815,4.0526,66.186,3.5116,87.2446,4.8841,84.7091,3.8749,82.0587,3.1642,79.1532,2.7238,76.0095,2.3568,91.4521,3.2111,89.2355,2.6017,86.9262,2.2145,84.4955,1.8954,81.6745,1.6019,94.4334,2.1338,92.3962,1.7895,90.2811,1.4725,88.0834,1.1796,85.6387,0.9083,3893.8454,2626.8557
2024-05-20,3071.2,3949.29,3047.67,3826.47,4432688.1628,35.2629,54.7105,33.1692,51.6646,31.2091,48.4599,29.3702,45.0966,27.6416,41.5624,40.0832,46.2295,37.1021,42.4794,34.2774,38.6401,31.5971,34.7082,29.0506,30.6803,54.6811,29.9289,50.7955,26.2053,46.9697,22.5223,43.2021,18.8792,39.4915,15.2755,65.4413,19.0303,61.1493,15.4643,56.7014,12.0125,52.201,9.0033,47.6471,6.8318,77.1736,9.8081,73.5574,7.591,69.7682,6.0051,65.641,4.6598,61.4126,4.0215,86.3992,5.1947,83.6923,4.1151,80.8616,3.3548,77.764,2.8827,74.4212,2.4901,91.3622,3.2382,89.1176,2.6223,86.777,2.2309,84.3114,1.9085,81.45,1.6123,94.4988,2.1072,92.4817,1.767,90.3853,1.4539,88.2049,1.1647,85.7766,0.8968,3887.129,2620.1392
2024-05-27,3826.47,3977.0,3702.58,3780.91,2008150.8132,53.9047,34.5923,51.2212,31.7284,48.6086,28.8927,46.064,26.0544,43.5848,23.2137,49.7372,38.1121,46.9838,34.9318,44.3504,31.6924,41.8295,28.3923,39.4139,25.0296,55.8412,29.9148,52.3428,26.3608,48.9389,22.8006,45.6258,19.234,42.3998,15.6609,67.3157,18.5038,63.5162,15.1341,59.6134,11.8304,55.7176,8.9222,51.8289,6.8111,75.5769,10.6582,71.8282,8.2658,67.9349,6.5449,63.7476,5.0818,59.5028,4.3832,84.0262,6.0673,80.8441,4.7878,77.5154,3.8862,73.8939,3.3238,70.0176,2.8587,90.5915,3.4979,88.1348,2.8252,85.5677,2.3971,82.8588,2.0456,79.7279,1.7241,94.3199,2.1643,92.2308,1.8126,90.056,1.4896,87.79,1.192,85.2648,0.9169,3875.1126,2608.1228
2024-06-03,3780.92,3887.47,3600.0,3706.4,1598380.5436,65.3014,24.0603,62.5566,21.7904,59.7763,19.6492,56.9599,17.5852,54.1066,15.5942,60.7811,27.3987,57.8085,24.6685,54.8703,21.9832,51.9661,19.3416,49.0951,16.7427,58.6576,28.2317,55.4426,24.9343,52.3228,21.616,49.2939,18.2765,46.3521,14.9156,65.4013,20.0436,61.6191,16.4847,57.7907,12.9568,54.0187,9.8165,50.3019,7.5147,75.0933,11.0725,71.4133,8.6174,67.6296,6.8421,63.5977,5.3254,59.5542,4.6003,82.1758,6.7977,78.6741,5.3568,75.0282,4.3397,71.0961,3.7029,66.932,3.1775,88.762,4.1154,85.8122,3.3068,82.7231,2.7906,79.4591,2.3695,75.729,1.9881,93.7041,2.3674,91.3763,1.976,88.9457,1.6189,86.4055,1.2918,83.576,0.991,3858.0852,2591.0955
2024-06-10,3706.4,3713.67,3362.26,3624.41,2002012.3791,68.3948,22.1322,65.7306,20.0212,62.93,18.0,59.982,16.063,56.7585,14.2051,68.301,20.7632,65.2727,18.5194,62.1762,16.3793,59.0091,14.3359,55.7689,12.3828,65.9274,22.1761,62.6915,19.4507,59.4479,16.795,56.1966,14.2064,52.9375,11.6824,65.2175,20.5128,61.589,16.9451,57.9456,13.3773,54.3875,10.1762,50.9117,7.8153,72.1399,12.6091,68.1736,9.8284,64.1357,7.8015,59.9135,6.0683,55.7302,5.2285,80.9297,7.3507,77.269,5.7958,73.4869,4.6954,69.4475,4.0043,65.2161,3.4344,87.0919,4.6937,83.7199,3.7588,80.1958,3.1605,76.4829,2.6745,72.295,2.237,92.3802,2.7985,89.5446,2.3214,86.5732,1.8912,83.4562,1.5014,79.9949,1.1464,3836.4282,2569.4384
2024-06-17,3624.41,3638.37,3355.0,3420.91,2029677.9377,69.0304,20.0607,66.0285,17.5786,62.903,15.1842,59.6464,12.8729,56.1455,11.3566,65.6333,22.4798,62.5399,19.624,59.3954,16.8124,56.1985,14.6265,52.948,12.5997,67.6541,19.6491,64.217,16.7237,60.7842,14.3243,57.3556,12.1724,53.9314,10.1335,67.3248,18.6163,63.699,15.5943,60.0284,12.7513,56.4322,10.0047,52.9082,7.7017,68.1312,14.3476,63.8836,11.2062,59.731,8.8946,55.6095,6.9153,51.683,5.9421,76.1639,8.9717,71.5932,7.0408,67.0201,5.6713,62.3512,4.8054,57.6882,4.097,85.0413,5.3635,80.8951,4.2809,76.6698,3.5863,72.3389,3.0245,67.6689,2.522,90.7807,3.3096,87.3429,2.7284,83.4927,2.2106,79.4678,1.7461,75.1262,1.3273,3810.631,2543.6412
2024-06-24,3420.91,3487.7,3240.0,3438.16,1642583.3763,78.8874,9.2584,75.5971,6.5834,72.1585,4.0105,68.5613,2.3006,64.5099,1.6903,67.8506,18.9469,64.4636,16.0275,61.0408,13.5194,57.5818,11.7567,54.086,10.1842,66.035,19.9507,62.5454,16.9408,59.0751,14.4754,55.624,12.2722,52.1919,10.1942,69.6241,16.3764,65.8516,13.8702,62.0214,11.6004,58.2731,9.4686,54.6041,7.4626,70.5821,13.9263,66.4487,11.0614,62.3736,8.8209,58.2589,6.8878,54.314,5.9422,73.184,10.1571,68.0996,7.9647,63.2132,6.4039,58.4469,5.412,53.8972,4.6027,81.8144,6.4518,76.723,5.1194,71.5141,4.2616,66.3599,3.573,61.1026,2.964,89.437,3.7465,85.5227,3.0769,81.1159,2.4845,76.3441,1.9566,71.3691,1.4833,3781.304,2514.3142
2024-07-01,3438.16,3524.94,2810.0,2931.0,2404392.0416,61.9482,26.3929,58.8431,23.6548,55.6556,20.9823,52.3826,18.7888,49.0349,17.2623,60.8603,26.4255,57.6469,23.4926,54.4194,20.8608,51.1777,18.7991,47.9217,16.9145,55.68,32.0286,52.6561,29.1831,49.6581,26.653,46.6859,24.3051,43.7389,22.064,55.8181,31.2949,52.7013,28.41,49.6502,25.6522,46.6626,22.9776,43.7366,20.3823,59.6848,27.4025,56.3259,24.6241,53.0024,21.9489,49.7213,19.4627,46.5486,17.6353,61.9501,23.8822,58.0768,21.1125,54.2993,18.7705,50.61,16.8674,47.0783,15.1693,65.5749,19.9927,60.9224,17.5815,56.402,15.6347,52.0848,13.9324,47.9987,12.3935,73.9384,14.8116,69.4452,13.1104,64.7377,11.5857,59.9644,10.2114,55.2682,8.9663,3749.1836,2482.1939
2024-07-08,2930.99,3268.72,2822.8,3245.08,1811337.9883,42.5559,40.5432,38.4182,36.2282,34.3147,31.8763,30.2449,27.9154,26.6274,24.8677,60.3917,26.4312,57.0931,23.3541,53.7927,20.5729,50.4906,18.3668,47.1867,16.3413,59.6277,26.6669,56.2832,23.5339,52.9799,20.8082,49.717,18.2994,46.4937,15.9062,55.3154,31.4188,52.138,28.4043,49.0379,25.5098,46.0124,22.6924,43.0587,20.0932,56.3066,30.1056,53.0166,26.923,49.8374,23.7845,46.7635,20.7807,43.7897,18.561,60.7236,25.723,57.11,22.678,53.5634,19.986,50.0814,17.6901,46.7308,15.7509,63.7102,21.9205,59.4951,19.1566,55.3612,16.8191,51.3744,14.7131,47.5727,13.0446,68.1287,17.9951,63.292,15.6559,58.4529,13.5319,53.7631,11.6864,49.3414,10.2326,3715.1289,2448.1392
2024-07-15,3245.2,3547.0,3233.22,3535.92,1896101.9183,33.1438,48.0801,28.6529,43.1717,24.2391,38.1729,19.9005,33.4669,16.3251,29.6629,50.7089,32.9021,46.6077,29.0174,42.5049,25.4643,38.4006,22.5704,34.2946,19.9404,65.1394,22.3074,61.8859,19.677,58.5964,17.5067,55.2702,15.5674,51.9066,13.7482,64.5415,22.4702,61.1992,19.9077,57.8603,17.5305,54.5246,15.2699,51.1922,13.2877,60.576,26.776,57.296,24.0345,54.055,21.3856,50.8522,18.8877,47.6872,16.8994,62.2168,24.8643,58.7661,21.9527,55.3835,19.3791,52.067,17.1845,48.8146,15.3299,66.7562,20.772,63.0655,18.2485,59.3091,16.1064,55.5693,14.1596,51.8328,12.6149,70.0125,17.3446,65.9036,15.1745,61.6211,13.1829,57.3012,11.4389,53.0715,10.0603,3680.1077,2413.1179
2024-07-22,3535.93,3562.82,3087.53,3270.16,2073949.1765,18.8056,64.6061,15.3855,59.5384,12.1971,53.9997,9.2177,47.9845,7.2732,42.1745,33.0667,47.903,28.8028,42.6784,24.7123,37.5195,20.7848,32.8419,17.0108,28.477,50.1022,33.0373,46.0523,29.0318,42.0735,25.4683,38.164,22.1875,34.3219,19.0832,64.2076,22.6671,60.8432,20.056,57.4864,17.6287,54.1372,15.3176,50.7957,13.2846,64.1556,22.4532,60.6498,19.6177,57.1893,16.8825,53.7732,14.3188,50.4007,12.3997,61.2549,25.8584,57.8381,22.8928,54.491,19.9931,51.2114,17.4282,47.9973,15.4903,63.4847,23.0852,59.8335,20.1379,56.2318,17.5346,52.7442,15.1782,49.3655,13.5138,68.0301,18.806,64.2897,16.2905,60.3655,13.9285,56.3781,11.9853,52.4441,10.5525,3645.1713,2378.1815
2024-07-29,3270.16,3396.77,2630.0,2688.92,2315109.2317,9.0766,84.9224,7.9073,82.9721,6.8368,80.7728,5.853,77.6144,4.946,73.2128,13.5399,75.6066,11.3002,72.0442,9.2117,68.0209,7.2596,63.5091,5.4308,58.9941,25.0901,61.2709,22.0979,57.2863,19.2446,53.186,16.5206,49.1378,13.9175,45.17,39.655,46.8146,36.4959,43.3909,33.4235,40.0613,30.4341,36.8155,27.5245,33.7318,53.166,35.3368,50.2659,32.7044,47.4028,30.145,44.5758,27.6557,41.7843,25.356,53.974,34.2281,50.9674,31.4328,48.0216,28.6867,45.1348,26.1655,42.3052,24.0813,52.895,35.4813,49.9481,32.6301,47.0682,29.9328,44.2647,27.3623,41.5347,25.2045,55.2082,32.3207,52.0138,29.5335,48.852,26.8387,45.7974,24.4083,42.8593,22.3363,3611.42,2344.4302
2024-08-05,2688.91,2724.1,2111.0,2555.38,5404357.4398,7.1988,88.5493,6.326,87.244,5.5136,85.8142,4.7554,83.6582,4.0462,81.1573,6.4797,89.0957,5.6095,87.3253,4.8105,85.0177,4.0744,81.8851,3.3939,78.5655,10.9557,80.7845,9.2776,77.8411,7.712,74.4087,6.248,70.8041,4.876,67.1314,20.7848,68.3131,18.4706,64.9091,16.2728,61.4501,14.1828,57.9752,12.1929,54.4612,33.3561,55.101,30.7589,52.0423,28.2499,49.0013,25.8245,45.9779,23.4787,43.0091,45.7096,43.7911,43.1528,41.2203,40.6489,38.6791,38.1963,36.1669,35.7934,33.8611,46.941,42.3469,44.3101,39.6911,41.7608,37.1217,39.2785,34.636,36.8606,32.423,46.7942,42.4068,44.129,39.7457,41.5382,37.1087,39.0702,34.5913,36.6808,32.2727,3579.9587,2312.969
2024-08-12,2555.38,2780.0,2510.05,2612.15,2038545.3388,6.2905,90.0964,5.5396,89.0021,4.8377,87.8112,4.1802,86.5101,3.563,84.889,5.6924,90.6336,4.9501,89.1756,4.2627,87.2657,3.6242,85.22,3.0296,83.0234,5.3181,90.7415,4.5789,88.9028,3.901,86.437,3.2771,83.6909,2.7009,80.7903,9.9276,82.5778,8.4892,79.6821,7.1509,76.6131,5.9025,73.4334,4.7353,70.0295,18.949,70.917,16.9267,67.8435,15.0142,64.7103,13.2028,61.5154,11.4848,58.21,30.4526,58.8081,28.1449,55.9548,25.9308,53.0752,23.8047,50.1691,21.7615,47.2693,41.9725,48.0161,39.5833,45.5038,37.2871,42.9899,35.0535,40.4883,32.8799,38.1309,43.4535,46.3775,40.9524,43.8354,38.5435,41.3105,36.2666,38.8673,34.0606,36.5716,3551.8475,2284.8578
2024-08-19,2612.15,2820.0,2536.22,2746.13,1770389.3741,7.2131,88.2546,6.3087,86.82,5.4743,85.224,4.7023,83.4379,3.9859,81.2094,5.3907,91.1935,4.6945,90.1367,4.048,88.9746,3.446,87.6905,2.8841,86.2641,5.0168,91.3402,4.327,89.6386,3.6923,87.7958,3.1063,85.7934,2.5637,83.6098,4.801,90.9613,4.0987,88.7528,3.4576,86.3023,2.87,83.6794,2.3294,80.6893,9.744,82.3322,8.3846,79.5407,7.126,76.6139,5.9573,73.5417,4.8693,70.184,18.6252,71.2526,16.7364,68.325,14.9622,65.2994,13.2923,62.1708,11.718,58.811,29.6582,59.7167,27.3703,56.9116,25.2605,54.0491,23.2469,51.1256,21.323,48.1758,40.7776,49.3747,38.374,46.8528,36.0795,44.3061,33.9272,41.7805,31.8446,39.3386,3528.048,2261.0582
2024-08-26,2746.12,2762.0,2392.96,2425.72,1972091.5264,6.3,89.88,5.5252,88.6922,4.8066,87.3827,4.1384,85.9317,3.5156,84.315,5.4746,90.9678,4.7581,89.8528,4.0952,88.6188,3.4802,87.2454,2.908,85.7077,4.3724,92.7586,3.7885,91.8697,3.2465,90.8915,2.742,89.8096,2.2713,88.6068,4.1779,92.3115,3.5843,90.8751,3.0373,89.3148,2.5315,87.6139,2.0626,85.5731,4.0843,91.3191,3.461,89.3577,2.8902,87.2554,2.3657,84.9966,1.8819,82.363,9.0201,83.4416,7.8565,81.0559,6.7789,78.5352,5.7782,75.8677,4.8465,72.7183,17.3667,73.3947,15.6182,70.8222,14.0885,68.1411,12.6511,65.3174,11.2979,62.2059,27.6969,62.7066,25.4512,60.1413,23.4254,57.5038,21.6351,54.7625,19.9283,51.96,3509.3703,2242.3806
2024-09-02,2425.71,2564.83,2150.55,2297.3,2205410.4186,0.0,100.0,0.0,100.0,0.0,100.0,0.0,100.0,0.0,100.0,4.8402,92.114,4.2174,91.175,3.6385,90.1441,3.0988,89.0073,2.5946,87.7471,4.3528,92.7601,3.7683,91.8605,3.2266,90.8678,2.7232,89.7665,2.2541,88.5379,3.6519,93.8643,3.1457,93.096,2.6756,92.2511,2.2378,91.3176,1.8291,90.1003,3.5584,92.9596,3.0286,91.7044,2.5394,90.3408,2.0863,88.8541,1.6654,87.0232,3.6318,91.634,3.1041,89.9779,2.62,88.1959,2.1743,86.2731,1.7626,83.7313,8.5927,84.3956,7.461,82.3488,6.5414,80.1748,5.687,77.8126,4.8912,74.9459,16.617,75.1615,14.7702,72.8687,13.2125,70.4675,11.9381,67.8392,10.7384,64.9886,3496.424,2229.4343
2024-09-09,2297.3,2464.82,2272.8,2316.1,1582774.647,0.0,100.0,0.0,100.0,0.0,100.0,0.0,100.0,0.0,100.0,0.0,100.0,0.0,100.0,0.0,100.0,0.0,100.0,0.0,100.0,4.0226,93.3561,3.4874,92.5468,2.99,91.6577,2.5266,90.6765,2.0938,89.5878,3.7011,93.7336,3.1831,92.9319,2.7035,92.046,2.2581,91.0616,1.8434,89.7766,3.2135,94.4727,2.7425,93.7558,2.3054,92.9668,1.8985,92.0944,1.5188,90.9141,3.2634,93.2984,2.7975,92.1812,2.3677,90.963,1.9699,89.6297,1.6006,87.6845,3.5467,91.6376,2.9384,90.1683,2.514,88.5804,2.1233,86.7957,1.7625,84.3709,8.8803,84.7466,7.5026,82.8961,6.4402,80.922,5.6691,78.6299,4.9512,75.9791,3489.5753,2222.5855
2024-09-16,2316.09,2632.57,2252.39,2581.0,1934203.9178,0.0,98.4115,0.0,97.8506,0.0,97.2256,0.0,96.5247,0.0,95.7332,0.0,100.0,0.0,99.92,0.0,99.5519,0.0,99.1429,0.0,98.6856,0.0,100.0,0.0,100.0,0.0,99.9509,0.0,99.3292,0.0,98.6329,3.7019,93.7083,3.1813,92.8949,2.7,91.9937,2.2537,90.6604,1.8387,88.9247,3.4566,93.9422,2.939,93.1163,2.4619,92.196,2.0209,91.1643,1.6119,89.6156,3.1442,94.6219,2.6967,93.9176,2.2834,93.1358,1.9006,92.2628,1.5449,90.7497,3.3965,93.0978,2.8153,92.0131,2.41,90.8202,2.0366,89.4334,1.6913,87.3542,4.2186,91.022,3.2305,89.5789,2.5678,88.0075,2.1925,86.0457,1.8471,83.6062,3488.9147,2221.9249
2024-09-23,2580.99,2728.6,2539.49,2657.62,1700523.1697,3.143,91.844,2.5152,90.2229,1.9425,88.4379,1.418,86.4627,0.936,84.2654,1.1732,97.011,0.8165,96.3356,0.489,95.2699,0.1874,94.0883,0.0,92.7707,0.0938,98.7317,0.0,98.3595,0.0,97.8985,0.0,96.8541,0.0,95.7069,0.0,99.3223,0.0,98.8051,0.0,98.2277,0.0,97.1696,0.0,95.6579,3.5042,93.6724,2.9761,92.3099,2.4904,90.8241,2.0423,89.1971,1.6275,87.2247,3.4075,94.049,2.9105,93.1369,2.4552,91.69,2.0364,90.0914,1.65,87.7766,3.1763,94.6411,2.7464,93.9402,2.3514,93.1549,1.9873,91.7617,1.6506,89.5947,3.7945,92.7122,3.0934,91.6133,2.4905,90.3947,2.127,88.6647,1.7922,86.0867,3494.2375,2227.2478
2024-09-30,2657.62,2663.5,2310.0,2440.03,1866301.096,3.6387,90.5917,2.9102,88.7368,2.2464,86.7,1.6392,84.4531,1.0815,81.9621,1.404,96.3521,0.9733,95.501,0.5809,94.1629,0.2219,92.6631,0.0,90.9704,0.107,98.5329,0.0,98.0937,0.0,97.546,0.0,96.3131,0.0,94.9486,0.0,99.3476,0.0,98.8543,0.0,98.3083,0.0,97.3109,0.0,95.8941,0.0,99.8263,0.0,99.2217,0.0,98.5491,0.0,97.7963,0.0,96.7063,3.2906,94.281,2.8133,93.4142,2.3753,92.0357,1.9717,90.5166,1.5988,88.495,3.2763,94.4138,2.827,93.6617,2.4158,92.8128,2.0382,91.3181,1.6901,88.9992,3.1102,94.8483,2.7096,94.1899,2.3421,93.4504,2.0037,92.2152,1.6911,90.0896,3505.0386,2238.0488
2024-10-07,2440.02,2521.0,2330.66,2468.91,1496864.6501,3.9037,90.2091,3.1395,88.3875,2.4358,86.4257,1.7857,84.3071,1.1832,82.012,1.6428,95.6899,1.1368,94.6695,0.6773,93.0731,0.2583,91.2779,0.0,89.2441,0.1277,98.2129,0.0,97.6624,0.0,96.9686,0.0,95.4224,0.0,93.6926,0.0,99.247,0.0,98.6723,0.0,98.0309,0.0,96.8586,0.0,95.1903,0.0,99.8306,0.0,99.2433,0.0,98.5947,0.0,97.8747,0.0,96.8921,0.0,100.0,0.0,99.8998,0.0,99.287,0.0,98.5971,0.0,97.3715,3.1962,94.5677,2.7595,93.8427,2.3595,93.0261,1.9917,91.5835,1.6524,89.6424,3.2189,94.6079,2.7982,93.8965,2.4138,93.0913,2.0613,91.7544,1.7367,89.4667,3520.5224,2253.5326
2024-10-14,2468.92,2759.0,2443.39,2746.91,1988901.4205,18.6014,71.1409,16.6376,68.3471,14.7744,65.4776,13.0041,62.5294,11.3201,59.4991,10.12,83.7308,8.862,81.7497,7.6922,79.3114,6.6017,76.6918,5.7034,73.8701,6.1879,88.7707,5.3853,87.1598,4.7737,85.3048,4.2164,82.6428,3.7064,79.7464,4.0035,92.8043,3.5407,91.4415,3.1196,89.931,2.7349,87.8249,2.382,85.1871,2.6138,95.5752,2.2971,94.4406,2.0077,93.1929,1.7422,91.8143,1.4978,90.1109,1.7477,97.0328,1.5094,96.5464,1.2911,95.5553,1.0903,94.4592,0.905,93.2404,1.0952,97.3823,0.8007,96.8835,0.5317,96.3187,0.2851,95.0926,0.058,93.3384,3.7898,92.4415,3.036,91.2514,2.4673,89.9291,2.1042,88.1747,1.7708,85.7792,3539.6295,2272.6397
2024-10-21,2746.91,2769.48,2382.59,2507.8,2121027.5261,26.3286,59.9262,23.5314,56.3005,20.8813,52.6198,18.3669,48.883,15.9781,45.0888,12.7446,79.4398,11.1524,76.928,9.6739,73.8999,8.2972,70.6607,7.1591,67.1875,6.6412,88.0897,5.7915,86.4321,5.1423,84.5379,4.5488,81.8386,4.0041,78.9354,4.5704,91.7163,4.0336,90.1325,3.5471,88.3713,3.1042,85.9366,2.6994,82.9114,3.0268,94.7883,2.6511,93.4299,2.31,91.9255,1.9988,90.2502,1.7139,88.1771,1.9481,96.647,1.6781,96.0809,1.4319,94.9392,1.2065,93.6674,0.9994,92.2421,1.0828,97.4393,0.7933,96.9619,0.5278,96.4252,0.2834,95.3365,0.0578,94.086,0.5228,97.7155,0.1808,97.1407,0.0,96.4911,0.0,95.4058,0.0,93.5944,3561.0776,2294.0878
2024-10-28,2507.8,2722.3,2411.0,2457.73,2528794.7142,34.3718,48.1415,30.6182,43.621,27.0848,39.06,23.7528,34.4579,20.6055,29.8143,17.1252,72.4802,14.9976,69.191,13.0189,65.3724,11.174,61.3418,9.636,57.0811,8.0551,85.4351,7.0061,83.365,6.2021,80.9948,5.4714,77.7093,4.8042,74.1862,4.8311,91.3418,4.272,89.7279,3.7635,87.9485,3.2989,85.5035,2.8729,82.4927,3.3799,94.1445,2.9565,92.6164,2.5731,90.9232,2.2242,89.0363,1.9054,86.709,2.2071,96.1488,1.8962,95.4796,1.6141,94.1448,1.3571,92.6483,1.1219,90.959,1.1872,97.1652,0.8681,96.6261,0.5766,96.0159,0.3092,94.7882,0.063,93.3707,0.5126,97.7859,0.1776,97.239,0.0,96.626,0.0,95.8143,0.0,94.4882,3583.4165,2316.4268
2024-11-04,2457.73,3248.52,2357.59,3183.21,4332044.1216,63.8984,25.7127,61.2724,23.144,58.6346,20.5865,55.985,18.0402,53.3235,15.5051,57.2326,30.6798,54.3449,27.5923,51.5081,24.7531,48.7208,21.9434,45.9995,19.1629,38.4241,50.0424,35.9353,46.7992,33.6382,43.4013,31.4754,40.0278,29.4356,36.619,26.0113,65.1142,24.2422,62.3699,22.592,59.4638,21.0492,56.3067,19.6036,53.0023,19.1501,74.1917,17.8143,71.839,16.5735,69.3339,15.4178,66.6609,14.3388,63.7391,15.6956,78.4663,14.5312,76.5524,13.4573,74.142,12.4638,71.5256,11.5419,68.6754,12.3142,82.5294,11.2835,80.9001,10.3322,79.0891,9.4516,76.7513,8.634,74.1632,9.6372,85.8854,8.7336,84.4853,8.0103,82.9372,7.4862,81.1365,7.0039,78.8756,3605.0936,2338.1038
2024-11-11,3183.2,3442.5,3014.5,3076.0,4891858.4823,69.8679,21.0496,67.5155,18.8574,65.129,16.6952,62.7076,14.5624,60.2506,12.4585,67.4882,23.1573,65.0488,20.9144,62.5671,18.7079,60.0419,16.537,57.4428,14.4008,60.107,28.5363,57.2378,25.6815,54.393,22.8633,51.6113,20.5548,48.8905,18.3254,43.2607,44.9844,40.6387,41.8128,38.1354,38.5658,35.743,35.4112,33.4541,32.4192,31.4745,58.8434,29.4057,55.9414,27.451,52.932,25.6012,49.8092,23.848,46.582,24.3231,67.701,22.6433,65.2845,21.066,62.5441,19.5823,59.6556,18.184,56.6067,20.4536,71.9094,18.8689,69.5924,17.3885,67.0685,16.0024,64.1451,14.7018,61.002,16.6954,76.426,15.276,74.3266,14.0571,72.0333,13.0601,69.4659,12.1375,66.5012,3624.5269,2357.5371
2024-11-18,3075.99,3497.51,3029.41,3361.2,4422697.3945,83.8648,10.3292,82.2431,9.027,80.5434,7.7773,78.76,6.577,76.8866,5.4231,74.8374,17.6639,72.8457,15.8981,70.8037,14.1727,68.7095,12.4866,66.5609,10.8382,72.4404,20.0918,70.3206,18.3605,68.0949,16.6789,65.8354,15.0448,63.5413,13.4562,64.4877,24.7889,61.7617,22.3183,59.0651,19.8828,56.3974,17.8031,53.7583,16.0599,50.0726,38.5772,47.4479,35.7041,44.9051,32.8162,42.4403,29.9134,40.0501,27.0899,38.8998,50.9554,36.6377,48.1085,34.4712,45.1811,32.3946,42.1804,30.4022,39.1035,31.4905,59.366,29.4797,56.7586,27.5634,54.0004,25.7351,51.0669,23.9889,48.0182,27.4462,63.5561,25.5069,60.9352,23.7497,58.1351,22.1989,55.1242,20.7457,51.893,3640.1823,2373.1925
2024-11-25,3361.21,3746.8,3252.0,3707.61,4295514.8505,91.5639,5.3001,90.6522,4.6229,89.6791,3.9816,88.6381,3.3735,87.522,2.7961,86.807,8.495,85.4911,7.4441,84.1104,6.4364,82.6598,5.4694,81.1339,4.5407,79.3367,14.9534,77.781,13.6417,76.1684,12.3718,74.4957,11.1418,72.7594,9.9499,76.3849,16.9246,74.4924,15.571,72.5566,14.2695,70.5762,13.0172,68.5496,11.8114,69.2869,20.849,66.8033,18.7475,64.324,16.6942,61.849,14.6874,59.3782,12.8506,57.1643,32.2675,54.646,29.535,52.1745,26.9758,49.7484,24.424,47.3666,21.8794,46.9134,42.9873,44.5601,40.2757,42.2699,37.4826,40.0402,34.741,37.8688,31.9764,39.6704,50.6776,37.4665,48.0312,35.3788,45.2805,33.4316,42.435,31.5717,39.5591,3650.6497,2383.66
2024-12-02,3707.61,4087.73,3500.0,4004.15,4669905.3912,93.1708,4.2636,92.4189,3.7138,91.6133,3.1946,90.748,2.7034,89.8162,2.2381,93.1336,4.3292,92.3984,3.7796,91.6148,3.2586,90.7781,2.7641,89.8824,2.294,88.8916,7.4926,87.868,6.6919,86.7887,5.927,85.6491,5.1955,84.444,4.4952,82.5027,12.9637,81.2491,11.937,79.9411,10.9482,78.5752,9.9952,77.1474,9.0762,79.1643,14.2546,77.3879,13.0411,75.5667,11.8777,73.6991,10.7612,71.7831,9.689,73.2488,17.9432,71.0089,15.8362,68.7534,14.036,66.4823,12.2816,64.1955,10.5712,63.0417,27.3867,60.6773,24.965,58.3241,22.5314,55.9821,20.317,53.6511,18.1434,53.8545,36.4305,51.5156,33.9077,49.2133,31.3455,46.9673,28.7821,44.7807,26.3324,3654.7151,2387.7254
2024-12-09,4004.15,4006.17,3509.0,3959.09,3822903.4975,96.6336,2.2211,96.2862,1.9835,95.9077,1.7615,95.4939,1.5536,95.0396,1.3585,93.872,3.8176,93.192,3.3244,92.4621,2.8591,91.6765,2.4196,90.8286,2.0037,93.7244,4.0864,93.0836,3.6167,92.3975,3.1729,91.661,2.7529,90.8685,2.3549,89.6355,7.2303,88.7371,6.5444,87.7845,5.8919,86.7726,5.2703,85.6957,4.6776,83.5737,11.951,82.3272,10.9445,81.0225,9.9776,79.6553,9.048,78.2212,8.1536,80.2372,13.1457,78.4647,11.6555,76.6408,10.4719,74.7632,9.3369,72.8296,8.2474,75.0958,16.721,72.964,14.7571,70.796,12.8244,68.591,11.1924,66.3479,9.6275,66.0799,24.7754,63.7672,22.5155,61.4127,20.2658,59.0278,18.0806,56.6617,16.1014,3651.4236,2384.4338
2024-12-16,3959.09,4107.8,3101.9,3281.83,5094815.4058,93.0127,3.9746,92.1222,3.334,91.1644,2.7307,90.1313,2.1614,89.0136,1.6233,91.3006,4.3665,90.0613,3.4164,88.7483,2.5119,87.355,1.6498,85.8737,1.384,89.8008,4.9976,88.3487,3.8303,86.8272,3.2922,85.2312,2.8406,83.5552,2.4173,90.6883,4.5991,89.3214,4.0986,87.8871,3.6304,86.3804,3.1915,84.7955,2.7793,87.1141,8.1006,85.5697,7.3653,83.9626,6.6722,82.2889,6.018,80.5443,5.3993,81.202,12.6469,79.2522,11.4179,77.2539,10.2438,75.2051,9.1209,73.104,8.046,78.2939,14.2461,75.9768,12.5887,73.6263,10.9893,71.2417,9.7189,68.8222,8.5272,73.3313,17.7749,70.7953,15.6868,68.1162,13.6489,65.3837,11.7264,62.6798,10.0826,3640.1301,2373.1403
2024-12-23,3281.83,3547.95,3216.97,3356.48,2008743.4021,87.9852,5.8766,86.2246,4.5342,84.3571,3.2574,82.3727,2.54,80.26,1.896,92.3388,2.2384,90.8088,1.406,89.1981,0.7066,87.5,0.0487,85.7074,0.0,90.9779,3.2336,89.1125,2.2632,87.1755,1.9404,85.1627,1.6956,83.0695,1.4691,89.7436,4.6756,87.7157,4.1469,85.626,3.6568,83.4715,3.2014,81.2492,2.7771,90.9136,5.0024,88.9689,4.4828,86.933,4.0002,84.8306,3.5508,82.6585,3.1312,86.6663,8.5625,84.906,7.7197,82.6573,6.9297,80.358,6.1876,78.0063,5.4892,80.499,13.1365,78.3582,11.7978,76.0229,10.5276,73.4275,9.3208,70.8037,8.1728,77.2919,14.8647,74.8846,13.1117,72.248,11.4314,69.3535,9.8874,66.3826,8.6357,3620.5358,2353.5461
2024-12-30,3356.48,3675.25,3305.0,3635.99,1971470.8374,87.3735,6.1522,85.5073,4.7429,83.5233,3.4046,81.41,2.6516,79.1543,1.977,91.4859,2.4501,89.7413,1.5327,87.8881,0.7673,85.916,0.0527,83.8131,0.0,94.6141,0.7451,93.0138,0.0572,91.3302,0.0,89.5567,0.0,87.6858,0.0,93.0137,2.5292,91.2288,2.2669,89.3599,2.0261,87.401,1.8043,85.3454,1.5992,91.2284,4.7756,89.3096,4.2711,87.2851,3.8043,85.1771,3.3711,82.9806,2.968,91.6207,5.139,90.2169,4.6535,88.2428,4.2037,86.1852,3.7859,84.0386,3.3967,86.9927,8.5047,85.2409,7.6196,83.2333,6.7923,80.8569,6.0173,78.4005,5.2898,80.8157,12.9181,78.7499,11.5713,76.3986,10.298,73.7002,9.0924,70.8451,7.9491,3592.7081,2325.7183
2025-01-06,3636.0,3744.83,3158.0,3267.3,2728455.8925,77.5977,12.5669,74.9156,10.3093,72.1344,8.1245,69.2483,6.569,66.2514,5.1295,84.9314,6.4657,82.5594,4.9196,80.0878,3.5498,77.5101,2.2556,74.8193,1.6858,89.2099,3.4455,86.8969,2.1582,84.4951,1.5889,81.9992,1.1228,79.4035,0.6931,93.0717,1.6484,91.0647,1.2214,88.9737,0.828,86.7933,0.4646,84.5177,0.1277,91.3499,3.5047,89.1162,2.7593,86.7805,2.183,84.3666,1.9424,81.8704,1.7213,89.1463,5.4701,87.1848,4.7507,84.7035,4.2747,82.1594,3.8358,79.5501,3.4299,89.8448,5.5977,87.9823,5.0867,85.8427,4.6172,83.3014,4.1844,80.6803,3.7842,84.989,8.9564,82.7979,7.9477,80.2792,7.0106,77.3559,6.1379,74.2545,5.323,3557.082,2290.0922
2025-01-13,3267.3,3525.72,2920.0,3215.12,4650735.5624,62.9477,22.8813,59.3883,19.355,55.8223,15.8354,52.2495,12.9584,48.6701,10.2179,76.1533,12.1115,73.0872,9.7248,69.9652,7.5273,66.7858,5.4193,63.5474,4.1302,83.2051,7.1111,80.3722,5.2262,77.4812,4.0901,74.53,3.0948,71.5169,2.1696,87.791,4.3647,85.1261,3.3948,82.3857,2.4974,79.5666,1.6646,76.6653,0.8898,91.568,2.6083,89.1488,1.7195,86.6317,1.0119,84.0413,0.6598,81.3743,0.3354,89.286,4.2744,87.0434,3.3307,84.2895,2.6533,81.4845,2.1697,78.6271,1.9437,87.1812,6.3426,84.8666,5.3864,82.3139,4.7148,79.4327,4.2612,76.514,3.8439,87.6193,6.17,85.3374,5.2533,82.7003,4.6872,79.6213,4.1685,76.3516,3.6915,3514.4462,2247.4564
2025-01-20,3215.2,3453.69,3142.78,3232.61,3594143.0907,40.1951,41.6054,36.2662,36.3128,32.5461,30.6631,29.0187,25.3363,25.6692,19.995,64.2012,19.5042,60.2816,15.7452,56.4208,12.1509,52.6175,8.6208,48.8705,6.1164,76.4713,10.684,72.9759,7.9644,69.4844,6.0782,65.9967,4.3787,62.5128,2.7861,83.452,6.4438,80.2864,4.9412,77.0842,3.5385,73.8446,2.226,70.567,0.9954,87.6642,4.0981,84.6074,2.6939,81.4746,1.514,78.2922,0.7571,75.059,0.3762,90.8181,2.1498,88.3969,1.1011,85.445,0.3391,82.4493,0.0,79.4089,0.0,88.5063,4.1009,85.9305,3.0953,83.1154,2.6279,79.9739,2.3767,76.8099,2.1481,85.9387,6.2798,83.2971,5.338,80.457,4.7551,77.3592,4.2226,74.0957,3.7343,3465.9118,2198.922
2025-01-27,3232.61,3437.31,2750.71,2869.68,3917894.0487,10.1078,81.5626,8.5805,78.6639,7.2078,75.2722,5.9674,70.4391,4.841,65.0509,35.9753,47.1254,32.4141,42.2263,29.0699,37.1837,25.9233,31.9781,22.9575,27.3112,57.9977,26.4104,54.2327,22.6306,50.5897,19.4832,47.0628,16.5302,43.6467,13.7094,70.1225,17.2732,66.6185,14.9208,63.1484,12.6906,59.7117,10.5731,56.308,8.5602,76.9306,12.7267,73.6363,10.7017,70.3288,8.8945,67.0273,7.4898,63.7316,6.4648,80.7013,9.8397,77.7719,8.1501,74.4676,6.7578,71.1622,5.7996,67.8555,5.2103,84.3375,7.4831,81.6477,6.2188,78.7582,5.4637,75.6064,4.9317,72.4466,4.4448,82.1201,9.4846,79.4024,8.3099,76.5173,7.4814,73.4227,6.7205,70.2022,6.0191,3412.8681,2145.8783
2025-02-03,2869.68,2921.0,2125.01,2627.18,6935945.7161,8.343,85.6154,7.1584,83.6653,6.0719,81.4742,5.0716,78.1778,4.1478,74.5971,8.9481,83.9455,7.6408,80.8329,6.4647,77.2183,5.4011,73.1989,4.4344,67.9848,31.3293,53.8524,28.3342,49.5221,25.5503,45.1301,22.956,40.7925,20.5325,36.5071,50.9735,34.5674,47.489,31.2519,44.1321,28.0371,40.8959,24.9186,37.774,21.8922,62.4666,25.2752,59.0991,22.5779,55.7949,20.058,52.5605,17.8753,49.3937,16.0409,68.8208,20.2038,65.7368,17.959,62.4877,15.9668,59.2876,14.3522,56.1353,13.085,72.5729,17.238,69.5629,15.3435,66.444,13.9057,63.2077,12.7084,60.0065,11.6023,76.3302,14.6207,73.5669,13.1506,70.6799,11.9983,67.6481,10.9313,64.5421,9.9405,3356.9264,2089.9367
2025-02-10,2627.18,2795.45,2546.92,2661.41,2786533.3434,7.2373,87.8608,6.244,86.3349,5.3231,84.6518,4.4671,82.7858,3.6693,80.7052,8.025,86.27,6.9145,83.8149,5.8982,81.0138,4.9645,77.9837,4.1038,74.6954,8.8,82.8767,7.6016,79.6094,6.5326,75.1884,5.5732,70.4998,4.7073,65.6157,29.021,56.2116,26.1114,51.9762,23.4117,47.7389,20.8999,43.4996,18.557,39.2583,47.1854,38.6046,43.8141,35.1413,40.5993,31.7845,37.5285,28.6778,34.5923,25.877,57.8744,29.5638,54.6216,26.739,51.3885,24.1204,48.2606,21.8328,45.2327,19.8785,63.9032,24.667,60.7776,22.3027,57.6272,20.3316,54.475,18.5969,51.3989,16.9758,67.3573,21.9236,64.3217,19.9123,61.2271,18.2066,58.0822,16.6137,54.9482,15.1229,3299.8566,2032.8668
2025-02-17,2661.41,2857.34,2605.44,2819.69,3853924.8175,0.0,100.0,0.0,100.0,0.0,100.0,0.0,100.0,0.0,100.0,7.6219,87.1096,6.5821,85.4214,5.6263,83.5316,4.7447,81.4017,3.9291,78.9831,8.5512,83.851,7.4307,80.9384,6.4199,77.764,5.5035,74.2909,4.6688,70.475,8.9083,80.0848,7.4856,75.6089,6.2245,70.9079,5.0989,65.9644,4.088,60.7592,28.8955,55.2135,25.8698,50.796,23.1082,46.3168,20.5631,41.8915,18.21,37.662,46.264,38.9781,42.7755,35.3467,39.5342,31.8596,36.4751,28.6607,33.5833,25.7983,56.2901,30.5394,52.9277,27.5952,49.63,25.0118,46.447,22.6721,43.3931,20.4662,61.9255,26.0705,58.7086,23.6268,55.4932,21.4765,52.304,19.4495,49.1937,17.5356,3243.5179,1976.5281
2025-02-24,2819.7,2839.95,2076.26,2518.11,6704218.924,0.0,100.0,0.0,100.0,0.0,100.0,0.0,100.0,0.0,100.0,0.0,100.0,0.0,100.0,0.0,100.0,0.0,100.0,0.0,100.0,7.3561,88.0346,6.4505,86.5503,5.6193,84.8844,4.8537,83.0015,4.1461,80.8562,7.7823,83.5705,6.6102,80.7051,5.5498,77.5918,4.5859,74.1969,3.7058,70.4806,8.381,79.767,6.9992,75.7205,5.8088,71.3034,4.7461,66.4147,3.7916,61.247,26.9225,58.1074,23.8714,53.8678,21.3854,49.5609,19.1068,45.2981,17.0105,41.215,42.6853,43.0014,39.3805,39.435,36.264,36.0841,33.4197,32.9341,30.7447,29.9242,52.0795,34.8966,48.8338,31.9572,45.6703,29.2532,42.634,26.6727,39.7567,24.2073,3189.7899,1922.8001
2025-03-03,2518.12,2523.56,1989.66,2020.41,5364278.6674,0.0,100.0,0.0,100.0,0.0,100.0,0.0,100.0,0.0,100.0,0.0,100.0,0.0,100.0,0.0,100.0,0.0,100.0,0.0,100.0,0.0,100.0,0.0,100.0,0.0,100.0,0.0,100.0,0.0,100.0,6.0596,89.7249,5.209,88.4065,4.4216,86.9489,3.6906,85.3285,3.0101,83.5167,6.5967,85.7321,5.5875,83.4177,4.6973,80.7747,3.8829,77.6058,3.135,73.9846,7.6858,82.2339,6.061,78.7575,5.1173,74.926,4.2686,70.6891,3.5012,66.2197,22.9672,64.1798,20.4217,60.4408,18.1625,56.5755,16.3023,52.7515,14.5858,49.0186,36.759,50.4071,33.8629,47.0984,31.1331,43.8837,28.6343,40.7616,26.363,37.728,3140.5045,1873.5147
2025-03-10,2020.43,2152.4,1754.28,1887.0,4688568.5488,0.0,100.0,0.0,100.0,0.0,100.0,0.0,100.0,0.0,100.0,0.0,100.0,0.0,100.0,0.0,100.0,0.0,100.0,0.0,100.0,0.0,100.0,0.0,100.0,0.0,100.0,0.0,100.0,0.0,100.0,0.0,100.0,0.0,100.0,0.0,100.0,0.0,100.0,0.0,100.0,5.3354,90.9328,4.5808,89.7685,3.8818,88.3462,3.2324,86.4253,2.6275,84.0139,6.301,87.2361,5.0107,85.0229,4.2719,82.4519,3.595,79.3995,2.9726,75.9657,7.0773,83.8389,5.6512,80.6391,4.5154,76.9534,3.7923,73.0985,3.1352,69.2335,20.1872,68.3724,17.9284,64.9299,15.8974,61.3877,14.1739,57.8762,12.7159,54.3949,3097.3841,1830.3943
2025-03-17,1887.01,2069.9,1872.31,2005.99,2463197.0745,0.0,100.0,0.0,100.0,0.0,100.0,0.0,100.0,0.0,100.0,0.0,100.0,0.0,100.0,0.0,100.0,0.0,100.0,0.0,100.0,0.0,100.0,0.0,100.0,0.0,100.0,0.0,100.0,0.0,100.0,0.0,100.0,0.0,100.0,0.0,100.0,0.0,100.0,0.0,100.0,0.0,100.0,0.0,100.0,0.0,99.8257,0.0,99.1514,0.0,97.9294,5.0761,91.516,4.3954,90.175,3.7673,88.4901,3.1859,86.2859,2.6462,83.6149,6.2068,87.6571,4.9817,85.3065,4.0012,82.4109,3.3792,79.2597,2.8079,76.0156,6.999,84.256,5.5861,81.0688,4.4115,77.5724,3.5625,74.0223,2.9659,70.4173,3061.9868,1794.9971
2025-03-24,2005.99,2104.11,1767.69,1807.74,2960069.0978,0.0,100.0,0.0,100.0,0.0,100.0,0.0,100.0,0.0,100.0,0.0,100.0,0.0,100.0,0.0,100.0,0.0,100.0,0.0,100.0,0.0,100.0,0.0,100.0,0.0,100.0,0.0,100.0,0.0,100.0,0.0,100.0,0.0,100.0,0.0,100.0,0.0,100.0,0.0,100.0,0.0,100.0,0.0,100.0,0.0,100.0,0.0,100.0,0.0,99.5747,0.0,100.0,0.0,99.689,0.0,99.0774,0.0,97.9194,0.0,96.2234,4.7004,92.0139,4.0786,90.4799,3.5055,88.386,2.9756,85.9993,2.4842,83.4842,5.9765,88.1746,4.8894,85.7561,3.8799,82.9829,3.1489,80.1058,2.6349,77.1187,3035.6623,1768.6725
2025-03-31,1807.74,1957.0,1537.5,1580.76,3964057.6385,0.0,100.0,0.0,100.0,0.0,100.0,0.0,100.0,0.0,100.0,0.0,100.0,0.0,100.0,0.0,100.0,0.0,100.0,0.0,100.0,0.0,100.0,0.0,100.0,0.0,100.0,0.0,100.0,0.0,100.0,0.0,100.0,0.0,100.0,0.0,100.0,0.0,100.0,0.0,100.0,0.0,100.0,0.0,100.0,0.0,100.0,0.0,100.0,0.0,99.6314,0.0,100.0,0.0,100.0,0.0,100.0,0.0,99.5694,0.0,98.6974,0.0,99.82,0.0,99.1935,0.0,97.9893,0.0,96.482,0.0,94.8589,4.3011,92.3955,3.7451,90.7049,3.2325,88.6516,2.7583,86.482,2.3186,84.1859,3019.5174,1752.5276
2025-04-07,1580.77,1689.0,1385.05,1597.76,7601517.2827,0.0,100.0,0.0,100.0,0.0,100.0,0.0,100.0,0.0,100.0,0.0,100.0,0.0,100.0,0.0,100.0,0.0,100.0,0.0,100.0,0.0,100.0,0.0,100.0,0.0,100.0,0.0,100.0,0.0,100.0,0.0,100.0,0.0,100.0,0.0,100.0,0.0,100.0,0.0,100.0,0.0,100.0,0.0,100.0,0.0,100.0,0.0,100.0,0.0,100.0,0.0,100.0,0.0,100.0,0.0,100.0,0.0,99.7742,0.0,99.4336,0.0,100.0,0.0,99.8759,0.0,99.2592,0.0,98.3897,0.0,97.4397,0.0,99.4256,0.0,98.479,0.0,97.1539,0.0,95.7264,0.0,94.1841,3014.3936,1747.4038
2025-04-14,1597.76,1691.5,1538.07,1587.36,2882924.9212,0.0,100.0,0.0,100.0,0.0,100.0,0.0,100.0,0.0,100.0,0.0,100.0,0.0,100.0,0.0,100.0,0.0,100.0,0.0,100.0,0.0,100.0,0.0,100.0,0.0,100.0,0.0,100.0,0.0,100.0,0.0,100.0,0.0,100.0,0.0,100.0,0.0,100.0,0.0,100.0,0.0,100.0,0.0,100.0,0.0,100.0,0.0,100.0,0.0,100.0,0.0,100.0,0.0,100.0,0.0,100.0,0.0,100.0,0.0,100.0,0.0,100.0,0.0,99.8858,0.0,99.5385,0.0,99.1563,0.0,98.7338,0.0,99.9358,0.0,99.4869,0.0,98.7091,0.0,97.86,0.0,96.9294,3020.8546,1753.8648
2025-04-21,1587.36,1857.47,1537.26,1791.29,4456545.8725,0.0,100.0,0.0,100.0,0.0,100.0,0.0,100.0,0.0,99.7549,0.0,100.0,0.0,100.0,0.0,100.0,0.0,100.0,0.0,100.0,0.0,100.0,0.0,100.0,0.0,100.0,0.0,100.0,0.0,100.0,0.0,100.0,0.0,100.0,0.0,100.0,0.0,100.0,0.0,100.0,0.0,100.0,0.0,100.0,0.0,100.0,0.0,100.0,0.0,100.0,0.0,100.0,0.0,100.0,0.0,100.0,0.0,100.0,0.0,100.0,0.0,100.0,0.0,100.0,0.0,100.0,0.0,100.0,0.0,100.0,0.0,99.9384,0.0,99.5974,0.0,99.222,0.0,98.8066,0.0,98.3447,3039.1831,1772.1933
2025-04-28,1791.29,1873.17,1731.7,1808.86,2941122.6775,0.0,100.0,0.0,99.7661,0.0,99.2575,0.0,98.6904,0.0,97.7441,0.0,100.0,0.0,100.0,0.0,100.0,0.0,100.0,0.0,100.0,0.0,100.0,0.0,100.0,0.0,100.0,0.0,100.0,0.0,100.0,0.0,100.0,0.0,100.0,0.0,100.0,0.0,100.0,0.0,100.0,0.0,100.0,0.0,100.0,0.0,100.0,0.0,100.0,0.0,100.0,0.0,100.0,0.0,100.0,0.0,100.0,0.0,100.0,0.0,100.0,0.0,100.0,0.0,100.0,0.0,100.0,0.0,100.0,0.0,100.0,0.0,100.0,0.0,100.0,0.0,100.0,0.0,100.0,0.0,100.0,3069.3847,1802.395
2025-05-05,1808.86,2608.13,1752.0,2514.57,6134223.597,22.4925,71.3726,21.175,69.5013,19.9298,67.4429,18.7511,65.2722,17.6336,62.9149,16.3295,78.9549,15.3354,77.5485,14.4017,76.0291,13.5231,74.3826,12.6948,72.5924,11.5107,85.1224,10.8056,84.1109,10.1449,83.0144,9.5245,81.8217,8.9408,80.5196,8.5007,88.9747,7.9733,88.2143,7.4795,87.3889,7.0161,86.4899,6.5805,85.507,6.8314,90.8535,6.3493,90.1538,5.8984,89.393,5.4758,88.5628,5.0789,87.6532,5.6968,91.9472,5.2115,91.2267,4.7592,90.439,4.3367,89.574,3.941,88.6198,4.6997,93.1538,4.26,92.4934,3.851,91.7691,3.4696,90.9712,3.113,90.0879,3.8795,94.2207,3.4905,93.636,3.1286,92.9948,2.7912,92.2882,2.4757,91.5059,3111.1975,1844.2078
2025-05-12,2514.58,2738.5,2323.21,2497.78,5609427.8904,39.8178,51.1839,37.6994,48.7979,35.6299,46.3836,33.6075,43.9453,31.6307,41.5206,28.8741,63.5583,27.171,61.4519,25.5345,59.2477,23.9608,56.9389,22.4464,54.5178,22.077,71.5511,20.6873,69.7182,19.3667,67.7714,18.1102,65.6999,16.9132,63.4911,16.3652,78.6596,15.297,77.2044,14.2875,75.6467,13.3319,73.9754,12.4261,72.1776,12.4688,83.4262,11.5908,82.2206,10.762,80.9277,9.9786,79.5377,9.2368,78.0392,10.2041,85.8873,9.3709,84.7352,8.5855,83.4975,7.8438,82.1643,7.1423,80.7241,8.676,87.4314,7.8571,86.2677,7.0885,85.0093,6.3658,83.6439,5.6849,82.1574,7.2636,89.149,6.5141,88.0686,5.8123,86.8961,5.1538,85.619,4.5346,84.2228,3164.1043,1897.1146
2025-05-19,2497.78,2734.23,2348.38,2551.22,5076059.3723,59.9396,30.4869,57.4385,28.2788,54.8919,26.2148,52.2986,24.2153,49.6573,22.3952,42.1605,48.322,39.8621,45.8582,37.5947,43.3592,35.3579,40.8242,33.1508,38.2524,31.964,59.6673,30.032,57.3987,28.1582,55.0524,26.3402,52.6241,24.5753,50.1096,25.2047,67.3621,23.5496,65.2697,21.9655,63.0693,20.4478,60.7521,18.9924,58.3086,19.2614,74.5123,17.8951,72.7327,16.5941,70.8482,15.3536,68.8491,14.1697,66.7246,15.039,79.5731,13.8584,78.0307,12.7349,76.396,11.6642,74.6607,10.6428,72.815,12.5476,82.294,11.4283,80.8021,10.3666,79.2134,9.3582,77.5184,8.3991,75.706,10.8516,84.0559,9.7613,82.5618,8.732,80.9603,7.7585,79.2393,6.8366,77.3849,3227.3473,1960.3575
2025-05-26,2551.22,2788.0,2468.56,2539.21,4022669.1595,77.7708,14.6044,75.5619,13.0936,73.208,11.8144,70.6945,10.6171,68.0045,9.6578,58.001,31.7781,55.3117,29.3491,52.5654,26.9675,49.7601,24.6321,46.8941,22.3415,42.3371,47.6304,39.8788,45.0713,37.4399,42.4913,35.0202,39.8902,32.6195,37.2676,32.8355,58.0456,30.7034,55.6059,28.6257,53.0967,26.6005,50.5151,24.6257,47.8578,26.338,65.3477,24.4494,63.0558,22.6286,60.6678,20.872,58.1776,19.1762,55.5785,20.4813,72.2482,18.8507,70.2172,17.2858,68.0884,15.7829,65.8548,14.3382,63.5084,16.2593,77.3241,14.8296,75.5193,13.4608,73.6218,12.1491,71.6245,10.891,69.519,13.7274,80.1236,12.3748,78.3706,11.0857,76.5164,9.8556,74.5519,8.6807,72.467,3299.9423,2032.9526
2025-06-02,2539.2,2679.88,2381.49,2509.83,3344811.759,93.9536,1.6798,92.5686,1.0004,91.0263,0.564,89.2983,0.1659,87.3488,0.0,73.6763,17.8675,71.2127,16.0452,68.5806,14.3207,65.762,12.6865,62.7365,11.1355,55.5153,33.4256,52.5973,30.8045,49.6139,28.2373,46.5629,25.7223,43.4419,23.2581,41.3261,48.0022,38.6881,45.3039,36.0618,42.5934,33.4473,39.8705,30.8445,37.1351,32.4124,57.7098,30.0675,55.1079,27.7694,52.4495,25.5167,49.7327,23.3081,46.9557,26.1898,64.5976,24.0566,62.1079,21.9855,59.5363,19.9737,56.8786,18.0189,54.1304,20.6079,71.2471,18.7486,69.0132,16.9529,66.6909,15.2175,64.2748,13.5395,61.7591,16.4977,76.1956,14.8509,74.165,13.2677,72.0416,11.7444,69.819,10.2778,67.49,3380.6953,2113.7055
2025-06-09,2509.84,2879.22,2436.98,2547.61,5090252.9755,97.8758,0.1899,97.2322,0.0,96.4973,0.0,95.6502,0.0,94.6631,0.0,90.1048,5.2185,88.6075,4.2948,86.9321,3.4455,85.0449,2.6621,82.9029,1.937,70.2642,19.9844,67.4468,17.8664,64.4482,15.8567,61.2505,13.9472,57.833,12.1306,53.6232,34.6606,50.5239,31.8907,47.3517,29.1802,44.1041,26.5275,40.7782,23.9305,40.4633,48.2306,37.6333,45.4076,34.8018,42.586,31.969,39.7658,29.1347,36.947,32.008,57.387,29.4415,54.6476,26.9076,51.8716,24.4056,49.0582,21.9351,46.2066,26.0497,63.9501,23.6951,61.2936,21.3948,58.5697,19.1467,55.776,16.9493,52.9095,20.6873,70.3541,18.6161,67.9294,16.6063,65.4231,14.6551,62.8311,12.7602,60.1489,3468.218,2201.2282
2025-06-16,2547.62,2680.34,2111.89,2227.7,4122506.1539,91.3765,5.9435,90.4958,5.4266,89.4967,4.9548,88.3538,4.5225,87.0336,4.1249,88.1335,6.2972,86.3753,5.183,84.4221,4.1544,82.2395,3.2019,79.7846,2.3174,79.6925,11.3681,77.0295,9.4814,74.1542,7.7087,71.0403,6.04,67.6567,4.4664,62.128,25.242,58.7334,22.302,55.2354,19.4418,51.6291,16.6583,47.9094,14.0788,47.7482,39.3234,44.4845,36.1226,41.208,32.9342,37.9186,29.758,34.6163,26.8552,36.156,51.9343,33.2685,48.8635,30.4157,45.7539,27.597,42.6264,24.8117,39.5529,28.6018,60.4405,26.0201,57.5317,23.497,54.5501,21.0308,51.4906,18.6194,48.3738,23.2708,66.58,20.9306,63.8255,18.6619,60.9749,16.4615,58.0233,14.3264,54.9333,3560.9475,2293.9578
2025-06-23,2227.7,2525.0,2188.0,2500.09,2961524.7848,88.7371,7.5101,87.448,6.8141,85.9505,6.1864,84.1894,5.6175,82.0887,5.0995,92.1522,4.2584,90.991,3.556,89.6848,2.9122,88.2044,2.3198,86.5127,1.7731,87.3555,6.6511,85.4552,5.4568,83.3394,4.3556,80.9694,3.3371,78.2963,2.3923,76.9064,12.4075,73.7755,10.1167,70.4217,7.953,66.8202,5.9059,62.9425,4.1368,59.9519,26.7185,56.3368,23.6427,52.5968,20.6602,48.7255,17.7668,44.7158,15.3701,46.0485,40.3733,42.5576,37.072,39.0267,33.8068,35.4553,30.639,31.8426,27.6994,34.9472,52.4099,31.8247,49.2103,28.7174,45.9948,25.6252,42.7749,22.5477,39.628,27.6835,60.5696,24.8738,57.499,22.1122,54.3718,19.3975,51.1866,16.7286,47.9554,3657.1692,2390.1795
2025-06-30,2500.09,2635.5,2373.0,2570.35,2819702.2414,86.4547,9.0003,84.886,8.1609,83.059,7.4049,80.9038,6.7203,78.3236,6.0977,90.3792,5.1145,88.8811,4.2541,87.1716,3.4713,85.2024,2.7561,82.9094,2.1,93.061,3.2467,91.8627,2.5264,90.5123,1.8667,88.9789,1.2602,87.2228,0.7009,86.2501,6.696,84.0374,5.2765,81.5873,3.9636,78.8592,2.7458,75.803,1.782,75.0069,13.5164,71.6333,11.0637,68.0139,8.7494,64.1207,6.5621,59.9215,5.0389,58.5512,27.8071,54.7787,24.7178,50.8425,21.7428,46.7317,18.9808,42.4345,16.6071,45.0362,40.8678,41.3445,37.5024,37.5818,34.1971,33.7462,30.9829,29.8354,28.0147,34.3381,52.3442,31.0018,49.0217,27.6626,45.702,24.3207,42.385,20.976,39.1467,3755.0453,2488.0556
2025-07-07,2570.35,3040.15,2512.0,2972.03,3937696.2647,87.6206,8.6367,86.4103,7.9042,85.0489,7.2326,83.5064,6.6147,81.744,6.0442,90.7661,5.0384,89.4188,4.2119,87.9088,3.4528,86.205,2.753,84.2673,2.1059,92.9554,3.3127,91.7522,2.5803,90.4011,1.9082,88.8729,1.2894,87.1304,0.7176,94.3704,2.2442,93.2937,1.5714,92.0931,0.9517,90.7458,0.379,89.2233,0.0,86.8678,6.2455,84.7451,4.8372,82.415,3.5279,79.8455,2.3075,76.9976,1.6796,76.2661,13.3662,73.2049,11.1598,69.9135,9.081,66.3651,7.2568,62.5284,5.8826,60.9789,26.3331,57.4321,23.4893,53.7137,20.7608,49.8107,18.1942,45.7093,16.0034,48.1731,38.3311,44.5918,35.1502,40.9215,32.0412,37.1586,29.0019,33.2998,26.1958,3852.6507,2585.6609
2025-07-14,2972.03,3824.56,2932.46,3756.69,6187124.6691,92.0567,5.8895,91.4434,5.4569,90.7805,5.0509,90.0617,4.6689,89.2796,4.3089,93.324,3.824,92.4646,3.2284,91.5317,2.6708,90.5153,2.1477,89.4037,1.656,94.59,2.6418,93.7406,2.0733,92.8103,1.544,91.7869,1.0501,90.6559,0.588,95.3856,1.8836,94.5437,1.3253,93.6195,0.8062,92.6003,0.3224,91.4706,0.0,96.0165,1.4536,95.2346,0.9376,94.3752,0.4581,93.4262,0.0116,92.3727,0.0,89.3918,5.307,87.7912,4.2021,86.0517,3.1684,84.1546,2.3194,82.0773,1.8148,80.5283,11.4922,78.1923,9.7803,75.6908,8.1629,73.0058,6.6934,70.116,5.5966,67.543,22.0943,64.648,19.7703,61.6139,17.5401,58.4301,15.398,55.0854,13.5583,3948.0158,2681.026
2025-07-21,3756.69,3879.82,3502.85,3872.1,4861139.2263,93.9654,4.5256,93.5214,4.2034,93.0448,3.8994,92.532,3.6123,91.9785,3.3405,94.6789,3.1029,94.0259,2.6296,93.3247,2.1831,92.5699,1.7614,91.7552,1.3624,95.4955,2.236,94.8142,1.7608,94.0757,1.3155,93.2726,0.8973,92.3959,0.5039,96.0901,1.6174,95.3956,1.1411,94.6396,0.696,93.8137,0.2789,92.9076,0.0,96.5305,1.2805,95.8639,0.8278,95.1365,0.4054,94.3396,0.0102,93.4627,0.0,96.8528,1.0821,96.2184,0.6585,95.5231,0.2643,94.7577,0.0,93.9111,0.0,90.783,4.8818,89.477,3.9763,88.0593,3.1285,86.5149,2.3891,84.8261,1.9581,82.8391,10.3369,80.8452,8.8703,78.712,7.4837,76.4245,6.1709,73.9651,5.1615,4039.1773,2772.1876
2025-07-28,3872.11,3941.0,3354.28,3496.74,3821131.0731,94.2203,4.2491,93.7582,3.9301,93.2561,3.6316,92.7084,3.3517,92.1089,3.0887,94.9619,2.9203,94.3335,2.4716,93.6564,2.0495,92.9245,1.6517,92.131,1.2762,95.668,2.1443,95.0086,1.6877,94.2925,1.2602,93.5123,0.8591,92.6588,0.4822,96.1892,1.5684,95.5053,1.1054,94.7585,0.6735,93.9396,0.2697,93.0377,0.0,96.6343,1.2354,95.981,0.7978,95.2656,0.3903,94.4789,0.0099,93.6096,0.0,96.9291,1.054,96.3081,0.6412,95.6269,0.2573,94.876,0.0,94.0444,0.0,97.1686,0.9865,96.5933,0.6133,95.958,0.2675,95.2528,0.0,94.4658,0.0,90.9774,4.9198,89.7256,4.0729,88.3585,3.2829,86.8593,2.5445,85.2077,2.0832,4124.234,2857.2442
2025-08-04,3496.75,4332.6,3490.73,4250.57,3859485.7789,100.0,0.0,100.0,0.0,100.0,0.0,100.0,0.0,100.0,0.0,95.8944,2.3909,95.3886,2.0256,94.8452,1.6812,94.2597,1.3561,93.627,1.0486,96.4476,1.7813,95.9226,1.4057,95.3571,1.0523,94.7463,0.7192,94.0844,0.4045,96.7955,1.3358,96.2349,0.944,95.6277,0.5766,94.9678,0.2314,94.2479,0.0,97.1097,1.0718,96.5594,0.6936,95.9608,0.34,95.3071,0.0086,94.5904,0.0,97.3544,0.9181,96.8301,0.5598,96.2589,0.2251,95.6343,0.0,94.9483,0.0,97.5336,0.8715,97.0452,0.5433,96.5108,0.2376,95.9236,0.0,95.2754,0.0,97.6619,0.8701,97.207,0.5714,96.7063,0.2941,96.1526,0.036,95.5369,0.0,4201.4056,2934.4159
2025-08-11,4250.58,4788.0,4166.77,4472.33,5480879.8797,100.0,0.0,100.0,0.0,100.0,0.0,100.0,0.0,100.0,0.0,100.0,0.0,100.0,0.0,100.0,0.0,100.0,0.0,100.0,0.0,96.9817,1.5202,96.5401,1.2008,96.0658,0.8997,95.5549,0.6154,95.003,0.3464,97.2721,1.1469,96.8031,0.8119,96.2977,0.4968,95.7516,0.1997,95.1596,0.0,97.4999,0.9341,97.0306,0.6054,96.5224,0.2972,95.9704,0.0075,95.3685,0.0,97.6825,0.809,97.2282,0.4939,96.7351,0.1988,96.1981,0.0,95.6109,0.0,97.8442,0.7691,97.4248,0.4804,96.9688,0.2105,96.471,0.0,95.9255,0.0,97.9421,0.7744,97.5501,0.5097,97.1218,0.2629,96.6519,0.0322,96.1339,0.0,4269.0927,3002.1029
2025-08-18,4472.34,4956.78,4060.0,4780.15,5387659.71698,100.0,0.0,100.0,0.0,100.0,0.0,100.0,0.0,100.0,0.0,100.0,0.0,100.0,0.0,100.0,0.0,100.0,0.0,100.0,0.0,100.0,0.0,100.0,0.0,100.0,0.0,100.0,0.0,100.0,0.0,97.6521,0.9919,97.2524,0.7029,96.8229,0.4305,96.3603,0.1732,95.8606,0.0,97.8468,0.81,97.4478,0.5257,97.0176,0.2584,96.5523,0.0066,96.0476,0.0,97.9813,0.7088,97.5898,0.4332,97.1664,0.1746,96.707,0.0,96.2069,0.0,98.107,0.6792,97.7426,0.4248,97.3478,0.1863,96.9185,0.0,96.45,0.0,98.1992,0.6839,97.8621,0.451,97.4959,0.233,97.0965,0.0286,96.6594,0.0,4325.9308,3058.941
2025-08-25,4780.15,4797.97,4257.2,4391.83,4346549.4528,100.0,0.0,100.0,0.0,100.0,0.0,100.0,0.0,100.0,0.0,100.0,0.0,100.0,0.0,100.0,0.0,100.0,0.0,100.0,0.0,100.0,0.0,100.0,0.0,100.0,0.0,100.0,0.0,100.0,0.0,100.0,0.0,100.0,0.0,100.0,0.0,100.0,0.0,100.0,0.0,97.9675,0.7619,97.5883,0.4941,97.1786,0.2427,96.7345,0.0062,96.2515,0.0,98.1029,0.6642,97.7329,0.4057,97.3321,0.1634,96.8963,0.0,96.421,0.0,98.2131,0.6388,97.8669,0.3992,97.4908,0.175,97.081,0.0,96.6325,0.0,98.2979,0.6451,97.9781,0.4252,97.6302,0.2196,97.2504,0.027,96.834,0.0,4370.8383,3103.8486
2025-09-01,4391.83,4491.84,4210.61,4306.19,2982279.2676,100.0,0.0,100.0,0.0,100.0,0.0,100.0,0.0,100.0,0.0,100.0,0.0,100.0,0.0,100.0,0.0,100.0,0.0,100.0,0.0,100.0,0.0,100.0,0.0,100.0,0.0,100.0,0.0,100.0,0.0,100.0,0.0,100.0,0.0,100.0,0.0,100.0,0.0,100.0,0.0,100.0,0.0,100.0,0.0,100.0,0.0,100.0,0.0,100.0,0.0,98.1693,0.6379,97.8092,0.3893,97.4179,0.1566,96.9911,0.0,96.5239,0.0,98.2841,0.6107,97.9489,0.3813,97.5838,0.167,97.1847,0.0,96.7466,0.0,98.3613,0.6182,98.0507,0.4071,97.7118,0.2101,97.3406,0.0258,96.9323,0.0,4403.0519,3136.0622
2025-09-08,4306.19,4769.36,4276.76,4604.49,2909677.3399,100.0,0.0,100.0,0.0,100.0,0.0,100.0,0.0,100.0,0.0,100.0,0.0,100.0,0.0,100.0,0.0,100.0,0.0,100.0,0.0,100.0,0.0,100.0,0.0,100.0,0.0,100.0,0.0,100.0,0.0,100.0,0.0,100.0,0.0,100.0,0.0,100.0,0.0,100.0,0.0,100.0,0.0,100.0,0.0,100.0,0.0,100.0,0.0,100.0,0.0,100.0,0.0,100.0,0.0,100.0,0.0,100.0,0.0,100.0,0.0,98.383,0.5752,98.0668,0.3591,97.7222,0.1573,97.3454,0.0,96.9315,0.0,98.4607,0.5804,98.1686,0.3822,97.8499,0.1972,97.5006,0.0242,97.1163,0.0,4422.1478,3155.1581
2025-09-15,4604.48,4670.28,4412.0,4444.97,2084983.7991,100.0,0.0,100.0,0.0,100.0,0.0,100.0,0.0,100.0,0.0,100.0,0.0,100.0,0.0,100.0,0.0,100.0,0.0,100.0,0.0,100.0,0.0,100.0,0.0,100.0,0.0,100.0,0.0,100.0,0.0,100.0,0.0,100.0,0.0,100.0,0.0,100.0,0.0,100.0,0.0,100.0,0.0,100.0,0.0,100.0,0.0,100.0,0.0,100.0,0.0,100.0,0.0,100.0,0.0,100.0,0.0,100.0,0.0,100.0,0.0,100.0,0.0,100.0,0.0,100.0,0.0,100.0,0.0,100.0,0.0,98.5109,0.5597,98.2266,0.3683,97.9157,0.1899,97.5743,0.0233,97.1976,0.0,4428.0471,3161.0574
2025-09-22,4444.98,4455.76,3815.0,4142.16,3296200.6113,94.0788,3.6123,93.3514,3.1496,92.544,2.7222,91.6427,2.3262,90.6302,1.9583,97.2262,1.4224,96.7987,1.1525,96.3232,0.9035,95.7913,0.6731,95.1922,0.4592,98.4757,0.0,97.9808,0.0,97.4298,0.0,96.8126,0.0,96.1164,0.0,99.6979,0.0,99.3594,0.0,98.9857,0.0,98.5708,0.0,98.1077,0.0,100.0,0.0,100.0,0.0,99.9355,0.0,99.6394,0.0,99.3127,0.0,100.0,0.0,100.0,0.0,100.0,0.0,99.9522,0.0,99.5851,0.0,100.0,0.0,100.0,0.0,100.0,0.0,100.0,0.0,99.7385,0.0,100.0,0.0,100.0,0.0,100.0,0.0,100.0,0.0,100.0,0.0,4421.0042,3154.0144
2025-09-29,4142.16,4618.17,4082.25,4514.32,2997297.5318,92.4316,4.5851,91.4829,3.9922,90.4251,3.446,89.2381,2.9412,87.8968,2.4733,96.6879,1.6919,96.1728,1.3698,95.5984,1.0731,94.9539,0.7989,94.2258,0.5448,98.4423,0.0,97.9442,0.0,97.3941,0.0,96.7832,0.0,96.101,0.0,99.6627,0.0,99.2822,0.0,98.8588,0.0,98.3847,0.0,97.8504,0.0,100.0,0.0,100.0,0.0,99.9281,0.0,99.5955,0.0,99.2245,0.0,100.0,0.0,100.0,0.0,100.0,0.0,99.9516,0.0,99.5793,0.0,100.0,0.0,100.0,0.0,100.0,0.0,100.0,0.0,99.7471,0.0,100.0,0.0,100.0,0.0,100.0,0.0,100.0,0.0,100.0,0.0,4401.5796,3134.5899
2025-10-06,4514.32,4755.0,3435.0,4152.29,5107933.9309,77.3909,14.3864,74.8308,12.7204,72.0064,11.1761,68.8747,9.7406,65.3825,8.4029,90.4105,5.2366,89.0568,4.3537,87.5641,3.5351,85.91,2.774,84.0668,2.0644,95.4846,1.2749,94.4688,0.994,93.3521,0.7371,92.1186,0.5011,90.7491,0.2836,98.4982,0.2781,97.8271,0.107,97.0873,0.0,96.2676,0.0,95.3544,0.0,99.5201,0.0,99.1958,0.0,98.7516,0.0,97.9699,0.0,97.0979,0.0,100.0,0.0,99.9503,0.0,99.6906,0.0,99.346,0.0,98.5999,0.0,100.0,0.0,100.0,0.0,100.0,0.0,100.0,0.0,99.5088,0.0,100.0,0.0,100.0,0.0,100.0,0.0,100.0,0.0,99.8645,0.0,4370.5993,3103.6096
2025-10-13,4152.29,4292.0,3674.5,3982.58,4345072.9585,57.5528,30.767,54.2982,28.1411,50.891,25.6188,47.3201,23.1943,43.5735,20.8619,73.8098,16.9296,71.0556,14.972,68.0843,13.1318,64.8692,11.3987,61.3789,9.7635,86.9404,6.727,85.0331,5.8258,82.9706,4.9959,80.7333,4.2292,78.298,3.5187,93.4956,3.3302,92.1992,2.7768,90.7787,2.3247,89.2155,2.0209,87.4867,1.7416,96.5246,1.7822,95.8204,1.5435,94.9618,1.3246,93.741,1.1231,92.3958,0.9371,97.8323,0.9504,97.3886,0.7104,96.6756,0.4898,95.8235,0.2863,94.4977,0.0982,98.6797,0.4007,98.3899,0.2165,98.0681,0.0464,97.7089,0.0,96.7818,0.0,99.263,0.0049,99.0351,0.0,98.7836,0.0,98.5048,0.0,98.059,0.0,4329.1033,3062.1136
2025-10-20,3982.58,4178.78,3710.0,4158.46,3081488.9408,50.2931,36.9279,47.1255,33.7057,43.9686,30.6687,40.8224,27.8583,37.6868,25.137,65.2648,22.2499,61.8592,19.4274,58.3272,17.0694,54.6617,14.841,50.8549,12.7319,79.5841,9.8714,76.4676,8.4897,73.153,7.2341,69.6207,6.0882,65.8485,5.0383,91.0956,4.2415,89.0507,3.5199,86.8267,2.9332,84.3988,2.5376,81.7377,2.1772,95.7577,2.1296,94.8286,1.836,93.4845,1.5691,91.6771,1.3253,89.6886,1.1019,97.6659,1.0186,97.1841,0.7607,96.4109,0.524,95.4854,0.3061,93.9553,0.1049,98.4998,0.4478,98.1607,0.2411,97.78,0.0515,97.3496,0.0,96.2225,0.0,99.1762,0.0054,98.9165,0.0,98.6273,0.0,98.3031,0.0,97.7841,0.0,4278.2882,3011.2984
2025-10-27,4158.46,4253.72,3680.0,3906.58,2825722.9881,25.9973,63.555,23.7394,60.5202,21.6007,57.1901,19.572,53.6835,17.6451,50.1034,50.1407,36.6648,46.9031,33.3288,43.6892,30.2192,40.499,27.1699,37.3321,24.1793,64.8204,21.7153,61.2668,19.3036,57.6573,17.0522,53.9904,14.9457,50.2649,12.9704,78.8576,12.0245,75.5286,10.4155,71.9814,9.0266,68.194,7.9231,64.1411,6.9174,89.0946,6.137,87.3039,5.3393,85.015,4.6135,82.2051,3.9502,79.1553,3.3417,93.5363,3.4336,92.4969,2.84,91.0904,2.2957,89.4595,1.7948,87.1506,1.3323,95.9159,1.9347,95.2318,1.5079,94.4685,1.1149,93.6116,0.8813,92.0401,0.716,97.1575,0.9053,96.5426,0.6932,95.8576,0.5045,95.0898,0.3311,94.0654,0.1712,4219.4475,2952.4577
2025-11-03,3906.58,3914.29,3057.0,3583.46,5260194.5621,11.7772,83.0453,10.7134,81.4576,9.7227,79.4028,8.798,76.9549,7.9328,74.3629,23.8097,66.0397,21.5769,63.1249,19.4488,59.9193,17.4182,56.6254,15.4787,53.2395,45.6856,41.9175,42.7791,38.9142,39.9492,35.9895,37.1929,33.1405,34.5073,30.3641,59.2152,28.4748,55.6221,25.9063,51.9671,23.5444,48.2485,21.4519,44.4646,19.4976,72.0285,18.3986,68.8673,16.601,65.2621,14.9523,61.2694,13.4347,57.0582,12.0332,82.629,11.1066,80.5961,9.8569,78.1558,8.7043,75.4265,7.638,72.102,6.6485,88.1557,7.3789,86.7487,6.484,85.1872,5.6574,83.4442,5.025,80.9981,4.4928,91.5427,4.9412,90.4504,4.3943,89.2467,3.8958,87.9136,3.4352,86.2996,3.0085,4153.9151,2886.9254
2025-11-10,3583.46,3658.98,3004.0,3095.29,4560190.5842,8.4163,88.1442,7.6907,87.119,7.0092,85.7462,6.3677,84.0742,5.7629,82.3088,9.7247,86.7253,8.9898,85.6013,8.3036,84.0187,7.6616,82.3285,7.0597,80.5191,20.3487,71.5961,18.649,68.8028,17.0421,65.9704,15.5204,63.0982,14.0774,60.1852,38.0577,50.6667,35.4209,47.8926,32.8479,45.1737,30.3362,42.5423,27.8838,39.9858,49.8873,38.0882,46.4968,35.4862,43.0271,33.0204,39.568,30.6806,36.0884,28.4573,61.6923,27.6473,58.4692,25.419,54.9499,23.3321,51.1849,21.3735,47.2066,19.5319,73.0897,19.0265,70.6916,17.3946,68.0762,15.8712,65.2125,14.5613,61.8742,13.3869,79.8301,13.9516,77.9437,12.8067,75.889,11.7499,73.6425,10.7674,71.0993,9.8518,4083.0142,2816.0244
2025-11-17,3095.29,3223.38,2623.57,2802.16,5034566.9119,0.0,100.0,0.0,100.0,0.0,99.7038,0.0,99.1379,0.0,98.5251,7.255,90.2311,6.7258,89.444,6.2291,88.2988,5.762,87.0788,5.3218,85.7765,8.448,88.4341,7.8534,86.7372,7.3002,84.9586,6.7842,83.0924,6.3018,81.1317,17.7253,73.7789,16.181,71.3701,14.7166,68.8738,13.326,66.2678,12.0038,63.6432,32.9266,56.1045,30.2187,53.4267,27.6699,50.7965,25.3352,48.2127,23.0657,45.6739,43.3157,44.7667,40.04,42.0642,36.7169,39.4604,33.3296,36.9499,30.1094,34.5278,54.0191,34.8391,50.7961,32.4217,47.3641,30.1289,43.7019,28.0307,39.9444,26.0828,65.2326,25.7632,62.6008,23.937,59.7848,22.2282,56.7645,20.623,53.5041,19.1123,4008.0161,2741.0263
2025-11-24,2802.16,3099.0,2763.0,2991.26,2529724.5125,0.0,100.0,0.0,100.0,0.0,99.7307,0.0,99.2126,0.0,98.6467,0.0,100.0,0.0,99.9566,0.0,99.5405,0.0,99.0855,0.0,98.586,7.2512,90.2122,6.7544,89.2196,6.2905,88.1531,5.8562,87.0043,5.4488,85.7632,8.0785,86.2682,7.3344,84.4516,6.6429,82.4752,5.9987,80.2731,5.397,77.9841,18.1196,72.4254,16.0621,69.8626,14.3096,67.2636,12.8841,64.6276,11.5362,61.9537,32.0326,56.6359,29.1695,53.862,26.4238,51.111,23.7318,48.3827,21.3828,45.6769,41.5024,46.3068,38.1926,43.4968,34.7669,40.773,31.2192,38.1779,27.8715,35.7015,51.3205,37.099,48.0628,34.5915,44.6377,32.2154,41.0319,29.9589,37.2787,27.8132,3930.1101,2663.1204
2025-12-01,2991.25,3240.35,2716.04,3059.85,3494312.3852,0.0,100.0,0.0,100.0,0.0,99.7269,0.0,99.1961,0.0,98.6075,0.0,100.0,0.0,99.9591,0.0,99.5657,0.0,99.1329,0.0,98.6544,0.0,99.8259,0.0,99.483,0.0,99.1053,0.0,98.6874,0.0,98.2223,7.2072,88.9154,6.5519,87.6612,5.9414,86.2401,5.3713,84.5686,4.8378,82.7819,9.2512,83.7466,7.9196,81.6479,6.935,79.4538,6.2899,77.1576,5.6921,74.7519,19.3874,70.357,17.0026,67.6536,14.8708,64.8907,12.8634,62.0663,11.346,59.1783,32.1526,55.8868,29.1142,52.944,26.0563,50.0196,22.9784,47.1259,20.2944,44.2841,41.0171,46.3844,37.6572,43.4628,34.2063,40.6425,30.6607,37.9178,27.1011,35.2839,3850.3857,2583.3959
2025-12-08,3059.86,3447.44,3024.44,3063.5,2951590.4138,0.0,100.0,0.0,100.0,0.0,100.0,0.0,100.0,0.0,100.0,0.0,100.0,0.0,99.9588,0.0,99.5601,0.0,99.1165,0.0,98.6198,0.0,99.8355,0.0,99.5105,0.0,99.1511,0.0,98.7515,0.0,98.3046,0.0,99.1038,0.0,98.693,0.0,98.1381,0.0,97.3114,0.0,96.3973,7.7438,87.2559,6.8918,85.6408,6.2723,83.9124,5.6981,82.0583,5.1645,80.0644,10.9303,81.2188,9.2506,78.9954,7.8794,76.6506,6.6445,74.1742,5.9299,71.5548,20.6346,68.2695,18.0049,65.3417,15.4293,62.3482,12.9062,59.2416,10.9697,56.0829,32.517,54.9516,29.3677,51.8252,26.2117,48.7392,23.049,45.6937,19.9863,42.688,3769.8247,2502.835
2025-12-15,3063.49,3177.5,2775.19,3002.02,2777418.4113,0.0,100.0,0.0,100.0,0.0,100.0,0.0,100.0,0.0,100.0,0.0,100.0,0.0,100.0,0.0,100.0,0.0,100.0,0.0,100.0,0.0,99.8384,0.0,99.5178,0.0,99.1614,0.0,98.7629,0.0,98.3144,0.0,99.1647,0.0,98.7812,0.0,98.3557,0.0,97.8807,0.0,97.3473,0.2113,97.5751,0.0,96.7031,0.0,95.745,0.0,94.6872,0.0,93.5135,8.7234,85.7677,7.6183,84.1237,6.7976,82.3471,6.0346,80.4212,5.4013,78.3265,12.3019,78.8982,10.3506,76.4104,8.4857,73.7889,6.7014,70.9103,5.572,67.8622,21.5286,66.6736,18.7471,63.4621,16.0283,60.209,13.3701,56.917,10.9083,53.5852,3689.3039,2422.3142
2025-12-22,3002.03,3077.39,2888.7,2950.91,1609371.7017,0.0,100.0,0.0,100.0,0.0,100.0,0.0,100.0,0.0,100.0,0.0,100.0,0.0,100.0,0.0,100.0,0.0,100.0,0.0,100.0,0.0,100.0,0.0,100.0,0.0,100.0,0.0,100.0,0.0,100.0,0.0,99.1885,0.0,98.8142,0.0,98.3975,0.0,97.9309,0.0,97.4048,0.1962,98.6374,0.0,98.2658,0.0,97.8511,0.0,97.3853,0.0,96.8584,1.0378,96.1305,0.5331,95.2404,0.3093,94.2538,0.1042,93.1541,0.0,91.9206,9.6226,84.1628,8.3142,82.3065,7.0859,80.2997,5.9306,77.9698,5.1007,75.4052,13.3881,77.0398,11.2727,74.167,9.2532,71.1704,7.3233,68.0484,5.627,64.7929,3609.6027,2342.6129
2025-12-29,2950.91,3167.22,2910.25,3144.7,1828233.119,0.1499,98.6525,0.0,98.2588,0.0,97.8121,0.0,97.301,0.0,96.7105,0.0,100.0,0.0,100.0,0.0,99.9552,0.0,99.7274,0.0,99.4677,0.0,100.0,0.0,100.0,0.0,100.0,0.0,100.0,0.0,99.6278,0.0,100.0,0.0,100.0,0.0,100.0,0.0,100.0,0.0,99.573,0.1965,98.6213,0.0,98.2396,0.0,97.8107,0.0,97.3251,0.0,96.3494,0.749,98.0347,0.5134,97.6369,0.298,97.1869,0.1004,96.6735,0.0,96.0825,2.1388,94.4233,1.4567,93.3281,0.8287,92.1057,0.2486,90.4774,0.0,88.5571,10.6824,82.041,9.1647,79.6434,7.7444,77.0691,6.4124,74.3064,5.3039,71.3339,3531.4146,2264.4248
2026-01-05,3144.71,3308.86,3054.65,3123.45,1966226.1958,0.2328,97.7398,0.0,96.7197,0.0,95.5321,0.0,94.1321,0.0,92.457,0.0,100.0,0.0,100.0,0.0,99.9391,0.0,99.6244,0.0,99.2547,0.0,100.0,0.0,100.0,0.0,100.0,0.0,100.0,0.0,99.5771,0.0,100.0,0.0,100.0,0.0,100.0,0.0,100.0,0.0,99.5564,0.0,100.0,0.0,100.0,0.0,100.0,0.0,100.0,0.0,99.5375,0.7438,98.0443,0.5095,97.6468,0.2957,97.1964,0.0996,96.6818,0.0,96.0882,1.1008,97.2162,0.7785,96.6587,0.4849,96.0236,0.2165,94.9996,0.0,93.7046,3.0999,92.7941,2.2964,91.1526,1.5597,89.3254,0.882,87.2928,0.4156,85.0182,3455.3583,2188.3685
2026-01-12,3123.46,3402.89,3065.55,3284.03,2170190.7821,10.6053,81.897,9.3152,79.1776,8.3822,76.1335,7.5433,72.7029,6.7848,68.8073,5.0368,91.9766,4.4972,90.9196,4.0143,89.5999,3.5797,87.7483,3.1863,85.5329,2.3369,95.9902,2.0198,95.4293,1.7321,94.7863,1.4698,94.0416,1.2296,92.704,1.2337,97.7358,1.0346,97.3976,0.8529,97.0143,0.6864,96.5761,0.5332,95.6228,0.4863,98.4136,0.2724,98.0554,0.0766,97.651,0.0,97.1909,0.0,96.2303,0.0,98.7483,0.0,98.3027,0.0,97.7982,0.0,97.2224,0.0,96.5591,1.1152,96.2175,0.7878,95.1714,0.4902,94.0018,0.2187,92.6852,0.0,91.1922,1.6291,95.8311,1.2772,94.3514,0.9594,92.6939,0.6709,90.8403,0.4079,88.7536,3381.9859,2114.9961
2026-01-19,3284.04,3284.58,2787.0,2816.89,2620852.7895,10.8026,82.9053,9.6327,80.789,8.7862,78.5326,8.0051,76.1215,7.282,73.5394,5.7066,91.1078,5.1159,90.0134,4.5832,88.6664,4.1003,86.8,3.6607,84.6218,2.8706,94.9889,2.4732,94.2546,2.1147,93.4021,1.7897,92.4004,1.4936,90.6368,1.3863,97.4321,1.1606,97.0395,0.9552,96.5916,0.7676,96.0758,0.5954,94.9674,0.495,98.3917,0.2774,98.031,0.0781,97.6248,0.0,97.1641,0.0,96.2015,0.0,98.8107,0.0,98.3931,0.0,97.9241,0.0,97.3936,0.0,96.7886,0.0,99.0503,0.0,98.5538,0.0,97.994,0.0,97.3579,0.0,96.6289,1.5242,96.1555,1.1985,95.1342,0.9026,93.9896,0.6328,92.6979,0.3856,91.2289,3311.7862,2044.7964
2026-01-26,2816.9,3045.78,2222.0,2270.15,4754809.2738,7.6344,88.5269,6.8915,87.2662,6.3691,85.9559,5.8747,84.593,5.406,83.1743,4.7415,93.1191,4.3096,92.4503,3.9097,91.6512,3.5384,90.5381,3.1927,89.3126,2.7044,95.4821,2.3496,94.8953,2.0244,94.2352,1.7252,93.487,1.449,92.1367,1.4513,97.3327,1.2168,96.9328,1.0029,96.4791,0.8068,95.96,0.6266,94.8406,0.4975,98.3952,0.2793,98.04,0.0787,97.642,0.0,97.1932,0.0,96.2529,0.0,98.9048,0.0,98.5282,0.0,98.11,0.0,97.6428,0.0,97.1177,0.0,99.1698,0.0,98.7446,0.0,98.2723,0.0,97.7446,0.0,97.1511,0.0,99.4291,0.0,98.9946,0.0,98.5079,0.0,97.9588,0.0,97.3346,3245.1828,1978.1931
2026-02-02,2270.16,2396.62,1747.8,2089.74,9514429.9807,5.8761,91.1511,5.305,90.162,4.9084,89.1304,4.5322,88.0534,4.1748,86.9282,3.9136,94.5333,3.5853,94.0715,3.2767,93.5247,2.986,92.7507,2.7118,91.9201,2.3976,96.1331,2.0978,95.6793,1.8192,95.1805,1.5597,94.6299,1.3173,93.6029,1.382,97.5191,1.164,97.1688,0.9634,96.7778,0.7781,96.3384,0.6065,95.3701,0.5106,98.3605,0.2869,98.0005,0.0809,97.5985,0.0,97.1467,0.0,96.1994,0.0,98.9183,0.0,98.5483,0.0,98.1387,0.0,97.6826,0.0,97.1717,0.0,99.2348,0.0,98.8475,0.0,98.4207,0.0,97.9482,0.0,97.4221,0.0,99.4989,0.0,99.1232,0.0,98.7081,0.0,98.2469,0.0,97.7315,3182.5273,1915.5376
2026-02-09,2089.73,2147.73,1897.24,1966.58,3638028.3128,4.8314,92.5497,4.3409,91.6558,4.0004,90.7094,3.6799,89.7057,3.3776,88.6392,3.3607,95.3448,3.0843,94.964,2.8235,94.5133,2.5771,93.8699,2.3439,93.1823,2.1239,96.6459,1.8664,96.2761,1.6251,95.8752,1.3986,95.4391,1.1855,94.6044,1.2758,97.7614,1.0796,97.4636,0.8973,97.1361,0.7276,96.7743,0.5691,95.9561,0.4929,98.4391,0.2776,98.1045,0.0785,97.7343,0.0,97.3225,0.0,96.4527,0.0,98.8981,0.0,98.5215,0.0,98.1049,0.0,97.6412,0.0,97.1222,0.0,99.2449,0.0,98.8636,0.0,98.4443,0.0,97.9809,0.0,97.4662,0.0,99.5348,0.0,99.1883,0.0,98.8077,0.0,98.3874,0.0,97.9212,3124.089,1857.0992
2026-02-16,1966.59,2039.05,1907.0,1957.82,2172244.0174,3.9,94.6,3.5916,94.024,3.3031,93.4019,3.0326,92.7278,2.7784,91.9951,3.0404,95.7404,2.7835,95.3764,2.5424,94.9439,2.3156,94.3268,2.1018,93.6615,1.965,96.9183,1.7293,96.5857,1.5078,96.2266,1.2993,95.8378,1.1026,95.0857,1.1949,97.9277,1.0135,97.6604,0.8443,97.3686,0.686,97.0489,0.5377,96.315,0.4723,98.521,0.2667,98.2104,0.0756,97.8692,0.0,97.4927,0.0,96.6923,0.0,98.9195,0.0,98.5534,0.0,98.15,0.0,97.7034,0.0,97.2062,0.0,99.2215,0.0,98.8273,0.0,98.393,0.0,97.9119,0.0,97.3762,0.0,99.5353,0.0,99.189,0.0,98.8084,0.0,98.3882,0.0,97.9217,3070.0437,1803.054
2026-02-23,1957.82,2148.39,1800.0,1939.71,3527751.3736,3.4485,95.1804,3.1672,94.7593,2.9054,94.2977,2.6611,93.7897,2.4327,93.2279,2.6783,96.2063,2.4465,95.8685,2.2297,95.5009,2.0267,95.0994,1.8361,94.659,1.8596,97.0691,1.6348,96.7479,1.424,96.4002,1.2259,96.0223,1.0395,95.2931,1.1434,98.0247,0.9706,97.7726,0.8092,97.4981,0.658,97.1982,0.516,96.5055,0.4547,98.5884,0.2572,98.2965,0.073,97.9777,0.0,97.628,0.0,96.8804,0.0,98.9521,0.0,98.6,0.0,98.2139,0.0,97.7884,0.0,97.3174,0.0,99.2257,0.0,98.8346,0.0,98.4044,0.0,97.929,0.0,97.4008,0.0,99.5191,0.0,99.1597,0.0,98.7637,0.0,98.3251,0.0,97.8366,3020.4648,1753.4751
2026-03-02,1939.71,2199.0,1916.14,1937.1,3243786.1647,0.0,100.0,0.0,100.0,0.0,100.0,0.0,100.0,0.0,100.0,2.4583,96.4832,2.2409,96.1586,2.0385,95.803,1.8496,95.4119,1.6728,94.9797,1.7078,97.294,1.4997,96.9926,1.305,96.6652,1.1224,96.3082,0.9508,95.9174,1.1128,98.0753,0.9444,97.8289,0.7872,97.5604,0.6399,97.2667,0.5018,96.5887,0.4446,98.623,0.2516,98.3393,0.0715,98.03,0.0,97.6912,0.0,96.9656,0.0,98.9789,0.0,98.6379,0.0,98.265,0.0,97.8557,0.0,97.4042,0.0,99.2375,0.0,98.8541,0.0,98.4335,0.0,97.9703,0.0,97.4574,0.0,99.5169,0.0,99.1561,0.0,98.7585,0.0,98.3184,0.0,97.8284,2975.3179,1708.3281
2026-03-09,1937.11,2209.03,1929.65,2178.3,2797789.9912,0.0,99.5167,0.0,99.2278,0.0,98.9073,0.0,98.5499,0.0,98.1487,0.0,100.0,0.0,100.0,0.0,99.5686,0.0,99.0184,0.0,98.4123,1.6809,97.291,1.4709,96.9737,1.2757,96.6125,1.0939,95.5607,0.924,94.4291,1.096,98.0917,0.9289,97.843,0.7732,97.5708,0.6278,97.2718,0.4918,96.5124,0.4572,98.5734,0.2583,98.2756,0.0733,97.9493,0.0,97.5901,0.0,96.8242,0.0,98.9492,0.0,98.5971,0.0,98.2115,0.0,97.7874,0.0,97.3186,0.0,99.2203,0.0,98.8276,0.0,98.3965,0.0,97.9212,0.0,97.3944,0.0,99.5038,0.0,99.1325,0.0,98.7229,0.0,98.2686,0.0,97.7621,2934.462,1667.4722
2026-03-16,2178.29,2386.02,2026.0,2053.89,3064342.6445,0.0,99.3961,0.0,99.0282,0.0,98.6141,0.0,98.1445,0.0,97.6074,0.0,100.0,0.0,100.0,0.0,99.5436,0.0,98.9591,0.0,98.3116,0.0,100.0,0.0,100.0,0.0,99.9864,0.0,99.2624,0.0,98.4733,1.0613,98.1406,0.8984,97.8943,0.7469,97.6236,0.6058,97.325,0.474,96.571,0.4443,98.6165,0.2512,98.3287,0.0713,98.0138,0.0,97.6677,0.0,97.2854,0.0,98.9353,0.0,98.5775,0.0,98.185,0.0,97.7526,0.0,97.2738,0.0,99.2125,0.0,98.8159,0.0,98.3807,0.0,97.9008,0.0,97.369,0.0,99.5011,0.0,99.1283,0.0,98.7174,0.0,98.2624,0.0,97.7557,2897.658,1630.6683
2026-03-23,2053.9,2199.02,1938.82,1984.64,2261296.1275,0.0,99.2252,0.0,98.7472,0.0,98.2036,0.0,97.5797,0.0,96.8564,0.0,100.0,0.0,100.0,0.0,99.4489,0.0,98.7361,0.0,97.9373,0.0,100.0,0.0,100.0,0.0,99.9859,0.0,99.2343,0.0,98.4127,0.0,100.0,0.0,100.0,0.0,100.0,0.0,100.0,0.0,99.5575,0.4304,98.6603,0.2433,98.3819,0.069,98.0773,0.0,97.7426,0.0,97.3731,0.0,98.9703,0.0,98.626,0.0,98.2494,0.0,97.8357,0.0,97.3791,0.0,99.2081,0.0,98.8098,0.0,98.3728,0.0,97.8914,0.0,97.3584,0.0,99.4993,0.0,99.1255,0.0,98.7141,0.0,98.2591,0.0,97.753,2864.5838,1597.5941
2026-03-30,1984.65,2167.85,1980.28,2110.17,1886426.9467,0.0,97.8259,0.0,96.6365,0.0,95.2873,0.0,93.7437,0.0,91.9605,0.0,100.0,0.0,100.0,0.0,99.2584,0.0,98.2834,0.0,97.0663,0.0,100.0,0.0,100.0,0.0,99.9825,0.0,99.0466,0.0,98.0095,0.0,100.0,0.0,100.0,0.0,100.0,0.0,100.0,0.0,99.5241,0.0,100.0,0.0,100.0,0.0,100.0,0.0,100.0,0.0,100.0,0.0,98.974,0.0,98.6313,0.0,98.2565,0.0,97.8449,0.0,97.3908,0.0,99.2124,0.0,98.8168,0.0,98.3834,0.0,97.9065,0.0,97.3792,0.0,99.485,0.0,99.1001,0.0,98.6758,0.0,98.2056,0.0,97.6819,2834.8546,1567.8649
2026-04-06,2110.17,2329.93,2060.24,2191.65,2242026.0529,5.6202,87.6709,4.824,85.0722,4.1081,82.242,3.4608,79.1478,2.8727,75.7509,2.0212,95.9242,1.6457,95.2066,1.3085,93.464,1.004,91.3297,0.7277,88.7848,0.4779,98.5306,0.2903,98.1974,0.1202,97.7934,0.0,96.1978,0.0,94.422,0.0,99.7923,0.0,99.6274,0.0,99.4417,0.0,99.2312,0.0,98.4103,0.0,100.0,0.0,100.0,0.0,100.0,0.0,100.0,0.0,99.9196,0.0,100.0,0.0,100.0,0.0,100.0,0.0,100.0,0.0,99.7373,0.0,99.2038,0.0,98.8039,0.0,98.3657,0.0,97.7566,0.0,96.826,0.0,99.481,0.0,99.0935,0.0,98.667,0.0,98.1952,0.0,97.4424,2808.0475,1541.0578
2026-04-13,2191.64,2464.91,2175.68,2263.27,2480689.3666,21.4854,66.4228,19.2482,62.9057,17.1574,59.3625,15.1989,55.7931,13.3607,52.1971,8.8033,84.7839,7.5918,82.6267,6.4931,79.3707,5.4922,75.6787,4.5767,71.5687,3.6047,92.9319,2.9557,91.756,2.3686,90.3747,1.8782,87.5571,1.5684,84.4485,1.399,97.1107,1.1631,96.5003,0.9491,95.8065,0.754,95.0109,0.5754,93.4275,0.5323,98.7499,0.3916,98.518,0.2626,98.2574,0.1439,97.9623,0.0342,97.5325,0.0,99.5285,0.0,99.3724,0.0,99.1997,0.0,99.0076,0.0,98.5183,0.0,99.8583,0.0,99.6337,0.0,99.3868,0.0,98.9821,0.0,98.2623,0.0,99.4703,0.0,98.8297,0.0,98.0547,0.0,97.2099,0.0,96.0656,2783.7262,1516.7364
2026-04-20,2263.28,2423.75,2259.67,2369.44,1670617.3202,53.2637,34.684,49.9906,32.1961,46.7466,29.8597,43.5314,27.6613,40.3444,25.5892,25.2072,62.8737,22.7133,59.2899,20.377,55.2476,18.1837,51.0996,16.1207,46.9014,12.2958,79.7019,10.7472,77.0812,9.3325,74.0967,8.0833,69.9309,7.0924,65.504,6.3192,89.2842,5.539,87.698,4.832,85.8934,4.1885,83.8218,3.6003,80.8324,3.4055,94.1501,2.9319,93.3506,2.4991,92.446,2.1021,91.4142,1.7366,90.1304,1.7286,96.7134,1.5238,96.2097,1.3357,95.6489,1.1626,95.0206,1.0025,94.0195,1.0401,98.0822,0.8923,97.6268,0.7555,97.1278,0.6285,96.4481,0.5104,95.4329,0.4765,98.6666,0.3032,98.1593,0.1426,97.5293,0.0,96.8405,0.0,95.8659,2761.4644,1494.4747
2026-04-27,2369.45,2404.37,2220.36,2322.65,1438313.9194,59.7875,30.3177,56.9048,28.2369,53.9178,26.2701,50.8206,24.4083,47.607,22.6431,44.2053,41.5608,40.7509,37.8944,37.3368,34.6985,33.9621,31.767,30.6262,29.0954,21.5309,65.7161,18.9026,61.8183,16.4527,57.5506,14.2204,52.7483,12.3264,47.9285,10.8874,81.08,9.4114,78.3118,8.0709,75.1863,6.8482,71.6295,5.7283,67.1368,5.7346,89.5181,4.8254,87.9453,3.9975,86.1537,3.2404,84.0941,2.5455,81.6048,2.7763,94.2652,2.3198,93.3007,1.9029,92.2179,1.5209,90.9938,1.1898,89.2763,1.4332,96.8406,1.1222,96.0895,0.8676,95.2624,0.7188,94.2008,0.5815,92.7308,0.5087,98.174,0.3234,97.4864,0.152,96.6598,0.0,95.7606,0.0,94.5557,2740.8663,1473.8766
2026-05-04,2322.65,2423.74,2265.61,2371.27,2679435.9611,76.2913,16.7107,73.8687,15.4429,71.2522,14.2775,68.4175,13.2025,65.336,12.2079,54.9985,34.5186,52.0828,32.1577,49.0327,29.8887,45.8389,27.7062,42.4909,25.69,37.9194,45.8848,34.1612,41.5177,30.5094,37.0242,27.011,33.2431,23.8136,29.709,19.4247,67.684,16.9142,63.5485,14.6058,58.9998,12.4761,53.9727,10.5051,48.4318,10.3271,81.3999,8.7322,78.6792,7.2769,75.592,5.9436,72.0589,4.7177,67.9079,5.2863,89.4093,4.4012,87.669,3.5965,85.7048,2.8617,83.4705,2.2125,80.5906,2.7719,94.055,2.1853,92.8085,1.6841,91.4284,1.3235,89.7332,0.9921,87.5351,1.1691,96.5622,0.8042,95.5449,0.4676,94.3503,0.1641,93.0491,0.0433,91.3871,2721.581,1454.5912
2026-05-11,2371.26,2374.92,2091.48,2131.0,1668021.6709,78.0639,14.5615,75.5091,13.2268,72.7555,11.9989,69.779,10.8655,66.5513,9.8162,56.6693,32.4616,53.65,30.0108,50.4935,27.6542,47.1901,25.3866,43.7294,23.2989,38.2819,48.9129,35.0523,45.7397,31.8111,42.5776,28.6092,39.4266,25.6012,36.2865,24.6162,60.1495,21.5418,55.476,18.6878,50.4368,16.0312,44.9874,13.5522,39.4263,12.7797,76.8164,10.7911,73.3619,8.9814,69.4222,7.3274,64.8872,5.8099,59.5652,6.3843,86.9741,5.2933,84.7432,4.3092,82.193,3.4171,79.2497,2.6333,75.4819,3.2846,92.7871,2.5772,91.2178,1.9773,89.4562,1.547,87.2799,1.155,84.464,1.3394,95.9905,0.9178,94.7807,0.5318,93.3509,0.186,91.7785,0.0489,89.7678,2703.3121,1436.3224
2026-05-18,2131.0,2157.5,2009.3,2099.85,1760879.1181,65.5029,25.4416,62.9002,23.465,60.1369,21.5862,57.1976,19.7982,54.0649,18.0945,60.4232,27.858,57.1753,25.2097,53.7833,22.6613,50.2373,20.2071,46.5265,17.9653,41.367,46.4912,38.1822,43.5968,34.9341,40.7558,31.6688,37.9665,28.5416,35.2277,25.6245,61.0532,22.7269,57.2713,19.966,53.3436,17.3324,49.2614,14.8175,45.0156,15.7866,71.6027,13.3517,67.4623,11.129,62.7683,9.0918,57.4018,7.2178,51.2002,7.7414,84.0149,6.3988,81.2032,5.1949,77.9617,4.1091,74.1838,3.1591,69.4067,3.8928,91.2765,3.0422,89.3212,2.3252,87.1009,1.8122,84.3484,1.3483,80.8053,1.5637,95.2174,1.0667,93.7407,0.6154,91.9823,0.2144,90.0259,0.0561,87.5214,2685.8221,1418.8323
2026-05-25,2099.86,2141.98,1967.0,2007.01,1625638.7116,49.6099,40.0845,46.9027,37.6314,44.1399,35.2249,41.3198,32.8635,38.4407,30.5461,50.3485,38.4989,47.3461,35.9069,44.25,33.3868,41.0558,30.9357,37.7586,28.5507,42.6016,44.8009,39.3043,41.7915,35.9444,38.8352,32.5673,35.9306,29.3284,33.0763,27.1128,60.8194,24.3232,57.5989,21.6049,54.3456,18.9553,51.059,16.3718,47.7386,16.0915,72.6582,13.7655,69.2315,11.5952,65.4919,9.5653,61.3943,7.6627,56.8499,9.1072,81.3001,7.5296,78.0544,6.1142,74.3284,4.8372,70.0071,3.719,64.6577,4.5356,89.7291,3.5369,87.3999,2.6977,84.7429,2.0977,81.456,1.5574,77.269,1.7979,94.4151,1.2224,92.6649,0.7032,90.5719,0.2443,88.2264,0.0638,85.2292,2668.9311,1401.9413
2026-06-01,2007.02,2021.5,1505.68,1690.51,4438132.5315,27.9478,63.5298,25.9069,61.3047,23.9,59.0399,21.9264,56.7341,19.9852,54.3863,32.1722,58.6447,29.9087,56.316,27.6579,53.974,25.4198,51.6184,23.1941,49.2493,30.3229,59.4928,27.7576,56.9658,25.1844,54.4464,22.6548,51.9346,20.3103,49.4302,23.5827,66.4377,21.2419,63.794,18.9426,61.1404,16.6839,58.4767,14.4646,55.8029,14.7379,76.2515,12.7512,73.6891,10.8562,70.9817,9.0465,68.1167,7.3167,65.0177,8.3195,83.9195,6.963,81.4924,5.7173,78.8192,4.5693,75.8603,3.5459,72.2379,4.7518,89.4567,3.7195,87.1576,2.8464,84.5744,2.2195,81.4233,1.652,77.4628,1.9173,94.0775,1.3047,92.2412,0.7511,90.057,0.2611,87.6249,0.0682,84.5401,2652.513,1385.5232
2026-06-08,1690.5,1732.28,1603.44,1725.62,1920123.1213,12.9786,80.7022,11.578,78.9149,10.2396,77.0312,8.9592,75.043,7.7333,72.9415,21.6499,70.7563,19.8988,68.6955,18.2012,66.5628,16.5547,64.3546,14.957,62.0667,23.4887,68.1098,21.4948,65.896,19.541,63.6339,17.626,61.3219,15.7487,58.9583,20.0205,71.127,17.9831,68.7246,15.9929,66.2932,14.0483,63.8323,12.1477,61.3413,14.4423,77.3439,12.5708,75.0869,10.7645,72.7385,9.02,70.2931,7.3342,67.6771,8.245,84.5913,6.9491,82.446,5.7428,80.1331,4.6172,77.6321,3.6031,74.586,4.6331,90.0701,3.6511,88.0335,2.8112,85.7963,2.2045,83.1094,1.6492,79.7618,2.0576,93.6839,1.4016,91.749,0.8076,89.4619,0.281,86.9331,0.0734,83.7524,2636.4882,1369.4984
2026-06-15,1725.63,1849.54,1671.79,1706.94,1913324.3158,6.3756,90.2385,5.6716,89.2135,5.0135,88.0982,4.3968,86.8801,3.8179,85.5444,10.727,83.9482,9.5764,82.4012,8.4866,80.7506,7.453,78.9855,6.4712,77.0937,16.8897,76.3026,15.3576,74.4079,13.8854,72.4253,12.4697,70.3485,11.1073,68.1707,16.9355,75.4418,15.1685,73.3843,13.4522,71.2601,11.7844,69.0659,10.163,66.7983,13.1563,79.4827,11.4669,77.4751,9.832,75.3932,8.249,73.2327,6.7155,70.9171,8.3399,84.762,7.0625,82.7549,5.8626,80.6204,4.7332,78.3461,3.708,75.5846,4.6917,90.1666,3.7137,88.2312,2.8711,86.1358,2.2597,83.645,1.6962,80.563,2.0478,93.858,1.4012,92.0333,0.8106,89.9027,0.2831,87.5844,0.0742,84.6948,2620.8158,1353.826
2026-06-22,1706.94,1779.9,1512.0,1571.96,2002783.4801,0.0,100.0,0.0,100.0,0.0,100.0,0.0,100.0,0.0,100.0,5.1727,92.0915,4.6057,91.2603,4.0762,90.3544,3.5806,89.3632,3.1158,88.274,8.1672,87.4926,7.2369,86.2208,6.3582,84.8584,5.527,83.3953,4.7394,81.8199,12.2925,81.9203,11.0031,80.2924,9.7687,78.5808,8.5859,76.779,7.4513,74.8797,11.144,82.5086,9.6987,80.7632,8.3041,78.9466,6.9575,77.0544,5.6566,75.0817,7.5959,86.4231,6.4665,84.7301,5.3946,82.9524,4.3759,81.0836,3.4436,78.7917,4.6433,90.4815,3.6922,88.6815,2.8666,86.7586,2.265,84.4913,1.7064,81.6953,2.0336,94.0208,1.397,92.2902,0.8112,90.2894,0.2843,88.1407,0.0747,85.4801,2605.4845,1338.4948
2026-06-29,1571.96,1807.65,1550.2,1780.17,1993884.904,0.0,100.0,0.0,100.0,0.0,99.2207,0.0,98.3079,0.0,97.2996,0.0,100.0,0.0,100.0,0.0,100.0,0.0,100.0,0.0,99.1944,4.6415,92.887,4.1397,92.1194,3.6741,91.2735,3.2411,90.3369,2.8374,89.1704,6.6084,89.1889,5.7207,87.938,4.8865,86.5879,4.101,85.1264,3.3601,83.5391,9.5408,85.053,8.3587,83.5019,7.2345,81.8566,6.1639,80.1079,5.1433,78.2461,7.3337,86.8763,6.2426,85.2346,5.2074,83.5097,4.2237,81.695,3.3236,79.7835,4.721,90.4428,3.7638,88.6781,2.9292,86.8076,2.3195,84.6137,1.751,81.9178,2.1798,93.6213,1.4985,91.7933,0.8707,89.6906,0.3053,87.4446,0.0803,84.6821,2590.505,1323.5152
