close_date,open,high,low,close,volume,bull_7_0.10,bear_7_0.10,bull_7_0.15,bear_7_0.15,bull_7_0.20,bear_7_0.20,bull_7_0.25,bear_7_0.25,bull_8_0.10,bear_8_0.10,bull_8_0.15,bear_8_0.15,bull_8_0.20,bear_8_0.20,bull_8_0.25,bear_8_0.25,bull_9_0.10,bear_9_0.10,bull_9_0.15,bear_9_0.15,bull_9_0.20,bear_9_0.20,bull_9_0.25,bear_9_0.25,bull_10_0.10,bear_10_0.10,bull_10_0.15,bear_10_0.15,bull_10_0.20,bear_10_0.20,bull_10_0.25,bear_10_0.25
2017-08-14,4261.48,4485.39,3850.0,4086.29,2843.431426,,,,,,,,,,,,,,,,,,,,,,,,,,,,,,,,
2017-08-21,4069.13,4453.91,3400.0,4310.01,4599.396629,,,,,,,,,,,,,,,,,,,,,,,,,,,,,,,,
2017-08-28,4310.01,4939.19,4124.54,4509.08,4753.843376,,,,,,,,,,,,,,,,,,,,,,,,,,,,,,,,
2017-09-04,4505.0,4788.59,3603.0,4130.37,6382.787745,,,,,,,,,,,,,,,,,,,,,,,,,,,,,,,,
2017-09-11,4153.62,4394.59,2817.0,3699.99,8106.705127,,,,,,,,,,,,,,,,,,,,,,,,,,,,,,,,
2017-09-18,3690.0,4123.2,3505.55,3660.02,5908.32335,,,,,,,,,,,,,,,,,,,,,,,,,,,,,,,,
2017-09-25,3660.02,4406.52,3653.69,4378.48,5782.305424,,,,,,,,,,,,,,,,,,,,,,,,,,,,,,,,
2017-10-02,4400.0,4658.0,4110.0,4640.0,4708.272956,,,,,,,,,,,,,,,,,,,,,,,,,,,,,,,,
2017-10-09,4640.0,5922.3,4550.0,5709.99,7913.925837,,,,,,,,,,,,,,,,,,,,,,,,,,,,,,,,
2017-10-16,5710.0,6171.0,5037.95,5950.02,12157.769447,,,,,,,,,,,,,,,,,,,,,,,,,,,,,,,,
2017-10-23,5975.0,6189.88,5286.98,6169.98,13133.99457,,,,,,,,,,,,,,,,,,,,,,,,,,,,,,,,
2017-10-30,6133.01,7590.25,6030.0,7345.01,11663.209648,,,,,,,,,,,,,,,,,,,,,,,,,,,,,,,,
2017-11-06,7345.1,7770.02,5325.01,5811.03,18916.3199,,,,,,,,,,,,,,,,,,,,,,,,,,,,,,,,
2017-11-13,5839.94,8123.15,5699.99,8038.0,19791.101011,98.9715,0.0,98.1783,0.0,97.3294,0.0,96.4185,0.0,,,,,,,,,,,,,,,,,,,,,,,,
2017-11-20,8057.11,9350.0,7801.0,9128.02,28921.859792,99.1814,0.0,98.5519,0.0,97.8798,0.0,97.1606,0.0,,,,,,,,,,,,,,,,,,,,,,,,
2017-11-27,9128.0,11825.0,8520.0,11165.41,48427.94965,99.3392,0.0,98.8312,0.0,98.2887,0.0,97.7084,0.0,100.0,0.0,99.8369,0.0,99.337,0.0,98.8052,0.0,,,,,,,,,,,,,,,,
2017-12-04,11165.41,17204.99,10802.0,14899.98,72469.977627,99.5285,0.0,99.1672,0.0,98.7825,0.0,98.3721,0.0,100.0,0.0,99.8791,0.0,99.5086,0.0,99.1146,0.0,,,,,,,,,,,,,,,,
2017-12-11,14946.26,19798.68,14666.56,18860.02,67851.486215,99.6652,0.0,99.4086,0.0,99.1356,0.0,98.8444,0.0,100.0,0.0,99.912,0.0,99.6421,0.0,99.3549,0.0,100.0,0.0,100.0,0.0,100.0,0.0,100.0,0.0,,,,,,,,
2017-12-18,18860.04,19300.0,10961.0,13500.0,135385.440322,99.651,0.0,99.3775,0.0,99.0806,0.0,98.757,0.0,100.0,0.0,99.9122,0.0,99.6402,0.0,99.3462,0.0,100.0,0.0,100.0,0.0,100.0,0.0,100.0,0.0,,,,,,,,
2017-12-25,13500.0,16498.05,11750.0,13716.36,116522.754321,100.0,0.0,100.0,0.0,100.0,0.0,100.0,0.0,100.0,0.0,99.909,0.0,99.624,0.0,99.3105,0.0,100.0,0.0,100.0,0.0,100.0,0.0,100.0,0.0,100.0,0.0,100.0,0.0,100.0,0.0,100.0,0.0
2018-01-01,13715.65,17176.24,12750.0,16150.03,120239.399359,100.0,0.0,100.0,0.0,100.0,0.0,100.0,0.0,100.0,0.0,100.0,0.0,100.0,0.0,100.0,0.0,100.0,0.0,100.0,0.0,100.0,0.0,100.0,0.0,100.0,0.0,100.0,0.0,100.0,0.0,100.0,0.0
2018-01-08,16218.85,16322.3,11400.0,13474.99,137537.904565,98.2614,0.0,97.515,0.0,96.6891,0.0,95.7703,0.0,99.7892,0.0,99.132,0.0,98.4133,0.0,97.6242,0.0,100.0,0.0,100.0,0.0,99.6733,0.0,98.9744,0.0,100.0,0.0,100.0,0.0,100.0,0.0,99.8007,0.0
2018-01-15,13477.98,14249.99,9035.0,11530.0,303127.502137,87.7909,6.6046,85.9156,5.7918,83.8791,5.0463,81.66,4.3599,92.5723,4.2619,91.0834,3.6617,89.481,3.1065,87.7518,2.5914,94.7662,2.7046,93.989,2.1861,92.854,1.7035,91.3372,1.2532,96.198,1.5591,95.5179,1.0934,94.7774,0.6583,93.8024,0.2507
2018-01-22,11530.0,12244.0,9900.24,11879.95,198030.051117,75.8312,12.9972,72.399,11.0215,68.7446,9.1978,64.8455,7.5091,86.6841,7.1988,84.3556,5.9785,81.8839,4.842,79.2552,3.7812,91.0777,4.2256,89.666,3.2426,87.8728,2.3216,85.6937,1.4569,93.7007,2.1333,92.4652,1.2502,91.1343,0.7014,89.5423,0.2662
2018-01-29,11879.95,11975.02,7930.0,8184.81,202016.407759,34.3442,46.9937,29.5001,42.7236,24.5898,38.6722,19.6119,34.8232,64.7911,23.8558,61.3653,21.4092,57.8337,19.0887,54.1912,16.8846,76.3867,15.5649,74.0745,13.8074,71.4761,12.1366,68.623,10.5463,82.0152,11.2167,80.0849,9.7285,78.0426,8.5487,75.7845,7.5017
2018-02-05,8179.99,9065.78,6000.01,8063.88,340794.292131,22.8882,63.6334,19.9475,59.8364,17.1284,56.0085,14.4235,52.1494,33.6438,49.2508,29.4657,45.235,25.3309,41.3253,21.2389,37.5175,59.928,28.2125,56.6842,25.4983,53.292,22.8744,49.8198,20.3363,71.1951,19.5698,68.6596,17.4639,66.0223,15.6403,63.2295,13.9593
2018-02-12,8063.82,11274.0,8053.0,10383.43,311863.068137,18.0196,71.5469,16.1036,67.5514,14.3489,63.4903,12.7359,59.3622,26.504,57.1297,23.1372,52.7729,19.9612,48.3838,16.9602,44.0789,38.733,43.3178,34.131,38.9418,29.6858,34.7569,25.5268,30.7967,62.2098,24.8304,58.7908,21.8421,55.2953,19.4405,51.7136,17.2425
2018-02-19,10375.01,11786.01,9274.8,9590.0,350623.132911,0.0,98.2407,0.0,95.0822,0.0,91.6549,0.0,87.9231,19.0158,67.9846,16.8978,63.964,14.9832,59.462,13.244,54.7997,29.4443,53.3128,25.4794,48.6193,21.9163,43.8263,18.8277,39.0405,41.6352,40.0082,37.1241,35.4028,32.6435,31.266,28.3133,27.398
2018-02-26,9590.0,11565.0,9350.0,11515.0,183970.997614,6.0355,88.9972,5.1239,86.1855,4.3012,83.1309,3.555,79.8006,5.226,84.572,4.1907,80.9845,3.281,76.3296,2.4752,71.3708,25.3053,57.9835,21.5878,53.2754,18.3565,48.3428,15.6638,43.3251,36.4463,44.5796,31.915,39.6624,27.4639,35.1123,23.2496,30.8276
2018-03-05,11515.0,11710.0,8329.0,9533.57,282035.225382,6.4547,88.2301,5.4794,85.2519,4.5993,82.0299,3.8012,78.5328,4.8127,90.1441,3.8986,88.1705,3.0798,84.9833,2.3422,81.4167,5.8602,82.0677,3.5265,78.1095,1.9349,73.2232,1.0247,67.6589,26.8404,55.4928,23.0462,50.3251,19.46,45.0205,16.2601,39.795
2018-03-12,9533.57,9888.88,7322.0,8189.99,315835.151606,6.0936,89.3257,5.2126,86.7579,4.406,84.0368,3.6647,81.1483,4.6901,90.6395,3.8173,88.8617,3.0285,85.9776,2.312,82.806,3.5297,91.142,2.5602,89.2714,1.6909,86.4646,0.907,82.9002,6.7832,81.2203,4.5066,77.0167,2.4394,71.3783,0.8441,65.4102
2018-03-19,8189.0,9177.01,8088.4,8470.15,285211.539511,7.795,85.8893,6.6257,82.4721,5.568,78.8411,4.6066,74.9758,4.592,91.0649,3.7555,89.4552,2.9925,86.8294,2.2937,83.9894,3.5254,91.3595,2.5683,89.6198,1.7029,87.0194,0.9166,83.7572,3.1775,91.6929,2.2792,89.5274,1.4825,85.3899,0.771,80.6643
2018-03-26,8470.14,8514.89,6430.0,6813.01,308729.492031,8.5383,84.7714,7.2777,81.2299,6.1313,77.5265,5.0844,73.6498,5.1426,90.0329,4.2091,88.2586,3.3563,85.3998,2.5742,82.3362,3.1739,92.5341,2.3306,91.1521,1.5564,89.0781,0.8433,86.5072,2.9159,92.7508,2.1106,91.0136,1.384,87.6236,0.7251,83.8327
2018-04-02,6813.01,7520.0,6500.0,7018.0,232320.070499,7.6311,87.1956,6.5765,85.5957,5.597,83.8364,4.6848,81.8928,5.7995,88.7099,4.7427,86.6897,3.7788,83.4879,2.8961,80.0734,3.5856,91.5228,2.6302,89.9372,1.755,87.5784,0.9501,84.6711,2.7143,93.4849,1.9779,92.0127,1.3048,89.667,0.6874,87.1216
2018-04-09,7011.04,8429.54,6611.0,8355.0,259877.022414,8.3697,84.5315,7.2026,82.0587,6.1216,79.453,5.1175,76.7034,5.9834,88.5891,4.9127,86.3505,3.9287,83.7769,3.0212,80.99,4.4232,89.3906,3.2356,87.3465,2.1533,84.3587,1.163,80.2093,3.2506,92.0062,2.3577,90.1332,1.5489,87.1923,0.8128,83.9782
2018-04-16,8355.07,9035.0,7825.4,8787.02,233025.38619,2.8481,92.0042,2.1871,89.9253,1.5818,87.7037,1.0253,85.324,7.4892,83.9023,5.6289,80.9715,4.4653,77.8197,3.4352,74.5752,4.6844,86.894,3.4347,84.2959,2.2908,81.474,1.2397,77.9447,4.0365,88.5779,2.9126,85.5658,1.9045,81.3767,0.9952,76.9362
2018-04-23,8785.7,9759.82,8651.62,9419.0,306668.07214,11.2223,80.4465,9.7394,77.7403,8.3491,74.9487,7.0432,72.0674,6.9453,86.225,5.5073,83.7012,4.7502,80.9225,4.1009,78.0272,9.5088,79.2649,7.4602,76.1317,5.5307,72.8728,3.7103,69.1897,7.4219,82.9194,5.6783,79.8205,4.0664,76.4923,2.5719,72.9084
2018-04-30,9417.04,10020.0,8800.49,9659.01,222274.38854,22.7615,64.8911,20.1612,61.4649,17.6705,58.0458,15.2828,54.634,14.2131,76.3382,12.0921,73.3709,10.6116,70.2674,9.2709,67.1326,9.9602,81.2901,8.527,78.741,7.1943,76.0431,5.9518,72.8189,12.2588,75.7288,9.8181,72.2531,7.5028,68.6587,5.3034,64.9395
2018-05-07,9661.02,9689.67,8153.0,8679.71,224151.298751,26.1768,59.5619,23.1422,55.6858,20.2465,51.8274,17.4803,48.0349,17.3744,70.887,14.7603,67.2826,12.8958,63.5555,11.2177,59.7492,10.8017,79.8866,9.2562,77.2055,7.8163,74.3831,6.4717,71.0498,7.9223,83.9029,6.5097,81.2181,5.2067,78.3314,4.0011,75.2194
2018-05-14,8679.71,8879.99,7911.9,8526.98,182713.826012,38.7282,40.8569,34.1363,35.8259,29.78,30.9588,25.6417,26.8061,19.8319,66.5531,16.8238,62.4404,14.6443,58.224,12.6929,53.9701,12.9583,75.7286,11.0627,72.4552,9.3095,68.9994,7.6831,65.0355,8.5195,83.0352,7.0265,80.3309,5.6395,77.4614,4.3475,74.411
2018-05-21,8526.97,8595.31,7231.11,7338.99,190894.600939,42.6335,37.7325,37.9173,33.258,33.3638,29.0428,28.9647,25.6558,24.0155,59.5214,20.3754,54.7384,17.6664,49.9316,15.2528,45.2058,13.1145,75.6893,11.2193,72.4917,9.4594,69.1362,7.8208,65.2979,9.1616,81.9141,7.566,79.0936,6.0799,76.1189,4.6924,72.9772
2018-05-28,7338.99,7786.69,7032.95,7714.26,211929.270766,37.654,46.6426,33.8592,42.5802,30.1148,38.4852,26.4198,34.7369,29.9062,50.4072,25.4658,45.0857,22.0275,39.9235,18.9687,35.0641,16.7798,68.5707,14.2629,64.3495,11.9544,59.8976,9.8294,55.0608,9.8281,80.6565,8.1173,77.6704,6.5235,74.53,5.0352,71.2229
2018-06-04,7714.26,7765.0,6622.81,6764.99,211352.737478,25.3739,63.2765,22.8786,60.0392,20.5007,56.6015,18.2323,52.9049,24.1003,61.4654,20.6952,57.6386,18.1421,53.718,15.8224,49.7027,18.1636,66.4179,15.4582,62.0529,12.971,57.4853,10.6765,52.6269,11.2292,77.8716,9.2613,74.4745,7.4331,70.9074,5.7303,67.157
2018-06-11,6765.0,6922.0,6118.68,6449.61,234080.841171,11.2754,82.13,9.9432,80.0703,8.7094,77.7414,7.5636,74.5751,18.3163,72.6275,16.3694,69.9822,14.5287,67.1524,12.7856,64.0103,15.5475,71.9931,13.3483,68.5673,11.292,65.0319,9.3651,61.3816,11.9727,76.4716,9.8744,72.8964,7.9251,69.1525,6.1094,65.2278
2018-06-18,6444.06,6841.74,5750.0,6136.97,234147.621015,0.0,100.0,0.0,100.0,0.0,99.9033,0.0,98.5763,8.5072,86.6435,7.5312,85.1229,6.6284,83.4391,5.7908,81.3228,12.8755,79.0313,11.1273,76.6793,9.4716,74.1694,7.9013,71.4851,10.6279,79.5188,8.8121,76.5093,7.1078,73.3858,5.505,70.1418
2018-06-25,6137.95,6528.99,5780.0,6356.81,207746.559006,0.0,100.0,0.0,100.0,0.0,100.0,0.0,100.0,0.0,100.0,0.0,100.0,0.0,100.0,0.0,99.5814,6.6997,89.2616,5.8884,87.9923,5.1384,86.5855,4.4431,85.0174,9.5507,83.0106,7.95,80.8398,6.4362,78.5189,5.0022,76.0314
2018-07-02,6360.82,6818.16,6271.62,6712.1,211526.019058,0.0,100.0,0.0,100.0,0.0,100.0,0.0,100.0,0.0,100.0,0.0,100.0,0.0,100.0,0.0,100.0,0.0,100.0,0.0,100.0,0.0,100.0,0.0,100.0,5.1923,90.5865,4.3428,89.2625,3.5571,87.7965,2.8282,86.1642
2018-07-09,6712.1,6802.06,6070.0,6353.01,192452.84988,0.0,100.0,0.0,100.0,0.0,100.0,0.0,100.0,0.0,100.0,0.0,100.0,0.0,100.0,0.0,100.0,0.0,100.0,0.0,100.0,0.0,100.0,0.0,100.0,0.0,100.0,0.0,100.0,0.0,100.0,0.0,100.0
2018-07-16,6354.15,7700.0,6330.4,7394.79,294313.222604,8.0655,88.642,7.4043,87.6068,6.7932,86.4592,6.2266,85.1798,5.4489,91.5933,4.8585,90.6574,4.3138,89.6163,3.8097,88.4513,3.4631,94.3927,3.0347,93.7149,2.6394,92.9614,2.2734,92.1187,2.1793,95.5979,1.7378,94.8907,1.3311,94.102,0.9553,93.2167
2018-07-23,7394.78,8491.77,7375.0,8211.0,288666.047141,26.3582,65.7071,24.6338,63.4158,22.9974,60.9778,21.4422,58.3786,18.2467,75.3631,16.887,73.476,15.606,71.4469,14.397,69.2591,14.2059,80.1842,13.0348,78.4933,11.9385,76.6572,10.9101,74.6566,10.331,84.9405,9.3418,83.5183,8.4153,81.9756,7.5455,80.2966
2018-07-30,8210.99,8273.0,6882.29,7024.19,282090.103584,32.4322,57.5165,30.2659,54.5884,28.2159,51.4602,26.2731,48.1132,21.5577,70.4852,19.8928,68.0924,18.3332,65.4974,16.869,62.6733,15.1016,78.8705,13.8478,77.0463,12.6756,75.0618,11.5772,72.8948,11.5351,82.9948,10.4063,81.3253,9.3537,79.5015,8.3698,77.5009
2018-08-06,7024.19,7160.0,5971.0,6308.33,334426.550743,35.9768,52.9875,33.5913,49.7827,31.3316,46.3637,29.1879,42.7197,23.7294,67.6448,21.9157,65.0648,20.2137,62.2738,18.6135,59.2449,16.3358,77.0328,14.9645,75.0133,13.685,72.8095,12.4882,70.3951,11.5145,83.1723,10.4065,81.5689,9.3696,79.827,8.3973,77.9277
2018-08-13,6308.56,6620.0,5880.0,6477.53,378189.296487,38.7099,49.4713,36.1517,46.0438,33.7273,42.3899,31.4264,38.5049,27.9922,61.8137,25.85,58.7627,23.8403,55.4612,21.9509,51.877,18.6264,73.6293,17.0385,71.2494,15.5608,68.6407,14.1822,65.7686,12.7907,81.1504,11.5399,79.302,10.3733,77.2832,9.2827,75.0693
2018-08-20,6477.53,6882.54,6220.0,6700.0,286906.539311,39.5395,47.8399,36.8426,44.1296,34.2981,40.2706,31.8932,36.3932,32.487,55.4523,29.9683,51.8182,27.6103,47.8731,25.398,43.5955,22.8486,67.2875,20.8531,64.2114,19.0043,60.8151,17.2866,57.0456,14.9821,77.5887,13.4758,75.2775,12.0791,72.7289,10.7806,69.9041
2018-08-27,6700.0,7345.45,6646.5,7302.01,294674.913005,51.077,34.7096,47.7769,30.8794,44.5695,27.1966,41.451,23.7846,40.8978,46.17,37.9311,42.6413,35.0606,38.9811,32.2817,35.2235,32.6541,54.5589,29.8657,50.88,27.2161,46.9723,24.6953,42.8137,22.6202,66.2112,20.2676,62.8771,18.0586,59.2738,15.9805,55.3671
2018-09-03,7302.0,7410.0,6111.0,6250.81,306231.623424,35.9806,50.5556,33.0914,46.6155,30.3612,42.4907,27.7774,38.3199,40.423,46.4918,37.4422,42.8955,34.5653,39.1534,31.7871,35.2975,31.5634,56.8126,28.9758,53.5401,26.499,50.0983,24.1263,46.4736,24.3643,64.1928,21.9059,60.848,19.582,57.2689,17.382,53.4299
2018-09-10,6252.26,6584.99,6169.68,6505.0,227428.182854,11.514,79.3947,9.8427,76.2404,8.3394,72.1274,6.98,67.1167,31.5995,55.8162,28.963,52.0375,26.4921,47.9421,24.1715,43.5096,34.2647,53.0535,31.4462,49.4771,28.7501,45.7126,26.1686,41.7449,25.5782,63.0308,23.0808,59.7721,20.7033,56.3196,18.4374,52.6556
2018-09-17,6500.08,6839.03,6123.0,6708.0,244256.490121,12.4858,76.8169,10.6971,73.2024,9.0814,68.8358,7.6149,63.9239,10.099,80.7243,8.5417,77.1953,7.1511,73.1597,5.9019,68.4053,28.5049,59.0262,25.9698,55.1574,23.6118,51.0684,21.413,46.7399,29.3616,57.4998,26.4861,53.7035,23.7506,49.7467,21.1449,45.6738
2018-09-24,6706.81,6814.8,6325.02,6626.57,242598.872471,16.8547,67.6893,14.3143,62.3562,12.0574,56.1278,10.0391,49.5512,10.5972,80.119,8.9902,76.6256,7.547,72.6837,6.2439,68.0937,8.446,83.6922,7.1254,80.2597,5.9486,76.3886,4.8934,71.9892,24.738,63.8489,22.4363,60.1856,20.306,56.1621,18.3286,51.8329
2018-10-01,6626.57,6697.0,6430.0,6615.26,141836.476483,20.8843,59.791,17.6789,53.192,14.8487,46.0005,12.3314,39.3634,13.9373,72.7445,11.7241,67.6365,9.7681,61.7491,8.027,54.8241,8.8411,83.1425,7.475,79.6964,6.2526,75.8512,5.1524,71.5334,6.7808,86.9199,5.6561,84.2394,4.6531,80.7994,3.753,76.5243
2018-10-08,6615.26,6715.6,6205.0,6339.34,166310.813544,19.533,64.8118,16.7619,59.8462,14.2512,54.3852,11.9657,48.7662,15.1961,70.7321,12.8132,65.4746,10.6979,59.4997,8.8074,52.6128,10.435,79.7299,8.789,75.5374,7.3268,70.8398,6.0192,65.5396,6.6959,87.4469,5.6144,85.0164,4.6403,81.9312,3.7584,78.1433
2018-10-15,6339.34,7680.0,6300.0,6590.11,211592.623139,0.0,93.4988,0.0,90.1341,0.0,84.9097,0.0,77.9153,16.5925,68.1223,14.027,62.5661,11.7384,56.6396,9.6841,50.3029,12.5958,74.9524,10.5589,69.4608,8.7655,63.3685,7.1743,56.742,8.3933,83.5507,6.9816,80.1293,5.7293,75.7865,4.6107,70.1893
2018-10-22,6590.12,6639.0,6453.0,6489.93,75328.885385,0.0,88.8114,0.0,82.9001,0.0,74.2841,0.0,64.0291,0.0,96.7782,0.0,93.3209,0.0,89.2399,0.0,84.028,13.2511,74.2121,11.1485,68.8332,9.2846,62.9731,7.6209,56.7248,9.7124,80.6047,8.0526,76.474,6.5891,71.2677,5.2891,64.7331
2018-10-29,6489.93,6525.0,6245.02,6485.85,71945.400607,0.0,85.8646,0.0,78.5525,0.0,68.4727,0.0,57.4929,0.0,94.7135,0.0,88.9279,0.0,81.9436,0.0,72.975,0.0,98.7136,0.0,95.3061,0.0,91.006,0.0,85.9957,10.3189,79.6801,8.5762,75.4994,7.0326,70.3022,5.6559,63.8921
2018-11-05,6485.85,6615.15,6355.0,6449.81,76161.78188,0.0,95.4896,0.0,92.8964,0.0,86.4667,0.0,76.5281,0.0,93.8753,0.0,87.5946,0.0,80.5425,0.0,72.1995,0.0,98.07,0.0,92.9127,0.0,86.3726,0.0,78.6946,0.0,100.0,0.0,98.8533,0.0,96.4062,0.0,91.313
2018-11-12,6450.71,6498.0,5403.42,5662.0,205081.183938,0.0,98.0562,0.0,97.1617,0.0,95.2926,0.0,92.7192,0.0,98.5895,0.0,97.2027,0.0,95.6542,0.0,93.5761,0.0,98.7742,0.0,95.6868,0.0,92.0592,0.0,88.1753,0.0,100.0,0.0,98.9847,0.0,96.8905,0.0,92.635
2018-11-19,5661.94,5664.0,3652.66,4085.78,496323.79998,0.0,99.2259,0.0,98.8942,0.0,98.5404,0.0,98.1621,0.0,99.403,0.0,98.8421,0.0,98.2439,0.0,97.4848,0.0,100.0,0.0,99.6658,0.0,99.1582,0.0,98.6094,0.0,100.0,0.0,99.4963,0.0,98.515,0.0,96.5563
2018-11-26,4088.69,4450.38,3689.12,4161.01,479459.914101,0.0,99.4213,0.0,99.1711,0.0,98.9028,0.0,98.6143,0.0,99.5777,0.0,99.1809,0.0,98.758,0.0,98.3063,0.0,100.0,0.0,99.7628,0.0,99.4044,0.0,99.0195,0.0,100.0,0.0,100.0,0.0,99.9979,0.0,99.3252
2018-12-03,4160.55,4179.0,3222.0,3545.37,406435.817854,0.0,100.0,0.0,100.0,0.0,100.0,0.0,100.0,0.0,99.6713,0.0,99.3611,0.0,99.0291,0.0,98.6729,0.0,100.0,0.0,99.8225,0.0,99.5545,0.0,99.2671,0.0,100.0,0.0,100.0,0.0,99.9984,0.0,99.7546
2018-12-10,3548.49,3610.0,3156.26,3228.67,249791.790787,0.0,100.0,0.0,100.0,0.0,100.0,0.0,100.0,0.0,100.0,0.0,100.0,0.0,100.0,0.0,100.0,0.0,100.0,0.0,99.8518,0.0,99.6272,0.0,99.3851,0.0,100.0,0.0,100.0,0.0,99.9987,0.0,99.8014
2018-12-17,3229.22,4139.99,3216.0,3929.71,489096.741158,0.0,100.0,0.0,100.0,0.0,100.0,0.0,100.0,0.0,100.0,0.0,100.0,0.0,100.0,0.0,100.0,0.0,100.0,0.0,100.0,0.0,100.0,0.0,100.0,0.0,100.0,0.0,100.0,0.0,99.9988,0.0,99.8075
2018-12-24,3929.71,4198.0,3535.0,3801.91,332161.255442,0.0,100.0,0.0,100.0,0.0,100.0,0.0,100.0,0.0,100.0,0.0,100.0,0.0,100.0,0.0,100.0,0.0,100.0,0.0,100.0,0.0,100.0,0.0,100.0,0.0,100.0,0.0,100.0,0.0,100.0,0.0,100.0
2018-12-31,3803.12,4027.71,3630.33,3987.6,214860.906242,0.0,100.0,0.0,100.0,0.0,100.0,0.0,100.0,0.0,100.0,0.0,100.0,0.0,100.0,0.0,100.0,0.0,100.0,0.0,100.0,0.0,100.0,0.0,100.0,0.0,100.0,0.0,100.0,0.0,100.0,0.0,100.0
2019-01-07,3987.62,4069.8,3441.3,3476.81,245887.277948,0.0,100.0,0.0,100.0,0.0,100.0,0.0,100.0,0.0,100.0,0.0,100.0,0.0,100.0,0.0,100.0,0.0,100.0,0.0,100.0,0.0,100.0,0.0,100.0,0.0,100.0,0.0,100.0,0.0,100.0,0.0,100.0
2019-01-14,3477.56,3720.0,3467.02,3539.28,199395.792965,0.0,100.0,0.0,100.0,0.0,100.0,0.0,100.0,0.0,100.0,0.0,100.0,0.0,100.0,0.0,100.0,0.0,100.0,0.0,100.0,0.0,100.0,0.0,100.0,0.0,100.0,0.0,100.0,0.0,100.0,0.0,100.0
2019-01-21,3539.26,3662.94,3434.85,3550.84,154566.450861,0.0,100.0,0.0,100.0,0.0,100.0,0.0,100.0,0.0,100.0,0.0,100.0,0.0,100.0,0.0,100.0,0.0,100.0,0.0,100.0,0.0,100.0,0.0,100.0,0.0,100.0,0.0,100.0,0.0,100.0,0.0,100.0
2019-01-28,3550.05,3557.75,3349.92,3458.11,186574.105423,0.0,100.0,0.0,100.0,0.0,100.0,0.0,100.0,0.0,100.0,0.0,100.0,0.0,100.0,0.0,100.0,0.0,100.0,0.0,100.0,0.0,100.0,0.0,100.0,0.0,100.0,0.0,100.0,0.0,100.0,0.0,100.0
2019-02-04,3458.11,3733.58,3373.1,3680.06,198350.673988,0.0,100.0,0.0,99.6693,0.0,99.0549,0.0,98.3601,0.0,100.0,0.0,100.0,0.0,100.0,0.0,100.0,0.0,100.0,0.0,100.0,0.0,100.0,0.0,100.0,0.0,100.0,0.0,100.0,0.0,100.0,0.0,100.0
2019-02-11,3679.75,3700.11,3568.11,3667.58,167995.805139,0.0,100.0,0.0,99.5938,0.0,98.2189,0.0,96.7073,0.0,100.0,0.0,100.0,0.0,100.0,0.0,100.0,0.0,100.0,0.0,100.0,0.0,100.0,0.0,100.0,0.0,100.0,0.0,100.0,0.0,100.0,0.0,100.0
2019-02-18,3667.62,4198.0,3655.0,3743.56,301384.22226,1.7885,96.2935,1.403,95.2997,1.0467,93.3574,0.7163,91.2979,0.0,98.846,0.0,98.3278,0.0,97.7496,0.0,97.1004,0.0,100.0,0.0,100.0,0.0,100.0,0.0,99.7653,0.0,100.0,0.0,100.0,0.0,100.0,0.0,100.0
2019-02-25,3743.56,3888.0,3677.17,3807.75,190343.246726,8.639,84.9631,7.3421,82.5705,6.1397,79.1798,5.0219,75.7068,2.1058,94.9843,1.7433,93.9798,1.4059,92.904,1.0909,91.7492,0.2356,98.3545,0.0,97.8901,0.0,97.3626,0.0,96.5076,0.0,99.9653,0.0,99.717,0.0,99.4273,0.0,99.0848
2019-03-04,3807.32,3971.75,3670.69,3916.82,207833.42997,25.9581,61.3474,23.198,57.5728,20.5781,53.5595,18.088,49.6708,10.4458,82.6482,9.2416,80.5168,8.116,78.2641,7.0615,75.8795,3.7748,92.8962,3.1158,91.8974,2.7373,90.8154,2.3857,89.429,1.5928,96.7899,1.2957,95.9897,1.0266,95.0797,0.7818,94.0358
2019-03-11,3915.99,4056.98,3810.43,3981.14,185620.344813,50.0314,34.6288,46.2443,31.0336,42.4761,28.2412,38.7265,25.7029,24.6438,63.9388,22.2627,60.7897,19.9945,57.5655,17.8312,54.2635,11.1499,82.3366,9.7517,80.4938,8.701,78.5513,7.7113,76.3297,4.8306,91.7278,4.1418,90.4196,3.5035,88.9935,2.9105,87.4331
2019-03-18,3981.85,4069.32,3880.01,3992.18,156283.263483,84.9651,2.0516,81.2634,0.0508,77.3477,0.0,73.1988,0.0,42.3893,43.0191,38.8271,39.4759,35.3294,35.9897,31.8944,32.5593,21.0217,68.5561,18.6458,65.7495,16.6423,62.8549,14.733,59.7917,9.8795,83.9665,8.5688,81.9327,7.3309,79.7875,6.1599,77.5216
2019-03-25,3991.35,4140.0,3888.71,4103.95,178114.875049,93.6438,1.1043,92.0107,0.039,90.2102,0.0,88.2152,0.0,74.5707,12.9173,70.6671,10.4336,66.645,8.1014,62.499,5.9072,38.6203,48.202,35.3283,44.9312,32.2376,41.6698,29.2167,38.5144,20.4095,70.365,18.2875,67.7159,16.2302,65.0236,14.2345,62.2868
2019-04-01,4102.44,5275.01,4067.0,5170.27,420989.968738,100.0,0.0,100.0,0.0,100.0,0.0,100.0,0.0,93.9165,2.8892,92.6751,2.345,91.3625,1.8343,89.9725,1.3542,80.4392,12.1804,78.3734,10.5001,76.0171,8.8789,73.6092,7.5353,56.6214,34.4233,54.3513,32.3248,52.0702,30.2632,49.778,28.2374
2019-04-08,5170.27,5422.0,4861.22,5131.3,247866.407405,100.0,0.0,100.0,0.0,100.0,0.0,100.0,0.0,99.5035,0.0,99.0967,0.0,98.6581,0.0,98.184,0.0,91.9148,4.5737,90.8543,3.815,89.4737,3.0964,88.0195,2.591,79.275,14.0056,77.439,12.6587,75.5372,11.368,73.5661,10.13
2019-04-15,5131.28,5333.42,4950.0,5256.14,168555.911745,100.0,0.0,100.0,0.0,100.0,0.0,100.0,0.0,100.0,0.0,100.0,0.0,100.0,0.0,100.0,0.0,98.2054,0.5726,97.7983,0.3174,97.1068,0.0786,96.3631,0.0,89.5409,6.2755,88.3364,5.5491,87.0608,4.8634,85.7077,4.215
2019-04-22,5257.41,5600.0,5102.0,5307.52,247392.823904,100.0,0.0,100.0,0.0,100.0,0.0,100.0,0.0,100.0,0.0,100.0,0.0,100.0,0.0,100.0,0.0,100.0,0.0,99.9652,0.0,99.6994,0.0,99.4088,0.0,96.3178,1.5944,95.6873,1.3324,95.0066,1.0881,94.2694,0.8597
2019-04-29,5309.81,5900.0,5178.8,5775.62,191971.589975,100.0,0.0,100.0,0.0,100.0,0.0,100.0,0.0,100.0,0.0,100.0,0.0,100.0,0.0,100.0,0.0,100.0,0.0,100.0,0.0,100.0,0.0,100.0,0.0,99.2833,0.0,99.0587,0.0,98.8143,0.0,98.5472,0.0
2019-05-06,5773.18,7521.78,5619.14,6967.31,313283.869612,100.0,0.0,100.0,0.0,100.0,0.0,100.0,0.0,100.0,0.0,100.0,0.0,100.0,0.0,100.0,0.0,100.0,0.0,100.0,0.0,100.0,0.0,100.0,0.0,100.0,0.0,100.0,0.0,100.0,0.0,100.0,0.0
2019-05-13,6968.24,8366.0,6870.0,8148.48,461287.694139,100.0,0.0,100.0,0.0,100.0,0.0,100.0,0.0,100.0,0.0,100.0,0.0,100.0,0.0,100.0,0.0,100.0,0.0,100.0,0.0,100.0,0.0,100.0,0.0,100.0,0.0,100.0,0.0,100.0,0.0,100.0,0.0
2019-05-20,8147.94,8740.0,7461.0,8614.43,341677.39881,100.0,0.0,100.0,0.0,100.0,0.0,100.0,0.0,100.0,0.0,100.0,0.0,100.0,0.0,100.0,0.0,100.0,0.0,100.0,0.0,100.0,0.0,100.0,0.0,100.0,0.0,100.0,0.0,100.0,0.0,100.0,0.0
2019-05-27,8612.54,9074.26,8005.0,8725.98,292049.043812,100.0,0.0,100.0,0.0,100.0,0.0,100.0,0.0,100.0,0.0,100.0,0.0,100.0,0.0,100.0,0.0,100.0,0.0,100.0,0.0,100.0,0.0,100.0,0.0,100.0,0.0,100.0,0.0,100.0,0.0,100.0,0.0
2019-06-03,8726.0,8800.95,7444.58,7628.13,293308.709696,100.0,0.0,100.0,0.0,100.0,0.0,99.2063,0.0,100.0,0.0,100.0,0.0,100.0,0.0,100.0,0.0,100.0,0.0,100.0,0.0,100.0,0.0,100.0,0.0,100.0,0.0,100.0,0.0,100.0,0.0,100.0,0.0
2019-06-10,7627.57,9333.0,7511.0,8953.33,274072.058371,100.0,0.0,100.0,0.0,100.0,0.0,99.2729,0.0,100.0,0.0,100.0,0.0,100.0,0.0,100.0,0.0,100.0,0.0,100.0,0.0,100.0,0.0,100.0,0.0,100.0,0.0,100.0,0.0,100.0,0.0,100.0,0.0
2019-06-17,8953.0,11392.64,8950.0,10906.07,378253.003065,100.0,0.0,100.0,0.0,100.0,0.0,99.4012,0.0,100.0,0.0,100.0,0.0,100.0,0.0,100.0,0.0,100.0,0.0,100.0,0.0,100.0,0.0,100.0,0.0,100.0,0.0,100.0,0.0,100.0,0.0,100.0,0.0
2019-06-24,10905.95,13970.0,10525.1,10854.1,684152.508772,100.0,0.0,100.0,0.0,100.0,0.0,99.4151,0.0,100.0,0.0,100.0,0.0,100.0,0.0,100.0,0.0,100.0,0.0,100.0,0.0,100.0,0.0,100.0,0.0,100.0,0.0,100.0,0.0,100.0,0.0,100.0,0.0
2019-07-01,10854.1,12000.0,9727.0,11406.24,517740.071693,100.0,0.0,100.0,0.0,100.0,0.0,99.3932,0.0,100.0,0.0,100.0,0.0,100.0,0.0,100.0,0.0,100.0,0.0,100.0,0.0,100.0,0.0,100.0,0.0,100.0,0.0,100.0,0.0,100.0,0.0,100.0,0.0
2019-07-08,11410.0,13147.08,10103.0,10174.18,510462.035678,100.0,0.0,100.0,0.0,100.0,0.0,99.2678,0.0,100.0,0.0,100.0,0.0,100.0,0.0,100.0,0.0,100.0,0.0,100.0,0.0,100.0,0.0,100.0,0.0,100.0,0.0,100.0,0.0,100.0,0.0,100.0,0.0
2019-07-15,10174.18,11100.0,9060.0,10589.45,487080.97263,100.0,0.0,100.0,0.0,100.0,0.0,99.1708,0.0,100.0,0.0,100.0,0.0,100.0,0.0,100.0,0.0,100.0,0.0,100.0,0.0,100.0,0.0,100.0,0.0,100.0,0.0,100.0,0.0,100.0,0.0,100.0,0.0
2019-07-22,10590.15,10683.16,9165.0,9541.54,269819.325109,94.3747,3.04,93.5857,2.5065,92.7236,2.0091,91.778,1.5441,96.2641,0.9873,95.4168,0.4253,94.4866,0.0,93.4608,0.0,98.3371,0.0,97.7478,0.0,97.1026,0.0,96.3931,0.0,99.6662,0.0,99.2522,0.0,98.8005,0.0,98.3058,0.0
2019-07-29,9541.54,11040.0,9395.0,10929.23,259518.806019,94.0936,3.2059,93.2741,2.6457,92.3812,2.1224,91.4048,1.6325,96.4728,0.9502,95.6979,0.4109,94.8575,0.0,93.9429,0.0,98.2242,0.0,97.5914,0.0,96.8962,0.0,96.1291,0.0,99.6402,0.0,99.1921,0.0,98.701,0.0,98.1606,0.0
2019-08-05,10929.99,12330.7,10927.8,11549.97,371072.857661,92.8576,3.8191,91.8291,3.1421,90.6977,2.5134,89.4474,1.928,96.4322,0.9717,95.6626,0.4213,94.8337,0.0,93.9383,0.0,98.3439,0.0,97.7667,0.0,97.1404,0.0,96.4584,0.0,99.6277,0.0,99.1641,0.0,98.656,0.0,98.0968,0.0
2019-08-12,11539.08,11577.89,9750.0,10306.78,248273.374665,86.1058,6.5785,83.9034,5.0496,81.5133,3.6178,78.9106,2.5817,93.798,1.2949,92.2925,0.5584,90.6798,0.0,88.9479,0.0,98.1278,0.0,97.3175,0.0,96.3194,0.0,95.2434,0.0,99.6143,0.0,99.1349,0.0,98.6106,0.0,98.0348,0.0
2019-08-19,10306.17,10949.96,9762.0,10142.69,232472.053331,71.9697,14.2976,68.0906,11.2503,64.0045,8.337,59.6944,5.9773,87.9276,3.3033,85.3679,1.7744,82.672,0.5088,79.8287,0.021,95.8823,0.1388,94.3794,0.0,92.6165,0.0,90.7289,0.0,99.2803,0.0,98.4721,0.0,97.5946,0.0,96.6385,0.0
2019-08-26,10142.69,10604.0,9320.0,9724.98,211243.550288,59.3143,26.3118,55.7819,22.6559,52.2735,18.9746,48.7888,15.6353,72.0433,13.38,68.1301,10.4107,64.1368,7.7783,60.0608,6.1488,87.8198,4.6082,85.3034,3.8024,82.5105,3.2182,79.5828,2.6866,94.9568,2.2995,93.4298,1.9273,91.7807,1.5866,89.9941,1.2736
2019-09-02,9723.59,10905.87,9712.5,10381.18,281075.664908,54.3714,30.6893,50.8744,26.697,47.4675,22.593,44.2545,18.7747,69.6005,14.9786,65.6135,11.7189,61.608,8.7966,57.5839,6.9663,82.8171,6.4054,79.2459,5.234,75.3176,4.3859,71.2052,3.6285,93.5712,2.8719,91.6045,2.3951,89.4699,1.9629,87.1447,1.5693
2019-09-09,10381.24,10480.0,9880.0,10302.01,207165.654458,62.2136,23.2606,58.3505,19.8239,54.5626,16.4453,50.8412,13.589,63.6296,18.5663,59.0929,14.6071,54.7505,11.009,50.6144,8.7034,80.2848,7.4338,76.3069,6.0655,71.8935,5.0725,67.1963,4.1891,90.9167,3.9012,88.0785,3.2244,84.9654,2.6213,81.5353,2.0803
2019-09-16,10303.34,10355.0,9653.0,10028.87,188644.199623,44.5018,36.4706,40.3195,31.3622,36.4324,26.1113,33.199,21.2326,66.1057,18.6869,61.9488,15.5558,57.8914,12.5576,53.9611,9.6839,70.9273,11.6431,65.9906,9.0927,60.914,7.0637,55.8982,5.4289,86.261,5.3411,82.4891,4.0495,78.4879,3.1446,74.2358,2.487
2019-09-23,10028.05,10049.99,7750.0,8043.82,364560.064744,2.0406,89.3116,0.9499,86.5377,0.0,83.5345,0.0,79.7843,30.3921,57.4511,27.9317,54.0875,25.6549,50.7007,23.5163,47.2905,48.2649,39.2408,45.0275,36.3475,41.8444,33.6228,38.7874,31.0674,54.4383,32.3615,50.623,29.6259,46.7759,27.1848,42.8966,24.9962
2019-09-30,8043.04,8500.0,7710.0,7854.25,239136.795399,1.4506,92.6229,0.6822,90.7789,0.0,88.8136,0.0,86.7149,2.3142,90.6698,1.4966,88.0453,0.8145,85.2905,0.1897,82.3955,25.9309,63.4156,23.5729,60.5202,21.5059,57.5543,19.7328,54.5679,41.7446,46.7748,38.8018,44.0516,35.837,41.4305,32.8502,38.9232
2019-10-07,7855.3,8779.51,7762.0,8275.01,281416.738734,1.2956,93.3668,0.6091,91.6902,0.0,89.8953,0.0,87.9689,1.9644,92.4744,1.2743,90.8088,0.6957,89.0059,0.1625,87.0479,3.9841,88.206,2.5908,85.6533,1.6544,82.7733,1.1086,79.6503,26.2902,62.3992,23.7195,59.4453,21.2142,56.4302,18.7721,53.4069
2019-10-14,8275.24,8403.0,7816.01,8223.35,219241.792311,1.2638,93.4234,0.5923,91.7209,0.0,89.8796,0.0,87.8819,1.7818,93.1646,1.1566,91.6485,0.6318,90.0059,0.1476,88.2204,3.2449,91.8262,2.239,90.0272,1.4329,87.8745,0.963,85.4259,6.8128,84.2658,5.1363,81.6279,3.5581,78.6765,2.0699,75.5092
2019-10-21,8223.35,10370.0,7300.0,9529.93,508882.693756,8.6002,84.3468,7.4345,82.2169,6.35,79.9474,5.3385,77.5242,8.8548,81.9283,7.167,79.3718,5.6204,76.7009,4.1596,73.9076,8.6985,83.0405,6.88,80.6872,5.2636,78.1988,3.9893,75.4776,9.6799,80.8305,7.827,78.0807,6.0744,75.0578,4.4141,71.8515
2019-10-28,9528.23,9902.1,8913.0,9194.71,354362.744327,10.0987,81.7135,8.2986,79.378,6.5833,76.9069,5.4035,74.2882,7.8889,81.9511,6.0404,79.1697,4.9525,76.2806,3.9501,73.2772,9.3737,79.243,7.3783,76.2023,5.6209,73.0772,4.2416,69.7988,9.6921,79.8013,7.8166,76.8415,6.0515,73.6302,4.3874,70.2584
2019-11-04,9196.46,9513.68,8696.0,9039.47,294282.771612,10.443,80.1002,8.569,77.3235,6.7884,74.455,5.5628,71.4899,7.7074,83.0491,5.9344,80.143,4.8636,77.131,3.8778,74.0071,6.8312,82.6082,5.3068,79.284,4.0289,75.8809,3.1246,72.3199,10.0314,78.6443,8.0648,75.0799,6.2253,71.3458,4.5008,67.546
2019-11-11,9040.16,9072.32,8350.68,8502.4,239532.02348,13.6998,73.4772,11.1802,69.699,8.8113,65.7754,7.1635,61.6979,7.3568,83.8811,5.6706,81.1291,4.655,78.2802,3.717,75.3294,5.5644,86.1895,4.5804,83.3651,3.6867,80.4089,2.8676,77.2193,6.3351,84.626,4.9889,81.452,3.75,77.9916,2.6061,74.3509
2019-11-18,8502.87,8503.52,6790.0,6903.28,422402.004703,13.3045,74.587,10.8925,71.0666,8.6107,67.4362,7.0224,63.6907,7.4855,83.6478,5.7731,80.8743,4.7405,78.0089,3.7863,75.0469,4.4918,89.0828,3.7261,86.8964,3.0206,84.6244,2.365,82.2616,3.8092,90.5124,3.097,88.3107,2.4411,85.8223,1.8352,83.1281
2019-11-25,6900.23,7850.0,6515.0,7390.89,503259.064291,13.1787,75.0366,10.8107,71.6402,8.5618,68.153,6.9952,64.5715,8.3507,81.65,6.4276,78.5253,5.2606,75.2934,4.189,71.9485,4.9739,87.7992,4.1118,85.3334,3.3226,82.7631,2.5937,80.0814,3.4287,91.5395,2.7959,89.5898,2.2099,87.5462,1.6656,85.4019
2019-12-02,7391.5,7750.0,7067.0,7510.11,331484.783716,13.5042,74.5347,11.0867,71.1093,8.7873,67.6022,7.1822,64.0104,8.7532,80.7779,6.7363,77.5195,5.5086,74.1536,4.383,70.6748,5.6705,85.9828,4.6702,83.1388,3.7608,80.1702,2.9265,77.0688,3.8314,90.4091,3.1116,88.1675,2.4501,85.8052,1.8402,83.3123
2019-12-09,7510.11,7650.0,7008.35,7118.59,252294.980408,2.0089,91.5875,1.0621,89.325,0.1936,86.8835,0.0,84.241,8.6168,81.1561,6.6381,77.983,5.4346,74.7116,4.3289,71.3374,5.7117,85.9148,4.7058,83.0697,3.7908,80.1045,2.9508,77.0114,4.1574,89.5281,3.3691,87.0725,2.6476,84.4814,1.9849,81.7433
2019-12-16,7119.6,7518.54,6435.0,7501.44,339611.461697,0.0,98.1172,0.0,97.1071,0.0,95.9626,0.0,94.6549,0.795,93.5757,0.0,91.3272,0.0,88.8928,0.0,86.2487,6.0858,84.9156,5.003,81.8575,4.0221,78.6664,3.125,75.3333,4.4534,88.746,3.6037,86.1086,2.8282,83.3263,2.1177,80.3868
2019-12-23,7500.71,7695.38,7076.42,7388.24,267312.086935,0.0,100.0,0.0,100.0,0.0,100.0,0.0,100.0,0.0,98.7414,0.0,97.7536,0.0,96.6403,0.0,95.3759,0.0064,95.3562,0.0,93.2611,0.0,90.9841,0.0,88.5005,4.6873,88.0971,3.7868,85.2994,2.9676,82.3446,2.2191,79.2191
2019-12-30,7388.43,7495.0,6871.04,7358.75,241051.798444,0.0,100.0,0.0,100.0,0.0,100.0,0.0,100.0,0.0,100.0,0.0,100.0,0.0,100.0,0.0,100.0,0.0,99.2587,0.0,98.3229,0.0,97.2705,0.0,96.0782,0.0,96.8107,0.0,94.9652,0.0,92.9459,0.0,90.7272
2020-01-06,7357.64,8455.0,7346.76,8184.98,498017.846898,13.0098,80.8701,11.8871,78.7415,10.8778,76.2517,9.9657,73.3,7.2791,89.5572,6.6613,88.5315,6.0953,87.3763,5.5749,86.0655,5.3412,91.747,4.7694,90.8086,4.2447,89.7551,3.7615,88.5639,4.0411,92.552,3.4384,90.8442,2.8886,88.9733,2.3849,86.9145
2020-01-13,8184.97,9198.98,8055.89,8701.7,468235.627496,35.0419,52.8544,32.5568,49.14,30.2433,45.0714,28.0841,40.5954,23.9567,66.8805,22.1225,63.9898,20.4289,60.7796,18.8603,57.1936,15.3333,78.765,14.1063,76.9782,12.9592,75.0339,11.8846,72.9103,12.2719,82.0879,11.1029,80.3745,10.0113,78.507,8.9895,76.4638
2020-01-20,8701.72,8818.0,8238.0,8615.0,250977.001765,50.6589,36.6318,47.6947,33.2228,44.8088,29.713,41.9983,26.0977,37.8184,49.3892,35.0734,45.6453,32.4797,41.6367,30.0251,37.3343,27.3151,62.3656,25.1232,59.3124,23.0593,56.0265,21.1126,52.4804,18.4412,74.0899,16.8179,71.9334,15.2773,69.639,13.8131,67.193
2020-01-27,8614.39,9578.0,8535.0,9331.51,362870.208388,75.4711,15.0619,72.9629,12.8271,70.3939,10.6417,67.762,8.504,56.2229,31.382,53.2582,28.1419,50.3443,24.842,47.48,21.4808,44.8349,42.7477,41.9948,39.349,39.2498,35.8188,36.5953,32.1495,34.6505,54.5756,32.2035,51.6052,29.8446,48.5101,27.5689,45.2823
2020-02-03,9331.59,10166.0,9093.01,10151.75,364995.864834,87.7079,8.0666,86.4923,7.1452,85.201,6.2696,83.8269,5.4366,77.9974,13.1957,75.6609,11.1196,73.2665,9.0903,70.812,7.1062,62.7572,26.2829,60.0232,23.537,57.2917,20.7886,54.5625,18.0378,52.8763,35.9381,50.1585,33.0605,47.471,30.1491,44.8134,27.2035
2020-02-10,10151.72,10500.0,9638.12,9917.27,427067.585189,95.1262,3.3982,94.6769,3.0931,94.1865,2.8084,93.6493,2.542,86.8555,7.9373,85.3621,6.7984,83.7781,5.715,82.095,4.6833,78.0002,13.1444,75.6095,11.0919,73.1411,9.0984,70.5913,7.1614,64.8565,24.8567,62.1901,22.3757,59.4841,19.9294,56.7377,17.5172
2020-02-17,9910.7,10250.0,9350.0,9936.4,360700.467719,100.0,0.0,100.0,0.0,100.0,0.0,100.0,0.0,94.3578,3.4483,93.689,2.995,92.9588,2.5722,92.1584,2.1768,86.2078,8.1052,84.5595,6.8737,82.8027,5.7062,80.9264,4.5981,78.0045,13.452,75.6366,11.5214,73.1635,9.6636,70.578,7.8746
2020-02-24,9936.4,9990.0,8411.0,8531.88,426585.458707,86.9363,9.1506,85.7701,8.325,84.5107,7.5494,83.1465,6.8194,89.3184,7.1366,88.2599,6.39,87.1159,5.6889,85.8754,5.0295,84.5592,9.465,82.837,8.1639,81.0063,6.9283,79.0564,5.7534,77.7888,13.511,75.3839,11.54,72.8751,9.6415,70.2556,7.8117
2020-03-02,8530.3,9188.0,8000.0,8033.31,379197.13168,70.4061,22.1517,68.3233,20.4855,66.1386,18.8875,63.8442,17.3537,75.9386,17.5858,74.1055,16.1519,72.1726,14.782,70.1316,13.4719,78.6037,14.9513,76.7713,13.53,74.8354,12.1741,72.787,10.8793,74.3532,17.117,72.0031,15.1784,69.5551,13.3091,67.0029,11.5053
2020-03-09,8034.76,8179.31,3782.13,5361.3,1224228.28324,43.0535,48.746,40.9837,46.7152,38.9059,44.6922,36.8202,42.6768,48.0753,43.6669,45.9332,41.6767,43.7585,39.7151,41.5507,37.7812,53.2595,38.7949,51.1783,36.8982,49.057,35.0355,46.8944,33.2057,55.4699,36.3071,53.288,34.3688,51.052,32.4743,48.7597,30.6222
2020-03-16,5360.33,6900.0,4442.12,5816.19,1180843.345815,28.458,63.6705,26.6178,61.5641,24.8249,59.3976,23.0772,57.1683,36.2807,55.4555,34.271,53.3315,32.2829,51.1835,30.3163,49.011,40.1845,51.4401,38.111,49.3258,36.0454,47.2032,33.9878,45.0722,44.3201,47.3694,42.2353,45.299,40.1476,43.2314,38.0569,41.1667
2020-03-23,5816.05,6957.96,5688.0,5881.42,770380.80536,14.225,79.7321,12.9247,77.9688,11.6948,76.0833,10.5299,74.0628,25.7314,66.4621,23.9498,64.3205,22.2293,62.094,20.5667,59.7773,32.3568,59.4409,30.4264,57.261,28.5407,55.0255,26.6983,52.7321,35.4361,56.2139,33.4369,54.0335,31.4712,51.8139,29.5382,49.554
2020-03-30,5880.5,7198.0,5857.76,6772.78,664784.299583,6.4184,90.118,5.7372,88.6844,5.1117,86.5047,4.5354,84.1708,14.542,78.7264,13.1272,76.7122,11.7996,74.4266,10.5516,71.5717,25.2585,66.4402,23.4187,64.0923,21.6605,61.6177,19.9787,58.9618,31.2238,60.1594,29.2555,57.7977,27.3541,55.3433,25.5162,52.7905
2020-04-06,6772.78,7459.69,6739.98,6903.79,582804.771087,0.0,99.1735,0.0,97.7624,0.0,95.3785,0.0,92.8247,6.7019,89.2327,5.9183,87.1753,5.2034,84.7022,4.5485,81.3768,14.7525,78.1511,13.3001,75.9352,11.9494,73.0784,10.6901,69.9402,24.8019,66.5593,22.9371,64.0469,21.1715,61.2994,19.4974,58.3002
2020-04-13,6903.79,7293.08,6468.27,7120.74,501345.258903,0.4604,95.6823,0.0,93.3354,0.0,90.0456,0.0,86.6074,0.0,97.74,0.0,95.7953,0.0,93.3436,0.0,89.762,7.0017,87.3983,6.167,85.164,5.4116,82.0299,4.7247,78.522,14.9308,77.1842,13.4401,74.4146,12.0652,71.3027,10.793,67.7694
2020-04-20,7121.4,7738.0,6751.0,7693.1,469098.312947,6.8508,85.2827,5.5395,82.0054,4.7474,78.0264,4.0335,73.9811,4.7053,89.4574,3.9644,86.6558,3.2965,83.427,2.6911,79.3754,3.5975,91.3467,2.9069,89.2022,2.2841,86.0343,1.7194,82.4448,9.6443,82.4172,8.1768,79.5194,6.8266,76.2197,5.5801,72.4032
2020-04-27,7693.1,9460.0,7606.0,8894.16,742165.162104,31.1212,52.5133,27.7936,47.7754,24.9954,43.1443,22.4452,38.668,18.3136,71.6673,16.4985,68.2532,14.8248,64.6267,13.2765,60.7116,15.2902,75.9942,13.6913,73.1013,12.2146,69.6476,10.8464,66.0027,13.251,78.3712,11.6593,75.4449,10.1888,72.1672,8.8262,68.4587
2020-05-04,8894.15,10067.0,8117.0,8722.77,780478.849466,56.1019,24.6174,51.3628,20.6604,46.8022,17.6622,42.4956,14.9438,35.7094,47.6896,32.2598,43.1431,29.0435,38.6778,26.0377,34.6241,23.324,65.3803,21.0266,62.0123,18.8674,58.3617,16.8342,54.6693,20.1362,69.4656,17.9857,66.248,15.9603,62.8219,14.0494,59.1897
2020-05-11,8722.77,9939.0,8200.0,9680.04,721487.837087,87.2723,1.0967,83.5546,0.0,79.1874,0.0,74.7881,0.0,61.0737,21.4878,56.6908,17.9368,52.4397,14.8045,48.3145,12.6497,43.6127,40.7181,40.0564,36.6304,36.651,32.833,33.3873,29.2604,31.0731,57.0092,28.4061,53.7126,25.8416,50.3646,23.3738,47.0343
2020-05-18,9681.11,9950.0,8700.0,8720.34,517248.177536,95.8284,0.0,93.9316,0.0,91.0363,0.0,87.9094,0.0,82.294,3.0227,77.6686,1.2314,72.9421,0.0,68.1112,0.0,59.1176,22.902,54.5407,18.8492,50.0265,15.6571,45.5737,12.9175,43.5851,40.3016,39.7514,36.2944,36.0047,32.4449,32.3422,28.9468
2020-05-25,8718.14,9740.0,8642.72,9448.27,425528.246167,100.0,0.0,99.7956,0.0,98.7108,0.0,97.488,0.0,93.0431,0.094,90.2169,0.0,87.1666,0.0,83.8647,0.0,80.5259,4.8978,76.1281,2.2936,71.5843,0.9217,66.8871,0.0,60.9915,22.1654,56.5732,18.5731,52.1196,15.3738,47.6303,12.8255
2020-06-01,9448.27,10380.0,9266.0,9746.99,427822.495347,100.0,0.0,100.0,0.0,100.0,0.0,100.0,0.0,99.0476,0.0,98.0143,0.0,96.8549,0.0,95.5448,0.0,91.0936,1.0241,88.25,0.0,85.1735,0.0,81.834,0.0,80.3097,6.0112,76.2508,3.687,71.9883,1.865,67.5065,0.8096
2020-06-08,9746.99,9992.72,9113.0,9342.1,336172.771517,100.0,0.0,100.0,0.0,100.0,0.0,100.0,0.0,100.0,0.0,100.0,0.0,100.0,0.0,100.0,0.0,97.4951,0.0,96.1686,0.0,94.6685,0.0,92.9586,0.0,89.5371,1.7235,86.5857,0.6479,83.3456,0.0,79.7722,0.0
2020-06-15,9342.1,9589.0,8910.45,9294.69,323565.711842,100.0,0.0,100.0,0.0,100.0,0.0,100.0,0.0,100.0,0.0,100.0,0.0,100.0,0.0,100.0,0.0,100.0,0.0,100.0,0.0,100.0,0.0,100.0,0.0,96.4963,0.0,95.0393,0.0,93.3665,0.0,91.4262,0.0
2020-06-22,9294.69,9780.0,8833.0,9116.35,343601.083154,99.1665,0.0,98.588,0.0,97.9296,0.0,97.1733,0.0,100.0,0.0,100.0,0.0,99.7626,0.0,99.2337,0.0,100.0,0.0,100.0,0.0,100.0,0.0,100.0,0.0,100.0,0.0,100.0,0.0,100.0,0.0,100.0,0.0
2020-06-29,9116.16,9292.0,8893.03,9069.41,247256.195125,95.7633,0.0567,93.8944,0.0,91.7572,0.0,89.2894,0.0,99.5037,0.0,99.0147,0.0,98.1737,0.0,96.9169,0.0,100.0,0.0,100.0,0.0,99.7651,0.0,99.2871,0.0,100.0,0.0,100.0,0.0,100.0,0.0,100.0,0.0
2020-07-06,9069.41,9470.0,9055.92,9302.75,284964.999673,95.6274,0.0615,93.8058,0.0,91.7973,0.0,89.5716,0.0,99.2825,0.0,98.5557,0.0,97.2865,0.0,95.3601,0.0,100.0,0.0,100.0,0.0,99.7327,0.0,99.1892,0.0,100.0,0.0,100.0,0.0,100.0,0.0,100.0,0.0
2020-07-13,9303.31,9343.82,9047.25,9208.99,247602.692095,93.5351,0.09,90.8522,0.0,87.9007,0.0,84.1632,0.0,99.2185,0.0,98.4437,0.0,97.1145,0.0,95.144,0.0,100.0,0.0,100.0,0.0,99.6056,0.0,98.7764,0.0,100.0,0.0,100.0,0.0,100.0,0.0,100.0,0.0
2020-07-20,9208.99,10111.0,9131.0,9931.54,346433.535115,92.5426,0.1065,89.5553,0.0,86.3385,0.0,82.3626,0.0,99.1608,0.0,98.347,0.0,96.9753,0.0,94.9872,0.0,100.0,0.0,100.0,0.0,99.6624,0.0,98.9877,0.0,100.0,0.0,100.0,0.0,100.0,0.0,100.0,0.0
2020-07-27,9931.54,12123.46,9917.21,11071.35,637793.811724,95.8836,0.0623,94.2933,0.0,92.6168,0.0,90.511,0.0,99.3155,0.0,98.6741,0.0,97.6141,0.0,96.1102,0.0,100.0,0.0,100.0,0.0,99.721,0.0,99.1806,0.0,100.0,0.0,100.0,0.0,100.0,0.0,100.0,0.0
2020-08-03,11071.36,11909.94,10936.0,11681.68,403167.45146,97.3381,0.0407,96.3106,0.0,95.2277,0.0,93.8501,0.0,99.5169,0.0,99.0734,0.0,98.3465,0.0,97.3222,0.0,100.0,0.0,100.0,0.0,99.7667,0.0,99.3222,0.0,100.0,0.0,100.0,0.0,100.0,0.0,100.0,0.0
2020-08-10,11681.69,12067.35,11125.0,11911.0,468167.72232,98.6138,0.0302,98.2123,0.0,97.78,0.0,97.1169,0.0,99.6201,0.0,99.2714,0.0,98.6984,0.0,97.8874,0.0,100.0,0.0,100.0,0.0,99.8111,0.0,99.4548,0.0,100.0,0.0,100.0,0.0,100.0,0.0,100.0,0.0
2020-08-17,11910.99,12468.0,11376.81,11648.13,426710.483502,100.0,0.0,100.0,0.0,100.0,0.0,99.8096,0.0,99.6692,0.0,99.3641,0.0,99.0336,0.0,98.6745,0.0,100.0,0.0,100.0,0.0,99.8291,0.0,99.5062,0.0,100.0,0.0,100.0,0.0,100.0,0.0,100.0,0.0
2020-08-24,11648.12,11824.9,11117.64,11711.16,355153.169372,100.0,0.0,100.0,0.0,100.0,0.0,99.8201,0.0,100.0,0.0,100.0,0.0,100.0,0.0,100.0,0.0,100.0,0.0,100.0,0.0,99.8444,0.0,99.5491,0.0,100.0,0.0,100.0,0.0,100.0,0.0,100.0,0.0
2020-08-31,11711.17,12050.85,9825.0,10256.2,581777.756525,88.1601,8.2466,87.0939,7.4854,85.9449,6.7693,84.7029,6.0944,90.0857,6.2694,89.0178,5.4881,87.8739,4.75,86.6454,4.0518,92.052,4.6193,91.0843,3.9006,90.0514,3.22,88.9464,2.5746,93.5853,3.3019,92.6831,2.6278,91.7216,1.9887,90.6947,1.3822
2020-09-07,10255.89,10580.11,9850.0,10332.83,366759.994048,79.8832,13.95,78.1124,12.6027,76.2332,11.3216,74.2353,10.1021,84.2051,10.0711,82.5924,8.798,80.8955,7.5797,79.1078,6.413,86.7823,7.5017,85.1863,6.2191,83.514,4.988,81.7598,3.8053,89.3992,5.2017,87.8985,3.985,86.3291,2.8154,84.6863,1.6901
2020-09-14,10332.84,11179.79,10212.34,10920.28,374339.558814,75.0484,16.896,72.6631,15.1862,70.0253,13.5766,67.0068,12.0587,83.0218,10.6593,81.2056,9.2801,79.2772,7.9691,77.226,6.7215,86.8671,7.3822,85.2416,6.1069,83.5288,4.8879,81.7216,3.7217,89.306,5.183,87.7498,3.9597,86.1108,2.7901,84.3823,1.6706
2020-09-21,10920.28,10988.86,10136.82,10774.25,331299.291081,64.1506,23.0539,60.3623,20.5804,56.3409,18.2822,52.1064,16.1416,78.0609,13.0729,75.315,11.317,72.4295,9.6664,69.3934,8.1118,85.5419,7.9312,83.4082,6.5373,81.1777,5.2144,78.8436,3.9572,89.1792,5.195,87.4943,3.9605,85.4891,2.7851,83.3991,1.6645
2020-09-28,10774.26,10950.0,10374.0,10666.63,288073.126989,45.0843,35.5832,40.0516,31.2913,35.0768,27.4147,30.4939,24.0299,67.5641,18.2473,63.4973,15.4747,59.3221,13.12,55.0342,10.9338,80.4952,9.7742,77.4476,8.0072,74.2984,6.3501,71.0424,4.7928,87.3805,5.628,85.2059,4.2758,82.7055,2.9969,80.1234,1.7854
2020-10-05,10666.62,11491.0,10525.0,11369.02,288404.145494,40.1326,40.5514,35.4311,35.9673,30.9346,31.7266,27.0224,27.9458,59.1866,23.2792,54.3482,19.737,49.4415,16.6989,44.4651,13.8897,75.9954,11.9122,72.2344,9.7189,68.3451,7.6781,64.3207,5.7744,85.5689,6.3446,83.0255,4.8028,80.1074,3.3547,77.0788,1.9922
2020-10-12,11369.02,11720.01,11172.0,11503.14,279657.097047,37.5088,44.3638,33.3861,39.7557,29.5622,35.3798,26.4014,31.3865,54.6887,26.7517,49.8386,22.809,45.021,19.374,40.2356,16.1736,70.2207,14.8069,65.679,12.0535,61.0166,9.5027,56.2285,7.1329,82.5797,7.5553,79.4534,5.6977,75.8925,3.9658,72.1876,2.3473
2020-10-19,11503.14,13350.0,11407.96,13028.83,418993.354681,75.8228,12.6514,72.5147,10.4982,69.0367,8.7805,65.2692,7.5158,65.1113,21.0212,61.4672,18.0796,57.8644,15.5159,54.302,13.079,74.7704,12.928,71.095,10.6124,67.367,8.4321,63.5851,6.3757,82.9873,7.4655,79.9992,5.6444,76.6064,3.9381,73.099,2.3361
2020-10-26,13029.64,14100.0,12765.0,13761.5,485358.521716,94.2992,0.8897,92.6377,0.2922,90.7053,0.0,88.1638,0.0,86.4354,6.2209,84.1013,5.0508,81.6833,4.2112,79.177,3.4307,79.573,10.6183,76.6289,8.7635,73.6507,6.9987,70.6379,5.3175,85.3388,6.5445,82.8312,4.9698,79.9742,3.4818,77.0372,2.0734
2020-11-02,13761.49,15960.0,13195.05,15475.1,665037.146452,96.3733,0.5753,95.3289,0.1902,94.2261,0.0,93.0597,0.0,97.2494,0.2012,96.2475,0.0,95.1836,0.0,94.0515,0.0,92.9532,2.7998,91.4044,2.1988,89.7862,1.6351,88.0939,1.1054,88.8233,5.0569,86.9425,3.8558,84.7779,2.7117,82.5552,1.6208
2020-11-09,15475.1,16480.0,14805.54,15957.0,529729.426496,98.2165,0.4297,97.8159,0.1423,97.3846,0.0,96.919,0.0,97.9166,0.1529,97.1568,0.0,96.3493,0.0,95.4894,0.0,98.7711,0.0,98.1019,0.0,97.3877,0.0,96.6241,0.0,95.9009,1.434,94.9557,0.9996,93.7359,0.5911,92.4513,0.2064
2020-11-16,15957.0,18965.9,15864.0,18414.43,684197.642829,100.0,0.0,100.0,0.0,100.0,0.0,100.0,0.0,98.9175,0.1098,98.632,0.0,98.326,0.0,97.997,0.0,99.1109,0.0,98.6293,0.0,98.1174,0.0,97.5722,0.0,99.513,0.0,99.2327,0.0,98.7515,0.0,98.2383,0.0
2020-11-23,18413.88,19484.21,16188.0,18184.99,676351.579974,100.0,0.0,100.0,0.0,100.0,0.0,100.0,0.0,100.0,0.0,100.0,0.0,100.0,0.0,100.0,0.0,99.3341,0.0,99.1183,0.0,98.8864,0.0,98.6367,0.0,99.595,0.0,99.3619,0.0,98.9613,0.0,98.5334,0.0
2020-11-30,18185.0,19888.0,18001.12,19359.4,537012.142931,100.0,0.0,100.0,0.0,100.0,0.0,100.0,0.0,100.0,0.0,100.0,0.0,100.0,0.0,100.0,0.0,100.0,0.0,100.0,0.0,100.0,0.0,100.0,0.0,99.6612,0.0,99.5064,0.0,99.34,0.0,99.1609,0.0
2020-12-07,19358.67,19420.91,17572.33,19174.99,414166.997237,100.0,0.0,100.0,0.0,100.0,0.0,100.0,0.0,100.0,0.0,100.0,0.0,100.0,0.0,100.0,0.0,100.0,0.0,100.0,0.0,100.0,0.0,100.0,0.0,100.0,0.0,100.0,0.0,100.0,0.0,100.0,0.0
2020-12-14,19174.99,24295.0,19000.0,23455.52,650661.7243,100.0,0.0,100.0,0.0,100.0,0.0,100.0,0.0,100.0,0.0,100.0,0.0,100.0,0.0,100.0,0.0,100.0,0.0,100.0,0.0,100.0,0.0,100.0,0.0,100.0,0.0,100.0,0.0,100.0,0.0,100.0,0.0
2020-12-21,23455.54,28422.0,21815.0,26281.66,688906.560557,100.0,0.0,100.0,0.0,100.0,0.0,100.0,0.0,100.0,0.0,100.0,0.0,100.0,0.0,100.0,0.0,100.0,0.0,100.0,0.0,100.0,0.0,100.0,0.0,100.0,0.0,100.0,0.0,100.0,0.0,100.0,0.0
2020-12-28,26281.54,34778.11,25880.0,33000.05,625132.263203,100.0,0.0,100.0,0.0,100.0,0.0,100.0,0.0,100.0,0.0,100.0,0.0,100.0,0.0,100.0,0.0,100.0,0.0,100.0,0.0,100.0,0.0,100.0,0.0,100.0,0.0,100.0,0.0,100.0,0.0,100.0,0.0
2021-01-04,33000.05,41950.0,28130.0,38150.02,850700.266152,100.0,0.0,100.0,0.0,100.0,0.0,100.0,0.0,100.0,0.0,100.0,0.0,100.0,0.0,100.0,0.0,100.0,0.0,100.0,0.0,100.0,0.0,100.0,0.0,100.0,0.0,100.0,0.0,100.0,0.0,100.0,0.0
2021-01-11,38150.02,40100.0,30420.0,35828.61,897339.67445,100.0,0.0,100.0,0.0,100.0,0.0,100.0,0.0,100.0,0.0,100.0,0.0,100.0,0.0,100.0,0.0,100.0,0.0,100.0,0.0,100.0,0.0,100.0,0.0,100.0,0.0,100.0,0.0,100.0,0.0,100.0,0.0
2021-01-18,35824.99,37850.0,28850.0,32259.9,640226.935785,100.0,0.0,100.0,0.0,100.0,0.0,100.0,0.0,100.0,0.0,100.0,0.0,100.0,0.0,100.0,0.0,100.0,0.0,100.0,0.0,100.0,0.0,100.0,0.0,100.0,0.0,100.0,0.0,100.0,0.0,100.0,0.0
2021-01-25,32259.45,38531.9,29241.72,33092.98,747463.508509,100.0,0.0,100.0,0.0,100.0,0.0,100.0,0.0,100.0,0.0,100.0,0.0,100.0,0.0,100.0,0.0,100.0,0.0,100.0,0.0,100.0,0.0,100.0,0.0,100.0,0.0,100.0,0.0,100.0,0.0,100.0,0.0
2021-02-01,33092.97,40955.51,32296.16,38795.69,583442.331544,100.0,0.0,100.0,0.0,100.0,0.0,100.0,0.0,100.0,0.0,100.0,0.0,100.0,0.0,100.0,0.0,100.0,0.0,100.0,0.0,100.0,0.0,100.0,0.0,100.0,0.0,100.0,0.0,100.0,0.0,100.0,0.0
2021-02-08,38795.69,49707.43,37988.89,48577.79,664186.270909,100.0,0.0,100.0,0.0,100.0,0.0,100.0,0.0,100.0,0.0,100.0,0.0,100.0,0.0,100.0,0.0,100.0,0.0,100.0,0.0,100.0,0.0,100.0,0.0,100.0,0.0,100.0,0.0,100.0,0.0,100.0,0.0
2021-02-15,48580.47,58352.8,45570.79,57408.57,533487.799699,100.0,0.0,100.0,0.0,100.0,0.0,100.0,0.0,100.0,0.0,100.0,0.0,100.0,0.0,100.0,0.0,100.0,0.0,100.0,0.0,100.0,0.0,100.0,0.0,100.0,0.0,100.0,0.0,100.0,0.0,100.0,0.0
2021-02-22,57412.35,57508.47,43000.0,45135.66,737125.746365,100.0,0.0,100.0,0.0,100.0,0.0,100.0,0.0,100.0,0.0,100.0,0.0,100.0,0.0,100.0,0.0,100.0,0.0,100.0,0.0,100.0,0.0,100.0,0.0,100.0,0.0,100.0,0.0,100.0,0.0,100.0,0.0
2021-03-01,45134.11,52640.0,44950.53,50971.75,490819.562968,100.0,0.0,100.0,0.0,100.0,0.0,100.0,0.0,100.0,0.0,100.0,0.0,100.0,0.0,100.0,0.0,100.0,0.0,100.0,0.0,100.0,0.0,100.0,0.0,100.0,0.0,100.0,0.0,100.0,0.0,100.0,0.0
2021-03-08,50959.11,61844.0,49274.67,58968.31,514559.698685,100.0,0.0,100.0,0.0,100.0,0.0,100.0,0.0,100.0,0.0,100.0,0.0,100.0,0.0,100.0,0.0,100.0,0.0,100.0,0.0,100.0,0.0,100.0,0.0,100.0,0.0,100.0,0.0,100.0,0.0,100.0,0.0
2021-03-15,58976.08,60633.43,53271.34,57351.56,463194.21418,100.0,0.0,100.0,0.0,100.0,0.0,100.0,0.0,100.0,0.0,100.0,0.0,100.0,0.0,100.0,0.0,100.0,0.0,100.0,0.0,100.0,0.0,100.0,0.0,100.0,0.0,100.0,0.0,100.0,0.0,100.0,0.0
2021-03-22,57351.56,58430.73,50427.56,55777.63,446278.628413,100.0,0.0,100.0,0.0,100.0,0.0,100.0,0.0,100.0,0.0,100.0,0.0,100.0,0.0,100.0,0.0,100.0,0.0,100.0,0.0,100.0,0.0,100.0,0.0,100.0,0.0,100.0,0.0,100.0,0.0,100.0,0.0
2021-03-29,55777.65,60200.0,54800.01,58202.01,367477.893273,100.0,0.0,100.0,0.0,100.0,0.0,100.0,0.0,100.0,0.0,100.0,0.0,100.0,0.0,100.0,0.0,100.0,0.0,100.0,0.0,100.0,0.0,100.0,0.0,100.0,0.0,100.0,0.0,100.0,0.0,100.0,0.0
2021-04-05,58202.01,61500.0,55473.0,60002.43,375865.593614,100.0,0.0,100.0,0.0,100.0,0.0,100.0,0.0,100.0,0.0,100.0,0.0,100.0,0.0,100.0,0.0,100.0,0.0,100.0,0.0,100.0,0.0,100.0,0.0,100.0,0.0,100.0,0.0,100.0,0.0,100.0,0.0
2021-04-12,59998.8,64854.0,50931.3,56150.01,549048.298032,100.0,0.0,100.0,0.0,100.0,0.0,100.0,0.0,100.0,0.0,100.0,0.0,100.0,0.0,100.0,0.0,100.0,0.0,100.0,0.0,100.0,0.0,100.0,0.0,100.0,0.0,100.0,0.0,100.0,0.0,100.0,0.0
2021-04-19,56150.01,57526.81,46930.0,49066.77,568462.85096,84.8852,11.155,83.6671,10.3437,82.3314,9.589,80.8599,8.8851,89.7725,7.2264,88.8305,6.6229,87.787,6.0648,86.6247,5.5473,92.5031,4.8311,91.6634,4.2967,90.7315,3.803,89.6916,3.3456,95.6675,2.7295,95.1762,2.3999,94.6385,2.093,94.0474,1.8064
2021-04-26,49066.76,58458.07,48753.44,56578.21,395983.456013,80.1517,14.5033,78.4859,13.4213,76.6473,12.4186,74.6075,11.4869,88.7151,8.017,87.6966,7.3555,86.5723,6.7425,85.3251,6.1729,92.3403,4.9884,91.5104,4.446,90.5959,3.943,89.5831,3.4751,94.6769,3.2846,94.035,2.8759,93.3227,2.4983,92.5279,2.1484
2021-05-03,56578.21,59500.0,52900.0,58240.84,504478.926303,76.9138,16.9086,74.9944,15.6546,72.8791,14.4914,70.5363,13.4097,85.9862,9.906,84.6975,9.0795,83.2704,8.3151,81.6813,7.606,91.7141,5.4215,90.8297,4.8366,89.858,4.2932,88.7855,3.7869,94.6048,3.3678,93.976,2.9556,93.2836,2.5731,92.5173,2.2172
2021-05-10,58240.83,59500.0,43825.39,46431.5,684880.148197,52.2751,38.263,49.6592,36.1197,46.9302,34.0554,44.0805,32.0659,64.4973,27.4836,62.1981,25.7291,59.7598,24.0601,57.1693,22.4705,75.5824,17.9209,73.6646,16.5381,71.6028,15.235,69.3804,14.0051,84.1124,11.3948,82.7696,10.4495,81.3174,9.5622,79.7421,8.7278
2021-05-17,46426.83,46686.0,30000.0,34655.25,1386781.052144,25.3764,66.4037,23.3535,64.316,21.3431,62.215,19.3453,60.1005,38.7288,52.9156,36.5901,50.8751,34.4309,48.8535,32.2508,46.8505,49.6142,41.7467,47.3062,39.7238,44.9341,37.7515,42.495,35.828,61.081,31.0189,58.8659,29.2534,56.5404,27.5613,54.0961,25.938
2021-05-24,34681.44,40841.0,33379.0,35641.27,786531.163941,11.2709,83.0972,9.9958,81.5394,8.7679,79.9139,7.5847,78.2161,23.4427,69.1139,21.6744,67.1547,19.9409,65.1536,18.2411,63.1093,35.191,56.6972,33.1941,54.6376,31.2094,52.5651,29.2367,50.4796,44.8845,46.0736,42.521,43.9108,40.1141,41.785,37.6626,39.6953
2021-05-31,35641.26,39476.0,34153.84,35796.31,528299.504937,8.5395,87.4598,7.6774,86.2941,6.8617,85.0486,6.0886,83.7149,11.7536,82.6277,10.5041,81.0441,9.3087,79.3776,8.1639,77.6217,23.3794,69.6148,21.7668,67.71,20.2044,65.7374,18.6901,63.6931,33.8482,57.5736,31.7569,55.3741,29.6862,53.1521,27.6359,50.907
2021-06-07,35796.31,39380.0,31000.0,39020.57,700065.604915,8.7462,86.7442,7.811,85.3754,6.9373,83.884,6.1195,82.2529,9.0625,87.0443,8.2454,85.8775,7.4792,84.614,6.7592,83.2414,13.3496,80.9805,12.125,79.3325,10.9653,77.5738,9.8654,75.6927,24.5149,67.6978,22.7405,65.5582,21.0277,63.3321,19.3736,61.0142
2021-06-14,39020.56,41330.0,33336.0,35600.16,610333.962089,4.7398,92.7681,4.2464,91.9722,3.7925,91.0829,3.3734,90.0825,8.7837,87.2234,7.9631,85.9994,7.1988,84.6593,6.4854,83.186,9.3083,86.8688,8.5181,85.7042,7.7809,84.433,7.0914,83.0399,14.1598,79.9525,12.8964,78.2292,11.7027,76.3841,10.573,74.4038
2021-06-21,35600.17,35750.0,28805.0,34700.34,907073.707598,0.0,100.0,0.0,100.0,0.0,100.0,0.0,100.0,4.7347,93.0758,4.3015,92.376,3.9031,91.5936,3.5354,90.7131,8.9882,87.2095,8.2105,86.0379,7.4874,84.7519,6.8133,83.334,9.5551,86.3475,8.7112,85.0943,7.9247,83.7239,7.19,82.219
2021-06-28,34702.49,36600.0,32699.0,35286.51,464791.763593,0.0,100.0,0.0,100.0,0.0,100.0,0.0,100.0,0.0,100.0,0.0,100.0,0.0,100.0,0.0,100.0,4.9021,93.0104,4.4911,92.3399,4.1135,91.5882,3.7656,90.7399,9.3151,86.5781,8.4778,85.3081,7.7001,83.9119,6.9758,82.3694
2021-07-05,35288.13,35293.78,32077.0,34258.99,359766.235404,0.0,100.0,0.0,100.0,0.0,100.0,0.0,100.0,0.0,100.0,0.0,100.0,0.0,100.0,0.0,100.0,0.0,100.0,0.0,100.0,0.0,100.0,0.0,100.0,5.0525,92.8242,4.6354,92.1404,4.2526,91.3728,3.9,90.5052
2021-07-12,34259.0,34678.43,31020.0,31778.56,306160.987079,0.0,100.0,0.0,100.0,0.0,100.0,0.0,100.0,0.0,100.0,0.0,100.0,0.0,100.0,0.0,100.0,0.0,100.0,0.0,100.0,0.0,100.0,0.0,100.0,0.0,100.0,0.0,100.0,0.0,100.0,0.0,100.0
2021-07-19,31778.57,35398.0,29278.0,35381.02,383262.217154,0.0,100.0,0.0,99.9366,0.0,99.3265,0.0,98.6192,0.0,100.0,0.0,100.0,0.0,100.0,0.0,100.0,0.0,100.0,0.0,100.0,0.0,100.0,0.0,100.0,0.0,100.0,0.0,100.0,0.0,100.0,0.0,100.0
2021-07-26,35381.02,42599.0,35205.78,39845.44,568598.509606,12.3009,83.5133,11.4313,82.2081,10.6185,80.5038,9.8573,78.6823,8.0088,88.1522,7.276,86.8754,6.6095,85.418,6.0006,83.7388,4.9177,92.5284,4.4392,91.661,4.0064,90.6597,3.6131,89.4907,3.1124,95.2061,2.7959,94.638,2.5093,93.9839,2.2484,93.2229
2021-08-02,39850.27,45310.0,37332.7,43794.37,463107.670711,34.0875,59.046,32.4586,57.2285,30.8626,55.3314,29.2986,53.4274,22.9036,69.8572,21.3593,67.7252,19.903,65.4358,18.5274,62.9708,16.9809,76.2286,15.6326,74.067,14.391,71.6554,13.2438,68.9478,11.9128,82.863,10.9059,81.1445,9.9871,79.1943,9.1455,76.9622
2021-08-09,43794.36,48144.0,42779.0,46973.82,372867.979811,56.5436,36.5584,54.742,34.9205,52.9078,33.4272,51.0401,31.9811,41.8267,49.7225,39.8073,47.5112,37.8233,45.2583,35.8737,42.9626,31.0172,60.0359,29.0615,57.4684,27.2016,54.7444,25.4306,51.849,24.7505,66.3866,22.9377,63.6555,21.2521,60.6579,19.6808,57.3528
2021-08-16,46973.82,49757.04,43927.7,49239.22,357634.462155,71.8954,22.1864,70.2506,20.8741,68.5307,19.7872,66.7304,18.7545,60.1497,32.9028,58.3063,31.2651,56.4172,29.6644,54.4807,28.0994,46.7949,43.592,44.4954,41.0792,42.2354,38.5201,40.0138,35.9135,36.9662,52.9483,34.7226,50.1068,32.5759,47.1172,30.5197,43.9675
2021-08-23,49239.22,50500.0,46250.0,48767.83,298905.697042,83.3807,12.094,82.0447,11.1571,80.6085,10.4802,79.0601,9.8484,72.0827,22.4403,70.523,21.2343,68.874,20.0844,67.1278,18.9869,60.4665,31.1073,58.256,29.0989,56.0014,27.1276,53.7015,25.1923,48.7137,40.6711,46.1699,37.9015,43.6679,35.0833,41.2067,32.215
2021-08-30,48767.84,51900.0,46512.0,51756.88,327484.443638,98.326,0.2563,97.885,0.0,97.3988,0.0,96.86,0.0,83.7224,12.3491,82.5519,11.52,81.2881,10.7411,79.9193,10.008,73.0215,21.2784,71.401,20.0213,69.6889,18.8221,67.8774,17.6768,62.1362,28.4201,59.6888,26.142,57.2053,23.8956,54.6849,21.6804
2021-09-06,51756.88,52920.0,42843.05,46025.24,399602.39982,98.4549,0.0,97.7288,0.0,96.933,0.0,96.0571,0.0,96.3854,1.6314,95.0848,1.3219,93.6791,1.0376,92.1549,0.7756,81.6902,14.0126,80.0416,13.1286,78.0897,12.3051,76.0261,11.536,70.0465,22.045,67.8129,20.2898,65.2756,18.6116,62.6196,17.0055
2021-09-13,46025.23,48843.2,43370.0,47241.75,289430.44387,98.3217,0.0,97.5227,0.0,96.6392,0.0,95.6571,0.0,99.5613,0.0,98.684,0.0,97.7177,0.0,96.6481,0.0,95.5557,2.7419,94.4331,2.4125,92.8597,2.1117,91.1445,1.8359,80.106,14.6334,78.4866,13.5564,76.3451,12.5547,73.953,11.6206
2021-09-20,47241.75,47347.25,39600.0,43160.9,437174.23273,87.2037,7.5444,85.369,6.7964,83.3773,6.1114,81.2074,5.4817,91.4782,5.2514,89.8388,4.6821,88.0645,4.1599,86.138,3.6791,93.1468,3.9946,91.7109,3.4333,89.8384,2.9181,87.8133,2.4437,88.5686,6.7414,87.102,5.7949,84.9409,4.9188,82.4651,4.1054
2021-09-27,43160.9,49228.08,40753.88,48200.01,290620.78115,84.5856,9.0041,82.3465,8.0847,79.9074,7.248,77.2402,6.4833,90.5625,5.7485,88.7233,5.1128,86.7242,4.5324,84.5433,4.0002,93.1217,4.0018,91.6761,3.4382,89.7899,2.9213,87.7478,2.4456,93.9301,2.9658,92.9327,2.3546,91.1763,1.7933,89.075,1.2759
2021-10-04,48200.01,56561.31,46891.0,54659.0,424292.258599,84.671,9.1686,82.5702,8.2706,80.3158,7.4461,77.8902,6.6865,90.6671,5.7524,88.8879,5.1282,86.9682,4.5557,84.8909,4.0286,93.4954,3.827,92.151,3.2953,90.3984,2.8056,88.5114,2.3531,94.6665,2.6517,93.8244,2.1125,92.3215,1.614,90.5297,1.1518
2021-10-11,54659.01,62933.0,53879.0,61528.33,362346.263174,87.9036,7.4858,86.3631,6.8124,84.7388,6.1836,83.0237,5.5951,91.7699,5.1959,90.2549,4.6554,88.6388,4.1548,86.9113,3.6898,94.2115,3.4657,93.0441,2.9946,91.5221,2.5579,89.8958,2.1518,95.3772,2.3357,94.6741,1.8669,93.402,1.4307,91.8896,1.0239
2021-10-18,61528.32,67000.0,59510.63,60852.22,336367.00881,88.4174,7.133,86.9208,6.4869,85.3375,5.8844,83.6597,5.3211,92.4187,4.8465,91.0469,4.3539,89.5917,3.8954,88.0452,3.4675,94.3811,3.3769,93.2538,2.9201,91.7837,2.496,90.2154,2.1012,95.575,2.2402,94.9051,1.7913,93.6892,1.3733,92.2428,0.9831
2021-10-25,60852.22,63710.63,57820.0,61299.8,314971.8498,91.4587,5.9675,90.6786,5.4328,89.8294,4.9332,88.9014,4.4652,92.4381,4.825,91.0644,4.333,89.6055,3.8753,88.053,3.4485,94.6004,3.2601,93.5237,2.8218,92.1191,2.4141,90.6233,2.0339,95.6034,2.2219,94.935,1.776,93.7222,1.3611,92.2779,0.9741
2021-11-01,61299.81,64270.0,59405.0,63273.59,253033.72432,92.4868,5.2151,91.7844,4.7414,91.0165,4.3,90.1736,3.8875,93.8271,4.1716,93.221,3.7556,92.5614,3.3668,91.8408,3.0026,94.6639,3.2206,93.5984,2.7874,92.2077,2.3845,90.7257,2.0088,95.7879,2.1364,95.153,1.709,93.9969,1.3107,92.6206,0.9386
2021-11-08,63273.58,69000.0,62278.0,65519.1,294213.112708,100.0,0.0,100.0,0.0,100.0,0.0,100.0,0.0,94.5271,3.7008,93.9908,3.3322,93.4074,2.9876,92.7704,2.6647,95.371,2.8378,94.8307,2.464,94.244,2.1142,93.6045,1.7861,95.8805,2.0899,95.2598,1.6718,94.1282,1.2822,92.7802,0.9182
2021-11-15,65519.11,66401.82,55600.0,58622.02,340150.61676,97.159,0.9723,96.586,0.5884,95.9585,0.2309,95.2685,0.0,98.6,0.0,97.9278,0.0,97.1982,0.0,96.4037,0.0,94.993,2.877,93.7687,2.4923,92.4704,2.1339,91.0911,1.7991,95.8842,2.0841,95.2613,1.6666,94.0997,1.2777,92.69,0.9147
2021-11-22,58617.7,59444.0,53256.64,57274.88,315216.31943,91.3542,4.502,90.104,3.6378,88.7458,2.829,87.2651,2.1831,95.2233,1.6165,94.0533,1.2431,92.7999,0.8969,91.4538,0.575,97.3899,0.2564,96.0542,0.0,94.6401,0.0,93.1405,0.0,94.3947,2.1491,93.1456,1.7159,91.3682,1.3137,89.3622,0.9393
2021-11-29,57274.89,59176.99,42000.3,49396.33,390528.912488,67.0319,23.893,64.469,21.8788,61.7696,19.953,58.9226,18.1957,78.3899,14.9899,76.3644,13.7598,74.2387,12.6029,72.0051,11.513,84.0612,10.8253,82.1946,9.8909,80.2565,9.1966,78.2429,8.5479,86.7117,8.9302,85.2711,8.2349,83.4167,7.5852,81.3803,6.9769
2021-12-06,49396.32,51936.33,46751.0,50053.9,272083.99753,48.6871,39.853,45.7418,37.0658,42.7634,34.3085,39.7511,31.6386,61.9948,27.7546,59.1501,25.5747,56.2324,23.494,53.2388,21.5059,73.2084,19.1146,70.8081,17.5438,68.3544,16.2128,65.8457,14.9572,78.8017,15.0377,76.9472,13.8717,74.7869,12.7683,72.5039,11.7226
2021-12-13,50053.9,50189.97,45456.0,46681.23,271834.80183,31.1167,58.5666,28.738,55.7664,26.4321,52.8685,24.1957,49.8681,44.0288,44.1407,41.0974,41.2707,38.1886,38.4518,35.3021,35.6827,56.4371,32.9427,53.5636,30.5488,50.6907,28.3534,47.8184,26.2533,67.1738,24.5194,64.8509,22.7659,62.3556,21.0864,59.8095,19.4762
2021-12-20,46681.24,51810.0,45558.85,50775.49,209149.42595,17.7185,74.6611,16.1739,72.2896,14.742,69.6738,13.4108,66.6965,32.3533,55.2961,29.6425,51.8998,27.0508,48.4375,24.5707,44.9073,45.1971,41.8808,42.0816,38.7193,39.0536,35.6897,36.1096,32.735,56.9375,31.8697,53.9849,29.3432,50.9948,26.8961,48.044,24.5248
2021-12-27,50775.48,52088.0,45678.0,47286.18,217379.6422,0.0,100.0,0.0,100.0,0.0,100.0,0.0,99.7084,17.0473,73.7106,15.3446,70.6611,13.776,67.3955,12.3263,63.8899,31.4745,55.5797,28.8004,52.0502,26.281,48.4594,23.9033,44.8481,43.911,43.2458,40.7819,40.0791,37.8268,36.9485,35.0261,33.8531
2022-01-03,47286.18,47570.0,40501.0,41864.62,264331.61587,0.0,100.0,0.0,100.0,0.0,100.0,0.0,99.9987,0.0,98.5853,0.0,97.5847,0.0,96.4605,0.0,95.1882,15.3779,75.2404,13.8834,72.2993,12.5134,69.0287,11.2529,65.6082,28.9272,59.126,26.2812,55.8478,23.9967,52.5157,21.9321,49.1283
2022-01-10,41864.62,44500.0,39650.0,43071.66,232059.06969,0.0,100.0,0.0,100.0,0.0,100.0,0.0,99.9988,0.0,100.0,0.0,100.0,0.0,100.0,0.0,100.0,0.0,96.4382,0.0,94.9085,0.0,92.8187,0.0,90.5267,15.4359,74.7587,13.512,71.6989,12.0844,68.484,10.8939,65.102
2022-01-17,43071.66,43505.0,34008.0,36244.55,354513.98432,0.0,100.0,0.0,100.0,0.0,100.0,0.0,99.9989,0.0,100.0,0.0,100.0,0.0,100.0,0.0,100.0,0.0,100.0,0.0,99.7556,0.0,99.1108,0.0,98.3915,0.8282,94.7101,0.1598,92.9294,0.0,90.9967,0.0,88.8919
2022-01-24,36244.55,38919.98,32917.17,37881.76,353702.626391,0.0,100.0,0.0,100.0,0.0,100.0,0.0,99.9989,0.0,100.0,0.0,100.0,0.0,100.0,0.0,100.0,0.0,100.0,0.0,100.0,0.0,100.0,0.0,100.0,0.0,98.9502,0.0,98.2111,0.0,97.3918,0.0,96.4787
2022-01-31,37881.75,42656.0,36250.0,42380.87,258946.95322,0.0,99.6997,0.0,98.7893,0.0,97.7948,0.0,96.7026,0.0,100.0,0.0,100.0,0.0,100.0,0.0,99.559,0.0,100.0,0.0,100.0,0.0,100.0,0.0,100.0,0.0,100.0,0.0,100.0,0.0,100.0,0.0,100.0
2022-02-07,42380.87,45821.0,41645.85,42053.66,301990.47877,0.0,99.6914,0.0,98.7616,0.0,97.2388,0.0,95.4941,0.0,100.0,0.0,100.0,0.0,100.0,0.0,99.2535,0.0,100.0,0.0,100.0,0.0,100.0,0.0,100.0,0.0,100.0,0.0,100.0,0.0,100.0,0.0,100.0
2022-02-14,42053.65,44751.4,38000.0,38386.89,243150.46162,0.0,99.6863,0.0,98.7446,0.0,97.2104,0.0,95.4642,0.0,100.0,0.0,100.0,0.0,100.0,0.0,99.3236,0.0,100.0,0.0,100.0,0.0,100.0,0.0,100.0,0.0,100.0,0.0,100.0,0.0,100.0,0.0,100.0
2022-02-21,38386.89,40348.45,34322.28,37699.07,412335.93267,0.0,99.6319,0.0,98.5239,0.0,96.719,0.0,94.666,0.0,100.0,0.0,100.0,0.0,100.0,0.0,99.3275,0.0,100.0,0.0,100.0,0.0,100.0,0.0,100.0,0.0,100.0,0.0,100.0,0.0,100.0,0.0,100.0
2022-02-28,37699.08,45400.0,37450.17,38420.81,376417.0783,0.0,99.5841,0.0,98.3285,0.0,96.2822,0.0,93.9543,0.0,100.0,0.0,100.0,0.0,100.0,0.0,99.1928,0.0,100.0,0.0,100.0,0.0,100.0,0.0,100.0,0.0,100.0,0.0,100.0,0.0,100.0,0.0,100.0
2022-03-07,38420.8,42594.06,37155.0,37777.34,374777.65361,0.0,99.385,0.0,97.507,0.0,94.4436,0.0,90.9616,0.0,100.0,0.0,100.0,0.0,100.0,0.0,99.1124,0.0,100.0,0.0,100.0,0.0,100.0,0.0,100.0,0.0,100.0,0.0,100.0,0.0,100.0,0.0,100.0
2022-03-14,37777.35,42400.0,37555.0,41262.11,323399.671,8.753,84.2305,7.5779,80.4593,6.5243,75.7517,5.5744,70.8796,3.9387,92.9458,3.3447,91.9085,2.8045,90.7236,2.3112,88.3605,1.5382,96.7822,1.2022,96.252,0.892,95.663,0.6047,95.0048,0.4445,98.2667,0.1899,97.854,0.0,97.3923,0.0,96.8721
2022-03-21,41262.11,46999.0,40467.94,46827.76,315436.15044,35.1245,55.1417,32.9477,52.4144,30.8609,49.56,28.8585,46.6814,27.4747,62.7843,25.4408,59.8487,23.5367,56.6615,21.7504,53.115,17.3929,75.9785,16.0162,73.9694,14.7297,71.7821,13.5248,69.3917,10.7658,84.7559,9.8324,83.4039,8.9974,81.9346,8.3713,80.3321
2022-03-28,46827.76,48189.84,44200.0,46407.35,312053.15964,47.3407,43.47,45.0524,41.1635,42.7678,38.8534,40.4868,36.5396,39.8504,50.0659,37.4984,47.3612,35.2085,44.5766,32.9785,41.7534,32.21,57.5033,29.9425,54.5773,27.7797,51.4853,25.7146,48.2129,21.9546,69.9964,20.2189,67.6531,18.6118,65.1503,17.2413,62.4711
2022-04-04,46407.36,47200.0,41868.0,42158.85,268118.29111,54.4154,34.126,51.6103,31.2707,48.8286,28.7919,46.0698,26.3964,41.0822,48.8443,38.7143,46.1975,36.4024,43.5814,34.1444,40.9863,33.8317,55.6782,31.4992,52.704,29.2677,49.6176,27.1308,46.4628,26.9444,62.8971,24.7738,59.9051,22.7638,56.6174,21.0309,53.1724
2022-04-11,42158.85,42414.71,39200.0,39678.12,259281.0487,56.2566,31.1541,53.216,27.9824,50.2165,25.2558,47.2572,22.6119,43.8076,45.1922,41.2369,42.3207,38.7325,39.5132,36.2917,36.7281,32.9265,57.3153,30.7286,54.5735,28.6163,51.727,26.5844,48.8317,26.8064,63.5537,24.7146,60.76,22.7683,57.6969,21.0863,54.511
2022-04-18,39678.11,42976.0,38536.51,39450.13,283885.03637,55.0994,31.6934,51.9603,28.3039,48.8825,25.333,45.8643,22.4325,46.8884,40.6156,44.0118,37.3491,41.225,34.1846,38.5238,31.0344,35.9365,53.4803,33.5487,50.5388,31.2522,47.5272,29.0419,44.4743,26.7693,63.9729,24.7353,61.3245,22.8355,58.4256,21.1903,55.4284
2022-04-25,39450.12,40797.31,37386.38,38468.35,368444.26814,53.3457,32.9871,50.15,29.4103,47.0359,26.2019,44.0004,23.0455,46.1986,41.0218,43.2854,37.6391,40.4731,34.3397,37.7567,31.0401,38.2426,50.2611,35.6637,47.0712,33.1886,43.8339,30.8112,40.5504,28.8145,61.2339,26.6271,58.3898,24.5811,55.3167,22.7997,52.1459
2022-05-02,38468.35,40023.77,33713.95,34038.4,419979.5829,37.5855,51.1958,35.1209,47.9999,32.7729,44.7257,30.5335,41.3902,39.5656,49.1521,37.0146,46.062,34.5594,42.9505,32.1946,39.8104,33.652,56.1746,31.3735,53.3079,29.188,50.3367,27.0898,47.3091,27.5283,63.3142,25.492,60.7273,23.5819,57.9142,21.9212,55.0238
2022-05-09,34038.39,34243.15,26700.0,31328.89,964223.849274,14.0334,79.3483,12.6995,77.1823,11.4652,74.3856,10.3198,71.4066,28.5334,62.8328,26.6659,60.2511,24.8964,57.4878,23.2175,54.6224,28.8874,62.2018,26.9031,59.6417,25.0037,56.9295,23.1839,54.1471,24.1956,67.8476,22.4201,65.6059,20.7564,63.1168,19.3224,60.5557
2022-05-16,31328.89,31328.9,28654.47,30293.94,375096.22376,0.0,100.0,0.0,99.8315,0.0,98.7985,0.0,97.6465,11.1235,83.9574,10.1307,82.1722,9.2116,80.012,8.3582,77.6884,22.5045,70.5954,21.0244,68.4885,19.6261,66.153,18.303,63.703,21.7156,70.9116,20.0863,68.8118,18.5668,66.4422,17.2676,63.9874
2022-05-23,30293.93,30670.51,28019.56,29468.1,430508.71991,0.0,100.0,0.0,100.0,0.0,100.0,0.0,100.0,0.0,100.0,0.0,99.6202,0.0,98.8336,0.0,97.9562,9.01,87.1857,8.2395,85.8285,7.5253,84.1234,6.8615,82.2786,18.0888,76.1793,16.863,74.4864,15.7062,72.4828,14.6125,70.3672
2022-05-30,29468.1,32399.0,29282.36,29919.21,422401.40352,0.0,100.0,0.0,100.0,0.0,100.0,0.0,100.0,0.0,100.0,0.0,100.0,0.0,100.0,0.0,100.0,0.0,100.0,0.0,99.7536,0.0,99.1411,0.0,98.4564,7.5202,89.3057,6.8762,88.3038,6.2791,86.8703,5.7239,85.3127
2022-06-06,29919.2,31765.64,26560.0,26574.53,528925.487959,0.0,100.0,0.0,100.0,0.0,100.0,0.0,100.0,0.0,100.0,0.0,100.0,0.0,100.0,0.0,100.0,0.0,100.0,0.0,100.0,0.0,100.0,0.0,100.0,0.0,100.0,0.0,99.9813,0.0,99.5308,0.0,99.0308
2022-06-13,26574.53,26895.84,17622.0,20574.0,1153717.637537,0.0,100.0,0.0,100.0,0.0,100.0,0.0,100.0,0.0,100.0,0.0,100.0,0.0,100.0,0.0,100.0,0.0,100.0,0.0,100.0,0.0,100.0,0.0,100.0,0.0,100.0,0.0,100.0,0.0,100.0,0.0,100.0
2022-06-20,20574.0,21888.0,19637.03,21038.07,570801.23178,0.0,100.0,0.0,100.0,0.0,100.0,0.0,100.0,0.0,100.0,0.0,100.0,0.0,100.0,0.0,100.0,0.0,100.0,0.0,100.0,0.0,100.0,0.0,100.0,0.0,100.0,0.0,100.0,0.0,100.0,0.0,100.0
2022-06-27,21038.08,21539.85,18626.0,19315.83,508544.1397,0.0,100.0,0.0,100.0,0.0,100.0,0.0,100.0,0.0,100.0,0.0,100.0,0.0,100.0,0.0,100.0,0.0,100.0,0.0,100.0,0.0,100.0,0.0,100.0,0.0,100.0,0.0,100.0,0.0,100.0,0.0,100.0
2022-07-04,19315.83,22527.37,19055.31,20862.47,1111996.98071,0.0,100.0,0.0,100.0,0.0,100.0,0.0,100.0,0.0,100.0,0.0,100.0,0.0,100.0,0.0,100.0,0.0,100.0,0.0,100.0,0.0,100.0,0.0,100.0,0.0,100.0,0.0,100.0,0.0,100.0,0.0,100.0
2022-07-11,20861.11,21684.54,18910.94,20798.16,1043685.76303,0.0,100.0,0.0,100.0,0.0,100.0,0.0,100.0,0.0,100.0,0.0,100.0,0.0,100.0,0.0,100.0,0.0,100.0,0.0,100.0,0.0,100.0,0.0,100.0,0.0,100.0,0.0,100.0,0.0,100.0,0.0,100.0
2022-07-18,20799.58,24276.74,20762.45,22579.68,1336219.23609,0.0,100.0,0.0,100.0,0.0,99.8248,0.0,99.3521,0.0,100.0,0.0,100.0,0.0,100.0,0.0,100.0,0.0,100.0,0.0,100.0,0.0,100.0,0.0,100.0,0.0,100.0,0.0,100.0,0.0,100.0,0.0,100.0
2022-07-25,22577.13,24668.0,20706.5,23293.32,1282264.24492,0.4272,98.4326,0.1958,98.0783,0.0,97.4926,0.0,96.5426,0.0,99.8812,0.0,99.528,0.0,99.1406,0.0,98.7137,0.0,100.0,0.0,100.0,0.0,99.9636,0.0,99.4921,0.0,100.0,0.0,100.0,0.0,100.0,0.0,100.0
2022-08-01,23296.36,23647.68,22400.0,23174.39,951140.43388,0.6163,96.2432,0.2797,95.1697,0.0,93.7058,0.0,91.6751,0.0,99.8599,0.0,99.442,0.0,98.8361,0.0,98.0464,0.0,100.0,0.0,100.0,0.0,99.9604,0.0,99.447,0.0,100.0,0.0,100.0,0.0,100.0,0.0,100.0
2022-08-08,23174.39,25047.56,22664.69,24305.24,1251083.26468,6.3771,85.4776,5.0867,82.872,3.9431,79.7641,3.2305,76.0517,2.2762,95.398,1.8617,94.1744,1.4835,92.6447,1.1369,90.8134,0.7052,98.195,0.4859,97.8465,0.2838,97.4153,0.0967,96.4291,0.0,99.2753,0.0,98.9826,0.0,98.658,0.0,98.2959
2022-08-15,24305.25,25211.32,20761.9,21515.61,1402957.39876,9.4975,78.2131,7.5354,74.2725,5.8111,69.688,4.7228,64.4604,2.9029,93.9824,2.3625,92.344,1.874,90.2924,1.4302,87.8321,0.891,97.6677,0.6113,97.1972,0.3555,96.6098,0.1207,95.2913,0.0,99.2019,0.0,98.8793,0.0,98.5213,0.0,98.1219
2022-08-22,21516.7,21900.0,19520.0,19555.61,1343190.86,10.3523,77.5722,8.3018,73.9715,6.4639,69.9014,5.2931,65.3843,3.6688,92.2731,2.9763,90.1551,2.3541,87.516,1.792,84.3715,1.0473,97.2459,0.7178,96.6853,0.4171,95.9846,0.1416,94.428,0.0,99.043,0.0,98.6516,0.0,98.2142,0.0,97.7222
2022-08-29,19555.61,20576.25,19540.0,20000.3,1527594.84529,11.6676,75.7906,9.4294,72.2519,7.3937,68.3498,6.0834,64.1318,4.3181,90.9774,3.5074,88.5683,2.7773,85.6095,2.1162,82.1451,1.3239,96.447,0.904,95.6949,0.5235,94.7466,0.1771,92.6882,0.0,98.8613,0.0,98.3925,0.0,97.8665,0.0,97.272
2022-09-05,20000.3,21860.0,18510.77,21826.87,2146685.76233,13.1866,71.3012,10.338,67.5019,8.1111,63.7789,6.6688,60.1298,5.806,85.9745,4.6913,82.0128,3.6973,77.5398,2.8054,72.7056,1.7062,95.3031,1.1595,94.2587,0.6686,92.3315,0.2253,88.9559,0.0,98.4608,0.0,97.8088,0.0,97.0639,0.0,96.2047
2022-09-12,21826.87,22799.0,19320.01,19416.18,2218565.59694,9.1948,79.6445,7.547,76.6096,6.3619,73.5177,5.269,70.3673,5.3677,87.768,4.39,84.5226,3.4978,80.9142,2.6805,77.0711,1.9263,94.7593,1.3119,93.6202,0.7579,91.5337,0.2559,87.9304,0.0,98.2404,0.0,97.4981,0.0,96.6526,0.0,95.6804
2022-09-19,19417.45,19956.0,18125.98,18807.38,2285541.48793,7.5801,84.8118,6.2469,82.6714,5.2933,80.4209,4.405,78.0517,4.5886,90.1573,3.7821,88.2929,3.0352,86.0355,2.3413,83.4516,1.8637,95.1429,1.2797,94.1714,0.7448,92.3772,0.2531,89.2691,0.0,98.0626,0.0,97.2538,0.0,96.3383,0.0,95.2935
2022-09-26,18809.13,20385.86,18471.28,19056.8,2777070.91238,0.3443,96.1332,0.0,95.0726,0.0,93.9217,0.0,92.6684,4.1934,91.0548,3.4623,89.3707,2.7828,87.5786,2.1498,85.668,1.77,95.5355,1.2233,94.6979,0.7163,93.2295,0.2448,91.6376,0.0,98.056,0.0,97.265,0.0,96.3838,0.0,95.3961
2022-10-03,19057.74,20475.0,18959.68,19439.02,1690215.44019,0.3756,95.7514,0.0,94.5746,0.0,93.2919,0.0,91.8884,0.0,98.5827,0.0,97.7973,0.0,96.9389,0.0,95.9969,1.7369,95.6567,1.2025,94.8556,0.7053,93.4476,0.2414,91.929,0.0,98.0834,0.0,97.322,0.0,96.486,0.0,95.5639
2022-10-10,19439.96,19951.87,18190.0,19262.98,1666942.47921,0.4731,94.5074,0.0,92.9293,0.0,91.1798,0.0,89.2293,0.0,98.4637,0.0,97.6114,0.0,96.6792,0.0,95.6554,0.0,100.0,0.0,100.0,0.0,99.3949,0.0,98.7233,0.0,98.1096,0.0,97.3723,0.0,96.5716,0.0,95.6987
2022-10-17,19262.98,19706.66,18650.0,19570.4,1439566.24878,0.5806,93.1356,0.0,91.112,0.0,88.5172,0.0,85.2189,0.0,97.9883,0.0,96.8413,0.0,95.5605,0.0,94.121,0.0,100.0,0.0,100.0,0.0,99.3229,0.0,98.5676,0.0,100.0,0.0,100.0,0.0,100.0,0.0,100.0
2022-10-24,19570.4,21085.0,19157.0,20627.48,2026392.42105,8.7508,87.23,7.98,85.9004,7.2778,84.1148,6.6355,81.7383,5.9627,87.7731,5.1302,85.3663,4.3772,82.7427,3.6928,79.8715,3.2459,94.2234,2.7524,93.4015,2.3006,91.7633,1.8853,89.9585,1.4844,97.1086,1.1982,96.6725,0.9326,96.1923,0.6853,95.6611
2022-10-31,20627.48,21480.65,20031.24,20905.58,2205754.83045,21.4575,69.5999,19.6277,66.8454,17.9261,63.7024,16.3397,60.1763,12.5608,80.8719,11.2136,78.8544,9.9599,76.6434,8.7901,74.2097,8.7711,85.1832,7.5628,83.2725,6.4478,80.5596,5.4155,77.6379,4.7267,91.5405,3.9669,90.3842,3.2615,89.1118,2.6049,87.7048
2022-11-07,20905.58,21069.77,15588.0,16329.85,3234391.873932,17.8948,75.6837,16.5128,73.8102,15.2056,71.659,13.9674,69.2051,11.1339,83.5442,10.0021,81.9717,8.9359,80.2805,7.9298,78.4565,6.826,89.0128,5.9445,87.7781,5.1152,86.4475,4.3336,85.0095,4.4526,92.1437,3.7477,91.1087,3.0897,89.9802,2.474,88.7448
2022-11-14,16331.78,17190.0,15815.21,16280.23,1626234.48043,15.2942,79.2376,14.1159,77.6442,13.0011,75.7909,11.9446,73.6398,10.6479,84.4274,9.5871,82.992,8.5834,81.4581,7.6323,79.8151,6.5964,89.4558,5.753,88.295,4.9573,87.0493,4.2054,85.7091,3.8729,93.3098,3.2744,92.4765,2.7107,91.5798,2.179,90.6121
2022-11-21,16279.5,16812.63,15476.0,16428.78,1561058.479583,13.4543,81.5717,12.3941,80.1055,11.3947,78.3824,10.4509,76.3562,10.2006,85.1372,9.1918,83.7849,8.2358,82.3429,7.3285,80.8022,6.7156,89.2635,5.8568,88.0809,5.0466,86.8117,4.281,85.4462,3.9239,93.206,3.3158,92.3544,2.7438,91.4368,2.2046,90.445
2022-11-28,16428.77,17324.0,15995.27,17105.7,1572173.55626,13.1363,81.6231,12.0475,80.0353,11.0298,78.1586,10.0766,75.9402,10.017,85.1915,8.9982,83.7753,8.0387,82.2519,7.1333,80.6088,6.9925,88.7688,6.0922,87.5146,5.2445,86.1648,4.445,84.708,4.2303,92.6032,3.5674,91.6516,2.9462,90.62,2.363,89.4976
2022-12-05,17106.65,17424.25,16678.83,17085.05,1443791.97519,12.5624,82.1528,11.4847,80.5191,10.4835,78.7231,9.5511,76.7395,9.9556,84.9906,8.9063,83.4583,7.9259,81.7898,7.0076,79.966,7.04,88.6598,6.1299,87.3827,5.2739,86.0057,4.4675,84.5168,4.4554,92.1629,3.7525,91.1388,3.0955,90.0242,2.48,88.8067
2022-12-12,17085.05,18387.95,16527.32,16738.21,1511897.62621,6.2778,90.4454,5.6452,89.3694,5.0677,88.1495,4.5384,86.7548,9.4599,85.5878,8.4446,84.0657,7.4998,82.3971,6.6185,80.5598,6.9651,88.6391,6.0488,87.3122,5.1913,85.8703,4.3873,84.298,4.4723,92.1334,3.7668,91.1056,3.1073,89.987,2.4895,88.7651
2022-12-19,16739.0,17061.27,16256.3,16832.11,1148035.81471,0.0,100.0,0.0,100.0,0.0,100.0,0.0,100.0,5.1192,92.2568,4.6096,91.4008,4.1436,90.4335,3.7158,89.332,6.8035,88.7686,5.8937,87.4108,5.0465,85.9242,4.2557,84.2894,4.5488,91.9644,3.8278,90.9025,3.155,89.7438,2.5257,88.4742
2022-12-26,16832.11,16972.83,16333.0,16616.75,1028681.78419,0.0,100.0,0.0,100.0,0.0,100.0,0.0,100.0,0.0,100.0,0.0,100.0,0.0,100.0,0.0,100.0,3.7259,93.7977,3.2369,93.0046,2.7874,92.1169,2.3728,91.1169,4.4646,92.0527,3.7511,90.9814,3.0873,89.8068,2.4681,88.5129
2023-01-02,16617.17,17176.99,16548.7,17127.83,1112349.61417,0.1407,98.3568,0.0,97.7503,0.0,96.9739,0.0,95.9443,0.0,100.0,0.0,100.0,0.0,99.9807,0.0,99.6719,0.0,100.0,0.0,100.0,0.0,100.0,0.0,100.0,2.7292,95.2595,2.3323,94.6147,1.9677,93.8928,1.6313,92.7087
2023-01-09,17127.83,21258.0,17104.66,20871.5,2145455.73458,45.2158,40.685,42.3199,36.3821,39.6513,31.6817,37.1753,26.5261,30.7035,58.8249,28.6508,55.4442,26.7681,51.6445,25.035,47.3586,21.3477,71.8798,19.9951,69.7378,18.7471,67.3559,17.592,64.6915,15.3771,80.226,14.4752,78.8753,13.6357,77.3951,12.8525,75.5854
2023-01-16,20872.99,23371.8,20407.15,22707.88,2108890.06922,71.1425,19.3326,68.7432,16.9448,66.3253,14.5545,63.9244,12.1616,59.3365,28.3437,56.5494,24.9333,53.8664,21.3797,51.2816,17.7688,46.1382,42.8878,43.7423,39.7345,41.4647,36.387,39.297,32.8267,35.6061,55.8274,33.7478,53.3489,31.9854,50.7094,30.3115,47.9061
2023-01-23,22706.02,23960.54,22300.0,23742.3,1946352.796,84.0152,11.0904,82.6222,9.9864,81.1267,8.9247,79.5698,7.9029,74.837,16.0795,72.5384,13.8358,70.2287,11.6091,67.9076,9.4813,65.3788,23.8061,62.7929,20.9779,60.2519,18.0971,57.7543,15.1622,54.0529,35.6499,51.6678,32.8683,49.3517,29.9955,47.1017,27.1533
2023-01-30,23743.37,24255.0,22500.0,22932.91,1949971.72168,91.9665,6.0442,91.3273,5.6283,90.5821,5.2387,89.7748,4.8731,82.9362,10.6731,81.1779,9.2188,79.3475,7.8214,77.4404,6.5502,74.866,15.9873,72.5057,13.7716,70.1148,11.5832,67.6926,9.4216,66.4626,23.1444,63.9008,20.509,61.3534,17.8585,58.8202,15.3676
2023-02-06,22932.91,23452.0,21451.0,21783.54,1976378.51282,95.7027,3.1409,95.2882,2.9117,94.7655,2.7008,93.6127,2.506,89.6262,6.3845,88.4344,5.5447,87.1459,4.7622,85.7484,4.1023,80.8338,11.5689,78.7273,9.8528,76.5269,8.2017,74.226,6.6119,73.1398,17.1468,70.5924,14.8309,67.9945,12.5575,65.3447,10.5133
2023-02-13,21782.37,25250.0,21351.07,24271.76,2497565.47508,100.0,0.0,99.9557,0.0,99.8459,0.0,99.1524,0.0,95.2933,3.2843,94.8494,2.9967,94.3591,2.7354,93.8149,2.5592,88.9389,6.257,87.5304,5.2278,86.0211,4.2559,84.3998,3.3366,81.1954,11.2869,79.1135,9.5868,76.9399,7.9503,74.6684,6.5513
2023-02-20,24272.51,25250.0,22722.0,23554.85,2237983.72753,100.0,0.0,100.0,0.0,100.0,0.0,99.4696,0.0,99.4288,0.1533,99.295,0.0708,99.1452,0.0,98.9763,0.0,94.0922,3.4027,93.3193,2.8909,92.4703,2.4153,91.5336,1.972,87.8775,6.568,86.2562,5.3732,84.5224,4.2432,82.664,3.3484
2023-02-27,23554.85,24000.0,21971.13,22430.24,1698503.29143,99.7902,0.0,99.4163,0.0,98.994,0.0,97.8745,0.0,100.0,0.0,100.0,0.0,100.0,0.0,99.9363,0.0,98.8622,0.6257,98.696,0.5258,98.5087,0.4343,97.8214,0.3502,92.6375,3.6534,91.4938,2.8953,90.2381,2.1905,88.7263,1.709
2023-03-06,22430.24,22602.19,19549.09,21997.11,2718623.72856,95.4428,1.7984,94.1458,1.3312,92.6772,0.9091,90.2807,0.5258,98.2986,0.3722,97.8603,0.1166,97.3621,0.0,96.7194,0.0,99.4236,0.0,99.0769,0.0,98.6877,0.0,97.7737,0.0,97.5201,0.6586,96.4803,0.3542,95.3347,0.0756,93.9139,0.0
2023-03-13,21998.05,28390.1,21813.88,27972.87,3775888.94983,95.8965,1.6795,94.7871,1.2521,93.5603,0.8606,91.5524,0.5007,98.4088,0.3538,98.0094,0.1112,97.5607,0.0,96.9867,0.0,99.4809,0.0,99.1724,0.0,98.8294,0.0,98.0231,0.0,99.784,0.0,99.3313,0.0,98.8347,0.0,98.1543,0.0
2023-03-20,27972.87,28868.05,26601.8,27968.05,1437828.84706,96.3849,1.5229,95.4449,1.142,94.4232,0.7891,92.7406,0.4614,98.3997,0.3573,98.0007,0.1124,97.5538,0.0,96.9832,0.0,99.4823,0.0,99.1745,0.0,98.8321,0.0,98.0273,0.0,99.7945,0.0,99.3642,0.0,98.8925,0.0,98.2464,0.0
2023-03-27,27968.05,29184.68,26508.14,28171.87,500795.73087,96.9355,1.3238,96.1644,0.998,95.3378,0.693,94.4495,0.4071,98.4784,0.344,98.1065,0.1085,97.6933,0.0,97.1691,0.0,99.4653,0.0,99.1462,0.0,98.7903,0.0,97.9538,0.0,99.7915,0.0,99.3539,0.0,98.8727,0.0,98.2118,0.0
2023-04-03,28171.87,28775.0,27200.24,28323.76,306532.39014,96.8533,1.3451,96.0495,1.0117,95.1825,0.7011,94.2443,0.411,98.6249,0.3166,98.2986,0.1002,97.9403,0.0,97.4893,0.0,99.4738,0.0,99.1609,0.0,98.8129,0.0,97.9952,0.0,99.7825,0.0,99.3245,0.0,98.8187,0.0,98.1216,0.0
2023-04-10,28323.76,31000.0,28170.0,30304.65,377573.74044,97.2134,1.1839,96.4928,0.8894,95.7115,0.6157,94.8613,0.3606,98.6882,0.3034,98.3792,0.0961,98.0409,0.0,97.6159,0.0,99.5411,0.0,99.2732,0.0,98.9795,0.0,98.2886,0.0,99.7958,0.0,99.3675,0.0,98.8971,0.0,98.2515,0.0
2023-04-17,30304.66,30485.0,27125.0,27590.6,430421.84646,97.2491,1.1613,95.9681,0.8691,94.5957,0.5995,93.1218,0.35,98.6079,0.317,98.2715,0.1001,97.6812,0.0,96.2724,0.0,99.4943,0.0,99.1955,0.0,98.8649,0.0,98.0877,0.0,99.7953,0.0,99.3661,0.0,98.8948,0.0,98.2481,0.0
2023-04-24,27590.59,30036.0,26942.82,29233.21,444613.47701,99.8738,0.0,99.0505,0.0,98.1614,0.0,97.1983,0.0,98.7125,0.2931,98.4013,0.0925,97.8545,0.0,96.5958,0.0,99.5019,0.0,99.2081,0.0,98.8834,0.0,98.12,0.0,99.789,0.0,99.3458,0.0,98.8582,0.0,98.1881,0.0
2023-05-01,29233.2,29820.0,27666.95,28430.1,360117.97447,99.8327,0.0,98.732,0.0,97.5249,0.0,96.1951,0.0,100.0,0.0,100.0,0.0,99.7919,0.0,98.8786,0.0,99.5139,0.0,99.2278,0.0,98.9121,0.0,98.5618,0.0,99.7829,0.0,99.3264,0.0,98.8234,0.0,98.1314,0.0
2023-05-08,28430.09,28631.01,25811.46,26917.62,338765.74243,90.147,6.0371,87.9051,5.3371,85.494,4.6996,82.8935,4.1164,94.7836,3.1657,94.1227,2.7631,93.1526,2.3937,91.3374,2.0534,97.3113,1.5181,96.9479,1.2803,96.5477,1.0596,96.1047,0.8543,97.6991,0.2123,96.6988,0.0,95.6214,0.0,94.4575,0.0
2023-05-15,26917.61,27663.59,26361.2,26747.78,230394.72253,77.6363,13.9544,74.2795,12.2883,70.7976,10.747,67.1836,9.317,87.2552,7.6167,85.6228,6.5986,83.5868,5.6609,80.6789,4.7945,92.9867,3.8926,92.0067,3.2653,90.9207,2.6854,89.7107,2.1476,95.9859,1.1801,95.1405,0.754,94.2271,0.553,93.2373,0.3664
2023-05-22,26747.78,28261.32,25871.89,28065.0,251061.07389,72.6947,17.1337,68.8516,15.1018,64.9309,13.2188,60.9303,11.469,84.258,9.2849,82.1666,8.0229,79.5764,6.8664,75.9974,5.8027,91.4015,4.6685,90.131,3.8991,88.7021,3.1938,87.0833,2.5447,95.113,1.4081,94.0477,0.8953,92.8822,0.6532,91.6014,0.4308
2023-05-29,28065.01,28447.14,26505.0,27115.21,233113.44204,47.1897,34.6503,42.4992,30.6421,38.0723,26.8193,33.8874,23.1693,75.1682,14.06,71.8615,11.8491,68.0682,9.791,63.5572,7.8704,86.1321,6.848,83.8963,5.4549,81.4014,4.1721,78.5994,3.1971,92.4109,1.9088,90.6728,1.1044,88.7717,0.8001,86.6835,0.5243
2023-06-05,27115.2,27391.77,25351.02,25925.55,347786.76863,36.3242,51.0169,33.3283,47.6718,30.3956,44.2496,27.5242,40.7476,46.0216,36.3518,41.0811,32.4113,36.06,28.6339,31.5992,25.0099,71.4405,17.1082,68.0196,14.6976,64.3211,12.4348,60.3098,10.5203,82.1761,8.5754,79.4351,6.9962,76.4829,5.9986,73.2941,5.0914
2023-06-12,25925.54,26839.99,24800.0,26339.97,265685.74051,14.1597,74.4228,11.7186,71.068,9.415,67.4696,7.2376,63.5997,38.9039,46.1115,35.3085,42.207,31.7706,38.2358,28.2887,34.1964,50.2777,31.3445,45.1005,27.2558,39.6538,23.3432,33.916,19.8416,72.9084,13.9328,69.2024,11.4299,65.304,9.6152,61.1978,7.9539
2023-06-19,26339.98,31431.94,26256.61,30462.66,408189.22942,40.679,48.517,38.1986,45.5715,35.7979,42.5173,33.4732,39.3483,48.2672,39.8694,45.4933,36.6954,42.7904,33.431,40.1557,30.0722,62.0014,25.2064,58.624,22.1764,55.1701,19.2093,51.637,16.5303,70.3211,15.5972,66.4634,12.8404,62.4549,10.8196,58.2866,8.9639
2023-06-26,30462.67,31282.0,29500.0,30617.03,294881.44198,59.5427,30.4051,56.9924,27.9287,54.4268,25.4667,51.8459,23.019,56.768,32.3545,54.1306,29.5501,51.5248,26.7104,48.95,23.8348,64.078,24.4261,61.1361,21.6182,58.1662,18.836,55.168,16.3045,74.155,13.9662,71.0139,11.5864,67.7993,9.8477,64.5087,8.2242
2023-07-03,30617.02,31500.0,29701.02,30160.71,244056.69119,70.8367,20.7974,68.5171,18.9077,66.094,17.0896,63.5603,15.339,66.7311,23.3845,64.1485,21.0192,61.5188,18.6941,58.8408,16.4081,66.3503,23.0905,63.6788,20.482,60.9945,17.8857,58.2973,15.5211,73.118,14.7797,69.9866,12.3035,66.8113,10.4827,63.5909,8.7744
2023-07-10,30160.71,31804.2,29900.0,30231.99,269249.39031,72.3925,19.4449,70.093,17.6289,67.6737,15.8912,65.125,14.2268,75.1203,16.7015,72.825,14.8756,70.4142,13.1262,67.8789,11.4485,73.169,17.6535,70.7004,15.5189,68.1555,13.4428,65.531,11.6363,73.8861,14.5672,70.9525,12.1712,67.9998,10.4078,65.0278,8.7417
2023-07-17,30232.0,30417.46,29512.0,30083.75,180919.27148,77.6601,15.4938,75.5866,14.0709,73.3301,12.7409,70.865,11.4949,75.5288,16.2126,73.1714,14.3981,70.6764,12.6695,68.0314,11.0208,79.0238,13.3612,76.8484,11.6893,74.5453,10.097,72.1027,8.7882,78.6813,12.8077,76.3442,10.9966,73.9131,9.4386,71.3825,7.9558
2023-07-24,30083.75,30099.58,28861.9,29281.09,168154.81375,87.9255,5.4292,85.8616,4.7215,83.5998,4.0811,81.1103,3.4989,77.4124,14.3771,74.8012,12.9461,72.0524,11.6171,69.1547,10.3796,77.2737,13.9125,74.4265,12.1215,71.488,10.4294,68.4541,9.0424,81.8198,10.7288,79.393,9.2528,76.6758,8.044,73.8614,6.9141
2023-07-31,29281.09,30047.5,28585.7,29088.42,190359.38216,92.2436,2.1686,90.4698,1.7613,88.5082,1.395,86.3273,1.0638,86.1649,5.3203,83.34,4.2203,80.3601,3.5276,77.2123,2.8998,78.0183,12.8464,74.9425,11.4027,71.7856,10.0689,68.5441,8.8328,79.5365,11.3357,76.443,9.7323,73.1194,8.4237,69.7578,7.2108
2023-08-07,29088.43,30244.0,28701.03,29303.84,178844.98681,86.7901,3.1781,83.3854,2.5359,79.5864,1.9773,75.3203,1.487,93.5314,0.3841,90.9663,0.0,88.2295,0.0,85.3032,0.0,88.6982,4.4432,85.3741,3.7755,81.9482,3.1747,78.4156,2.6313,81.3188,10.8199,78.1304,9.4368,74.5502,8.161,70.9468,6.9804
2023-08-14,29303.85,29695.32,25166.0,26189.99,307223.55373,42.2229,40.9871,37.603,37.5624,32.8093,34.4463,27.8318,31.5988,61.4526,25.9847,57.6925,23.742,53.8179,21.9,49.8235,20.2312,73.8076,17.9574,70.7705,16.6748,67.6644,15.5017,64.4872,14.4248,72.4015,18.9681,69.358,17.3175,66.0696,15.7808,62.7709,14.3466
2023-08-21,26190.0,26819.27,25300.0,26101.77,188618.43325,19.3472,66.6504,16.1071,62.6313,12.9427,58.7606,9.8514,55.0303,34.9868,49.6763,31.2632,46.0975,27.5843,42.7797,23.9494,39.693,51.9085,35.6128,48.4282,33.097,44.9663,30.7602,41.5224,28.584,64.4399,26.5916,61.5835,24.775,58.5908,23.0697,55.5963,21.4658
2023-08-28,26101.78,28142.85,25333.75,25971.21,258183.08813,6.0907,86.2326,4.605,82.9852,3.2189,79.6685,1.9227,76.2803,18.2686,68.3949,15.6327,64.5404,13.1308,60.6521,10.7531,56.8914,31.7308,53.5815,28.5084,50.0774,25.4059,46.7472,22.4166,43.5782,47.0471,40.7387,43.8103,38.0414,40.6766,35.4726,37.6142,33.0232
2023-09-04,25971.21,26445.5,25372.51,25841.61,156769.66561,0.0,99.3601,0.0,97.7831,0.0,96.08,0.0,94.2348,6.4895,84.6279,5.2035,81.3094,4.0236,77.6293,2.9373,73.9094,17.7345,68.6428,15.4279,64.837,13.2763,61.102,11.2644,57.4359,30.2353,55.725,27.134,52.3383,24.3844,49.0445,21.7695,45.8398
2023-09-11,25841.6,26888.0,24901.0,26527.51,221247.03537,0.0,99.4937,0.0,99.0318,0.0,98.5111,0.0,97.9195,0.0,96.5917,0.0,94.3742,0.0,91.519,0.0,88.4796,7.2958,81.414,6.0701,77.6253,4.9651,73.7683,3.9636,69.8412,18.8433,66.8928,16.2361,63.121,14.1506,59.3535,12.2236,55.5902
2023-09-18,26527.5,27483.57,26122.08,26248.38,191220.58923,0.0,99.5081,0.0,99.0569,0.0,98.5451,0.0,97.9596,0.0,98.7809,0.0,97.9161,0.0,96.4365,0.0,94.7878,0.0,93.1246,0.0,90.0885,0.0,86.8687,0.0,83.448,8.2482,79.3659,6.5796,75.6974,5.5093,71.908,4.5466,67.9918
2023-09-25,26248.39,28065.51,25990.46,27992.57,189937.16919,9.152,87.2588,8.4371,86.1202,7.7782,84.8521,7.1688,83.431,7.5411,87.3433,6.6882,85.7254,5.9023,83.9519,5.1758,81.9993,6.3595,86.2676,5.4741,83.5019,4.6717,80.5655,3.941,77.4421,6.1785,81.9875,4.7362,78.4009,3.9038,74.6767,3.1591,70.8067
2023-10-02,27992.58,28580.0,27160.5,27917.05,217523.39638,18.8946,72.8415,17.216,70.2756,15.6588,67.4487,14.2102,64.3189,12.2734,81.5292,10.9799,79.6608,9.769,77.6319,8.6332,75.4209,10.5729,80.8125,9.122,78.2928,7.7731,75.6125,6.5159,72.7558,9.4458,79.532,7.7242,76.1794,6.3277,72.6863,5.046,69.0435
2023-10-09,27917.06,27987.93,26538.66,27154.15,164897.39085,24.89,63.2593,22.5586,59.303,20.4177,54.9941,18.4449,50.3298,15.7265,75.5853,13.9798,72.7721,12.3647,69.5068,10.8669,65.9667,10.3882,82.8551,8.9858,80.8056,7.6756,78.4393,6.4487,75.7692,9.3537,81.0562,7.6714,78.2374,6.3017,74.9307,5.0379,71.4554
2023-10-16,27154.14,30379.99,27112.66,29992.46,294677.81127,55.742,29.9642,52.4764,26.3477,49.3214,22.7477,46.2715,19.1178,40.2119,46.8239,37.344,43.1732,34.6053,39.4323,31.9872,35.5718,29.8015,59.2091,27.3877,56.0713,25.0884,52.7373,22.8956,49.2384,22.8532,68.0011,20.8641,65.3623,18.9759,62.4384,17.1811,59.3818
2023-10-23,29992.46,35280.0,29883.6,34525.89,373306.40874,86.0064,6.5231,84.0306,5.074,82.0083,3.7342,79.938,2.4436,72.4225,17.9068,69.9763,15.5915,67.5186,13.474,65.0491,11.3954,60.6263,28.9401,58.0719,26.2764,55.5385,23.6725,53.0259,21.1406,51.1214,38.5689,48.6698,35.8579,46.2655,33.2081,43.9073,30.5403
2023-10-30,34525.88,35984.99,34025.0,35011.88,249862.2126,93.7741,2.8168,92.8026,2.2997,91.7752,1.8535,90.6869,1.4321,88.4427,5.8313,86.8658,4.603,85.2234,3.5887,83.5114,2.6197,78.2482,13.9908,76.1899,12.1607,74.0808,10.4671,71.9192,8.9031,69.0041,21.9807,66.7021,19.7739,64.3803,17.7669,62.0384,15.7988
2023-11-06,35011.89,37972.24,34523.06,37064.13,261060.64807,98.9385,0.0347,98.6336,0.0,98.3049,0.0,97.9495,0.0,94.7362,2.5518,93.951,2.0216,93.1146,1.6477,92.2217,1.2953,90.4121,5.0725,89.1408,4.0674,87.8036,3.193,86.3954,2.433,82.5004,11.0404,80.7498,9.5489,78.9394,8.2882,77.0661,7.0756
2023-11-13,37064.13,37980.0,34800.0,37359.86,255993.59565,99.0759,0.0298,98.8053,0.0,98.5108,0.0,98.1893,0.0,99.0909,0.1161,98.8523,0.0,98.5934,0.0,98.3116,0.0,95.269,2.4365,94.5946,1.9462,93.8711,1.5573,93.0929,1.2528,91.4177,4.4767,90.2488,3.5724,89.0131,2.8869,87.7048,2.2376
2023-11-20,37359.85,38414.0,35632.01,37447.43,229889.97507,99.161,0.0267,98.9116,0.0,98.6383,0.0,98.3374,0.0,99.1748,0.1045,98.9553,0.0,98.7158,0.0,98.4534,0.0,99.1574,0.1933,98.9596,0.059,98.7438,0.0,98.5074,0.0,95.4897,2.2204,94.8119,1.7343,94.0823,1.4337,93.2948,1.1522
2023-11-27,37447.42,40250.0,36707.0,39972.26,222103.26117,100.0,0.0,100.0,0.0,100.0,0.0,100.0,0.0,99.2861,0.0903,99.0958,0.0,98.8881,0.0,98.6603,0.0,99.2691,0.1679,99.0979,0.0513,98.9112,0.0,98.7068,0.0,99.1412,0.1478,98.9257,0.0001,98.6911,0.0,98.4347,0.0
2023-12-04,39972.26,44700.0,39972.26,43789.51,332080.41362,100.0,0.0,100.0,0.0,100.0,0.0,100.0,0.0,100.0,0.0,100.0,0.0,100.0,0.0,100.0,0.0,99.3955,0.1398,99.2556,0.0428,99.1036,0.0,98.9382,0.0,99.2862,0.1237,99.1091,0.0001,98.9171,0.0,98.7083,0.0
2023-12-11,43789.5,43804.5,40222.0,41374.65,292562.41578,100.0,0.0,100.0,0.0,100.0,0.0,100.0,0.0,100.0,0.0,100.0,0.0,100.0,0.0,100.0,0.0,100.0,0.0,100.0,0.0,100.0,0.0,100.0,0.0,99.343,0.1134,99.1789,0.0001,99.0007,0.0,98.8063,0.0
2023-12-18,41374.64,44398.26,40542.93,42991.5,245481.20612,100.0,0.0,100.0,0.0,100.0,0.0,100.0,0.0,100.0,0.0,100.0,0.0,100.0,0.0,100.0,0.0,100.0,0.0,100.0,0.0,100.0,0.0,100.0,0.0,100.0,0.0,100.0,0.0,100.0,0.0,100.0,0.0
2023-12-25,42991.5,43802.32,41300.0,42283.58,228462.70228,100.0,0.0,100.0,0.0,100.0,0.0,100.0,0.0,100.0,0.0,100.0,0.0,100.0,0.0,100.0,0.0,100.0,0.0,100.0,0.0,100.0,0.0,100.0,0.0,100.0,0.0,100.0,0.0,100.0,0.0,100.0,0.0
2024-01-01,42283.58,45879.63,40750.0,43929.02,310487.48622,100.0,0.0,100.0,0.0,100.0,0.0,100.0,0.0,100.0,0.0,100.0,0.0,100.0,0.0,100.0,0.0,100.0,0.0,100.0,0.0,100.0,0.0,100.0,0.0,100.0,0.0,100.0,0.0,100.0,0.0,100.0,0.0
2024-01-08,43929.01,48969.48,41500.0,41732.35,470798.80434,100.0,0.0,100.0,0.0,100.0,0.0,99.8991,0.0,100.0,0.0,100.0,0.0,100.0,0.0,100.0,0.0,100.0,0.0,100.0,0.0,100.0,0.0,100.0,0.0,100.0,0.0,100.0,0.0,100.0,0.0,100.0,0.0
2024-01-15,41732.35,43578.01,40280.0,41580.33,238486.27274,100.0,0.0,99.8044,0.0,99.4359,0.0,98.9068,0.0,100.0,0.0,100.0,0.0,100.0,0.0,100.0,0.0,100.0,0.0,100.0,0.0,100.0,0.0,100.0,0.0,100.0,0.0,100.0,0.0,100.0,0.0,100.0,0.0
2024-01-22,41580.32,42842.68,38555.0,42031.06,274603.16207,100.0,0.0,99.6948,0.0,99.106,0.0,98.2405,0.0,100.0,0.0,100.0,0.0,100.0,0.0,100.0,0.0,100.0,0.0,100.0,0.0,100.0,0.0,100.0,0.0,100.0,0.0,100.0,0.0,100.0,0.0,100.0,0.0
2024-01-29,42031.05,43882.36,41804.88,42582.88,203036.61925,100.0,0.0,99.6324,0.0,98.9245,0.0,97.8874,0.0,100.0,0.0,100.0,0.0,100.0,0.0,100.0,0.0,100.0,0.0,100.0,0.0,100.0,0.0,100.0,0.0,100.0,0.0,100.0,0.0,100.0,0.0,100.0,0.0
2024-02-05,42582.88,48592.66,42258.1,48299.99,262240.48357,100.0,0.0,99.701,0.0,99.1375,0.0,98.3305,0.0,100.0,0.0,100.0,0.0,100.0,0.0,100.0,0.0,100.0,0.0,100.0,0.0,100.0,0.0,100.0,0.0,100.0,0.0,100.0,0.0,100.0,0.0,100.0,0.0
2024-02-12,48300.0,52816.62,47710.01,52137.67,310862.3017,100.0,0.0,99.7978,0.0,99.4227,0.0,98.8938,0.0,100.0,0.0,100.0,0.0,100.0,0.0,100.0,0.0,100.0,0.0,100.0,0.0,100.0,0.0,100.0,0.0,100.0,0.0,100.0,0.0,100.0,0.0,100.0,0.0
2024-02-19,52137.68,52985.0,50521.0,51728.85,223366.16186,100.0,0.0,99.819,0.0,99.4811,0.0,99.0013,0.0,100.0,0.0,100.0,0.0,100.0,0.0,100.0,0.0,100.0,0.0,100.0,0.0,100.0,0.0,100.0,0.0,100.0,0.0,100.0,0.0,100.0,0.0,100.0,0.0
2024-02-26,51728.85,64000.0,50901.44,63113.97,417907.83383,100.0,0.0,99.8934,0.0,99.6963,0.0,99.4843,0.0,100.0,0.0,100.0,0.0,100.0,0.0,100.0,0.0,100.0,0.0,100.0,0.0,100.0,0.0,100.0,0.0,100.0,0.0,100.0,0.0,100.0,0.0,100.0,0.0
2024-03-04,63113.97,69990.0,59005.0,68955.88,481870.181782,100.0,0.0,100.0,0.0,100.0,0.0,100.0,0.0,100.0,0.0,100.0,0.0,100.0,0.0,100.0,0.0,100.0,0.0,100.0,0.0,100.0,0.0,100.0,0.0,100.0,0.0,100.0,0.0,100.0,0.0,100.0,0.0
2024-03-11,68955.88,73777.0,64533.0,68393.48,477496.91752,100.0,0.0,100.0,0.0,100.0,0.0,100.0,0.0,100.0,0.0,100.0,0.0,100.0,0.0,100.0,0.0,100.0,0.0,100.0,0.0,100.0,0.0,100.0,0.0,100.0,0.0,100.0,0.0,100.0,0.0,100.0,0.0
2024-03-18,68393.47,68956.0,60775.0,67209.99,409762.74414,100.0,0.0,100.0,0.0,100.0,0.0,100.0,0.0,100.0,0.0,100.0,0.0,100.0,0.0,100.0,0.0,100.0,0.0,100.0,0.0,100.0,0.0,100.0,0.0,100.0,0.0,100.0,0.0,100.0,0.0,100.0,0.0
2024-03-25,67210.0,71769.54,66385.06,71280.01,235409.95755,100.0,0.0,100.0,0.0,100.0,0.0,100.0,0.0,100.0,0.0,100.0,0.0,100.0,0.0,100.0,0.0,100.0,0.0,100.0,0.0,100.0,0.0,100.0,0.0,100.0,0.0,100.0,0.0,100.0,0.0,100.0,0.0
2024-04-01,71280.0,71288.23,64493.07,69360.39,274227.11488,100.0,0.0,100.0,0.0,100.0,0.0,100.0,0.0,100.0,0.0,100.0,0.0,100.0,0.0,100.0,0.0,100.0,0.0,100.0,0.0,100.0,0.0,100.0,0.0,100.0,0.0,100.0,0.0,100.0,0.0,100.0,0.0
2024-04-08,69360.38,72797.99,60660.57,65661.84,348008.31904,100.0,0.0,100.0,0.0,100.0,0.0,99.772,0.0,100.0,0.0,100.0,0.0,100.0,0.0,99.962,0.0,100.0,0.0,100.0,0.0,100.0,0.0,100.0,0.0,100.0,0.0,100.0,0.0,100.0,0.0,100.0,0.0
2024-04-15,65661.85,66867.07,59600.01,64941.15,312265.13225,99.0776,0.0,98.7406,0.0,98.3626,0.0,97.6517,0.0,100.0,0.0,100.0,0.0,100.0,0.0,99.7964,0.0,100.0,0.0,100.0,0.0,100.0,0.0,99.883,0.0,100.0,0.0,100.0,0.0,100.0,0.0,100.0,0.0
2024-04-22,64941.15,67232.35,62391.24,63118.62,183902.50753,92.3594,3.6585,91.029,3.1135,89.5381,2.6183,87.5451,2.1663,97.2638,1.3371,96.81,1.064,96.2988,0.8138,95.486,0.5838,98.9217,0.1973,98.6427,0.0216,98.3321,0.0,97.8649,0.0,99.5812,0.0,99.2046,0.0,98.7896,0.0,98.3299,0.0
2024-04-29,63118.62,64734.0,56552.82,64012.0,298372.0172,85.5633,6.0352,82.9102,4.6587,80.0006,3.8014,76.497,3.1241,95.0758,1.8453,93.9099,1.456,92.5835,1.1051,90.762,0.7872,98.6524,0.2398,98.2681,0.0261,97.5837,0.0,96.6619,0.0,99.551,0.0,99.145,0.0,98.6952,0.0,98.194,0.0
2024-05-06,64012.0,65500.0,60187.12,61483.99,179712.75232,67.4941,18.5915,63.6587,15.745,59.6882,13.474,55.5084,11.4745,84.0908,8.1874,81.4625,6.9116,78.5282,5.7547,74.9986,4.7007,93.011,3.2474,91.7404,2.5348,90.0107,2.0984,87.886,1.7331,96.7238,1.4237,95.827,1.1655,94.8293,0.9302,93.7124,0.7148
2024-05-13,61484.0,67700.0,60749.21,66274.01,195247.04901,51.8412,29.0973,46.9781,24.8239,42.0973,21.2481,37.4145,18.0695,80.308,10.2476,77.158,8.658,73.6746,7.2141,69.58,5.8968,90.9566,4.1253,89.2478,3.2089,86.9334,2.645,84.0884,2.1758,95.8022,1.7712,94.6109,1.4412,93.263,1.1438,91.7254,0.8745
2024-05-20,66274.0,71979.0,66060.31,68507.67,220708.83749,47.7212,34.2088,43.5573,29.6991,39.5374,25.7576,35.9018,22.1546,73.6758,13.8321,69.6082,11.6812,65.1543,9.7292,60.1056,7.9497,89.4904,4.8432,87.549,3.7745,84.9521,3.1135,81.805,2.5626,94.9077,2.1211,93.4456,1.7209,91.7821,1.3623,89.8725,1.039
2024-05-27,68507.67,70687.56,66670.0,67765.63,158352.25614,53.5046,30.2886,49.734,26.3194,46.0841,22.9042,42.5492,19.7761,67.1792,17.7937,62.5297,15.0826,57.556,12.6047,52.1837,10.3312,85.557,6.5689,82.8178,5.1068,79.2184,4.1936,74.9113,3.4366,93.9329,2.5181,92.1963,2.0404,90.2234,1.6134,87.9624,1.2294
2024-06-03,67765.62,71997.02,67612.48,69648.14,165061.19141,63.3145,23.7735,60.0241,20.6065,56.7082,17.9654,53.3664,15.5552,71.8274,16.2224,68.3558,13.9432,64.764,11.8035,60.9185,9.7909,83.2467,7.8008,80.2303,6.0915,76.3581,5.0135,71.8489,4.1158,92.3523,3.1504,90.1686,2.547,87.6907,2.0098,84.8547,1.5286
2024-06-10,69648.15,70195.94,65078.0,66676.87,174066.07718,70.0586,16.2856,66.4454,13.6082,62.8011,11.6839,59.1254,10.061,70.2731,16.7165,66.4065,14.3471,62.5537,12.129,58.7147,10.0481,81.4996,8.8575,78.335,6.9541,73.9546,5.7431,69.1998,4.7281,89.8915,4.1134,87.0129,3.3135,83.7506,2.6064,80.0223,1.9766
2024-06-17,66676.86,67298.81,63178.32,63210.01,155589.33133,59.0824,29.0872,56.0039,26.5583,52.9023,24.1306,49.7775,21.7983,62.7412,24.9904,59.2741,22.5713,55.8211,20.2903,52.3821,18.1361,67.2503,20.868,63.904,18.2,60.1161,16.0609,56.3882,14.1177,76.9387,13.157,73.3562,11.4307,69.5353,9.8569,65.4515,8.4163
2024-06-24,63210.01,63369.8,58402.0,62772.01,177837.60164,58.8135,30.1597,55.9045,27.8365,52.9573,25.6164,49.9711,23.4928,54.5238,33.8998,51.5041,31.2042,48.4974,28.5735,45.5037,26.0054,60.3407,28.4086,57.2202,25.8564,53.8779,23.3972,50.5825,21.0258,66.0273,22.2856,62.5089,19.8959,58.9399,17.6399,55.3193,15.5069
2024-07-01,62772.01,63861.76,53485.93,55857.81,251967.61048,34.0024,56.7554,31.8425,54.2809,29.7328,51.8107,27.6714,49.3446,41.9538,48.3092,39.556,45.9322,37.1776,43.5894,34.8182,41.28,42.2201,48.0205,39.7651,45.6021,37.417,43.1923,35.105,40.7909,48.2663,41.9157,45.7179,39.551,43.1302,37.2206,40.5022,34.9239
2024-07-08,55857.81,61420.69,54260.16,60797.91,190723.74928,20.6939,70.3629,18.8205,67.5602,17.0502,64.6551,15.3745,61.6418,33.4052,56.7536,31.2314,54.1154,29.14,51.4296,27.1263,48.695,41.648,48.2739,39.1405,45.7491,36.7547,43.2222,34.4149,40.6932,43.1863,46.8767,40.7535,44.3396,38.3408,41.7809,35.948,39.2002
2024-07-15,60797.91,68366.66,60632.3,68165.34,205198.52303,29.418,60.5494,27.1915,57.694,25.0554,54.7798,23.0043,51.805,35.4682,54.0474,33.073,51.3103,30.7488,48.5484,28.4926,45.7612,45.2049,44.8875,42.7068,42.4357,40.282,39.9939,37.8899,37.5619,52.3135,38.4842,49.9313,36.2619,47.5151,34.0696,45.0641,31.9068
2024-07-22,68165.35,69399.99,63456.7,68249.88,177889.46168,30.909,58.4076,28.4876,55.4534,26.149,52.4602,23.889,49.4273,38.4021,50.6206,35.8023,47.8356,33.255,45.0511,30.7588,42.2672,44.5128,45.0447,41.8501,42.4896,39.258,39.9561,36.6897,37.444,53.2647,37.4388,50.8357,35.2143,48.3624,33.0275,45.8435,30.8776
2024-07-29,68249.88,70079.99,57122.77,58161.0,216238.9234,25.1882,66.1776,23.2167,63.8104,21.3124,61.3498,19.4718,58.7902,24.5983,65.902,22.5708,63.2818,20.6274,60.5913,18.7629,57.8278,32.65,57.5547,30.2995,55.0139,28.145,52.4346,26.0536,49.816,39.2545,51.064,36.8594,48.6181,34.4742,46.1618,32.099,43.6952
2024-08-05,58161.0,62745.14,49000.0,58712.59,370726.80645,24.4458,66.7909,22.4731,64.3523,20.5775,61.8009,18.7545,59.1286,21.6476,70.3826,19.8652,68.1498,18.1563,65.8065,16.5166,63.3444,21.8609,69.2286,19.8389,66.7887,18.1087,64.2541,16.4599,61.6191,30.4498,60.3863,28.2964,57.947,26.1941,55.4438,24.1411,52.8741
2024-08-12,58712.59,61800.0,56078.54,58427.35,179945.24534,23.9395,66.9818,21.9334,64.4059,20.0183,61.6872,18.1882,58.8134,21.2773,70.594,19.4816,68.287,17.7676,65.8517,16.1298,63.2771,19.3939,73.2225,17.7724,71.1137,16.228,68.8814,14.7552,66.5142,20.5701,71.2045,18.7285,68.9026,16.9623,66.488,15.2669,63.9523
2024-08-19,58427.35,65000.0,57787.3,64220.0,169792.31289,37.697,49.1332,34.5838,45.6489,31.5378,42.0825,28.5567,38.4309,27.3524,62.3721,24.9497,59.6229,22.6084,56.7956,20.3263,53.8865,24.6619,65.8918,22.4856,63.3257,20.3765,60.6692,18.3315,57.9174,22.8654,68.319,20.8623,65.8896,18.931,63.3587,17.0676,60.7198
2024-08-26,64219.99,64481.0,57201.0,57301.86,176518.33308,34.7458,53.2177,31.8929,50.042,29.0986,46.7952,26.3611,43.4749,30.7915,57.3168,28.0369,54.1043,25.3621,50.7866,22.7637,47.3585,23.4939,67.2838,21.3869,64.7566,19.3514,62.1304,17.3837,59.3992,21.7402,69.7194,19.8121,67.35,17.9574,64.8742,16.1719,62.2848
2024-09-02,57301.77,59809.65,52550.0,54869.95,196506.89846,18.418,72.2612,16.3907,69.5722,14.4662,66.7122,12.6367,63.6645,27.7871,61.5953,25.3187,58.7378,22.9186,55.7915,20.5839,52.7522,25.0558,64.8294,22.7675,62.0294,20.5646,59.1066,18.4424,56.0527,20.0829,71.9389,18.2888,69.7165,16.5653,67.3902,14.9084,64.9525
2024-09-09,54869.95,60625.0,54591.96,59132.0,175833.33846,7.9396,85.5959,6.7613,83.2192,5.6782,80.6398,4.6791,77.8304,16.8943,73.5628,14.865,70.4046,12.953,67.1242,11.1482,63.7144,26.0247,63.2441,23.6151,60.2191,21.3018,56.9818,19.079,53.6934,23.6813,66.276,21.4747,63.4094,19.3726,60.3715,17.3675,57.0554
2024-09-16,59132.0,64133.32,57493.3,63578.76,178097.29669,22.8611,65.703,20.4886,62.2404,18.2572,58.6213,16.1544,54.8349,16.4501,74.8876,14.6362,71.9141,12.9357,68.8043,11.3385,65.5485,23.1362,66.0933,20.7348,63.0247,18.4351,59.6923,16.2308,56.301,30.4691,58.2074,27.8236,55.1753,25.2466,52.0549,22.7353,48.8601
2024-09-23,63578.76,66498.0,62538.75,65602.01,132963.29721,40.364,46.509,37.2674,43.1421,34.2441,39.7783,31.2915,36.4177,31.859,56.0646,29.1472,52.6525,26.5433,49.2005,24.0411,45.7078,24.5879,65.0955,22.2986,62.1435,20.1099,58.9371,18.0153,55.6652,29.937,58.6793,27.2789,55.6293,24.6901,52.4896,22.168,49.269
2024-09-30,65602.01,65618.8,59828.11,62819.91,169447.68762,49.2035,37.0257,45.5525,33.9532,41.8333,31.0129,38.115,28.1963,39.397,46.3206,35.9412,42.7642,32.5296,39.2883,29.1615,35.8901,31.5503,55.2748,28.4625,51.7524,25.451,48.185,22.5129,44.6478,24.7873,63.5899,22.1049,60.4383,19.5036,57.1753,16.9799,53.7484
2024-10-07,62819.91,64478.19,58946.0,62870.02,136109.36376,44.4846,40.5516,40.5488,37.1697,36.5815,33.9361,33.0088,30.8412,47.7499,36.9695,43.6816,33.6928,39.5068,30.6112,35.3604,27.7077,38.5728,46.2767,34.7554,42.5465,30.9261,39.0225,27.0952,35.6378,31.2208,54.5433,27.7468,50.8968,24.3058,47.2156,20.8974,43.5984
2024-10-14,62870.02,69400.0,62457.81,69031.99,185982.16665,69.7156,20.1532,66.6298,18.3138,63.2915,16.6167,59.4736,15.046,55.2513,31.9268,51.8726,29.2285,48.4208,26.6684,44.9344,24.2363,56.747,30.4165,53.2474,27.5425,49.6187,25.1033,45.8555,22.8143,48.2052,38.5916,44.7394,35.4464,41.2037,32.3669,37.5959,29.6173
2024-10-21,69032.0,69519.52,65260.0,68021.7,159069.27886,97.4625,0.0,96.3829,0.0,95.0103,0.0,92.0266,0.0,71.9984,17.6679,68.9989,15.9735,65.8015,14.4161,62.2745,12.9797,59.3311,28.6587,56.0654,25.9679,52.6831,23.7005,49.1782,21.5672,60.6221,27.7187,57.3412,25.122,53.8912,22.6465,50.2587,20.6362
2024-10-28,68021.69,73620.12,67478.73,68775.99,209232.69647,100.0,0.0,100.0,0.0,99.8619,0.0,98.2487,0.0,95.8756,0.0,94.5342,0.0,93.0246,0.0,90.8603,0.0,74.2576,16.346,71.4796,14.4542,68.4911,13.116,65.2598,11.8883,62.8899,26.1616,59.8148,23.7187,56.5841,21.3888,53.1856,19.5095
2024-11-04,68775.99,81500.0,66835.0,80370.01,327445.15705,100.0,0.0,100.0,0.0,99.9062,0.0,98.8229,0.0,100.0,0.0,100.0,0.0,100.0,0.0,99.6448,0.0,96.5348,0.4919,95.6174,0.0,94.6098,0.0,93.4809,0.0,81.6856,12.0854,79.8601,10.7504,77.9044,9.5004,75.8041,8.6844
2024-11-11,80370.01,93265.64,80216.01,89855.99,417630.302334,100.0,0.0,100.0,0.0,99.9357,0.0,99.1965,0.0,100.0,0.0,100.0,0.0,100.0,0.0,99.7582,0.0,100.0,0.0,100.0,0.0,100.0,0.0,99.9866,0.0,97.4078,0.74,96.8505,0.3527,96.246,0.0,95.588,0.0
2024-11-18,89855.98,99588.01,89376.9,97900.04,303784.771782,100.0,0.0,100.0,0.0,99.956,0.0,99.564,0.0,100.0,0.0,100.0,0.0,100.0,0.0,99.8206,0.0,100.0,0.0,100.0,0.0,100.0,0.0,99.9902,0.0,100.0,0.0,100.0,0.0,100.0,0.0,100.0,0.0
2024-11-25,97900.05,98871.8,90791.1,97185.18,237818.37314,100.0,0.0,100.0,0.0,100.0,0.0,100.0,0.0,100.0,0.0,100.0,0.0,100.0,0.0,99.8528,0.0,100.0,0.0,100.0,0.0,100.0,0.0,99.9916,0.0,100.0,0.0,100.0,0.0,100.0,0.0,100.0,0.0
2024-12-02,97185.17,104088.0,90500.0,101109.59,302152.735462,100.0,0.0,100.0,0.0,100.0,0.0,100.0,0.0,100.0,0.0,100.0,0.0,100.0,0.0,100.0,0.0,100.0,0.0,100.0,0.0,100.0,0.0,99.9929,0.0,100.0,0.0,100.0,0.0,100.0,0.0,100.0,0.0
2024-12-09,101109.6,105250.0,94150.05,104463.99,230968.339905,100.0,0.0,100.0,0.0,100.0,0.0,100.0,0.0,100.0,0.0,100.0,0.0,100.0,0.0,100.0,0.0,100.0,0.0,100.0,0.0,100.0,0.0,100.0,0.0,100.0,0.0,100.0,0.0,100.0,0.0,100.0,0.0
2024-12-16,104463.99,108353.0,92232.54,95186.27,281544.242246,100.0,0.0,100.0,0.0,100.0,0.0,100.0,0.0,100.0,0.0,100.0,0.0,100.0,0.0,100.0,0.0,100.0,0.0,100.0,0.0,100.0,0.0,100.0,0.0,100.0,0.0,100.0,0.0,100.0,0.0,100.0,0.0
2024-12-23,95186.28,99963.7,92520.0,93738.2,140614.68725,99.8239,0.0,99.4557,0.0,99.049,0.0,98.5975,0.0,100.0,0.0,100.0,0.0,100.0,0.0,99.6516,0.0,100.0,0.0,100.0,0.0,100.0,0.0,100.0,0.0,100.0,0.0,100.0,0.0,100.0,0.0,100.0,0.0
2024-12-30,93738.19,98976.91,91530.45,98363.61,111914.7951,99.7881,0.0,99.3422,0.0,98.8451,0.0,98.2876,0.0,100.0,0.0,100.0,0.0,100.0,0.0,99.6176,0.0,100.0,0.0,100.0,0.0,100.0,0.0,100.0,0.0,100.0,0.0,100.0,0.0,100.0,0.0,100.0,0.0
2025-01-06,98363.61,102724.38,91203.67,94545.06,172710.45967,98.5591,0.0,97.3679,0.0,96.0378,0.0,94.5429,0.0,100.0,0.0,100.0,0.0,100.0,0.0,99.2887,0.0,100.0,0.0,100.0,0.0,100.0,0.0,100.0,0.0,100.0,0.0,100.0,0.0,100.0,0.0,100.0,0.0
2025-01-13,94545.07,106422.43,89256.69,101331.57,235685.9926,98.2533,0.0,96.8184,0.0,95.2258,0.0,93.4479,0.0,100.0,0.0,100.0,0.0,100.0,0.0,99.1004,0.0,100.0,0.0,100.0,0.0,100.0,0.0,100.0,0.0,100.0,0.0,100.0,0.0,100.0,0.0,100.0,0.0
2025-01-20,101331.57,109588.0,99550.0,102620.0,254162.140922,97.7766,0.0,95.9694,0.0,93.9835,0.0,91.7911,0.0,100.0,0.0,100.0,0.0,100.0,0.0,98.9389,0.0,100.0,0.0,100.0,0.0,100.0,0.0,100.0,0.0,100.0,0.0,100.0,0.0,100.0,0.0,100.0,0.0
2025-01-27,102620.01,106457.44,96150.0,97700.59,184203.26328,93.1275,0.0,89.0039,0.0,84.6639,0.0,80.0898,0.0,100.0,0.0,99.7439,0.0,99.0142,0.0,96.7082,0.0,100.0,0.0,100.0,0.0,100.0,0.0,100.0,0.0,100.0,0.0,100.0,0.0,100.0,0.0,100.0,0.0
2025-02-03,97700.59,102500.01,91231.0,96462.75,221243.61368,84.1518,4.3739,79.5357,3.2651,75.0169,2.2716,70.5922,1.3762,95.438,1.1025,93.802,0.4995,91.2833,0.0,86.5378,0.0,98.9583,0.0,98.3842,0.0,97.715,0.0,96.9248,0.0,100.0,0.0,100.0,0.0,99.7426,0.0,99.3681,0.0
2025-02-10,96462.75,98826.0,94088.23,96118.12,122007.40976,77.8857,8.9823,74.0788,6.9965,70.3053,5.1459,66.5646,3.4171,89.5457,3.2655,86.9226,1.8508,83.5717,0.5934,78.6392,0.0,96.0836,0.0879,94.4154,0.0,92.4545,0.0,90.1166,0.0,99.6368,0.0,99.2057,0.0,98.363,0.0,97.2784,0.0
2025-02-17,96118.12,99475.0,93388.09,96258.0,127758.44873,66.8669,14.5716,62.2608,11.0238,57.8977,7.6335,53.7588,4.5359,85.5641,4.557,82.4701,2.3907,78.8706,0.6714,74.8766,0.0,93.7106,0.1064,91.2388,0.0,88.4926,0.0,85.4237,0.0,99.4179,0.0,98.287,0.0,96.4461,0.0,94.1221,0.0
2025-02-24,96258.0,96500.0,78258.52,94270.0,373604.39736,58.8344,25.0678,55.0972,21.154,51.5173,17.2292,48.0848,13.4064,69.9235,15.2873,65.8979,11.7619,61.7006,8.6614,57.5053,6.7052,85.2232,5.6892,82.2754,4.8016,79.2026,4.0933,75.9966,3.4508,93.3138,3.0695,91.1806,2.5322,88.325,2.0549,85.0093,1.6281
2025-03-03,94269.99,94416.46,80000.0,80734.37,284471.65101,18.9615,73.3099,17.4592,70.7584,16.0593,68.066,14.7515,65.1841,38.1801,51.7496,35.8775,49.0786,33.7752,46.362,31.7703,43.7082,47.1121,42.3691,44.4945,39.9732,41.9036,37.7042,39.3391,35.5394,61.6946,29.3302,58.9184,27.465,55.9747,25.7143,52.9382,24.0678
2025-03-10,80734.48,85309.71,76606.0,82574.53,211663.09876,0.0,99.1538,0.0,98.3375,0.0,97.4326,0.0,96.3125,16.8488,75.6892,15.3882,73.5276,14.2585,71.1059,13.2086,68.2541,34.4314,56.6624,32.4473,54.208,30.5349,51.7695,28.6901,49.3572,42.6962,47.3172,40.1765,44.9694,37.7417,42.6825,35.3683,40.4541
2025-03-17,82574.52,87453.67,81134.66,86082.5,110906.17448,0.0,100.0,0.0,100.0,0.0,100.0,0.0,99.884,0.3747,96.5365,0.0,95.5373,0.0,94.1185,0.0,91.7064,18.7412,73.0888,17.1704,70.3062,15.6995,67.4237,14.3192,64.4819,35.684,54.7327,33.5312,52.2812,31.5548,49.8189,29.6928,47.3459
2025-03-24,86082.5,88765.43,81565.0,82389.99,137009.32282,0.0,100.0,0.0,100.0,0.0,100.0,0.0,99.9001,0.0,100.0,0.0,100.0,0.0,99.7077,0.0,98.5116,2.1999,93.6094,1.6385,91.3988,1.1257,88.9728,0.6553,86.4033,19.5881,71.4394,17.9054,68.9454,16.5095,66.3685,15.2555,63.7043
2025-03-31,82390.0,88500.0,77153.83,78430.0,178247.49297,0.0,100.0,0.0,100.0,0.0,100.0,0.0,99.9177,0.0,100.0,0.0,100.0,0.0,99.7968,0.0,99.3346,0.0,98.7866,0.0,97.5236,0.0,96.0727,0.0,94.4993,3.8275,89.8305,2.9701,87.9048,2.4334,85.8604,2.0071,83.6862
2025-04-07,78430.0,86100.0,74508.0,83760.0,300064.17057,0.0,100.0,0.0,100.0,0.0,100.0,0.0,99.3455,0.0,100.0,0.0,100.0,0.0,99.7984,0.0,99.345,0.0,99.6366,0.0,98.92,0.0,98.0376,0.0,97.0522,0.437,95.2401,0.0734,93.8098,0.0,92.2491,0.0,90.539
2025-04-14,83760.0,86496.42,83111.64,85179.24,108454.4036,0.1808,98.2375,0.0,97.7271,0.0,97.1537,0.0,95.8875,0.0,99.1478,0.0,98.4473,0.0,97.6645,0.0,96.7837,0.0,99.616,0.0,98.4338,0.0,97.1318,0.0,95.6912,0.0,97.4095,0.0,96.4364,0.0,94.5988,0.0,92.5959
2025-04-21,85179.24,95758.04,85144.76,93749.3,170625.92469,19.5417,72.1125,17.9267,69.5525,16.5649,66.7491,15.3104,63.4669,12.6418,82.3024,11.7227,80.5211,10.8727,78.5969,10.0844,76.512,11.034,84.4877,10.137,82.6498,9.3079,80.668,8.5392,78.5248,10.256,84.2661,9.3243,82.5595,8.4659,80.2592,7.6723,77.7985
2025-04-28,93749.29,97895.68,92800.01,94277.62,113820.08215,38.3836,49.0835,35.6123,45.5964,33.0442,41.9481,30.6122,38.2927,27.2255,62.8398,25.2001,59.8254,23.3048,56.6409,21.5274,53.2714,19.3494,73.6474,17.8698,71.3153,16.4785,68.8607,15.168,66.2738,17.6971,75.3039,16.2204,73.21,14.8332,70.6926,13.5275,68.0368
2025-05-05,94277.61,104984.57,93377.0,104118.0,145910.00118,60.227,29.5886,57.6073,27.0929,54.9623,24.617,52.3313,22.4223,51.355,37.0672,48.6313,34.1074,45.9877,31.1168,43.4205,28.095,40.6866,48.6808,38.293,45.7711,35.9929,42.796,33.7808,39.7532,31.9777,59.3329,30.0211,56.9135,28.1408,54.3415,26.3324,51.7023
2025-05-12,104118.0,106660.0,100718.37,106454.26,135512.85987,77.9739,15.0282,75.941,13.4657,73.7316,11.9686,71.4384,10.8292,65.5532,24.7997,63.0261,22.6163,60.4833,20.483,57.9247,18.3983,58.3204,30.7202,55.6513,28.1277,53.0101,25.5593,50.3964,23.0148,49.0863,40.3777,46.5828,37.6082,44.1286,34.9221,41.722,32.2306
2025-05-19,106454.27,111980.0,102000.0,109004.19,197357.632795,96.4222,1.1034,95.5482,0.5925,94.4372,0.116,93.2352,0.0,79.468,13.3851,77.3984,11.9647,75.2462,10.6128,73.0063,9.3246,69.3746,21.5427,66.9948,19.633,64.5695,17.7885,62.0974,16.0059,63.4086,26.4287,60.8373,23.9246,58.2536,21.6725,55.6574,19.4692
2025-05-26,109004.2,110718.0,103068.55,105642.93,116099.819,100.0,0.0,99.8752,0.0,99.5607,0.0,99.21,0.0,94.3866,1.7395,93.0784,1.1714,91.6664,0.6447,90.1376,0.1553,79.5776,12.9387,77.4774,11.5792,75.2727,10.2966,72.9555,9.0847,70.7221,20.3359,68.3172,18.2629,65.8384,16.5061,63.282,14.8231
2025-06-02,105642.93,106794.67,100372.26,105734.0,95301.97979,100.0,0.0,100.0,0.0,100.0,0.0,100.0,0.0,98.8587,0.0,98.3418,0.0,97.7683,0.0,97.1284,0.0,93.1976,2.2029,91.807,1.6391,90.2967,1.1196,88.6505,0.6395,79.968,12.7353,77.8785,11.1456,75.6637,9.9308,73.3121,8.7904
2025-06-09,105734.01,110530.17,102664.31,105594.01,110085.74896,100.0,0.0,100.0,0.0,100.0,0.0,100.0,0.0,100.0,0.0,100.0,0.0,100.0,0.0,100.0,0.0,98.0579,0.0,97.437,0.0,96.7448,0.0,95.9684,0.0,92.5652,2.8705,91.1666,1.9429,89.6357,1.4419,87.9529,0.9809
2025-06-16,105594.02,108952.38,98200.0,100963.87,110755.93156,95.5773,2.6919,95.0194,2.3522,94.3929,2.0404,93.6843,1.7533,97.0921,0.9592,96.4681,0.5743,95.7698,0.2205,94.9831,0.0,98.3331,0.0,97.7725,0.0,97.1467,0.0,96.4437,0.0,96.4505,0.4067,95.1474,0.0,93.7162,0.0,92.1371,0.0
2025-06-23,100963.87,108528.5,99613.33,108356.93,91938.97808,94.7168,3.1966,94.0389,2.7899,93.2745,2.4176,92.4061,2.0754,97.0774,0.9727,96.4604,0.5835,95.7741,0.2244,95.0061,0.0,98.3107,0.0,97.743,0.0,97.1093,0.0,96.3976,0.0,99.0216,0.0,98.3943,0.0,97.6964,0.0,96.9152,0.0
2025-06-30,108356.93,110529.18,105100.19,109203.84,72977.1763,93.6225,3.8735,92.8131,3.3832,91.9029,2.9337,90.8718,2.5201,96.5913,1.1269,95.8629,0.6751,95.049,0.2593,94.1336,0.0,98.306,0.0,97.742,0.0,97.1156,0.0,96.416,0.0,99.0156,0.0,98.3862,0.0,97.6873,0.0,96.9069,0.0
2025-07-07,109203.85,119488.0,107429.57,119086.64,104658.05244,93.875,3.8396,93.1663,3.3748,92.3861,2.9435,91.5228,2.5421,96.639,1.1353,95.9482,0.683,95.1873,0.2634,94.3451,0.0,98.3055,0.0,97.7474,0.0,97.1311,0.0,96.447,0.0,99.1144,0.0,98.5568,0.0,97.9455,0.0,97.2722,0.0
2025-07-14,119086.65,123218.0,115736.92,117265.12,131579.689337,94.2569,3.6783,93.6343,3.2474,92.9582,2.844,92.2214,2.4657,96.3958,1.2293,95.668,0.7411,94.8715,0.2863,93.9958,0.0,98.2042,0.0,97.6145,0.0,96.9644,0.0,96.2441,0.0,99.0706,0.0,98.4845,0.0,97.8411,0.0,97.1316,0.0
2025-07-21,117265.11,120247.8,114723.16,119415.55,123158.43225,94.7261,3.3974,94.1646,3.003,93.557,2.633,92.8974,2.2852,96.5695,1.192,95.9,0.7214,95.1756,0.2797,94.3896,0.0,98.1071,0.0,97.4902,0.0,96.8127,0.0,96.0653,0.0,99.0308,0.0,98.4203,0.0,97.7507,0.0,97.0129,0.0
2025-07-28,119415.56,119800.0,111920.0,114208.8,105088.6224,94.4079,3.5361,93.6723,3.1136,92.0533,2.7201,90.3521,2.3528,96.334,1.2711,95.6156,0.7689,94.8375,0.298,93.9918,0.0,97.9633,0.0,97.303,0.0,96.5799,0.0,95.7846,0.0,98.8888,0.0,98.1834,0.0,97.4048,0.0,96.5411,0.0
2025-08-04,114208.81,119311.11,112650.0,119294.01,78822.4007,100.0,0.0,99.8872,0.0,98.8635,0.0,97.7672,0.0,96.4981,1.2167,95.8145,0.7363,95.075,0.2855,94.2723,0.0,98.0075,0.0,97.3718,0.0,96.6811,0.0,95.9282,0.0,98.8898,0.0,98.1924,0.0,97.4292,0.0,96.5903,0.0
2025-08-11,119294.27,124474.0,116803.99,117405.01,120321.123656,100.0,0.0,99.8772,0.0,98.7566,0.0,97.5443,0.0,100.0,0.0,100.0,0.0,100.0,0.0,100.0,0.0,97.9814,0.0,97.3403,0.0,96.6455,0.0,95.8899,0.0,98.8602,0.0,98.1493,0.0,97.3757,0.0,96.5308,0.0
2025-08-18,117405.01,117543.75,110680.0,113493.59,117920.88503,94.1689,3.5476,93.3298,3.0936,91.515,2.6753,89.5791,2.2886,96.429,1.5115,95.7954,1.0896,95.1006,0.6972,94.3351,0.3312,98.1156,0.1658,97.5967,0.0,97.0329,0.0,96.4181,0.0,97.8062,0.0,96.4875,0.0,95.0868,0.0,93.5963,0.0
2025-08-25,113493.59,113667.28,107350.1,108246.35,110910.33675,71.1408,20.5295,68.5374,18.8133,65.3313,17.2137,62.007,15.7193,82.9675,11.754,81.4079,10.6312,79.7307,9.5736,77.922,8.5755,87.5605,8.0318,86.2807,7.25,84.9156,6.6548,83.4562,6.0977,90.8979,5.8433,89.7096,5.3239,88.4462,4.8384,87.1006,4.3834
2025-09-01,108246.36,113384.62,107255.0,111137.34,90809.75324,56.2418,31.0008,52.6081,28.1854,48.8313,25.4989,45.0833,22.9327,71.5081,18.9268,68.7348,16.8561,65.7785,14.8935,62.6204,13.0307,82.7505,10.7676,80.9097,9.5138,78.966,8.4742,76.9105,7.4958,87.348,7.6204,85.684,6.7086,83.9387,5.8494,82.1057,5.0383
2025-09-08,111137.35,116665.63,110621.78,115268.01,88456.94711,45.1591,39.2956,40.847,35.8169,36.8246,32.4812,32.918,29.2799,65.6557,22.6509,62.2338,20.1415,58.5701,17.7703,54.6382,15.5262,77.9175,13.5004,75.414,11.8615,72.7376,10.5007,69.8698,9.2351,86.5499,8.0676,84.7688,7.0943,82.8975,6.179,80.9288,5.3168
2025-09-15,115268.01,117900.0,114384.0,115232.29,70729.4403,47.5834,38.8699,43.9525,35.7079,40.2154,32.6288,36.3673,29.6292,55.8582,29.0311,51.4202,25.7993,46.6605,22.7491,41.543,19.8655,73.086,16.2519,69.9256,14.2258,66.5214,12.5394,62.844,10.9839,82.917,10.0075,80.5549,8.7464,78.0468,7.5746,75.3785,6.4828
2025-09-22,115232.29,115379.25,108620.07,112163.95,93970.57704,28.3327,56.3697,24.6573,52.3891,21.0386,48.3429,17.4754,44.2295,49.2302,35.2989,45.1975,31.5881,41.0953,27.9371,36.9219,24.3444,59.3022,24.7723,54.8224,21.4762,50.1125,18.5966,45.1544,15.9185,75.3109,13.9654,71.9659,11.921,68.465,10.0124,64.7972,8.2265
2025-09-29,112163.96,125708.42,111560.65,123482.31,124480.098903,47.6884,40.3834,44.755,37.3516,41.8408,34.2996,38.9455,31.227,55.6025,31.5404,52.3406,28.3729,49.0594,25.2237,45.7585,22.0929,67.9639,20.1374,64.7514,17.614,61.4344,15.4003,58.0079,13.3026,75.0509,14.2509,71.7528,12.1886,68.3214,10.2559,64.7485,8.441
2025-10-06,123482.32,126199.63,102000.0,114958.8,211576.359223,48.9298,37.4134,45.6657,33.8408,42.4584,30.5207,39.3066,27.4062,48.612,36.6638,45.2309,32.8676,41.9583,29.2098,38.7889,25.5756,58.7024,25.7396,54.8021,22.4908,50.9289,19.6132,47.0823,16.9001,71.9123,15.7358,68.1621,13.4551,64.3851,11.3188,60.5809,9.3137
2025-10-13,114958.81,115963.81,103528.23,108642.78,171795.75097,48.154,38.0066,44.8726,34.3566,41.6581,30.9362,38.5087,27.7077,40.2479,47.6823,37.4684,44.46,34.7753,41.2554,32.1645,38.0521,41.8413,44.6291,38.8195,41.0798,35.929,37.6305,33.1615,34.2389,52.2763,33.1685,48.6024,29.9002,45.0332,26.7503,41.5644,23.7126
2025-10-20,108642.77,115466.8,106666.69,114559.4,137472.95078,53.6078,32.2458,49.8836,28.8873,46.2265,25.9778,42.6561,23.3921,50.7174,34.0612,46.9754,30.4687,43.3816,27.1377,39.9317,23.9282,43.5285,42.7251,40.2809,39.3546,37.2308,36.0425,34.3183,32.7873,46.5278,37.7273,42.747,34.0635,39.2712,30.5215,36.0307,27.0953
2025-10-27,114559.41,116400.0,106304.34,110540.68,125045.90669,41.5522,43.9824,38.2934,40.1736,35.2729,36.5067,32.4253,33.0034,47.7829,37.6662,44.2537,34.1716,40.8805,30.8878,37.6405,27.712,46.8251,38.3104,43.2794,34.7249,39.9342,31.2062,36.7504,27.7525,42.19,43.8825,38.938,40.3129,35.9725,36.7303,33.1797,33.1345
2025-11-03,110540.69,110750.0,98944.36,104722.96,199598.71888,27.9582,61.4411,25.9106,58.4082,24.1113,55.1224,22.4452,51.7233,32.0354,56.3382,29.5802,53.1151,27.3647,49.8308,25.2822,46.5275,37.8419,49.9088,35.0227,46.7942,32.4056,43.7144,29.9013,40.6687,38.4157,48.9418,35.484,45.6698,32.8457,42.383,30.3531,39.0811
2025-11-10,104722.95,107500.0,93005.55,94261.44,189823.3545,19.0756,73.747,17.7506,71.6991,16.6023,69.3458,15.5285,66.8278,18.718,74.4527,17.4383,72.3314,16.3481,70.013,15.3294,67.6082,21.9694,69.8818,20.3189,67.5036,18.8836,65.0764,17.5258,62.5985,26.8759,64.1041,24.8452,61.6809,23.0986,59.2309,21.4378,56.7537
2025-11-17,94261.45,96043.0,80600.0,86830.0,257258.09768,0.1228,97.7744,0.0,97.1357,0.0,96.0522,0.0,94.7164,13.452,81.6723,12.5599,80.1211,11.8098,78.3923,11.1048,76.5884,13.3656,81.6778,12.4658,80.077,11.7365,78.4072,11.051,76.6641,16.1865,77.7759,14.9298,76.0234,13.9446,74.2123,13.0198,72.3395
2025-11-24,86830.0,93092.0,85272.0,90360.0,118687.98554,0.1039,98.1203,0.0,97.582,0.0,96.9959,0.0,96.3554,0.1189,98.2497,0.0,97.5083,0.0,96.5379,0.0,95.4922,11.3252,84.3023,10.5455,82.8615,9.9182,81.3461,9.3297,79.7502,11.4416,84.116,10.5802,82.7414,9.9688,81.2934,9.4035,79.7659
2025-12-01,90360.01,94150.0,83822.76,90395.31,149459.29022,0.1007,98.1429,0.0,97.597,0.0,96.9953,0.0,96.3288,0.1052,98.4492,0.0,98.0062,0.0,97.5215,0.0,96.9886,0.1375,98.1793,0.0,97.3981,0.0,96.5541,0.0,95.6393,10.1229,85.802,9.343,84.5226,8.7925,83.1658,8.2848,81.7243
2025-12-08,90395.32,94588.99,87577.36,88172.17,107997.17703,0.0,100.0,0.0,100.0,0.0,100.0,0.0,100.0,0.1009,98.496,0.0,98.0595,0.0,97.578,0.0,97.0444,0.122,98.5995,0.0,98.2072,0.0,97.7774,0.0,97.3045,0.2503,98.0063,0.0094,97.3414,0.0,96.6204,0.0,95.8357
2025-12-15,88172.16,90365.85,84450.01,88658.86,116986.93155,0.0,100.0,0.0,100.0,0.0,100.0,0.0,100.0,0.0,100.0,0.0,100.0,0.0,100.0,0.0,100.0,0.1193,98.6143,0.0,98.2193,0.0,97.7831,0.0,97.299,0.2286,98.6935,0.0086,98.3605,0.0,97.9946,0.0,97.5906
2025-12-22,88658.87,90588.23,86420.0,87952.71,72081.43375,0.0,100.0,0.0,100.0,0.0,100.0,0.0,100.0,0.0,100.0,0.0,100.0,0.0,100.0,0.0,100.0,0.0,100.0,0.0,100.0,0.0,100.0,0.0,100.0,0.2236,98.7093,0.0084,98.3754,0.0,98.006,0.0,97.5953
2025-12-29,87952.71,91810.0,86806.5,91529.73,85720.05743,0.0,100.0,0.0,100.0,0.0,99.8406,0.0,99.6,0.0,100.0,0.0,100.0,0.0,100.0,0.0,100.0,0.0,100.0,0.0,100.0,0.0,100.0,0.0,100.0,0.0,100.0,0.0,100.0,0.0,100.0,0.0,100.0
2026-01-05,91529.74,94789.08,89311.0,91013.65,93800.8281,0.0,100.0,0.0,100.0,0.0,99.7525,0.0,99.3677,0.0,100.0,0.0,100.0,0.0,100.0,0.0,100.0,0.0,100.0,0.0,100.0,0.0,100.0,0.0,100.0,0.0,100.0,0.0,100.0,0.0,100.0,0.0,100.0
2026-01-12,91013.66,97924.49,90128.44,93673.14,106130.99963,5.1675,91.6446,4.5669,90.569,4.0226,89.0873,3.5272,87.3,2.2177,96.1275,1.9085,95.564,1.629,94.9125,1.3751,94.1507,0.6645,98.448,0.4939,98.1554,0.3383,97.8228,0.1958,97.4415,0.0,99.5119,0.0,99.3174,0.0,99.0988,0.0,98.8512
2026-01-19,93673.14,93673.14,86074.72,86670.36,100317.13896,5.8659,90.968,5.2334,89.9668,4.6499,88.6016,4.1098,87.0063,2.5783,95.5521,2.2238,94.9256,1.902,94.2076,1.6086,93.3765,0.8178,98.0564,0.6058,97.6763,0.4137,97.239,0.2388,96.7304,0.0,99.4513,0.0,99.2305,0.0,98.9805,0.0,98.6954
2026-01-26,86670.36,90600.0,75700.0,76968.21,175738.70675,5.1012,92.5636,4.6029,91.876,4.133,90.9254,3.6891,89.8379,2.3896,96.0814,2.0816,95.6024,1.7966,95.0722,1.5322,94.4822,0.8136,98.1298,0.6065,97.7886,0.4166,97.4051,0.2418,96.971,0.0,99.4096,0.0,99.1723,0.0,98.904,0.0,98.5984
2026-02-02,76968.22,79360.0,60000.0,70330.38,384283.11539,3.8802,94.444,3.5147,93.9618,3.1674,93.2837,2.8371,92.5087,2.0854,96.7059,1.8307,96.3453,1.5915,95.9557,1.3664,95.5333,0.7371,98.362,0.5532,98.0838,0.3824,97.778,0.2232,97.4405,0.0,99.4497,0.0,99.2344,0.0,98.995,0.0,98.7272
2026-02-09,70330.38,71453.53,65118.0,68832.58,163165.87355,3.2,95.3324,2.887,94.8999,2.592,94.291,2.3133,93.588,1.8305,97.1466,1.6114,96.8465,1.4045,96.5249,1.2089,96.1794,0.6901,98.491,0.5196,98.2433,0.3603,97.9739,0.2109,97.6798,0.0,99.4878,0.0,99.2919,0.0,99.0769,0.0,98.8398
2026-02-16,68832.59,70126.67,65631.83,67643.4,113599.38988,2.6183,96.1321,2.3559,95.7578,2.1098,95.3525,1.8785,94.9124,1.6492,97.4141,1.4501,97.1373,1.2624,96.8395,1.0854,96.5184,0.6431,98.6088,0.4853,98.3856,0.3372,98.1445,0.1978,97.8833,0.0,99.5086,0.0,99.3224,0.0,99.1192,0.0,98.8965
2026-02-23,67643.39,69988.83,62510.28,65776.47,174645.67528,2.2578,96.6257,2.0267,96.2862,1.8109,95.916,1.6089,95.5107,1.4253,97.745,1.2507,97.497,1.087,97.2287,0.933,96.9375,0.6,98.7032,0.453,98.4956,0.3148,98.2715,0.1847,98.0289,0.0,99.5353,0.0,99.3605,0.0,99.1706,0.0,98.9634
2026-03-02,65776.48,74050.0,65259.21,65971.2,185435.28412,0.0,100.0,0.0,100.0,0.0,100.0,0.0,100.0,1.2956,97.9258,1.1342,97.6894,0.9834,97.4319,0.8423,97.1502,0.5488,98.8109,0.4141,98.6196,0.2876,98.4127,0.1687,98.1882,0.0,99.5505,0.0,99.3819,0.0,99.1988,0.0,98.9993
2026-03-09,65971.2,73913.74,65821.97,72815.24,173796.90567,0.5322,97.9608,0.223,97.4978,0.0,96.9904,0.0,96.4319,0.0,99.3088,0.0,98.738,0.0,98.1203,0.0,97.4498,0.5485,98.7877,0.4122,98.279,0.2852,97.3687,0.1666,96.3972,0.0,99.5468,0.0,99.3754,0.0,99.1886,0.0,98.4311
2026-03-16,72815.25,76000.0,67360.66,67859.0,145050.61744,0.6046,97.655,0.2528,97.1118,0.0,96.5118,0.0,95.8456,0.0,99.3014,0.0,98.7224,0.0,98.0939,0.0,97.4091,0.0,100.0,0.0,99.6992,0.0,99.0124,0.0,98.2724,0.0,99.5626,0.0,99.3966,0.0,99.2151,0.0,98.4799
2026-03-23,67859.0,72026.09,65000.0,66010.93,137696.42185,0.7325,97.1299,0.3056,96.4537,0.0,95.7019,0.0,94.8608,0.0,99.2232,0.0,98.576,0.0,97.8699,0.0,97.0965,0.0,100.0,0.0,99.6996,0.0,99.0128,0.0,98.2711,0.0,100.0,0.0,100.0,0.0,100.0,0.0,99.4814
2026-03-30,66010.93,69310.0,65712.12,69034.18,110218.58039,0.9652,96.1729,0.4017,95.2534,0.0,94.2226,0.0,93.0213,0.0,99.0104,0.0,98.1758,0.0,97.2544,0.0,96.2321,0.0,100.0,0.0,99.6529,0.0,98.8546,0.0,97.9853,0.0,100.0,0.0,100.0,0.0,100.0,0.0,99.4583
2026-04-06,69034.18,73790.0,67732.01,70740.98,121909.25954,3.7594,89.7684,2.4181,87.8022,1.3231,85.6591,0.8144,83.2773,0.3757,96.8432,0.0862,95.3064,0.0,93.6205,0.0,91.7625,0.0,99.8684,0.0,99.1841,0.0,97.899,0.0,96.4941,0.0,100.0,0.0,100.0,0.0,100.0,0.0,99.3606
2026-04-13,70741.56,78333.0,70566.99,73801.79,128729.92407,19.4427,69.0279,16.7461,65.9443,14.2807,62.7733,12.4558,59.4995,7.8123,85.2968,6.6901,82.6111,5.8612,79.7546,5.1954,76.7105,3.9745,93.4862,3.5199,91.9654,3.1074,89.7513,2.7312,87.3582,2.1741,96.4459,1.905,95.9978,1.6586,95.4928,1.4322,94.216
2026-04-20,73801.8,79472.82,73724.31,78657.55,94938.10789,52.3357,37.0251,49.4346,34.583,46.4446,32.2194,43.4875,29.9522,28.9913,59.4949,26.5667,56.1993,24.4086,52.8798,22.4494,49.5363,16.6381,76.0282,15.2006,73.294,13.8767,70.0697,12.6534,66.7028,10.4672,84.8265,9.5349,83.3247,8.6769,81.6472,7.8847,79.2397
2026-04-27,78657.55,79485.66,74937.52,78568.57,88811.52864,60.4059,30.8363,58.0257,28.8195,55.5611,26.8654,53.0075,24.9933,51.2037,37.1181,48.1907,34.5826,45.2207,32.1701,42.3247,29.8717,31.1641,57.2627,28.7089,53.7869,26.396,50.2018,24.2133,46.621,19.5339,72.1226,17.8264,69.5531,16.2385,66.7336,14.758,63.3614
2026-05-04,78568.58,82850.0,78202.0,82210.07,113527.76932,78.9013,15.0858,77.1442,13.7935,75.2644,12.5719,73.2484,11.4438,62.7025,29.3263,60.5079,27.5134,58.1746,25.7648,55.7557,24.0771,52.3359,35.038,49.3234,32.0776,46.371,29.4852,43.4767,27.0161,34.9224,53.1886,32.3298,49.7681,29.8663,46.1348,27.5225,42.4225
2026-05-11,82210.07,82380.0,76735.16,77457.67,97802.77673,95.855,1.426,94.9735,0.8951,93.9807,0.4086,91.8817,0.0,74.8617,18.517,72.8569,17.1405,70.5303,15.8537,67.8323,14.6481,57.0711,32.5305,54.2928,30.2018,51.4452,27.9549,48.5255,25.7853,46.2142,39.5867,42.8703,35.8157,39.603,31.9495,36.4099,28.4712
2026-05-18,77457.67,78200.0,74289.6,77064.96,87142.14908,100.0,0.0,99.2886,0.0,98.198,0.0,95.8502,0.0,92.9561,3.8668,91.883,3.2687,89.4788,2.7269,86.232,2.2338,69.3328,21.8067,66.6728,20.1141,63.6201,18.5418,60.3527,17.0774,50.8834,36.2198,47.5166,33.1311,44.1281,30.0938,40.7987,27.1067
2026-05-25,77064.96,78080.0,72512.49,73674.39,95966.20092,87.6273,7.9588,85.7515,7.0898,83.5341,6.2916,80.5016,5.556,88.3609,6.832,86.7787,5.906,84.0377,5.0612,80.5883,4.2874,79.0371,12.1545,76.325,10.5903,73.0124,9.1479,69.3809,7.8134,57.665,29.8586,54.2817,26.9794,50.7758,24.1874,47.2281,21.4787
2026-06-01,73674.39,74092.0,59130.91,63332.01,231929.75118,54.8766,35.6252,52.1859,33.5083,49.4115,31.4813,46.6149,29.5386,59.4258,31.4865,56.8248,29.4948,54.02,27.5991,51.107,25.7925,58.4472,31.3958,55.5686,29.254,52.5126,27.2282,49.3716,25.309,51.5072,37.2478,48.464,34.6476,45.3499,32.1244,42.2388,29.6746
2026-06-08,63332.01,65800.0,60755.0,65746.45,117630.09655,34.6659,53.6403,31.8207,50.7959,29.0635,47.9821,26.6444,45.1984,46.0568,43.399,43.2611,40.9118,40.496,38.4801,37.798,36.1022,48.931,40.6074,46.1061,38.1831,43.2526,35.8287,40.3992,33.5412,46.387,42.4879,43.4423,39.8593,40.4847,37.2877,37.5858,34.7714
2026-06-15,65746.45,67292.15,62272.07,63311.99,100650.3003,19.2421,70.5092,17.1163,67.7543,15.1825,64.9152,13.7462,61.9881,29.2755,59.6631,26.5596,56.8472,24.1137,54.0107,21.8939,51.1533,38.1807,51.1963,35.4892,48.5757,32.92,45.969,30.4455,43.376,39.5141,49.7796,36.7675,47.171,34.0722,44.5887,31.4925,42.0324
2026-06-22,63312.0,65622.83,58115.01,59577.01,142608.31815,1.5639,92.8416,0.7329,91.1827,0.0938,89.3957,0.0,87.4649,16.2484,74.7362,14.193,72.2604,12.5229,69.6852,11.1286,67.0045,23.8363,66.3006,21.4938,63.7037,19.4171,61.0509,17.5096,58.3406,30.6391,59.5166,28.2415,56.99,25.9695,54.4364,23.8754,51.8554
2026-06-29,59577.01,63439.62,57800.19,63184.04,107280.31792,0.1317,97.5451,0.0,96.8042,0.0,95.9767,0.0,95.0466,2.371,91.7609,1.1459,89.9922,0.4209,88.0719,0.0,85.9796,15.0863,76.2553,13.1626,73.8126,11.5887,71.2411,10.2189,68.5303,21.1821,69.3173,18.9945,66.7349,17.0107,64.0608,15.2784,61.2899
