date,cash,total,pnl,pct_pnl,btc_close,btc_leverage,btc_position_size,btc_margin,btc_liquidate_price,btc_pct_liquidate,btc_action,eth_close,eth_leverage,eth_position_size,eth_margin,eth_liquidate_price,eth_pct_liquidate,eth_action,bnb_close,bnb_leverage,bnb_position_size,bnb_margin,bnb_liquidate_price,bnb_pct_liquidate,bnb_action,sol_close,sol_leverage,sol_position_size,sol_margin,sol_liquidate_price,sol_pct_liquidate,sol_action,xrp_close,xrp_leverage,xrp_position_size,xrp_margin,xrp_liquidate_price,xrp_pct_liquidate,xrp_action
2022-07-01,2000.0,2000.0,0.0,0.0,19279.8,,,,,,,1059.73,,,,,,,216.9,,,,,,,32.84,,,,,,,0.31,,,,,,
2022-07-02,2000.0,2000.0,0.0,0.0,19252.81,,,,,,,1067.01,,,,,,,218.3,,,,,,,33.36,,,,,,,0.32,,,,,,
2022-07-03,2000.0,2000.0,0.0,0.0,19315.83,,,,,,,1074.26,,,,,,,219.2,,,,,,,33.39,,,,,,,0.32,,,,,,
2022-07-04,2000.0,2000.0,0.0,0.0,20236.71,,,,,,,1151.0,,,,,,,231.5,,,,,,,36.71,,,,,,,0.33,,,,,,
2022-07-05,2000.0,2000.0,0.0,0.0,20175.83,,,,,,,1132.5,,,,,,,230.8,,,,,,,35.4,,,,,,,0.33,,,,,,
2022-07-06,2000.0,2000.0,0.0,0.0,20564.51,,,,,,,1186.57,,,,,,,238.6,,,,,,,37.04,,,,,,,0.33,,,,,,
2022-07-07,1400.0,2000.0,0.0,0.0,21624.98,2.0,0.036994,400.0,10812.49,-50.0,"ENTRY @ 21624.98 (small green CHoCH, margin $400.00 [20% of portfolio total $2000.00] @ 2x [ADX 39.8, zone red], 0.036994 units)",1237.49,,,,,,,241.4,,,,,,,38.46,,,,,,,0.34,2.0,1168.907072,200.0,0.17,-50.0,"ENTRY @ 0.34 (small green CHoCH, margin $200.00 [10% of portfolio total $2000.00] @ 2x [ADX 22.0, zone red], 1168.907072 units)"
2022-07-08,1400.0,1996.54,-3.46,-0.17,21594.75,2.0,0.036994,398.88,10812.49,-49.93,,1214.04,,,,,,,240.7,,,,,,,38.12,,,,,,,0.34,2.0,1168.907072,197.66,0.17,-49.71,
2022-07-09,1400.0,2001.81,5.27,0.26,21591.83,2.0,0.036994,398.77,10812.49,-49.92,,1217.02,,,,,,,243.3,,,,,,,38.06,,,,,,,0.34,2.0,1168.907072,203.04,0.17,-50.38,
2022-07-10,1400.0,1952.27,-49.54,-2.47,20862.47,2.0,0.036994,371.79,10812.49,-48.17,,1168.36,,,,,,,234.7,,,,,,,36.71,,,,,,,0.33,2.0,1168.907072,180.48,0.17,-47.43,
2022-07-11,1400.0,1906.98,-45.29,-2.32,19963.61,2.0,0.036994,338.54,10812.49,-45.84,,1096.4,,,,,,,225.6,,,,,,,33.42,,,,,,,0.32,2.0,1168.907072,168.44,0.17,-45.72,
2022-07-12,1400.0,1879.28,-27.69,-1.45,19328.75,2.0,0.036994,315.05,10812.49,-44.06,,1038.58,,,,,,,220.6,,,,,,,32.68,,,,,,,0.31,2.0,1168.907072,164.23,0.17,-45.09,
2022-07-13,1400.0,1926.95,47.67,2.54,20234.87,2.0,0.036994,348.57,10812.49,-46.57,,1115.0,,,,,,,230.5,,,,,,,34.94,,,,,,,0.32,2.0,1168.907072,178.38,0.17,-47.14,
2022-07-14,1400.0,1951.85,24.9,1.29,20588.84,2.0,0.036994,361.67,10812.49,-47.48,,1193.42,,,,,,,238.5,,,,,,,37.15,,,,,,,0.33,2.0,1168.907072,190.18,0.17,-48.74,
2022-07-15,1400.0,1961.24,9.39,0.48,20830.04,2.0,0.036994,370.59,10812.49,-48.09,,1231.25,,,,,,,238.5,,,,,,,37.36,,,,,,,0.33,2.0,1168.907072,190.65,0.17,-48.8,
2022-07-16,1001.24,1993.82,32.58,1.66,21195.6,2.0,0.036994,384.12,10812.49,-48.99,,1355.85,2.0,0.294106,199.38,677.92,-50.0,"ENTRY @ 1355.85 (small green CHoCH, margin $199.38 [10% of portfolio total $1993.82] @ 2x [ADX 29.1, zone red], 0.294106 units)",249.8,2.0,1.596331,199.38,124.9,-50.0,"ENTRY @ 249.80 (small green CHoCH, margin $199.38 [10% of portfolio total $1993.82] @ 2x [ADX 19.7, zone red], 1.596331 units)",39.58,,,,,,,0.35,2.0,1168.907072,209.7,0.17,-51.18,
2022-07-17,1001.24,1962.45,-31.37,-1.57,20798.16,2.0,0.036994,369.41,10812.49,-48.01,,1338.65,2.0,0.294106,194.32,677.92,-49.36,,247.8,2.0,1.596331,196.19,124.9,-49.6,,38.62,,,,,,,0.34,2.0,1168.907072,201.29,0.17,-50.16,
2022-07-18,786.64,2145.94,183.49,9.35,22432.58,2.0,0.036994,429.88,10812.49,-51.8,,1581.04,2.0,0.294106,265.61,677.92,-57.12,,264.1,2.0,1.596331,222.21,124.9,-52.71,,43.52,10.0,49.309181,214.59,39.17,-10.0,"ENTRY @ 43.52 (small green CHoCH, margin $214.59 [10% of portfolio total $2145.94] @ 10x [ADX 14.5, zone green], 49.309181 units)",0.37,2.0,1168.907072,227.0,0.17,-53.16,
2022-07-19,786.64,2252.85,106.91,4.98,23396.62,2.0,0.036994,465.54,10812.49,-53.79,,1542.32,2.0,0.294106,254.22,677.92,-56.05,,268.6,2.0,1.596331,229.39,124.9,-53.5,,44.87,10.0,49.309181,281.16,39.17,-12.71,,0.37,2.0,1168.907072,235.89,0.17,-54.12,
2022-07-20,786.64,2073.2,-179.65,-7.97,23223.3,2.0,0.036994,459.13,10812.49,-53.44,,1521.58,2.0,0.294106,248.12,677.92,-55.45,,258.2,2.0,1.596331,212.79,124.9,-51.63,,42.04,10.0,49.309181,141.62,39.17,-6.83,,0.36,2.0,1168.907072,224.9,0.17,-52.93,
2022-07-21,786.64,2154.96,81.76,3.94,23152.19,2.0,0.036994,456.5,10812.49,-53.3,,1575.45,2.0,0.294106,263.97,677.92,-56.97,,265.6,2.0,1.596331,224.6,124.9,-52.97,,43.11,10.0,49.309181,194.38,39.17,-9.14,,0.37,2.0,1168.907072,228.87,0.17,-53.37,
2022-07-22,786.64,1983.38,-171.58,-7.96,22684.83,2.0,0.036994,439.21,10812.49,-52.34,,1535.27,2.0,0.294106,252.15,677.92,-55.84,,262.4,2.0,1.596331,219.5,124.9,-52.4,,40.54,10.0,49.309181,67.65,39.17,-3.38,,0.36,2.0,1168.907072,218.23,0.17,-52.18,
2022-07-23,786.64,1907.55,-75.83,-3.82,22451.07,2.0,0.036994,430.56,10812.49,-51.84,,1548.67,2.0,0.294106,256.09,677.92,-56.23,,259.2,2.0,1.596331,214.39,124.9,-51.81,,39.97,,,,,,"** LIQUIDATION EVENT ** @ 39.17 (margin wiped, realized -214.59)",0.36,2.0,1168.907072,219.87,0.17,-52.37,
2022-07-24,786.64,1929.54,21.99,1.15,22579.68,2.0,0.036994,435.32,10812.49,-52.11,,1597.7,2.0,0.294106,270.51,677.92,-57.57,,261.4,2.0,1.596331,217.9,124.9,-52.22,,40.93,,,,,,,0.36,2.0,1168.907072,219.17,0.17,-52.29,
2022-07-25,786.64,1783.45,-146.09,-7.57,21310.9,2.0,0.036994,388.38,10812.49,-49.26,,1440.79,2.0,0.294106,224.36,677.92,-52.95,,244.6,2.0,1.596331,191.08,124.9,-48.94,,36.65,,,,,,,0.34,2.0,1168.907072,192.99,0.17,-49.11,
2022-07-26,786.64,1792.66,9.2,0.52,21254.67,2.0,0.036994,386.3,10812.49,-49.13,,1449.12,2.0,0.294106,226.81,677.92,-53.22,,249.4,2.0,1.596331,198.74,124.9,-49.92,,36.25,,,,,,,0.34,2.0,1168.907072,194.16,0.17,-49.26,
2022-07-27,786.64,1971.74,179.08,9.99,22952.45,2.0,0.036994,449.11,10812.49,-52.89,,1635.74,2.0,0.294106,281.7,677.92,-58.56,,271.6,2.0,1.596331,234.18,124.9,-54.01,,40.23,,,,,,,0.36,2.0,1168.907072,220.11,0.17,-52.39,
2022-07-28,786.64,2056.68,84.94,4.31,23842.93,2.0,0.036994,482.05,10812.49,-54.65,,1724.52,2.0,0.294106,307.81,677.92,-60.69,,277.2,2.0,1.596331,243.12,124.9,-54.94,,42.91,,,,,,,0.37,2.0,1168.907072,237.05,0.17,-54.24,
2022-07-29,786.64,2072.45,15.77,0.77,23773.75,2.0,0.036994,479.49,10812.49,-54.52,,1721.68,2.0,0.294106,306.97,677.92,-60.62,,293.6,2.0,1.596331,269.3,124.9,-57.46,,41.91,,,,,,,0.37,2.0,1168.907072,230.04,0.17,-53.49,
2022-07-30,786.64,2074.49,2.04,0.1,23643.51,2.0,0.036994,474.67,10812.49,-54.27,,1697.0,2.0,0.294106,299.72,677.92,-60.05,,287.8,2.0,1.596331,260.04,124.9,-56.6,,43.84,,,,,,,0.39,2.0,1168.907072,253.42,0.17,-55.89,
2022-07-31,786.64,2038.79,-35.7,-1.72,23293.32,2.0,0.036994,461.72,10812.49,-53.58,,1678.12,2.0,0.294106,294.16,677.92,-59.6,,283.4,2.0,1.596331,253.02,124.9,-55.93,,42.35,,,,,,,0.38,2.0,1168.907072,243.25,0.17,-54.88,
2022-08-01,786.64,2023.35,-15.44,-0.76,23268.01,2.0,0.036994,460.78,10812.49,-53.53,,1630.28,2.0,0.294106,280.09,677.92,-58.42,,283.2,2.0,1.596331,252.7,124.9,-55.9,,41.65,,,,,,,0.38,2.0,1168.907072,243.13,0.17,-54.87,
2022-08-02,786.64,2005.13,-18.22,-0.9,22987.79,2.0,0.036994,450.42,10812.49,-52.96,,1630.91,2.0,0.294106,280.28,677.92,-58.43,,283.8,2.0,1.596331,253.66,124.9,-55.99,,39.79,,,,,,,0.37,2.0,1168.907072,234.13,0.17,-53.93,
2022-08-03,786.64,2014.76,9.63,0.48,22818.37,2.0,0.036994,444.15,10812.49,-52.61,,1618.16,2.0,0.294106,276.53,677.92,-58.11,,297.5,2.0,1.596331,275.53,124.9,-58.02,,38.54,,,,,,,0.37,2.0,1168.907072,231.91,0.17,-53.69,
2022-08-04,786.64,2029.11,14.35,0.71,22622.98,2.0,0.036994,436.92,10812.49,-52.21,,1607.96,2.0,0.294106,273.53,677.92,-57.84,,311.8,2.0,1.596331,298.35,124.9,-59.94,,38.83,,,,,,,0.37,2.0,1168.907072,233.66,0.17,-53.88,
2022-08-05,786.64,2105.37,76.26,3.76,23312.42,2.0,0.036994,462.43,10812.49,-53.62,,1736.81,2.0,0.294106,311.42,677.92,-60.97,,315.9,2.0,1.596331,304.9,124.9,-60.46,,40.55,,,,,,,0.38,2.0,1168.907072,239.98,0.17,-54.54,
2022-08-06,786.64,2071.68,-33.69,-1.6,22954.21,2.0,0.036994,449.17,10812.49,-52.9,,1690.6,2.0,0.294106,297.83,677.92,-59.9,,315.2,2.0,1.596331,303.78,124.9,-60.37,,40.07,,,,,,,0.37,2.0,1168.907072,234.25,0.17,-53.94,
2022-08-07,786.64,2095.6,23.92,1.15,23174.39,2.0,0.036994,457.32,10812.49,-53.34,,1700.19,2.0,0.294106,300.65,677.92,-60.13,,322.8,2.0,1.596331,315.91,124.9,-61.31,,40.6,,,,,,,0.37,2.0,1168.907072,235.07,0.17,-54.03,
2022-08-08,786.64,2152.67,57.07,2.72,23810.0,2.0,0.036994,480.83,10812.49,-54.59,,1777.05,2.0,0.294106,323.26,677.92,-61.85,,324.9,2.0,1.596331,319.27,124.9,-61.56,,42.18,,,,,,,0.38,2.0,1168.907072,242.67,0.17,-54.82,
2022-08-09,786.64,2092.16,-60.51,-2.81,23149.95,2.0,0.036994,456.42,10812.49,-53.29,,1702.76,2.0,0.294106,301.41,677.92,-60.19,,324.4,2.0,1.596331,318.47,124.9,-61.5,,40.33,,,,,,,0.37,2.0,1168.907072,229.22,0.17,-53.4,
2022-08-10,786.64,2189.88,97.72,4.67,23954.05,2.0,0.036994,486.16,10812.49,-54.86,,1853.57,2.0,0.294106,345.76,677.92,-63.43,,328.8,2.0,1.596331,325.49,124.9,-62.01,,42.47,,,,,,,0.38,2.0,1168.907072,245.82,0.17,-55.14,
2022-08-11,786.64,2187.28,-2.6,-0.12,23934.39,2.0,0.036994,485.43,10812.49,-54.82,,1880.19,2.0,0.294106,353.59,677.92,-63.94,,323.6,2.0,1.596331,317.19,124.9,-61.4,,42.77,,,,,,,0.38,2.0,1168.907072,244.42,0.17,-55.0,
2022-08-12,786.64,2233.77,46.49,2.13,24403.68,2.0,0.036994,502.8,10812.49,-55.69,,1958.28,2.0,0.294106,376.56,677.92,-65.38,,327.9,2.0,1.596331,324.06,124.9,-61.91,,45.48,,,,,,,0.38,2.0,1168.907072,243.72,0.17,-54.93,
2022-08-13,786.64,2234.98,1.21,0.05,24441.38,2.0,0.036994,504.19,10812.49,-55.76,,1983.55,2.0,0.294106,383.99,677.92,-65.82,,324.3,2.0,1.596331,318.31,124.9,-61.49,,46.6,,,,,,,0.38,2.0,1168.907072,241.85,0.17,-54.74,
2022-08-14,786.64,2202.37,-32.61,-1.46,24305.24,2.0,0.036994,499.15,10812.49,-55.51,,1935.31,2.0,0.294106,369.8,677.92,-64.97,,317.6,2.0,1.596331,307.61,124.9,-60.67,,44.87,,,,,,,0.38,2.0,1168.907072,239.16,0.17,-54.46,
2022-08-15,786.64,2186.26,-16.11,-0.73,24094.82,2.0,0.036994,491.37,10812.49,-55.13,,1899.06,2.0,0.294106,359.14,677.92,-64.3,,319.5,2.0,1.596331,310.65,124.9,-60.91,,43.72,,,,,,,0.38,2.0,1168.907072,238.46,0.17,-54.39,
2022-08-16,786.64,2167.59,-18.67,-0.85,23854.74,2.0,0.036994,482.49,10812.49,-54.67,,1876.67,2.0,0.294106,352.56,677.92,-63.88,,316.1,2.0,1.596331,305.22,124.9,-60.49,,43.08,,,,,,,0.38,2.0,1168.907072,240.68,0.17,-54.62,
2022-08-17,786.64,2124.4,-43.18,-1.99,23342.66,2.0,0.036994,463.54,10812.49,-53.68,,1834.25,2.0,0.294106,340.08,677.92,-63.04,,306.9,2.0,1.596331,290.53,124.9,-59.3,,40.54,,,,,,,0.38,2.0,1168.907072,243.6,0.17,-54.91,
2022-08-18,786.64,2097.68,-26.72,-1.26,23191.2,2.0,0.036994,457.94,10812.49,-53.38,,1846.39,2.0,0.294106,343.65,677.92,-63.28,,298.1,2.0,1.596331,276.48,124.9,-58.1,,39.52,,,,,,,0.37,2.0,1168.907072,232.96,0.17,-53.81,
2022-08-19,1348.28,1868.27,-229.41,-10.94,20834.39,,,,,,"EXIT @ 20834.39 (small red CHoCH, realized -29.25)",1609.01,2.0,0.294106,273.84,677.92,-57.87,,279.1,2.0,1.596331,246.15,124.9,-55.25,,35.81,,,,,,,0.33,,,,,,"EXIT @ 0.33 (small red CHoCH, realized -9.12)"
2022-08-20,1348.28,1865.92,-2.35,-0.13,21140.07,,,,,,,1576.04,2.0,0.294106,264.14,677.92,-56.99,,283.7,2.0,1.596331,253.5,124.9,-55.97,,35.28,,,,,,,0.34,,,,,,
2022-08-21,1348.28,1907.35,41.43,2.22,21515.61,,,,,,,1618.13,2.0,0.294106,276.52,677.92,-58.1,,301.9,2.0,1.596331,282.55,124.9,-58.63,,36.47,,,,,,,0.34,,,,,,
2022-08-22,1348.28,1906.24,-1.11,-0.06,21399.83,,,,,,,1624.66,2.0,0.294106,278.44,677.92,-58.27,,300.0,2.0,1.596331,279.52,124.9,-58.37,,35.41,,,,,,,0.34,,,,,,
2022-08-23,1348.28,1917.1,10.87,0.57,21529.12,,,,,,,1665.41,2.0,0.294106,290.43,677.92,-59.29,,299.3,2.0,1.596331,278.4,124.9,-58.27,,35.68,,,,,,,0.35,,,,,,
2022-08-24,1348.28,1909.87,-7.23,-0.38,21368.08,,,,,,,1656.56,2.0,0.294106,287.82,677.92,-59.08,,296.4,2.0,1.596331,273.77,124.9,-57.86,,34.89,,,,,,,0.35,,,,,,
2022-08-25,1348.28,1928.87,19.0,0.99,21559.04,,,,,,,1695.11,2.0,0.294106,299.16,677.92,-60.01,,301.2,2.0,1.596331,281.43,124.9,-58.53,,35.27,,,,,,,0.35,,,,,,
2022-08-26,1592.46,1839.41,-89.46,-4.64,20241.05,,,,,,,1508.18,,,,,,"EXIT @ 1508.18 (small red CHoCH, realized +44.80)",279.6,2.0,1.596331,246.95,124.9,-55.33,,31.72,,,,,,,0.34,,,,,,
2022-08-27,1592.46,1836.7,-2.71,-0.15,20037.6,,,,,,,1491.06,,,,,,,277.9,2.0,1.596331,244.24,124.9,-55.06,,31.53,,,,,,,0.33,,,,,,
2022-08-28,1592.46,1834.46,-2.23,-0.12,19555.61,,,,,,,1426.76,,,,,,,276.5,2.0,1.596331,242.0,124.9,-54.83,,30.44,,,,,,,0.32,,,,,,
2022-08-29,1592.46,1849.47,15.01,0.82,20285.73,,,,,,,1551.8,,,,,,,285.9,2.0,1.596331,257.01,124.9,-56.31,,32.42,,,,,,,0.33,,,,,,
2022-08-30,1592.46,1842.61,-6.86,-0.37,19811.66,,,,,,,1524.59,,,,,,,281.6,2.0,1.596331,250.15,124.9,-55.65,,31.47,,,,,,,0.33,,,,,,
2022-08-31,1592.46,1838.77,-3.83,-0.21,20050.02,,,,,,,1554.1,,,,,,,279.2,2.0,1.596331,246.31,124.9,-55.27,,31.5,,,,,,,0.33,,,,,,
2022-09-01,1592.46,1837.34,-1.44,-0.08,20131.46,,,,,,,1586.16,,,,,,,278.3,2.0,1.596331,244.88,124.9,-55.12,,31.61,,,,,,,0.33,,,,,,
2022-09-02,1592.46,1836.06,-1.28,-0.07,19951.86,,,,,,,1575.35,,,,,,,277.5,2.0,1.596331,243.6,124.9,-54.99,,31.23,,,,,,,0.33,,,,,,
2022-09-03,1592.46,1836.54,0.48,0.03,19831.9,,,,,,,1557.46,,,,,,,277.8,2.0,1.596331,244.08,124.9,-55.04,,31.12,,,,,,,0.33,,,,,,
2022-09-04,1592.46,1838.62,2.08,0.11,20000.3,,,,,,,1579.28,,,,,,,279.1,2.0,1.596331,246.15,124.9,-55.25,,32.16,,,,,,,0.33,,,,,,
2022-09-05,1592.46,1835.1,-3.51,-0.19,19796.84,,,,,,,1617.8,,,,,,,276.9,2.0,1.596331,242.64,124.9,-54.89,,32.18,,,,,,,0.33,,,,,,
2022-09-06,1812.12,1812.12,-22.99,-1.25,18790.61,,,,,,,1559.01,,,,,,,262.5,,,,,,"EXIT @ 262.50 (small red CHoCH, realized +20.27)",30.88,,,,,,,0.32,,,,,,
2022-09-07,1630.9,1812.12,0.0,0.0,19292.84,,,,,,,1630.0,,,,,,,278.9,,,,,,,32.69,,,,,,,0.34,2.0,1075.759119,181.21,0.17,-50.0,"ENTRY @ 0.34 (small green CHoCH, margin $181.21 [10% of portfolio total $1812.12] @ 2x [ADX 9.2, zone red], 1075.759119 units)"
2022-09-08,1449.4,1815.02,2.9,0.16,19319.77,,,,,,,1635.37,,,,,,,280.5,,,,,,,33.61,2.0,10.800481,181.5,16.8,-50.0,"ENTRY @ 33.61 (small green CHoCH, margin $181.50 [10% of portfolio total $1815.02] @ 2x [ADX 22.9, zone red], 10.800481 units)",0.34,2.0,1075.759119,184.12,0.17,-50.4,
2022-09-09,1080.41,1844.97,29.95,1.65,21360.11,2.0,0.03455,368.99,10680.06,-50.0,"ENTRY @ 21360.11 (small green CHoCH, margin $368.99 [20% of portfolio total $1844.97] @ 2x [ADX 26.7, zone red], 0.034550 units)",1718.23,,,,,,,293.4,,,,,,,34.67,2.0,10.800481,192.95,16.8,-51.53,,0.36,2.0,1075.759119,202.62,0.17,-52.79,
2022-09-10,894.47,1859.36,14.38,0.78,21648.34,2.0,0.03455,378.95,10680.06,-50.67,,1774.12,10.0,1.048045,185.94,1596.71,-10.0,"ENTRY @ 1774.12 (small green CHoCH, margin $185.94 [10% of portfolio total $1859.36] @ 10x [ADX 15.0, zone green], 1.048045 units)",296.7,,,,,,,35.03,2.0,10.800481,196.84,16.8,-52.03,,0.36,2.0,1075.759119,203.16,0.17,-52.85,
2022-09-11,894.47,1854.44,-4.92,-0.26,21826.87,2.0,0.03455,385.12,10680.06,-51.07,,1766.11,10.0,1.048045,177.54,1596.71,-9.59,,295.3,,,,,,,34.99,2.0,10.800481,196.41,16.8,-51.97,,0.36,2.0,1075.759119,200.9,0.17,-52.58,
2022-09-12,894.47,1853.37,-1.07,-0.06,22395.74,2.0,0.03455,404.78,10680.06,-52.31,,1716.37,10.0,1.048045,125.41,1596.71,-6.97,,294.1,,,,,,,37.44,2.0,10.800481,222.87,16.8,-55.11,,0.36,2.0,1075.759119,205.85,0.17,-53.18,
2022-09-13,894.47,1573.97,-279.4,-15.08,20173.57,2.0,0.03455,328.0,10680.06,-47.06,,1574.4,,,,,,"** LIQUIDATION EVENT ** @ 1596.71 (margin wiped, realized -185.94)",277.4,,,,,,,33.0,2.0,10.800481,174.91,16.8,-49.08,,0.33,2.0,1075.759119,176.59,0.17,-49.35,
2022-09-14,894.47,1597.48,23.51,1.49,20226.71,2.0,0.03455,329.84,10680.06,-47.2,,1638.39,,,,,,,279.3,,,,,,,34.12,2.0,10.800481,187.01,16.8,-50.75,,0.34,2.0,1075.759119,186.16,0.17,-50.67,
2022-09-15,894.47,1551.44,-46.04,-2.88,19701.88,2.0,0.03455,311.7,10680.06,-45.79,,1472.75,,,,,,,271.1,,,,,,,33.07,2.0,10.800481,175.67,16.8,-49.18,,0.33,2.0,1075.759119,169.59,0.17,-48.34,
2022-09-16,894.47,1577.39,25.95,1.67,19803.3,2.0,0.03455,315.21,10680.06,-46.07,,1433.9,,,,,,,274.9,,,,,,,32.25,2.0,10.800481,166.81,16.8,-47.89,,0.36,2.0,1075.759119,200.9,0.17,-52.58,
2022-09-17,894.47,1626.15,48.76,3.09,20113.62,2.0,0.03455,325.93,10680.06,-46.9,,1468.83,,,,,,,279.1,,,,,,,33.68,2.0,10.800481,182.26,16.8,-50.1,,0.38,2.0,1075.759119,223.49,0.17,-55.22,
2022-09-18,894.47,1554.18,-71.97,-4.43,19416.18,2.0,0.03455,301.83,10680.06,-44.99,,1334.51,,,,,,,266.2,,,,,,,31.1,2.0,10.800481,154.39,16.8,-45.96,,0.36,2.0,1075.759119,203.48,0.17,-52.89,
2022-09-19,894.47,1604.03,49.85,3.21,19537.02,2.0,0.03455,306.01,10680.06,-45.33,,1375.98,,,,,,,271.9,,,,,,,32.62,2.0,10.800481,170.81,16.8,-48.48,,0.38,2.0,1075.759119,232.74,0.17,-56.22,
2022-09-20,894.47,1599.5,-4.53,-0.28,18875.0,2.0,0.03455,283.13,10680.06,-43.42,,1322.93,,,,,,,266.3,,,,,,,31.41,2.0,10.800481,157.74,16.8,-46.5,,0.41,2.0,1075.759119,264.15,0.17,-59.31,
2022-09-21,1163.32,1555.06,-44.45,-2.78,18461.36,,,,,,"EXIT @ 18461.36 (small red CHoCH, realized -100.15)",1245.78,,,,,,,264.0,,,,,,,30.65,2.0,10.800481,149.53,16.8,-45.17,,0.39,2.0,1075.759119,242.21,0.17,-57.2,
2022-09-22,1163.32,1673.9,118.84,7.64,19401.63,,,,,,,1326.46,,,,,,,275.3,,,,,,,32.43,2.0,10.800481,168.76,16.8,-48.18,,0.49,2.0,1075.759119,341.82,0.17,-65.35,
2022-09-23,1163.32,1709.45,35.55,2.12,19289.91,,,,,,,1327.25,,,,,,,276.7,,,,,,,33.66,2.0,10.800481,182.04,16.8,-50.07,,0.51,2.0,1075.759119,364.09,0.17,-66.77,
2022-09-24,1163.32,1685.88,-23.57,-1.38,18920.5,,,,,,,1317.13,,,,,,,274.4,,,,,,,33.38,2.0,10.800481,179.02,16.8,-49.66,,0.49,2.0,1075.759119,343.54,0.17,-65.47,
2022-09-25,1163.32,1678.84,-7.04,-0.42,18807.38,,,,,,,1294.63,,,,,,,274.3,,,,,,,32.34,2.0,10.800481,167.79,16.8,-48.04,,0.49,2.0,1075.759119,347.74,0.17,-65.74,
2022-09-26,1163.32,1670.3,-8.54,-0.51,19227.82,,,,,,,1336.17,,,,,,,276.1,,,,,,,33.88,2.0,10.800481,184.42,16.8,-50.4,,0.47,2.0,1075.759119,322.57,0.17,-64.03,
2022-09-27,1163.32,1633.14,-37.16,-2.23,19079.13,,,,,,,1328.02,,,,,,,272.3,,,,,,,32.69,2.0,10.800481,171.57,16.8,-48.59,,0.45,2.0,1075.759119,298.25,0.17,-62.21,
2022-09-28,1163.32,1642.3,9.17,0.56,19412.82,,,,,,,1337.2,,,,,,,281.6,,,,,,,33.22,2.0,10.800481,177.29,16.8,-49.41,,0.45,2.0,1075.759119,301.7,0.17,-62.47,
2022-09-29,1163.32,1691.71,49.41,3.01,19591.51,,,,,,,1335.7,,,,,,,284.1,,,,,,,33.93,2.0,10.800481,184.96,16.8,-50.47,,0.49,2.0,1075.759119,343.44,0.17,-65.46,
2022-09-30,1163.32,1675.97,-15.74,-0.93,19422.61,,,,,,,1328.72,,,,,,,284.8,,,,,,,33.25,2.0,10.800481,177.61,16.8,-49.46,,0.48,2.0,1075.759119,335.05,0.17,-64.9,
2022-10-01,1163.32,1662.39,-13.59,-0.81,19310.95,,,,,,,1311.79,,,,,,,282.9,,,,,,,32.44,2.0,10.800481,168.87,16.8,-48.2,,0.48,2.0,1075.759119,330.2,0.17,-64.57,
2022-10-02,1163.32,1629.34,-33.04,-1.99,19056.8,,,,,,,1276.72,,,,,,,284.7,,,,,,,32.06,2.0,10.800481,164.76,16.8,-47.58,,0.45,2.0,1075.759119,301.27,0.17,-62.44,
2022-10-03,1163.32,1652.94,23.59,1.45,19629.08,,,,,,,1323.09,,,,,,,286.9,,,,,,,32.89,2.0,10.800481,173.73,16.8,-48.91,,0.46,2.0,1075.759119,315.9,0.17,-63.55,
2022-10-04,1163.32,1684.62,31.68,1.92,20337.82,,,,,,,1361.49,,,,,,,296.2,,,,,,,34.09,2.0,10.800481,186.69,16.8,-50.7,,0.48,2.0,1075.759119,334.61,0.17,-64.87,
2022-10-05,1163.32,1693.97,9.36,0.56,20158.26,,,,,,,1352.2,,,,,,,294.2,,,,,,,34.04,2.0,10.800481,186.15,16.8,-50.63,,0.49,2.0,1075.759119,344.51,0.17,-65.53,
2022-10-06,1163.32,1691.69,-2.29,-0.14,19960.67,,,,,,,1352.06,,,,,,,287.0,,,,,,,33.36,2.0,10.800481,178.8,16.8,-49.63,,0.49,2.0,1075.759119,349.57,0.17,-65.86,
2022-10-07,1163.32,1713.72,22.04,1.3,19530.09,,,,,,,1331.1,,,,,,,282.3,,,,,,,32.98,2.0,10.800481,174.7,16.8,-49.04,,0.52,2.0,1075.759119,375.71,0.17,-67.46,
2022-10-08,1163.32,1708.65,-5.07,-0.3,19417.96,,,,,,,1315.48,,,,,,,276.4,,,,,,,32.58,2.0,10.800481,170.38,16.8,-48.42,,0.52,2.0,1075.759119,374.96,0.17,-67.42,
2022-10-09,1163.32,1729.0,20.35,1.19,19439.02,,,,,,,1323.13,,,,,,,278.2,,,,,,,32.92,2.0,10.800481,174.05,16.8,-48.95,,0.53,2.0,1075.759119,391.63,0.17,-68.37,
2022-10-10,1163.32,1677.1,-51.89,-3.0,19131.87,,,,,,,1290.03,,,,,,,271.5,,,,,,,31.96,2.0,10.800481,163.68,16.8,-47.42,,0.49,2.0,1075.759119,350.11,0.17,-65.89,
2022-10-11,1314.47,1656.18,-20.92,-1.25,19060.0,,,,,,,1280.11,,,,,,,271.4,,,,,,,30.8,,,,,,"EXIT @ 30.80 (small red CHoCH, realized -30.35)",0.49,2.0,1075.759119,341.71,0.17,-65.35,
2022-10-12,1314.47,1658.33,2.15,0.13,19155.53,,,,,,,1294.44,,,,,,,270.9,,,,,,,31.16,,,,,,,0.49,2.0,1075.759119,343.87,0.17,-65.49,
2022-10-13,1314.47,1648.65,-9.68,-0.58,19375.13,,,,,,,1287.08,,,,,,,271.6,,,,,,,30.49,,,,,,,0.48,2.0,1075.759119,334.18,0.17,-64.84,
2022-10-14,1314.47,1658.55,9.9,0.6,19176.93,,,,,,,1296.27,,,,,,,269.4,,,,,,,30.0,,,,,,,0.49,2.0,1075.759119,344.08,0.17,-65.5,
2022-10-15,1314.47,1651.56,-6.99,-0.42,19069.39,,,,,,,1274.92,,,,,,,268.2,,,,,,,29.59,,,,,,,0.48,2.0,1075.759119,337.09,0.17,-65.04,
2022-10-16,1314.47,1645.96,-5.59,-0.34,19262.98,,,,,,,1305.95,,,,,,,272.5,,,,,,,30.17,,,,,,,0.48,2.0,1075.759119,331.5,0.17,-64.66,
2022-10-17,1314.47,1650.05,4.09,0.25,19549.86,,,,,,,1331.4,,,,,,,275.6,,,,,,,31.21,,,,,,,0.48,2.0,1075.759119,335.58,0.17,-64.94,
2022-10-18,1314.47,1634.35,-15.71,-0.95,19327.44,,,,,,,1310.71,,,,,,,273.1,,,,,,,30.15,,,,,,,0.47,2.0,1075.759119,319.88,0.17,-63.84,
2022-10-19,1314.47,1617.78,-16.57,-1.01,19123.97,,,,,,,1285.09,,,,,,,272.0,,,,,,,28.86,,,,,,,0.45,2.0,1075.759119,303.31,0.17,-62.6,
2022-10-20,1314.47,1613.58,-4.2,-0.26,19041.92,,,,,,,1282.57,,,,,,,269.0,,,,,,,28.01,,,,,,,0.45,2.0,1075.759119,299.11,0.17,-62.27,
2022-10-21,1314.47,1629.61,16.03,0.99,19164.37,,,,,,,1299.75,,,,,,,270.1,,,,,,,28.1,,,,,,,0.46,2.0,1075.759119,315.14,0.17,-63.49,
2022-10-22,1314.47,1633.81,4.2,0.26,19204.35,,,,,,,1313.61,,,,,,,270.4,,,,,,,28.01,,,,,,,0.47,2.0,1075.759119,319.34,0.17,-63.8,
2022-10-23,1150.71,1637.57,3.77,0.23,19570.4,,,,,,,1364.2,2.0,0.240078,163.76,682.1,-50.0,"ENTRY @ 1364.20 (small green CHoCH, margin $163.76 [10% of portfolio total $1637.57] @ 2x [ADX 28.0, zone red], 0.240078 units)",276.0,,,,,,,29.28,,,,,,,0.47,2.0,1075.759119,323.1,0.17,-64.07,
2022-10-24,1150.71,1615.52,-22.05,-1.35,19329.72,,,,,,,1343.61,2.0,0.240078,158.81,682.1,-49.23,,274.1,,,,,,,28.3,,,,,,,0.45,2.0,1075.759119,306.0,0.17,-62.81,
2022-10-25,655.24,1651.58,36.06,2.23,20080.07,2.0,0.0329,330.32,10040.03,-50.0,"ENTRY @ 20080.07 (small green CHoCH, margin $330.32 [20% of portfolio total $1651.58] @ 2x [ADX 11.6, zone red], 0.032900 units)",1459.74,2.0,0.240078,186.69,682.1,-53.27,,284.2,2.0,1.162266,165.16,142.1,-50.0,"ENTRY @ 284.20 (small green CHoCH, margin $165.16 [10% of portfolio total $1651.58] @ 2x [ADX 21.2, zone red], 1.162266 units)",30.86,,,,,,,0.46,2.0,1075.759119,314.18,0.17,-63.42,
2022-10-26,655.24,1715.88,64.3,3.89,20771.59,2.0,0.0329,353.07,10040.03,-51.66,,1566.1,2.0,0.240078,212.23,682.1,-56.45,,290.2,2.0,1.162266,172.13,142.1,-51.03,,31.29,,,,,,,0.47,2.0,1075.759119,323.21,0.17,-64.08,
2022-10-27,655.24,1675.68,-40.2,-2.34,20295.11,2.0,0.0329,337.39,10040.03,-50.53,,1514.05,2.0,0.240078,199.73,682.1,-54.95,,286.7,2.0,1.162266,168.06,142.1,-50.44,,30.58,,,,,,,0.46,2.0,1075.759119,315.25,0.17,-63.5,
2022-10-28,483.03,1722.02,46.35,2.77,20591.84,2.0,0.0329,347.15,10040.03,-51.24,,1554.41,2.0,0.240078,209.42,682.1,-56.12,,297.9,2.0,1.162266,181.08,142.1,-52.3,,32.07,2.0,10.739147,172.2,16.04,-50.0,"ENTRY @ 32.07 (small green CHoCH, margin $172.20 [10% of portfolio total $1722.02] @ 2x [ADX 17.0, zone red], 10.739147 units)",0.47,2.0,1075.759119,329.13,0.17,-64.49,
2022-10-29,483.03,1756.35,34.33,1.99,20809.67,2.0,0.0329,354.32,10040.03,-51.75,,1619.55,2.0,0.240078,225.06,682.1,-57.88,,304.4,2.0,1.162266,188.64,142.1,-53.32,,32.87,2.0,10.739147,180.79,16.04,-51.22,,0.47,2.0,1075.759119,324.5,0.17,-64.17,
2022-10-30,483.03,1741.89,-14.46,-0.82,20627.48,2.0,0.0329,348.33,10040.03,-51.33,,1590.44,2.0,0.240078,218.07,682.1,-57.11,,313.5,2.0,1.162266,199.21,142.1,-54.67,,32.94,2.0,10.739147,181.55,16.04,-51.32,,0.46,2.0,1075.759119,311.7,0.17,-63.24,
2022-10-31,483.03,1749.58,7.69,0.44,20490.74,2.0,0.0329,343.83,10040.03,-51.0,,1572.69,2.0,0.240078,213.81,682.1,-56.63,,325.7,2.0,1.162266,213.39,142.1,-56.37,,32.56,2.0,10.739147,177.46,16.04,-50.75,,0.46,2.0,1075.759119,318.05,0.17,-63.7,
2022-11-01,483.03,1744.24,-5.34,-0.31,20483.62,2.0,0.0329,343.59,10040.03,-50.99,,1578.48,2.0,0.240078,215.2,682.1,-56.79,,323.9,2.0,1.162266,211.3,142.1,-56.13,,32.2,2.0,10.739147,173.6,16.04,-50.2,,0.46,2.0,1075.759119,317.51,0.17,-63.66,
2022-11-02,483.03,1684.6,-59.64,-3.42,20151.84,2.0,0.0329,332.68,10040.03,-50.18,,1518.34,2.0,0.240078,200.76,682.1,-55.08,,320.2,2.0,1.162266,207.0,142.1,-55.62,,30.8,2.0,10.739147,158.56,16.04,-47.94,,0.45,2.0,1075.759119,302.56,0.17,-62.54,
2022-11-03,483.03,1706.31,21.72,1.29,20207.82,2.0,0.0329,334.52,10040.03,-50.32,,1531.01,2.0,0.240078,203.8,682.1,-55.45,,329.5,2.0,1.162266,217.81,142.1,-56.87,,30.85,2.0,10.739147,159.1,16.04,-48.02,,0.45,2.0,1075.759119,308.04,0.17,-62.96,
2022-11-04,483.03,1880.29,173.98,10.2,21148.52,2.0,0.0329,365.47,10040.03,-52.53,,1644.78,2.0,0.240078,231.12,682.1,-58.53,,354.6,2.0,1.162266,246.98,142.1,-59.93,,33.74,2.0,10.739147,190.14,16.04,-52.47,,0.51,2.0,1075.759119,363.55,0.17,-66.74,
2022-11-05,483.03,1894.23,13.93,0.74,21299.37,2.0,0.0329,370.43,10040.03,-52.86,,1626.98,2.0,0.240078,226.84,682.1,-58.08,,349.2,2.0,1.162266,240.71,142.1,-59.31,,36.9,2.0,10.739147,224.07,16.04,-56.54,,0.49,2.0,1075.759119,349.14,0.17,-65.83,
2022-11-06,483.03,1784.31,-109.92,-5.8,20905.58,2.0,0.0329,357.48,10040.03,-51.97,,1568.29,2.0,0.240078,212.75,682.1,-56.51,,337.9,2.0,1.162266,227.57,142.1,-57.95,,32.62,2.0,10.739147,178.11,16.04,-50.84,,0.47,2.0,1075.759119,325.36,0.17,-64.23,
2022-11-07,483.03,1734.09,-50.22,-2.81,20591.13,2.0,0.0329,347.13,10040.03,-51.24,,1568.1,2.0,0.240078,212.71,682.1,-56.5,,337.0,2.0,1.162266,226.53,142.1,-57.83,,29.62,2.0,10.739147,145.89,16.04,-45.86,,0.46,2.0,1075.759119,318.8,0.17,-63.76,
2022-11-08,1264.67,1480.04,-254.05,-14.65,18547.23,,,,,,"EXIT @ 18547.23 (small red CHoCH, realized -50.43)",1334.77,,,,,,"EXIT @ 1334.77 (small red CHoCH, realized -7.07)",327.4,2.0,1.162266,215.37,142.1,-56.6,,24.38,,,,,,"EXIT @ 24.38 (small red CHoCH, realized -82.58)",0.41,,,,,,"EXIT @ 0.41 (small red CHoCH, realized +74.23)"
2022-11-09,1264.67,1410.19,-69.85,-4.72,15922.81,,,,,,,1102.73,,,,,,,267.3,2.0,1.162266,145.52,142.1,-46.84,,14.08,,,,,,,0.33,,,,,,
2022-11-10,1264.67,1452.84,42.66,3.02,17601.15,,,,,,,1299.28,,,,,,,304.0,2.0,1.162266,188.17,142.1,-53.26,,17.66,,,,,,,0.39,,,,,,
2022-11-11,1264.67,1437.03,-15.81,-1.09,17070.31,,,,,,,1289.28,,,,,,,290.4,2.0,1.162266,172.36,142.1,-51.07,,16.45,,,,,,,0.38,,,,,,
2022-11-12,1264.67,1428.2,-8.83,-0.61,16812.08,,,,,,,1257.25,,,,,,,282.8,2.0,1.162266,163.53,142.1,-49.75,,14.58,,,,,,,0.36,,,,,,
2022-11-13,1264.67,1420.76,-7.44,-0.52,16329.85,,,,,,,1221.49,,,,,,,276.4,2.0,1.162266,156.09,142.1,-48.59,,13.18,,,,,,,0.34,,,,,,
2022-11-14,1264.67,1423.78,3.02,0.21,16619.46,,,,,,,1243.28,,,,,,,279.0,2.0,1.162266,159.11,142.1,-49.07,,14.0,,,,,,,0.38,,,,,,
2022-11-15,1264.67,1421.46,-2.32,-0.16,16900.57,,,,,,,1253.23,,,,,,,277.0,2.0,1.162266,156.79,142.1,-48.7,,14.32,,,,,,,0.39,,,,,,
2022-11-16,1264.67,1415.42,-6.04,-0.43,16662.76,,,,,,,1216.17,,,,,,,271.8,2.0,1.162266,150.75,142.1,-47.72,,14.27,,,,,,,0.38,,,,,,
2022-11-17,1264.67,1410.88,-4.53,-0.32,16692.56,,,,,,,1200.43,,,,,,,267.9,2.0,1.162266,146.21,142.1,-46.96,,13.65,,,,,,,0.38,,,,,,
2022-11-18,1264.67,1418.09,7.21,0.51,16700.45,,,,,,,1212.58,,,,,,,274.1,2.0,1.162266,153.42,142.1,-48.16,,13.27,,,,,,,0.38,,,,,,
2022-11-19,1264.67,1416.35,-1.74,-0.12,16700.68,,,,,,,1217.67,,,,,,,272.6,2.0,1.162266,151.68,142.1,-47.87,,12.84,,,,,,,0.38,,,,,,
2022-11-20,1264.67,1406.58,-9.76,-0.69,16280.23,,,,,,,1142.21,,,,,,,264.2,2.0,1.162266,141.91,142.1,-46.21,,12.27,,,,,,,0.36,,,,,,
2022-11-21,1394.61,1394.61,-11.97,-0.85,15781.29,,,,,,,1107.34,,,,,,,253.9,,,,,,"EXIT @ 253.90 (small red CHoCH, realized -35.22)",11.83,,,,,,,0.36,,,,,,
2022-11-22,1394.61,1394.61,0.0,0.0,16226.94,,,,,,,1139.6,,,,,,,266.7,,,,,,,12.44,,,,,,,0.38,,,,,,
2022-11-23,1394.61,1394.61,0.0,0.0,16603.11,,,,,,,1184.52,,,,,,,298.8,,,,,,,14.36,,,,,,,0.38,,,,,,
2022-11-24,1255.15,1394.61,0.0,0.0,16598.95,,,,,,,1203.73,,,,,,,300.2,,,,,,,14.59,,,,,,,0.4,2.0,694.181523,139.46,0.2,-50.0,"ENTRY @ 0.40 (small green CHoCH, margin $139.46 [10% of portfolio total $1394.61] @ 2x [ADX 39.0, zone red], 694.181523 units)"
2022-11-25,1255.15,1398.78,4.17,0.3,16522.14,,,,,,,1199.3,,,,,,,300.8,,,,,,,14.03,,,,,,,0.41,2.0,694.181523,143.63,0.2,-50.74,
2022-11-26,1255.15,1390.58,-8.19,-0.59,16458.57,,,,,,,1205.6,,,,,,,311.4,,,,,,,14.17,,,,,,,0.4,2.0,694.181523,135.43,0.2,-49.27,
2022-11-27,1255.15,1390.72,0.14,0.01,16428.78,,,,,,,1193.88,,,,,,,307.6,,,,,,,14.12,,,,,,,0.4,2.0,694.181523,135.57,0.2,-49.29,
2022-11-28,1255.15,1385.59,-5.14,-0.37,16212.91,,,,,,,1167.77,,,,,,,293.5,,,,,,,13.32,,,,,,,0.39,2.0,694.181523,130.44,0.2,-48.33,
2022-11-29,1255.15,1392.04,6.46,0.47,16442.53,,,,,,,1216.49,,,,,,,295.4,,,,,,,13.34,,,,,,,0.4,2.0,694.181523,136.89,0.2,-49.54,
2022-11-30,975.39,1398.78,6.73,0.48,17163.64,2.0,0.032599,279.76,8581.82,-50.0,"ENTRY @ 17163.64 (small green CHoCH, margin $279.76 [20% of portfolio total $1398.78] @ 2x [ADX 43.6, zone red], 0.032599 units)",1294.46,,,,,,,300.6,,,,,,,14.16,,,,,,,0.41,2.0,694.181523,143.63,0.2,-50.74,
2022-12-01,975.39,1385.14,-13.64,-0.98,16977.37,2.0,0.032599,273.68,8581.82,-49.45,,1276.41,,,,,,,292.3,,,,,,,13.51,,,,,,,0.4,2.0,694.181523,136.06,0.2,-49.38,
2022-12-02,975.39,1388.34,3.21,0.23,17092.74,2.0,0.032599,277.44,8581.82,-49.79,,1295.59,,,,,,,293.4,,,,,,,13.71,,,,,,,0.4,2.0,694.181523,135.5,0.2,-49.28,
2022-12-03,975.39,1375.47,-12.87,-0.93,16885.2,2.0,0.032599,270.68,8581.82,-49.18,,1240.51,,,,,,,290.4,,,,,,,13.29,,,,,,,0.39,2.0,694.181523,129.4,0.2,-48.13,
2022-12-04,975.39,1384.18,8.72,0.63,17105.7,2.0,0.032599,277.87,8581.82,-49.83,,1279.41,,,,,,,291.8,,,,,,,13.71,,,,,,,0.39,2.0,694.181523,130.92,0.2,-48.42,
2022-12-05,975.39,1379.5,-4.68,-0.34,16966.35,2.0,0.032599,273.32,8581.82,-49.42,,1259.41,,,,,,,288.4,,,,,,,13.82,,,,,,,0.39,2.0,694.181523,130.78,0.2,-48.39,
2022-12-06,975.39,1384.96,5.45,0.4,17088.96,2.0,0.032599,277.32,8581.82,-49.78,,1271.32,,,,,,,290.2,,,,,,,14.3,,,,,,,0.39,2.0,694.181523,132.24,0.2,-48.67,
2022-12-07,975.39,1371.25,-13.71,-0.99,16836.64,2.0,0.032599,269.1,8581.82,-49.03,,1231.18,,,,,,,284.2,,,,,,,13.49,,,,,,,0.38,2.0,694.181523,126.76,0.2,-47.61,
2022-12-08,975.39,1391.24,19.99,1.46,17224.1,2.0,0.032599,281.73,8581.82,-50.18,,1280.18,,,,,,,290.4,,,,,,,13.69,,,,,,,0.39,2.0,694.181523,134.12,0.2,-49.02,
2022-12-09,975.39,1384.51,-6.72,-0.48,17128.56,2.0,0.032599,278.61,8581.82,-49.9,,1263.1,,,,,,,286.0,,,,,,,13.59,,,,,,,0.39,2.0,694.181523,130.51,0.2,-48.34,
2022-12-10,975.39,1382.81,-1.7,-0.12,17127.49,2.0,0.032599,278.58,8581.82,-49.89,,1266.35,,,,,,,288.2,,,,,,,13.58,,,,,,,0.39,2.0,694.181523,128.84,0.2,-48.02,
2022-12-11,975.39,1377.54,-5.27,-0.38,17085.05,2.0,0.032599,277.19,8581.82,-49.77,,1263.01,,,,,,,284.4,,,,,,,13.42,,,,,,,0.38,2.0,694.181523,124.95,0.2,-47.26,
2022-12-12,975.39,1386.12,8.58,0.62,17209.83,2.0,0.032599,281.26,8581.82,-50.13,,1275.4,,,,,,,276.1,,,,,,,13.31,,,,,,,0.39,2.0,694.181523,129.46,0.2,-48.14,
2022-12-13,834.4,1409.95,23.83,1.72,17774.7,2.0,0.032599,299.67,8581.82,-51.72,,1320.69,5.0,0.533792,140.99,1056.55,-20.0,"ENTRY @ 1320.69 (small green CHoCH, margin $140.99 [10% of portfolio total $1409.95] @ 5x [ADX 22.3, zone green], 0.533792 units)",272.2,,,,,,,13.89,,,,,,,0.4,2.0,694.181523,134.88,0.2,-49.16,
2022-12-14,834.4,1396.93,-13.02,-0.92,17803.15,2.0,0.032599,300.6,8581.82,-51.8,,1307.44,5.0,0.533792,133.92,1056.55,-19.19,,267.7,,,,,,,14.12,,,,,,,0.39,2.0,694.181523,128.01,0.2,-47.86,
2022-12-15,834.4,1355.47,-41.47,-2.97,17356.34,2.0,0.032599,286.04,8581.82,-50.56,,1266.54,5.0,0.533792,112.09,1056.55,-16.58,,258.8,,,,,,,14.04,,,,,,,0.38,2.0,694.181523,122.94,0.2,-46.85,
2022-12-16,1259.96,1259.96,-95.51,-7.05,16632.12,,,,,,"EXIT @ 16632.12 (small red CHoCH, realized -17.33)",1166.83,,,,,,"EXIT @ 1166.83 (small red CHoCH, realized -82.13)",231.2,,,,,,,12.25,,,,,,,0.35,,,,,,"EXIT @ 0.35 (small red CHoCH, realized -35.20)"
2022-12-17,1259.96,1259.96,0.0,0.0,16776.52,,,,,,,1187.16,,,,,,,242.1,,,,,,,12.51,,,,,,,0.35,,,,,,
2022-12-18,1259.96,1259.96,0.0,0.0,16738.21,,,,,,,1183.06,,,,,,,251.0,,,,,,,12.38,,,,,,,0.35,,,,,,
2022-12-19,1259.96,1259.96,0.0,0.0,16438.88,,,,,,,1167.82,,,,,,,240.4,,,,,,,11.94,,,,,,,0.34,,,,,,
2022-12-20,1259.96,1259.96,0.0,0.0,16895.56,,,,,,,1216.94,,,,,,,251.4,,,,,,,12.26,,,,,,,0.35,,,,,,
2022-12-21,1259.96,1259.96,0.0,0.0,16824.67,,,,,,,1213.78,,,,,,,246.2,,,,,,,12.14,,,,,,,0.34,,,,,,
2022-12-22,1259.96,1259.96,0.0,0.0,16821.43,,,,,,,1217.71,,,,,,,245.8,,,,,,,11.82,,,,,,,0.35,,,,,,
2022-12-23,1259.96,1259.96,0.0,0.0,16778.5,,,,,,,1219.99,,,,,,,246.2,,,,,,,11.78,,,,,,,0.35,,,,,,
2022-12-24,1259.96,1259.96,0.0,0.0,16836.12,,,,,,,1220.41,,,,,,,244.5,,,,,,,11.45,,,,,,,0.35,,,,,,
2022-12-25,1259.96,1259.96,0.0,0.0,16832.11,,,,,,,1218.51,,,,,,,243.2,,,,,,,11.38,,,,,,,0.35,,,,,,
2022-12-26,1259.96,1259.96,0.0,0.0,16919.39,,,,,,,1228.11,,,,,,,244.3,,,,,,,11.32,,,,,,,0.37,,,,,,
2022-12-27,1259.96,1259.96,0.0,0.0,16706.36,,,,,,,1211.55,,,,,,,246.7,,,,,,,11.09,,,,,,,0.37,,,,,,
2022-12-28,1259.96,1259.96,0.0,0.0,16547.31,,,,,,,1190.15,,,,,,,244.5,,,,,,,9.76,,,,,,,0.36,,,,,,
2022-12-29,1259.96,1259.96,0.0,0.0,16633.47,,,,,,,1200.49,,,,,,,246.3,,,,,,,9.64,,,,,,,0.34,,,,,,
2022-12-30,1259.96,1259.96,0.0,0.0,16607.48,,,,,,,1199.99,,,,,,,245.8,,,,,,,9.9,,,,,,,0.35,,,,,,
2022-12-31,1259.96,1259.96,0.0,0.0,16542.4,,,,,,,1196.13,,,,,,,246.3,,,,,,,9.97,,,,,,,0.34,,,,,,
2023-01-01,1259.96,1259.96,0.0,0.0,16616.75,,,,,,,1200.34,,,,,,,244.4,,,,,,,9.99,,,,,,,0.34,,,,,,
2023-01-02,1259.96,1259.96,0.0,0.0,16672.87,,,,,,,1214.0,,,,,,,245.2,,,,,,,11.28,,,,,,,0.35,,,,,,
2023-01-03,1259.96,1259.96,0.0,0.0,16675.18,,,,,,,1214.55,,,,,,,246.1,,,,,,,13.37,,,,,,,0.34,,,,,,
2023-01-04,1007.97,1259.96,0.0,0.0,16850.36,,,,,,,1256.9,2.0,0.200487,126.0,628.45,-50.0,"ENTRY @ 1256.90 (small green CHoCH, margin $126.00 [10% of portfolio total $1259.96] @ 2x [ADX 23.7, zone red], 0.200487 units)",258.9,2.0,0.973318,126.0,129.45,-50.0,"ENTRY @ 258.90 (small green CHoCH, margin $126.00 [10% of portfolio total $1259.96] @ 2x [ADX 37.6, zone red], 0.973318 units)",13.43,,,,,,,0.35,,,,,,
2023-01-05,1007.97,1256.68,-3.28,-0.26,16831.85,,,,,,,1251.24,2.0,0.200487,124.86,628.45,-49.77,,256.7,2.0,0.973318,123.85,129.45,-49.57,,13.43,,,,,,,0.34,,,,,,
2023-01-06,1007.97,1263.39,6.7,0.53,16950.65,,,,,,,1269.14,2.0,0.200487,128.45,628.45,-50.48,,259.9,2.0,0.973318,126.97,129.45,-50.19,,13.5,,,,,,,0.34,,,,,,
2023-01-07,1007.97,1263.73,0.35,0.03,16943.57,,,,,,,1264.07,2.0,0.200487,127.43,628.45,-50.28,,261.3,2.0,0.973318,128.33,129.45,-50.46,,13.1,,,,,,,0.34,,,,,,
2023-01-08,623.31,1282.2,18.47,1.46,17127.83,2.0,0.029944,256.44,8563.92,-50.0,"ENTRY @ 17127.83 (small green CHoCH, margin $256.44 [20% of portfolio total $1282.20] @ 2x [ADX 15.4, zone red], 0.029944 units)",1290.16,2.0,0.200487,132.66,628.45,-51.29,,274.9,2.0,0.973318,141.57,129.45,-52.91,,14.45,5.0,44.366811,128.22,11.56,-20.0,"ENTRY @ 14.45 (small green CHoCH, margin $128.22 [10% of portfolio total $1282.20] @ 5x [ADX 31.8, zone green], 44.366811 units)",0.35,,,,,,
2023-01-09,623.31,1367.39,85.19,6.64,17178.26,2.0,0.029944,257.95,8563.92,-50.15,,1320.39,2.0,0.200487,138.72,628.45,-52.4,,272.6,2.0,0.973318,139.33,129.45,-52.51,,16.25,5.0,44.366811,208.08,11.56,-28.86,,0.35,,,,,,
2023-01-10,623.31,1380.47,13.07,0.96,17440.66,2.0,0.029944,265.81,8563.92,-50.9,,1335.62,2.0,0.200487,141.78,628.45,-52.95,,277.1,2.0,0.973318,143.71,129.45,-53.28,,16.2,5.0,44.366811,205.86,11.56,-28.64,,0.35,,,,,,
2023-01-11,481.22,1420.89,40.42,2.93,17943.26,2.0,0.029944,280.86,8563.92,-52.27,,1389.39,2.0,0.200487,152.56,628.45,-54.77,,284.8,2.0,0.973318,151.2,129.45,-54.55,,16.36,5.0,44.366811,212.96,11.56,-29.34,,0.37,2.0,762.279538,142.09,0.19,-50.0,"ENTRY @ 0.37 (small green CHoCH, margin $142.09 [10% of portfolio total $1420.89] @ 2x [ADX 40.0, zone red], 762.279538 units)"
2023-01-12,481.22,1467.81,46.92,3.3,18846.62,2.0,0.029944,307.91,8563.92,-54.56,,1415.92,2.0,0.200487,157.88,628.45,-55.62,,287.7,2.0,0.973318,154.03,129.45,-55.01,,16.59,5.0,44.366811,223.17,11.56,-30.32,,0.37,2.0,762.279538,143.61,0.19,-50.27,
2023-01-13,481.22,1596.97,129.16,8.8,19930.01,2.0,0.029944,340.35,8563.92,-57.03,,1451.2,2.0,0.200487,164.95,628.45,-56.69,,293.7,2.0,0.973318,159.87,129.45,-55.92,,18.29,5.0,44.366811,298.59,11.56,-36.8,,0.39,2.0,762.279538,152.0,0.19,-51.68,
2023-01-14,481.22,1929.77,332.8,20.84,20954.92,2.0,0.029944,371.04,8563.92,-59.13,,1549.9,2.0,0.200487,184.74,628.45,-59.45,,305.1,2.0,0.973318,170.96,129.45,-57.57,,24.24,5.0,44.366811,562.57,11.56,-52.31,,0.4,2.0,762.279538,159.24,0.19,-52.85,
2023-01-15,481.22,1856.85,-72.92,-3.78,20871.5,2.0,0.029944,368.54,8563.92,-58.97,,1552.52,2.0,0.200487,185.26,628.45,-59.52,,302.2,2.0,0.973318,168.14,129.45,-57.16,,22.89,5.0,44.366811,502.68,11.56,-49.5,,0.38,2.0,762.279538,151.01,0.19,-51.52,
2023-01-16,481.22,1899.41,42.56,2.29,21185.65,2.0,0.029944,377.95,8563.92,-59.58,,1576.94,2.0,0.200487,190.16,628.45,-60.15,,299.0,2.0,0.973318,165.03,129.45,-56.71,,23.58,5.0,44.366811,533.29,11.56,-50.98,,0.39,2.0,762.279538,151.77,0.19,-51.65,
2023-01-17,481.22,1865.05,-34.37,-1.81,21134.81,2.0,0.029944,376.43,8563.92,-59.48,,1565.57,2.0,0.200487,187.88,628.45,-59.86,,299.4,2.0,0.973318,165.42,129.45,-56.76,,22.86,5.0,44.366811,501.34,11.56,-49.43,,0.39,2.0,762.279538,152.76,0.19,-51.81,
2023-01-18,481.22,1729.74,-135.31,-7.25,20677.47,2.0,0.029944,362.73,8563.92,-58.58,,1511.43,2.0,0.200487,177.03,628.45,-58.42,,286.7,2.0,0.973318,153.05,129.45,-54.85,,20.79,5.0,44.366811,409.51,11.56,-44.4,,0.38,2.0,762.279538,146.21,0.19,-50.71,
2023-01-19,481.22,1795.38,65.64,3.79,21071.59,2.0,0.029944,374.53,8563.92,-59.36,,1551.09,2.0,0.200487,184.98,628.45,-59.48,,294.6,2.0,0.973318,160.74,129.45,-56.06,,21.4,5.0,44.366811,436.57,11.56,-45.98,,0.39,2.0,762.279538,157.33,0.19,-52.55,
2023-01-20,481.22,2072.58,277.21,15.44,22667.21,2.0,0.029944,422.31,8563.92,-62.22,,1658.52,2.0,0.200487,206.52,628.45,-62.11,,305.1,2.0,0.973318,170.96,129.45,-57.57,,25.51,5.0,44.366811,618.92,11.56,-54.68,,0.41,2.0,762.279538,172.66,0.19,-54.86,
2023-01-21,481.22,2014.8,-57.79,-2.79,22783.55,2.0,0.029944,425.8,8563.92,-62.41,,1626.66,2.0,0.200487,200.13,628.45,-61.37,,299.0,2.0,0.973318,165.03,129.45,-56.71,,24.57,5.0,44.366811,577.21,11.56,-52.95,,0.4,2.0,762.279538,165.41,0.19,-53.79,
2023-01-22,481.22,1998.32,-16.48,-0.82,22707.88,2.0,0.029944,423.53,8563.92,-62.29,,1627.44,2.0,0.200487,200.28,628.45,-61.38,,303.0,2.0,0.973318,168.92,129.45,-57.28,,24.21,5.0,44.366811,561.24,11.56,-52.25,,0.4,2.0,762.279538,163.13,0.19,-53.45,
2023-01-23,481.22,2029.24,30.92,1.55,22916.45,2.0,0.029944,429.78,8563.92,-62.63,,1626.29,2.0,0.200487,200.05,628.45,-61.36,,305.1,2.0,0.973318,170.96,129.45,-57.57,,24.33,5.0,44.366811,566.56,11.56,-52.49,,0.42,2.0,762.279538,180.66,0.19,-55.98,
2023-01-24,481.22,1921.31,-107.92,-5.32,22632.89,2.0,0.029944,421.29,8563.92,-62.16,,1555.97,2.0,0.200487,185.96,628.45,-59.61,,300.3,2.0,0.973318,166.29,129.45,-56.89,,22.78,5.0,44.366811,497.8,11.56,-49.25,,0.41,2.0,762.279538,168.77,0.19,-54.29,
2023-01-25,481.22,2035.99,114.67,5.97,23060.94,2.0,0.029944,434.1,8563.92,-62.86,,1611.94,2.0,0.200487,197.18,628.45,-61.01,,306.9,2.0,0.973318,172.72,129.45,-57.82,,24.52,5.0,44.366811,574.99,11.56,-52.85,,0.42,2.0,762.279538,175.78,0.19,-55.3,
2023-01-26,481.22,2015.76,-20.23,-0.99,23009.65,2.0,0.029944,432.57,8563.92,-62.78,,1601.09,2.0,0.200487,195.0,628.45,-60.75,,304.7,2.0,0.973318,170.57,129.45,-57.52,,24.33,5.0,44.366811,566.56,11.56,-52.49,,0.41,2.0,762.279538,169.84,0.19,-54.45,
2023-01-27,481.22,2027.39,11.63,0.58,23074.16,2.0,0.029944,434.5,8563.92,-62.89,,1597.62,2.0,0.200487,194.31,628.45,-60.66,,308.0,2.0,0.973318,173.79,129.45,-57.97,,24.43,5.0,44.366811,571.0,11.56,-52.68,,0.41,2.0,762.279538,172.58,0.19,-54.84,
2023-01-28,481.22,1995.99,-31.4,-1.55,23022.6,2.0,0.029944,432.95,8563.92,-62.8,,1572.1,2.0,0.200487,189.19,628.45,-60.02,,306.1,2.0,0.973318,171.94,129.45,-57.71,,24.0,5.0,44.366811,551.92,11.56,-51.83,,0.41,2.0,762.279538,168.77,0.19,-54.29,
2023-01-29,481.22,2139.01,143.02,7.17,23742.3,2.0,0.029944,454.51,8563.92,-63.93,,1644.72,2.0,0.200487,203.75,628.45,-61.79,,317.2,2.0,0.973318,182.74,129.45,-59.19,,26.07,5.0,44.366811,643.76,11.56,-55.66,,0.41,2.0,762.279538,173.04,0.19,-54.91,
2023-01-30,481.22,1977.24,-161.77,-7.56,22826.15,2.0,0.029944,427.07,8563.92,-62.48,,1566.2,2.0,0.200487,188.01,628.45,-59.87,,307.2,2.0,0.973318,173.01,129.45,-57.86,,23.96,5.0,44.366811,550.15,11.56,-51.75,,0.39,2.0,762.279538,157.79,0.19,-52.62,
2023-01-31,481.22,2002.31,25.06,1.27,23125.13,2.0,0.029944,436.02,8563.92,-62.97,,1585.33,2.0,0.200487,191.84,628.45,-60.36,,312.0,2.0,0.973318,177.68,129.45,-58.51,,23.92,5.0,44.366811,548.37,11.56,-51.67,,0.41,2.0,762.279538,167.17,0.19,-54.05,
2023-02-01,481.22,2090.22,87.91,4.39,23732.66,2.0,0.029944,454.22,8563.92,-63.92,,1641.68,2.0,0.200487,203.14,628.45,-61.72,,317.0,2.0,0.973318,182.55,129.45,-59.16,,25.0,5.0,44.366811,596.29,11.56,-53.76,,0.41,2.0,762.279538,172.81,0.19,-54.88,
2023-02-02,481.22,2056.85,-33.37,-1.6,23488.94,2.0,0.029944,446.92,8563.92,-63.54,,1643.12,2.0,0.200487,203.43,628.45,-61.75,,323.5,2.0,0.973318,188.87,129.45,-59.98,,24.32,5.0,44.366811,566.12,11.56,-52.47,,0.41,2.0,762.279538,170.29,0.19,-54.51,
2023-02-03,481.22,2085.57,28.71,1.4,23431.9,2.0,0.029944,445.21,8563.92,-63.45,,1663.52,2.0,0.200487,207.52,628.45,-62.22,,332.2,2.0,0.973318,197.34,129.45,-61.03,,24.69,5.0,44.366811,582.54,11.56,-53.18,,0.41,2.0,762.279538,171.74,0.19,-54.72,
2023-02-04,481.22,2064.87,-20.69,-0.99,23326.84,2.0,0.029944,442.06,8563.92,-63.29,,1666.38,2.0,0.200487,208.09,628.45,-62.29,,330.4,2.0,0.973318,195.59,129.45,-60.82,,24.34,5.0,44.366811,567.01,11.56,-52.51,,0.41,2.0,762.279538,170.9,0.19,-54.6,
2023-02-05,481.22,1995.16,-69.72,-3.38,22932.91,2.0,0.029944,430.27,8563.92,-62.66,,1629.02,2.0,0.200487,200.6,628.45,-61.42,,327.8,2.0,0.973318,193.06,129.45,-60.51,,23.47,5.0,44.366811,528.41,11.56,-50.75,,0.4,2.0,762.279538,161.6,0.19,-53.21,
2023-02-06,481.22,1942.88,-52.28,-2.62,22762.52,2.0,0.029944,425.17,8563.92,-62.38,,1614.29,2.0,0.200487,197.65,628.45,-61.07,,324.3,2.0,0.973318,189.65,129.45,-60.08,,22.66,5.0,44.366811,492.47,11.56,-48.98,,0.39,2.0,762.279538,156.72,0.19,-52.45,
2023-02-07,481.22,2037.34,94.46,4.86,23240.46,2.0,0.029944,439.48,8563.92,-63.15,,1671.03,2.0,0.200487,209.02,628.45,-62.39,,333.0,2.0,0.973318,198.12,129.45,-61.13,,23.82,5.0,44.366811,543.94,11.56,-51.47,,0.4,2.0,762.279538,165.57,0.19,-53.82,
2023-02-08,481.22,1988.96,-48.38,-2.37,22963.0,2.0,0.029944,431.17,8563.92,-62.71,,1650.43,2.0,0.200487,204.89,628.45,-61.92,,328.2,2.0,0.973318,193.45,129.45,-60.56,,23.22,5.0,44.366811,517.32,11.56,-50.22,,0.4,2.0,762.279538,160.92,0.19,-53.11,
2023-02-09,1026.0,1778.09,-210.87,-10.6,21796.35,2.0,0.029944,396.24,8563.92,-60.71,,1545.35,2.0,0.200487,183.83,628.45,-59.33,,306.2,2.0,0.973318,172.03,129.45,-57.72,,20.48,,,,,,"EXIT @ 20.48 (small red CHoCH, realized +267.53)",0.38,,,,,,"EXIT @ 0.38 (small red CHoCH, realized +6.94)"
2023-02-10,1203.35,1766.1,-11.99,-0.67,21625.19,2.0,0.029944,391.11,8563.92,-60.4,,1513.06,,,,,,"EXIT @ 1513.06 (small red CHoCH, realized +51.36)",305.8,2.0,0.973318,171.64,129.45,-57.67,,20.11,,,,,,,0.38,,,,,,
2023-02-11,1203.35,1777.69,11.58,0.66,21862.55,2.0,0.029944,398.22,8563.92,-60.83,,1538.51,,,,,,,310.4,2.0,0.973318,176.12,129.45,-58.3,,20.81,,,,,,,0.38,,,,,,
2023-02-12,1203.35,1777.46,-0.22,-0.01,21783.54,2.0,0.029944,395.85,8563.92,-60.69,,1514.83,,,,,,,312.6,2.0,0.973318,178.26,129.45,-58.59,,21.49,,,,,,,0.37,,,,,,
2023-02-13,1203.35,1759.37,-18.1,-1.02,21773.97,2.0,0.029944,395.57,8563.92,-60.67,,1505.24,,,,,,,294.3,2.0,0.973318,160.45,129.45,-56.01,,20.77,,,,,,,0.37,,,,,,
2023-02-14,1203.35,1773.97,14.6,0.83,22199.84,2.0,0.029944,408.32,8563.92,-61.42,,1555.71,,,,,,,296.2,2.0,0.973318,162.3,129.45,-56.3,,21.84,,,,,,,0.38,,,,,,
2023-02-15,1203.35,1858.21,84.24,4.75,24324.05,2.0,0.029944,471.93,8563.92,-64.79,,1674.92,,,,,,,317.4,2.0,0.973318,182.94,129.45,-59.22,,23.86,,,,,,,0.4,,,,,,
2023-02-16,1203.35,1821.41,-36.8,-1.98,23517.72,2.0,0.029944,447.78,8563.92,-63.59,,1637.84,,,,,,,304.4,2.0,0.973318,170.28,129.45,-57.47,,22.24,,,,,,,0.38,,,,,,
2023-02-17,1203.35,1861.29,39.88,2.19,24569.97,2.0,0.029944,479.29,8563.92,-65.14,,1693.87,,,,,,,313.0,2.0,0.973318,178.65,129.45,-58.64,,23.14,,,,,,,0.4,,,,,,
2023-02-18,1203.35,1866.55,5.26,0.28,24631.95,2.0,0.029944,481.15,8563.92,-65.23,,1691.62,,,,,,,316.5,2.0,0.973318,182.06,129.45,-59.1,,23.45,,,,,,,0.39,,,,,,
2023-02-19,1203.35,1850.9,-15.65,-0.84,24271.76,2.0,0.029944,470.36,8563.92,-64.72,,1679.75,,,,,,,311.5,2.0,0.973318,177.19,129.45,-58.44,,24.84,,,,,,,0.39,,,,,,
2023-02-20,1203.35,1871.78,20.88,1.13,24842.2,2.0,0.029944,487.44,8563.92,-65.53,,1703.27,,,,,,,315.4,2.0,0.973318,180.99,129.45,-58.96,,26.26,,,,,,,0.4,,,,,,
2023-02-21,1203.35,1856.3,-15.48,-0.83,24452.16,2.0,0.029944,475.76,8563.92,-64.98,,1659.76,,,,,,,311.5,2.0,0.973318,177.19,129.45,-58.44,,24.98,,,,,,,0.39,,,,,,
2023-02-22,1203.35,1849.1,-7.21,-0.39,24182.21,2.0,0.029944,467.68,8563.92,-64.59,,1643.14,,,,,,,312.4,2.0,0.973318,178.07,129.45,-58.56,,24.16,,,,,,,0.4,,,,,,
2023-02-23,1203.35,1837.86,-11.24,-0.61,23940.2,2.0,0.029944,460.43,8563.92,-64.23,,1650.53,,,,,,,308.3,2.0,0.973318,174.08,129.45,-58.01,,23.91,,,,,,,0.39,,,,,,
2023-02-24,1371.59,1809.41,-28.45,-1.55,23185.29,2.0,0.029944,437.83,8563.92,-63.06,,1607.8,,,,,,,302.3,,,,,,"EXIT @ 302.30 (small red CHoCH, realized +42.24)",23.07,,,,,,,0.38,,,,,,
2023-02-25,1371.59,1808.57,-0.85,-0.05,23157.07,2.0,0.029944,436.98,8563.92,-63.02,,1594.58,,,,,,,302.4,,,,,,,22.37,,,,,,,0.38,,,,,,
2023-02-26,1371.59,1820.48,11.91,0.66,23554.85,2.0,0.029944,448.89,8563.92,-63.64,,1641.36,,,,,,,308.7,,,,,,,23.25,,,,,,,0.38,,,,,,
2023-02-27,1371.59,1818.6,-1.88,-0.1,23492.09,2.0,0.029944,447.01,8563.92,-63.55,,1633.45,,,,,,,304.6,,,,,,,22.68,,,,,,,0.38,,,,,,
2023-02-28,1371.59,1808.1,-10.5,-0.58,23141.57,2.0,0.029944,436.52,8563.92,-62.99,,1605.23,,,,,,,301.4,,,,,,,21.89,,,,,,,0.38,,,,,,
2023-03-01,1371.59,1822.7,14.59,0.81,23628.97,2.0,0.029944,451.11,8563.92,-63.76,,1665.22,,,,,,,302.7,,,,,,,22.51,,,,,,,0.38,,,,,,
2023-03-02,1371.59,1817.8,-4.9,-0.27,23465.32,2.0,0.029944,446.21,8563.92,-63.5,,1647.86,,,,,,,299.8,,,,,,,22.0,,,,,,,0.38,,,,,,
2023-03-03,1784.53,1784.53,-33.27,-1.83,22354.34,,,,,,"EXIT @ 22354.34 (small red CHoCH, realized +156.50)",1569.45,,,,,,,290.4,,,,,,,21.42,,,,,,,0.38,,,,,,
2023-03-04,1784.53,1784.53,0.0,0.0,22346.57,,,,,,,1566.73,,,,,,,289.6,,,,,,,20.98,,,,,,,0.37,,,,,,
2023-03-05,1784.53,1784.53,0.0,0.0,22430.24,,,,,,,1564.58,,,,,,,288.7,,,,,,,20.97,,,,,,,0.37,,,,,,
2023-03-06,1784.53,1784.53,0.0,0.0,22410.0,,,,,,,1565.84,,,,,,,287.8,,,,,,,20.63,,,,,,,0.37,,,,,,
2023-03-07,1784.53,1784.53,0.0,0.0,22197.96,,,,,,,1561.96,,,,,,,289.3,,,,,,,20.25,,,,,,,0.38,,,,,,
2023-03-08,1606.08,1784.53,0.0,0.0,21705.44,,,,,,,1532.38,,,,,,,287.1,,,,,,,18.41,,,,,,,0.39,2.0,917.732523,178.45,0.19,-50.0,"ENTRY @ 0.39 (small green CHoCH, margin $178.45 [10% of portfolio total $1784.53] @ 2x [ADX 21.7, zone red], 917.732523 units)"
2023-03-09,1606.08,1767.74,-16.79,-0.94,20362.22,,,,,,,1437.32,,,,,,,277.1,,,,,,,17.33,,,,,,,0.37,2.0,917.732523,161.66,0.19,-47.53,
2023-03-10,1606.08,1767.19,-0.55,-0.03,20150.69,,,,,,,1426.44,,,,,,,277.4,,,,,,,18.17,,,,,,,0.37,2.0,917.732523,161.11,0.19,-47.45,
2023-03-11,1606.08,1761.5,-5.69,-0.32,20455.73,,,,,,,1471.97,,,,,,,276.0,,,,,,,18.07,,,,,,,0.36,2.0,917.732523,155.42,0.19,-46.55,
2023-03-12,1606.08,1768.47,6.97,0.4,21997.11,,,,,,,1580.33,,,,,,,288.1,,,,,,,20.2,,,,,,,0.37,2.0,917.732523,162.39,0.19,-47.64,
2023-03-13,1252.2,1769.39,0.92,0.05,24113.48,2.0,0.029351,353.88,12056.74,-50.0,"ENTRY @ 24113.48 (small green CHoCH, margin $353.88 [20% of portfolio total $1769.39] @ 2x [ADX 22.7, zone red], 0.029351 units)",1673.45,,,,,,,307.9,,,,,,,20.4,,,,,,,0.37,2.0,917.732523,163.31,0.19,-47.78,
2023-03-14,1073.63,1785.73,16.35,0.92,24670.41,2.0,0.029351,370.22,12056.74,-51.13,,1699.4,2.0,0.210161,178.57,849.7,-50.0,"ENTRY @ 1699.40 (small green CHoCH, margin $178.57 [10% of portfolio total $1785.73] @ 2x [ADX 18.3, zone red], 0.210161 units)",308.4,,,,,,,20.86,,,,,,,0.37,2.0,917.732523,163.31,0.19,-47.78,
2023-03-15,1073.63,1751.66,-34.07,-1.91,24285.66,2.0,0.029351,358.93,12056.74,-50.35,,1649.96,2.0,0.210161,168.18,849.7,-48.5,,306.3,,,,,,,19.24,,,,,,,0.36,2.0,917.732523,150.92,0.19,-45.82,
2023-03-16,895.34,1782.91,31.25,1.78,24998.78,2.0,0.029351,379.86,12056.74,-51.77,,1673.73,2.0,0.210161,173.18,849.7,-49.23,,329.4,10.0,5.412603,178.29,296.46,-10.0,"ENTRY @ 329.40 (small green CHoCH, margin $178.29 [10% of portfolio total $1782.91] @ 10x [ADX 20.9, zone green], 5.412603 units)",19.67,,,,,,,0.36,2.0,917.732523,156.24,0.19,-46.68,
2023-03-17,895.34,1942.81,159.89,8.97,27395.13,2.0,0.029351,450.2,12056.74,-55.99,,1789.27,2.0,0.210161,197.46,849.7,-52.51,,338.9,10.0,5.412603,229.71,296.46,-12.52,,21.6,,,,,,,0.38,2.0,917.732523,170.1,0.19,-48.8,
2023-03-18,895.34,1873.92,-68.88,-3.55,26907.49,2.0,0.029351,435.88,12056.74,-55.19,,1758.84,2.0,0.210161,191.07,849.7,-51.69,,331.0,10.0,5.412603,186.95,296.46,-10.44,,21.2,,,,,,,0.37,2.0,917.732523,164.69,0.19,-47.99,
2023-03-19,895.34,1951.47,77.54,4.14,27972.87,2.0,0.029351,467.15,12056.74,-56.9,,1780.68,2.0,0.210161,195.66,849.7,-52.28,,336.7,10.0,5.412603,217.8,296.46,-11.95,,21.86,,,,,,,0.39,2.0,917.732523,175.52,0.19,-49.59,
2023-03-20,895.34,1899.87,-51.6,-2.64,27717.01,2.0,0.029351,459.64,12056.74,-56.5,,1732.78,2.0,0.210161,185.59,849.7,-50.96,,332.5,10.0,5.412603,195.07,296.46,-10.84,,22.13,,,,,,,0.37,2.0,917.732523,164.23,0.19,-47.92,
2023-03-21,895.34,2024.22,124.36,6.55,28105.47,2.0,0.029351,471.05,12056.74,-57.1,,1801.23,2.0,0.210161,199.97,849.7,-52.83,,334.4,10.0,5.412603,205.35,296.46,-11.35,,22.53,,,,,,,0.47,2.0,917.732523,252.51,0.19,-58.59,
2023-03-22,895.34,1868.77,-155.45,-7.68,27250.97,2.0,0.029351,445.97,12056.74,-55.76,,1734.33,2.0,0.210161,185.91,849.7,-51.01,,321.1,10.0,5.412603,133.37,296.46,-7.67,,21.42,,,,,,,0.42,2.0,917.732523,208.19,0.19,-53.85,
2023-03-23,895.34,1981.7,112.93,6.04,28295.41,2.0,0.029351,476.62,12056.74,-57.39,,1813.79,2.0,0.210161,202.61,849.7,-53.15,,329.4,10.0,5.412603,178.29,296.46,-10.0,,22.16,,,,,,,0.44,2.0,917.732523,228.84,0.19,-56.19,
2023-03-24,895.34,1887.58,-94.12,-4.75,27454.47,2.0,0.029351,451.94,12056.74,-56.08,,1749.57,2.0,0.210161,189.12,849.7,-51.43,,322.1,10.0,5.412603,138.78,296.46,-7.96,,20.66,,,,,,,0.43,2.0,917.732523,212.41,0.19,-54.34,
2023-03-25,895.34,1903.44,15.86,0.84,27462.95,2.0,0.029351,452.19,12056.74,-56.1,,1741.88,2.0,0.210161,187.5,849.7,-51.22,,322.4,10.0,5.412603,140.4,296.46,-8.05,,20.41,,,,,,,0.44,2.0,917.732523,228.01,0.19,-56.1,
2023-03-26,895.34,1963.14,59.7,3.14,27968.05,2.0,0.029351,467.01,12056.74,-56.89,,1773.88,2.0,0.210161,194.23,849.7,-52.1,,328.6,10.0,5.412603,173.96,296.46,-9.78,,20.94,,,,,,,0.45,2.0,917.732523,232.6,0.19,-56.59,
2023-03-27,895.34,1857.17,-105.96,-5.4,27124.91,2.0,0.029351,442.27,12056.74,-55.55,,1715.22,2.0,0.210161,181.9,849.7,-50.46,,310.6,10.0,5.412603,76.53,296.46,-4.55,,19.91,,,,,,,0.48,2.0,917.732523,261.14,0.19,-59.41,
2023-03-28,895.34,1919.87,62.7,3.38,27261.07,2.0,0.029351,446.26,12056.74,-55.77,,1772.99,2.0,0.210161,194.04,849.7,-52.08,,313.2,10.0,5.412603,90.61,296.46,-5.34,,20.45,,,,,,,0.51,2.0,917.732523,293.63,0.19,-62.2,
2023-03-29,895.34,1984.51,64.63,3.37,28348.6,2.0,0.029351,478.18,12056.74,-57.47,,1793.07,2.0,0.210161,198.26,849.7,-52.61,,313.7,10.0,5.412603,93.31,296.46,-5.5,,21.1,,,,,,,0.54,2.0,917.732523,319.42,0.19,-64.16,
2023-03-30,895.34,1980.11,-4.39,-0.22,28028.53,2.0,0.029351,468.79,12056.74,-56.98,,1793.61,2.0,0.210161,198.37,849.7,-52.63,,316.4,10.0,5.412603,107.93,296.46,-6.3,,20.55,,,,,,,0.53,2.0,917.732523,309.69,0.19,-63.44,
2023-03-31,895.34,2006.55,26.44,1.34,28465.36,2.0,0.029351,481.61,12056.74,-57.64,,1821.52,2.0,0.210161,204.24,849.7,-53.35,,316.9,10.0,5.412603,110.63,296.46,-6.45,,21.16,,,,,,,0.54,2.0,917.732523,314.74,0.19,-63.82,
2023-04-01,895.34,1969.6,-36.95,-1.84,28452.73,2.0,0.029351,481.24,12056.74,-57.63,,1820.79,2.0,0.210161,204.08,849.7,-53.33,,314.9,10.0,5.412603,99.81,296.46,-5.86,,21.08,,,,,,,0.51,2.0,917.732523,289.13,0.19,-61.84,
2023-04-02,895.34,1957.14,-12.46,-0.63,28171.87,2.0,0.029351,473.0,12056.74,-57.2,,1794.51,2.0,0.210161,198.56,849.7,-52.65,,313.7,10.0,5.412603,93.31,296.46,-5.5,,20.52,,,,,,,0.52,2.0,917.732523,296.93,0.19,-62.46,
2023-04-03,895.34,1902.78,-54.36,-2.78,27800.0,2.0,0.029351,462.08,12056.74,-56.63,,1810.51,2.0,0.210161,201.92,849.7,-53.07,,308.8,10.0,5.412603,66.79,296.46,-4.0,,20.45,,,,,,,0.5,2.0,917.732523,276.65,0.19,-60.79,
2023-04-04,895.34,1943.06,40.28,2.12,28165.47,2.0,0.029351,472.81,12056.74,-57.19,,1870.37,2.0,0.210161,214.5,849.7,-54.57,,310.8,10.0,5.412603,77.62,296.46,-4.61,,20.92,,,,,,,0.5,2.0,917.732523,282.8,0.19,-61.31,
2023-04-05,895.34,1970.69,27.63,1.42,28170.01,2.0,0.029351,472.94,12056.74,-57.2,,1908.69,2.0,0.210161,222.56,849.7,-55.48,,313.9,10.0,5.412603,94.4,296.46,-5.56,,20.97,,,,,,,0.51,2.0,917.732523,285.46,0.19,-61.53,
2023-04-06,895.34,1947.93,-22.76,-1.15,28033.82,2.0,0.029351,468.94,12056.74,-56.99,,1872.41,2.0,0.210161,214.93,849.7,-54.62,,312.3,10.0,5.412603,85.74,296.46,-5.07,,20.62,,,,,,,0.5,2.0,917.732523,282.98,0.19,-61.33,
2023-04-07,895.34,1940.53,-7.4,-0.38,27906.33,2.0,0.029351,465.2,12056.74,-56.8,,1863.72,2.0,0.210161,213.11,849.7,-54.41,,310.3,10.0,5.412603,74.91,296.46,-4.46,,20.44,,,,,,,0.51,2.0,917.732523,291.98,0.19,-62.07,
2023-04-08,895.34,1932.26,-8.27,-0.43,27938.38,2.0,0.029351,466.14,12056.74,-56.85,,1848.82,2.0,0.210161,209.98,849.7,-54.04,,310.5,10.0,5.412603,75.99,296.46,-4.52,,20.04,,,,,,,0.5,2.0,917.732523,284.82,0.19,-61.48,
2023-04-09,895.34,1958.7,26.43,1.37,28323.76,2.0,0.029351,477.45,12056.74,-57.43,,1858.92,2.0,0.210161,212.1,849.7,-54.29,,312.8,10.0,5.412603,88.44,296.46,-5.22,,20.28,,,,,,,0.51,2.0,917.732523,285.37,0.19,-61.53,
2023-04-10,895.34,2050.08,91.38,4.67,29637.34,2.0,0.029351,516.01,12056.74,-59.32,,1910.2,2.0,0.210161,222.88,849.7,-55.52,,318.5,10.0,5.412603,119.29,296.46,-6.92,,20.89,,,,,,,0.52,2.0,917.732523,296.57,0.19,-62.43,
2023-04-11,687.13,2082.07,31.99,1.56,30200.42,2.0,0.029351,532.54,12056.74,-60.08,,1889.86,2.0,0.210161,218.6,849.7,-55.04,,322.3,10.0,5.412603,139.86,296.46,-8.02,,22.98,10.0,90.603687,208.21,20.68,-10.0,"ENTRY @ 22.98 (small green CHoCH, margin $208.21 [10% of portfolio total $2082.07] @ 10x [ADX 12.2, zone green], 90.603687 units)",0.52,2.0,917.732523,295.74,0.19,-62.37,
2023-04-12,687.13,2129.17,47.09,2.26,29888.07,2.0,0.029351,523.37,12056.74,-59.66,,1917.39,2.0,0.210161,224.39,849.7,-55.68,,319.9,10.0,5.412603,126.87,296.46,-7.33,,23.8,10.0,90.603687,282.5,20.68,-13.1,,0.5,2.0,917.732523,284.91,0.19,-61.49,
2023-04-13,687.13,2253.35,124.18,5.83,30373.84,2.0,0.029351,537.63,12056.74,-60.31,,2012.01,2.0,0.210161,244.27,849.7,-57.77,,324.7,10.0,5.412603,152.85,296.46,-8.7,,24.43,10.0,90.603687,339.58,20.68,-15.34,,0.51,2.0,917.732523,291.88,0.19,-62.06,
2023-04-14,687.13,2332.03,78.69,3.49,30466.93,2.0,0.029351,540.36,12056.74,-60.43,,2099.99,2.0,0.210161,262.76,849.7,-59.54,,328.9,10.0,5.412603,175.58,296.46,-9.86,,24.71,10.0,90.603687,364.95,20.68,-16.3,,0.52,2.0,917.732523,301.25,0.19,-62.8,
2023-04-15,687.13,2284.19,-47.84,-2.05,30295.09,2.0,0.029351,535.31,12056.74,-60.2,,2090.6,2.0,0.210161,260.79,849.7,-59.36,,333.0,10.0,5.412603,197.78,296.46,-10.97,,24.05,10.0,90.603687,305.15,20.68,-14.0,,0.52,2.0,917.732523,298.03,0.19,-62.55,
2023-04-16,687.13,2488.38,204.18,8.94,30304.65,2.0,0.029351,535.59,12056.74,-60.21,,2118.67,2.0,0.210161,266.69,849.7,-59.89,,347.7,10.0,5.412603,277.34,296.46,-14.74,,25.34,10.0,90.603687,422.03,20.68,-18.38,,0.52,2.0,917.732523,299.59,0.19,-62.67,
2023-04-17,687.13,2333.61,-154.76,-6.22,29430.27,2.0,0.029351,509.93,12056.74,-59.03,,2074.0,2.0,0.210161,257.3,849.7,-59.03,,340.0,10.0,5.412603,235.66,296.46,-12.81,,24.58,10.0,90.603687,353.17,20.68,-15.86,,0.51,2.0,917.732523,290.42,0.19,-61.94,
2023-04-18,687.13,2425.94,92.33,3.96,30380.01,2.0,0.029351,537.81,12056.74,-60.31,,2103.5,2.0,0.210161,263.5,849.7,-59.61,,343.1,10.0,5.412603,252.44,296.46,-13.59,,24.82,10.0,90.603687,374.92,20.68,-16.67,,0.53,2.0,917.732523,310.15,0.19,-63.48,
2023-04-19,959.37,1998.16,-427.79,-17.63,28797.1,2.0,0.029351,491.35,12056.74,-58.13,,1933.73,2.0,0.210161,227.82,849.7,-56.06,,322.4,10.0,5.412603,140.4,296.46,-8.05,,22.66,10.0,90.603687,179.21,20.68,-8.73,,0.49,,,,,,"EXIT @ 0.49 (small red CHoCH, realized +93.79)"
2023-04-20,959.37,1918.91,-79.25,-3.97,28243.65,2.0,0.029351,475.1,12056.74,-57.31,,1942.98,2.0,0.210161,229.76,849.7,-56.27,,318.1,10.0,5.412603,117.13,296.46,-6.8,,22.2,10.0,90.603687,137.54,20.68,-6.84,,0.48,,,,,,
2023-04-21,959.37,1801.03,-117.88,-6.14,27262.84,2.0,0.029351,446.31,12056.74,-55.78,,1848.78,2.0,0.210161,209.97,849.7,-54.04,,321.2,10.0,5.412603,133.91,296.46,-7.7,,21.25,10.0,90.603687,51.46,20.68,-2.67,,0.45,,,,,,
2023-04-22,959.37,1931.09,130.06,7.22,27816.85,2.0,0.029351,462.58,12056.74,-56.66,,1874.16,2.0,0.210161,215.3,849.7,-54.66,,332.2,10.0,5.412603,193.45,296.46,-10.76,,21.79,10.0,90.603687,100.39,20.68,-5.08,,0.47,,,,,,
2023-04-23,959.37,1884.78,-46.31,-2.4,27590.6,2.0,0.029351,455.93,12056.74,-56.3,,1862.0,2.0,0.210161,212.75,849.7,-54.37,,330.7,10.0,5.412603,185.33,296.46,-10.35,,21.47,10.0,90.603687,71.4,20.68,-3.67,,0.46,,,,,,
2023-04-24,959.37,1872.75,-12.02,-0.64,27510.93,2.0,0.029351,453.6,12056.74,-56.17,,1841.84,2.0,0.210161,208.51,849.7,-53.87,,331.2,10.0,5.412603,188.03,296.46,-10.49,,21.38,10.0,90.603687,63.24,20.68,-3.26,,0.46,,,,,,
2023-04-25,959.37,1989.84,117.08,6.25,28300.79,2.0,0.029351,476.78,12056.74,-57.4,,1866.1,2.0,0.210161,213.61,849.7,-54.47,,338.4,10.0,5.412603,227.0,296.46,-12.39,,21.93,10.0,90.603687,113.07,20.68,-5.69,,0.47,,,,,,
2023-04-26,959.37,1837.89,-151.95,-7.64,28415.29,2.0,0.029351,480.14,12056.74,-57.57,,1866.01,2.0,0.210161,213.59,849.7,-54.46,,330.6,10.0,5.412603,184.79,296.46,-10.33,,21.28,,,,,,"** LIQUIDATION EVENT ** @ 20.68 (margin wiped, realized -208.21)",0.46,,,,,,
2023-04-27,959.37,1879.52,41.63,2.27,29472.77,2.0,0.029351,511.18,12056.74,-59.09,,1908.68,2.0,0.210161,222.56,849.7,-55.48,,330.9,10.0,5.412603,186.41,296.46,-10.41,,22.33,,,,,,,0.47,,,,,,
2023-04-28,959.37,1834.26,-45.26,-2.41,29311.7,2.0,0.029351,506.45,12056.74,-58.87,,1890.94,2.0,0.210161,218.83,849.7,-55.06,,324.1,10.0,5.412603,149.6,296.46,-8.53,,23.34,,,,,,,0.48,,,,,,
2023-04-29,959.37,1823.51,-10.75,-0.59,29230.45,2.0,0.029351,504.07,12056.74,-58.75,,1907.8,2.0,0.210161,222.37,849.7,-55.46,,321.9,10.0,5.412603,137.7,296.46,-7.9,,23.19,,,,,,,0.48,,,,,,
2023-04-30,959.37,1900.1,76.59,4.2,29233.21,2.0,0.029351,504.15,12056.74,-58.76,,1870.09,2.0,0.210161,214.45,849.7,-54.56,,337.5,10.0,5.412603,222.13,296.46,-12.16,,22.74,,,,,,,0.47,,,,,,
2023-05-01,959.37,1808.92,-91.18,-4.8,28068.26,2.0,0.029351,469.95,12056.74,-57.04,,1830.73,2.0,0.210161,206.17,849.7,-53.59,,328.5,10.0,5.412603,173.42,296.46,-9.75,,21.96,,,,,,,0.46,,,,,,
2023-05-02,959.37,1796.96,-11.96,-0.66,28669.86,2.0,0.029351,487.61,12056.74,-57.95,,1870.08,2.0,0.210161,214.44,849.7,-54.56,,321.5,10.0,5.412603,135.53,296.46,-7.79,,22.25,,,,,,,0.46,,,,,,
2023-05-03,959.37,1838.6,41.64,2.32,29026.16,2.0,0.029351,498.07,12056.74,-58.46,,1905.12,2.0,0.210161,221.81,849.7,-55.4,,325.9,10.0,5.412603,159.35,296.46,-9.03,,22.24,,,,,,,0.46,,,,,,
2023-05-04,959.37,1815.82,-22.78,-1.24,28838.16,2.0,0.029351,492.55,12056.74,-58.19,,1877.07,2.0,0.210161,215.91,849.7,-54.73,,323.8,10.0,5.412603,147.98,296.46,-8.44,,21.74,,,,,,,0.46,,,,,,
2023-05-05,959.37,1874.45,58.63,3.23,29505.61,2.0,0.029351,512.14,12056.74,-59.14,,1993.3,2.0,0.210161,240.34,849.7,-57.37,,326.5,10.0,5.412603,162.59,296.46,-9.2,,22.82,,,,,,,0.47,,,,,,
2023-05-06,959.37,1809.88,-64.57,-3.44,28848.2,2.0,0.029351,492.85,12056.74,-58.21,,1896.33,2.0,0.210161,219.96,849.7,-55.19,,321.9,10.0,5.412603,137.7,296.46,-7.9,,21.91,,,,,,,0.46,,,,,,
2023-05-07,959.37,1787.28,-22.59,-1.25,28430.1,2.0,0.029351,480.57,12056.74,-57.59,,1870.4,2.0,0.210161,214.51,849.7,-54.57,,321.0,10.0,5.412603,132.83,296.46,-7.64,,21.66,,,,,,,0.45,,,,,,
2023-05-08,1053.23,1721.17,-66.12,-3.7,27668.79,2.0,0.029351,458.23,12056.74,-56.42,,1847.56,2.0,0.210161,209.71,849.7,-54.01,,313.8,,,,,,"EXIT @ 313.80 (small red CHoCH, realized -84.44)",20.62,,,,,,,0.43,,,,,,
2023-05-09,1510.27,1719.76,-1.41,-0.08,27628.27,,,,,,"EXIT @ 27628.27 (small red CHoCH, realized +103.16)",1846.52,2.0,0.210161,209.49,849.7,-53.98,,312.1,,,,,,,20.65,,,,,,,0.43,,,,,,
2023-05-10,1510.27,1718.57,-1.19,-0.07,27598.75,,,,,,,1840.84,2.0,0.210161,208.3,849.7,-53.84,,314.3,,,,,,,20.91,,,,,,,0.43,,,,,,
2023-05-11,1708.79,1708.79,-9.78,-0.57,26968.62,,,,,,,1794.3,,,,,,"EXIT @ 1794.30 (small red CHoCH, realized +19.94)",307.5,,,,,,,20.17,,,,,,,0.42,,,,,,
2023-05-12,1708.79,1708.79,0.0,0.0,26795.01,,,,,,,1807.45,,,,,,,308.5,,,,,,,20.9,,,,,,,0.43,,,,,,
2023-05-13,1708.79,1708.79,0.0,0.0,26775.28,,,,,,,1795.11,,,,,,,310.7,,,,,,,20.84,,,,,,,0.42,,,,,,
2023-05-14,1708.79,1708.79,0.0,0.0,26917.62,,,,,,,1799.21,,,,,,,312.1,,,,,,,20.93,,,,,,,0.43,,,,,,
2023-05-15,1708.79,1708.79,0.0,0.0,27162.14,,,,,,,1816.2,,,,,,,313.4,,,,,,,20.99,,,,,,,0.43,,,,,,
2023-05-16,1708.79,1708.79,0.0,0.0,27033.84,,,,,,,1824.21,,,,,,,311.4,,,,,,,20.67,,,,,,,0.44,,,,,,
2023-05-17,1708.79,1708.79,0.0,0.0,27405.61,,,,,,,1822.12,,,,,,,314.3,,,,,,,21.06,,,,,,,0.45,,,,,,
2023-05-18,1708.79,1708.79,0.0,0.0,26821.28,,,,,,,1800.56,,,,,,,309.3,,,,,,,20.34,,,,,,,0.46,,,,,,
2023-05-19,1708.79,1708.79,0.0,0.0,26880.26,,,,,,,1812.32,,,,,,,308.9,,,,,,,20.36,,,,,,,0.47,,,,,,
2023-05-20,1708.79,1708.79,0.0,0.0,27102.43,,,,,,,1819.42,,,,,,,310.6,,,,,,,20.28,,,,,,,0.47,,,,,,
2023-05-21,1708.79,1708.79,0.0,0.0,26747.78,,,,,,,1804.91,,,,,,,306.4,,,,,,,19.61,,,,,,,0.46,,,,,,
2023-05-22,1708.79,1708.79,0.0,0.0,26849.27,,,,,,,1817.35,,,,,,,309.0,,,,,,,19.53,,,,,,,0.46,,,,,,
2023-05-23,1537.91,1708.79,0.0,0.0,27219.61,,,,,,,1854.05,2.0,0.18433,170.88,927.02,-50.0,"ENTRY @ 1854.05 (small green CHoCH, margin $170.88 [10% of portfolio total $1708.79] @ 2x [ADX 12.5, zone red], 0.184330 units)",313.5,,,,,,,20.02,,,,,,,0.47,,,,,,
2023-05-24,1537.91,1698.8,-9.98,-0.58,26329.01,,,,,,,1799.89,2.0,0.18433,160.9,927.02,-48.5,,306.0,,,,,,,19.22,,,,,,,0.45,,,,,,
2023-05-25,1537.91,1699.86,1.05,0.06,26473.79,,,,,,,1805.6,2.0,0.18433,161.95,927.02,-48.66,,304.5,,,,,,,19.25,,,,,,,0.45,,,,,,
2023-05-26,1537.91,1703.95,4.09,0.24,26705.92,,,,,,,1827.79,2.0,0.18433,166.04,927.02,-49.28,,306.8,,,,,,,19.35,,,,,,,0.47,,,,,,
2023-05-27,1537.91,1704.33,0.39,0.02,26854.27,,,,,,,1829.89,2.0,0.18433,166.43,927.02,-49.34,,307.4,,,,,,,20.43,,,,,,,0.47,,,,,,
2023-05-28,1022.25,1718.85,14.52,0.85,28065.0,2.0,0.024498,343.77,14032.5,-50.0,"ENTRY @ 28065.00 (small green CHoCH, margin $343.77 [20% of portfolio total $1718.85] @ 2x [ADX 25.0, zone red], 0.024498 units)",1908.64,2.0,0.18433,180.94,927.02,-51.43,,314.1,,,,,,,20.81,,,,,,,0.48,10.0,3566.076315,171.88,0.43,-10.0,"ENTRY @ 0.48 (small green CHoCH, margin $171.88 [10% of portfolio total $1718.85] @ 10x [ADX 15.8, zone green], 3566.076315 units)"
2023-05-29,1022.25,1752.77,33.93,1.97,27736.4,2.0,0.024498,335.72,14032.5,-49.41,,1892.6,2.0,0.18433,177.98,927.02,-51.02,,311.6,,,,,,,20.57,,,,,,,0.49,10.0,3566.076315,216.82,0.43,-12.29,
2023-05-30,1022.25,1845.58,92.81,5.29,27694.4,2.0,0.024498,334.69,14032.5,-49.33,,1900.59,2.0,0.18433,179.46,927.02,-51.22,,311.5,,,,,,,21.25,,,,,,,0.52,10.0,3566.076315,309.18,0.43,-16.66,
2023-05-31,1022.25,1814.84,-30.74,-1.67,27210.35,2.0,0.024498,322.83,14032.5,-48.43,,1873.63,2.0,0.18433,174.49,927.02,-50.52,,306.8,,,,,,,20.81,,,,,,,0.52,10.0,3566.076315,295.27,0.43,-16.03,
2023-06-01,1022.25,1767.03,-47.82,-2.63,26817.93,2.0,0.024498,313.22,14032.5,-47.67,,1861.78,2.0,0.18433,172.3,927.02,-50.21,,304.9,,,,,,,20.49,,,,,,,0.51,10.0,3566.076315,259.25,0.43,-14.35,
2023-06-02,1022.25,1849.54,82.51,4.67,27242.59,2.0,0.024498,323.62,14032.5,-48.49,,1906.68,2.0,0.18433,180.58,927.02,-51.38,,307.2,,,,,,,21.26,,,,,,,0.52,10.0,3566.076315,323.09,0.43,-17.28,
2023-06-03,1022.25,1822.63,-26.91,-1.46,27069.22,2.0,0.024498,319.38,14032.5,-48.16,,1892.06,2.0,0.18433,177.89,927.02,-51.0,,306.6,,,,,,,21.19,,,,,,,0.52,10.0,3566.076315,303.12,0.43,-16.38,
2023-06-04,833.82,1884.36,61.73,3.39,27115.21,2.0,0.024498,320.5,14032.5,-48.25,,1890.01,2.0,0.18433,177.51,927.02,-50.95,,305.0,,,,,,,21.82,10.0,86.359219,188.44,19.64,-10.0,"ENTRY @ 21.82 (small green CHoCH, margin $188.44 [10% of portfolio total $1884.36] @ 10x [ADX 18.4, zone green], 86.359219 units)",0.54,10.0,3566.076315,364.1,0.43,-19.05,
2023-06-05,833.82,1551.36,-333.0,-17.67,25728.2,2.0,0.024498,286.52,14032.5,-45.46,,1810.5,2.0,0.18433,162.85,927.02,-48.8,,276.9,,,,,,,20.0,,,,,,"** LIQUIDATION EVENT ** @ 19.64 (margin wiped, realized -188.44)",0.51,10.0,3566.076315,268.17,0.43,-14.77,
2023-06-06,833.82,1676.71,125.35,8.08,27230.08,2.0,0.024498,323.32,14032.5,-48.47,,1884.64,2.0,0.18433,176.52,927.02,-50.81,,281.2,,,,,,,20.38,,,,,,,0.53,10.0,3566.076315,343.06,0.43,-18.15,
2023-06-07,833.82,1603.48,-73.22,-4.37,26339.34,2.0,0.024498,301.49,14032.5,-46.72,,1832.13,2.0,0.18433,166.84,927.02,-49.4,,259.3,,,,,,,18.64,,,,,,,0.52,10.0,3566.076315,301.33,0.43,-16.3,
2023-06-08,833.82,1628.78,25.29,1.58,26498.61,2.0,0.024498,305.4,14032.5,-47.04,,1845.64,2.0,0.18433,169.33,927.02,-49.77,,262.0,,,,,,,18.89,,,,,,,0.52,10.0,3566.076315,320.23,0.43,-17.15,
2023-06-09,833.82,1678.65,49.87,3.06,26477.81,2.0,0.024498,304.89,14032.5,-47.0,,1840.37,2.0,0.18433,168.36,927.02,-49.63,,260.5,,,,,,,17.4,,,,,,,0.54,10.0,3566.076315,371.59,0.43,-19.37,
2023-06-10,985.8,1535.06,-143.59,-8.55,25841.21,2.0,0.024498,289.29,14032.5,-45.7,,1751.53,,,,,,"EXIT @ 1751.53 (small red CHoCH, realized -18.90)",238.7,,,,,,,15.61,,,,,,,0.51,10.0,3566.076315,259.97,0.43,-14.39,
2023-06-11,985.8,1587.4,52.35,3.41,25925.55,2.0,0.024498,291.36,14032.5,-45.87,,1752.76,,,,,,,235.4,,,,,,,15.55,,,,,,,0.52,10.0,3566.076315,310.25,0.43,-16.71,
2023-06-12,985.8,1602.24,14.84,0.93,25905.19,2.0,0.024498,290.86,14032.5,-45.83,,1742.57,,,,,,,231.3,,,,,,,15.19,,,,,,,0.53,10.0,3566.076315,325.58,0.43,-17.39,
2023-06-13,985.8,1581.91,-20.33,-1.27,25934.25,2.0,0.024498,291.57,14032.5,-45.89,,1740.12,,,,,,,244.2,,,,,,,15.04,,,,,,,0.52,10.0,3566.076315,304.54,0.43,-16.45,
2023-06-14,1257.63,1422.74,-159.17,-10.06,25128.6,,,,,,"EXIT @ 25128.60 (small red CHoCH, realized -71.94)",1650.95,,,,,,,237.9,,,,,,,14.48,,,,,,,0.48,10.0,3566.076315,165.11,0.43,-9.64,
2023-06-15,1257.63,1422.74,0.0,0.0,25598.49,,,,,,,1666.96,,,,,,,236.4,,,,,,,14.77,,,,,,,0.48,10.0,3566.076315,165.11,0.43,-9.64,
2023-06-16,1257.63,1407.76,-14.98,-1.05,26345.0,,,,,,,1717.92,,,,,,,239.3,,,,,,,15.31,,,,,,,0.48,10.0,3566.076315,150.13,0.43,-8.85,
2023-06-17,1257.63,1420.24,12.48,0.89,26516.99,,,,,,,1727.76,,,,,,,244.5,,,,,,,15.64,,,,,,,0.48,10.0,3566.076315,162.61,0.43,-9.51,
2023-06-18,1257.63,1446.63,26.39,1.86,26339.97,,,,,,,1720.95,,,,,,,244.1,,,,,,,15.45,,,,,,,0.49,10.0,3566.076315,189.0,0.43,-10.89,
2023-06-19,1257.63,1470.88,24.25,1.68,26844.35,,,,,,,1737.11,,,,,,,243.1,,,,,,,16.1,,,,,,,0.49,10.0,3566.076315,213.25,0.43,-12.12,
2023-06-20,963.95,1468.39,-2.5,-0.17,28307.99,2.0,0.020749,293.68,14154.0,-50.0,"ENTRY @ 28307.99 (small green CHoCH, margin $293.68 [20% of portfolio total $1468.39] @ 2x [ADX 24.5, zone red], 0.020749 units)",1791.99,,,,,,,247.7,,,,,,,16.64,,,,,,,0.49,10.0,3566.076315,210.76,0.43,-11.99,
2023-06-21,963.95,1528.33,59.94,4.08,29993.89,2.0,0.020749,328.66,14154.0,-52.81,,1889.11,,,,,,,248.8,,,,,,,17.23,,,,,,,0.5,10.0,3566.076315,235.72,0.43,-13.22,
2023-06-22,963.95,1504.32,-24.01,-1.57,29884.92,2.0,0.020749,326.4,14154.0,-52.64,,1872.01,,,,,,,240.8,,,,,,,16.62,,,,,,,0.49,10.0,3566.076315,213.96,0.43,-12.15,
2023-06-23,963.95,1529.19,24.88,1.65,30688.5,2.0,0.020749,343.07,14154.0,-53.88,,1892.63,,,,,,,244.3,,,,,,,17.13,,,,,,,0.5,10.0,3566.076315,222.17,0.43,-12.56,
2023-06-24,963.95,1491.61,-37.58,-2.46,30527.43,2.0,0.020749,339.73,14154.0,-53.64,,1874.96,,,,,,,236.4,,,,,,,16.64,,,,,,,0.49,10.0,3566.076315,187.93,0.43,-10.83,
2023-06-25,963.95,1503.82,12.21,0.82,30462.66,2.0,0.020749,338.38,14154.0,-53.54,,1898.8,,,,,,,238.8,,,,,,,16.96,,,,,,,0.49,10.0,3566.076315,201.48,0.43,-11.52,
2023-06-26,963.95,1459.49,-44.34,-2.95,30267.99,2.0,0.020749,334.34,14154.0,-53.24,,1858.97,,,,,,,236.1,,,,,,,16.27,,,,,,,0.48,10.0,3566.076315,161.19,0.43,-9.44,
2023-06-27,963.95,1485.41,25.92,1.78,30692.44,2.0,0.020749,343.15,14154.0,-53.88,,1889.58,,,,,,,237.5,,,,,,,16.63,,,,,,,0.48,10.0,3566.076315,178.3,0.43,-10.33,
2023-06-28,963.95,1404.54,-80.87,-5.44,30077.41,2.0,0.020749,330.39,14154.0,-52.94,,1828.02,,,,,,,230.6,,,,,,,15.97,,,,,,,0.46,10.0,3566.076315,110.19,0.43,-6.65,
2023-06-29,819.17,1447.87,43.34,3.09,30447.31,2.0,0.020749,338.07,14154.0,-53.51,,1851.99,,,,,,,233.1,,,,,,,17.99,2.0,16.096414,144.79,8.99,-50.0,"ENTRY @ 17.99 (small green CHoCH, margin $144.79 [10% of portfolio total $1447.87] @ 2x [ADX 26.0, zone red], 16.096414 units)",0.47,10.0,3566.076315,145.85,0.43,-8.62,
2023-06-30,819.17,1455.97,8.1,0.56,30472.0,2.0,0.020749,338.58,14154.0,-53.55,,1933.79,,,,,,,240.3,,,,,,,18.86,2.0,16.096414,158.79,8.99,-52.31,,0.47,10.0,3566.076315,139.43,0.43,-8.27,
2023-07-01,819.17,1456.83,0.86,0.06,30585.9,2.0,0.020749,340.94,14154.0,-53.72,,1924.5,,,,,,,247.9,,,,,,,18.7,2.0,16.096414,156.22,8.99,-51.9,,0.47,10.0,3566.076315,140.5,0.43,-8.33,
2023-07-02,668.18,1509.84,53.01,3.64,30617.03,2.0,0.020749,341.59,14154.0,-53.77,,1937.48,10.0,0.779281,150.98,1743.73,-10.0,"ENTRY @ 1937.48 (small green CHoCH, margin $150.98 [10% of portfolio total $1509.84] @ 10x [ADX 19.3, zone green], 0.779281 units)",246.5,,,,,,,19.45,2.0,16.096414,168.29,8.99,-53.75,,0.48,10.0,3566.076315,180.8,0.43,-10.46,
2023-07-03,668.18,1548.09,38.25,2.53,31156.2,2.0,0.020749,352.77,14154.0,-54.57,,1955.54,10.0,0.779281,165.06,1743.73,-10.83,,246.5,,,,,,,19.26,2.0,16.096414,165.23,8.99,-53.3,,0.49,10.0,3566.076315,196.85,0.43,-11.29,
2023-07-04,668.18,1516.42,-31.67,-2.05,30766.51,2.0,0.020749,344.69,14154.0,-54.0,,1936.2,10.0,0.779281,149.99,1743.73,-9.94,,242.5,,,,,,,19.13,2.0,16.096414,163.14,8.99,-52.98,,0.49,10.0,3566.076315,190.43,0.43,-10.96,
2023-07-05,668.18,1454.89,-61.54,-4.06,30504.81,2.0,0.020749,339.26,14154.0,-53.6,,1910.36,10.0,0.779281,129.85,1743.73,-8.72,,238.9,,,,,,,19.0,2.0,16.096414,161.04,8.99,-52.66,,0.48,10.0,3566.076315,156.55,0.43,-9.19,
2023-07-06,668.18,1346.77,-108.12,-7.43,29895.43,2.0,0.020749,326.61,14154.0,-52.65,,1846.17,10.0,0.779281,79.83,1743.73,-5.55,,232.2,,,,,,,19.61,2.0,16.096414,170.86,8.99,-54.13,,0.46,10.0,3566.076315,101.28,0.43,-6.14,
2023-07-07,668.18,1428.97,82.2,6.1,30344.7,2.0,0.020749,335.94,14154.0,-53.36,,1870.91,10.0,0.779281,99.11,1743.73,-6.8,,235.6,,,,,,,21.5,2.0,16.096414,201.29,8.99,-58.16,,0.47,10.0,3566.076315,124.46,0.43,-7.45,
2023-07-08,668.18,1434.36,5.39,0.38,30284.63,2.0,0.020749,334.69,14154.0,-53.26,,1865.24,10.0,0.779281,94.69,1743.73,-6.51,,236.3,,,,,,,21.81,2.0,16.096414,206.28,8.99,-58.76,,0.47,10.0,3566.076315,130.52,0.43,-7.78,
2023-07-09,668.18,1413.44,-20.92,-1.46,30160.71,2.0,0.020749,332.12,14154.0,-53.07,,1862.8,10.0,0.779281,92.79,1743.73,-6.39,,234.1,,,,,,,21.32,2.0,16.096414,198.39,8.99,-57.81,,0.47,10.0,3566.076315,121.96,0.43,-7.31,
2023-07-10,668.18,1467.7,54.26,3.84,30411.57,2.0,0.020749,337.32,14154.0,-53.46,,1880.4,10.0,0.779281,106.5,1743.73,-7.27,,246.2,,,,,,,21.3,2.0,16.096414,198.07,8.99,-57.77,,0.48,10.0,3566.076315,157.62,0.43,-9.25,
2023-07-11,668.18,1473.19,5.5,0.37,30622.1,2.0,0.020749,341.69,14154.0,-53.78,,1878.3,10.0,0.779281,104.87,1743.73,-7.16,,248.6,,,,,,,22.07,2.0,16.096414,210.46,8.99,-59.24,,0.48,10.0,3566.076315,147.99,0.43,-8.73,
2023-07-12,668.18,1445.69,-27.5,-1.87,30380.0,2.0,0.020749,336.67,14154.0,-53.41,,1871.82,10.0,0.779281,99.82,1743.73,-6.84,,243.9,,,,,,,21.94,2.0,16.096414,208.37,8.99,-59.0,,0.47,10.0,3566.076315,132.66,0.43,-7.9,
2023-07-13,381.71,2864.68,1418.99,98.15,31454.23,2.0,0.020749,358.96,14154.0,-55.0,,2004.49,10.0,0.779281,203.2,1743.73,-13.01,,256.1,2.0,2.23716,286.47,128.05,-50.0,"ENTRY @ 256.10 (small green CHoCH, margin $286.47 [10% of portfolio total $2864.68] @ 2x [ADX 25.5, zone red], 2.237160 units)",26.01,2.0,16.096414,273.88,8.99,-65.42,,0.82,10.0,3566.076315,1360.46,0.43,-46.79,
2023-07-14,381.71,2434.43,-430.26,-15.02,30312.01,2.0,0.020749,335.26,14154.0,-53.31,,1937.83,10.0,0.779281,151.26,1743.73,-10.02,,248.1,2.0,2.23716,268.57,128.05,-48.39,,26.67,2.0,16.096414,284.5,8.99,-66.27,,0.72,10.0,3566.076315,1013.12,0.43,-39.57,
2023-07-15,381.71,2436.26,1.83,0.08,30289.52,2.0,0.020749,334.79,14154.0,-53.27,,1931.41,10.0,0.779281,146.25,1743.73,-9.72,,251.1,2.0,2.23716,275.28,128.05,-49.0,,27.46,2.0,16.096414,297.22,8.99,-67.24,,0.71,10.0,3566.076315,1001.0,0.43,-39.29,
2023-07-16,381.71,2522.67,86.41,3.55,30231.99,2.0,0.020749,333.6,14154.0,-53.18,,1922.11,10.0,0.779281,139.01,1743.73,-9.28,,242.3,2.0,2.23716,255.6,128.05,-47.15,,27.42,2.0,16.096414,296.58,8.99,-67.2,,0.75,10.0,3566.076315,1116.18,0.43,-41.91,
2023-07-17,381.71,2472.75,-49.93,-1.98,30138.0,2.0,0.020749,331.65,14154.0,-53.04,,1911.2,10.0,0.779281,130.5,1743.73,-8.76,,244.1,2.0,2.23716,259.62,128.05,-47.54,,26.8,2.0,16.096414,286.6,8.99,-66.44,,0.74,10.0,3566.076315,1082.66,0.43,-41.17,
2023-07-18,381.71,2571.48,98.73,3.99,29859.13,2.0,0.020749,325.86,14154.0,-52.6,,1897.21,10.0,0.779281,119.6,1743.73,-8.09,,240.2,2.0,2.23716,250.9,128.05,-46.69,,25.54,2.0,16.096414,266.32,8.99,-64.78,,0.78,10.0,3566.076315,1227.09,0.43,-44.23,
2023-07-19,381.71,2729.34,157.86,6.14,29909.21,2.0,0.020749,326.9,14154.0,-52.68,,1888.63,10.0,0.779281,112.92,1743.73,-7.67,,240.8,2.0,2.23716,252.24,128.05,-46.82,,26.31,2.0,16.096414,278.71,8.99,-65.81,,0.82,10.0,3566.076315,1376.86,0.43,-47.09,
2023-07-20,381.71,2627.24,-102.1,-3.74,29800.0,2.0,0.020749,324.63,14154.0,-52.5,,1891.59,10.0,0.779281,115.22,1743.73,-7.82,,242.8,2.0,2.23716,256.71,128.05,-47.26,,25.38,2.0,16.096414,263.74,8.99,-64.56,,0.79,10.0,3566.076315,1285.21,0.43,-45.38,
2023-07-21,381.71,2551.74,-75.5,-2.87,29901.72,2.0,0.020749,326.75,14154.0,-52.66,,1891.73,10.0,0.779281,115.33,1743.73,-7.82,,243.7,2.0,2.23716,258.73,128.05,-47.46,,25.5,2.0,16.096414,265.67,8.99,-64.73,,0.77,10.0,3566.076315,1203.55,0.43,-43.76,
2023-07-22,381.71,2372.05,-179.7,-7.04,29794.0,2.0,0.020749,324.51,14154.0,-52.49,,1866.52,10.0,0.779281,95.69,1743.73,-6.58,,241.1,2.0,2.23716,252.91,128.05,-46.89,,24.52,2.0,16.096414,249.9,8.99,-63.32,,0.73,10.0,3566.076315,1067.33,0.43,-40.83,
2023-07-23,381.71,2421.26,49.22,2.07,30083.75,2.0,0.020749,330.52,14154.0,-52.95,,1888.73,10.0,0.779281,112.99,1743.73,-7.68,,242.5,2.0,2.23716,256.04,128.05,-47.2,,24.76,2.0,16.096414,253.76,8.99,-63.67,,0.74,10.0,3566.076315,1086.23,0.43,-41.25,
2023-07-24,693.41,2212.38,-208.88,-8.63,29176.5,,,,,,"EXIT @ 29176.50 (small red CHoCH, realized +18.02)",1850.0,10.0,0.779281,82.81,1743.73,-5.74,,238.9,2.0,2.23716,247.99,128.05,-46.4,,23.37,2.0,16.096414,231.39,8.99,-61.51,,0.7,10.0,3566.076315,956.78,0.43,-38.21,
2023-07-25,693.41,2238.3,25.92,1.17,29228.91,,,,,,,1857.66,10.0,0.779281,88.78,1743.73,-6.13,,237.7,2.0,2.23716,245.3,128.05,-46.13,,23.27,2.0,16.096414,229.78,8.99,-61.35,,0.71,10.0,3566.076315,981.03,0.43,-38.81,
2023-07-26,693.41,2308.65,70.34,3.14,29351.96,,,,,,,1872.0,10.0,0.779281,99.96,1743.73,-6.85,,239.0,2.0,2.23716,248.21,128.05,-46.42,,25.17,2.0,16.096414,260.36,8.99,-64.26,,0.72,10.0,3566.076315,1006.7,0.43,-39.42,
2023-07-27,693.41,2294.9,-13.75,-0.6,29222.78,,,,,,,1861.28,10.0,0.779281,91.6,1743.73,-6.32,,240.6,2.0,2.23716,251.79,128.05,-46.78,,25.1,2.0,16.096414,259.23,8.99,-64.16,,0.71,10.0,3566.076315,998.86,0.43,-39.24,
2023-07-28,693.41,2296.58,1.69,0.07,29314.14,,,,,,,1874.19,10.0,0.779281,101.66,1743.73,-6.96,,241.9,2.0,2.23716,254.7,128.05,-47.06,,24.82,2.0,16.096414,254.73,8.99,-63.76,,0.71,10.0,3566.076315,992.08,0.43,-39.07,
2023-07-29,693.41,2308.58,12.0,0.52,29352.9,,,,,,,1880.46,10.0,0.779281,106.55,1743.73,-7.27,,242.4,2.0,2.23716,255.82,128.05,-47.17,,25.17,2.0,16.096414,260.36,8.99,-64.26,,0.71,10.0,3566.076315,992.44,0.43,-39.08,
2023-07-30,693.41,2252.7,-55.88,-2.42,29281.09,,,,,,,1861.79,10.0,0.779281,92.0,1743.73,-6.34,,242.5,2.0,2.23716,256.04,128.05,-47.2,,24.25,2.0,16.096414,245.55,8.99,-62.91,,0.7,10.0,3566.076315,965.69,0.43,-38.43,
2023-07-31,693.41,2211.61,-41.09,-1.82,29232.25,,,,,,,1856.14,10.0,0.779281,87.6,1743.73,-6.06,,241.0,2.0,2.23716,252.69,128.05,-46.87,,23.73,2.0,16.096414,237.18,8.99,-62.09,,0.7,10.0,3566.076315,940.73,0.43,-37.82,
2023-08-01,693.41,2278.42,66.81,3.02,29705.99,,,,,,,1873.47,10.0,0.779281,101.1,1743.73,-6.93,,247.7,2.0,2.23716,267.68,128.05,-48.3,,24.05,2.0,16.096414,242.33,8.99,-62.6,,0.71,10.0,3566.076315,973.9,0.43,-38.63,
2023-08-02,768.35,2144.01,-134.4,-5.9,29186.01,,,,,,,1839.9,,,,,,"EXIT @ 1839.90 (small red CHoCH, realized -76.04)",240.7,2.0,2.23716,252.02,128.05,-46.8,,23.15,2.0,16.096414,227.84,8.99,-61.14,,0.68,10.0,3566.076315,895.8,0.43,-36.67,
2023-08-03,1805.5,2058.41,-85.61,-3.99,29193.64,,,,,,,1835.81,,,,,,,241.1,2.0,2.23716,252.91,128.05,-46.89,,22.65,,,,,,"EXIT @ 22.65 (small red CHoCH, realized +75.01)",0.66,,,,,,"EXIT @ 0.66 (small red CHoCH, realized +645.46)"
2023-08-04,1805.5,2059.75,1.34,0.07,29113.99,,,,,,,1830.23,,,,,,,241.7,2.0,2.23716,254.25,128.05,-47.02,,22.8,,,,,,,0.64,,,,,,
2023-08-05,1805.5,2063.1,3.36,0.16,29072.13,,,,,,,1836.48,,,,,,,243.2,2.0,2.23716,257.61,128.05,-47.35,,22.65,,,,,,,0.63,,,,,,
2023-08-06,1805.5,2063.1,0.0,0.0,29088.42,,,,,,,1830.28,,,,,,,243.2,2.0,2.23716,257.61,128.05,-47.35,,23.2,,,,,,,0.62,,,,,,
2023-08-07,1805.5,2060.64,-2.46,-0.12,29211.06,,,,,,,1829.1,,,,,,,242.1,2.0,2.23716,255.15,128.05,-47.11,,23.12,,,,,,,0.62,,,,,,
2023-08-08,1805.5,2067.58,6.94,0.34,29770.42,,,,,,,1856.3,,,,,,,245.2,2.0,2.23716,262.08,128.05,-47.78,,24.22,,,,,,,0.64,,,,,,
2023-08-09,1805.5,2064.45,-3.13,-0.15,29581.99,,,,,,,1855.35,,,,,,,243.8,2.0,2.23716,258.95,128.05,-47.48,,24.38,,,,,,,0.64,,,,,,
2023-08-10,1805.5,2059.3,-5.15,-0.25,29455.75,,,,,,,1852.47,,,,,,,241.5,2.0,2.23716,253.81,128.05,-46.98,,24.62,,,,,,,0.63,,,,,,
2023-08-11,1805.5,2055.27,-4.03,-0.2,29426.03,,,,,,,1848.84,,,,,,,239.7,2.0,2.23716,249.78,128.05,-46.58,,24.62,,,,,,,0.63,,,,,,
2023-08-12,1805.5,2056.62,1.34,0.07,29430.17,,,,,,,1849.93,,,,,,,240.3,2.0,2.23716,251.12,128.05,-46.71,,24.91,,,,,,,0.63,,,,,,
2023-08-13,1805.5,2056.39,-0.22,-0.01,29303.84,,,,,,,1840.73,,,,,,,240.2,2.0,2.23716,250.9,128.05,-46.69,,24.23,,,,,,,0.63,,,,,,
2023-08-14,1805.5,2056.84,0.45,0.02,29430.93,,,,,,,1845.5,,,,,,,240.4,2.0,2.23716,251.34,128.05,-46.73,,25.18,,,,,,,0.63,,,,,,
2023-08-15,2048.56,2048.56,-8.28,-0.4,29200.0,,,,,,,1828.98,,,,,,,236.7,,,,,,"EXIT @ 236.70 (small red CHoCH, realized -43.40)",23.9,,,,,,,0.61,,,,,,
2023-08-16,2048.56,2048.56,0.0,0.0,28730.51,,,,,,,1807.81,,,,,,,232.0,,,,,,,22.82,,,,,,,0.59,,,,,,
2023-08-17,2048.56,2048.56,0.0,0.0,26623.41,,,,,,,1681.49,,,,,,,218.1,,,,,,,21.66,,,,,,,0.51,,,,,,
2023-08-18,2048.56,2048.56,0.0,0.0,26054.0,,,,,,,1661.59,,,,,,,216.1,,,,,,,21.34,,,,,,,0.51,,,,,,
2023-08-19,2048.56,2048.56,0.0,0.0,26100.01,,,,,,,1669.67,,,,,,,216.8,,,,,,,21.9,,,,,,,0.52,,,,,,
2023-08-20,2048.56,2048.56,0.0,0.0,26189.99,,,,,,,1685.24,,,,,,,216.5,,,,,,,21.77,,,,,,,0.54,,,,,,
2023-08-21,2048.56,2048.56,0.0,0.0,26126.92,,,,,,,1667.55,,,,,,,210.4,,,,,,,21.2,,,,,,,0.52,,,,,,
2023-08-22,2048.56,2048.56,0.0,0.0,26056.0,,,,,,,1634.99,,,,,,,210.9,,,,,,,20.59,,,,,,,0.52,,,,,,
2023-08-23,2048.56,2048.56,0.0,0.0,26432.72,,,,,,,1679.61,,,,,,,216.6,,,,,,,21.74,,,,,,,0.53,,,,,,
2023-08-24,2048.56,2048.56,0.0,0.0,26180.05,,,,,,,1661.16,,,,,,,219.0,,,,,,,21.06,,,,,,,0.52,,,,,,
2023-08-25,2048.56,2048.56,0.0,0.0,26060.01,,,,,,,1653.8,,,,,,,218.4,,,,,,,20.42,,,,,,,0.53,,,,,,
2023-08-26,2048.56,2048.56,0.0,0.0,26017.37,,,,,,,1647.04,,,,,,,216.5,,,,,,,20.29,,,,,,,0.52,,,,,,
2023-08-27,2048.56,2048.56,0.0,0.0,26101.77,,,,,,,1658.33,,,,,,,218.4,,,,,,,20.79,,,,,,,0.52,,,,,,
2023-08-28,2048.56,2048.56,0.0,0.0,26120.0,,,,,,,1653.08,,,,,,,218.8,,,,,,,20.56,,,,,,,0.52,,,,,,
2023-08-29,1229.14,2048.56,0.0,0.0,27716.34,2.0,0.029565,409.71,13858.17,-50.0,"ENTRY @ 27716.34 (small green CHoCH, margin $409.71 [20% of portfolio total $2048.56] @ 2x [ADX 32.5, zone red], 0.029565 units)",1729.42,2.0,0.236908,204.86,864.71,-50.0,"ENTRY @ 1729.42 (small green CHoCH, margin $204.86 [10% of portfolio total $2048.56] @ 2x [ADX 48.5, zone red], 0.236908 units)",226.9,,,,,,,21.79,,,,,,,0.54,2.0,759.008151,204.86,0.27,-50.0,"ENTRY @ 0.54 (small green CHoCH, margin $204.86 [10% of portfolio total $2048.56] @ 2x [ADX 30.9, zone red], 759.008151 units)"
2023-08-30,1229.14,2021.87,-26.69,-1.3,27299.99,2.0,0.029565,397.4,13858.17,-49.24,,1705.23,2.0,0.236908,199.13,864.71,-49.29,,223.8,,,,,,,20.82,,,,,,,0.53,2.0,759.008151,196.2,0.27,-48.92,
2023-08-31,1229.14,1954.39,-67.48,-3.34,25940.78,2.0,0.029565,357.22,13858.17,-46.58,,1645.76,2.0,0.236908,185.04,864.71,-47.46,,216.7,,,,,,,19.74,,,,,,,0.51,2.0,759.008151,183.0,0.27,-47.18,
2023-09-01,1402.27,1936.57,-17.82,-0.91,25805.05,2.0,0.029565,353.21,13858.17,-46.3,,1629.12,2.0,0.236908,181.09,864.71,-46.92,,213.7,,,,,,,19.33,,,,,,,0.5,,,,,,"EXIT @ 0.50 (small red CHoCH, realized -31.73)"
2023-09-02,1402.27,1940.35,3.78,0.2,25869.51,2.0,0.029565,355.11,13858.17,-46.43,,1637.03,2.0,0.236908,182.97,864.71,-47.18,,214.4,,,,,,,19.5,,,,,,,0.5,,,,,,
2023-09-03,1402.27,1943.07,2.72,0.14,25971.21,2.0,0.029565,358.12,13858.17,-46.64,,1635.84,2.0,0.236908,182.69,864.71,-47.14,,214.4,,,,,,,19.57,,,,,,,0.5,,,,,,
2023-09-04,1402.27,1937.52,-5.56,-0.29,25826.02,2.0,0.029565,353.83,13858.17,-46.34,,1630.51,2.0,0.236908,181.42,864.71,-46.97,,215.2,,,,,,,19.52,,,,,,,0.51,,,,,,
2023-09-05,1402.27,1937.45,-0.07,-0.0,25792.1,2.0,0.029565,352.82,13858.17,-46.27,,1634.45,2.0,0.236908,182.36,864.71,-47.09,,214.6,,,,,,,20.26,,,,,,,0.51,,,,,,
2023-09-06,1754.14,1936.19,-1.26,-0.06,25759.95,,,,,,"EXIT @ 25759.95 (small red CHoCH, realized -57.84)",1633.15,2.0,0.236908,182.05,864.71,-47.05,,215.2,,,,,,,19.64,,,,,,,0.5,,,,,,
2023-09-07,1754.14,1939.73,3.54,0.18,26255.0,,,,,,,1648.11,2.0,0.236908,185.59,864.71,-47.53,,217.1,,,,,,,19.92,,,,,,,0.5,,,,,,
2023-09-08,1754.14,1936.97,-2.76,-0.14,25910.5,,,,,,,1636.44,2.0,0.236908,182.83,864.71,-47.16,,214.7,,,,,,,19.61,,,,,,,0.5,,,,,,
2023-09-09,1754.14,1936.76,-0.21,-0.01,25901.61,,,,,,,1635.54,2.0,0.236908,182.62,864.71,-47.13,,214.1,,,,,,,19.44,,,,,,,0.5,,,,,,
2023-09-10,1754.14,1932.46,-4.29,-0.22,25841.61,,,,,,,1617.42,2.0,0.236908,178.32,864.71,-46.54,,212.4,,,,,,,18.24,,,,,,,0.5,,,,,,
2023-09-11,1916.93,1916.93,-15.53,-0.8,25162.52,,,,,,,1551.85,,,,,,"EXIT @ 1551.85 (small red CHoCH, realized -42.07)",206.1,,,,,,,17.72,,,,,,,0.47,,,,,,
2023-09-12,1916.93,1916.93,0.0,0.0,25840.1,,,,,,,1592.97,,,,,,,210.7,,,,,,,17.92,,,,,,,0.48,,,,,,
2023-09-13,1916.93,1916.93,0.0,0.0,26222.0,,,,,,,1607.62,,,,,,,212.5,,,,,,,18.4,,,,,,,0.48,,,,,,
2023-09-14,1916.93,1916.93,0.0,0.0,26522.73,,,,,,,1626.47,,,,,,,212.2,,,,,,,18.85,,,,,,,0.49,,,,,,
2023-09-15,1916.93,1916.93,0.0,0.0,26600.0,,,,,,,1641.29,,,,,,,214.1,,,,,,,19.14,,,,,,,0.5,,,,,,
2023-09-16,1916.93,1916.93,0.0,0.0,26559.67,,,,,,,1634.4,,,,,,,214.9,,,,,,,19.12,,,,,,,0.5,,,,,,
2023-09-17,1916.93,1916.93,0.0,0.0,26527.51,,,,,,,1622.48,,,,,,,216.5,,,,,,,18.81,,,,,,,0.49,,,,,,
2023-09-18,1916.93,1916.93,0.0,0.0,26762.51,,,,,,,1636.66,,,,,,,216.0,,,,,,,19.64,,,,,,,0.5,,,,,,
2023-09-19,1725.24,1916.93,0.0,0.0,27210.26,,,,,,,1643.12,,,,,,,217.2,,,,,,,20.03,,,,,,,0.51,2.0,745.886659,191.69,0.26,-50.0,"ENTRY @ 0.51 (small green CHoCH, margin $191.69 [10% of portfolio total $1916.93] @ 2x [ADX 30.9, zone red], 745.886659 units)"
2023-09-20,1725.24,1922.3,5.37,0.28,27125.0,,,,,,,1622.26,,,,,,,214.4,,,,,,,20.29,,,,,,,0.52,2.0,745.886659,197.06,0.26,-50.69,
2023-09-21,1725.24,1911.78,-10.52,-0.55,26568.08,,,,,,,1583.94,,,,,,,210.8,,,,,,,19.46,,,,,,,0.51,2.0,745.886659,186.55,0.26,-49.32,
2023-09-22,1725.24,1915.59,3.8,0.2,26580.14,,,,,,,1593.08,,,,,,,211.1,,,,,,,19.43,,,,,,,0.51,2.0,745.886659,190.35,0.26,-49.82,
2023-09-23,1725.24,1912.16,-3.43,-0.18,26575.96,,,,,,,1593.86,,,,,,,210.5,,,,,,,19.49,,,,,,,0.51,2.0,745.886659,186.92,0.26,-49.37,
2023-09-24,1725.24,1908.05,-4.1,-0.21,26248.38,,,,,,,1580.71,,,,,,,208.3,,,,,,,19.36,,,,,,,0.5,2.0,745.886659,182.82,0.26,-48.81,
2023-09-25,1725.24,1910.66,2.61,0.14,26304.81,,,,,,,1588.33,,,,,,,209.9,,,,,,,19.39,,,,,,,0.51,2.0,745.886659,185.43,0.26,-49.17,
2023-09-26,1725.24,1907.9,-2.76,-0.14,26221.67,,,,,,,1594.01,,,,,,,212.6,,,,,,,19.03,,,,,,,0.5,2.0,745.886659,182.67,0.26,-48.79,
2023-09-27,1725.24,1905.96,-1.94,-0.1,26372.99,,,,,,,1598.64,,,,,,,212.0,,,,,,,19.14,,,,,,,0.5,2.0,745.886659,180.73,0.26,-48.53,
2023-09-28,1725.24,1913.8,7.83,0.41,27021.39,,,,,,,1652.99,,,,,,,215.0,,,,,,,19.96,,,,,,,0.51,2.0,745.886659,188.56,0.26,-49.59,
2023-09-29,1725.24,1922.52,8.73,0.46,26906.96,,,,,,,1667.45,,,,,,,215.2,,,,,,,20.28,,,,,,,0.52,2.0,745.886659,197.29,0.26,-50.72,
2023-09-30,1341.72,1917.6,-4.92,-0.26,26962.56,,,,,,,1670.89,2.0,0.22953,191.76,835.44,-50.0,"ENTRY @ 1670.89 (small green CHoCH, margin $191.76 [10% of portfolio total $1917.60] @ 2x [ADX 32.4, zone red], 0.229530 units)",214.6,,,,,,,21.37,10.0,89.733271,191.76,19.23,-10.0,"ENTRY @ 21.37 (small green CHoCH, margin $191.76 [10% of portfolio total $1917.60] @ 10x [ADX 13.2, zone green], 89.733271 units)",0.51,2.0,745.886659,192.36,0.26,-50.09,
2023-10-01,909.07,2163.23,245.63,12.81,27992.57,10.0,0.154558,432.65,25193.31,-10.0,"ENTRY @ 27992.57 (small green CHoCH, margin $432.65 [20% of portfolio total $2163.23] @ 10x [ADX 15.7, zone green], 0.154558 units)",1733.79,2.0,0.22953,206.2,835.44,-51.81,,218.2,,,,,,,23.87,10.0,89.733271,416.09,19.23,-19.43,,0.52,2.0,745.886659,199.23,0.26,-50.96,
2023-10-02,909.07,2016.2,-147.03,-6.8,27494.51,10.0,0.154558,355.67,25193.31,-8.37,,1662.4,2.0,0.22953,189.81,835.44,-49.74,,214.6,,,,,,,23.37,10.0,89.733271,371.23,19.23,-17.7,,0.51,2.0,745.886659,190.42,0.26,-49.83,
2023-10-03,909.07,2044.97,28.77,1.43,27426.46,10.0,0.154558,345.15,25193.31,-8.14,,1656.88,2.0,0.22953,188.54,835.44,-49.58,,213.5,,,,,,,23.6,10.0,89.733271,391.87,19.23,-18.5,,0.54,2.0,745.886659,210.34,0.26,-52.32,
2023-10-04,909.07,2050.08,5.11,0.25,27778.57,10.0,0.154558,399.57,25193.31,-9.31,,1646.58,2.0,0.22953,186.18,835.44,-49.26,,213.4,,,,,,,23.13,10.0,89.733271,349.69,19.23,-16.85,,0.53,2.0,745.886659,205.57,0.26,-51.75,
2023-10-05,909.07,1939.22,-110.86,-5.41,27410.39,10.0,0.154558,342.67,25193.31,-8.09,,1611.79,2.0,0.22953,178.19,835.44,-48.17,,210.6,,,,,,,22.7,10.0,89.733271,311.11,19.23,-15.27,,0.52,2.0,745.886659,198.18,0.26,-50.83,
2023-10-06,909.07,2093.12,153.91,7.94,27931.09,10.0,0.154558,423.14,25193.31,-9.8,,1645.03,2.0,0.22953,185.82,835.44,-49.21,,213.4,,,,,,,23.41,10.0,89.733271,374.82,19.23,-17.84,,0.53,2.0,745.886659,200.27,0.26,-51.09,
2023-10-07,909.07,2081.67,-11.46,-0.55,27956.67,10.0,0.154558,427.1,25193.31,-9.88,,1633.57,2.0,0.22953,183.19,835.44,-48.86,,212.3,,,,,,,23.3,10.0,89.733271,364.95,19.23,-17.45,,0.52,2.0,745.886659,197.36,0.26,-50.73,
2023-10-08,909.07,2065.07,-16.6,-0.8,27917.05,10.0,0.154558,420.97,25193.31,-9.76,,1632.84,2.0,0.22953,183.03,835.44,-48.83,,211.4,,,,,,,23.22,10.0,89.733271,357.77,19.23,-17.17,,0.52,2.0,745.886659,194.23,0.26,-50.33,
2023-10-09,909.07,1890.97,-174.09,-8.43,27590.12,10.0,0.154558,370.44,25193.31,-8.69,,1580.13,2.0,0.22953,170.93,835.44,-47.13,,205.8,,,,,,,22.1,10.0,89.733271,257.27,19.23,-12.97,,0.5,2.0,745.886659,183.26,0.26,-48.88,
2023-10-10,909.07,1853.46,-37.51,-1.98,27390.12,10.0,0.154558,339.53,25193.31,-8.02,,1567.63,2.0,0.22953,168.06,835.44,-46.71,,208.6,,,,,,,22.11,10.0,89.733271,258.16,19.23,-13.01,,0.5,2.0,745.886659,178.64,0.26,-48.24,
2023-10-11,1341.96,1759.04,-94.43,-5.09,26875.52,,,,,,"EXIT @ 26875.52 (small red CHoCH, realized -172.65)",1566.87,2.0,0.22953,167.88,835.44,-46.68,,206.6,,,,,,,22.01,10.0,89.733271,249.19,19.23,-12.62,,0.49,,,,,,"EXIT @ 0.49 (small red CHoCH, realized -18.80)"
2023-10-12,1503.59,1687.28,-71.76,-4.08,26759.63,,,,,,,1539.61,,,,,,"EXIT @ 1539.61 (small red CHoCH, realized -30.13)",205.1,,,,,,,21.28,10.0,89.733271,183.68,19.23,-9.62,,0.48,,,,,,
2023-10-13,1503.59,1737.53,50.25,2.98,26862.0,,,,,,,1552.16,,,,,,,206.1,,,,,,,21.84,10.0,89.733271,233.93,19.23,-11.94,,0.49,,,,,,
2023-10-14,1503.59,1751.88,14.36,0.83,26852.48,,,,,,,1554.94,,,,,,,206.5,,,,,,,22.0,10.0,89.733271,248.29,19.23,-12.58,,0.49,,,,,,
2023-10-15,1503.59,1745.6,-6.28,-0.36,27154.15,,,,,,,1557.77,,,,,,,209.7,,,,,,,21.93,10.0,89.733271,242.01,19.23,-12.3,,0.49,,,,,,
2023-10-16,925.53,1926.86,181.26,10.38,28500.78,10.0,0.135215,385.37,25650.7,-10.0,"ENTRY @ 28500.78 (small green CHoCH, margin $385.37 [20% of portfolio total $1926.86] @ 10x [ADX 21.0, zone green], 0.135215 units)",1599.42,,,,,,,214.6,2.0,1.795772,192.69,107.3,-50.0,"ENTRY @ 214.60 (small green CHoCH, margin $192.69 [10% of portfolio total $1926.86] @ 2x [ADX 16.9, zone red], 1.795772 units)",23.95,10.0,89.733271,423.27,19.23,-19.7,,0.5,,,,,,
2023-10-17,925.53,1905.14,-21.72,-1.13,28395.91,10.0,0.135215,371.19,25650.7,-9.67,,1565.01,,,,,,,211.4,2.0,1.795772,186.94,107.3,-49.24,,23.93,10.0,89.733271,421.48,19.23,-19.63,,0.49,,,,,,
2023-10-18,925.53,1846.96,-58.18,-3.05,28320.0,10.0,0.135215,360.93,25650.7,-9.43,,1563.44,,,,,,,210.2,2.0,1.795772,184.78,107.3,-48.95,,23.42,10.0,89.733271,375.71,19.23,-17.88,,0.49,,,,,,
2023-10-19,925.53,2037.49,190.53,10.32,28713.71,10.0,0.135215,414.16,25650.7,-10.67,,1566.57,,,,,,,211.2,2.0,1.795772,186.58,107.3,-49.2,,24.93,10.0,89.733271,511.21,19.23,-22.85,,0.52,,,,,,
2023-10-20,925.53,2356.72,319.23,15.67,29669.04,10.0,0.135215,543.34,25650.7,-13.54,,1603.89,,,,,,,212.1,2.0,1.795772,188.2,107.3,-49.41,,27.03,10.0,89.733271,699.65,19.23,-28.85,,0.51,,,,,,
2023-10-21,925.53,2598.53,241.81,10.26,29909.8,10.0,0.135215,575.89,25650.7,-14.24,,1628.94,,,,,,,214.2,2.0,1.795772,191.97,107.3,-49.91,,29.32,10.0,89.733271,905.14,19.23,-34.4,,0.52,,,,,,
2023-10-22,925.53,2591.95,-6.59,-0.25,29992.46,10.0,0.135215,587.07,25650.7,-14.48,,1663.7,,,,,,,217.8,2.0,1.795772,198.43,107.3,-50.73,,29.05,10.0,89.733271,880.91,19.23,-33.79,,0.52,,,,,,
2023-10-23,597.41,3281.23,689.29,26.59,33069.99,10.0,0.135215,1003.2,25650.7,-22.44,,1765.46,5.0,0.929286,328.12,1412.37,-20.0,"ENTRY @ 1765.46 (small green CHoCH, margin $328.12 [10% of portfolio total $3281.23] @ 5x [ADX 22.7, zone green], 0.929286 units)",228.5,2.0,1.795772,217.65,107.3,-53.04,,31.88,10.0,89.733271,1134.86,19.23,-39.67,,0.55,,,,,,
2023-10-24,271.88,3255.31,-25.93,-0.79,33922.73,10.0,0.135215,1118.5,25650.7,-24.38,,1784.98,5.0,0.929286,346.26,1412.37,-20.87,,225.2,2.0,1.795772,211.72,107.3,-52.35,,30.17,10.0,89.733271,981.41,19.23,-36.25,,0.56,5.0,2912.765049,325.53,0.45,-20.0,"ENTRY @ 0.56 (small green CHoCH, margin $325.53 [10% of portfolio total $3255.31] @ 5x [ADX 27.2, zone green], 2912.765049 units)"
2023-10-25,271.88,3522.49,267.18,8.21,34496.05,10.0,0.135215,1196.02,25650.7,-25.64,,1787.15,5.0,0.929286,348.28,1412.37,-20.97,,222.1,2.0,1.795772,206.15,107.3,-51.69,,32.44,10.0,89.733271,1185.11,19.23,-40.71,,0.56,5.0,2912.765049,315.04,0.45,-19.48,
2023-10-26,271.88,3517.05,-5.43,-0.15,34151.66,10.0,0.135215,1149.45,25650.7,-24.89,,1803.38,5.0,0.929286,363.36,1412.37,-21.68,,223.2,2.0,1.795772,208.13,107.3,-51.93,,32.77,10.0,89.733271,1214.72,19.23,-41.31,,0.55,5.0,2912.765049,309.51,0.45,-19.2,
2023-10-27,271.88,3337.96,-179.1,-5.09,33892.02,10.0,0.135215,1114.35,25650.7,-24.32,,1779.4,5.0,0.929286,341.08,1412.37,-20.63,,224.1,2.0,1.795772,209.75,107.3,-52.12,,31.73,10.0,89.733271,1121.4,19.23,-39.39,,0.54,5.0,2912.765049,279.51,0.45,-17.67,
2023-10-28,271.88,3359.09,21.14,0.63,34081.0,10.0,0.135215,1139.9,25650.7,-24.74,,1776.2,5.0,0.929286,338.1,1412.37,-20.48,,225.7,2.0,1.795772,212.62,107.3,-52.46,,31.63,10.0,89.733271,1112.42,19.23,-39.19,,0.54,5.0,2912.765049,284.17,0.45,-17.91,
2023-10-29,271.88,3580.54,221.45,6.59,34525.89,10.0,0.135215,1200.06,25650.7,-25.71,,1795.14,5.0,0.929286,355.7,1412.37,-21.32,,227.1,2.0,1.795772,215.13,107.3,-52.75,,32.83,10.0,89.733271,1220.1,19.23,-41.42,,0.56,5.0,2912.765049,317.67,0.45,-19.61,
2023-10-30,271.88,3841.28,260.74,7.28,34474.73,10.0,0.135215,1193.14,25650.7,-25.6,,1809.04,5.0,0.929286,368.62,1412.37,-21.93,,228.0,2.0,1.795772,216.75,107.3,-52.94,,34.94,10.0,89.733271,1409.44,19.23,-44.95,,0.58,5.0,2912.765049,381.46,0.45,-22.66,
2023-10-31,271.88,4238.99,397.71,10.35,34639.77,10.0,0.135215,1215.45,25650.7,-25.95,,1814.67,5.0,0.929286,373.85,1412.37,-22.17,,226.2,2.0,1.795772,213.52,107.3,-52.56,,38.4,10.0,89.733271,1719.92,19.23,-49.91,,0.6,5.0,2912.765049,444.37,0.45,-25.44,
2023-11-01,271.88,4650.46,411.47,9.71,35421.43,10.0,0.135215,1321.15,25650.7,-27.58,,1846.99,5.0,0.929286,403.89,1412.37,-23.53,,227.9,2.0,1.795772,216.57,107.3,-52.92,,41.15,10.0,89.733271,1966.68,19.23,-53.26,,0.61,5.0,2912.765049,470.3,0.45,-26.53,
2023-11-02,271.88,4458.26,-192.21,-4.13,34941.59,10.0,0.135215,1256.27,25650.7,-26.59,,1800.8,5.0,0.929286,360.96,1412.37,-21.57,,231.9,2.0,1.795772,223.75,107.3,-53.73,,40.23,10.0,89.733271,1884.13,19.23,-52.19,,0.61,5.0,2912.765049,461.27,0.45,-26.16,
2023-11-03,271.88,4403.98,-54.27,-1.22,34716.78,10.0,0.135215,1225.87,25650.7,-26.11,,1832.71,5.0,0.929286,390.62,1412.37,-22.94,,230.2,2.0,1.795772,220.7,107.3,-53.39,,39.45,10.0,89.733271,1814.14,19.23,-51.25,,0.61,5.0,2912.765049,480.78,0.45,-26.97,
2023-11-04,271.88,4758.04,354.06,8.04,35062.07,10.0,0.135215,1272.56,25650.7,-26.84,,1855.54,5.0,0.929286,411.83,1412.37,-23.88,,237.1,2.0,1.795772,233.09,107.3,-54.74,,42.41,10.0,89.733271,2079.75,19.23,-54.65,,0.61,5.0,2912.765049,488.94,0.45,-27.3,
2023-11-05,271.88,4817.6,59.56,1.25,35011.88,10.0,0.135215,1265.77,25650.7,-26.74,,1891.71,5.0,0.929286,445.45,1412.37,-25.34,,244.0,2.0,1.795772,245.48,107.3,-56.02,,41.15,10.0,89.733271,1966.68,19.23,-53.26,,0.66,5.0,2912.765049,622.34,0.45,-32.34,
2023-11-06,271.88,5098.96,281.36,5.84,35046.09,10.0,0.135215,1270.39,25650.7,-26.81,,1900.95,5.0,0.929286,454.03,1412.37,-25.7,,255.1,2.0,1.795772,265.42,107.3,-57.94,,42.16,10.0,89.733271,2057.31,19.23,-54.38,,0.71,5.0,2912.765049,779.92,0.45,-37.46,
2023-11-07,271.88,5098.43,-0.52,-0.01,35399.12,10.0,0.135215,1318.13,25650.7,-27.54,,1885.27,5.0,0.929286,439.46,1412.37,-25.08,,246.2,2.0,1.795772,249.43,107.3,-56.42,,42.93,10.0,89.733271,2126.41,19.23,-55.2,,0.68,5.0,2912.765049,693.12,0.45,-34.74,
2023-11-08,271.88,5155.96,57.53,1.13,35624.72,10.0,0.135215,1348.63,25650.7,-28.0,,1888.12,5.0,0.929286,442.11,1412.37,-25.2,,246.7,2.0,1.795772,250.33,107.3,-56.51,,43.13,10.0,89.733271,2144.36,19.23,-55.41,,0.69,5.0,2912.765049,698.66,0.45,-34.92,
2023-11-09,271.88,5661.42,505.45,9.8,36701.09,10.0,0.135215,1494.18,25650.7,-30.11,,2121.32,5.0,0.929286,658.82,1412.37,-33.42,,251.6,2.0,1.795772,259.13,107.3,-57.35,,45.29,10.0,89.733271,2338.18,19.23,-57.53,,0.67,5.0,2912.765049,639.24,0.45,-32.93,
2023-11-10,271.88,6701.8,1040.38,18.38,37301.63,10.0,0.135215,1575.38,25650.7,-31.23,,2077.72,5.0,0.929286,618.3,1412.37,-32.02,,251.0,2.0,1.795772,258.05,107.3,-57.25,,56.67,10.0,89.733271,3359.34,19.23,-66.06,,0.66,5.0,2912.765049,618.85,0.45,-32.22,
2023-11-11,271.88,6636.1,-65.71,-0.98,37130.0,10.0,0.135215,1552.17,25650.7,-30.92,,2053.17,5.0,0.929286,595.49,1412.37,-31.21,,251.5,2.0,1.795772,258.95,107.3,-57.34,,56.34,10.0,89.733271,3329.73,19.23,-65.86,,0.66,5.0,2912.765049,627.88,0.45,-32.53,
2023-11-12,271.88,6602.77,-33.33,-0.5,37064.13,10.0,0.135215,1543.26,25650.7,-30.79,,2044.68,5.0,0.929286,587.6,1412.37,-30.92,,247.4,2.0,1.795772,251.59,107.3,-56.63,,56.28,10.0,89.733271,3324.35,19.23,-65.83,,0.66,5.0,2912.765049,624.09,0.45,-32.4,
2023-11-13,271.88,6124.47,-478.3,-7.24,36462.93,10.0,0.135215,1461.97,25650.7,-29.65,,2053.65,5.0,0.929286,595.93,1412.37,-31.23,,241.1,2.0,1.795772,240.27,107.3,-55.5,,51.6,10.0,89.733271,2904.4,19.23,-62.73,,0.67,5.0,2912.765049,650.01,0.45,-33.3,
2023-11-14,271.88,6283.59,159.12,2.6,35551.19,10.0,0.135215,1338.69,25650.7,-27.85,,1979.39,5.0,0.929286,526.93,1412.37,-28.65,,242.3,2.0,1.795772,242.43,107.3,-55.72,,56.81,10.0,89.733271,3371.91,19.23,-66.15,,0.63,5.0,2912.765049,531.75,0.45,-29.0,
2023-11-15,271.88,7516.88,1233.3,19.63,37858.2,10.0,0.135215,1650.63,25650.7,-32.25,,2058.48,5.0,0.929286,600.42,1412.37,-31.39,,253.7,2.0,1.795772,262.9,107.3,-57.71,,65.43,10.0,89.733271,4145.41,19.23,-70.61,,0.65,5.0,2912.765049,585.64,0.45,-31.02,
2023-11-16,271.88,6388.01,-1128.88,-15.02,36163.51,10.0,0.135215,1421.49,25650.7,-29.07,,1961.77,5.0,0.929286,510.55,1412.37,-28.01,,242.7,2.0,1.795772,243.15,107.3,-55.79,,57.8,10.0,89.733271,3460.74,19.23,-66.72,,0.61,5.0,2912.765049,480.2,0.45,-26.94,
2023-11-17,271.88,6519.76,131.76,2.06,36613.92,10.0,0.135215,1482.39,25650.7,-29.94,,1960.82,5.0,0.929286,509.67,1412.37,-27.97,,244.9,2.0,1.795772,247.1,107.3,-56.19,,58.51,10.0,89.733271,3524.45,19.23,-67.13,,0.61,5.0,2912.765049,484.28,0.45,-27.11,
2023-11-18,271.88,6511.66,-8.1,-0.12,36568.1,10.0,0.135215,1476.19,25650.7,-29.85,,1962.6,5.0,0.929286,511.32,1412.37,-28.04,,244.8,2.0,1.795772,246.92,107.3,-56.17,,58.56,10.0,89.733271,3528.94,19.23,-67.16,,0.61,5.0,2912.765049,476.41,0.45,-26.79,
2023-11-19,271.88,6939.21,427.54,6.57,37359.86,10.0,0.135215,1583.25,25650.7,-31.34,,2011.47,5.0,0.929286,556.74,1412.37,-29.78,,246.4,2.0,1.795772,249.79,107.3,-56.45,,61.1,10.0,89.733271,3756.86,19.23,-68.52,,0.63,5.0,2912.765049,520.69,0.45,-28.57,
2023-11-20,271.88,6526.38,-412.82,-5.95,37448.78,10.0,0.135215,1595.27,25650.7,-31.5,,2021.4,5.0,0.929286,565.96,1412.37,-30.13,,253.1,2.0,1.795772,261.82,107.3,-57.61,,56.57,10.0,89.733271,3350.37,19.23,-66.0,,0.61,5.0,2912.765049,481.07,0.45,-26.98,
2023-11-21,484.14,5625.08,-901.31,-13.81,35741.65,10.0,0.135215,1364.44,25650.7,-28.23,,1933.01,5.0,0.929286,483.83,1412.37,-26.93,,225.5,,,,,,"EXIT @ 225.50 (small red CHoCH, realized +19.57)",51.65,10.0,89.733271,2908.88,19.23,-62.76,,0.58,5.0,2912.765049,383.79,0.45,-22.76,
2023-11-22,484.14,6595.26,970.18,17.25,37408.34,10.0,0.135215,1589.81,25650.7,-31.43,,2063.21,5.0,0.929286,604.82,1412.37,-31.55,,236.1,,,,,,,57.56,10.0,89.733271,3439.21,19.23,-66.59,,0.61,5.0,2912.765049,477.29,0.45,-26.82,
2023-11-23,484.14,6513.8,-81.45,-1.24,37294.28,10.0,0.135215,1574.38,25650.7,-31.22,,2062.2,5.0,0.929286,603.88,1412.37,-31.51,,233.8,,,,,,,56.51,10.0,89.733271,3344.99,19.23,-65.97,,0.62,5.0,2912.765049,506.41,0.45,-28.0,
2023-11-24,484.14,6620.1,106.3,1.63,37713.57,10.0,0.135215,1631.08,25650.7,-31.99,,2080.84,5.0,0.929286,621.2,1412.37,-32.13,,232.7,,,,,,,56.86,10.0,89.733271,3376.39,19.23,-66.17,,0.62,5.0,2912.765049,507.29,0.45,-28.04,
2023-11-25,484.14,6811.8,191.7,2.9,37780.67,10.0,0.135215,1640.15,25650.7,-32.11,,2083.09,5.0,0.929286,623.29,1412.37,-32.2,,234.4,,,,,,,58.82,10.0,89.733271,3552.27,19.23,-67.3,,0.62,5.0,2912.765049,511.95,0.45,-28.22,
2023-11-26,484.14,6614.6,-197.2,-2.89,37447.43,10.0,0.135215,1595.09,25650.7,-31.5,,2062.33,5.0,0.929286,604.0,1412.37,-31.52,,231.7,,,,,,,57.57,10.0,89.733271,3440.1,19.23,-66.59,,0.62,5.0,2912.765049,491.27,0.45,-27.39,
2023-11-27,484.14,6294.95,-319.65,-4.83,37242.7,10.0,0.135215,1567.41,25650.7,-31.13,,2027.5,5.0,0.929286,571.63,1412.37,-30.34,,227.2,,,,,,,55.06,10.0,89.733271,3214.87,19.23,-65.07,,0.6,5.0,2912.765049,456.9,0.45,-25.97,
2023-11-28,484.14,6691.81,396.86,6.3,37818.87,10.0,0.135215,1645.32,25650.7,-32.17,,2048.14,5.0,0.929286,590.81,1412.37,-31.04,,229.6,,,,,,,58.18,10.0,89.733271,3494.84,19.23,-66.94,,0.61,5.0,2912.765049,476.7,0.45,-26.8,
2023-11-29,484.14,6775.42,83.61,1.25,37854.64,10.0,0.135215,1650.15,25650.7,-32.24,,2028.81,5.0,0.929286,572.85,1412.37,-30.38,,227.3,,,,,,,59.31,10.0,89.733271,3596.24,19.23,-67.57,,0.61,5.0,2912.765049,472.04,0.45,-26.61,
2023-11-30,484.14,6770.21,-5.21,-0.08,37723.96,10.0,0.135215,1632.48,25650.7,-32.0,,2051.96,5.0,0.929286,594.36,1412.37,-31.17,,227.6,,,,,,,59.3,10.0,89.733271,3595.34,19.23,-67.57,,0.61,5.0,2912.765049,463.89,0.45,-26.27,
2023-12-01,484.14,6991.05,220.84,3.26,38682.52,10.0,0.135215,1762.09,25650.7,-33.69,,2087.24,5.0,0.929286,627.15,1412.37,-32.33,,228.5,,,,,,,59.75,10.0,89.733271,3635.72,19.23,-67.81,,0.61,5.0,2912.765049,481.95,0.45,-27.01,
2023-12-02,484.14,7541.92,550.87,7.88,39450.35,10.0,0.135215,1865.92,25650.7,-34.98,,2164.74,5.0,0.929286,699.17,1412.37,-34.76,,229.0,,,,,,,63.66,10.0,89.733271,3986.58,19.23,-69.79,,0.62,5.0,2912.765049,506.12,0.45,-27.99,
2023-12-03,484.14,7583.81,41.88,0.56,39972.26,10.0,0.135215,1936.49,25650.7,-35.83,,2192.95,5.0,0.929286,725.38,1412.37,-35.6,,228.1,,,,,,,62.98,10.0,89.733271,3925.56,19.23,-69.46,,0.62,5.0,2912.765049,512.24,0.45,-28.23,
2023-12-04,484.14,7788.06,204.25,2.69,41991.1,10.0,0.135215,2209.46,25650.7,-38.91,,2243.37,5.0,0.929286,772.24,1412.37,-37.04,,233.5,,,,,,,61.64,10.0,89.733271,3805.32,19.23,-68.8,,0.62,5.0,2912.765049,516.9,0.45,-28.42,
2023-12-05,484.14,8051.1,263.04,3.38,44073.32,10.0,0.135215,2491.01,25650.7,-41.8,,2293.33,5.0,0.929286,818.67,1412.37,-38.41,,231.2,,,,,,,61.03,10.0,89.733271,3750.58,19.23,-68.49,,0.62,5.0,2912.765049,506.7,0.45,-28.01,
2023-12-06,484.14,8081.68,30.58,0.38,43762.69,10.0,0.135215,2449.01,25650.7,-41.39,,2232.7,5.0,0.929286,762.32,1412.37,-36.74,,229.4,,,,,,,61.85,10.0,89.733271,3824.16,19.23,-68.9,,0.64,5.0,2912.765049,562.05,0.45,-30.15,
2023-12-07,484.14,8667.66,585.99,7.25,43273.14,10.0,0.135215,2382.81,25650.7,-40.72,,2355.73,5.0,0.929286,876.65,1412.37,-40.05,,232.6,,,,,,,67.74,10.0,89.733271,4352.69,19.23,-71.61,,0.64,5.0,2912.765049,571.37,0.45,-30.5,
2023-12-08,484.14,9522.1,854.44,9.86,44170.99,10.0,0.135215,2504.22,25650.7,-41.93,,2358.72,5.0,0.929286,879.43,1412.37,-40.12,,238.9,,,,,,,74.94,10.0,89.733271,4998.77,19.23,-74.34,,0.67,5.0,2912.765049,655.55,0.45,-33.49,
2023-12-09,484.14,9166.52,-355.59,-3.73,43713.6,10.0,0.135215,2442.37,25650.7,-41.32,,2340.49,5.0,0.929286,862.49,1412.37,-39.66,,237.7,,,,,,,72.3,10.0,89.733271,4761.88,19.23,-73.4,,0.66,5.0,2912.765049,615.64,0.45,-32.1,
2023-12-10,484.14,9428.07,261.55,2.85,43789.51,10.0,0.135215,2452.63,25650.7,-41.42,,2352.39,5.0,0.929286,873.55,1412.37,-39.96,,239.8,,,,,,,74.87,10.0,89.733271,4992.49,19.23,-74.31,,0.66,5.0,2912.765049,625.25,0.45,-32.44,
2023-12-11,484.14,8427.06,-1001.01,-10.62,41253.4,10.0,0.135215,2109.71,25650.7,-37.82,,2225.12,5.0,0.929286,755.28,1412.37,-36.53,,246.4,,,,,,,70.25,10.0,89.733271,4577.92,19.23,-72.62,,0.62,5.0,2912.765049,500.01,0.45,-27.75,
2023-12-12,484.14,8292.64,-134.42,-1.6,41492.39,10.0,0.135215,2142.03,25650.7,-38.18,,2203.46,5.0,0.929286,735.15,1412.37,-35.9,,254.6,,,,,,,68.6,10.0,89.733271,4429.86,19.23,-71.96,,0.62,5.0,2912.765049,501.46,0.45,-27.8,
2023-12-13,484.14,8736.91,444.27,5.36,42869.03,10.0,0.135215,2328.17,25650.7,-40.16,,2260.16,5.0,0.929286,787.84,1412.37,-37.51,,252.0,,,,,,,70.62,10.0,89.733271,4611.12,19.23,-72.77,,0.63,5.0,2912.765049,525.64,0.45,-28.76,
2023-12-14,484.14,9274.88,537.97,6.16,43022.26,10.0,0.135215,2348.89,25650.7,-40.38,,2315.32,5.0,0.929286,839.1,1412.37,-39.0,,253.3,,,,,,,75.68,10.0,89.733271,5065.17,19.23,-74.59,,0.63,5.0,2912.765049,537.58,0.45,-29.22,
2023-12-15,484.14,8709.41,-565.47,-6.1,41940.3,10.0,0.135215,2202.59,25650.7,-38.84,,2220.5,5.0,0.929286,750.99,1412.37,-36.39,,244.9,,,,,,,72.51,10.0,89.733271,4780.72,19.23,-73.48,,0.62,5.0,2912.765049,490.98,0.45,-27.38,
2023-12-16,484.14,8885.21,175.8,2.02,42278.03,10.0,0.135215,2248.26,25650.7,-39.33,,2228.96,5.0,0.929286,758.85,1412.37,-36.64,,244.4,,,,,,,73.72,10.0,89.733271,4889.3,19.23,-73.91,,0.62,5.0,2912.765049,504.67,0.45,-27.93,
2023-12-17,484.14,8448.04,-437.16,-4.92,41374.65,10.0,0.135215,2126.11,25650.7,-38.0,,2196.52,5.0,0.929286,728.7,1412.37,-35.7,,238.8,,,,,,,70.87,10.0,89.733271,4633.56,19.23,-72.86,,0.61,5.0,2912.765049,475.54,0.45,-26.75,
2023-12-18,484.14,8967.8,519.75,6.15,42657.8,10.0,0.135215,2299.61,25650.7,-39.87,,2219.43,5.0,0.929286,749.99,1412.37,-36.36,,241.7,,,,,,,74.42,10.0,89.733271,4952.11,19.23,-74.16,,0.61,5.0,2912.765049,481.95,0.45,-27.01,
2023-12-19,484.14,8727.45,-240.35,-2.68,42275.99,10.0,0.135215,2247.98,25650.7,-39.33,,2177.91,5.0,0.929286,711.41,1412.37,-35.15,,252.9,,,,,,,73.0,10.0,89.733271,4824.69,19.23,-73.65,,0.6,5.0,2912.765049,459.23,0.45,-26.07,
2023-12-20,-495.95,9800.9,1073.45,12.3,43668.93,10.0,0.135215,2436.33,25650.7,-41.26,,2202.17,5.0,0.929286,733.95,1412.37,-35.86,,260.3,10.0,37.652314,980.09,234.27,-10.0,"ENTRY @ 260.30 (small green CHoCH, margin $980.09 [10% of portfolio total $9800.90] @ 10x [ADX 17.8, zone green], 37.652314 units)",82.21,10.0,89.733271,5651.13,19.23,-76.61,,0.62,5.0,2912.765049,495.34,0.45,-27.56,
2023-12-21,-495.95,11370.05,1569.16,16.01,43861.8,10.0,0.135215,2462.41,25650.7,-41.52,,2239.61,5.0,0.929286,768.74,1412.37,-36.94,,272.1,10.0,37.652314,1424.39,234.27,-13.9,,93.84,10.0,89.733271,6694.73,19.23,-79.5,,0.62,5.0,2912.765049,515.73,0.45,-28.37,
2023-12-22,-495.95,11791.02,420.96,3.7,43969.04,10.0,0.135215,2476.91,25650.7,-41.66,,2324.54,5.0,0.929286,847.67,1412.37,-39.24,,271.1,10.0,37.652314,1386.73,234.27,-13.59,,97.9,10.0,89.733271,7059.05,19.23,-80.35,,0.62,5.0,2912.765049,516.61,0.45,-28.4,
2023-12-23,-495.95,12617.25,826.23,7.01,43702.16,10.0,0.135215,2440.82,25650.7,-41.31,,2308.2,5.0,0.929286,832.48,1412.37,-38.81,,271.0,10.0,37.652314,1382.97,234.27,-13.55,,107.88,10.0,89.733271,7954.59,19.23,-82.17,,0.62,5.0,2912.765049,502.34,0.45,-27.84,
2023-12-24,-495.95,12623.91,6.67,0.05,42991.5,10.0,0.135215,2344.73,25650.7,-40.34,,2264.05,5.0,0.929286,791.46,1412.37,-37.62,,264.5,10.0,37.652314,1138.23,234.27,-11.43,,112.45,10.0,89.733271,8364.67,19.23,-82.9,,0.61,5.0,2912.765049,480.78,0.45,-26.97,
2023-12-25,-495.95,13658.58,1034.67,8.2,43576.13,10.0,0.135215,2423.78,25650.7,-41.14,,2271.35,5.0,0.929286,798.24,1412.37,-37.82,,266.9,10.0,37.652314,1228.59,234.27,-12.23,,120.91,10.0,89.733271,9123.81,19.23,-84.09,,0.65,5.0,2912.765049,580.11,0.45,-30.82,
2023-12-26,-495.95,13810.03,151.45,1.11,42508.93,10.0,0.135215,2279.48,25650.7,-39.66,,2230.88,5.0,0.929286,760.63,1412.37,-36.69,,297.7,10.0,37.652314,2388.29,234.27,-21.31,,112.49,10.0,89.733271,8368.26,19.23,-82.9,,0.62,5.0,2912.765049,509.33,0.45,-28.12,
2023-12-27,-495.95,14600.01,789.98,5.72,43428.85,10.0,0.135215,2403.87,25650.7,-40.94,,2378.35,5.0,0.929286,897.67,1412.37,-40.62,,324.1,10.0,37.652314,3382.31,234.27,-27.72,,106.91,10.0,89.733271,7867.54,19.23,-82.01,,0.63,5.0,2912.765049,544.57,0.45,-29.49,
2023-12-28,-495.95,13937.99,-662.02,-4.53,42563.76,10.0,0.135215,2286.89,25650.7,-39.74,,2344.15,5.0,0.929286,865.89,1412.37,-39.75,,322.6,10.0,37.652314,3325.83,234.27,-27.38,,101.8,10.0,89.733271,7409.01,19.23,-81.11,,0.63,5.0,2912.765049,546.32,0.45,-29.56,
2023-12-29,-495.95,13852.28,-85.71,-0.61,42066.95,10.0,0.135215,2219.72,25650.7,-39.02,,2299.2,5.0,0.929286,824.12,1412.37,-38.57,,313.7,10.0,37.652314,2990.72,234.27,-25.32,,106.17,10.0,89.733271,7801.14,19.23,-81.88,,0.62,5.0,2912.765049,512.53,0.45,-28.24,
2023-12-30,-495.95,13593.37,-258.92,-1.87,42140.28,10.0,0.135215,2229.63,25650.7,-39.13,,2291.68,5.0,0.929286,817.13,1412.37,-38.37,,317.1,10.0,37.652314,3118.74,234.27,-26.12,,101.9,10.0,89.733271,7417.98,19.23,-81.13,,0.62,5.0,2912.765049,505.83,0.45,-27.98,
2023-12-31,-495.95,13373.06,-220.3,-1.62,42283.58,10.0,0.135215,2249.01,25650.7,-39.34,,2281.87,5.0,0.929286,808.02,1412.37,-38.1,,311.8,10.0,37.652314,2919.18,234.27,-24.87,,101.72,10.0,89.733271,7401.83,19.23,-81.09,,0.62,5.0,2912.765049,490.98,0.45,-27.38,
2024-01-01,-495.95,14533.75,1160.69,8.68,44179.55,10.0,0.135215,2505.37,25650.7,-41.94,,2352.04,5.0,0.929286,873.22,1412.37,-39.95,,313.5,10.0,37.652314,2983.19,234.27,-25.27,,109.91,10.0,89.733271,8136.74,19.23,-82.5,,0.63,5.0,2912.765049,531.17,0.45,-28.97,
2024-01-02,-495.95,14292.3,-241.46,-1.66,44946.91,10.0,0.135215,2609.13,25650.7,-42.93,,2355.34,5.0,0.929286,876.29,1412.37,-40.04,,312.2,10.0,37.652314,2934.24,234.27,-24.96,,106.73,10.0,89.733271,7851.39,19.23,-81.98,,0.62,5.0,2912.765049,517.19,0.45,-28.43,
2024-01-03,-495.95,13148.43,-1143.87,-8.0,42845.23,10.0,0.135215,2324.95,25650.7,-40.13,,2209.72,5.0,0.929286,740.97,1412.37,-36.08,,315.8,10.0,37.652314,3069.79,234.27,-25.82,,98.52,10.0,89.733271,7114.68,19.23,-80.48,,0.58,5.0,2912.765049,393.98,0.45,-23.23,
2024-01-04,-495.95,14262.29,1113.86,8.47,44151.1,10.0,0.135215,2501.53,25650.7,-41.9,,2267.11,5.0,0.929286,794.3,1412.37,-37.7,,323.7,10.0,37.652314,3367.25,234.27,-27.63,,104.91,10.0,89.733271,7688.08,19.23,-81.67,,0.59,5.0,2912.765049,407.09,0.45,-23.82,
2024-01-05,-121.19,13551.28,-711.01,-4.99,44145.11,10.0,0.135215,2500.72,25650.7,-41.89,,2268.78,5.0,0.929286,795.85,1412.37,-37.75,,317.5,10.0,37.652314,3133.8,234.27,-26.21,,99.94,10.0,89.733271,7242.1,19.23,-80.76,,0.58,,,,,,"EXIT @ 0.58 (small red CHoCH, realized +49.23)"
2024-01-06,6567.25,12571.18,-980.1,-7.23,43968.32,10.0,0.135215,2476.81,25650.7,-41.66,,2240.78,5.0,0.929286,769.83,1412.37,-36.97,,307.5,10.0,37.652314,2757.28,234.27,-23.81,,93.77,,,,,,"EXIT @ 93.77 (small red CHoCH, realized +6496.69)",0.57,,,,,,
2024-01-07,6567.25,12355.84,-215.33,-1.71,43929.02,10.0,0.135215,2471.5,25650.7,-41.61,,2221.42,5.0,0.929286,751.84,1412.37,-36.42,,302.4,10.0,37.652314,2565.25,234.27,-22.53,,89.44,,,,,,,0.55,,,,,,
2024-01-08,6567.25,12914.72,558.88,4.52,46951.04,10.0,0.135215,2880.12,25650.7,-45.37,,2330.44,5.0,0.929286,853.15,1412.37,-39.39,,303.7,10.0,37.652314,2614.2,234.27,-22.86,,97.88,,,,,,,0.58,,,,,,
2024-01-09,6567.25,12715.98,-198.75,-1.54,46110.0,10.0,0.135215,2766.4,25650.7,-44.37,,2344.29,5.0,0.929286,866.02,1412.37,-39.75,,301.1,10.0,37.652314,2516.3,234.27,-22.2,,99.36,,,,,,,0.57,,,,,,
2024-01-10,6567.25,13189.61,473.63,3.72,46653.99,10.0,0.135215,2839.95,25650.7,-45.02,,2584.38,5.0,0.929286,1089.13,1412.37,-45.35,,305.8,10.0,37.652314,2693.27,234.27,-23.39,,102.0,,,,,,,0.6,,,,,,
2024-01-11,6567.25,13268.66,79.05,0.6,46339.16,10.0,0.135215,2797.38,25650.7,-44.65,,2618.01,5.0,0.929286,1120.39,1412.37,-46.05,,308.2,10.0,37.652314,2783.64,234.27,-23.99,,99.9,,,,,,,0.6,,,,,,
2024-01-12,6567.25,12262.29,-1006.37,-7.58,42782.73,10.0,0.135215,2316.5,25650.7,-40.04,,2522.54,5.0,0.929286,1031.67,1412.37,-44.01,,296.6,10.0,37.652314,2346.87,234.27,-21.01,,92.12,,,,,,,0.57,,,,,,
2024-01-13,6567.25,12533.68,271.39,2.21,42847.99,10.0,0.135215,2325.33,25650.7,-40.14,,2578.19,5.0,0.929286,1083.38,1412.37,-45.22,,302.2,10.0,37.652314,2557.72,234.27,-22.48,,95.85,,,,,,,0.57,,,,,,
2024-01-14,6567.25,12183.3,-350.38,-2.8,41732.35,10.0,0.135215,2174.48,25650.7,-38.54,,2472.87,5.0,0.929286,985.51,1412.37,-42.89,,299.5,10.0,37.652314,2456.06,234.27,-21.78,,93.81,,,,,,,0.58,,,,,,
2024-01-15,6567.25,13002.5,819.2,6.72,42511.1,10.0,0.135215,2279.77,25650.7,-39.66,,2511.78,5.0,0.929286,1021.67,1412.37,-43.77,,317.5,10.0,37.652314,3133.8,234.27,-26.21,,94.36,,,,,,,0.58,,,,,,
2024-01-16,6567.25,13070.93,68.43,0.53,43137.95,10.0,0.135215,2364.53,25650.7,-40.54,,2587.4,5.0,0.929286,1091.94,1412.37,-45.41,,315.2,10.0,37.652314,3047.2,234.27,-25.68,,97.61,,,,,,,0.58,,,,,,
2024-01-17,6567.25,12750.45,-320.48,-2.45,42776.1,10.0,0.135215,2315.61,25650.7,-40.03,,2530.19,5.0,0.929286,1038.78,1412.37,-44.18,,309.4,10.0,37.652314,2828.82,234.27,-24.28,,102.1,,,,,,,0.57,,,,,,
2024-01-18,6567.25,12634.95,-115.5,-0.91,41327.5,10.0,0.135215,2119.73,25650.7,-37.93,,2470.81,5.0,0.929286,983.6,1412.37,-42.84,,313.0,10.0,37.652314,2964.37,234.27,-25.15,,94.4,,,,,,,0.55,,,,,,
2024-01-19,6567.25,12763.48,128.53,1.02,41659.03,10.0,0.135215,2164.56,25650.7,-38.43,,2492.0,5.0,0.929286,1003.29,1412.37,-43.32,,314.7,10.0,37.652314,3028.38,234.27,-25.56,,93.62,,,,,,,0.54,,,,,,
2024-01-20,6567.25,12844.04,80.56,0.63,41696.04,10.0,0.135215,2169.57,25650.7,-38.48,,2472.01,5.0,0.929286,984.71,1412.37,-42.87,,317.2,10.0,37.652314,3122.51,234.27,-26.14,,92.88,,,,,,,0.55,,,,,,
2024-01-21,6567.25,12867.2,23.17,0.18,41580.33,10.0,0.135215,2153.92,25650.7,-38.31,,2457.05,5.0,0.929286,970.81,1412.37,-42.52,,318.6,10.0,37.652314,3175.22,234.27,-26.47,,91.09,,,,,,,0.55,,,,,,
2024-01-22,8449.08,11984.18,-883.03,-6.86,39568.02,,,,,,"EXIT @ 39568.02 (small red CHoCH, realized +1496.45)",2314.2,5.0,0.929286,838.06,1412.37,-38.97,,305.9,10.0,37.652314,2697.04,234.27,-23.42,,83.84,,,,,,,0.53,,,,,,
2024-01-23,8449.08,11650.31,-333.87,-2.79,39897.6,,,,,,,2242.6,5.0,0.929286,771.52,1412.37,-37.02,,298.8,10.0,37.652314,2429.7,234.27,-21.6,,84.35,,,,,,,0.52,,,,,,
2024-01-24,8449.08,11428.64,-221.66,-1.9,40084.88,,,,,,,2235.02,5.0,0.929286,764.48,1412.37,-36.81,,293.1,10.0,37.652314,2215.09,234.27,-20.07,,88.77,,,,,,,0.52,,,,,,
2024-01-25,8449.08,11375.77,-52.87,-0.46,39961.09,,,,,,,2218.64,5.0,0.929286,749.26,1412.37,-36.34,,292.1,10.0,37.652314,2177.43,234.27,-19.8,,86.91,,,,,,,0.51,,,,,,
2024-01-26,8449.08,11801.63,425.86,3.74,41823.51,,,,,,,2267.68,5.0,0.929286,794.83,1412.37,-37.72,,302.2,10.0,37.652314,2557.72,234.27,-22.48,,92.28,,,,,,,0.53,,,,,,
2024-01-27,8449.08,11929.89,128.26,1.09,42120.63,,,,,,,2267.94,5.0,0.929286,795.07,1412.37,-37.72,,305.6,10.0,37.652314,2685.74,234.27,-23.34,,94.28,,,,,,,0.53,,,,,,
2024-01-28,8449.08,11908.34,-21.56,-0.18,42031.06,,,,,,,2256.9,5.0,0.929286,784.81,1412.37,-37.42,,305.3,10.0,37.652314,2674.44,234.27,-23.27,,95.98,,,,,,,0.52,,,,,,
2024-01-29,8449.08,12168.07,259.73,2.18,43302.7,,,,,,,2317.6,5.0,0.929286,841.22,1412.37,-39.06,,310.7,10.0,37.652314,2877.77,234.27,-24.6,,101.68,,,,,,,0.54,,,,,,
2024-01-30,8449.08,12074.96,-93.11,-0.77,42941.1,,,,,,,2343.01,5.0,0.929286,864.83,1412.37,-39.72,,307.6,10.0,37.652314,2761.04,234.27,-23.84,,101.4,,,,,,,0.51,,,,,,
2024-01-31,8449.08,11751.99,-322.97,-2.67,42580.0,,,,,,,2283.14,5.0,0.929286,809.2,1412.37,-38.14,,300.5,10.0,37.652314,2493.71,234.27,-22.04,,96.96,,,,,,,0.5,,,,,,
2024-02-01,8449.08,11760.34,8.35,0.07,43082.94,,,,,,,2304.28,5.0,0.929286,828.84,1412.37,-38.71,,300.2,10.0,37.652314,2482.42,234.27,-21.96,,97.81,,,,,,,0.51,,,,,,
2024-02-02,8449.08,11809.96,49.62,0.42,43200.0,,,,,,,2309.06,5.0,0.929286,833.28,1412.37,-38.83,,301.4,10.0,37.652314,2527.6,234.27,-22.27,,100.58,,,,,,,0.51,,,,,,
2024-02-03,8449.08,11734.27,-75.69,-0.64,43011.09,,,,,,,2296.49,5.0,0.929286,821.6,1412.37,-38.5,,299.7,10.0,37.652314,2463.59,234.27,-21.83,,97.96,,,,,,,0.52,,,,,,
2024-02-04,8449.08,11916.31,182.04,1.55,42582.88,,,,,,,2289.79,5.0,0.929286,815.38,1412.37,-38.32,,304.7,10.0,37.652314,2651.85,234.27,-23.11,,95.49,,,,,,,0.5,,,,,,
2024-02-05,8449.08,11795.71,-120.59,-1.01,42708.7,,,,,,,2301.83,5.0,0.929286,826.56,1412.37,-38.64,,301.2,10.0,37.652314,2520.07,234.27,-22.22,,95.66,,,,,,,0.51,,,,,,
2024-02-06,8449.08,11918.0,122.28,1.04,43098.95,,,,,,,2372.64,5.0,0.929286,892.37,1412.37,-40.47,,302.7,10.0,37.652314,2576.55,234.27,-22.61,,96.88,,,,,,,0.5,,,,,,
2024-02-07,6021.09,12139.95,221.95,1.86,44349.6,10.0,0.547466,2427.99,39914.64,-10.0,"ENTRY @ 44349.60 (small green CHoCH, margin $2427.99 [20% of portfolio total $12139.95] @ 10x [ADX 12.3, zone green], 0.547466 units)",2425.1,5.0,0.929286,941.12,1412.37,-41.76,,307.3,10.0,37.652314,2749.75,234.27,-23.77,,101.14,,,,,,,0.51,,,,,,
2024-02-08,6021.09,13096.95,957.0,7.88,45288.65,10.0,0.547466,2942.09,39914.64,-11.87,,2419.55,5.0,0.929286,935.96,1412.37,-41.63,,319.2,10.0,37.652314,3197.81,234.27,-26.61,,102.76,,,,,,,0.51,,,,,,
2024-02-09,4586.14,14349.54,1252.6,9.56,47132.77,10.0,0.547466,3951.68,39914.64,-15.31,,2486.56,5.0,0.929286,998.23,1412.37,-43.2,,324.0,10.0,37.652314,3378.54,234.27,-27.69,,106.94,10.0,134.183135,1434.95,96.25,-10.0,"ENTRY @ 106.94 (small green CHoCH, margin $1434.95 [10% of portfolio total $14349.54] @ 10x [ADX 11.2, zone green], 134.183135 units)",0.53,,,,,,
2024-02-10,4586.14,14940.87,591.33,4.12,47751.09,10.0,0.547466,4290.19,39914.64,-16.41,,2500.24,5.0,0.929286,1010.94,1412.37,-43.51,,323.0,10.0,37.652314,3340.89,234.27,-27.47,,109.01,10.0,134.183135,1712.71,96.25,-11.71,,0.52,,,,,,
2024-02-11,4586.14,14953.27,12.4,0.08,48299.99,10.0,0.547466,4590.69,39914.64,-17.36,,2507.21,5.0,0.929286,1017.42,1412.37,-43.67,,320.7,10.0,37.652314,3254.29,234.27,-26.95,,107.46,10.0,134.183135,1504.73,96.25,-10.44,,0.53,,,,,,
2024-02-12,2905.25,16808.87,1855.6,12.41,49917.27,10.0,0.547466,5476.1,39914.64,-20.04,,2659.99,5.0,0.929286,1159.4,1412.37,-46.9,,327.8,10.0,37.652314,3521.62,234.27,-28.53,,111.64,10.0,134.183135,2065.62,96.25,-13.79,,0.53,2.0,6325.068192,1680.89,0.27,-50.0,"ENTRY @ 0.53 (small green CHoCH, margin $1680.89 [10% of portfolio total $16808.87] @ 2x [ADX 31.9, zone red], 6325.068192 units)"
2024-02-13,2905.25,16624.09,-184.78,-1.1,49699.59,10.0,0.547466,5356.93,39914.64,-19.69,,2639.99,5.0,0.929286,1140.81,1412.37,-46.5,,324.7,10.0,37.652314,3404.9,234.27,-27.85,,112.48,10.0,134.183135,2178.33,96.25,-14.43,,0.52,2.0,6325.068192,1637.88,0.27,-49.35,
2024-02-14,2905.25,18928.38,2304.29,13.86,51795.17,10.0,0.547466,6504.18,39914.64,-22.94,,2774.81,5.0,0.929286,1266.1,1412.37,-49.1,,333.9,10.0,37.652314,3751.3,234.27,-29.84,,116.97,10.0,134.183135,2780.81,96.25,-17.72,,0.54,2.0,6325.068192,1720.73,0.27,-50.59,
2024-02-15,2905.25,19472.28,543.9,2.87,51880.0,10.0,0.547466,6550.63,39914.64,-23.06,,2822.59,5.0,0.929286,1310.5,1412.37,-49.96,,354.2,10.0,37.652314,4515.64,234.27,-33.86,,113.5,10.0,134.183135,2315.2,96.25,-15.2,,0.56,2.0,6325.068192,1875.07,0.27,-52.73,
2024-02-16,2905.25,19407.97,-64.31,-0.33,52124.11,10.0,0.547466,6684.27,39914.64,-23.42,,2801.8,5.0,0.929286,1291.18,1412.37,-49.59,,360.4,10.0,37.652314,4749.09,234.27,-35.0,,110.33,10.0,134.183135,1889.84,96.25,-12.77,,0.56,2.0,6325.068192,1888.35,0.27,-52.91,
2024-02-17,2905.25,18565.06,-842.91,-4.34,51642.64,10.0,0.547466,6420.68,39914.64,-22.71,,2785.93,5.0,0.929286,1276.43,1412.37,-49.3,,352.9,10.0,37.652314,4466.69,234.27,-33.62,,108.92,10.0,134.183135,1700.64,96.25,-11.64,,0.55,2.0,6325.068192,1795.37,0.27,-51.65,
2024-02-18,2905.25,19300.81,735.75,3.96,52137.67,10.0,0.547466,6691.69,39914.64,-23.44,,2881.2,5.0,0.929286,1364.96,1412.37,-50.98,,349.8,10.0,37.652314,4349.97,234.27,-33.03,,112.24,10.0,134.183135,2146.13,96.25,-14.25,,0.56,2.0,6325.068192,1842.81,0.27,-52.3,
2024-02-19,2905.25,19168.51,-132.3,-0.69,51774.73,10.0,0.547466,6492.99,39914.64,-22.91,,2944.8,5.0,0.929286,1424.07,1412.37,-52.04,,351.6,10.0,37.652314,4417.75,234.27,-33.37,,111.53,10.0,134.183135,2050.86,96.25,-13.7,,0.56,2.0,6325.068192,1877.6,0.27,-52.76,
2024-02-20,2905.25,19176.95,8.44,0.04,52258.82,10.0,0.547466,6758.02,39914.64,-23.62,,3014.81,5.0,0.929286,1489.13,1412.37,-53.15,,354.6,10.0,37.652314,4530.7,234.27,-33.93,,108.31,10.0,134.183135,1618.79,96.25,-11.14,,0.56,2.0,6325.068192,1875.07,0.27,-52.73,
2024-02-21,2905.25,19312.47,135.53,0.71,51849.39,10.0,0.547466,6533.87,39914.64,-23.02,,2967.9,5.0,0.929286,1445.53,1412.37,-52.41,,379.2,10.0,37.652314,5456.95,234.27,-38.22,,105.03,10.0,134.183135,1178.66,96.25,-8.36,,0.55,2.0,6325.068192,1792.21,0.27,-51.6,
2024-02-22,2905.25,18646.62,-665.85,-3.45,51288.42,10.0,0.547466,6226.76,39914.64,-22.18,,2971.4,5.0,0.929286,1448.79,1412.37,-52.47,,382.6,10.0,37.652314,5584.97,234.27,-38.77,,101.76,10.0,134.183135,739.89,96.25,-5.42,,0.54,2.0,6325.068192,1740.98,0.27,-50.88,
2024-02-23,2905.25,17743.05,-903.58,-4.85,50744.15,10.0,0.547466,5928.79,39914.64,-21.34,,2922.24,5.0,0.929286,1403.1,1412.37,-51.67,,375.5,10.0,37.652314,5317.64,234.27,-37.61,,99.9,10.0,134.183135,490.31,96.25,-3.66,,0.53,2.0,6325.068192,1697.96,0.27,-50.25,
2024-02-24,2905.25,19112.85,1369.8,7.72,51568.22,10.0,0.547466,6379.94,39914.64,-22.6,,2992.62,5.0,0.929286,1468.51,1412.37,-52.8,,381.7,10.0,37.652314,5551.08,234.27,-38.62,,104.01,10.0,134.183135,1041.8,96.25,-7.46,,0.55,2.0,6325.068192,1766.28,0.27,-51.24,
2024-02-25,2905.25,19480.04,367.19,1.92,51728.85,10.0,0.547466,6467.88,39914.64,-22.84,,3112.59,5.0,0.929286,1579.99,1412.37,-54.62,,388.5,10.0,37.652314,5807.12,234.27,-39.7,,103.47,10.0,134.183135,969.34,96.25,-6.98,,0.54,2.0,6325.068192,1750.46,0.27,-51.01,
2024-02-26,2905.25,22450.41,2970.37,15.25,54476.47,10.0,0.547466,7972.11,39914.64,-26.73,,3175.94,5.0,0.929286,1638.86,1412.37,-55.53,,401.6,10.0,37.652314,6300.36,234.27,-41.67,,109.9,10.0,134.183135,1832.14,96.25,-12.42,,0.55,2.0,6325.068192,1801.7,0.27,-51.73,
2024-02-27,2905.25,23668.45,1218.04,5.43,57037.34,10.0,0.547466,9374.09,39914.64,-30.02,,3242.36,5.0,0.929286,1700.59,1412.37,-56.44,,394.6,10.0,37.652314,6036.8,234.27,-40.63,,108.36,10.0,134.183135,1625.49,96.25,-11.18,,0.59,2.0,6325.068192,2026.24,0.27,-54.66,
2024-02-28,2905.25,28867.26,5198.81,21.97,62432.1,10.0,0.547466,12327.54,39914.64,-36.07,,3383.1,5.0,0.929286,1831.37,1412.37,-58.25,,414.6,10.0,37.652314,6789.84,234.27,-43.49,,119.03,10.0,134.183135,3057.23,96.25,-19.14,,0.57,2.0,6325.068192,1956.03,0.27,-53.78,
2024-02-29,2905.25,28508.98,-358.28,-1.24,61130.98,10.0,0.547466,11615.22,39914.64,-34.71,,3340.09,5.0,0.929286,1791.4,1412.37,-57.71,,399.4,10.0,37.652314,6217.53,234.27,-41.34,,125.68,10.0,134.183135,3949.55,96.25,-23.42,,0.59,2.0,6325.068192,2030.03,0.27,-54.7,
2024-03-01,2905.25,30180.59,1671.61,5.86,62387.9,10.0,0.547466,12303.34,39914.64,-36.02,,3433.43,5.0,0.929286,1878.14,1412.37,-58.86,,407.4,10.0,37.652314,6518.75,234.27,-42.5,,129.43,10.0,134.183135,4452.73,96.25,-25.64,,0.6,2.0,6325.068192,2122.38,0.27,-55.8,
2024-03-02,2905.25,30432.38,251.79,0.83,61987.28,10.0,0.547466,12084.02,39914.64,-35.61,,3421.4,5.0,0.929286,1866.96,1412.37,-58.72,,410.9,10.0,37.652314,6650.53,234.27,-42.99,,130.02,10.0,134.183135,4531.9,96.25,-25.98,,0.64,2.0,6325.068192,2393.72,0.27,-58.75,
2024-03-03,2905.25,31157.1,724.71,2.38,63113.97,10.0,0.547466,12700.84,39914.64,-36.76,,3487.81,5.0,0.929286,1928.68,1412.37,-59.51,,414.5,10.0,37.652314,6786.08,234.27,-43.48,,130.16,10.0,134.183135,4550.69,96.25,-26.06,,0.63,2.0,6325.068192,2285.56,0.27,-57.62,
2024-03-04,2905.25,34791.05,3633.96,11.66,68245.71,10.0,0.547466,15510.29,39914.64,-41.51,,3627.76,5.0,0.929286,2058.73,1412.37,-61.07,,418.4,10.0,37.652314,6932.92,234.27,-44.01,,133.27,10.0,134.183135,4968.0,96.25,-27.78,,0.65,2.0,6325.068192,2415.86,0.27,-58.97,
2024-03-05,2905.25,29906.29,-4884.76,-14.04,63724.01,10.0,0.547466,13034.82,39914.64,-37.36,,3553.65,5.0,0.929286,1989.86,1412.37,-60.26,,394.1,10.0,37.652314,6017.97,234.27,-40.56,,125.31,10.0,134.183135,3899.9,96.25,-23.19,,0.59,2.0,6325.068192,2058.49,0.27,-55.05,
2024-03-06,2905.25,33635.7,3729.41,12.47,66074.04,10.0,0.547466,14321.38,39914.64,-39.59,,3818.59,5.0,0.929286,2236.07,1412.37,-63.01,,429.4,10.0,37.652314,7347.1,234.27,-45.44,,130.79,10.0,134.183135,4635.22,96.25,-26.41,,0.61,2.0,6325.068192,2190.69,0.27,-56.58,
2024-03-07,2905.25,37636.98,4001.28,11.9,66823.17,10.0,0.547466,14731.5,39914.64,-40.27,,3868.76,5.0,0.929286,2282.69,1412.37,-63.49,,474.6,10.0,37.652314,9048.98,234.27,-50.64,,143.82,10.0,134.183135,6383.63,96.25,-33.08,,0.63,2.0,6325.068192,2284.93,0.27,-57.62,
2024-03-08,2905.25,38870.4,1233.42,3.28,68124.19,10.0,0.547466,15443.77,39914.64,-41.41,,3883.36,5.0,0.929286,2296.26,1412.37,-63.63,,485.8,10.0,37.652314,9470.69,234.27,-51.78,,144.79,10.0,134.183135,6513.79,96.25,-33.53,,0.62,2.0,6325.068192,2240.66,0.27,-57.14,
2024-03-09,2905.25,39019.36,148.96,0.38,68313.27,10.0,0.547466,15547.28,39914.64,-41.57,,3905.21,5.0,0.929286,2316.56,1412.37,-63.83,,488.3,10.0,37.652314,9564.82,234.27,-52.02,,144.29,10.0,134.183135,6446.69,96.25,-33.3,,0.62,2.0,6325.068192,2238.76,0.27,-57.12,
2024-03-10,2905.25,40814.42,1795.06,4.6,68955.88,10.0,0.547466,15899.09,39914.64,-42.12,,3878.47,5.0,0.929286,2291.71,1412.37,-63.58,,528.9,10.0,37.652314,11093.5,234.27,-55.71,,144.39,10.0,134.183135,6460.11,96.25,-33.34,,0.61,2.0,6325.068192,2164.75,0.27,-56.29,
2024-03-11,2905.25,43797.89,2983.47,7.31,72078.1,10.0,0.547466,17608.4,39914.64,-44.62,,4064.8,5.0,0.929286,2464.87,1412.37,-65.25,,523.0,10.0,37.652314,10871.35,234.27,-55.21,,148.83,10.0,134.183135,7055.89,96.25,-35.33,,0.72,2.0,6325.068192,2892.14,0.27,-63.24,
2024-03-12,2905.25,43998.75,200.86,0.46,71452.01,10.0,0.547466,17265.63,39914.64,-44.14,,3979.96,5.0,0.929286,2386.03,1412.37,-64.51,,537.5,10.0,37.652314,11417.31,234.27,-56.41,,151.05,10.0,134.183135,7353.77,96.25,-36.28,,0.69,2.0,6325.068192,2670.76,0.27,-61.37,
2024-03-13,2905.25,50141.82,6143.06,13.96,73072.41,10.0,0.547466,18152.75,39914.64,-45.38,,4004.79,5.0,0.929286,2409.1,1412.37,-64.73,,630.5,10.0,37.652314,14918.98,234.27,-62.84,,163.9,10.0,134.183135,9078.03,96.25,-41.28,,0.69,2.0,6325.068192,2677.72,0.27,-61.44,
2024-03-14,2905.25,49661.58,-480.24,-0.96,71388.94,10.0,0.547466,17231.11,39914.64,-44.09,,3881.7,5.0,0.929286,2294.71,1412.37,-63.61,,603.2,10.0,37.652314,13891.07,234.27,-61.16,,176.65,10.0,134.183135,10788.86,96.25,-45.52,,0.67,2.0,6325.068192,2550.58,0.27,-60.28,
2024-03-15,2905.25,50367.89,706.31,1.42,69499.85,10.0,0.547466,16196.89,39914.64,-42.57,,3742.19,5.0,0.929286,2165.07,1412.37,-62.26,,632.7,10.0,37.652314,15001.81,234.27,-62.97,,183.95,10.0,134.183135,11768.4,96.25,-47.68,,0.63,2.0,6325.068192,2330.47,0.27,-58.1,
2024-03-16,2905.25,45293.87,-5074.02,-10.07,65300.63,10.0,0.547466,13897.96,39914.64,-38.88,,3523.09,5.0,0.929286,1961.46,1412.37,-59.91,,576.4,10.0,37.652314,12881.99,234.27,-59.36,,182.05,10.0,134.183135,11513.45,96.25,-47.13,,0.6,2.0,6325.068192,2133.76,0.27,-55.94,
2024-03-17,2905.25,49682.53,4388.65,9.69,68393.48,10.0,0.547466,15591.19,39914.64,-41.64,,3644.71,5.0,0.929286,2074.48,1412.37,-61.25,,571.7,10.0,37.652314,12705.02,234.27,-59.02,,201.86,10.0,134.183135,14171.62,96.25,-52.32,,0.62,2.0,6325.068192,2234.96,0.27,-57.07,
2024-03-18,2905.25,47893.07,-1789.46,-3.6,67609.99,10.0,0.547466,15162.26,39914.64,-40.96,,3520.46,5.0,0.929286,1959.02,1412.37,-59.88,,555.4,10.0,37.652314,12091.29,234.27,-57.82,,195.92,10.0,134.183135,13374.57,96.25,-50.87,,0.65,2.0,6325.068192,2400.68,0.27,-58.82,
2024-03-19,2905.25,38768.52,-9124.54,-19.05,61937.4,10.0,0.547466,12056.71,39914.64,-35.56,,3158.64,5.0,0.929286,1622.79,1412.37,-55.29,,507.7,10.0,37.652314,10295.27,234.27,-53.86,,169.82,10.0,134.183135,9872.39,96.25,-43.32,,0.58,2.0,6325.068192,2016.12,0.27,-54.53,
2024-03-20,2905.25,47292.62,8524.1,21.99,67840.51,10.0,0.547466,15288.46,39914.64,-41.16,,3516.53,5.0,0.929286,1955.37,1412.37,-59.84,,556.8,10.0,37.652314,12144.0,234.27,-57.93,,191.77,10.0,134.183135,12817.71,96.25,-49.81,,0.61,2.0,6325.068192,2181.83,0.27,-56.48,
2024-03-21,2905.25,44413.06,-2879.56,-6.09,65501.27,10.0,0.547466,14007.81,39914.64,-39.06,,3492.85,5.0,0.929286,1933.36,1412.37,-59.56,,553.8,10.0,37.652314,12031.04,234.27,-57.7,,179.46,10.0,134.183135,11165.92,96.25,-46.37,,0.64,2.0,6325.068192,2369.69,0.27,-58.5,
2024-03-22,2905.25,42581.33,-1831.73,-4.12,63796.64,10.0,0.547466,13074.58,39914.64,-37.43,,3336.35,5.0,0.929286,1787.93,1412.37,-57.67,,553.8,10.0,37.652314,12031.04,234.27,-57.7,,175.21,10.0,134.183135,10595.64,96.25,-45.07,,0.61,2.0,6325.068192,2186.89,0.27,-56.54,
2024-03-23,2905.25,42298.7,-282.63,-0.66,63990.01,10.0,0.547466,13180.44,39914.64,-37.62,,3329.53,5.0,0.929286,1781.59,1412.37,-57.58,,551.9,10.0,37.652314,11959.5,234.27,-57.55,,172.65,10.0,134.183135,10252.13,96.25,-44.25,,0.62,2.0,6325.068192,2219.78,0.27,-56.91,
2024-03-24,2905.25,46379.83,4081.13,9.65,67209.99,10.0,0.547466,14943.27,39914.64,-40.61,,3454.98,5.0,0.929286,1898.17,1412.37,-59.12,,567.7,10.0,37.652314,12554.41,234.27,-58.73,,183.88,10.0,134.183135,11759.0,96.25,-47.66,,0.63,2.0,6325.068192,2319.72,0.27,-57.98,
2024-03-25,2905.25,49431.03,3051.21,6.58,69880.01,10.0,0.547466,16405.02,39914.64,-42.88,,3590.42,5.0,0.929286,2024.03,1412.37,-60.66,,587.0,10.0,37.652314,13281.1,234.27,-60.09,,188.99,10.0,134.183135,12444.68,96.25,-49.07,,0.64,2.0,6325.068192,2370.95,0.27,-58.52,
2024-03-26,2905.25,49379.73,-51.3,-0.1,69988.0,10.0,0.547466,16464.14,39914.64,-42.97,,3587.33,5.0,0.929286,2021.16,1412.37,-60.63,,580.4,10.0,37.652314,13032.6,234.27,-59.64,,190.46,10.0,134.183135,12641.93,96.25,-49.47,,0.63,2.0,6325.068192,2314.66,0.27,-57.93,
2024-03-27,2905.25,48106.37,-1273.37,-2.58,69469.99,10.0,0.547466,16180.55,39914.64,-42.54,,3501.19,5.0,0.929286,1941.11,1412.37,-59.66,,574.3,10.0,37.652314,12802.92,234.27,-59.21,,186.33,10.0,134.183135,12087.75,96.25,-48.35,,0.61,2.0,6325.068192,2188.79,0.27,-56.56,
2024-03-28,2905.25,49744.12,1637.76,3.4,70780.6,10.0,0.547466,16898.06,39914.64,-43.61,,3560.49,5.0,0.929286,1996.22,1412.37,-60.33,,583.4,10.0,37.652314,13145.55,234.27,-59.84,,189.63,10.0,134.183135,12530.56,96.25,-49.25,,0.62,2.0,6325.068192,2268.49,0.27,-57.44,
2024-03-29,2905.25,50638.88,894.75,1.8,69850.54,10.0,0.547466,16388.88,39914.64,-42.86,,3509.74,5.0,0.929286,1949.06,1412.37,-59.76,,612.5,10.0,37.652314,14241.23,234.27,-61.75,,192.01,10.0,134.183135,12849.91,96.25,-49.87,,0.63,2.0,6325.068192,2304.54,0.27,-57.82,
2024-03-30,2905.25,50281.42,-357.46,-0.71,69582.18,10.0,0.547466,16241.97,39914.64,-42.64,,3505.64,5.0,0.929286,1945.25,1412.37,-59.71,,600.7,10.0,37.652314,13796.94,234.27,-61.0,,194.2,10.0,134.183135,13143.77,96.25,-50.44,,0.62,2.0,6325.068192,2248.25,0.27,-57.22,
2024-03-31,2905.25,52724.23,2442.8,4.86,71280.01,10.0,0.547466,17171.47,39914.64,-44.0,,3645.29,5.0,0.929286,2075.02,1412.37,-61.25,,606.7,10.0,37.652314,14022.85,234.27,-61.39,,202.45,10.0,134.183135,14250.79,96.25,-52.46,,0.63,2.0,6325.068192,2298.85,0.27,-57.76,
2024-04-01,2905.25,49051.67,-3672.55,-6.97,69649.8,10.0,0.547466,16278.99,39914.64,-42.69,,3503.8,5.0,0.929286,1943.54,1412.37,-59.69,,575.8,10.0,37.652314,12859.39,234.27,-59.31,,192.24,10.0,134.183135,12880.78,96.25,-49.93,,0.61,2.0,6325.068192,2183.73,0.27,-56.51,
2024-04-02,2905.25,44033.41,-5018.27,-10.23,65463.99,10.0,0.547466,13987.4,39914.64,-39.03,,3278.96,5.0,0.929286,1734.6,1412.37,-56.93,,551.4,10.0,37.652314,11940.68,234.27,-57.51,,181.53,10.0,134.183135,11443.67,96.25,-46.98,,0.59,2.0,6325.068192,2021.81,0.27,-54.6,
2024-04-03,2905.25,45118.14,1084.73,2.46,65963.28,10.0,0.547466,14260.74,39914.64,-39.49,,3310.83,5.0,0.929286,1764.21,1412.37,-57.34,,561.5,10.0,37.652314,12320.97,234.27,-58.28,,185.05,10.0,134.183135,11916.0,96.25,-47.99,,0.57,2.0,6325.068192,1950.97,0.27,-53.72,
2024-04-04,2905.25,47400.46,2282.32,5.06,68487.79,10.0,0.547466,15642.82,39914.64,-41.72,,3327.4,5.0,0.929286,1779.61,1412.37,-57.55,,585.5,10.0,37.652314,13224.62,234.27,-59.99,,184.0,10.0,134.183135,11775.11,96.25,-47.69,,0.59,2.0,6325.068192,2073.04,0.27,-55.22,
2024-04-05,2905.25,45403.74,-1996.71,-4.21,67820.62,10.0,0.547466,15277.57,39914.64,-41.15,,3317.85,5.0,0.929286,1770.74,1412.37,-57.43,,577.8,10.0,37.652314,12934.7,234.27,-59.45,,174.37,10.0,134.183135,10482.92,96.25,-44.8,,0.59,2.0,6325.068192,2032.56,0.27,-54.74,
2024-04-06,2905.25,46925.63,1521.89,3.35,68896.0,10.0,0.547466,15866.31,39914.64,-42.07,,3351.59,5.0,0.929286,1802.09,1412.37,-57.86,,585.4,10.0,37.652314,13220.86,234.27,-59.98,,178.68,10.0,134.183135,11061.25,96.25,-46.13,,0.59,2.0,6325.068192,2069.88,0.27,-55.19,
2024-04-07,2905.25,47340.32,414.68,0.88,69360.39,10.0,0.547466,16120.54,39914.64,-42.45,,3454.2,5.0,0.929286,1897.45,1412.37,-59.11,,583.9,10.0,37.652314,13164.38,234.27,-59.88,,179.52,10.0,134.183135,11173.97,96.25,-46.39,,0.59,2.0,6325.068192,2078.73,0.27,-55.29,
2024-04-08,2905.25,49178.97,1838.65,3.88,71620.0,10.0,0.547466,17357.6,39914.64,-44.27,,3694.61,5.0,0.929286,2120.85,1412.37,-61.77,,586.4,10.0,37.652314,13258.51,234.27,-60.05,,180.68,10.0,134.183135,11329.62,96.25,-46.73,,0.61,2.0,6325.068192,2207.13,0.27,-56.77,
2024-04-09,2905.25,46315.33,-2863.64,-5.82,69146.0,10.0,0.547466,16003.17,39914.64,-42.27,,3506.39,5.0,0.929286,1945.94,1412.37,-59.72,,580.5,10.0,37.652314,13036.36,234.27,-59.64,,172.42,10.0,134.183135,10221.27,96.25,-44.18,,0.61,2.0,6325.068192,2203.34,0.27,-56.73,
2024-04-10,2905.25,48403.31,2087.98,4.51,70631.08,10.0,0.547466,16816.2,39914.64,-43.49,,3545.64,5.0,0.929286,1982.42,1412.37,-60.17,,609.7,10.0,37.652314,14135.81,234.27,-61.58,,173.31,10.0,134.183135,10340.69,96.25,-44.47,,0.62,2.0,6325.068192,2222.95,0.27,-56.94,
2024-04-11,2905.25,47648.6,-754.71,-1.56,70006.23,10.0,0.547466,16474.12,39914.64,-42.98,,3502.52,5.0,0.929286,1942.35,1412.37,-59.68,,604.6,10.0,37.652314,13943.78,234.27,-61.25,,172.37,10.0,134.183135,10214.56,96.25,-44.16,,0.61,2.0,6325.068192,2168.55,0.27,-56.33,
2024-04-12,12319.81,42512.82,-5135.78,-10.78,67116.52,10.0,0.547466,14892.1,39914.64,-40.53,,3237.43,5.0,0.929286,1696.0,1412.37,-56.37,,595.6,10.0,37.652314,13604.91,234.27,-60.67,,153.16,,,,,,"EXIT @ 153.16 (small red CHoCH, realized +6201.94)",0.55,,,,,,"EXIT @ 0.55 (small red CHoCH, realized +96.77)"
2024-04-13,26946.27,38950.96,-3561.87,-8.38,63924.51,,,,,,"EXIT @ 63924.51 (small red CHoCH, realized +10716.60)",3007.01,,,,,,"EXIT @ 3007.01 (small red CHoCH, realized +1153.75)",553.1,10.0,37.652314,12004.69,234.27,-57.64,,138.47,,,,,,,0.48,,,,,,
2024-04-14,26946.27,39451.73,500.78,1.29,65661.84,,,,,,,3155.11,,,,,,,566.4,10.0,37.652314,12505.46,234.27,-58.64,,151.25,,,,,,,0.5,,,,,,
2024-04-15,26946.27,38935.9,-515.84,-1.31,63419.99,,,,,,,3101.99,,,,,,,552.7,10.0,37.652314,11989.63,234.27,-57.61,,138.51,,,,,,,0.5,,,,,,
2024-04-16,38367.35,38367.35,-568.55,-1.46,63793.39,,,,,,,3084.22,,,,,,,537.6,,,,,,"EXIT @ 537.60 (small red CHoCH, realized +10440.99)",136.22,,,,,,,0.5,,,,,,
2024-04-17,38367.35,38367.35,0.0,0.0,61277.37,,,,,,,2985.41,,,,,,,534.1,,,,,,,131.84,,,,,,,0.5,,,,,,
2024-04-18,38367.35,38367.35,0.0,0.0,63470.08,,,,,,,3064.4,,,,,,,552.1,,,,,,,142.07,,,,,,,0.5,,,,,,
2024-04-19,38367.35,38367.35,0.0,0.0,63818.01,,,,,,,3056.46,,,,,,,554.0,,,,,,,142.5,,,,,,,0.5,,,,,,
2024-04-20,38367.35,38367.35,0.0,0.0,64940.59,,,,,,,3155.79,,,,,,,570.9,,,,,,,151.22,,,,,,,0.53,,,,,,
2024-04-21,38367.35,38367.35,0.0,0.0,64941.15,,,,,,,3147.67,,,,,,,579.6,,,,,,,148.8,,,,,,,0.52,,,,,,
2024-04-22,34530.61,38367.35,0.0,0.0,66819.32,,,,,,,3200.2,,,,,,,604.5,,,,,,,156.95,2.0,48.891173,3836.73,78.47,-50.0,"ENTRY @ 156.95 (small green CHoCH, margin $3836.73 [10% of portfolio total $38367.35] @ 2x [ADX 32.5, zone red], 48.891173 units)",0.56,,,,,,
2024-04-23,34530.61,38259.79,-107.56,-0.28,66414.0,,,,,,,3219.46,,,,,,,606.2,,,,,,,154.75,2.0,48.891173,3729.17,78.47,-49.29,,0.54,,,,,,
2024-04-24,34530.61,37919.02,-340.77,-0.89,64289.59,,,,,,,3140.8,,,,,,,608.8,,,,,,,147.78,2.0,48.891173,3388.4,78.47,-46.9,,0.53,,,,,,
2024-04-25,34530.61,37775.28,-143.74,-0.38,64498.34,,,,,,,3155.8,,,,,,,613.2,,,,,,,144.84,2.0,48.891173,3244.66,78.47,-45.82,,0.53,,,,,,
2024-04-26,34530.61,37501.0,-274.28,-0.73,63770.01,,,,,,,3131.3,,,,,,,598.0,,,,,,,139.23,2.0,48.891173,2970.38,78.47,-43.64,,0.53,,,,,,
2024-04-27,34530.61,37602.69,101.69,0.27,63461.98,,,,,,,3255.56,,,,,,,596.2,,,,,,,141.31,2.0,48.891173,3072.08,78.47,-44.47,,0.52,,,,,,
2024-04-28,34530.61,37440.37,-162.32,-0.43,63118.62,,,,,,,3263.45,,,,,,,600.2,,,,,,,137.99,2.0,48.891173,2909.76,78.47,-43.13,,0.51,,,,,,
2024-04-29,34530.61,37429.62,-10.76,-0.03,63866.0,,,,,,,3216.73,,,,,,,592.8,,,,,,,137.77,2.0,48.891173,2899.0,78.47,-43.04,,0.52,,,,,,
2024-04-30,34530.61,36891.81,-537.8,-1.44,60672.0,,,,,,,3014.05,,,,,,,578.4,,,,,,,126.77,2.0,48.891173,2361.2,78.47,-38.1,,0.5,,,,,,
2024-05-01,34530.61,37276.59,384.77,1.04,58364.97,,,,,,,2972.46,,,,,,,561.8,,,,,,,134.64,2.0,48.891173,2745.97,78.47,-41.71,,0.52,,,,,,
2024-05-02,34530.61,37420.33,143.74,0.39,59060.61,,,,,,,2986.19,,,,,,,560.5,,,,,,,137.58,2.0,48.891173,2889.71,78.47,-42.96,,0.52,,,,,,
2024-05-03,34530.61,37719.05,298.73,0.8,62882.01,,,,,,,3102.61,,,,,,,587.0,,,,,,,143.69,2.0,48.891173,3188.44,78.47,-45.39,,0.53,,,,,,
2024-05-04,34530.61,37834.43,115.38,0.31,63892.04,,,,,,,3117.23,,,,,,,585.7,,,,,,,146.05,2.0,48.891173,3303.82,78.47,-46.27,,0.53,,,,,,
2024-05-05,34530.61,37818.79,-15.65,-0.04,64012.0,,,,,,,3136.41,,,,,,,592.0,,,,,,,145.73,2.0,48.891173,3288.18,78.47,-46.15,,0.53,,,,,,
2024-05-06,34530.61,38165.43,346.64,0.92,63165.19,,,,,,,3062.6,,,,,,,588.2,,,,,,,152.82,2.0,48.891173,3634.81,78.47,-48.65,,0.54,,,,,,
2024-05-07,34530.61,37931.24,-234.19,-0.61,62312.08,,,,,,,3005.69,,,,,,,576.5,,,,,,,148.03,2.0,48.891173,3400.63,78.47,-46.99,,0.52,,,,,,
2024-05-08,34530.61,37645.23,-286.01,-0.75,61193.03,,,,,,,2974.21,,,,,,,588.6,,,,,,,142.18,2.0,48.891173,3114.61,78.47,-44.81,,0.52,,,,,,
2024-05-09,34530.61,38153.2,507.98,1.35,63074.01,,,,,,,3036.23,,,,,,,596.8,,,,,,,152.57,2.0,48.891173,3622.59,78.47,-48.56,,0.52,,,,,,
2024-05-10,34530.61,37832.48,-320.73,-0.84,60799.99,,,,,,,2909.99,,,,,,,585.6,,,,,,,146.01,2.0,48.891173,3301.87,78.47,-46.25,,0.5,,,,,,
2024-05-11,34530.61,37803.63,-28.85,-0.08,60825.99,,,,,,,2912.45,,,,,,,592.2,,,,,,,145.42,2.0,48.891173,3273.02,78.47,-46.04,,0.51,,,,,,
2024-05-12,34530.61,37706.34,-97.29,-0.26,61483.99,,,,,,,2929.29,,,,,,,594.8,,,,,,,143.43,2.0,48.891173,3175.73,78.47,-45.29,,0.5,,,,,,
2024-05-13,34530.61,37907.28,200.94,0.53,62940.08,,,,,,,2950.99,,,,,,,591.7,,,,,,,147.54,2.0,48.891173,3376.67,78.47,-46.81,,0.51,,,,,,
2024-05-14,34530.61,37637.89,-269.39,-0.71,61577.49,,,,,,,2881.93,,,,,,,567.1,,,,,,,142.03,2.0,48.891173,3107.28,78.47,-44.75,,0.5,,,,,,
2024-05-15,26841.79,38444.11,806.22,2.14,66206.5,2.0,0.232268,7688.82,33103.25,-50.0,"ENTRY @ 66206.50 (small green CHoCH, margin $7688.82 [20% of portfolio total $38444.11] @ 2x [ADX 19.1, zone red], 0.232268 units)",3032.55,,,,,,,581.0,,,,,,,158.52,2.0,48.891173,3913.49,78.47,-50.5,,0.52,,,,,,
2024-05-16,26841.79,38260.07,-184.04,-0.48,65235.21,2.0,0.232268,7463.22,33103.25,-49.26,,2944.7,,,,,,,569.2,,,,,,,159.37,2.0,48.891173,3955.05,78.47,-50.76,,0.52,,,,,,
2024-05-17,26841.79,39167.88,907.81,2.37,67024.0,2.0,0.232268,7878.7,33103.25,-50.61,,3092.01,,,,,,,580.9,,,,,,,169.44,2.0,48.891173,4447.39,78.47,-53.69,,0.52,,,,,,
2024-05-18,26841.79,39287.32,119.45,0.3,66915.2,2.0,0.232268,7853.43,33103.25,-50.53,,3122.94,,,,,,,580.3,,,,,,,172.4,2.0,48.891173,4592.1,78.47,-54.48,,0.52,,,,,,
2024-05-19,26841.79,39017.64,-269.69,-0.69,66274.01,2.0,0.232268,7704.5,33103.25,-50.05,,3071.19,,,,,,,574.5,,,,,,,169.93,2.0,48.891173,4471.34,78.47,-53.82,,0.51,,,,,,
2024-05-20,22737.89,41038.97,2021.34,5.18,71446.62,2.0,0.232268,8905.93,33103.25,-53.67,,3661.78,10.0,11.207383,4103.9,3295.6,-10.0,"ENTRY @ 3661.78 (small green CHoCH, margin $4103.90 [10% of portfolio total $41038.97] @ 10x [ADX 19.3, zone green], 11.207383 units)",599.6,,,,,,,186.7,2.0,48.891173,5291.25,78.47,-57.97,,0.54,,,,,,
2024-05-21,18562.7,41751.93,712.96,1.74,70148.34,2.0,0.232268,8604.38,33103.25,-52.81,,3789.6,10.0,11.207383,5536.42,3295.6,-13.04,,618.5,10.0,67.505144,4175.19,556.65,-10.0,"ENTRY @ 618.50 (small green CHoCH, margin $4175.19 [10% of portfolio total $41751.93] @ 10x [ADX 12.6, zone green], 67.505144 units)",178.15,2.0,48.891173,4873.23,78.47,-55.95,,0.54,,,,,,
2024-05-22,18562.7,40634.14,-1117.79,-2.68,69166.62,2.0,0.232268,8376.36,33103.25,-52.14,,3737.73,10.0,11.207383,4955.1,3295.6,-11.83,,614.8,10.0,67.505144,3925.42,556.65,-9.46,,176.95,2.0,48.891173,4814.56,78.47,-55.65,,0.53,,,,,,
2024-05-23,18562.7,39785.37,-848.78,-2.09,67969.65,2.0,0.232268,8098.34,33103.25,-51.3,,3783.61,10.0,11.207383,5469.29,3295.6,-12.9,,599.3,10.0,67.505144,2879.09,556.65,-7.12,,176.16,2.0,48.891173,4775.93,78.47,-55.45,,0.53,,,,,,
2024-05-24,18562.7,38953.94,-831.42,-2.09,68549.99,2.0,0.232268,8233.14,33103.25,-51.71,,3728.28,10.0,11.207383,4849.19,3295.6,-11.61,,600.3,10.0,67.505144,2946.6,556.65,-7.27,,167.7,2.0,48.891173,4362.31,78.47,-53.21,,0.54,,,,,,
2024-05-25,18562.7,39534.63,580.68,1.49,69290.57,2.0,0.232268,8405.15,33103.25,-52.23,,3749.26,10.0,11.207383,5084.32,3295.6,-12.1,,602.4,10.0,67.505144,3088.36,556.65,-7.59,,168.35,2.0,48.891173,4394.09,78.47,-53.39,,0.54,,,,,,
2024-05-26,18562.7,39828.07,293.45,0.74,68507.67,2.0,0.232268,8223.31,33103.25,-51.68,,3826.47,10.0,11.207383,5949.64,3295.6,-13.87,,600.2,10.0,67.505144,2939.85,556.65,-7.26,,163.41,2.0,48.891173,4152.57,78.47,-51.98,,0.53,,,,,,
2024-05-27,18562.7,41382.39,1554.32,3.9,69436.43,2.0,0.232268,8439.03,33103.25,-52.33,,3894.22,10.0,11.207383,6708.94,3295.6,-15.37,,603.9,10.0,67.505144,3189.62,556.65,-7.82,,170.15,2.0,48.891173,4482.1,78.47,-53.88,,0.53,,,,,,
2024-05-28,18562.7,40365.8,-1016.59,-2.46,68398.39,2.0,0.232268,8197.93,33103.25,-51.6,,3844.69,10.0,11.207383,6153.84,3295.6,-14.28,,601.7,10.0,67.505144,3041.11,556.65,-7.49,,168.68,2.0,48.891173,4410.23,78.47,-53.48,,0.53,,,,,,
2024-05-29,18562.7,38904.02,-1461.78,-3.62,67652.42,2.0,0.232268,8024.66,33103.25,-51.07,,3767.43,10.0,11.207383,5287.96,3295.6,-12.52,,595.7,10.0,67.505144,2636.08,556.65,-6.56,,168.32,2.0,48.891173,4392.63,78.47,-53.38,,0.52,,,,,,
2024-05-30,18562.7,38736.88,-167.15,-0.43,68352.17,2.0,0.232268,8187.19,33103.25,-51.57,,3747.91,10.0,11.207383,5069.19,3295.6,-12.07,,595.1,10.0,67.505144,2595.57,556.65,-6.46,,166.88,2.0,48.891173,4322.22,78.47,-52.98,,0.52,,,,,,
2024-05-31,18562.7,38554.76,-182.12,-0.47,67540.01,2.0,0.232268,7998.55,33103.25,-50.99,,3762.29,10.0,11.207383,5230.35,3295.6,-12.4,,593.7,10.0,67.505144,2501.07,556.65,-6.24,,165.65,2.0,48.891173,4262.09,78.47,-52.63,,0.52,,,,,,
2024-06-01,18562.7,39784.88,1230.12,3.19,67766.85,2.0,0.232268,8051.24,33103.25,-51.15,,3815.82,10.0,11.207383,5830.28,3295.6,-13.63,,601.9,10.0,67.505144,3054.61,556.65,-7.52,,166.14,2.0,48.891173,4286.04,78.47,-52.77,,0.52,,,,,,
2024-06-02,18562.7,39314.66,-470.21,-1.18,67765.63,2.0,0.232268,8050.96,33103.25,-51.15,,3780.91,10.0,11.207383,5439.03,3295.6,-12.84,,602.9,10.0,67.505144,3122.11,556.65,-7.67,,163.15,2.0,48.891173,4139.86,78.47,-51.9,,0.51,,,,,,
2024-06-03,18562.7,41073.43,1758.77,4.47,68809.9,2.0,0.232268,8293.51,33103.25,-51.89,,3767.06,10.0,11.207383,5283.81,3295.6,-12.52,,626.4,10.0,67.505144,4708.48,556.65,-11.14,,164.89,2.0,48.891173,4224.93,78.47,-52.41,,0.52,,,,,,
2024-06-04,18562.7,46298.52,5225.08,12.72,70537.84,2.0,0.232268,8694.85,33103.25,-53.07,,3810.23,10.0,11.207383,5767.63,3295.6,-13.51,,685.7,10.0,67.505144,8711.54,556.65,-18.82,,171.78,2.0,48.891173,4561.79,78.47,-54.32,,0.53,,,,,,
2024-06-05,18562.7,48026.24,1727.72,3.73,71108.0,2.0,0.232268,8827.28,33103.25,-53.45,,3865.99,10.0,11.207383,6392.56,3295.6,-14.75,,698.8,10.0,67.505144,9595.86,556.65,-20.34,,173.54,2.0,48.891173,4647.84,78.47,-54.78,,0.53,,,,,,
2024-06-06,18562.7,48037.08,10.84,0.02,70799.06,2.0,0.232268,8755.53,33103.25,-53.24,,3813.46,10.0,11.207383,5803.83,3295.6,-13.58,,711.2,10.0,67.505144,10432.92,556.65,-21.73,,170.15,2.0,48.891173,4482.1,78.47,-53.88,,0.52,,,,,,
2024-06-07,22851.97,43977.09,-4059.99,-8.45,69355.6,2.0,0.232268,8420.26,33103.25,-52.27,,3678.32,,,,,,"EXIT @ 3678.32 (small red CHoCH, realized +185.37)",684.0,10.0,67.505144,8596.78,556.65,-18.62,,162.5,2.0,48.891173,4108.08,78.47,-51.71,,0.5,,,,,,
2024-06-08,26731.73,43650.52,-326.56,-0.74,69310.46,2.0,0.232268,8409.77,33103.25,-52.24,,3681.57,,,,,,,682.7,10.0,67.505144,8509.02,556.65,-18.46,,157.83,,,,,,"EXIT @ 157.83 (small red CHoCH, realized +43.02)",0.49,,,,,,
2024-06-09,26731.73,43074.16,-576.37,-1.32,69648.14,2.0,0.232268,8488.2,33103.25,-52.47,,3706.4,,,,,,,673.0,10.0,67.505144,7854.22,556.65,-17.29,,162.12,,,,,,,0.5,,,,,,
2024-06-10,26731.73,39815.54,-3258.61,-7.57,69540.0,2.0,0.232268,8463.09,33103.25,-52.4,,3667.85,,,,,,,625.1,10.0,67.505144,4620.73,556.65,-10.95,,159.05,,,,,,,0.5,,,,,,
2024-06-11,26731.73,37772.95,-2042.59,-5.13,67314.24,2.0,0.232268,7946.11,33103.25,-50.82,,3497.33,,,,,,,602.5,10.0,67.505144,3095.11,556.65,-7.61,,149.31,,,,,,,0.48,,,,,,
2024-06-12,26731.73,39134.39,1361.43,3.6,68263.99,2.0,0.232268,8166.71,33103.25,-51.51,,3560.12,,,,,,,619.4,10.0,67.505144,4235.95,556.65,-10.13,,155.22,,,,,,,0.49,,,,,,
2024-06-13,26731.73,37464.98,-1669.41,-4.27,66773.01,2.0,0.232268,7820.4,33103.25,-50.42,,3469.4,,,,,,,599.8,10.0,67.505144,2912.85,556.65,-7.19,,147.29,,,,,,,0.48,,,,,,
2024-06-14,34382.8,37531.92,66.94,0.18,66043.99,,,,,,"EXIT @ 66043.99 (small red CHoCH, realized -37.75)",3481.8,,,,,,,603.3,10.0,67.505144,3149.11,556.65,-7.73,,143.05,,,,,,,0.47,,,,,,
2024-06-15,34382.8,37862.69,330.78,0.88,66228.25,,,,,,,3568.74,,,,,,,608.2,10.0,67.505144,3479.89,556.65,-8.48,,145.52,,,,,,,0.49,,,,,,
2024-06-16,34382.8,38038.21,175.51,0.46,66676.87,,,,,,,3624.41,,,,,,,610.8,10.0,67.505144,3655.4,556.65,-8.87,,151.3,,,,,,,0.49,,,,,,
2024-06-17,34382.8,37599.42,-438.78,-1.15,66504.33,,,,,,,3511.46,,,,,,,604.3,10.0,67.505144,3216.62,556.65,-7.89,,143.27,,,,,,,0.5,,,,,,
2024-06-18,34382.8,36539.59,-1059.83,-2.82,65175.32,,,,,,,3483.42,,,,,,,588.6,10.0,67.505144,2156.79,556.65,-5.43,,137.41,,,,,,,0.49,,,,,,
2024-06-19,34382.8,37261.9,722.31,1.98,64974.37,,,,,,,3560.51,,,,,,,599.3,10.0,67.505144,2879.09,556.65,-7.12,,135.62,,,,,,,0.49,,,,,,
2024-06-20,34382.8,36478.84,-783.06,-2.1,64869.99,,,,,,,3513.08,,,,,,,587.7,10.0,67.505144,2096.03,556.65,-5.28,,133.55,,,,,,,0.49,,,,,,
2024-06-21,36370.83,36370.83,-108.01,-0.3,64143.56,,,,,,,3518.5,,,,,,,586.1,,,,,,"EXIT @ 586.10 (small red CHoCH, realized -2187.17)",134.6,,,,,,,0.49,,,,,,
2024-06-22,36370.83,36370.83,0.0,0.0,64262.01,,,,,,,3495.75,,,,,,,591.1,,,,,,,133.69,,,,,,,0.49,,,,,,
2024-06-23,36370.83,36370.83,0.0,0.0,63210.01,,,,,,,3420.91,,,,,,,577.5,,,,,,,128.69,,,,,,,0.48,,,,,,
2024-06-24,36370.83,36370.83,0.0,0.0,60293.3,,,,,,,3352.73,,,,,,,568.1,,,,,,,132.33,,,,,,,0.47,,,,,,
2024-06-25,36370.83,36370.83,0.0,0.0,61806.01,,,,,,,3394.91,,,,,,,578.2,,,,,,,136.58,,,,,,,0.48,,,,,,
2024-06-26,36370.83,36370.83,0.0,0.0,60864.99,,,,,,,3371.44,,,,,,,573.0,,,,,,,136.81,,,,,,,0.47,,,,,,
2024-06-27,36370.83,36370.83,0.0,0.0,61706.47,,,,,,,3450.44,,,,,,,581.7,,,,,,,149.71,,,,,,,0.48,,,,,,
2024-06-28,36370.83,36370.83,0.0,0.0,60427.84,,,,,,,3380.15,,,,,,,567.4,,,,,,,140.03,,,,,,,0.47,,,,,,
2024-06-29,36370.83,36370.83,0.0,0.0,60986.68,,,,,,,3378.8,,,,,,,570.0,,,,,,,140.28,,,,,,,0.47,,,,,,
2024-06-30,36370.83,36370.83,0.0,0.0,62772.01,,,,,,,3438.16,,,,,,,582.2,,,,,,,146.61,,,,,,,0.48,,,,,,
2024-07-01,36370.83,36370.83,0.0,0.0,62899.99,,,,,,,3442.2,,,,,,,576.9,,,,,,,146.67,,,,,,,0.48,,,,,,
2024-07-02,36370.83,36370.83,0.0,0.0,62135.47,,,,,,,3421.35,,,,,,,580.1,,,,,,,154.03,,,,,,,0.49,,,,,,
2024-07-03,36370.83,36370.83,0.0,0.0,60208.58,,,,,,,3295.48,,,,,,,556.7,,,,,,,140.84,,,,,,,0.47,,,,,,
2024-07-04,36370.83,36370.83,0.0,0.0,57050.01,,,,,,,3059.7,,,,,,,513.6,,,,,,,127.86,,,,,,,0.43,,,,,,
2024-07-05,36370.83,36370.83,0.0,0.0,56628.79,,,,,,,2981.78,,,,,,,497.7,,,,,,,134.32,,,,,,,0.43,,,,,,
2024-07-06,36370.83,36370.83,0.0,0.0,58230.13,,,,,,,3066.83,,,,,,,526.0,,,,,,,143.05,,,,,,,0.45,,,,,,
2024-07-07,36370.83,36370.83,0.0,0.0,55857.81,,,,,,,2931.0,,,,,,,490.7,,,,,,,131.64,,,,,,,0.42,,,,,,
2024-07-08,36370.83,36370.83,0.0,0.0,56714.62,,,,,,,3019.01,,,,,,,510.6,,,,,,,139.81,,,,,,,0.43,,,,,,
2024-07-09,36370.83,36370.83,0.0,0.0,58050.0,,,,,,,3066.65,,,,,,,516.9,,,,,,,141.42,,,,,,,0.44,,,,,,
2024-07-10,36370.83,36370.83,0.0,0.0,57725.85,,,,,,,3101.05,,,,,,,524.7,,,,,,,141.98,,,,,,,0.44,,,,,,
2024-07-11,36370.83,36370.83,0.0,0.0,57339.89,,,,,,,3099.57,,,,,,,524.8,,,,,,,135.73,,,,,,,0.45,,,,,,
2024-07-12,36370.83,36370.83,0.0,0.0,57889.1,,,,,,,3133.88,,,,,,,533.8,,,,,,,139.46,,,,,,,0.47,,,,,,
2024-07-13,32733.75,36370.83,0.0,0.0,59204.02,,,,,,,3175.93,,,,,,,532.4,,,,,,,141.9,,,,,,,0.53,2.0,13837.104779,3637.08,0.26,-50.0,"ENTRY @ 0.53 (small green CHoCH, margin $3637.08 [10% of portfolio total $36370.83] @ 2x [ADX 37.2, zone red], 13837.104779 units)"
2024-07-14,32733.75,36298.88,-71.95,-0.2,60797.91,,,,,,,3245.08,,,,,,,544.8,,,,,,,147.66,,,,,,,0.52,2.0,13837.104779,3565.13,0.26,-49.5,
2024-07-15,29080.75,36529.96,231.08,0.64,64724.14,,,,,,,3483.39,,,,,,,585.3,,,,,,,159.38,10.0,229.20038,3653.0,143.44,-10.0,"ENTRY @ 159.38 (small green CHoCH, margin $3653.00 [10% of portfolio total $36529.96] @ 10x [ADX 18.4, zone green], 229.200380 units)",0.54,2.0,13837.104779,3796.21,0.26,-51.07,
2024-07-16,29080.75,37396.71,866.75,2.37,65043.99,,,,,,,3444.13,,,,,,,576.2,,,,,,,160.62,10.0,229.20038,3937.2,143.44,-10.69,,0.58,2.0,13837.104779,4378.75,0.26,-54.63,
2024-07-17,29080.75,36869.39,-527.31,-1.41,64087.99,,,,,,,3387.05,,,,,,,568.9,,,,,,,155.5,10.0,229.20038,2763.7,143.44,-7.75,,0.63,2.0,13837.104779,5024.94,0.26,-58.01,
2024-07-18,29080.75,36942.99,73.6,0.2,63987.92,,,,,,,3426.5,,,,,,,571.9,,,,,,,159.22,10.0,229.20038,3616.32,143.44,-9.91,,0.57,2.0,13837.104779,4245.92,0.26,-53.86,
2024-07-19,25154.33,39264.18,2321.19,6.28,66660.0,,,,,,,3503.53,,,,,,,593.4,2.0,13.23363,3926.42,296.7,-50.0,"ENTRY @ 593.40 (small green CHoCH, margin $3926.42 [10% of portfolio total $39264.18] @ 2x [ADX 27.6, zone red], 13.233630 units)",169.13,10.0,229.20038,5887.7,143.44,-15.19,,0.57,2.0,13837.104779,4295.73,0.26,-54.15,
2024-07-20,25154.33,40567.01,1302.83,3.32,67139.96,,,,,,,3517.5,,,,,,,593.1,2.0,13.23363,3922.45,296.7,-49.97,,173.6,10.0,229.20038,6912.23,143.44,-17.37,,0.59,2.0,13837.104779,4578.01,0.26,-55.73,
2024-07-21,20829.09,43252.44,2685.42,6.62,68165.34,,,,,,,3535.92,5.0,6.11615,4325.24,2828.74,-20.0,"ENTRY @ 3535.92 (small green CHoCH, margin $4325.24 [10% of portfolio total $43252.44] @ 5x [ADX 24.1, zone green], 6.116150 units)",602.5,2.0,13.23363,4046.84,296.7,-50.76,,184.49,10.0,229.20038,9408.22,143.44,-22.25,,0.6,2.0,13837.104779,4643.04,0.26,-56.07,
2024-07-22,20829.09,41312.46,-1939.98,-4.49,67532.01,,,,,,,3439.6,5.0,6.11615,3736.14,2828.74,-17.76,,587.2,2.0,13.23363,3844.37,296.7,-49.47,,178.9,10.0,229.20038,8126.99,143.44,-19.82,,0.61,2.0,13837.104779,4775.88,0.26,-56.77,
2024-07-23,20829.09,40014.07,-1298.39,-3.14,65936.01,,,,,,,3482.51,5.0,6.11615,3998.58,2828.74,-18.77,,581.9,2.0,13.23363,3774.23,296.7,-49.01,,173.03,10.0,229.20038,6781.58,143.44,-17.1,,0.6,2.0,13837.104779,4630.59,0.26,-56.01,
2024-07-24,20829.09,40459.35,445.28,1.11,65376.0,,,,,,,3335.81,5.0,6.11615,3101.34,2828.74,-15.2,,574.9,2.0,13.23363,3681.6,296.7,-48.39,,178.06,10.0,229.20038,7934.46,143.44,-19.44,,0.62,2.0,13837.104779,4912.86,0.26,-57.46,
2024-07-25,20829.09,37745.29,-2714.06,-6.71,65799.95,,,,,,,3175.48,5.0,6.11615,2120.74,2828.74,-10.92,,570.6,2.0,13.23363,3624.69,296.7,-48.0,,171.85,10.0,229.20038,6511.12,143.44,-16.53,,0.6,2.0,13837.104779,4659.65,0.26,-56.16,
2024-07-26,20829.09,41109.81,3364.52,8.91,67907.99,,,,,,,3274.61,5.0,6.11615,2727.03,2828.74,-13.62,,580.9,2.0,13.23363,3761.0,296.7,-48.92,,183.06,10.0,229.20038,9080.46,143.44,-21.64,,0.6,2.0,13837.104779,4712.23,0.26,-56.44,
2024-07-27,20829.09,41051.68,-58.13,-0.14,67896.5,,,,,,,3249.01,5.0,6.11615,2570.46,2828.74,-12.94,,581.6,2.0,13.23363,3770.26,296.7,-48.99,,183.92,10.0,229.20038,9277.57,143.44,-22.01,,0.6,2.0,13837.104779,4604.3,0.26,-55.87,
2024-07-28,20829.09,41513.58,461.9,1.13,68249.88,,,,,,,3270.16,5.0,6.11615,2699.82,2828.74,-13.5,,583.9,2.0,13.23363,3800.7,296.7,-49.19,,184.9,10.0,229.20038,9502.19,143.44,-22.42,,0.6,2.0,13837.104779,4681.78,0.26,-56.28,
2024-07-29,20829.09,41152.7,-360.88,-0.87,66784.69,,,,,,,3317.66,5.0,6.11615,2990.33,2828.74,-14.74,,574.3,2.0,13.23363,3673.66,296.7,-48.34,,182.57,10.0,229.20038,8968.15,143.44,-21.43,,0.6,2.0,13837.104779,4691.47,0.26,-56.33,
2024-07-30,20829.09,40676.91,-475.79,-1.16,66188.0,,,,,,,3279.21,5.0,6.11615,2755.17,2828.74,-13.74,,588.2,2.0,13.23363,3857.6,296.7,-49.56,,179.16,10.0,229.20038,8186.58,143.44,-19.94,,0.63,2.0,13837.104779,5048.47,0.26,-58.12,
2024-07-31,20829.09,38465.28,-2211.63,-5.44,64628.0,,,,,,,3232.74,5.0,6.11615,2470.95,2828.74,-12.5,,576.5,2.0,13.23363,3702.77,296.7,-48.53,,171.71,10.0,229.20038,6479.04,143.44,-16.46,,0.62,2.0,13837.104779,4983.43,0.26,-57.81,
2024-08-01,20829.09,36904.51,-1560.77,-4.06,65354.02,,,,,,,3203.4,5.0,6.11615,2291.5,2828.74,-11.7,,575.1,2.0,13.23363,3684.24,296.7,-48.41,,167.37,10.0,229.20038,5484.31,143.44,-14.3,,0.6,2.0,13837.104779,4615.37,0.26,-55.93,
2024-08-02,27209.12,31330.5,-5574.0,-15.1,61498.33,,,,,,,2989.61,,,,,,"EXIT @ 2989.61 (small red CHoCH, realized -3341.31)",542.9,,,,,,"EXIT @ 542.90 (small red CHoCH, realized -668.30)",152.77,,,,,,"EXIT @ 152.77 (small red CHoCH, realized -1515.01)",0.56,2.0,13837.104779,4121.38,0.26,-53.12,
2024-08-03,27209.12,31262.7,-67.8,-0.22,60697.99,,,,,,,2903.64,,,,,,,529.6,,,,,,,142.52,,,,,,,0.56,2.0,13837.104779,4053.58,0.26,-52.71,
2024-08-04,30806.08,30806.08,-456.62,-1.46,58161.0,,,,,,,2688.92,,,,,,,496.9,,,,,,,138.33,,,,,,,0.52,,,,,,"EXIT @ 0.52 (small red CHoCH, realized -40.13)"
2024-08-05,30806.08,30806.08,0.0,0.0,54018.81,,,,,,,2419.59,,,,,,,464.2,,,,,,,129.78,,,,,,,0.49,,,,,,
2024-08-06,30806.08,30806.08,0.0,0.0,56022.01,,,,,,,2461.33,,,,,,,484.8,,,,,,,144.4,,,,,,,0.51,,,,,,
2024-08-07,30806.08,30806.08,0.0,0.0,55134.16,,,,,,,2342.8,,,,,,,475.0,,,,,,,144.77,,,,,,,0.6,,,,,,
2024-08-08,30806.08,30806.08,0.0,0.0,61685.99,,,,,,,2682.5,,,,,,,517.1,,,,,,,163.13,,,,,,,0.62,,,,,,
2024-08-09,30806.08,30806.08,0.0,0.0,60837.99,,,,,,,2598.78,,,,,,,508.7,,,,,,,156.28,,,,,,,0.58,,,,,,
2024-08-10,30806.08,30806.08,0.0,0.0,60923.51,,,,,,,2609.92,,,,,,,523.1,,,,,,,154.01,,,,,,,0.58,,,,,,
2024-08-11,30806.08,30806.08,0.0,0.0,58712.59,,,,,,,2555.38,,,,,,,503.4,,,,,,,141.57,,,,,,,0.55,,,,,,
2024-08-12,30806.08,30806.08,0.0,0.0,59346.64,,,,,,,2722.3,,,,,,,518.2,,,,,,,146.29,,,,,,,0.57,,,,,,
2024-08-13,30806.08,30806.08,0.0,0.0,60587.15,,,,,,,2702.44,,,,,,,524.2,,,,,,,146.65,,,,,,,0.58,,,,,,
2024-08-14,30806.08,30806.08,0.0,0.0,58683.39,,,,,,,2661.45,,,,,,,523.4,,,,,,,143.71,,,,,,,0.57,,,,,,
2024-08-15,30806.08,30806.08,0.0,0.0,57541.06,,,,,,,2569.89,,,,,,,519.2,,,,,,,142.58,,,,,,,0.56,,,,,,
2024-08-16,30806.08,30806.08,0.0,0.0,58874.6,,,,,,,2592.73,,,,,,,519.7,,,,,,,139.04,,,,,,,0.56,,,,,,
2024-08-17,27725.47,30806.08,0.0,0.0,59491.99,,,,,,,2614.51,,,,,,,541.6,2.0,11.375951,3080.61,270.8,-50.0,"ENTRY @ 541.60 (small green CHoCH, margin $3080.61 [10% of portfolio total $30806.08] @ 2x [ADX 27.7, zone red], 11.375951 units)",141.93,,,,,,,0.57,,,,,,
2024-08-18,27725.47,30687.77,-118.31,-0.38,58427.35,,,,,,,2612.15,,,,,,,531.2,2.0,11.375951,2962.3,270.8,-49.02,,142.42,,,,,,,0.56,,,,,,
2024-08-19,27725.47,30997.19,309.43,1.01,59438.5,,,,,,,2636.36,,,,,,,558.4,2.0,11.375951,3271.72,270.8,-51.5,,144.29,,,,,,,0.6,,,,,,
2024-08-20,27725.47,31122.33,125.14,0.4,59013.8,,,,,,,2572.82,,,,,,,569.4,2.0,11.375951,3396.86,270.8,-52.44,,142.27,,,,,,,0.59,,,,,,
2024-08-21,27725.47,31130.29,7.96,0.03,61156.03,,,,,,,2630.71,,,,,,,570.1,2.0,11.375951,3404.82,270.8,-52.5,,142.79,,,,,,,0.6,,,,,,
2024-08-22,27725.47,31275.9,145.61,0.47,60375.84,,,,,,,2622.88,,,,,,,582.9,2.0,11.375951,3550.43,270.8,-53.54,,143.22,,,,,,,0.6,,,,,,
2024-08-23,21450.27,31376.01,100.11,0.32,64037.24,2.0,0.195986,6275.2,32018.62,-50.0,"ENTRY @ 64037.24 (small green CHoCH, margin $6275.20 [20% of portfolio total $31376.01] @ 2x [ADX 22.8, zone red], 0.195986 units)",2762.48,,,,,,,591.7,2.0,11.375951,3650.54,270.8,-54.23,,153.26,,,,,,,0.61,,,,,,
2024-08-24,21450.27,31272.07,-103.94,-0.33,64157.01,2.0,0.195986,6298.68,32018.62,-50.09,,2768.0,,,,,,,580.5,2.0,11.375951,3523.13,270.8,-53.35,,160.67,,,,,,,0.61,,,,,,
2024-08-25,21450.27,31209.34,-62.74,-0.2,64220.0,2.0,0.195986,6311.02,32018.62,-50.14,,2746.13,,,,,,,573.9,2.0,11.375951,3448.05,270.8,-52.81,,158.92,,,,,,,0.6,,,,,,
2024-08-26,21450.27,30645.34,-564.0,-1.81,62834.0,2.0,0.195986,6039.38,32018.62,-49.04,,2680.49,,,,,,,548.2,2.0,11.375951,3155.69,270.8,-50.6,,157.12,,,,,,,0.59,,,,,,
2024-08-27,21450.27,29805.76,-839.58,-2.74,59415.0,2.0,0.195986,5369.31,32018.62,-46.11,,2457.33,,,,,,,533.3,2.0,11.375951,2986.19,270.8,-49.22,,146.79,,,,,,,0.57,,,,,,
2024-08-28,21450.27,29773.36,-32.4,-0.11,59034.9,2.0,0.195986,5294.81,32018.62,-45.76,,2528.33,,,,,,,537.0,2.0,11.375951,3028.28,270.8,-49.57,,143.95,,,,,,,0.57,,,,,,
2024-08-29,21450.27,29830.05,56.7,0.19,59359.01,2.0,0.195986,5358.33,32018.62,-46.06,,2527.61,,,,,,,536.4,2.0,11.375951,3021.45,270.8,-49.52,,140.0,,,,,,,0.56,,,,,,
2024-08-30,21450.27,29770.34,-59.71,-0.2,59123.99,2.0,0.195986,5312.27,32018.62,-45.84,,2526.0,,,,,,,535.2,2.0,11.375951,3007.8,270.8,-49.4,,137.99,,,,,,,0.57,,,,,,
2024-08-31,21450.27,29714.78,-55.56,-0.19,58973.99,2.0,0.195986,5282.88,32018.62,-45.71,,2513.01,,,,,,,532.9,2.0,11.375951,2981.64,270.8,-49.18,,135.35,,,,,,,0.57,,,,,,
2024-09-01,21450.27,29153.86,-560.92,-1.89,57301.86,2.0,0.195986,4955.16,32018.62,-44.12,,2425.72,,,,,,,512.4,2.0,11.375951,2748.43,270.8,-47.15,,128.5,,,,,,,0.55,,,,,,
2024-09-02,21450.27,29670.69,516.83,1.77,59132.13,2.0,0.195986,5313.87,32018.62,-45.85,,2538.01,,,,,,,526.3,2.0,11.375951,2906.56,270.8,-48.55,,134.94,,,,,,,0.57,,,,,,
2024-09-03,21450.27,29261.95,-408.74,-1.38,57487.73,2.0,0.195986,4991.59,32018.62,-44.3,,2425.29,,,,,,,518.7,2.0,11.375951,2820.1,270.8,-47.79,,127.54,,,,,,,0.56,,,,,,
2024-09-04,21450.27,29230.38,-31.58,-0.11,57970.9,2.0,0.195986,5086.28,32018.62,-44.77,,2450.71,,,,,,,507.6,2.0,11.375951,2693.83,270.8,-46.65,,133.64,,,,,,,0.56,,,,,,
2024-09-05,21450.27,28820.23,-410.15,-1.4,56180.0,2.0,0.195986,4735.29,32018.62,-43.01,,2368.81,,,,,,,502.4,2.0,11.375951,2634.67,270.8,-46.1,,129.41,,,,,,,0.54,,,,,,
2024-09-06,28212.81,28212.81,-607.42,-2.11,53962.97,,,,,,"EXIT @ 53962.97 (small red CHoCH, realized -1974.42)",2225.23,,,,,,,487.2,,,,,,"EXIT @ 487.20 (small red CHoCH, realized -618.85)",125.05,,,,,,,0.52,,,,,,
2024-09-07,28212.81,28212.81,0.0,0.0,54160.86,,,,,,,2273.58,,,,,,,493.5,,,,,,,127.71,,,,,,,0.52,,,,,,
2024-09-08,28212.81,28212.81,0.0,0.0,54869.95,,,,,,,2297.3,,,,,,,503.1,,,,,,,130.15,,,,,,,0.53,,,,,,
2024-09-09,28212.81,28212.81,0.0,0.0,57042.0,,,,,,,2359.5,,,,,,,518.7,,,,,,,135.08,,,,,,,0.54,,,,,,
2024-09-10,28212.81,28212.81,0.0,0.0,57635.99,,,,,,,2388.52,,,,,,,517.0,,,,,,,135.63,,,,,,,0.54,,,,,,
2024-09-11,28212.81,28212.81,0.0,0.0,57338.0,,,,,,,2340.55,,,,,,,530.1,,,,,,,132.42,,,,,,,0.53,,,,,,
2024-09-12,28212.81,28212.81,0.0,0.0,58132.32,,,,,,,2361.76,,,,,,,544.5,,,,,,,136.05,,,,,,,0.56,,,,,,
2024-09-13,28212.81,28212.81,0.0,0.0,60498.0,,,,,,,2439.19,,,,,,,556.4,,,,,,,139.02,,,,,,,0.57,,,,,,
2024-09-14,28212.81,28212.81,0.0,0.0,59993.03,,,,,,,2417.79,,,,,,,553.3,,,,,,,137.14,,,,,,,0.6,,,,,,
2024-09-15,28212.81,28212.81,0.0,0.0,59132.0,,,,,,,2316.1,,,,,,,553.4,,,,,,,131.37,,,,,,,0.57,,,,,,
2024-09-16,28212.81,28212.81,0.0,0.0,58213.99,,,,,,,2295.68,,,,,,,533.7,,,,,,,131.47,,,,,,,0.59,,,,,,
2024-09-17,28212.81,28212.81,0.0,0.0,60313.99,,,,,,,2341.8,,,,,,,546.2,,,,,,,131.54,,,,,,,0.58,,,,,,
2024-09-18,28212.81,28212.81,0.0,0.0,61759.99,,,,,,,2374.75,,,,,,,559.5,,,,,,,134.34,,,,,,,0.59,,,,,,
2024-09-19,25391.53,28212.81,0.0,0.0,62947.99,,,,,,,2465.21,2.0,2.288877,2821.28,1232.6,-50.0,"ENTRY @ 2465.21 (small green CHoCH, margin $2821.28 [10% of portfolio total $28212.81] @ 2x [ADX 34.1, zone red], 2.288877 units)",567.0,,,,,,,142.89,,,,,,,0.59,,,,,,
2024-09-20,25391.53,28432.97,220.17,0.78,63201.05,,,,,,,2561.4,2.0,2.288877,3041.45,1232.6,-51.88,,569.0,,,,,,,146.66,,,,,,,0.59,,,,,,
2024-09-21,25391.53,28549.71,116.73,0.41,63348.96,,,,,,,2612.4,2.0,2.288877,3158.18,1232.6,-52.82,,588.6,,,,,,,149.41,,,,,,,0.6,,,,,,
2024-09-22,25391.53,28477.84,-71.87,-0.25,63578.76,,,,,,,2581.0,2.0,2.288877,3086.31,1232.6,-52.24,,588.7,,,,,,,144.63,,,,,,,0.59,,,,,,
2024-09-23,22528.64,28628.83,151.0,0.53,63339.99,,,,,,,2646.97,2.0,2.288877,3237.31,1232.6,-53.43,,604.5,10.0,47.359527,2862.88,544.05,-10.0,"ENTRY @ 604.50 (small green CHoCH, margin $2862.88 [10% of portfolio total $28628.83] @ 10x [ADX 18.9, zone green], 47.359527 units)",144.79,,,,,,,0.58,,,,,,
2024-09-24,22528.64,28709.4,80.56,0.28,64262.7,,,,,,,2653.2,2.0,2.288877,3251.57,1232.6,-53.54,,605.9,10.0,47.359527,2929.19,544.05,-10.21,,152.73,,,,,,,0.59,,,,,,
2024-09-25,22528.64,27665.59,-1043.81,-3.64,63152.01,,,,,,,2579.95,2.0,2.288877,3083.91,1232.6,-52.22,,587.4,10.0,47.359527,2053.04,544.05,-7.38,,147.98,,,,,,,0.58,,,,,,
2024-09-26,16887.28,28206.82,541.23,1.96,65173.99,10.0,0.865585,5641.36,58656.59,-10.0,"ENTRY @ 65173.99 (small green CHoCH, margin $5641.36 [20% of portfolio total $28206.82] @ 10x [ADX 20.4, zone green], 0.865585 units)",2632.26,2.0,2.288877,3203.64,1232.6,-53.17,,596.3,10.0,47.359527,2474.54,544.05,-8.76,,155.55,,,,,,,0.59,,,,,,
2024-09-27,16887.28,29362.24,1155.43,4.1,65769.95,10.0,0.865585,6157.22,58656.59,-10.82,,2694.43,2.0,2.288877,3345.94,1232.6,-54.25,,606.8,10.0,47.359527,2971.81,544.05,-10.34,,157.64,,,,,,,0.59,,,,,,
2024-09-28,13974.83,29124.52,-237.73,-0.81,65858.0,10.0,0.865585,6233.43,58656.59,-10.93,,2675.21,2.0,2.288877,3301.94,1232.6,-53.92,,601.1,10.0,47.359527,2701.86,544.05,-9.49,,156.75,,,,,,,0.61,10.0,47449.524548,2912.45,0.55,-10.0,"ENTRY @ 0.61 (small green CHoCH, margin $2912.45 [10% of portfolio total $29124.52] @ 10x [ADX 12.6, zone green], 47449.524548 units)"
2024-09-29,13974.83,29902.32,777.8,2.67,65602.01,10.0,0.865585,6011.85,58656.59,-10.59,,2657.62,2.0,2.288877,3261.68,1232.6,-53.62,,595.6,10.0,47.359527,2441.38,544.05,-8.66,,158.46,,,,,,,0.64,10.0,47449.524548,4212.57,0.55,-13.85,
2024-09-30,13974.83,25057.3,-4845.02,-16.2,63327.59,10.0,0.865585,4043.15,58656.59,-7.38,,2602.23,2.0,2.288877,3134.9,1232.6,-52.63,,567.4,10.0,47.359527,1105.84,544.05,-4.12,,152.49,,,,,,,0.61,10.0,47449.524548,2798.57,0.55,-9.65,
2024-10-01,13974.83,20717.61,-4339.69,-17.32,60805.78,10.0,0.865585,1860.31,58656.59,-3.53,,2447.79,2.0,2.288877,2781.41,1232.6,-49.64,,547.3,,,,,,"** LIQUIDATION EVENT ** @ 544.05 (margin wiped, realized -2862.88)",145.13,,,,,,,0.6,10.0,47449.524548,2101.06,0.55,-7.42,
2024-10-02,13974.83,18289.52,-2428.09,-11.72,60649.28,10.0,0.865585,1724.84,58656.59,-3.29,,2364.1,2.0,2.288877,2589.85,1232.6,-47.86,,542.5,,,,,,,140.18,,,,,,,0.54,,,,,,"** LIQUIDATION EVENT ** @ 0.55 (margin wiped, realized -2912.45)"
2024-10-03,13974.83,18346.32,56.8,0.31,60752.71,10.0,0.865585,1814.37,58656.59,-3.45,,2349.8,2.0,2.288877,2557.12,1232.6,-47.54,,544.8,,,,,,,136.82,,,,,,,0.52,,,,,,
2024-10-04,13974.83,19648.28,1301.96,7.1,62086.0,10.0,0.865585,2968.45,58656.59,-5.52,,2414.41,2.0,2.288877,2705.01,1232.6,-48.95,,555.3,,,,,,,143.24,,,,,,,0.53,,,,,,
2024-10-05,13974.83,19624.62,-23.66,-0.12,62058.0,10.0,0.865585,2944.21,58656.59,-5.48,,2414.66,2.0,2.288877,2705.58,1232.6,-48.95,,563.0,,,,,,,142.59,,,,,,,0.53,,,,,,
2024-10-06,13974.83,20342.18,717.57,3.66,62819.91,10.0,0.865585,3603.71,58656.59,-6.63,,2440.03,2.0,2.288877,2763.65,1232.6,-49.48,,570.3,,,,,,,146.48,,,,,,,0.53,,,,,,
2024-10-07,13974.83,19786.73,-555.45,-2.73,62224.0,10.0,0.865585,3087.9,58656.59,-5.73,,2422.71,2.0,2.288877,2724.0,1232.6,-49.12,,564.3,,,,,,,143.96,,,,,,,0.53,,,,,,
2024-10-08,13974.83,19773.37,-13.36,-0.07,62160.49,10.0,0.865585,3032.92,58656.59,-5.64,,2440.89,2.0,2.288877,2765.62,1232.6,-49.5,,580.8,,,,,,,143.49,,,,,,,0.53,,,,,,
2024-10-09,13974.83,18292.63,-1480.74,-7.49,60636.02,10.0,0.865585,1713.36,58656.59,-3.26,,2370.47,2.0,2.288877,2604.43,1232.6,-48.0,,570.7,,,,,,,139.33,,,,,,,0.52,,,,,,
2024-10-10,13974.83,18061.28,-231.34,-1.26,60326.39,10.0,0.865585,1445.35,58656.59,-2.77,,2386.49,2.0,2.288877,2641.1,1232.6,-48.35,,563.9,,,,,,,139.03,,,,,,,0.53,,,,,,
2024-10-11,13974.83,20098.68,2037.4,11.28,62540.0,10.0,0.865585,3361.42,58656.59,-6.21,,2439.5,2.0,2.288877,2762.43,1232.6,-49.47,,573.6,,,,,,,145.53,,,,,,,0.54,,,,,,
2024-10-12,13974.83,20759.81,661.13,3.29,63206.22,10.0,0.865585,3938.09,58656.59,-7.2,,2476.4,2.0,2.288877,2846.89,1232.6,-50.23,,576.6,,,,,,,146.4,,,,,,,0.54,,,,,,
2024-10-13,13974.83,20451.66,-308.15,-1.48,62870.02,10.0,0.865585,3647.08,58656.59,-6.7,,2468.91,2.0,2.288877,2829.75,1232.6,-50.07,,572.2,,,,,,,147.74,,,,,,,0.53,,,,,,
2024-10-14,9254.46,23601.86,3150.2,15.4,66083.99,10.0,0.865585,6429.05,58656.59,-11.24,,2629.79,2.0,2.288877,3197.98,1232.6,-53.13,,589.1,,,,,,,157.59,10.0,149.767486,2360.19,141.83,-10.0,"ENTRY @ 157.59 (small green CHoCH, margin $2360.19 [10% of portfolio total $23601.86] @ 10x [ADX 13.2, zone green], 149.767486 units)",0.55,2.0,8609.103831,2360.19,0.27,-50.0,"ENTRY @ 0.55 (small green CHoCH, margin $2360.19 [10% of portfolio total $23601.86] @ 2x [ADX 14.0, zone red], 8609.103831 units)"
2024-10-15,9254.46,23927.03,325.17,1.38,67074.14,10.0,0.865585,7286.1,58656.59,-12.55,,2607.41,2.0,2.288877,3146.76,1232.6,-52.73,,594.5,,,,,,,154.76,10.0,149.767486,1936.34,141.83,-8.35,,0.54,2.0,8609.103831,2303.37,0.27,-49.39,
2024-10-16,9254.46,24392.04,465.01,1.94,67620.01,10.0,0.865585,7758.6,58656.59,-13.26,,2611.1,2.0,2.288877,3155.2,1232.6,-52.79,,600.9,,,,,,,154.28,10.0,149.767486,1864.46,141.83,-8.07,,0.55,2.0,8609.103831,2359.32,0.27,-49.99,
2024-10-17,9254.46,23606.91,-785.13,-3.22,67421.78,10.0,0.865585,7587.02,58656.59,-13.0,,2605.8,2.0,2.288877,3143.07,1232.6,-52.7,,592.9,,,,,,,150.5,10.0,149.767486,1298.33,141.83,-5.76,,0.54,2.0,8609.103831,2324.03,0.27,-49.61,
2024-10-18,9254.46,25246.75,1639.84,6.95,68428.0,10.0,0.865585,8457.99,58656.59,-14.28,,2642.17,2.0,2.288877,3226.32,1232.6,-53.35,,599.2,,,,,,,154.94,10.0,149.767486,1963.3,141.83,-8.46,,0.55,2.0,8609.103831,2344.69,0.27,-49.84,
2024-10-19,9254.46,25922.13,675.37,2.68,68378.0,10.0,0.865585,8414.71,58656.59,-14.22,,2648.2,2.0,2.288877,3240.12,1232.6,-53.45,,597.7,,,,,,,159.79,10.0,149.767486,2689.67,141.83,-11.24,,0.54,2.0,8609.103831,2323.17,0.27,-49.6,
2024-10-20,9254.46,27890.03,1967.91,7.59,69031.99,10.0,0.865585,8980.79,58656.59,-15.03,,2746.91,2.0,2.288877,3466.06,1232.6,-55.13,,605.9,,,,,,,167.4,10.0,149.767486,3829.4,141.83,-15.27,,0.55,2.0,8609.103831,2359.32,0.27,-49.99,
2024-10-21,9254.46,26061.72,-1828.32,-6.56,67377.5,10.0,0.865585,7548.69,58656.59,-12.94,,2666.7,2.0,2.288877,3282.47,1232.6,-53.78,,598.8,,,,,,,166.17,10.0,149.767486,3645.19,141.83,-14.65,,0.54,2.0,8609.103831,2330.91,0.27,-49.69,
2024-10-22,9254.46,26121.21,59.49,0.23,67426.0,10.0,0.865585,7590.67,58656.59,-13.01,,2622.81,2.0,2.288877,3182.01,1232.6,-53.0,,593.8,,,,,,,167.59,10.0,149.767486,3857.86,141.83,-15.37,,0.53,2.0,8609.103831,2236.21,0.27,-48.65,
2024-10-23,9254.46,25659.4,-461.81,-1.77,66668.65,10.0,0.865585,6935.12,58656.59,-12.02,,2524.61,2.0,2.288877,2957.24,1232.6,-51.18,,584.9,,,,,,,170.85,10.0,149.767486,4346.1,141.83,-16.99,,0.53,2.0,8609.103831,2166.48,0.27,-47.86,
2024-10-24,9254.46,28011.98,2352.59,9.17,68198.28,10.0,0.865585,8259.14,58656.59,-13.99,,2535.82,2.0,2.288877,2982.9,1232.6,-51.39,,594.5,,,,,,,177.19,10.0,149.767486,5295.63,141.83,-19.96,,0.53,2.0,8609.103831,2219.86,0.27,-48.47,
2024-10-25,11217.76,24398.56,-3613.43,-12.9,66698.33,10.0,0.865585,6960.81,58656.59,-12.06,,2440.62,2.0,2.288877,2765.0,1232.6,-49.5,,575.3,,,,,,,164.9,10.0,149.767486,3454.99,141.83,-13.99,,0.5,,,,,,"EXIT @ 0.50 (small red CHoCH, realized -396.88)"
2024-10-26,11217.76,25731.46,1332.9,5.46,67092.76,10.0,0.865585,7302.22,58656.59,-12.57,,2482.51,2.0,2.288877,2860.88,1232.6,-50.35,,583.4,,,,,,,170.88,10.0,149.767486,4350.6,141.83,-17.0,,0.51,,,,,,
2024-10-27,11217.76,27454.58,1723.13,6.7,68021.7,10.0,0.865585,8106.3,58656.59,-13.77,,2507.8,2.0,2.288877,2918.76,1232.6,-50.85,,589.2,,,,,,,176.63,10.0,149.767486,5211.76,141.83,-19.7,,0.52,,,,,,
2024-10-28,11217.76,29519.47,2064.89,7.52,69962.21,10.0,0.865585,9785.98,58656.59,-16.16,,2567.48,2.0,2.288877,3055.36,1232.6,-51.99,,601.1,,,,,,,178.29,10.0,149.767486,5460.37,141.83,-20.45,,0.52,,,,,,
2024-10-29,11217.76,32253.27,2733.79,9.26,72736.42,10.0,0.865585,12187.29,58656.59,-19.36,,2638.8,2.0,2.288877,3218.61,1232.6,-53.29,,606.3,,,,,,,179.42,10.0,149.767486,5629.61,141.83,-20.95,,0.53,,,,,,
2024-10-30,11217.76,31279.47,-973.8,-3.02,72344.74,10.0,0.865585,11848.26,58656.59,-18.92,,2659.19,2.0,2.288877,3265.28,1232.6,-53.65,,595.6,,,,,,,174.87,10.0,149.767486,4948.17,141.83,-18.89,,0.52,,,,,,
2024-10-31,11217.76,28255.32,-3024.15,-9.67,70292.01,10.0,0.865585,10071.44,58656.59,-16.55,,2518.61,2.0,2.288877,2943.51,1232.6,-51.06,,576.6,,,,,,,168.69,10.0,149.767486,4022.6,141.83,-15.92,,0.51,,,,,,
2024-11-01,11217.76,27162.12,-1093.2,-3.87,69496.01,10.0,0.865585,9382.44,58656.59,-15.6,,2511.49,2.0,2.288877,2927.21,1232.6,-50.92,,573.1,,,,,,,166.1,10.0,149.767486,3634.71,141.83,-14.61,,0.51,,,,,,
2024-11-02,11217.76,27028.13,-133.99,-0.49,69374.74,10.0,0.865585,9277.47,58656.59,-15.45,,2494.23,2.0,2.288877,2887.7,1232.6,-50.58,,568.6,,,,,,,166.17,10.0,149.767486,3645.19,141.83,-14.65,,0.51,,,,,,
2024-11-03,11217.76,25881.16,-1146.97,-4.24,68775.99,10.0,0.865585,8759.2,58656.59,-14.71,,2457.73,2.0,2.288877,2804.16,1232.6,-49.85,,557.7,,,,,,,162.53,10.0,149.767486,3100.04,141.83,-12.74,,0.5,,,,,,
2024-11-04,11217.76,24257.48,-1623.68,-6.27,67850.01,10.0,0.865585,7957.69,58656.59,-13.55,,2398.21,2.0,2.288877,2667.93,1232.6,-48.6,,552.5,,,,,,,157.95,10.0,149.767486,2414.1,141.83,-10.21,,0.5,,,,,,
2024-11-05,11217.76,26929.09,2671.62,11.01,69372.01,10.0,0.865585,9275.11,58656.59,-15.45,,2422.55,2.0,2.288877,2723.64,1232.6,-49.12,,563.21,,,,,,,166.62,10.0,149.767486,3712.59,141.83,-14.88,,0.51,,,,,,
2024-11-06,7620.6,35971.67,9042.57,33.58,75571.99,10.0,0.865585,14641.72,58656.59,-22.38,,2721.87,2.0,2.288877,3408.74,1232.6,-54.71,,592.22,,,,,,,186.59,10.0,149.767486,6703.44,141.83,-23.99,,0.54,2.0,13278.577507,3597.17,0.27,-50.0,"ENTRY @ 0.54 (small green CHoCH, margin $3597.17 [10% of portfolio total $35971.67] @ 2x [ADX 20.9, zone red], 13278.577507 units)"
2024-11-07,7620.6,38261.46,2289.79,6.37,75857.89,10.0,0.865585,14889.19,58656.59,-22.68,,2895.47,2.0,2.288877,3806.09,1232.6,-57.43,,598.26,,,,,,,196.35,10.0,149.767486,8165.17,141.83,-27.77,,0.56,2.0,13278.577507,3780.41,0.27,-51.24,
2024-11-08,7620.6,39476.39,1214.93,3.18,76509.78,10.0,0.865585,15453.45,58656.59,-23.33,,2961.75,2.0,2.288877,3957.8,1232.6,-58.38,,597.82,,,,,,,199.85,10.0,149.767486,8689.36,141.83,-29.03,,0.55,2.0,13278.577507,3755.18,0.27,-51.07,
2024-11-09,3612.77,40078.31,601.92,1.52,76677.46,10.0,0.865585,15598.6,58656.59,-23.5,,3126.21,2.0,2.288877,4334.23,1232.6,-60.57,,624.66,10.0,64.160202,4007.83,562.19,-10.0,"ENTRY @ 624.66 (small green CHoCH, margin $4007.83 [10% of portfolio total $40078.31] @ 10x [ADX 15.6, zone green], 64.160202 units)",199.89,10.0,149.767486,8695.35,141.83,-29.05,,0.56,2.0,13278.577507,3829.54,0.27,-51.56,
2024-11-10,3612.77,45487.34,5409.03,13.5,80370.01,10.0,0.865585,18794.81,58656.59,-27.02,,3183.21,2.0,2.288877,4464.69,1232.6,-61.28,,627.33,10.0,64.160202,4179.14,562.19,-10.38,,210.07,10.0,149.767486,10219.98,141.83,-32.48,,0.59,2.0,13278.577507,4215.95,0.27,-53.96,
2024-11-11,3612.77,57391.28,11903.94,26.17,88647.99,10.0,0.865585,25960.11,58656.59,-33.83,,3371.59,2.0,2.288877,4895.87,1232.6,-63.44,,659.63,10.0,64.160202,6251.51,562.19,-14.77,,222.13,10.0,149.767486,12026.18,141.83,-36.15,,0.62,2.0,13278.577507,4644.85,0.27,-56.36,
2024-11-12,3612.77,53830.71,-3560.58,-6.2,87952.01,10.0,0.865585,25357.68,58656.59,-33.31,,3243.8,2.0,2.288877,4603.38,1232.6,-62.0,,625.33,10.0,64.160202,4050.82,562.19,-10.1,,211.64,10.0,149.767486,10455.12,141.83,-32.98,,0.7,2.0,13278.577507,5750.95,0.27,-61.52,
2024-11-13,3612.77,55834.33,2003.62,3.72,90375.2,10.0,0.865585,27455.15,58656.59,-35.1,,3187.16,2.0,2.288877,4473.74,1232.6,-61.33,,620.68,10.0,64.160202,3752.47,562.19,-9.42,,215.13,10.0,149.767486,10977.81,141.83,-34.07,,0.69,2.0,13278.577507,5562.4,0.27,-60.73,
2024-11-14,3612.77,53284.86,-2549.47,-4.57,87325.59,10.0,0.865585,24815.46,58656.59,-32.83,,3058.82,2.0,2.288877,4179.98,1232.6,-59.7,,622.3,10.0,64.160202,3856.41,562.19,-9.66,,209.57,10.0,149.767486,10145.1,141.83,-32.32,,0.77,2.0,13278.577507,6675.14,0.27,-64.98,
2024-11-15,3612.77,59281.31,5996.45,11.25,91032.07,10.0,0.865585,28023.73,58656.59,-35.56,,3090.01,2.0,2.288877,4251.37,1232.6,-60.11,,619.37,10.0,64.160202,3668.42,562.19,-9.23,,218.45,10.0,149.767486,11475.04,141.83,-35.07,,0.89,2.0,13278.577507,8249.98,0.27,-69.64,
2024-11-16,3612.77,61833.55,2552.25,4.31,90586.92,10.0,0.865585,27638.42,58656.59,-35.25,,3132.87,2.0,2.288877,4349.47,1232.6,-60.66,,622.69,10.0,64.160202,3881.44,562.19,-9.72,,215.71,10.0,149.767486,11064.67,141.83,-34.25,,1.12,2.0,13278.577507,11286.79,0.27,-75.83,
2024-11-17,3612.77,63202.12,1368.57,2.21,89855.99,10.0,0.865585,27005.73,58656.59,-34.72,,3076.0,2.0,2.288877,4219.3,1232.6,-59.93,,618.9,10.0,64.160202,3638.27,562.19,-9.16,,237.47,10.0,149.767486,14323.61,141.83,-40.27,,1.05,2.0,13278.577507,10402.44,0.27,-74.31,
2024-11-18,3612.77,65168.28,1966.16,3.11,90464.08,10.0,0.865585,27532.09,58656.59,-35.16,,3207.8,2.0,2.288877,4520.98,1232.6,-61.57,,618.93,10.0,64.160202,3640.19,562.19,-9.17,,239.79,10.0,149.767486,14671.07,141.83,-40.85,,1.11,2.0,13278.577507,11191.19,0.27,-75.68,
2024-11-19,3612.77,65815.55,647.27,0.99,92310.79,10.0,0.865585,29130.57,58656.59,-36.46,,3107.44,2.0,2.288877,4291.27,1232.6,-60.33,,615.5,10.0,64.160202,3420.12,562.19,-8.66,,237.63,10.0,149.767486,14347.58,141.83,-40.31,,1.1,2.0,13278.577507,11013.25,0.27,-75.38,
2024-11-20,3612.77,66519.79,704.23,1.07,94286.56,10.0,0.865585,30840.77,58656.59,-37.79,,3069.97,2.0,2.288877,4205.5,1232.6,-59.85,,605.39,10.0,64.160202,2771.46,562.19,-7.14,,235.48,10.0,149.767486,14025.58,141.83,-39.77,,1.1,2.0,13278.577507,11063.71,0.27,-75.46,
2024-11-21,3612.77,76745.7,10225.92,15.37,98317.12,10.0,0.865585,34329.56,58656.59,-40.34,,3355.81,2.0,2.288877,4859.75,1232.6,-63.27,,621.86,10.0,64.160202,3828.18,562.19,-9.59,,256.37,10.0,149.767486,17154.22,141.83,-44.68,,1.25,2.0,13278.577507,12961.22,0.27,-78.28,
2024-11-22,3612.77,80968.92,4223.22,5.5,98892.0,10.0,0.865585,34827.17,58656.59,-40.69,,3327.78,2.0,2.288877,4795.6,1232.6,-62.96,,633.0,10.0,64.160202,4542.93,562.19,-11.19,,256.9,10.0,149.767486,17233.59,141.83,-44.79,,1.47,2.0,13278.577507,15956.87,0.27,-81.6,
2024-11-23,3612.77,80826.81,-142.11,-0.18,97672.4,10.0,0.865585,33771.5,58656.59,-39.95,,3393.91,2.0,2.288877,4946.96,1232.6,-63.68,,650.42,10.0,64.160202,5660.6,562.19,-13.56,,254.89,10.0,149.767486,16932.56,141.83,-44.36,,1.47,2.0,13278.577507,15902.42,0.27,-81.55,
2024-11-24,3612.77,80747.62,-79.19,-0.1,97900.04,10.0,0.865585,33968.54,58656.59,-40.09,,3361.2,2.0,2.288877,4872.09,1232.6,-63.33,,659.65,10.0,64.160202,6252.8,562.19,-14.77,,252.73,10.0,149.767486,16609.06,141.83,-43.88,,1.43,2.0,13278.577507,15432.36,0.27,-81.1,
2024-11-25,3612.77,72103.15,-8644.47,-10.71,93010.01,10.0,0.865585,29735.81,58656.59,-36.94,,3414.49,2.0,2.288877,4994.07,1232.6,-63.9,,636.2,10.0,64.160202,4748.24,562.19,-11.63,,234.18,10.0,149.767486,13830.88,141.83,-39.44,,1.41,2.0,13278.577507,15181.4,0.27,-80.84,
2024-11-26,3612.77,68805.01,-3298.14,-4.57,91965.16,10.0,0.865585,28831.4,58656.59,-36.22,,3324.73,2.0,2.288877,4788.62,1232.6,-62.93,,613.51,10.0,64.160202,3292.44,562.19,-8.36,,230.69,10.0,149.767486,13308.19,141.83,-38.52,,1.4,2.0,13278.577507,14971.6,0.27,-80.63,
2024-11-27,3612.77,77529.57,8724.56,12.68,95863.11,10.0,0.865585,32205.41,58656.59,-38.81,,3653.28,2.0,2.288877,5540.63,1232.6,-66.26,,644.14,10.0,64.160202,5257.67,562.19,-12.72,,241.96,10.0,149.767486,14996.07,141.83,-41.38,,1.47,2.0,13278.577507,15917.03,0.27,-81.57,
2024-11-28,3612.77,78099.32,569.75,0.73,95643.98,10.0,0.865585,32015.73,58656.59,-38.67,,3578.79,2.0,2.288877,5370.13,1232.6,-65.56,,653.83,10.0,64.160202,5879.38,562.19,-14.02,,237.59,10.0,149.767486,14341.58,141.83,-40.3,,1.54,2.0,13278.577507,16879.73,0.27,-82.43,
2024-11-29,3612.77,84048.03,5948.71,7.62,97460.0,10.0,0.865585,33587.65,58656.59,-39.81,,3592.21,2.0,2.288877,5400.84,1232.6,-65.69,,654.67,10.0,64.160202,5933.28,562.19,-14.13,,243.33,10.0,149.767486,15201.25,141.83,-41.71,,1.8,2.0,13278.577507,20312.24,0.27,-84.96,
2024-11-30,3612.77,84455.74,407.71,0.49,96407.99,10.0,0.865585,32677.05,58656.59,-39.16,,3703.6,2.0,2.288877,5655.8,1232.6,-66.72,,653.43,10.0,64.160202,5853.72,562.19,-13.96,,237.6,10.0,149.767486,14343.08,141.83,-40.31,,1.95,2.0,13278.577507,22313.32,0.27,-86.12,
2024-12-01,3612.77,89728.66,5272.92,6.24,97185.18,10.0,0.865585,33349.77,58656.59,-39.64,,3707.61,2.0,2.288877,5664.98,1232.6,-66.75,,655.99,10.0,64.160202,6017.97,562.19,-14.3,,236.8,10.0,149.767486,14223.27,141.83,-40.11,,2.29,2.0,13278.577507,26859.91,0.27,-88.19,
2024-12-02,3612.77,91954.71,2226.04,2.48,95840.62,10.0,0.865585,32185.94,58656.59,-38.8,,3643.42,2.0,2.288877,5518.06,1232.6,-66.17,,647.82,10.0,64.160202,5493.78,562.19,-13.22,,225.72,10.0,149.767486,12563.84,141.83,-37.17,,2.72,2.0,13278.577507,32580.32,0.27,-90.06,
2024-12-03,3612.77,95849.27,3894.56,4.24,95849.69,10.0,0.865585,32193.79,58656.59,-38.8,,3614.51,2.0,2.288877,5451.89,1232.6,-65.9,,734.64,10.0,64.160202,11064.17,562.19,-23.47,,233.92,10.0,149.767486,13791.94,141.83,-39.37,,2.51,2.0,13278.577507,29734.72,0.27,-89.21,
2024-12-04,3612.77,96300.39,451.12,0.47,98587.32,10.0,0.865585,34563.44,58656.59,-40.5,,3837.8,2.0,2.288877,5962.97,1232.6,-67.88,,739.53,10.0,64.160202,11377.91,562.19,-23.98,,229.15,10.0,149.767486,13077.55,141.83,-38.11,,2.36,2.0,13278.577507,27705.75,0.27,-88.51,
2024-12-05,3612.77,92823.98,-3476.41,-3.61,96945.63,10.0,0.865585,33142.42,58656.59,-39.5,,3785.2,2.0,2.288877,5842.58,1232.6,-67.44,,717.1,10.0,64.160202,9938.8,562.19,-21.6,,235.84,10.0,149.767486,14079.49,141.83,-39.86,,2.24,2.0,13278.577507,26207.93,0.27,-87.93,
2024-12-06,3612.77,99133.33,6309.35,6.8,99740.84,10.0,0.865585,35561.91,58656.59,-41.19,,3998.87,2.0,2.288877,6331.64,1232.6,-69.18,,730.22,10.0,64.160202,10780.58,562.19,-23.01,,236.87,10.0,149.767486,14233.75,141.83,-40.12,,2.43,2.0,13278.577507,28612.68,0.27,-88.83,
2024-12-07,3612.77,103093.41,3960.08,3.99,99831.99,10.0,0.865585,35640.81,58656.59,-41.24,,3996.22,2.0,2.288877,6325.57,1232.6,-69.16,,749.72,10.0,64.160202,12031.71,562.19,-25.01,,238.14,10.0,149.767486,14423.96,141.83,-40.44,,2.61,2.0,13278.577507,31058.59,0.27,-89.62,
2024-12-08,3612.77,103440.18,346.77,0.34,101109.59,10.0,0.865585,36746.68,58656.59,-41.99,,4004.15,2.0,2.288877,6343.72,1232.6,-69.22,,742.0,10.0,64.160202,11536.39,562.19,-24.23,,237.02,10.0,149.767486,14256.22,141.83,-40.16,,2.6,2.0,13278.577507,30944.4,0.27,-89.59,
2024-12-09,3612.77,87847.49,-15592.68,-15.07,97276.47,10.0,0.865585,33428.79,58656.59,-39.7,,3712.0,2.0,2.288877,5675.03,1232.6,-66.79,,689.19,10.0,64.160202,8148.09,562.19,-18.43,,216.63,10.0,149.767486,11202.46,141.83,-34.53,,2.21,2.0,13278.577507,25780.36,0.27,-87.76,
2024-12-10,14361.43,87920.11,72.62,0.08,96593.0,10.0,0.865585,32837.19,58656.59,-39.27,,3628.25,2.0,2.288877,5483.34,1232.6,-66.03,,676.8,10.0,64.160202,7353.14,562.19,-16.93,,213.6,,,,,,"EXIT @ 213.60 (small red CHoCH, realized +8388.48)",2.37,2.0,13278.577507,27885.01,0.27,-88.57,
2024-12-11,14361.43,94824.68,6904.57,7.85,101125.0,10.0,0.865585,36760.02,58656.59,-42.0,,3831.81,2.0,2.288877,5949.26,1232.6,-67.83,,711.21,10.0,64.160202,9560.9,562.19,-20.95,,227.29,,,,,,,2.39,2.0,13278.577507,28193.08,0.27,-88.68,
2024-12-12,14361.43,92879.95,-1944.73,-2.05,100004.29,10.0,0.865585,35789.95,58656.59,-41.35,,3881.61,2.0,2.288877,6063.25,1232.6,-68.25,,705.77,10.0,64.160202,9211.87,562.19,-20.34,,226.96,,,,,,,2.34,2.0,13278.577507,27453.46,0.27,-88.42,
2024-12-13,14361.43,96552.8,3672.85,3.95,101424.25,10.0,0.865585,37019.05,58656.59,-42.17,,3906.8,2.0,2.288877,6120.9,1232.6,-68.45,,725.72,10.0,64.160202,10491.86,562.19,-22.53,,224.79,,,,,,,2.42,2.0,13278.577507,28559.56,0.27,-88.81,
2024-12-14,14361.43,95546.94,-1005.86,-1.04,101420.0,10.0,0.865585,37015.37,58656.59,-42.16,,3870.29,2.0,2.288877,6037.34,1232.6,-68.15,,715.79,10.0,64.160202,9854.75,562.19,-21.46,,219.93,,,,,,,2.4,2.0,13278.577507,28278.06,0.27,-88.71,
2024-12-15,14361.43,99198.76,3651.82,3.82,104463.99,10.0,0.865585,39650.2,58656.59,-43.85,,3959.09,2.0,2.288877,6240.59,1232.6,-68.87,,718.87,10.0,64.160202,10052.36,562.19,-21.79,,224.27,,,,,,,2.45,2.0,13278.577507,28894.18,0.27,-88.93,
2024-12-16,14361.43,101244.91,2046.14,2.06,106058.66,10.0,0.865585,41030.52,58656.59,-44.69,,3986.24,2.0,2.288877,6302.73,1232.6,-69.08,,720.58,10.0,64.160202,10162.08,562.19,-21.98,,216.19,,,,,,,2.48,2.0,13278.577507,29388.15,0.27,-89.09,
2024-12-17,14361.43,102015.86,770.95,0.76,106133.74,10.0,0.865585,41095.51,58656.59,-44.73,,3893.01,2.0,2.288877,6089.34,1232.6,-68.34,,717.69,10.0,64.160202,9976.65,562.19,-21.67,,223.15,,,,,,,2.57,2.0,13278.577507,30492.93,0.27,-89.45,
2024-12-18,14361.43,90852.4,-11163.46,-10.94,100204.01,10.0,0.865585,35962.83,58656.59,-41.46,,3626.8,2.0,2.288877,5480.02,1232.6,-66.01,,686.38,10.0,64.160202,7967.8,562.19,-18.09,,206.53,,,,,,,2.31,2.0,13278.577507,27080.33,0.27,-88.27,
2024-12-19,19361.26,85719.92,-5132.48,-5.65,97461.86,10.0,0.865585,33589.26,58656.59,-39.82,,3417.01,,,,,,"EXIT @ 3417.01 (small red CHoCH, realized +2178.55)",665.62,10.0,64.160202,6635.83,562.19,-15.54,,193.81,,,,,,,2.24,2.0,13278.577507,26133.57,0.27,-87.9,
2024-12-20,19361.26,87385.25,1665.32,1.94,97805.44,10.0,0.865585,33886.66,58656.59,-40.03,,3472.21,,,,,,,678.6,10.0,64.160202,7468.63,562.19,-17.15,,194.48,,,,,,,2.28,2.0,13278.577507,26668.7,0.27,-88.11,
2024-12-21,19361.26,85422.95,-1962.3,-2.25,97291.99,10.0,0.865585,33442.22,58656.59,-39.71,,3338.92,,,,,,,663.49,10.0,64.160202,6499.17,562.19,-15.27,,181.45,,,,,,,2.24,2.0,13278.577507,26120.29,0.27,-87.9,
2024-12-22,19361.26,82256.57,-3166.38,-3.71,95186.27,10.0,0.865585,31619.54,58656.59,-38.38,,3281.83,,,,,,,649.77,10.0,64.160202,5618.89,562.19,-13.48,,180.52,,,,,,,2.2,2.0,13278.577507,25656.87,0.27,-87.7,
2024-12-23,19361.26,85618.93,3362.37,4.09,94881.47,10.0,0.865585,31355.71,58656.59,-38.18,,3422.53,,,,,,,694.16,10.0,64.160202,8466.97,562.19,-19.01,,190.11,,,,,,,2.26,2.0,13278.577507,26434.99,0.27,-88.02,
2024-12-24,19361.26,89893.07,4274.14,4.99,98663.58,10.0,0.865585,34629.45,58656.59,-40.55,,3493.18,,,,,,,696.9,10.0,64.160202,8642.76,562.19,-19.33,,197.09,,,,,,,2.32,2.0,13278.577507,27259.59,0.27,-88.34,
2024-12-25,19361.26,90577.66,684.59,0.76,99429.6,10.0,0.865585,35292.51,58656.59,-41.01,,3497.0,,,,,,,702.72,10.0,64.160202,9016.18,562.19,-20.0,,197.44,,,,,,,2.3,2.0,13278.577507,26907.71,0.27,-88.21,
2024-12-26,19361.26,84696.45,-5881.2,-6.49,95791.6,10.0,0.865585,32143.51,58656.59,-38.77,,3335.05,,,,,,,689.4,10.0,64.160202,8161.56,562.19,-18.45,,188.46,,,,,,,2.16,2.0,13278.577507,25030.12,0.27,-87.43,
2024-12-27,19361.26,83438.21,-1258.24,-1.49,94299.03,10.0,0.865585,30851.56,58656.59,-37.8,,3333.51,,,,,,,691.85,10.0,64.160202,8318.76,562.19,-18.74,,184.22,,,,,,,2.15,2.0,13278.577507,24906.63,0.27,-87.38,
2024-12-28,19361.26,86748.01,3309.8,3.97,95300.0,10.0,0.865585,31717.99,58656.59,-38.45,,3404.0,,,,,,,722.13,10.0,64.160202,10261.53,562.19,-22.15,,195.5,,,,,,,2.18,2.0,13278.577507,25407.23,0.27,-87.6,
2024-12-29,19361.26,82440.46,-4307.54,-4.97,93738.2,10.0,0.865585,30366.12,58656.59,-37.43,,3356.48,,,,,,,694.71,10.0,64.160202,8502.25,562.19,-19.08,,189.94,,,,,,,2.09,2.0,13278.577507,24210.83,0.27,-87.06,
2024-12-30,19361.26,81833.41,-607.06,-0.74,92792.05,10.0,0.865585,29547.14,58656.59,-36.79,,3361.84,,,,,,,705.36,10.0,64.160202,9185.56,562.19,-20.3,,191.38,,,,,,,2.06,2.0,13278.577507,23739.44,0.27,-86.84,
2024-12-31,19361.26,82646.29,812.88,0.99,93576.0,10.0,0.865585,30225.72,58656.59,-37.32,,3337.78,,,,,,,702.3,10.0,64.160202,8989.23,562.19,-19.95,,189.31,,,,,,,2.08,2.0,13278.577507,24070.08,0.27,-87.0,
2025-01-01,19361.26,87190.01,4543.72,5.5,94591.79,10.0,0.865585,31104.97,58656.59,-37.99,,3360.38,,,,,,,707.84,10.0,64.160202,9344.68,562.19,-20.58,,194.28,,,,,,,2.33,2.0,13278.577507,27379.1,0.27,-88.39,
2025-01-02,10352.91,90083.53,2893.52,3.32,96984.79,10.0,0.865585,33176.32,58656.59,-39.52,,3455.67,,,,,,,706.25,10.0,64.160202,9242.66,562.19,-20.4,,208.31,2.0,86.489874,9008.35,104.16,-50.0,"ENTRY @ 208.31 (small green CHoCH, margin $9008.35 [10% of portfolio total $90083.53] @ 2x [ADX 30.5, zone red], 86.489874 units)",2.4,2.0,13278.577507,28303.29,0.27,-88.72,
2025-01-03,1033.06,93198.44,3114.91,3.46,98174.18,10.0,0.865585,34205.84,58656.59,-40.25,,3609.01,2.0,5.164765,9319.84,1804.5,-50.0,"ENTRY @ 3609.01 (small green CHoCH, margin $9319.84 [10% of portfolio total $93198.44] @ 2x [ADX 22.6, zone red], 5.164765 units)",714.88,10.0,64.160202,9796.36,562.19,-21.36,,217.99,2.0,86.489874,9845.57,104.16,-52.22,,2.45,2.0,13278.577507,28997.76,0.27,-88.96,
2025-01-04,1033.06,92817.85,-380.59,-0.41,98220.5,10.0,0.865585,34245.93,58656.59,-40.28,,3656.88,2.0,5.164765,9567.08,1804.5,-50.65,,713.41,10.0,64.160202,9702.05,562.19,-21.2,,216.67,2.0,86.489874,9731.41,104.16,-51.93,,2.42,2.0,13278.577507,28538.32,0.27,-88.81,
2025-01-05,1033.06,92012.67,-805.18,-0.87,98363.61,10.0,0.865585,34369.8,58656.59,-40.37,,3635.99,2.0,5.164765,9459.19,1804.5,-50.37,,709.29,10.0,64.160202,9437.71,562.19,-20.74,,213.41,2.0,86.489874,9449.45,104.16,-51.19,,2.4,2.0,13278.577507,28263.45,0.27,-88.71,
2025-01-06,1033.06,97611.08,5598.42,6.08,102235.6,10.0,0.865585,37721.34,58656.59,-42.63,,3687.45,2.0,5.164765,9724.97,1804.5,-51.06,,729.42,10.0,64.160202,10729.25,562.19,-22.93,,218.22,2.0,86.489874,9865.47,104.16,-52.27,,2.42,2.0,13278.577507,28536.99,0.27,-88.81,
2025-01-07,1033.06,86079.51,-11531.57,-11.81,96954.61,10.0,0.865585,33150.19,58656.59,-39.5,,3381.31,2.0,5.164765,8143.83,1804.5,-46.63,,698.01,10.0,64.160202,8713.98,562.19,-19.46,,202.17,2.0,86.489874,8477.3,104.16,-48.48,,2.27,2.0,13278.577507,26561.14,0.27,-88.07,
2025-01-08,1033.06,84981.5,-1098.01,-1.28,95060.61,10.0,0.865585,31510.78,58656.59,-38.3,,3327.29,2.0,5.164765,7864.83,1804.5,-45.77,,696.03,10.0,64.160202,8586.94,562.19,-19.23,,197.48,2.0,86.489874,8071.67,104.16,-47.26,,2.37,2.0,13278.577507,27914.23,0.27,-88.58,
2025-01-09,16249.69,79151.84,-5829.67,-6.86,92552.49,10.0,0.865585,29339.78,58656.59,-36.62,,3219.2,,,,,,"EXIT @ 3219.20 (small red CHoCH, realized -2013.28)",685.48,,,,,,"EXIT @ 685.48 (small red CHoCH, realized +3902.22)",184.95,2.0,86.489874,6987.95,104.16,-43.68,,2.27,2.0,13278.577507,26574.42,0.27,-88.08,
2025-01-10,16249.69,82188.28,3036.45,3.84,94726.11,10.0,0.865585,31221.24,58656.59,-38.08,,3267.04,,,,,,,693.21,,,,,,,187.68,2.0,86.489874,7224.07,104.16,-44.5,,2.34,2.0,13278.577507,27493.29,0.27,-88.43,
2025-01-11,16249.69,85235.04,3046.76,3.71,94599.99,10.0,0.865585,31112.07,58656.59,-38.0,,3282.83,,,,,,,696.7,,,,,,,188.09,2.0,86.489874,7259.53,104.16,-44.62,,2.58,2.0,13278.577507,30613.76,0.27,-89.49,
2025-01-12,16249.69,84270.42,-964.62,-1.13,94545.06,10.0,0.865585,31064.52,58656.59,-37.96,,3267.3,,,,,,,693.34,,,,,,,188.51,2.0,86.489874,7295.85,104.16,-44.75,,2.5,2.0,13278.577507,29660.36,0.27,-89.18,
2025-01-13,16249.69,84021.84,-248.58,-0.29,94536.1,10.0,0.865585,31056.77,58656.59,-37.95,,3137.51,,,,,,,688.64,,,,,,,182.87,2.0,86.489874,6808.05,104.16,-43.04,,2.52,2.0,13278.577507,29907.34,0.27,-89.26,
2025-01-14,16249.69,88094.39,4072.55,4.85,96560.86,10.0,0.865585,32809.37,58656.59,-39.25,,3225.63,,,,,,,698.89,,,,,,,187.57,2.0,86.489874,7214.55,104.16,-44.47,,2.67,2.0,13278.577507,31820.78,0.27,-89.84,
2025-01-15,16249.69,99398.95,11304.56,12.83,100497.35,10.0,0.865585,36216.74,58656.59,-41.63,,3451.52,,,,,,,714.59,,,,,,,205.86,2.0,86.489874,8796.45,104.16,-49.4,,3.14,2.0,13278.577507,38136.07,0.27,-91.38,
2025-01-16,16249.69,100771.2,1372.25,1.38,99987.3,10.0,0.865585,35775.24,58656.59,-41.34,,3308.05,,,,,,,708.1,,,,,,,211.14,2.0,86.489874,9253.12,104.16,-50.67,,3.25,2.0,13278.577507,39493.15,0.27,-91.65,
2025-01-17,16249.69,105660.94,4889.74,4.85,104077.48,10.0,0.865585,39315.64,58656.59,-43.64,,3473.63,,,,,,,721.76,,,,,,,219.51,2.0,86.489874,9977.04,104.16,-52.55,,3.29,2.0,13278.577507,40118.57,0.27,-91.77,
2025-01-18,16249.69,109448.93,3787.99,3.59,104556.23,10.0,0.865585,39730.04,58656.59,-43.9,,3307.71,,,,,,,709.52,,,,,,,261.97,2.0,86.489874,13649.4,104.16,-60.24,,3.27,2.0,13278.577507,39819.8,0.27,-91.71,
2025-01-19,16249.69,101702.09,-7746.83,-7.08,101331.57,10.0,0.865585,36938.82,58656.59,-42.11,,3215.12,,,,,,,683.19,,,,,,,252.42,2.0,86.489874,12823.42,104.16,-58.74,,2.96,2.0,13278.577507,35690.16,0.27,-90.84,
2025-01-20,16249.69,103567.58,1865.49,1.83,102260.01,10.0,0.865585,37742.47,58656.59,-42.64,,3284.0,,,,,,,682.51,,,,,,,242.19,2.0,86.489874,11938.63,104.16,-56.99,,3.11,2.0,13278.577507,37636.8,0.27,-91.28,
2025-01-21,16249.69,108542.96,4975.38,4.8,106143.82,10.0,0.865585,41104.24,58656.59,-44.74,,3327.54,,,,,,,692.21,,,,,,,250.33,2.0,86.489874,12642.66,104.16,-58.39,,3.17,2.0,13278.577507,38546.38,0.27,-91.46,
2025-01-22,16249.69,107127.73,-1415.23,-1.3,103706.66,10.0,0.865585,38994.67,58656.59,-43.44,,3242.6,,,,,,,695.52,,,,,,,257.36,2.0,86.489874,13250.68,104.16,-59.53,,3.18,2.0,13278.577507,38632.69,0.27,-91.48,
2025-01-23,16249.69,106127.78,-999.94,-0.93,103910.34,10.0,0.865585,39170.97,58656.59,-43.55,,3338.21,,,,,,,689.74,,,,,,,253.11,2.0,86.489874,12883.1,104.16,-58.85,,3.12,2.0,13278.577507,37824.03,0.27,-91.32,
2025-01-24,16249.69,106735.72,607.93,0.57,104870.5,10.0,0.865585,40002.07,58656.59,-44.07,,3310.09,,,,,,,680.45,,,,,,,253.37,2.0,86.489874,12905.59,104.16,-58.89,,3.1,2.0,13278.577507,37578.37,0.27,-91.26,
2025-01-25,16249.69,106985.89,250.18,0.23,104746.85,10.0,0.865585,39895.04,58656.59,-44.0,,3318.77,,,,,,,686.4,,,,,,,256.41,2.0,86.489874,13168.52,104.16,-59.38,,3.11,2.0,13278.577507,37672.65,0.27,-91.28,
2025-01-26,16249.69,102630.9,-4355.0,-4.07,102620.0,10.0,0.865585,38054.07,58656.59,-42.84,,3232.61,,,,,,,667.37,,,,,,,240.5,2.0,86.489874,11792.46,104.16,-56.69,,3.02,2.0,13278.577507,36534.68,0.27,-91.04,
2025-01-27,16249.69,102117.59,-513.31,-0.5,102082.83,10.0,0.865585,37589.1,58656.59,-42.54,,3182.44,,,,,,,679.74,,,,,,,234.89,2.0,86.489874,11307.25,104.16,-55.66,,3.06,2.0,13278.577507,36971.54,0.27,-91.13,
2025-01-28,26879.72,100820.07,-1297.52,-1.27,101335.52,10.0,0.865585,36942.24,58656.59,-42.12,,3077.72,,,,,,,661.29,,,,,,,227.06,,,,,,"EXIT @ 227.06 (small red CHoCH, realized +1621.69)",3.06,2.0,13278.577507,36998.1,0.27,-91.14,
2025-01-29,26879.72,103042.89,2222.82,2.2,103733.24,10.0,0.865585,39017.67,58656.59,-43.45,,3113.9,,,,,,,667.97,,,,,,,228.16,,,,,,,3.07,2.0,13278.577507,37145.49,0.27,-91.17,
2025-01-30,26879.72,104686.98,1644.09,1.6,104722.94,10.0,0.865585,39874.34,58656.59,-43.99,,3247.39,,,,,,,677.53,,,,,,,238.31,,,,,,,3.13,2.0,13278.577507,37932.91,0.27,-91.34,
2025-01-31,26879.72,101486.88,-3200.11,-3.06,102429.56,10.0,0.865585,37889.23,58656.59,-42.73,,3300.99,,,,,,,677.47,,,,,,,231.77,,,,,,,3.04,2.0,13278.577507,36717.92,0.27,-91.08,
2025-02-01,26879.72,97832.09,-3654.78,-3.6,100635.65,10.0,0.865585,36336.45,58656.59,-41.71,,3117.54,,,,,,,652.94,,,,,,,213.03,,,,,,,2.88,2.0,13278.577507,34615.92,0.27,-90.59,
2025-02-02,91337.19,91337.19,-6494.9,-6.64,97700.59,,,,,,"EXIT @ 97700.59 (small red CHoCH, realized +28154.54)",2869.68,,,,,,,617.8,,,,,,,203.51,,,,,,,2.58,,,,,,"EXIT @ 2.58 (small red CHoCH, realized +27064.40)"
2025-02-03,91337.19,91337.19,0.0,0.0,101328.52,,,,,,,2879.9,,,,,,,617.21,,,,,,,216.28,,,,,,,2.7,,,,,,
2025-02-04,91337.19,91337.19,0.0,0.0,97763.13,,,,,,,2731.19,,,,,,,572.69,,,,,,,206.64,,,,,,,2.53,,,,,,
2025-02-05,91337.19,91337.19,0.0,0.0,96612.43,,,,,,,2788.25,,,,,,,569.55,,,,,,,196.12,,,,,,,2.38,,,,,,
2025-02-06,91337.19,91337.19,0.0,0.0,96554.35,,,,,,,2686.64,,,,,,,571.72,,,,,,,189.54,,,,,,,2.33,,,,,,
2025-02-07,91337.19,91337.19,0.0,0.0,96506.8,,,,,,,2622.1,,,,,,,577.71,,,,,,,191.99,,,,,,,2.4,,,,,,
2025-02-08,91337.19,91337.19,0.0,0.0,96444.74,,,,,,,2632.46,,,,,,,612.39,,,,,,,199.32,,,,,,,2.42,,,,,,
2025-02-09,91337.19,91337.19,0.0,0.0,96462.75,,,,,,,2627.18,,,,,,,615.81,,,,,,,200.47,,,,,,,2.39,,,,,,
2025-02-10,91337.19,91337.19,0.0,0.0,97430.82,,,,,,,2661.19,,,,,,,618.65,,,,,,,200.47,,,,,,,2.42,,,,,,
2025-02-11,91337.19,91337.19,0.0,0.0,95778.2,,,,,,,2602.59,,,,,,,642.11,,,,,,,197.96,,,,,,,2.41,,,,,,
2025-02-12,82203.47,91337.19,0.0,0.0,97869.99,,,,,,,2738.27,,,,,,,696.93,2.0,26.211295,9133.72,348.46,-50.0,"ENTRY @ 696.93 (small green CHoCH, margin $9133.72 [10% of portfolio total $91337.19] @ 2x [ADX 34.6, zone red], 26.211295 units)",196.78,,,,,,,2.47,,,,,,
2025-02-13,82203.47,90492.92,-844.27,-0.92,96608.14,,,,,,,2675.87,,,,,,,664.72,2.0,26.211295,8289.45,348.46,-47.58,,194.25,,,,,,,2.56,,,,,,
2025-02-14,82203.47,90361.61,-131.32,-0.15,97500.48,,,,,,,2725.95,,,,,,,659.71,2.0,26.211295,8158.13,348.46,-47.18,,199.39,,,,,,,2.74,,,,,,
2025-02-15,82203.47,90427.13,65.53,0.07,97569.66,,,,,,,2693.04,,,,,,,662.21,2.0,26.211295,8223.66,348.46,-47.38,,194.48,,,,,,,2.76,,,,,,
2025-02-16,82203.47,90712.57,285.44,0.32,96118.12,,,,,,,2661.41,,,,,,,673.1,2.0,26.211295,8509.1,348.46,-48.23,,188.27,,,,,,,2.73,,,,,,
2025-02-17,82203.47,90566.05,-146.52,-0.16,95780.0,,,,,,,2744.05,,,,,,,667.51,2.0,26.211295,8362.58,348.46,-47.8,,177.53,,,,,,,2.66,,,,,,
2025-02-18,82203.47,90059.39,-506.66,-0.56,95671.74,,,,,,,2671.99,,,,,,,648.18,2.0,26.211295,7855.92,348.46,-46.24,,169.32,,,,,,,2.56,,,,,,
2025-02-19,82203.47,90195.69,136.3,0.15,96644.37,,,,,,,2715.5,,,,,,,653.38,2.0,26.211295,7992.22,348.46,-46.67,,168.93,,,,,,,2.74,,,,,,
2025-02-20,82203.47,90273.8,78.11,0.09,98305.0,,,,,,,2738.04,,,,,,,656.36,2.0,26.211295,8070.33,348.46,-46.91,,176.0,,,,,,,2.69,,,,,,
2025-02-21,82203.47,90040.78,-233.02,-0.26,96181.98,,,,,,,2663.0,,,,,,,647.47,2.0,26.211295,7837.31,348.46,-46.18,,168.94,,,,,,,2.57,,,,,,
2025-02-22,82203.47,90593.84,553.06,0.61,96551.01,,,,,,,2763.22,,,,,,,668.57,2.0,26.211295,8390.37,348.46,-47.88,,172.07,,,,,,,2.57,,,,,,
2025-02-23,82203.47,90327.79,-266.04,-0.29,96258.0,,,,,,,2819.69,,,,,,,658.42,2.0,26.211295,8124.32,348.46,-47.08,,167.94,,,,,,,2.58,,,,,,
2025-02-24,89168.73,89168.73,-1159.06,-1.28,91552.88,,,,,,,2513.52,,,,,,,614.2,,,,,,"EXIT @ 614.20 (small red CHoCH, realized -2168.46)",141.81,,,,,,,2.28,,,,,,
2025-02-25,89168.73,89168.73,0.0,0.0,88680.4,,,,,,,2495.7,,,,,,,623.49,,,,,,,144.33,,,,,,,2.32,,,,,,
2025-02-26,89168.73,89168.73,0.0,0.0,84250.09,,,,,,,2336.37,,,,,,,611.57,,,,,,,135.32,,,,,,,2.2,,,,,,
2025-02-27,89168.73,89168.73,0.0,0.0,84708.58,,,,,,,2307.72,,,,,,,605.41,,,,,,,137.68,,,,,,,2.2,,,,,,
2025-02-28,89168.73,89168.73,0.0,0.0,84349.94,,,,,,,2237.59,,,,,,,588.07,,,,,,,148.18,,,,,,,2.15,,,,,,
2025-03-01,89168.73,89168.73,0.0,0.0,86064.53,,,,,,,2217.39,,,,,,,607.93,,,,,,,143.66,,,,,,,2.19,,,,,,
2025-03-02,80251.86,89168.73,0.0,0.0,94270.0,,,,,,,2518.11,,,,,,,623.94,,,,,,,178.71,,,,,,,2.94,2.0,6066.725377,8916.87,1.47,-50.0,"ENTRY @ 2.94 (small green CHoCH, margin $8916.87 [10% of portfolio total $89168.73] @ 2x [ADX 35.1, zone red], 6066.725377 units)"
2025-03-03,80251.86,85818.08,-3350.65,-3.76,86220.61,,,,,,,2149.01,,,,,,,576.1,,,,,,,142.16,,,,,,,2.39,2.0,6066.725377,5566.22,1.47,-38.43,
2025-03-04,80251.86,86224.55,406.47,0.47,87281.98,,,,,,,2171.51,,,,,,,584.01,,,,,,,144.79,,,,,,,2.45,2.0,6066.725377,5972.69,1.47,-40.11,
2025-03-05,80251.86,86500.58,276.04,0.32,90606.01,,,,,,,2241.59,,,,,,,598.24,,,,,,,146.28,,,,,,,2.5,2.0,6066.725377,6248.73,1.47,-41.2,
2025-03-06,80251.86,87109.08,608.49,0.7,89931.89,,,,,,,2202.2,,,,,,,596.5,,,,,,,143.31,,,,,,,2.6,2.0,6066.725377,6857.22,1.47,-43.47,
2025-03-07,80251.86,85807.16,-1301.92,-1.49,86801.75,,,,,,,2141.6,,,,,,,594.77,,,,,,,139.39,,,,,,,2.39,2.0,6066.725377,5555.3,1.47,-38.39,
2025-03-08,80251.86,85446.79,-360.36,-0.42,86222.45,,,,,,,2203.58,,,,,,,593.1,,,,,,,137.01,,,,,,,2.33,2.0,6066.725377,5194.94,1.47,-36.81,
2025-03-09,80251.86,84309.89,-1136.9,-1.33,80734.37,,,,,,,2020.41,,,,,,,554.65,,,,,,,126.51,,,,,,,2.14,2.0,6066.725377,4058.03,1.47,-31.28,
2025-03-10,80251.86,83599.48,-710.41,-0.84,78595.86,,,,,,,1865.1,,,,,,,531.49,,,,,,,118.32,,,,,,,2.02,2.0,6066.725377,3347.62,1.47,-27.3,
2025-03-11,80251.86,84506.45,906.98,1.08,82932.99,,,,,,,1923.43,,,,,,,551.61,,,,,,,125.35,,,,,,,2.17,2.0,6066.725377,4254.59,1.47,-32.3,
2025-03-12,80251.86,84922.02,415.57,0.49,83680.12,,,,,,,1908.2,,,,,,,569.87,,,,,,,126.62,,,,,,,2.24,2.0,6066.725377,4670.17,1.47,-34.37,
2025-03-13,80251.86,85001.5,79.47,0.09,81115.78,,,,,,,1864.59,,,,,,,579.8,,,,,,,123.37,,,,,,,2.25,2.0,6066.725377,4749.64,1.47,-34.75,
2025-03-14,80251.86,85630.62,629.12,0.74,83983.2,,,,,,,1911.65,,,,,,,587.76,,,,,,,133.54,,,,,,,2.36,2.0,6066.725377,5378.76,1.47,-37.63,
2025-03-15,71667.74,85841.13,210.52,0.25,84338.44,,,,,,,1937.17,,,,,,,619.83,2.0,27.698282,8584.11,309.92,-50.0,"ENTRY @ 619.83 (small green CHoCH, margin $8584.11 [10% of portfolio total $85841.13] @ 2x [ADX 26.2, zone red], 27.698282 units)",135.86,,,,,,,2.39,2.0,6066.725377,5589.27,1.47,-38.53,
2025-03-16,71667.74,84762.52,-1078.61,-1.26,82574.53,,,,,,,1887.0,,,,,,,602.2,2.0,27.698282,8095.79,309.92,-48.54,,126.13,,,,,,,2.29,2.0,6066.725377,4998.98,1.47,-35.92,
2025-03-17,71667.74,85848.7,1086.18,1.28,84010.03,,,,,,,1926.31,,,,,,,631.69,2.0,27.698282,8912.61,309.92,-50.94,,128.01,,,,,,,2.34,2.0,6066.725377,5268.34,1.47,-37.14,
2025-03-18,71667.74,85419.09,-429.61,-0.5,82715.03,,,,,,,1931.54,,,,,,,627.81,2.0,27.698282,8805.15,309.92,-50.64,,125.33,,,,,,,2.29,2.0,6066.725377,4946.2,1.47,-35.68,
2025-03-19,71667.74,86755.03,1335.94,1.56,86845.94,,,,,,,2056.06,,,,,,,618.7,2.0,27.698282,8552.81,309.92,-49.91,,135.33,,,,,,,2.55,2.0,6066.725377,6534.47,1.47,-42.29,
2025-03-20,71667.74,86408.84,-346.18,-0.4,84223.39,,,,,,,1983.79,,,,,,,630.47,2.0,27.698282,8878.82,309.92,-50.84,,127.6,,,,,,,2.44,2.0,6066.725377,5862.28,1.47,-39.67,
2025-03-21,71667.74,86204.14,-204.7,-0.24,84088.79,,,,,,,1965.75,,,,,,,635.17,2.0,27.698282,9009.0,309.92,-51.21,,128.48,,,,,,,2.38,2.0,6066.725377,5527.39,1.47,-38.27,
2025-03-22,71667.74,85918.67,-285.47,-0.33,83840.59,,,,,,,1980.69,,,,,,,627.01,2.0,27.698282,8782.99,309.92,-50.57,,128.51,,,,,,,2.37,2.0,6066.725377,5467.94,1.47,-38.01,
2025-03-23,71667.74,86243.23,324.56,0.38,86082.5,,,,,,,2005.99,,,,,,,623.79,2.0,27.698282,8693.8,309.92,-50.32,,132.84,,,,,,,2.44,2.0,6066.725377,5881.69,1.47,-39.75,
2025-03-24,63000.06,86676.86,433.63,0.5,87498.16,,,,,,,2081.2,,,,,,,637.08,2.0,27.698282,9061.91,309.92,-51.35,,141.01,2.0,122.937186,8667.69,70.5,-50.0,"ENTRY @ 141.01 (small green CHoCH, margin $8667.69 [10% of portfolio total $86676.86] @ 2x [ADX 25.8, zone red], 122.937186 units)",2.45,2.0,6066.725377,5947.21,1.47,-40.01,
2025-03-25,63000.06,86793.64,116.78,0.13,87392.87,,,,,,,2066.15,,,,,,,629.82,2.0,27.698282,8860.82,309.92,-50.79,,143.64,2.0,122.937186,8991.01,70.5,-50.92,,2.45,2.0,6066.725377,5941.75,1.47,-39.99,
2025-03-26,63000.06,85086.0,-1707.63,-1.97,86909.17,,,,,,,2009.52,,,,,,,617.99,2.0,27.698282,8533.15,309.92,-49.85,,137.34,2.0,122.937186,8216.51,70.5,-48.66,,2.35,2.0,6066.725377,5336.29,1.47,-37.44,
2025-03-27,63000.06,85705.56,619.56,0.73,87232.01,,,,,,,2003.66,,,,,,,637.36,2.0,27.698282,9069.66,309.92,-51.38,,138.43,2.0,122.937186,8350.51,70.5,-49.07,,2.34,2.0,6066.725377,5285.33,1.47,-37.21,
2025-03-28,63000.06,83309.28,-2396.28,-2.8,84424.38,,,,,,,1896.9,,,,,,,619.81,2.0,27.698282,8583.56,309.92,-50.0,,129.49,2.0,122.937186,7251.45,70.5,-45.55,,2.21,2.0,6066.725377,4474.21,1.47,-33.41,
2025-03-29,71117.73,81801.75,-1507.52,-1.81,82648.54,,,,,,,1828.08,,,,,,,602.99,,,,,,"EXIT @ 602.99 (small red CHoCH, realized -466.44)",124.58,2.0,122.937186,6647.83,70.5,-43.41,,2.14,2.0,6066.725377,4036.19,1.47,-31.16,
2025-03-30,71117.73,81842.18,40.43,0.05,82389.99,,,,,,,1807.74,,,,,,,602.2,,,,,,,124.82,2.0,122.937186,6677.33,70.5,-43.51,,2.14,2.0,6066.725377,4047.11,1.47,-31.22,
2025-03-31,71117.73,81522.62,-319.56,-0.39,82550.01,,,,,,,1822.43,,,,,,,604.81,,,,,,,124.54,2.0,122.937186,6642.91,70.5,-43.39,,2.09,2.0,6066.725377,3761.98,1.47,-29.67,
2025-04-01,71117.73,82080.53,557.91,0.68,85158.34,,,,,,,1904.98,,,,,,,611.13,,,,,,,126.67,2.0,122.937186,6904.77,70.5,-44.34,,2.14,2.0,6066.725377,4058.03,1.47,-31.28,
2025-04-02,76885.33,80245.69,-1834.84,-2.24,82516.29,,,,,,,1795.22,,,,,,,590.68,,,,,,,117.42,,,,,,"EXIT @ 117.42 (small red CHoCH, realized -2900.09)",2.02,2.0,6066.725377,3360.36,1.47,-27.37,
2025-04-03,76885.33,80495.03,249.34,0.31,83213.09,,,,,,,1817.23,,,,,,,592.67,,,,,,,117.17,,,,,,,2.06,2.0,6066.725377,3609.7,1.47,-28.82,
2025-04-04,76885.33,80891.79,396.76,0.49,83889.87,,,,,,,1816.87,,,,,,,597.71,,,,,,,122.79,,,,,,,2.13,2.0,6066.725377,4006.47,1.47,-31.0,
2025-04-05,76885.33,80976.73,84.93,0.1,83537.99,,,,,,,1806.01,,,,,,,593.13,,,,,,,120.32,,,,,,,2.14,2.0,6066.725377,4091.4,1.47,-31.45,
2025-04-06,76885.33,79627.49,-1349.24,-1.67,78430.0,,,,,,,1580.76,,,,,,,555.54,,,,,,,105.91,,,,,,,1.92,2.0,6066.725377,2742.16,1.47,-23.52,
2025-04-07,79487.35,79487.35,-140.14,-0.18,79163.24,,,,,,,1553.04,,,,,,,554.6,,,,,,,106.99,,,,,,,1.9,,,,,,"EXIT @ 1.90 (small red CHoCH, realized -6314.85)"
2025-04-08,79487.35,79487.35,0.0,0.0,76322.42,,,,,,,1473.41,,,,,,,553.72,,,,,,,105.4,,,,,,,1.8,,,,,,
2025-04-09,79487.35,79487.35,0.0,0.0,82615.22,,,,,,,1669.51,,,,,,,582.32,,,,,,,119.05,,,,,,,2.05,,,,,,
2025-04-10,79487.35,79487.35,0.0,0.0,79607.3,,,,,,,1522.25,,,,,,,578.03,,,,,,,112.81,,,,,,,1.97,,,,,,
2025-04-11,79487.35,79487.35,0.0,0.0,83423.84,,,,,,,1566.85,,,,,,,585.93,,,,,,,121.41,,,,,,,2.02,,,,,,
2025-04-12,79487.35,79487.35,0.0,0.0,85276.9,,,,,,,1644.18,,,,,,,597.29,,,,,,,132.24,,,,,,,2.16,,,,,,
2025-04-13,79487.35,79487.35,0.0,0.0,83760.0,,,,,,,1597.76,,,,,,,584.28,,,,,,,128.38,,,,,,,2.12,,,,,,
2025-04-14,79487.35,79487.35,0.0,0.0,84591.58,,,,,,,1623.77,,,,,,,584.54,,,,,,,129.42,,,,,,,2.13,,,,,,
2025-04-15,79487.35,79487.35,0.0,0.0,83643.99,,,,,,,1588.78,,,,,,,579.52,,,,,,,126.11,,,,,,,2.08,,,,,,
2025-04-16,79487.35,79487.35,0.0,0.0,84030.38,,,,,,,1577.14,,,,,,,582.8,,,,,,,131.33,,,,,,,2.08,,,,,,
2025-04-17,79487.35,79487.35,0.0,0.0,84947.91,,,,,,,1583.62,,,,,,,590.49,,,,,,,134.83,,,,,,,2.07,,,,,,
2025-04-18,79487.35,79487.35,0.0,0.0,84474.69,,,,,,,1588.6,,,,,,,591.71,,,,,,,134.04,,,,,,,2.06,,,,,,
2025-04-19,79487.35,79487.35,0.0,0.0,85077.01,,,,,,,1613.27,,,,,,,591.73,,,,,,,139.87,,,,,,,2.09,,,,,,
2025-04-20,79487.35,79487.35,0.0,0.0,85179.24,,,,,,,1587.36,,,,,,,592.77,,,,,,,137.86,,,,,,,2.08,,,,,,
2025-04-21,63589.88,79487.35,0.0,0.0,87516.23,10.0,1.816517,15897.47,78764.61,-10.0,"ENTRY @ 87516.23 (small green CHoCH, margin $15897.47 [20% of portfolio total $79487.35] @ 10x [ADX 12.6, zone green], 1.816517 units)",1579.57,,,,,,,597.34,,,,,,,136.56,,,,,,,2.09,,,,,,
2025-04-22,36513.86,90253.41,10766.06,13.54,93442.99,10.0,1.816517,26663.53,78764.61,-15.71,,1756.26,2.0,10.277909,9025.34,878.13,-50.0,"ENTRY @ 1756.26 (small green CHoCH, margin $9025.34 [10% of portfolio total $90253.41] @ 2x [ADX 28.3, zone red], 10.277909 units)",618.51,2.0,29.184138,9025.34,309.26,-50.0,"ENTRY @ 618.51 (small green CHoCH, margin $9025.34 [10% of portfolio total $90253.41] @ 2x [ADX 18.9, zone red], 29.184138 units)",148.79,10.0,606.582476,9025.34,133.91,-10.0,"ENTRY @ 148.79 (small green CHoCH, margin $9025.34 [10% of portfolio total $90253.41] @ 10x [ADX 14.6, zone green], 606.582476 units)",2.21,,,,,,
2025-04-23,36513.86,92130.6,1877.19,2.08,93691.08,10.0,1.816517,27114.19,78764.61,-15.93,,1795.07,2.0,10.277909,9424.23,878.13,-51.08,,605.71,2.0,29.184138,8651.78,309.26,-48.94,,151.1,10.0,606.582476,10426.55,133.91,-11.38,,2.22,,,,,,
2025-04-24,36513.86,93153.16,1022.56,1.11,93980.47,10.0,1.816517,27639.87,78764.61,-16.19,,1769.65,2.0,10.277909,9162.96,878.13,-50.38,,601.55,2.0,29.184138,8530.38,309.26,-48.59,,152.55,10.0,606.582476,11306.09,133.91,-12.22,,2.2,,,,,,
2025-04-25,36513.86,93405.21,252.05,0.27,94638.68,10.0,1.816517,28835.52,78764.61,-16.77,,1784.6,2.0,10.277909,9316.62,878.13,-50.79,,599.91,2.0,29.184138,8482.52,309.26,-48.45,,150.82,10.0,606.582476,10256.7,133.91,-11.21,,2.18,,,,,,
2025-04-26,36513.86,92995.72,-409.49,-0.44,94628.0,10.0,1.816517,28816.12,78764.61,-16.76,,1820.88,2.0,10.277909,9689.5,878.13,-51.77,,607.23,2.0,29.184138,8696.14,309.26,-49.07,,149.21,10.0,606.582476,9280.11,133.91,-10.25,,2.19,,,,,,
2025-04-27,27489.93,90239.31,-2756.42,-2.96,93749.3,10.0,1.816517,27219.95,78764.61,-15.98,,1791.29,2.0,10.277909,9385.38,878.13,-50.98,,603.46,2.0,29.184138,8586.12,309.26,-48.75,,147.98,10.0,606.582476,8534.01,133.91,-9.51,,2.25,10.0,40070.739725,9023.93,2.03,-10.0,"ENTRY @ 2.25 (small green CHoCH, margin $9023.93 [10% of portfolio total $90239.31] @ 10x [ADX 14.8, zone green], 40070.739725 units)"
2025-04-28,27489.93,94332.73,4093.42,4.54,95011.18,10.0,1.816517,29512.17,78764.61,-17.1,,1799.88,2.0,10.277909,9473.66,878.13,-51.21,,606.16,2.0,29.184138,8664.92,309.26,-48.98,,147.84,10.0,606.582476,8449.09,133.91,-9.42,,2.29,10.0,40070.739725,10742.97,2.03,-11.68,
2025-04-29,27489.93,89582.46,-4750.27,-5.04,94256.82,10.0,1.816517,28141.86,78764.61,-16.44,,1797.81,2.0,10.277909,9452.39,878.13,-51.16,,601.0,2.0,29.184138,8514.33,309.26,-48.54,,146.31,10.0,606.582476,7521.02,133.91,-8.47,,2.24,10.0,40070.739725,8462.94,2.03,-9.44,
2025-04-30,27489.93,88207.29,-1375.17,-1.54,94172.0,10.0,1.816517,27987.79,78764.61,-16.36,,1793.61,2.0,10.277909,9409.22,878.13,-51.04,,599.88,2.0,29.184138,8481.64,309.26,-48.45,,147.54,10.0,606.582476,8267.11,133.91,-9.24,,2.19,10.0,40070.739725,6571.6,2.03,-7.49,
2025-05-01,27489.93,95737.19,7529.9,8.54,96489.91,10.0,1.816517,32198.31,78764.61,-18.37,,1838.11,2.0,10.277909,9866.59,878.13,-52.23,,599.63,2.0,29.184138,8474.34,309.26,-48.43,,150.85,10.0,606.582476,10274.9,133.91,-11.23,,2.21,10.0,40070.739725,7433.12,2.03,-8.38,
2025-05-02,27489.93,94713.09,-1024.1,-1.07,96887.14,10.0,1.816517,32919.88,78764.61,-18.7,,1842.2,2.0,10.277909,9908.62,878.13,-52.33,,600.69,2.0,29.184138,8505.28,309.26,-48.52,,148.05,10.0,606.582476,8576.47,133.91,-9.55,,2.21,10.0,40070.739725,7312.91,2.03,-8.26,
2025-05-03,27489.93,91014.36,-3698.73,-3.91,95856.42,10.0,1.816517,31047.56,78764.61,-17.83,,1833.52,2.0,10.277909,9819.41,878.13,-52.11,,599.36,2.0,29.184138,8466.46,309.26,-48.4,,146.71,10.0,606.582476,7763.65,133.91,-8.72,,2.19,10.0,40070.739725,6427.35,2.03,-7.33,
2025-05-04,35567.37,84579.59,-6434.77,-7.07,94277.62,10.0,1.816517,28179.65,78764.61,-16.45,,1808.86,2.0,10.277909,9565.96,878.13,-51.45,,586.03,,,,,,"EXIT @ 586.03 (small red CHoCH, realized -947.90)",143.95,10.0,606.582476,6089.48,133.91,-6.97,,2.16,10.0,40070.739725,5177.14,2.03,-5.99,
2025-05-05,35567.37,86186.92,1607.33,1.9,94733.68,10.0,1.816517,29008.09,78764.61,-16.86,,1820.19,2.0,10.277909,9682.41,878.13,-51.76,,597.61,,,,,,,146.72,10.0,606.582476,7769.71,133.91,-8.73,,2.13,10.0,40070.739725,4159.34,2.03,-4.87,
2025-05-06,35567.37,91044.21,4857.3,5.64,96834.02,10.0,1.816517,32823.39,78764.61,-18.66,,1817.0,2.0,10.277909,9649.62,878.13,-51.67,,602.57,,,,,,,146.88,10.0,606.582476,7866.77,133.91,-8.83,,2.15,10.0,40070.739725,5137.07,2.03,-5.95,
2025-05-07,35567.37,90465.47,-578.75,-0.64,97030.5,10.0,1.816517,33180.3,78764.61,-18.82,,1811.11,2.0,10.277909,9589.08,878.13,-51.51,,602.7,,,,,,,147.32,10.0,606.582476,8133.66,133.91,-9.1,,2.13,10.0,40070.739725,3995.05,2.03,-4.69,
2025-05-08,23137.73,124296.32,33830.85,37.4,103261.6,10.0,1.816517,44499.2,78764.61,-23.72,,2207.39,2.0,10.277909,13662.01,878.13,-60.22,,629.17,10.0,197.556011,12429.63,566.25,-10.0,"ENTRY @ 629.17 (small green CHoCH, margin $12429.63 [10% of portfolio total $124296.32] @ 10x [ADX 12.6, zone green], 197.556011 units)",164.46,10.0,606.582476,18530.49,133.91,-18.58,,2.33,10.0,40070.739725,12037.25,2.03,-12.91,
2025-05-09,23137.73,138234.21,13937.9,11.21,102971.99,10.0,1.816517,43973.12,78764.61,-23.51,,2345.04,2.0,10.277909,15076.77,878.13,-62.55,,666.29,10.0,197.556011,19762.91,566.25,-15.01,,172.78,10.0,606.582476,23577.25,133.91,-22.5,,2.34,10.0,40070.739725,12706.43,2.03,-13.53,
2025-05-10,23137.73,151744.71,13510.49,9.77,104809.53,10.0,1.816517,47311.04,78764.61,-24.85,,2583.23,2.0,10.277909,17524.86,878.13,-66.01,,663.9,10.0,197.556011,19290.75,566.25,-14.71,,177.89,10.0,606.582476,26676.89,133.91,-24.72,,2.47,10.0,40070.739725,17803.43,2.03,-17.98,
2025-05-11,23137.73,140241.71,-11503.0,-7.58,104118.0,10.0,1.816517,46054.86,78764.61,-24.35,,2514.57,2.0,10.277909,16819.18,878.13,-65.08,,651.15,10.0,197.556011,16771.91,566.25,-13.04,,173.19,10.0,606.582476,23825.95,133.91,-22.68,,2.37,10.0,40070.739725,13632.07,2.03,-14.37,
2025-05-12,23137.73,147110.96,6869.25,4.9,102791.32,10.0,1.816517,43644.93,78764.61,-23.37,,2495.47,2.0,10.277909,16622.87,878.13,-64.81,,660.07,10.0,197.556011,18534.11,566.25,-14.21,,174.22,10.0,606.582476,24450.73,133.91,-23.14,,2.54,10.0,40070.739725,20720.58,2.03,-20.33,
2025-05-13,23137.73,159534.12,12423.17,8.44,104103.72,10.0,1.816517,46028.92,78764.61,-24.34,,2679.71,2.0,10.277909,18516.48,878.13,-67.23,,664.13,10.0,197.556011,19336.19,566.25,-14.74,,183.75,10.0,606.582476,30231.46,133.91,-27.12,,2.58,10.0,40070.739725,22283.34,2.03,-21.53,
2025-05-14,23137.73,149809.91,-9724.22,-6.1,103507.82,10.0,1.816517,44946.46,78764.61,-23.9,,2609.74,2.0,10.277909,17797.33,878.13,-66.35,,652.47,10.0,197.556011,17032.69,566.25,-13.21,,176.64,10.0,606.582476,25918.66,133.91,-24.19,,2.55,10.0,40070.739725,20977.03,2.03,-20.53,
2025-05-15,23137.73,138393.82,-11416.08,-7.62,103763.71,10.0,1.816517,45411.29,78764.61,-24.09,,2548.69,2.0,10.277909,17169.86,878.13,-65.55,,651.88,10.0,197.556011,16916.13,566.25,-13.14,,169.16,10.0,606.582476,21381.43,133.91,-20.84,,2.39,10.0,40070.739725,14377.38,2.03,-15.04,
2025-05-16,23137.73,135418.82,-2975.01,-2.15,103463.9,10.0,1.816517,44866.68,78764.61,-23.87,,2537.12,2.0,10.277909,17050.95,878.13,-65.39,,646.76,10.0,197.556011,15904.64,566.25,-12.45,,167.4,10.0,606.582476,20313.84,133.91,-20.01,,2.38,10.0,40070.739725,14144.97,2.03,-14.83,
2025-05-17,23137.73,130780.77,-4638.04,-3.42,103126.65,10.0,1.816517,44254.06,78764.61,-23.62,,2475.08,2.0,10.277909,16413.31,878.13,-64.52,,639.51,10.0,197.556011,14472.36,566.25,-11.46,,165.94,10.0,606.582476,19428.23,133.91,-19.3,,2.35,10.0,40070.739725,13075.08,2.03,-13.87,
2025-05-18,23137.73,146899.11,16118.34,12.32,106454.26,10.0,1.816517,50298.72,78764.61,-26.01,,2497.78,2.0,10.277909,16646.62,878.13,-64.84,,651.53,10.0,197.556011,16846.98,566.25,-13.09,,173.3,10.0,606.582476,23892.68,133.91,-22.73,,2.43,10.0,40070.739725,16076.38,2.03,-16.52,
2025-05-19,23137.73,139416.57,-7482.54,-5.09,105573.74,10.0,1.816517,48699.24,78764.61,-25.39,,2528.14,2.0,10.277909,16958.65,878.13,-65.27,,649.62,10.0,197.556011,16469.65,566.25,-12.83,,166.86,10.0,606.582476,19986.29,133.91,-19.75,,2.38,10.0,40070.739725,14165.01,2.03,-14.85,
2025-05-20,23137.73,141865.08,2448.51,1.76,106849.99,10.0,1.816517,51017.57,78764.61,-26.28,,2524.19,2.0,10.277909,16918.06,878.13,-65.21,,650.0,10.0,197.556011,16544.72,566.25,-12.88,,168.59,10.0,606.582476,21035.67,133.91,-20.57,,2.36,10.0,40070.739725,13211.32,2.03,-13.99,
2025-05-21,23137.73,156368.16,14503.08,10.22,109643.99,10.0,1.816517,56092.92,78764.61,-28.16,,2550.99,2.0,10.277909,17193.5,878.13,-65.58,,673.31,10.0,197.556011,21149.75,566.25,-15.9,,173.53,10.0,606.582476,24032.19,133.91,-22.83,,2.4,10.0,40070.739725,14762.06,2.03,-15.38,
2025-05-22,23137.73,169054.6,12686.44,8.11,111696.21,10.0,1.816517,59820.81,78764.61,-29.48,,2664.82,2.0,10.277909,18363.44,878.13,-67.05,,686.57,10.0,197.556011,23769.35,566.25,-17.52,,179.68,10.0,606.582476,27762.67,133.91,-25.47,,2.43,10.0,40070.739725,16200.6,2.03,-16.63,
2025-05-23,23137.73,145005.89,-24048.71,-14.23,107318.3,10.0,1.816517,51868.26,78764.61,-26.61,,2526.5,2.0,10.277909,16941.8,878.13,-65.24,,656.98,10.0,197.556011,17923.66,566.25,-13.81,,174.01,10.0,606.582476,24323.35,133.91,-23.04,,2.3,10.0,40070.739725,10811.09,2.03,-11.75,
2025-05-24,23137.73,150509.47,5503.58,3.8,107761.91,10.0,1.816517,52674.09,78764.61,-26.91,,2530.4,2.0,10.277909,16981.88,878.13,-65.3,,668.01,10.0,197.556011,20102.71,566.25,-15.23,,175.87,10.0,606.582476,25451.59,133.91,-23.86,,2.33,10.0,40070.739725,12161.47,2.03,-13.02,
2025-05-25,23137.73,153640.54,3131.06,2.08,109004.19,10.0,1.816517,54930.71,78764.61,-27.74,,2551.22,2.0,10.277909,17195.87,878.13,-65.58,,669.44,10.0,197.556011,20385.21,566.25,-15.41,,175.74,10.0,606.582476,25372.74,133.91,-23.8,,2.34,10.0,40070.739725,12618.28,2.03,-13.45,
2025-05-26,23137.73,153747.46,106.92,0.07,109434.79,10.0,1.816517,55712.9,78764.61,-28.03,,2563.7,2.0,10.277909,17324.14,878.13,-65.75,,674.29,10.0,197.556011,21343.36,566.25,-16.02,,174.91,10.0,606.582476,24869.27,133.91,-23.44,,2.31,10.0,40070.739725,11360.05,2.03,-12.27,
2025-05-27,23137.73,157688.89,3941.43,2.56,108938.17,10.0,1.816517,54810.78,78764.61,-27.7,,2660.81,2.0,10.277909,18322.22,878.13,-67.0,,686.91,10.0,197.556011,23836.52,566.25,-17.57,,176.71,10.0,606.582476,25961.12,133.91,-24.22,,2.32,10.0,40070.739725,11620.51,2.03,-12.52,
2025-05-28,33051.24,151361.38,-6327.51,-4.01,107781.78,10.0,1.816517,52710.18,78764.61,-26.92,,2681.6,2.0,10.277909,18535.9,878.13,-67.25,,686.89,10.0,197.556011,23832.56,566.25,-17.56,,172.21,10.0,606.582476,23231.5,133.91,-22.24,,2.27,,,,,,"EXIT @ 2.27 (small red CHoCH, realized +889.57)"
2025-05-29,33051.24,141182.28,-10179.11,-6.73,105589.75,10.0,1.816517,48728.32,78764.61,-25.41,,2631.39,2.0,10.277909,18019.85,878.13,-66.63,,675.02,10.0,197.556011,21487.57,566.25,-16.11,,166.71,10.0,606.582476,19895.3,133.91,-19.67,,2.24,,,,,,
2025-05-30,46571.35,126980.66,-14201.62,-10.06,103985.48,10.0,1.816517,45814.14,78764.61,-24.25,,2531.34,2.0,10.277909,16991.54,878.13,-65.31,,655.36,10.0,197.556011,17603.62,566.25,-13.6,,156.2,,,,,,"EXIT @ 156.20 (small red CHoCH, realized +4494.78)",2.14,,,,,,
2025-05-31,46571.35,128572.0,1591.35,1.25,104591.88,10.0,1.816517,46915.67,78764.61,-24.69,,2528.06,2.0,10.277909,16957.83,878.13,-65.26,,658.01,10.0,197.556011,18127.15,566.25,-13.94,,156.45,,,,,,,2.17,,,,,,
2025-06-01,46571.35,131141.11,2569.1,2.0,105642.93,10.0,1.816517,48824.92,78764.61,-25.44,,2539.21,2.0,10.277909,17072.43,878.13,-65.42,,660.77,10.0,197.556011,18672.4,566.25,-14.3,,157.68,,,,,,,2.18,,,,,,
2025-06-02,46571.35,133252.11,2111.0,1.61,105857.99,10.0,1.816517,49215.58,78764.61,-25.59,,2607.41,2.0,10.277909,17773.38,878.13,-66.32,,665.93,10.0,197.556011,19691.79,566.25,-14.97,,156.83,,,,,,,2.2,,,,,,
2025-06-03,46571.35,131376.39,-1875.72,-1.41,105376.89,10.0,1.816517,48341.66,78764.61,-25.25,,2593.36,2.0,10.277909,17628.98,878.13,-66.14,,661.59,10.0,197.556011,18834.4,566.25,-14.41,,155.19,,,,,,,2.24,,,,,,
2025-06-04,46571.35,130612.27,-764.11,-0.58,104696.86,10.0,1.816517,47106.37,78764.61,-24.77,,2607.68,2.0,10.277909,17776.16,878.13,-66.33,,663.23,10.0,197.556011,19158.39,566.25,-14.62,,153.26,,,,,,,2.2,,,,,,
2025-06-05,75606.48,116921.47,-13690.81,-10.48,101508.68,10.0,1.816517,41314.99,78764.61,-22.41,,2414.01,,,,,,"EXIT @ 2414.01 (small red CHoCH, realized +6760.29)",633.32,,,,,,"EXIT @ 633.32 (small red CHoCH, realized +819.86)",144.29,,,,,,,2.09,,,,,,
2025-06-06,75606.48,121970.95,5049.48,4.32,104288.44,10.0,1.816517,46364.47,78764.61,-24.47,,2476.1,,,,,,,642.7,,,,,,,147.83,,,,,,,2.16,,,,,,
2025-06-07,75606.48,124266.5,2295.55,1.88,105552.15,10.0,1.816517,48660.02,78764.61,-25.38,,2524.63,,,,,,,650.82,,,,,,,150.06,,,,,,,2.18,,,,,,
2025-06-08,75606.48,124596.83,330.33,0.27,105734.0,10.0,1.816517,48990.35,78764.61,-25.51,,2509.83,,,,,,,652.0,,,,,,,152.45,,,,,,,2.27,,,,,,
2025-06-09,75606.48,132823.87,8227.04,6.6,110263.02,10.0,1.816517,57217.39,78764.61,-28.57,,2680.13,,,,,,,665.58,,,,,,,161.16,,,,,,,2.32,,,,,,
2025-06-10,62322.02,132844.52,20.65,0.02,110274.39,10.0,1.816517,57238.05,78764.61,-28.57,,2816.4,5.0,23.584101,13284.45,2253.12,-20.0,"ENTRY @ 2816.40 (small green CHoCH, margin $13284.45 [10% of portfolio total $132844.52] @ 5x [ADX 23.4, zone green], 23.584101 units)",673.51,,,,,,,165.12,,,,,,,2.31,,,,,,
2025-06-11,62322.02,128828.6,-4015.93,-3.02,108645.12,10.0,1.816517,54278.45,78764.61,-27.5,,2771.61,5.0,23.584101,12228.12,2253.12,-18.71,,667.43,,,,,,,160.97,,,,,,,2.27,,,,,,
2025-06-12,62322.02,120385.98,-8442.62,-6.55,105671.73,10.0,1.816517,48877.24,78764.61,-25.46,,2642.65,5.0,23.584101,9186.71,2253.12,-14.74,,654.75,,,,,,,152.32,,,,,,,2.19,,,,,,
2025-06-13,62322.02,119606.6,-779.38,-0.65,106066.59,10.0,1.816517,49594.51,78764.61,-25.74,,2579.19,5.0,23.584101,7690.07,2253.12,-12.64,,655.35,,,,,,,148.6,,,,,,,2.15,,,,,,
2025-06-14,62322.02,117280.14,-2326.46,-1.95,105414.64,10.0,1.816517,48410.23,78764.61,-25.28,,2530.76,5.0,23.584101,6547.89,2253.12,-10.97,,645.61,,,,,,,144.64,,,,,,,2.14,,,,,,
2025-06-15,62322.02,118003.37,723.22,0.62,105594.01,10.0,1.816517,48736.06,78764.61,-25.41,,2547.61,5.0,23.584101,6945.28,2253.12,-11.56,,648.19,,,,,,,152.97,,,,,,,2.17,,,,,,
2025-06-16,62322.02,120103.0,2099.64,1.78,106794.53,10.0,1.816517,50916.82,78764.61,-26.25,,2544.17,5.0,23.584101,6864.15,2253.12,-11.44,,650.74,,,,,,,150.72,,,,,,,2.24,,,,,,
2025-06-17,62322.02,115220.85,-4882.15,-4.06,104551.17,10.0,1.816517,46841.72,78764.61,-24.66,,2509.95,5.0,23.584101,6057.1,2253.12,-10.23,,648.08,,,,,,,147.57,,,,,,,2.16,,,,,,
2025-06-18,62322.02,116185.43,964.58,0.84,104886.78,10.0,1.816517,47451.36,78764.61,-24.91,,2525.0,5.0,23.584101,6412.05,2253.12,-10.77,,644.77,,,,,,,146.34,,,,,,,2.17,,,,,,
2025-06-19,62322.02,115679.42,-506.02,-0.44,104658.59,10.0,1.816517,47036.85,78764.61,-24.74,,2521.12,5.0,23.584101,6320.54,2253.12,-10.63,,644.65,,,,,,,147.04,,,,,,,2.16,,,,,,
2025-06-20,65939.12,110504.42,-5175.0,-4.47,103297.99,10.0,1.816517,44565.3,78764.61,-23.75,,2406.49,,,,,,"EXIT @ 2406.49 (small red CHoCH, realized -9667.36)",641.61,,,,,,,140.11,,,,,,,2.12,,,,,,
2025-06-21,108364.6,108364.6,-2139.82,-1.94,102120.01,,,,,,"EXIT @ 102120.01 (small red CHoCH, realized +26528.01)",2295.73,,,,,,,628.97,,,,,,,135.43,,,,,,,2.06,,,,,,
2025-06-22,108364.6,108364.6,0.0,0.0,100963.87,,,,,,,2227.7,,,,,,,615.81,,,,,,,131.71,,,,,,,2.02,,,,,,
2025-06-23,108364.6,108364.6,0.0,0.0,105333.93,,,,,,,2411.66,,,,,,,640.49,,,,,,,144.51,,,,,,,2.16,,,,,,
2025-06-24,108364.6,108364.6,0.0,0.0,106083.0,,,,,,,2448.45,,,,,,,643.53,,,,,,,145.92,,,,,,,2.19,,,,,,
2025-06-25,108364.6,108364.6,0.0,0.0,107340.58,,,,,,,2418.49,,,,,,,646.07,,,,,,,143.57,,,,,,,2.19,,,,,,
2025-06-26,108364.6,108364.6,0.0,0.0,106947.06,,,,,,,2415.96,,,,,,,642.3,,,,,,,139.06,,,,,,,2.11,,,,,,
2025-06-27,108364.6,108364.6,0.0,0.0,107047.59,,,,,,,2423.17,,,,,,,645.71,,,,,,,142.09,,,,,,,2.14,,,,,,
2025-06-28,108364.6,108364.6,0.0,0.0,107296.79,,,,,,,2435.62,,,,,,,648.6,,,,,,,150.72,,,,,,,2.19,,,,,,
2025-06-29,108364.6,108364.6,0.0,0.0,108356.93,,,,,,,2500.09,,,,,,,654.9,,,,,,,153.32,,,,,,,2.21,,,,,,
2025-06-30,108364.6,108364.6,0.0,0.0,107146.5,,,,,,,2485.47,,,,,,,656.9,,,,,,,154.81,,,,,,,2.24,,,,,,
2025-07-01,108364.6,108364.6,0.0,0.0,105681.14,,,,,,,2405.01,,,,,,,646.33,,,,,,,146.88,,,,,,,2.17,,,,,,
2025-07-02,108364.6,108364.6,0.0,0.0,108849.6,,,,,,,2570.41,,,,,,,659.71,,,,,,,152.27,,,,,,,2.23,,,,,,
2025-07-03,86691.68,108364.6,0.0,0.0,109584.78,10.0,1.977731,21672.92,98626.3,-10.0,"ENTRY @ 109584.78 (small green CHoCH, margin $21672.92 [20% of portfolio total $108364.60] @ 10x [ADX 11.8, zone green], 1.977731 units)",2591.25,,,,,,,663.59,,,,,,,152.36,,,,,,,2.26,,,,,,
2025-07-04,86691.68,105199.16,-3165.44,-2.92,107984.24,10.0,1.977731,18507.48,98626.3,-8.67,,2508.04,,,,,,,653.6,,,,,,,147.7,,,,,,,2.22,,,,,,
2025-07-05,86691.68,105622.16,423.0,0.4,108198.12,10.0,1.977731,18930.48,98626.3,-8.85,,2516.41,,,,,,,656.16,,,,,,,147.55,,,,,,,2.22,,,,,,
2025-07-06,86691.68,107611.2,1989.04,1.88,109203.84,10.0,1.977731,20919.52,98626.3,-9.69,,2570.35,,,,,,,663.13,,,,,,,151.86,,,,,,,2.27,,,,,,
2025-07-07,86691.68,105750.35,-1860.85,-1.73,108262.94,10.0,1.977731,19058.68,98626.3,-8.9,,2542.29,,,,,,,661.06,,,,,,,148.88,,,,,,,2.27,,,,,,
2025-07-08,86691.68,107055.74,1305.38,1.23,108922.98,10.0,1.977731,20364.06,98626.3,-9.45,,2615.25,,,,,,,660.63,,,,,,,151.67,,,,,,,2.31,,,,,,
2025-07-09,53203.79,111626.29,4570.56,4.27,111233.99,10.0,1.977731,24934.61,98626.3,-11.33,,2768.74,10.0,40.316639,11162.63,2491.87,-10.0,"ENTRY @ 2768.74 (small green CHoCH, margin $11162.63 [10% of portfolio total $111626.29] @ 10x [ADX 12.9, zone green], 40.316639 units)",668.68,,,,,,,157.05,10.0,710.769126,11162.63,141.35,-10.0,"ENTRY @ 157.05 (small green CHoCH, margin $11162.63 [10% of portfolio total $111626.29] @ 10x [ADX 11.3, zone green], 710.769126 units)",2.4,10.0,46437.428757,11162.63,2.16,-10.0,"ENTRY @ 2.40 (small green CHoCH, margin $11162.63 [10% of portfolio total $111626.29] @ 10x [ADX 15.9, zone green], 46437.428757 units)"
2025-07-10,39177.02,140267.75,28641.46,25.66,116010.0,10.0,1.977731,34380.28,98626.3,-14.98,,2951.29,10.0,40.316639,18522.43,2491.87,-15.57,,685.8,10.0,204.531564,14026.77,617.22,-10.0,"ENTRY @ 685.80 (small green CHoCH, margin $14026.77 [10% of portfolio total $140267.75] @ 10x [ADX 13.1, zone green], 204.531564 units)",164.34,10.0,710.769126,16344.14,141.35,-13.99,,2.55,10.0,46437.428757,17817.11,2.16,-15.06,
2025-07-11,39177.02,151999.03,11731.29,8.36,117527.66,10.0,1.977731,37381.8,98626.3,-16.08,,2958.22,10.0,40.316639,18801.83,2491.87,-15.76,,689.99,10.0,204.531564,14883.76,617.22,-10.55,,162.93,10.0,710.769126,15341.95,141.35,-13.25,,2.73,10.0,46437.428757,26412.68,2.16,-20.82,
2025-07-12,39177.02,149085.94,-2913.1,-1.92,117420.0,10.0,1.977731,37168.88,98626.3,-16.01,,2943.28,10.0,40.316639,18199.5,2491.87,-15.34,,685.86,10.0,204.531564,14039.05,617.22,-10.01,,160.69,10.0,710.769126,13749.83,141.35,-12.04,,2.74,10.0,46437.428757,26751.67,2.16,-21.03,
2025-07-13,39177.02,159609.84,10523.9,7.06,119086.64,10.0,1.977731,40465.04,98626.3,-17.18,,2972.03,10.0,40.316639,19358.6,2491.87,-16.16,,692.0,10.0,204.531564,15294.87,617.22,-10.81,,161.15,10.0,710.769126,14076.78,141.35,-12.29,,2.84,10.0,46437.428757,31237.53,2.16,-23.72,
2025-07-14,39177.02,168613.26,9003.42,5.64,119841.18,10.0,1.977731,41957.32,98626.3,-17.7,,3013.62,10.0,40.316639,21035.37,2491.87,-17.31,,689.12,10.0,204.531564,14705.82,617.22,-10.43,,162.21,10.0,710.769126,14830.2,141.35,-12.86,,2.96,10.0,46437.428757,36907.54,2.16,-26.87,
2025-07-15,39177.02,169104.96,491.7,0.29,117758.09,10.0,1.977731,37837.53,98626.3,-16.25,,3137.89,10.0,40.316639,26045.52,2491.87,-20.59,,689.92,10.0,204.531564,14869.44,617.22,-10.54,,163.98,10.0,710.769126,16088.26,141.35,-13.8,,2.92,10.0,46437.428757,35087.19,2.16,-25.88,
2025-07-16,39177.02,196450.2,27345.25,16.17,118630.43,10.0,1.977731,39562.78,98626.3,-16.86,,3371.35,10.0,40.316639,35457.84,2491.87,-26.09,,708.61,10.0,204.531564,18692.14,617.22,-12.9,,173.63,10.0,710.769126,22947.18,141.35,-18.59,,3.04,10.0,46437.428757,40613.25,2.16,-28.79,
2025-07-17,39177.02,226431.53,29981.33,15.26,119177.56,10.0,1.977731,40644.86,98626.3,-17.24,,3476.87,10.0,40.316639,39712.05,2491.87,-28.33,,720.65,10.0,204.531564,21154.7,617.22,-14.35,,175.87,10.0,710.769126,24539.3,141.35,-19.63,,3.48,10.0,46437.428757,61203.6,2.16,-37.86,
2025-07-18,39177.02,226523.26,91.73,0.04,117924.84,10.0,1.977731,38167.31,98626.3,-16.37,,3546.92,10.0,40.316639,42536.23,2491.87,-29.75,,729.92,10.0,204.531564,23050.71,617.22,-15.44,,177.28,10.0,710.769126,25541.49,141.35,-20.27,,3.41,10.0,46437.428757,58050.5,2.16,-36.62,
2025-07-19,39177.02,229122.93,2599.67,1.15,117840.0,10.0,1.977731,37999.52,98626.3,-16.3,,3592.01,10.0,40.316639,44354.11,2491.87,-30.63,,733.2,10.0,204.531564,23721.57,617.22,-15.82,,176.96,10.0,710.769126,25314.04,141.35,-20.13,,3.42,10.0,46437.428757,58556.67,2.16,-36.82,
2025-07-20,39177.02,244008.04,14885.11,6.5,117265.12,10.0,1.977731,36862.56,98626.3,-15.89,,3756.69,10.0,40.316639,50993.45,2491.87,-33.67,,756.82,10.0,204.531564,28552.61,617.22,-18.45,,181.43,10.0,710.769126,28491.18,141.35,-22.09,,3.45,10.0,46437.428757,59931.22,2.16,-37.36,
2025-07-21,39177.02,260977.6,16969.56,6.95,117380.36,10.0,1.977731,37090.48,98626.3,-15.98,,3762.33,10.0,40.316639,51220.84,2491.87,-33.77,,766.22,10.0,204.531564,30475.2,617.22,-19.45,,195.72,10.0,710.769126,38648.07,141.35,-27.78,,3.55,10.0,46437.428757,64365.99,2.16,-39.05,
2025-07-22,39177.02,276738.48,15760.88,6.04,119954.42,10.0,1.977731,42181.28,98626.3,-17.78,,3746.21,10.0,40.316639,50570.93,2491.87,-33.48,,786.68,10.0,204.531564,34659.92,617.22,-21.54,,205.7,10.0,710.769126,45741.55,141.35,-31.29,,3.55,10.0,46437.428757,64407.78,2.16,-39.07,
2025-07-23,39177.02,238971.63,-37766.85,-13.65,118755.99,10.0,1.977731,39811.1,98626.3,-16.95,,3628.29,10.0,40.316639,45816.8,2491.87,-31.32,,776.74,10.0,204.531564,32626.88,617.22,-20.54,,189.4,10.0,710.769126,34156.01,141.35,-25.37,,3.18,10.0,46437.428757,47383.82,2.16,-32.05,
2025-07-24,39177.02,233665.42,-5306.21,-2.22,118340.99,10.0,1.977731,38990.35,98626.3,-16.66,,3706.94,10.0,40.316639,48987.7,2491.87,-32.78,,770.74,10.0,204.531564,31399.69,617.22,-19.92,,182.87,10.0,710.769126,29514.69,141.35,-22.71,,3.15,10.0,46437.428757,45595.98,2.16,-31.22,
2025-07-25,39177.02,238588.99,4923.57,2.11,117614.31,10.0,1.977731,37553.17,98626.3,-16.14,,3724.96,10.0,40.316639,49714.21,2491.87,-33.1,,785.45,10.0,204.531564,34408.34,617.22,-21.42,,186.76,10.0,710.769126,32279.58,141.35,-24.32,,3.14,10.0,46437.428757,45456.67,2.16,-31.15,
2025-07-26,39177.02,241221.38,2632.4,1.1,117919.99,10.0,1.977731,38157.72,98626.3,-16.36,,3741.1,10.0,40.316639,50364.92,2491.87,-33.39,,793.29,10.0,204.531564,36011.87,617.22,-22.19,,184.88,10.0,710.769126,30943.33,141.35,-23.55,,3.17,10.0,46437.428757,46566.52,2.16,-31.67,
2025-07-27,39177.02,265880.97,24659.58,10.22,119415.55,10.0,1.977731,41115.54,98626.3,-17.41,,3872.1,10.0,40.316639,55646.4,2491.87,-35.65,,844.0,10.0,204.531564,46383.67,617.22,-26.87,,188.64,10.0,710.769126,33615.83,141.35,-25.07,,3.24,10.0,46437.428757,49942.53,2.16,-33.21,
2025-07-28,39177.02,246891.75,-18989.22,-7.14,118062.32,10.0,1.977731,38439.21,98626.3,-16.46,,3799.0,10.0,40.316639,52699.25,2491.87,-34.41,,824.07,10.0,204.531564,42307.35,617.22,-25.1,,183.11,10.0,710.769126,29685.27,141.35,-22.81,,3.12,10.0,46437.428757,44583.65,2.16,-30.74,
2025-07-29,39177.02,241631.52,-5260.23,-2.13,117950.76,10.0,1.977731,38218.58,98626.3,-16.38,,3793.79,10.0,40.316639,52489.2,2491.87,-34.32,,805.1,10.0,204.531564,38427.39,617.22,-23.34,,181.48,10.0,710.769126,28526.72,141.35,-22.12,,3.13,10.0,46437.428757,44792.62,2.16,-30.84,
2025-07-30,39177.02,235600.98,-6030.54,-2.5,117840.3,10.0,1.977731,38000.12,98626.3,-16.31,,3810.0,10.0,40.316639,53142.73,2491.87,-34.6,,793.51,10.0,204.531564,36056.87,617.22,-22.22,,177.77,10.0,710.769126,25889.77,141.35,-20.49,,3.1,10.0,46437.428757,43334.48,2.16,-30.14,
2025-07-31,39177.02,217483.62,-18117.36,-7.69,115764.08,10.0,1.977731,33893.91,98626.3,-14.8,,3698.39,10.0,40.316639,48642.99,2491.87,-32.62,,783.14,10.0,204.531564,33935.88,617.22,-21.19,,172.22,10.0,710.769126,21945.0,141.35,-17.93,,3.02,10.0,46437.428757,39888.82,2.16,-28.42,
2025-08-01,108362.39,189205.25,-28278.37,-13.0,113297.93,,,,,,"EXIT @ 113297.93 (small red CHoCH, realized +7343.61)",3488.2,,,,,,"EXIT @ 3488.20 (small red CHoCH, realized +29006.21)",757.08,10.0,204.531564,28605.78,617.22,-18.47,,162.71,10.0,710.769126,15185.58,141.35,-13.13,,2.96,10.0,46437.428757,37051.5,2.16,-26.94,
2025-08-02,136507.18,173066.37,-16138.87,-8.53,112546.35,,,,,,,3393.94,,,,,,,736.42,10.0,204.531564,24380.16,617.22,-16.19,,158.48,10.0,710.769126,12179.03,141.35,-10.81,,2.77,,,,,,"EXIT @ 2.77 (small red CHoCH, realized +16982.17)"
2025-08-03,136507.18,178571.98,5505.61,3.18,114208.8,,,,,,,3496.74,,,,,,,751.21,10.0,204.531564,27405.18,617.22,-17.84,,161.97,10.0,710.769126,14659.61,141.35,-12.73,,2.95,,,,,,
2025-08-04,136507.18,187522.55,8950.57,5.01,115055.03,,,,,,,3720.99,,,,,,,768.63,10.0,204.531564,30968.12,617.22,-19.7,,169.55,10.0,710.769126,20047.24,141.35,-16.64,,3.07,,,,,,
2025-08-05,136507.18,180880.57,-6641.98,-3.54,114129.75,,,,,,,3612.0,,,,,,,755.13,10.0,204.531564,28206.95,617.22,-18.26,,164.09,10.0,710.769126,16166.44,141.35,-13.86,,2.96,,,,,,
2025-08-06,136507.18,186673.0,5792.42,3.2,114992.27,,,,,,,3683.31,,,,,,,769.55,10.0,204.531564,31156.29,617.22,-19.79,,168.09,10.0,710.769126,19009.52,141.35,-15.91,,2.99,,,,,,
2025-08-07,136507.18,195750.93,9077.94,4.86,117472.01,,,,,,,3910.31,,,,,,,788.67,10.0,204.531564,35066.94,617.22,-21.74,,175.36,10.0,710.769126,24176.81,141.35,-19.4,,3.32,,,,,,
2025-08-08,116732.37,197748.11,1997.18,1.02,116674.74,,,,,,,4009.5,5.0,24.659946,19774.81,3207.6,-20.0,"ENTRY @ 4009.50 (small green CHoCH, margin $19774.81 [10% of portfolio total $197748.11] @ 5x [ADX 38.9, zone green], 24.659946 units)",793.5,10.0,204.531564,36054.82,617.22,-22.22,,176.78,10.0,710.769126,25186.1,141.35,-20.04,,3.29,,,,,,
2025-08-09,116732.37,207284.01,9535.9,4.82,116462.25,,,,,,,4260.62,5.0,24.659946,25967.42,3207.6,-24.72,,798.83,10.0,204.531564,37144.98,617.22,-22.73,,179.95,10.0,710.769126,27439.24,141.35,-21.45,,3.23,,,,,,
2025-08-10,116732.37,210678.38,3394.37,1.64,119294.01,,,,,,,4250.57,5.0,24.659946,25719.58,3207.6,-24.54,,807.22,10.0,204.531564,38861.0,617.22,-23.54,,182.66,10.0,710.769126,29365.43,141.35,-22.62,,3.19,,,,,,
2025-08-11,116732.37,204010.06,-6668.32,-3.17,118686.0,,,,,,,4223.22,5.0,24.659946,25045.13,3207.6,-24.05,,805.09,10.0,204.531564,38425.34,617.22,-23.34,,174.84,10.0,710.769126,23807.21,141.35,-19.16,,3.13,,,,,,
2025-08-12,70590.74,230708.16,26698.1,13.09,120134.08,10.0,3.840845,46141.63,108120.67,-10.0,"ENTRY @ 120134.08 (small green CHoCH, margin $46141.63 [20% of portfolio total $230708.16] @ 10x [ADX 18.2, zone green], 3.840845 units)",4590.52,5.0,24.659946,34102.73,3207.6,-30.13,,832.47,10.0,204.531564,44025.42,617.22,-25.86,,191.78,10.0,710.769126,35847.64,141.35,-26.3,,3.27,,,,,,
2025-08-13,70590.74,256902.38,26194.21,11.35,123306.43,10.0,3.840845,58326.14,108120.67,-12.32,,4749.3,5.0,24.659946,38018.24,3207.6,-32.46,,848.01,10.0,204.531564,47203.84,617.22,-27.22,,201.51,10.0,710.769126,42763.42,141.35,-29.86,,3.27,,,,,,
2025-08-14,70590.74,224684.2,-32218.18,-12.54,118295.09,10.0,3.840845,39078.36,108120.67,-8.6,,4546.84,5.0,24.659946,33025.59,3207.6,-29.45,,840.42,10.0,204.531564,45651.44,617.22,-26.56,,192.47,10.0,710.769126,36338.07,141.35,-26.56,,3.08,,,,,,
2025-08-15,70590.74,210999.15,-13685.05,-6.09,117342.05,10.0,3.840845,35417.88,108120.67,-7.86,,4439.47,5.0,24.659946,30377.85,3207.6,-27.75,,827.81,10.0,204.531564,43072.3,617.22,-25.44,,185.72,10.0,710.769126,31540.38,141.35,-23.89,,3.08,,,,,,
2025-08-16,70590.74,215703.57,4704.42,2.23,117380.66,10.0,3.840845,35566.17,108120.67,-7.89,,4421.99,5.0,24.659946,29946.79,3207.6,-27.46,,838.71,10.0,204.531564,45301.7,617.22,-26.41,,189.6,10.0,710.769126,34298.16,141.35,-25.45,,3.11,,,,,,
2025-08-17,70590.74,221435.98,5732.42,2.66,117405.01,10.0,3.840845,35659.7,108120.67,-7.91,,4472.33,5.0,24.659946,31188.17,3207.6,-28.28,,855.38,10.0,204.531564,48711.24,617.22,-27.84,,190.99,10.0,710.769126,35286.13,141.35,-25.99,,3.09,,,,,,
2025-08-18,70590.74,205544.59,-15891.39,-7.18,116227.05,10.0,3.840845,31135.34,108120.67,-6.97,,4312.99,5.0,24.659946,27258.86,3207.6,-25.63,,846.99,10.0,204.531564,46995.22,617.22,-27.13,,182.94,10.0,710.769126,29564.44,141.35,-22.74,,3.06,,,,,,
2025-08-19,70590.74,177351.66,-28192.94,-13.72,112872.94,10.0,3.840845,18252.72,108120.67,-4.21,,4075.59,5.0,24.659946,21404.59,3207.6,-21.3,,824.11,10.0,204.531564,42315.54,617.22,-25.1,,176.22,10.0,710.769126,24788.07,141.35,-19.79,,2.86,,,,,,
2025-08-20,70590.74,206669.81,29318.16,16.53,114271.24,10.0,3.840845,23623.38,108120.67,-5.38,,4336.16,5.0,24.659946,27830.23,3207.6,-26.03,,869.05,10.0,204.531564,51507.18,617.22,-28.98,,187.94,10.0,710.769126,33118.29,141.35,-24.79,,2.95,,,,,,
2025-08-21,70590.74,185649.62,-21020.2,-10.17,112500.0,10.0,3.840845,16820.32,108120.67,-3.89,,4225.3,5.0,24.659946,25096.43,3207.6,-24.09,,839.49,10.0,204.531564,45461.23,617.22,-26.48,,180.29,10.0,710.769126,27680.9,141.35,-21.6,,2.85,,,,,,
2025-08-22,70590.74,244569.33,58919.71,31.74,116935.99,10.0,3.840845,33858.27,108120.67,-7.54,,4832.07,5.0,24.659946,40059.34,3207.6,-33.62,,900.21,10.0,204.531564,57880.39,617.22,-31.44,,200.69,10.0,710.769126,42180.59,141.35,-29.57,,3.07,,,,,,
2025-08-23,70590.74,235896.95,-8672.38,-3.55,115438.05,10.0,3.840845,28104.91,108120.67,-6.34,,4778.4,5.0,24.659946,38735.84,3207.6,-32.87,,880.42,10.0,204.531564,53832.71,617.22,-29.89,,204.14,10.0,710.769126,44632.75,141.35,-30.76,,3.05,,,,,,
2025-08-24,70590.74,228979.83,-6917.12,-2.93,113493.59,10.0,3.840845,20636.54,108120.67,-4.73,,4780.15,5.0,24.659946,38779.0,3207.6,-32.9,,876.51,10.0,204.531564,53032.99,617.22,-29.58,,205.98,10.0,710.769126,45940.56,141.35,-31.38,,3.03,,,,,,
2025-08-25,78239.04,185074.94,-43904.89,-19.17,110111.98,,,,,,"EXIT @ 110111.98 (small red CHoCH, realized -38493.33)",4376.18,5.0,24.659946,28817.12,3207.6,-26.7,,839.32,10.0,204.531564,45426.46,617.22,-26.46,,187.2,10.0,710.769126,32592.32,141.35,-24.5,,2.86,,,,,,
2025-08-26,78239.04,201751.61,16676.67,9.01,111763.22,,,,,,,4600.63,5.0,24.659946,34352.05,3207.6,-30.28,,863.7,10.0,204.531564,50412.94,617.22,-28.54,,195.86,10.0,710.769126,38747.58,141.35,-27.83,,3.01,,,,,,
2025-08-27,78239.04,202732.29,980.68,0.49,111262.01,,,,,,,4506.71,5.0,24.659946,32035.98,3207.6,-28.83,,855.18,10.0,204.531564,48670.33,617.22,-27.83,,202.95,10.0,710.769126,43786.93,141.35,-30.35,,2.97,,,,,,
2025-08-28,78239.04,214743.77,12011.48,5.92,112566.9,,,,,,,4511.21,5.0,24.659946,32146.95,3207.6,-28.9,,873.47,10.0,204.531564,52411.21,617.22,-29.34,,214.43,10.0,710.769126,51946.56,141.35,-34.08,,2.97,,,,,,
2025-08-29,78239.04,202089.07,-12654.7,-5.89,108377.4,,,,,,,4360.18,5.0,24.659946,28422.56,3207.6,-26.43,,862.3,10.0,204.531564,50126.6,617.22,-28.42,,205.08,10.0,710.769126,45300.87,141.35,-31.08,,2.82,,,,,,
2025-08-30,78239.04,200669.48,-1419.59,-0.7,108816.33,,,,,,,4373.7,5.0,24.659946,28755.96,3207.6,-26.66,,862.0,10.0,204.531564,50065.24,617.22,-28.4,,202.7,10.0,710.769126,43609.24,141.35,-30.27,,2.82,,,,,,
2025-08-31,78239.04,198748.45,-1921.03,-0.96,108246.35,,,,,,,4391.83,5.0,24.659946,29203.05,3207.6,-26.96,,857.65,10.0,204.531564,49175.52,617.22,-28.03,,200.62,10.0,710.769126,42130.84,141.35,-29.55,,2.78,,,,,,
2025-09-01,78239.04,192047.72,-6700.73,-3.37,109237.42,,,,,,,4314.5,5.0,24.659946,27296.09,3207.6,-25.66,,845.68,10.0,204.531564,46727.28,617.22,-27.01,,197.32,10.0,710.769126,39785.3,141.35,-28.37,,2.76,,,,,,
2025-09-02,78239.04,202359.16,10311.44,5.37,111240.01,,,,,,,4326.5,5.0,24.659946,27592.01,3207.6,-25.86,,851.8,10.0,204.531564,47979.01,617.22,-27.54,,209.65,10.0,710.769126,48549.09,141.35,-32.58,,2.86,,,,,,
2025-09-03,78239.04,206817.48,4458.32,2.2,111705.71,,,,,,,4450.46,5.0,24.659946,30648.86,3207.6,-27.93,,854.76,10.0,204.531564,48584.43,617.22,-27.79,,210.77,10.0,710.769126,49345.15,141.35,-32.94,,2.84,,,,,,
2025-09-04,78239.04,194764.29,-12053.19,-5.83,110730.87,,,,,,,4297.55,5.0,24.659946,26878.11,3207.6,-25.36,,843.63,10.0,204.531564,46307.99,617.22,-26.84,,202.32,10.0,710.769126,43339.15,141.35,-30.14,,2.79,,,,,,
2025-09-05,78239.04,197079.12,2314.83,1.19,110659.99,,,,,,,4307.45,5.0,24.659946,27122.24,3207.6,-25.53,,850.14,10.0,204.531564,47639.49,617.22,-27.4,,203.36,10.0,710.769126,44078.35,141.35,-30.5,,2.81,,,,,,
2025-09-06,78239.04,196149.11,-930.01,-0.47,110187.97,,,,,,,4273.14,5.0,24.659946,26276.16,3207.6,-24.94,,860.85,10.0,204.531564,49830.02,617.22,-28.3,,200.16,10.0,710.769126,41803.89,141.35,-29.38,,2.81,,,,,,
2025-09-07,78239.04,205290.79,9141.68,4.66,111137.34,,,,,,,4306.19,5.0,24.659946,27091.17,3207.6,-25.51,,880.05,10.0,204.531564,53757.03,617.22,-29.87,,206.35,10.0,710.769126,46203.55,141.35,-31.5,,2.88,,,,,,
2025-09-08,78239.04,210407.87,5117.08,2.49,112065.23,,,,,,,4306.37,5.0,24.659946,27095.61,3207.6,-25.51,,878.08,10.0,204.531564,53354.1,617.22,-29.71,,214.11,10.0,710.769126,51719.12,141.35,-33.98,,2.97,,,,,,
2025-09-09,78239.04,213097.74,2689.87,1.28,111546.39,,,,,,,4310.09,5.0,24.659946,27187.34,3207.6,-25.58,,880.01,10.0,204.531564,53748.85,617.22,-29.86,,217.21,10.0,710.769126,53922.5,141.35,-34.93,,2.95,,,,,,
2025-09-10,78239.04,221755.38,8657.64,4.06,113960.0,,,,,,,4349.32,5.0,24.659946,28154.75,3207.6,-26.25,,893.77,10.0,204.531564,56563.2,617.22,-30.94,,224.07,10.0,710.769126,58798.38,141.35,-36.92,,2.98,,,,,,
2025-09-11,78239.04,229608.61,7853.23,3.54,115482.69,,,,,,,4458.82,5.0,24.659946,30855.02,3207.6,-28.06,,902.77,10.0,204.531564,58403.99,617.22,-31.63,,228.73,10.0,710.769126,62110.56,141.35,-38.2,,3.04,,,,,,
2025-09-12,78239.04,249921.63,20313.03,8.85,116029.42,,,,,,,4712.16,5.0,24.659946,37102.37,3207.6,-31.93,,924.8,10.0,204.531564,62909.82,617.22,-33.26,,242.18,10.0,710.769126,71670.4,141.35,-41.64,,3.11,,,,,,
2025-09-13,78239.04,250754.8,833.16,0.33,115918.29,,,,,,,4666.53,5.0,24.659946,35977.14,3207.6,-31.26,,933.68,10.0,204.531564,64726.06,617.22,-33.89,,242.38,10.0,710.769126,71812.56,141.35,-41.68,,3.12,,,,,,
2025-09-14,78239.04,245896.19,-4858.61,-1.94,115268.01,,,,,,,4604.49,5.0,24.659946,34447.23,3207.6,-30.34,,926.51,10.0,204.531564,63259.57,617.22,-33.38,,239.76,10.0,710.769126,69950.34,141.35,-41.05,,3.03,,,,,,
2025-09-15,78239.04,238634.25,-7261.93,-2.95,115349.71,,,,,,,4523.74,5.0,24.659946,32455.94,3207.6,-29.09,,919.68,10.0,204.531564,61862.62,617.22,-32.89,,234.31,10.0,710.769126,66076.65,141.35,-39.68,,3.0,,,,,,
2025-09-16,78239.04,247321.18,8686.92,3.64,116788.96,,,,,,,4501.29,5.0,24.659946,31902.33,3207.6,-28.74,,955.65,10.0,204.531564,69219.62,617.22,-35.41,,236.96,10.0,710.769126,67960.19,141.35,-40.35,,3.04,,,,,,
2025-09-17,78239.04,262144.26,14823.08,5.99,116447.59,,,,,,,4590.53,5.0,24.659946,34102.98,3207.6,-30.13,,989.98,10.0,204.531564,76241.19,617.22,-37.65,,244.84,10.0,710.769126,73561.05,141.35,-42.27,,3.08,,,,,,
2025-09-18,78239.04,262135.62,-8.64,-0.0,117073.53,,,,,,,4587.66,5.0,24.659946,34032.21,3207.6,-30.08,,981.04,10.0,204.531564,74412.67,617.22,-37.09,,247.5,10.0,710.769126,75451.7,141.35,-42.89,,3.07,,,,,,
2025-09-19,78239.04,253449.63,-8685.99,-3.31,115632.38,,,,,,,4468.59,5.0,24.659946,31095.95,3207.6,-28.22,,984.1,10.0,204.531564,75038.54,617.22,-37.28,,238.53,10.0,710.769126,69076.1,141.35,-40.74,,2.99,,,,,,
2025-09-20,78239.04,266620.98,13171.36,5.2,115685.63,,,,,,,4480.42,5.0,24.659946,31387.67,3207.6,-28.41,,1043.77,10.0,204.531564,87242.94,617.22,-40.87,,239.48,10.0,710.769126,69751.33,141.35,-40.98,,2.98,,,,,,
2025-09-21,78239.04,264211.3,-2409.69,-0.9,115232.29,,,,,,,4444.97,5.0,24.659946,30513.48,3207.6,-27.84,,1047.8,10.0,204.531564,88067.2,617.22,-41.09,,236.16,10.0,710.769126,67391.57,141.35,-40.15,,2.97,,,,,,
2025-09-22,102688.89,235702.94,-28508.35,-10.79,112650.99,,,,,,,4199.08,,,,,,"EXIT @ 4199.08 (small red CHoCH, realized +4675.03)",992.9,10.0,204.531564,76838.42,617.22,-37.84,,220.38,10.0,710.769126,56175.64,141.35,-35.86,,2.85,,,,,,
2025-09-23,102688.89,235391.29,-311.66,-0.13,111998.8,,,,,,,4164.26,,,,,,,1015.98,10.0,204.531564,81559.01,617.22,-39.25,,213.3,10.0,710.769126,51143.39,141.35,-33.73,,2.82,,,,,,
2025-09-24,102688.89,234696.35,-694.93,-0.3,113307.0,,,,,,,4152.81,,,,,,,1018.49,10.0,204.531564,82072.38,617.22,-39.4,,211.6,10.0,710.769126,49935.08,141.35,-33.2,,2.93,,,,,,
2025-09-25,139218.87,206444.3,-28252.05,-12.04,108994.49,,,,,,,3874.36,,,,,,,945.9,10.0,204.531564,67225.43,617.22,-34.75,,192.74,,,,,,"EXIT @ 192.74 (small red CHoCH, realized +25367.35)",2.74,,,,,,
2025-09-26,139218.87,209491.82,3047.52,1.48,109643.46,,,,,,,4032.24,,,,,,,960.8,10.0,204.531564,70272.95,617.22,-35.76,,205.17,,,,,,,2.78,,,,,,
2025-09-27,139218.87,211056.49,1564.67,0.75,109635.85,,,,,,,4018.38,,,,,,,968.45,10.0,204.531564,71837.62,617.22,-36.27,,203.46,,,,,,,2.8,,,,,,
2025-09-28,139218.87,216079.78,5023.3,2.38,112163.95,,,,,,,4142.16,,,,,,,993.01,10.0,204.531564,76860.92,617.22,-37.84,,210.83,,,,,,,2.87,,,,,,
2025-09-29,139218.87,223602.45,7522.67,3.48,114311.96,,,,,,,4215.07,,,,,,,1029.79,10.0,204.531564,84383.59,617.22,-40.06,,212.75,,,,,,,2.88,,,,,,
2025-09-30,139218.87,219250.02,-4352.43,-1.95,114048.93,,,,,,,4145.15,,,,,,,1008.51,10.0,204.531564,80031.16,617.22,-38.8,,208.68,,,,,,,2.85,,,,,,
