date,open,high,low,close,volume,pct_change,ema12,ema20,ema26,az_bullish,adx14,di_plus,di_minus,big_swing_high,big_swing_low,big_pivot_label,big_break,small_swing_high,small_swing_low,small_pivot_label,small_break,structure_action,a_liquidate_price,a_pct_liquidate,a_leverage,a_position_size,a_notional,a_total,a_pnl,a_pct_pnl,a_margin,a_position,a_unrealized,a_realized,a_action,b_liquidate_price,b_pct_liquidate,b_leverage,b_position_size,b_notional,b_total,b_pnl,b_pct_pnl,b_margin,b_position,b_unrealized,b_realized,b_action
2022-07-10,1217.02,1219.95,1153.0,1168.36,1018038.65,-4.0,1171.72,1196.19,1236.73,False,34.45,18.0,24.69,,,,,,,,,,,,,,,2000.0,0.0,0.0,0.0,0.0,,2000.0,,,,,,,2000.0,0.0,0.0,0.0,0.0,,2000.0,
2022-07-11,1168.37,1171.29,1091.71,1096.4,1201652.3,-6.16,1160.13,1186.69,1226.34,False,33.72,16.93,27.8,,,,,,,,,,,,,,,2000.0,0.0,0.0,0.0,0.0,,2000.0,,,,,,,2000.0,0.0,0.0,0.0,0.0,,2000.0,
2022-07-12,1096.37,1098.26,1033.46,1038.58,1261349.63,-5.27,1141.43,1172.58,1212.43,False,33.56,16.09,30.88,,,,,,,,,,,,,,,2000.0,0.0,0.0,0.0,0.0,,2000.0,,,,,,,2000.0,0.0,0.0,0.0,0.0,,2000.0,
2022-07-13,1038.58,1119.18,1006.32,1115.0,2035605.83,7.36,1137.36,1167.1,1205.21,False,33.63,14.73,30.3,,,,,,1006.32,HL,,SMALL LH confirmed @ 1276.46,,,,,,2000.0,0.0,0.0,0.0,0.0,,2000.0,,,,,,,2000.0,0.0,0.0,0.0,0.0,,2000.0,
2022-07-14,1115.01,1214.65,1072.11,1193.42,1605101.93,7.03,1145.99,1169.61,1204.34,False,32.29,20.14,27.16,,,,,,,,,,,,,,,2000.0,0.0,0.0,0.0,0.0,,2000.0,,,,,,,2000.0,0.0,0.0,0.0,0.0,,2000.0,
2022-07-15,1193.42,1287.82,1181.05,1231.25,1466037.26,3.17,1159.1,1175.48,1206.33,False,30.16,23.87,25.06,,,,,,,,,,,,,,,2000.0,0.0,0.0,0.0,0.0,,2000.0,,,,,,,2000.0,0.0,0.0,0.0,0.0,,2000.0,
2022-07-16,1231.25,1422.91,1191.23,1355.85,1493809.92,10.12,1189.37,1192.66,1217.41,False,29.12,29.13,21.23,,,,,,,,BULL_CHOCH,SMALL BULL CHOCH @ 1355.85 (level 1276.46),677.92,-50.0,1.0,1.475089,2000.0,2000.0,0.0,0.0,1000.0,1000.0,0.0,1000.0,"ENTRY @ 1355.85 (small green CHoCH, margin $1000.00 [50% of bank] @ 2x [ADX 29.1, zone red], 1.475089 units)",,,,,,2000.0,0.0,0.0,0.0,0.0,,2000.0,
2022-07-17,1355.84,1387.0,1319.04,1338.65,1246202.88,-1.27,1212.34,1206.56,1226.39,False,28.16,27.79,20.26,,,,,,,,,,677.92,-49.36,1.0,1.475089,1974.63,1974.63,-25.37,-1.27,974.63,987.31,-12.69,1000.0,,,,,,,2000.0,0.0,0.0,0.0,0.0,,2000.0,
2022-07-18,1338.65,1597.47,1336.07,1581.04,2029918.77,18.11,1269.06,1242.22,1252.66,True,28.73,36.24,17.01,,,,,,,,,SMALL HL confirmed @ 1006.32,677.92,-57.12,1.0,1.475089,2332.18,2332.18,357.55,18.11,1332.18,1166.09,166.09,1000.0,,,,,,,2000.0,0.0,0.0,0.0,0.0,,2000.0,
2022-07-19,1581.03,1631.0,1493.11,1542.32,1846048.68,-2.45,1311.1,1270.81,1274.12,True,29.44,35.24,15.59,,,,,,,,,,677.92,-56.05,1.0,1.475089,2275.06,2275.06,-57.12,-2.45,1275.06,1137.53,137.53,1000.0,,,,,,,2000.0,0.0,0.0,0.0,0.0,,2000.0,
2022-07-20,1542.33,1620.4,1484.23,1521.58,1351177.42,-1.34,1343.48,1294.69,1292.45,True,29.99,32.37,14.86,,,,,,,,,,677.92,-55.45,1.0,1.475089,2244.47,2244.47,-30.59,-1.34,1244.47,1122.23,122.23,1000.0,,,,,,,2000.0,0.0,0.0,0.0,0.0,,2000.0,
2022-07-21,1521.63,1605.98,1463.56,1575.45,1247327.5,3.54,1379.17,1321.43,1313.41,True,30.22,29.65,14.83,,,,,,,,,,677.92,-56.97,1.0,1.475089,2323.93,2323.93,79.46,3.54,1323.93,1161.96,161.96,1000.0,,,,,,,2000.0,0.0,0.0,0.0,0.0,,2000.0,
2022-07-22,1575.45,1650.05,1516.11,1535.27,1170723.09,-2.55,1403.19,1341.79,1329.84,True,30.73,29.91,13.66,,,,,,,,,,677.92,-55.84,1.0,1.475089,2264.66,2264.66,-59.27,-2.55,1264.66,1132.33,132.33,1000.0,,,,,,,2000.0,0.0,0.0,0.0,0.0,,2000.0,
2022-07-23,1535.27,1596.51,1488.0,1548.67,851284.73,0.87,1425.57,1361.5,1346.05,True,30.81,27.99,14.45,,,,,,,,,,677.92,-56.23,1.0,1.475089,2284.43,2284.43,19.77,0.87,1284.43,1142.21,142.21,1000.0,,,,,,,2000.0,0.0,0.0,0.0,0.0,,2000.0,
2022-07-24,1548.66,1664.34,1545.67,1597.7,1009935.9,3.17,1452.05,1383.99,1364.69,True,31.34,30.04,13.43,,,,,,,,,,677.92,-57.57,1.0,1.475089,2356.75,2356.75,72.32,3.17,1356.75,1178.38,178.38,1000.0,,,,,,,2000.0,0.0,0.0,0.0,0.0,,2000.0,
2022-07-25,1597.7,1609.55,1435.58,1440.79,1418390.98,-9.82,1450.32,1389.4,1370.33,True,30.46,27.04,18.4,,,,,,,,,,677.92,-52.95,1.0,1.475089,2125.29,2125.29,-231.46,-9.82,1125.29,1062.65,62.65,1000.0,,,,,,,2000.0,0.0,0.0,0.0,0.0,,2000.0,
2022-07-26,1440.79,1454.11,1356.17,1449.12,1199643.74,0.58,1450.13,1395.09,1376.17,True,28.81,25.5,21.98,,,,,,,,,,677.92,-53.22,1.0,1.475089,2137.58,2137.58,12.29,0.58,1137.58,1068.79,68.79,1000.0,,,,,,,2000.0,0.0,0.0,0.0,0.0,,2000.0,
2022-07-27,1449.12,1644.44,1420.83,1635.74,1513426.04,12.88,1478.69,1418.01,1395.39,True,28.61,32.83,19.28,,,,,,,,,,677.92,-58.56,1.0,1.475089,2412.86,2412.86,275.28,12.88,1412.86,1206.43,206.43,1000.0,,,,,,,2000.0,0.0,0.0,0.0,0.0,,2000.0,
2022-07-28,1635.74,1784.79,1593.27,1724.52,1578145.08,5.43,1516.51,1447.2,1419.77,True,29.15,36.95,17.31,,,,,1784.79,,HH,,,677.92,-60.69,1.0,1.475089,2543.82,2543.82,130.96,5.43,1543.82,1271.91,271.91,1000.0,,,,,,,2000.0,0.0,0.0,0.0,0.0,,2000.0,
2022-07-29,1724.52,1765.99,1655.02,1721.68,1205266.57,-0.16,1548.07,1473.34,1442.14,True,29.66,34.74,16.28,,,,,,,,,,677.92,-60.62,1.0,1.475089,2539.63,2539.63,-4.19,-0.16,1539.63,1269.82,269.82,1000.0,,,,,,,2000.0,0.0,0.0,0.0,0.0,,2000.0,
2022-07-30,1721.68,1744.85,1673.01,1697.0,735132.53,-1.43,1570.99,1494.64,1461.02,True,30.12,33.35,15.63,,,,,,,,,,677.92,-60.05,1.0,1.475089,2503.23,2503.23,-36.41,-1.43,1503.23,1251.61,251.61,1000.0,,,,,,,2000.0,0.0,0.0,0.0,0.0,,2000.0,
2022-07-31,1697.0,1754.69,1666.0,1678.12,696326.81,-1.11,1587.47,1512.12,1477.1,True,30.61,32.23,14.84,,,,,,,,,,677.92,-59.6,1.0,1.475089,2475.38,2475.38,-27.85,-1.11,1475.38,1237.69,237.69,1000.0,,,,,,,2000.0,0.0,0.0,0.0,0.0,,2000.0,
2022-08-01,1678.12,1704.68,1606.12,1630.28,801566.56,-2.85,1594.05,1523.37,1488.44,True,30.36,30.39,17.45,,,,,,,,,,677.92,-58.42,1.0,1.475089,2404.81,2404.81,-70.57,-2.85,1404.81,1202.4,202.4,1000.0,,,,,,,2000.0,0.0,0.0,0.0,0.0,,2000.0,
2022-08-02,1630.28,1678.0,1559.28,1630.91,1081964.51,0.04,1599.72,1533.61,1499.0,True,29.6,28.3,18.97,,,,,,1559.28,HL,,SMALL HH confirmed @ 1784.79,677.92,-58.43,1.0,1.475089,2405.74,2405.74,0.93,0.04,1405.74,1202.87,202.87,1000.0,,,,,,,2000.0,0.0,0.0,0.0,0.0,,2000.0,
2022-08-03,1630.91,1685.03,1589.71,1618.16,777724.74,-0.78,1602.56,1541.66,1507.82,True,28.95,27.13,17.9,,,,,,,,,,677.92,-58.11,1.0,1.475089,2386.93,2386.93,-18.81,-0.78,1386.93,1193.47,193.47,1000.0,,,,,,,2000.0,0.0,0.0,0.0,0.0,,2000.0,
2022-08-04,1618.16,1662.79,1580.39,1607.96,735552.18,-0.63,1603.39,1547.98,1515.24,True,28.23,25.78,17.58,,,,,,,,,,677.92,-57.84,1.0,1.475089,2371.88,2371.88,-15.05,-0.63,1371.88,1185.94,185.94,1000.0,,,,,,,2000.0,0.0,0.0,0.0,0.0,,2000.0,
2022-08-05,1607.97,1742.07,1605.64,1736.81,1005846.47,8.01,1623.92,1565.96,1531.65,True,28.18,28.41,16.14,,,,,,,,,,677.92,-60.97,1.0,1.475089,2561.95,2561.95,190.07,8.01,1561.95,1280.98,280.98,1000.0,,,,,,,2000.0,0.0,0.0,0.0,0.0,,2000.0,
2022-08-06,1736.81,1749.93,1685.26,1690.6,523314.64,-2.66,1634.18,1577.83,1543.43,True,28.19,27.76,15.5,,,,,,,,,,677.92,-59.9,1.0,1.475089,2493.79,2493.79,-68.16,-2.66,1493.79,1246.89,246.89,1000.0,,,,,,,2000.0,0.0,0.0,0.0,0.0,,2000.0,
2022-08-07,1690.6,1729.79,1668.0,1700.19,439904.76,0.57,1644.33,1589.48,1555.04,True,27.97,26.67,15.99,,,,,,,,,BIG LL confirmed @ 881.56 | SMALL HL confirmed @ 1559.28,677.92,-60.13,1.0,1.475089,2507.93,2507.93,14.15,0.57,1507.93,1253.97,253.97,1000.0,,,,,,,2000.0,0.0,0.0,0.0,0.0,,2000.0,
2022-08-08,1700.2,1818.0,1693.87,1777.05,781620.54,4.52,1664.75,1607.35,1571.49,True,28.42,30.16,14.73,,,,,,,,,,677.92,-61.85,1.0,1.475089,2621.31,2621.31,113.38,4.52,1621.31,1310.65,310.65,1000.0,,,,,,,2000.0,0.0,0.0,0.0,0.0,,2000.0,
2022-08-09,1777.05,1790.83,1667.93,1702.76,818171.1,-4.18,1670.6,1616.44,1581.21,True,28.48,27.82,15.23,,,,,,,,,,677.92,-60.19,1.0,1.475089,2511.72,2511.72,-109.58,-4.18,1511.72,1255.86,255.86,1000.0,,,,,,,2000.0,0.0,0.0,0.0,0.0,,2000.0,
2022-08-10,1702.76,1885.0,1656.78,1853.57,1317767.51,8.86,1698.75,1639.02,1601.38,True,29.19,29.62,13.19,,,,,,,,BULL_BOS,SMALL BULL BOS @ 1853.57 (level 1784.79),677.92,-63.43,1.0,1.475089,2734.18,2734.18,222.46,8.86,1734.18,1367.09,367.09,1000.0,,,,,,,2000.0,0.0,0.0,0.0,0.0,,2000.0,
2022-08-11,1853.58,1942.0,1850.32,1880.19,1105261.9,1.44,1726.66,1661.99,1622.04,True,30.19,31.41,12.47,,,,,,,,,,677.92,-63.94,1.0,1.475089,2773.45,2773.45,39.27,1.44,1773.45,1386.72,386.72,1000.0,,,,,,,2000.0,0.0,0.0,0.0,0.0,,2000.0,
2022-08-12,1880.19,1964.71,1853.06,1958.28,717628.1,4.15,1762.3,1690.21,1646.94,True,31.25,30.66,11.63,,,,,,,,,,677.92,-65.38,1.0,1.475089,2888.64,2888.64,115.19,4.15,1888.64,1444.32,444.32,1000.0,,,,,,,2000.0,0.0,0.0,0.0,0.0,,2000.0,
2022-08-13,1958.28,2020.0,1946.5,1983.55,695876.03,1.29,1796.33,1718.14,1671.88,True,32.53,32.69,11.1,,,,,,,,,,677.92,-65.82,1.0,1.475089,2925.91,2925.91,37.28,1.29,1925.91,1462.96,462.96,1000.0,,,,,,,2000.0,0.0,0.0,0.0,0.0,,2000.0,
2022-08-14,1983.55,2030.0,1906.0,1935.31,569583.49,-2.43,1817.72,1738.83,1691.39,True,33.11,30.2,12.74,2030.0,,LH,,2030.0,,HH,,,677.92,-64.97,1.0,1.475089,2854.76,2854.76,-71.16,-2.43,1854.76,1427.38,427.38,1000.0,,,,,,,2000.0,0.0,0.0,0.0,0.0,,2000.0,
2022-08-15,1935.32,2012.47,1872.31,1899.06,949162.33,-1.87,1830.23,1754.09,1706.77,True,33.16,27.64,13.7,,,,,,,,,,677.92,-64.3,1.0,1.475089,2801.28,2801.28,-53.47,-1.87,1801.28,1400.64,400.64,1000.0,,,,,,,2000.0,0.0,0.0,0.0,0.0,,2000.0,
2022-08-16,1899.05,1915.0,1853.0,1876.67,622729.15,-1.18,1837.37,1765.76,1719.36,True,32.91,26.56,14.38,,,,,,,,,,677.92,-63.88,1.0,1.475089,2768.26,2768.26,-33.03,-1.18,1768.26,1384.13,384.13,1000.0,,,,,,,2000.0,0.0,0.0,0.0,0.0,,2000.0,
2022-08-17,1876.67,1959.43,1818.74,1834.25,951824.9,-2.26,1836.89,1772.28,1727.87,True,33.03,27.0,13.13,,,,,,,,,,677.92,-63.04,1.0,1.475089,2705.68,2705.68,-62.57,-2.26,1705.68,1352.84,352.84,1000.0,,,,,,,2000.0,0.0,0.0,0.0,0.0,,2000.0,
2022-08-18,1834.24,1882.37,1821.25,1846.39,606254.02,0.66,1838.35,1779.34,1736.65,True,33.14,25.95,12.62,,,,,,,,,,677.92,-63.28,1.0,1.475089,2723.59,2723.59,17.91,0.66,1723.59,1361.8,361.8,1000.0,,,,,,,2000.0,0.0,0.0,0.0,0.0,,2000.0,
2022-08-19,1846.39,1848.0,1602.37,1609.01,1419826.95,-12.86,1803.07,1763.12,1727.19,True,31.0,22.2,23.66,,,,,,,,,SMALL HH confirmed @ 2030.00,677.92,-57.87,1.0,1.475089,2373.43,2373.43,-350.16,-12.86,1373.43,1186.72,186.72,1000.0,,,,,,,2000.0,0.0,0.0,0.0,0.0,,2000.0,
2022-08-20,1609.0,1657.08,1523.67,1576.04,914615.92,-2.05,1768.14,1745.3,1716.0,True,29.69,20.47,26.41,,,,,,1523.67,LL,,,677.92,-56.99,1.0,1.475089,2324.8,2324.8,-48.63,-2.05,1324.8,1162.4,162.4,1000.0,,,,,,,2000.0,0.0,0.0,0.0,0.0,,2000.0,
2022-08-21,1576.03,1646.52,1562.34,1618.13,780662.61,2.67,1745.06,1733.19,1708.75,True,28.47,19.44,25.08,,,,,,,,,,677.92,-58.1,1.0,1.475089,2386.89,2386.89,62.09,2.67,1386.89,1193.44,193.44,1000.0,,,,,,,2000.0,0.0,0.0,0.0,0.0,,2000.0,
2022-08-22,1618.13,1629.72,1529.92,1624.66,941192.9,0.4,1726.54,1722.85,1702.52,True,27.62,18.27,25.53,,,,,,,,,,677.92,-58.27,1.0,1.475089,2396.52,2396.52,9.63,0.4,1396.52,1198.26,198.26,1000.0,,,,,,,2000.0,0.0,0.0,0.0,0.0,,2000.0,
2022-08-23,1624.65,1676.07,1563.76,1665.41,940246.93,2.51,1717.14,1717.38,1699.77,True,26.3,19.84,23.79,,,,,,,,,,677.92,-59.29,1.0,1.475089,2456.63,2456.63,60.11,2.51,1456.63,1228.31,228.31,1000.0,,,,,,,2000.0,0.0,0.0,0.0,0.0,,2000.0,
2022-08-24,1665.4,1694.13,1604.92,1656.56,744667.61,-0.53,1707.82,1711.59,1696.57,True,24.86,19.86,22.48,,,,,,,,,,677.92,-59.08,1.0,1.475089,2443.57,2443.57,-13.05,-0.53,1443.57,1221.79,221.79,1000.0,,,,,,,2000.0,0.0,0.0,0.0,0.0,,2000.0,
2022-08-25,1656.56,1722.0,1653.68,1695.11,603090.71,2.33,1705.86,1710.02,1696.46,True,23.21,20.77,21.51,,,,,1722.0,,LH,,SMALL LL confirmed @ 1523.67,677.92,-60.01,1.0,1.475089,2500.44,2500.44,56.86,2.33,1500.44,1250.22,250.22,1000.0,,,,,,,2000.0,0.0,0.0,0.0,0.0,,2000.0,
2022-08-26,1695.11,1706.45,1486.85,1508.18,1149912.83,-11.03,1675.45,1690.8,1682.51,False,23.17,18.06,28.62,,,,,,,,BEAR_CHOCH,SMALL BEAR CHOCH @ 1508.18 (level 1523.67),,,,,,2224.7,-275.74,-11.03,0.0,0.0,,2224.7,"EXIT @ 1508.18 (small red CHoCH, realized +224.70)",,,,,,2000.0,0.0,0.0,0.0,0.0,,2000.0,
2022-08-27,1508.18,1518.42,1447.52,1491.06,756136.68,-1.14,1647.08,1671.78,1668.33,False,23.41,17.27,29.79,,,,,,,,,,,,,,,2224.7,0.0,0.0,0.0,0.0,,2224.7,,,,,,,2000.0,0.0,0.0,0.0,0.0,,2000.0,
2022-08-28,1491.06,1511.0,1424.0,1426.76,544846.45,-4.31,1613.19,1648.44,1650.44,False,23.81,16.33,29.64,,,,,,,,,,,,,,,2224.7,0.0,0.0,0.0,0.0,,2224.7,,,,,,,2000.0,0.0,0.0,0.0,0.0,,2000.0,
2022-08-29,1426.76,1559.99,1422.08,1551.8,826252.08,8.76,1603.74,1639.24,1643.13,False,23.56,17.96,27.12,,,,,,1422.08,LL,,,,,,,,2224.7,0.0,0.0,0.0,0.0,,2224.7,,,,,,,2000.0,0.0,0.0,0.0,0.0,,2000.0,
2022-08-30,1551.79,1606.13,1473.61,1524.59,1003075.02,-1.75,1591.56,1628.32,1634.35,False,22.78,19.32,24.94,,,,,,,,,SMALL LH confirmed @ 1722.00,,,,,,2224.7,0.0,0.0,0.0,0.0,,2224.7,,,,,,,2000.0,0.0,0.0,0.0,0.0,,2000.0,
2022-08-31,1524.59,1619.78,1524.59,1554.1,949227.68,1.94,1585.8,1621.25,1628.41,False,21.9,19.03,23.47,,,,,,,,,,,,,,,2224.7,0.0,0.0,0.0,0.0,,2224.7,,,,,,,2000.0,0.0,0.0,0.0,0.0,,2000.0,
2022-09-01,1554.11,1599.0,1512.77,1586.16,728710.48,2.06,1585.86,1617.91,1625.28,False,21.2,18.0,22.94,,,,,,,,,,,,,,,2224.7,0.0,0.0,0.0,0.0,,2224.7,,,,,,,2000.0,0.0,0.0,0.0,0.0,,2000.0,
2022-09-02,1586.17,1650.0,1546.41,1575.35,919009.66,-0.68,1584.24,1613.85,1621.58,False,19.92,20.04,21.44,,,,,,,,,,,,,,,2224.7,0.0,0.0,0.0,0.0,,2224.7,,,,,,,2000.0,0.0,0.0,0.0,0.0,,2000.0,
2022-09-03,1575.35,1582.71,1534.28,1557.46,321397.22,-1.14,1580.12,1608.48,1616.83,False,18.88,19.4,21.55,,,,,,,,,SMALL LL confirmed @ 1422.08,,,,,,2224.7,0.0,0.0,0.0,0.0,,2224.7,,,,,,,2000.0,0.0,0.0,0.0,0.0,,2000.0,
2022-09-04,1557.45,1583.66,1540.66,1579.28,296591.12,1.4,1579.99,1605.7,1614.05,False,17.89,18.89,20.91,,,,,,,,,,,,,,,2224.7,0.0,0.0,0.0,0.0,,2224.7,,,,,,,2000.0,0.0,0.0,0.0,0.0,,2000.0,
2022-09-05,1579.29,1631.99,1556.56,1617.8,503492.94,2.44,1585.81,1606.85,1614.33,False,16.87,21.29,19.8,,,,,,,,,,,,,,,2224.7,0.0,0.0,0.0,0.0,,2224.7,,,,,,,2000.0,0.0,0.0,0.0,0.0,,2000.0,
2022-09-06,1617.8,1687.4,1555.0,1559.01,1010722.86,-3.63,1581.68,1602.3,1610.23,False,16.56,23.16,18.0,,,,,,,,,,,,,,,2224.7,0.0,0.0,0.0,0.0,,2224.7,,,,,,,2000.0,0.0,0.0,0.0,0.0,,2000.0,
2022-09-07,1559.01,1657.5,1490.66,1630.0,850991.42,4.55,1589.12,1604.94,1611.69,False,15.44,20.61,20.26,,,,,,,,,,,,,,,2224.7,0.0,0.0,0.0,0.0,,2224.7,,,,,,,2000.0,0.0,0.0,0.0,0.0,,2000.0,
2022-09-08,1630.0,1663.56,1595.06,1635.37,645124.01,0.33,1596.23,1607.83,1613.45,False,14.47,20.07,19.32,,,,,,,,,,,,,,,2224.7,0.0,0.0,0.0,0.0,,2224.7,,,,,,,2000.0,0.0,0.0,0.0,0.0,,2000.0,
2022-09-09,1635.37,1746.13,1630.51,1718.23,837458.21,5.07,1615.0,1618.35,1621.21,False,14.5,24.06,17.82,,,,,,,,,,,,,,,2224.7,0.0,0.0,0.0,0.0,,2224.7,,,,,,,2000.0,0.0,0.0,0.0,0.0,,2000.0,
2022-09-10,1718.24,1789.0,1706.03,1774.12,411046.25,3.25,1639.48,1633.18,1632.54,True,14.95,25.63,16.81,,,,,,,,BULL_CHOCH,SMALL BULL CHOCH @ 1774.12 (level 1722.00),1596.71,-10.0,5.0,6.26987,11123.5,2224.7,0.0,0.0,1112.35,1112.35,0.0,1112.35,"ENTRY @ 1774.12 (small green CHoCH, margin $1112.35 [50% of bank] @ 10x [ADX 15.0, zone green], 6.269870 units)",,,,,,2000.0,0.0,0.0,0.0,0.0,,2000.0,
2022-09-11,1774.12,1789.0,1720.1,1766.11,409287.73,-0.45,1658.96,1645.84,1642.43,True,15.37,24.39,16.0,,,,,1789.0,,HH,,,1596.71,-9.59,5.09,6.26987,11073.28,2174.48,-50.22,-2.26,1062.13,1107.33,-45.2,1112.35,,,,,,,2000.0,0.0,0.0,0.0,0.0,,2000.0,
2022-09-12,1766.12,1783.0,1693.0,1716.37,630774.6,-2.82,1667.79,1652.56,1647.91,True,15.34,22.84,16.9,,,,,,,,,,1596.71,-6.97,5.78,6.26987,10761.42,1862.62,-311.86,-14.34,750.27,1076.14,-325.88,1112.35,,,,,,,2000.0,0.0,0.0,0.0,0.0,,2000.0,
2022-09-13,1716.37,1760.51,1560.54,1574.4,1134549.73,-8.27,1653.43,1645.12,1642.46,True,14.84,19.82,23.41,,,,,,,,,,,,,,,1112.35,-750.27,-40.28,0.0,0.0,,1112.35,"** LIQUIDATION EVENT ** @ 1596.71 (margin wiped, realized -1112.35)",,,,,,2000.0,0.0,0.0,0.0,0.0,,2000.0,
2022-09-14,1574.4,1647.01,1552.38,1638.39,764562.54,4.06,1651.11,1644.48,1642.16,True,14.45,18.58,22.48,,,,,,,,,,,,,,,1112.35,0.0,0.0,0.0,0.0,,1112.35,,,,,,,2000.0,0.0,0.0,0.0,0.0,,2000.0,
2022-09-15,1638.4,1655.2,1458.0,1472.75,1335499.8,-10.11,1623.67,1628.12,1629.61,False,15.02,16.27,25.62,,,,,,,,,,,,,,,1112.35,0.0,0.0,0.0,0.0,,1112.35,,,,,,,2000.0,0.0,0.0,0.0,0.0,,2000.0,
2022-09-16,1472.76,1483.35,1405.52,1433.9,693597.24,-2.64,1594.48,1609.62,1615.11,False,15.97,15.46,27.72,,,,,,,,,SMALL HH confirmed @ 1789.00,,,,,,1112.35,0.0,0.0,0.0,0.0,,1112.35,,,,,,,2000.0,0.0,0.0,0.0,0.0,,2000.0,
2022-09-17,1433.9,1476.13,1409.12,1468.83,421391.37,2.44,1575.15,1596.21,1604.28,False,16.86,14.77,26.49,,,,,,,,,,,,,,,1112.35,0.0,0.0,0.0,0.0,,1112.35,,,,,,,2000.0,0.0,0.0,0.0,0.0,,2000.0,
2022-09-18,1468.82,1469.63,1325.55,1334.51,804113.47,-9.14,1538.13,1571.29,1584.3,False,18.33,13.4,29.42,,,,,,,,BEAR_CHOCH,SMALL BEAR CHOCH @ 1334.51 (level 1422.08),,,,,,1112.35,0.0,0.0,0.0,0.0,,1112.35,,,,,,,2000.0,0.0,0.0,0.0,0.0,,2000.0,
2022-09-19,1334.51,1393.35,1280.0,1375.98,974855.2,3.11,1513.18,1552.69,1568.86,False,20.0,12.42,30.21,,,,,,,,,,,,,,,1112.35,0.0,0.0,0.0,0.0,,1112.35,,,,,,,2000.0,0.0,0.0,0.0,0.0,,2000.0,
2022-09-20,1375.98,1384.78,1312.71,1322.93,658027.15,-3.86,1483.91,1530.81,1550.65,False,21.55,11.83,28.77,,,,,,,,,,,,,,,1112.35,0.0,0.0,0.0,0.0,,1112.35,,,,,,,2000.0,0.0,0.0,0.0,0.0,,2000.0,
2022-09-21,1322.94,1408.9,1220.0,1245.78,1192266.74,-5.83,1447.28,1503.66,1528.06,False,23.58,10.42,31.18,,,,,,,,,,,,,,,1112.35,0.0,0.0,0.0,0.0,,1112.35,,,,,,,2000.0,0.0,0.0,0.0,0.0,,2000.0,
2022-09-22,1245.79,1350.08,1237.32,1326.46,904282.27,6.48,1428.69,1486.79,1513.13,False,25.46,9.68,28.97,,,,,,1237.32,LL,,,,,,,,1112.35,0.0,0.0,0.0,0.0,,1112.35,,,,,,,2000.0,0.0,0.0,0.0,0.0,,2000.0,
2022-09-23,1326.47,1360.0,1262.15,1327.25,974052.36,0.06,1413.08,1471.59,1499.36,False,27.02,9.71,27.17,,,,,,,,,,,,,,,1112.35,0.0,0.0,0.0,0.0,,1112.35,,,,,,,2000.0,0.0,0.0,0.0,0.0,,2000.0,
2022-09-24,1327.24,1349.33,1306.52,1317.13,517557.35,-0.76,1398.32,1456.88,1485.86,False,28.47,9.44,26.4,,,,,,,,,,,,,,,1112.35,0.0,0.0,0.0,0.0,,1112.35,,,,,,,2000.0,0.0,0.0,0.0,0.0,,2000.0,
2022-09-25,1317.13,1337.0,1269.27,1294.63,515533.84,-1.71,1382.37,1441.43,1471.7,False,30.08,9.0,27.72,,,,,,,,,,,,,,,1112.35,0.0,0.0,0.0,0.0,,1112.35,,,,,,,2000.0,0.0,0.0,0.0,0.0,,2000.0,
2022-09-26,1294.62,1340.42,1277.85,1336.17,799166.43,3.21,1375.26,1431.4,1461.66,False,31.5,8.85,26.5,,,,,,,,,,,,,,,1112.35,0.0,0.0,0.0,0.0,,1112.35,,,,,,,2000.0,0.0,0.0,0.0,0.0,,2000.0,
2022-09-27,1336.17,1400.0,1303.75,1328.02,860584.89,-0.61,1367.99,1421.56,1451.76,False,31.6,12.45,24.7,,,,,1400.0,,LH,,SMALL LL confirmed @ 1237.32,,,,,,1112.35,0.0,0.0,0.0,0.0,,1112.35,,,,,,,2000.0,0.0,0.0,0.0,0.0,,2000.0,
2022-09-28,1328.01,1355.7,1253.2,1337.2,919314.91,0.69,1363.26,1413.52,1443.27,False,32.15,11.55,26.48,,,,,,1253.2,HL,,,,,,,,1112.35,0.0,0.0,0.0,0.0,,1112.35,,,,,,,2000.0,0.0,0.0,0.0,0.0,,2000.0,
2022-09-29,1337.2,1352.02,1288.52,1335.7,770591.69,-0.11,1359.02,1406.11,1435.31,False,32.66,11.02,25.26,,,,,,,,,,,,,,,1112.35,0.0,0.0,0.0,0.0,,1112.35,,,,,,,2000.0,0.0,0.0,0.0,0.0,,2000.0,
2022-09-30,1335.69,1373.19,1313.35,1328.72,740753.61,-0.52,1354.36,1398.74,1427.41,False,32.7,12.1,24.14,,,,,1373.19,,LH,,,,,,,,1112.35,0.0,0.0,0.0,0.0,,1112.35,,,,,,,2000.0,0.0,0.0,0.0,0.0,,2000.0,
2022-10-01,1328.71,1333.69,1302.68,1311.79,252081.91,-1.27,1347.81,1390.46,1418.85,False,32.85,11.81,24.39,,,,,,,,,,,,,,,1112.35,0.0,0.0,0.0,0.0,,1112.35,,,,,,,2000.0,0.0,0.0,0.0,0.0,,2000.0,
2022-10-02,1311.79,1317.93,1270.0,1276.72,371740.04,-2.67,1336.87,1379.63,1408.32,False,33.31,11.35,26.09,,,,,,,,,SMALL LH confirmed @ 1400.00,,,,,,1112.35,0.0,0.0,0.0,0.0,,1112.35,,,,,,,2000.0,0.0,0.0,0.0,0.0,,2000.0,
2022-10-03,1276.72,1329.9,1263.04,1323.09,483775.24,3.63,1334.75,1374.24,1402.0,False,33.47,11.71,24.65,,,,,,1263.04,HL,,BIG LH confirmed @ 2030.00 | SMALL HL confirmed @ 1253.20,,,,,,1112.35,0.0,0.0,0.0,0.0,,1112.35,,,,,,,2000.0,0.0,0.0,0.0,0.0,,2000.0,
2022-10-04,1323.1,1369.55,1318.66,1361.49,476207.67,2.9,1338.86,1373.03,1399.0,False,32.77,14.57,23.58,,,,,,,,,,,,,,,1112.35,0.0,0.0,0.0,0.0,,1112.35,,,,,,,2000.0,0.0,0.0,0.0,0.0,,2000.0,
2022-10-05,1361.5,1364.77,1316.29,1352.2,483508.78,-0.68,1340.92,1371.05,1395.54,False,32.15,13.95,22.79,,,,,,,,,SMALL LH confirmed @ 1373.19,,,,,,1112.35,0.0,0.0,0.0,0.0,,1112.35,,,,,,,2000.0,0.0,0.0,0.0,0.0,,2000.0,
2022-10-06,1352.2,1383.99,1345.01,1352.06,573975.32,-0.01,1342.63,1369.24,1392.32,False,31.15,15.21,21.98,,,,,1383.99,,HH,,,,,,,,1112.35,0.0,0.0,0.0,0.0,,1112.35,,,,,,,2000.0,0.0,0.0,0.0,0.0,,2000.0,
2022-10-07,1352.07,1361.75,1317.26,1331.1,491999.88,-1.55,1340.86,1365.6,1387.78,False,30.63,14.57,23.67,,,,,,,,,,,,,,,1112.35,0.0,0.0,0.0,0.0,,1112.35,,,,,,,2000.0,0.0,0.0,0.0,0.0,,2000.0,
2022-10-08,1331.1,1337.35,1303.51,1315.48,203391.66,-1.17,1336.95,1360.83,1382.43,False,30.33,14.09,24.23,,,,,,,,,SMALL HL confirmed @ 1263.04,,,,,,1112.35,0.0,0.0,0.0,0.0,,1112.35,,,,,,,2000.0,0.0,0.0,0.0,0.0,,2000.0,
2022-10-09,1315.48,1329.0,1307.26,1323.13,186201.92,0.58,1334.83,1357.24,1378.03,False,30.05,13.77,23.69,,,,,,,,,,,,,,,1112.35,0.0,0.0,0.0,0.0,,1112.35,,,,,,,2000.0,0.0,0.0,0.0,0.0,,2000.0,
2022-10-10,1323.13,1338.0,1288.0,1290.03,393663.01,-2.5,1327.93,1350.84,1371.51,False,30.08,13.05,24.47,,,,,,,,,,,,,,,1112.35,0.0,0.0,0.0,0.0,,1112.35,,,,,,,2000.0,0.0,0.0,0.0,0.0,,2000.0,
2022-10-11,1290.03,1298.0,1267.01,1280.11,429430.39,-0.77,1320.58,1344.1,1364.74,False,30.4,12.61,25.93,,,,,,,,,SMALL HH confirmed @ 1383.99,,,,,,1112.35,0.0,0.0,0.0,0.0,,1112.35,,,,,,,2000.0,0.0,0.0,0.0,0.0,,2000.0,
2022-10-12,1280.11,1306.87,1275.25,1294.44,369712.58,1.12,1316.56,1339.37,1359.54,False,30.44,13.16,25.0,,,,,,,,,,,,,,,1112.35,0.0,0.0,0.0,0.0,,1112.35,,,,,,,2000.0,0.0,0.0,0.0,0.0,,2000.0,
2022-10-13,1294.44,1301.58,1190.0,1287.08,945618.32,-0.57,1312.02,1334.39,1354.17,False,31.54,11.58,31.17,,,,,,1190.0,LL,,,,,,,,1112.35,0.0,0.0,0.0,0.0,,1112.35,,,,,,,2000.0,0.0,0.0,0.0,0.0,,2000.0,
2022-10-14,1287.08,1343.12,1283.39,1296.27,669742.81,0.71,1309.6,1330.76,1349.88,False,31.51,15.33,29.15,,,,,1343.12,,LH,,,,,,,,1112.35,0.0,0.0,0.0,0.0,,1112.35,,,,,,,2000.0,0.0,0.0,0.0,0.0,,2000.0,
2022-10-15,1296.26,1301.69,1263.64,1274.92,287100.95,-1.65,1304.26,1325.44,1344.33,False,31.72,14.68,30.12,,,,,,1263.64,HL,,,,,,,,1112.35,0.0,0.0,0.0,0.0,,1112.35,,,,,,,2000.0,0.0,0.0,0.0,0.0,,2000.0,
2022-10-16,1274.93,1315.35,1274.67,1305.95,293321.36,2.43,1304.52,1323.59,1341.48,False,31.57,15.56,28.71,,,,,,,,,,,,,,,1112.35,0.0,0.0,0.0,0.0,,1112.35,,,,,,,2000.0,0.0,0.0,0.0,0.0,,2000.0,
2022-10-17,1305.96,1338.57,1295.64,1331.4,459848.49,1.95,1308.66,1324.33,1340.74,False,30.88,17.5,27.27,,,,,,,,,,,,,,,1112.35,0.0,0.0,0.0,0.0,,1112.35,,,,,,,2000.0,0.0,0.0,0.0,0.0,,2000.0,
2022-10-18,1331.39,1341.73,1286.72,1310.71,572728.92,-1.55,1308.97,1323.03,1338.51,False,30.37,16.37,26.55,,,,,,,,,SMALL LL confirmed @ 1190.00,,,,,,1112.35,0.0,0.0,0.0,0.0,,1112.35,,,,,,,2000.0,0.0,0.0,0.0,0.0,,2000.0,
2022-10-19,1310.71,1313.5,1280.31,1285.09,368637.51,-1.95,1305.3,1319.42,1334.56,False,29.99,15.7,26.26,,,,,,,,,SMALL LH confirmed @ 1343.12,,,,,,1112.35,0.0,0.0,0.0,0.0,,1112.35,,,,,,,2000.0,0.0,0.0,0.0,0.0,,2000.0,
2022-10-20,1285.09,1310.87,1270.36,1282.57,428531.61,-0.2,1301.8,1315.91,1330.71,False,29.81,14.91,26.17,,,,,,,,,SMALL HL confirmed @ 1263.64,,,,,,1112.35,0.0,0.0,0.0,0.0,,1112.35,,,,,,,2000.0,0.0,0.0,0.0,0.0,,2000.0,
2022-10-21,1282.57,1306.97,1252.65,1299.75,468076.8,1.34,1301.49,1314.37,1328.41,False,29.92,13.9,26.61,,,,,,,,,,,,,,,1112.35,0.0,0.0,0.0,0.0,,1112.35,,,,,,,2000.0,0.0,0.0,0.0,0.0,,2000.0,
2022-10-22,1299.76,1320.2,1294.32,1313.61,221776.7,1.07,1303.35,1314.3,1327.32,False,29.63,15.15,25.71,,,,,,,,,,,,,,,1112.35,0.0,0.0,0.0,0.0,,1112.35,,,,,,,2000.0,0.0,0.0,0.0,0.0,,2000.0,
2022-10-23,1313.62,1371.55,1299.44,1364.2,432269.46,3.85,1312.71,1319.05,1330.05,False,28.01,20.3,23.35,,,,,,,,BULL_CHOCH,SMALL BULL CHOCH @ 1364.20 (level 1343.12),682.1,-50.0,1.0,0.815386,1112.35,1112.35,0.0,0.0,556.18,556.18,0.0,556.18,"ENTRY @ 1364.20 (small green CHoCH, margin $556.18 [50% of bank] @ 2x [ADX 28.0, zone red], 0.815386 units)",,,,,,2000.0,0.0,0.0,0.0,0.0,,2000.0,
2022-10-24,1364.19,1370.6,1324.17,1343.61,611830.8,-1.51,1317.47,1321.39,1331.05,False,26.51,19.09,21.95,,,,,,,,,,682.1,-49.23,1.0,0.815386,1095.56,1095.56,-16.79,-1.51,539.39,547.78,-8.39,556.18,,,,,,,2000.0,0.0,0.0,0.0,0.0,,2000.0,
2022-10-25,1343.61,1525.16,1334.94,1459.74,1127932.9,8.64,1339.35,1334.57,1340.59,False,26.74,32.08,17.36,,,,,,,,,,682.1,-53.27,1.0,0.815386,1190.25,1190.25,94.69,8.64,634.08,595.13,38.95,556.18,,,,,,,2000.0,0.0,0.0,0.0,0.0,,2000.0,
2022-10-26,1459.74,1594.99,1457.44,1566.1,1236044.7,7.29,1374.24,1356.62,1357.29,True,27.68,34.7,14.93,,,,,,,,,,682.1,-56.45,1.0,0.815386,1276.98,1276.98,86.72,7.29,720.8,638.49,82.31,556.18,,,,,,,2000.0,0.0,0.0,0.0,0.0,,2000.0,
2022-10-27,1566.11,1578.58,1503.2,1514.05,869454.49,-3.32,1395.75,1371.61,1368.9,True,28.55,32.05,13.79,,,,,,,,,,682.1,-54.95,1.0,0.815386,1234.54,1234.54,-42.44,-3.32,678.36,617.27,61.09,556.18,,,,,,,2000.0,0.0,0.0,0.0,0.0,,2000.0,
2022-10-28,1514.04,1574.9,1479.82,1554.41,858954.44,2.67,1420.16,1389.02,1382.64,True,28.83,29.04,14.81,,,,,,,,,,682.1,-56.12,1.0,0.815386,1267.44,1267.44,32.91,2.67,711.27,633.72,77.55,556.18,,,,,,,2000.0,0.0,0.0,0.0,0.0,,2000.0,
2022-10-29,1554.4,1663.06,1547.66,1619.55,914161.08,4.19,1450.83,1410.98,1400.19,True,29.94,34.22,13.19,,,,,1663.06,,HH,,,682.1,-57.88,1.0,0.815386,1320.56,1320.56,53.11,4.19,764.38,660.28,104.1,556.18,,,,,,,2000.0,0.0,0.0,0.0,0.0,,2000.0,
2022-10-30,1619.55,1640.06,1576.56,1590.44,476036.42,-1.8,1472.31,1428.07,1414.28,True,30.97,32.13,12.38,,,,,,,,,,682.1,-57.11,1.0,0.815386,1296.82,1296.82,-23.74,-1.8,740.65,648.41,92.24,556.18,,,,,,,2000.0,0.0,0.0,0.0,0.0,,2000.0,
2022-10-31,1590.45,1635.8,1545.43,1572.69,810334.24,-1.12,1487.75,1441.84,1426.02,True,31.23,29.39,14.27,,,,,,,,,,682.1,-56.63,1.0,0.815386,1282.35,1282.35,-14.47,-1.12,726.18,641.18,85.0,556.18,,,,,,,2000.0,0.0,0.0,0.0,0.0,,2000.0,
2022-11-01,1572.69,1612.92,1563.69,1578.48,527539.3,0.37,1501.71,1454.85,1437.31,True,31.47,27.99,13.59,,,,,,,,,,682.1,-56.79,1.0,0.815386,1287.07,1287.07,4.72,0.37,730.9,643.54,87.36,556.18,,,,,,,2000.0,0.0,0.0,0.0,0.0,,2000.0,
2022-11-02,1578.47,1621.68,1502.32,1518.34,981395.36,-3.81,1504.27,1460.9,1443.31,True,30.42,24.89,17.77,,,,,,1502.32,HL,,,682.1,-55.08,1.0,0.815386,1238.03,1238.03,-49.04,-3.81,681.86,619.02,62.84,556.18,,,,,,,2000.0,0.0,0.0,0.0,0.0,,2000.0,
2022-11-03,1518.33,1559.01,1515.17,1531.01,560202.88,0.83,1508.38,1467.58,1449.81,True,29.44,23.85,17.03,,,,,,,,,SMALL HH confirmed @ 1663.06,682.1,-55.45,1.0,0.815386,1248.36,1248.36,10.33,0.83,692.19,624.18,68.01,556.18,,,,,,,2000.0,0.0,0.0,0.0,0.0,,2000.0,
2022-11-04,1531.01,1680.0,1528.4,1644.78,935531.48,7.43,1529.37,1484.45,1464.25,True,29.92,31.41,14.73,,,,,1680.0,,HH,,,682.1,-58.53,1.0,0.815386,1341.13,1341.13,92.77,7.43,784.96,670.57,114.39,556.18,,,,,,,2000.0,0.0,0.0,0.0,0.0,,2000.0,
2022-11-05,1644.78,1666.97,1621.42,1626.98,351385.54,-1.08,1544.39,1498.03,1476.31,True,30.36,30.09,14.11,,,,,,,,,,682.1,-58.08,1.0,0.815386,1326.62,1326.62,-14.51,-1.08,770.44,663.31,107.13,556.18,,,,,,,2000.0,0.0,0.0,0.0,0.0,,2000.0,
2022-11-06,1626.98,1639.02,1564.39,1568.29,414863.95,-3.61,1548.06,1504.72,1483.12,True,29.67,28.02,18.4,,,,,,,,,,682.1,-56.51,1.0,0.815386,1278.76,1278.76,-47.86,-3.61,722.59,639.38,83.21,556.18,,,,,,,2000.0,0.0,0.0,0.0,0.0,,2000.0,
2022-11-07,1568.25,1608.04,1545.03,1568.1,642409.45,-0.01,1551.15,1510.76,1489.41,True,28.69,26.37,19.12,,,,,,,,,SMALL HL confirmed @ 1502.32,682.1,-56.5,1.0,0.815386,1278.61,1278.61,-0.15,-0.01,722.43,639.3,83.13,556.18,,,,,,,2000.0,0.0,0.0,0.0,0.0,,2000.0,
2022-11-08,1568.09,1579.98,1233.0,1334.77,2339916.51,-14.88,1517.86,1494.0,1477.96,True,28.89,19.55,37.45,,,,,,,,BEAR_CHOCH,SMALL BEAR CHOCH @ 1334.77 (level 1502.32),,,,,,1088.35,-190.25,-14.88,0.0,0.0,,1088.35,"EXIT @ 1334.77 (small red CHoCH, realized -24.00)",,,,,,2000.0,0.0,0.0,0.0,0.0,,2000.0,
2022-11-09,1334.78,1337.16,1073.53,1102.73,2494797.94,-17.38,1453.99,1456.73,1450.16,True,29.97,16.13,41.48,,1073.53,HL,,,1073.53,LL,,SMALL HH confirmed @ 1680.00,,,,,,1088.35,0.0,0.0,0.0,0.0,,1088.35,,,,,,,2000.0,0.0,0.0,0.0,0.0,,2000.0,
2022-11-10,1102.73,1350.0,1085.93,1299.28,1975955.68,17.82,1430.19,1441.74,1438.99,False,30.81,14.34,34.9,,,,,1350.0,,LH,,,,,,,,1088.35,0.0,0.0,0.0,0.0,,1088.35,,,,,,,2000.0,0.0,0.0,0.0,0.0,,2000.0,
2022-11-11,1299.28,1310.0,1201.26,1289.28,1308087.15,-0.77,1408.51,1427.22,1427.9,False,31.59,13.4,32.6,,,,,,,,,,,,,,,1088.35,0.0,0.0,0.0,0.0,,1088.35,,,,,,,2000.0,0.0,0.0,0.0,0.0,,2000.0,
2022-11-12,1289.35,1292.16,1238.7,1257.25,547772.92,-2.48,1385.24,1411.03,1415.26,False,32.31,12.95,31.51,,,,,,,,,,,,,,,1088.35,0.0,0.0,0.0,0.0,,1088.35,,,,,,,2000.0,0.0,0.0,0.0,0.0,,2000.0,
2022-11-13,1257.25,1274.23,1200.66,1221.49,547410.53,-2.84,1360.05,1392.98,1400.9,False,33.21,12.34,32.47,,,,,,,,,,,,,,,1088.35,0.0,0.0,0.0,0.0,,1088.35,,,,,,,2000.0,0.0,0.0,0.0,0.0,,2000.0,
2022-11-14,1221.5,1291.2,1171.13,1243.28,934742.01,1.78,1342.08,1378.72,1389.23,False,34.22,11.39,31.86,,,,,,,,,SMALL LL confirmed @ 1073.53,,,,,,1088.35,0.0,0.0,0.0,0.0,,1088.35,,,,,,,2000.0,0.0,0.0,0.0,0.0,,2000.0,
2022-11-15,1243.29,1291.0,1234.01,1253.23,632825.57,0.8,1328.41,1366.77,1379.15,False,35.16,10.95,30.65,,,,,,,,,SMALL LH confirmed @ 1350.00,,,,,,1088.35,0.0,0.0,0.0,0.0,,1088.35,,,,,,,2000.0,0.0,0.0,0.0,0.0,,2000.0,
2022-11-16,1253.22,1268.67,1187.06,1216.17,673339.72,-2.96,1311.15,1352.43,1367.08,False,36.31,10.35,32.14,,,,,,,,,,,,,,,1088.35,0.0,0.0,0.0,0.0,,1088.35,,,,,,,2000.0,0.0,0.0,0.0,0.0,,2000.0,
2022-11-17,1216.16,1228.22,1181.05,1200.43,530537.35,-1.29,1294.11,1337.95,1354.74,False,37.42,10.01,31.49,,,,,,,,,,,,,,,1088.35,0.0,0.0,0.0,0.0,,1088.35,,,,,,,2000.0,0.0,0.0,0.0,0.0,,2000.0,
2022-11-18,1200.42,1234.0,1199.18,1212.58,360218.53,1.01,1281.57,1326.01,1344.21,False,38.33,10.18,30.68,,,,,,,,,,,,,,,1088.35,0.0,0.0,0.0,0.0,,1088.35,,,,,,,2000.0,0.0,0.0,0.0,0.0,,2000.0,
2022-11-19,1212.58,1235.0,1197.67,1217.67,209789.59,0.42,1271.74,1315.69,1334.83,False,39.19,9.88,29.91,,,,,,,,,,,,,,,1088.35,0.0,0.0,0.0,0.0,,1088.35,,,,,,,2000.0,0.0,0.0,0.0,0.0,,2000.0,
2022-11-20,1217.67,1227.07,1132.65,1142.21,531108.76,-6.2,1251.81,1299.17,1320.57,False,40.41,9.16,32.75,,,,,,,,,,,,,,,1088.35,0.0,0.0,0.0,0.0,,1088.35,,,,,,,2000.0,0.0,0.0,0.0,0.0,,2000.0,
2022-11-21,1142.21,1146.99,1079.76,1107.34,922647.95,-3.05,1229.58,1280.9,1304.77,False,41.84,8.68,35.18,,,,,,,,,,,,,,,1088.35,0.0,0.0,0.0,0.0,,1088.35,,,,,,,2000.0,0.0,0.0,0.0,0.0,,2000.0,
2022-11-22,1107.34,1146.13,1075.0,1139.6,748884.58,2.91,1215.74,1267.44,1292.54,False,43.19,8.19,33.56,,,,,,1075.0,HL,,,,,,,,1088.35,0.0,0.0,0.0,0.0,,1088.35,,,,,,,2000.0,0.0,0.0,0.0,0.0,,2000.0,
2022-11-23,1139.59,1190.0,1127.75,1184.52,636927.16,3.94,1210.94,1259.55,1284.53,False,43.49,11.35,31.85,,,,,,,,,,,,,,,1088.35,0.0,0.0,0.0,0.0,,1088.35,,,,,,,2000.0,0.0,0.0,0.0,0.0,,2000.0,
2022-11-24,1184.52,1217.71,1180.6,1203.73,486080.61,1.62,1209.83,1254.23,1278.55,False,43.21,13.35,30.85,,,,,,,,,,,,,,,1088.35,0.0,0.0,0.0,0.0,,1088.35,,,,,,,2000.0,0.0,0.0,0.0,0.0,,2000.0,
2022-11-25,1203.72,1207.77,1171.2,1199.3,391430.17,-0.37,1208.21,1249.0,1272.68,False,43.04,12.92,30.68,,,,,,,,,,,,,,,1088.35,0.0,0.0,0.0,0.0,,1088.35,,,,,,,2000.0,0.0,0.0,0.0,0.0,,2000.0,
2022-11-26,1199.29,1235.66,1196.2,1205.6,379840.81,0.53,1207.81,1244.87,1267.71,False,42.29,15.02,29.57,,,,,,,,,,,,,,,1088.35,0.0,0.0,0.0,0.0,,1088.35,,,,,,,2000.0,0.0,0.0,0.0,0.0,,2000.0,
2022-11-27,1205.61,1223.33,1188.65,1193.88,286386.8,-0.97,1205.66,1240.01,1262.24,False,41.68,14.52,29.31,,,,,,,,,SMALL HL confirmed @ 1075.00,,,,,,1088.35,0.0,0.0,0.0,0.0,,1088.35,,,,,,,2000.0,0.0,0.0,0.0,0.0,,2000.0,
2022-11-28,1193.88,1199.25,1151.02,1167.77,478795.61,-2.19,1199.83,1233.13,1255.24,False,41.5,13.83,31.62,,,,,,,,,,,,,,,1088.35,0.0,0.0,0.0,0.0,,1088.35,,,,,,,2000.0,0.0,0.0,0.0,0.0,,2000.0,
2022-11-29,1167.77,1228.37,1158.27,1216.49,512143.59,4.17,1202.4,1231.55,1252.37,False,40.7,15.75,29.43,,,,,,,,,,,,,,,1088.35,0.0,0.0,0.0,0.0,,1088.35,,,,,,,2000.0,0.0,0.0,0.0,0.0,,2000.0,
2022-11-30,1216.49,1309.77,1212.5,1294.46,815679.27,6.41,1216.56,1237.54,1255.49,False,38.46,22.11,26.68,,,,,1309.77,,LH,,,,,,,,1088.35,0.0,0.0,0.0,0.0,,1088.35,,,,,,,2000.0,0.0,0.0,0.0,0.0,,2000.0,
2022-12-01,1294.46,1299.9,1262.77,1276.41,430018.74,-1.39,1225.77,1241.24,1257.04,False,36.38,21.29,25.69,,,,,,,,,,,,,,,1088.35,0.0,0.0,0.0,0.0,,1088.35,,,,,,,2000.0,0.0,0.0,0.0,0.0,,2000.0,
2022-12-02,1276.4,1297.18,1265.24,1295.59,371559.58,1.5,1236.51,1246.42,1259.9,False,34.45,20.58,24.83,,,,,,,,,,,,,,,1088.35,0.0,0.0,0.0,0.0,,1088.35,,,,,,,2000.0,0.0,0.0,0.0,0.0,,2000.0,
2022-12-03,1295.58,1309.0,1236.26,1240.51,347148.26,-4.25,1237.13,1245.85,1258.46,False,33.09,19.03,25.96,,,,,,,,,,,,,,,1088.35,0.0,0.0,0.0,0.0,,1088.35,,,,,,,2000.0,0.0,0.0,0.0,0.0,,2000.0,
2022-12-04,1240.5,1287.19,1240.1,1279.41,324129.55,3.14,1243.63,1249.05,1260.01,False,31.83,18.08,24.67,,,,,,,,,,,,,,,1088.35,0.0,0.0,0.0,0.0,,1088.35,,,,,,,2000.0,0.0,0.0,0.0,0.0,,2000.0,
2022-12-05,1279.4,1305.11,1246.61,1259.41,391628.52,-1.56,1246.06,1250.04,1259.97,False,30.28,18.87,23.13,,,,,,,,,SMALL LH confirmed @ 1309.77,,,,,,1088.35,0.0,0.0,0.0,0.0,,1088.35,,,,,,,2000.0,0.0,0.0,0.0,0.0,,2000.0,
2022-12-06,1259.41,1274.76,1241.56,1271.32,301631.84,0.95,1249.94,1252.06,1260.81,False,28.93,18.17,22.83,,,,,,,,,,,,,,,1088.35,0.0,0.0,0.0,0.0,,1088.35,,,,,,,2000.0,0.0,0.0,0.0,0.0,,2000.0,
2022-12-07,1271.31,1278.69,1218.01,1231.18,398559.52,-3.16,1247.06,1250.07,1258.61,False,28.08,16.95,23.91,,,,,,1218.01,HL,,,,,,,,1088.35,0.0,0.0,0.0,0.0,,1088.35,,,,,,,2000.0,0.0,0.0,0.0,0.0,,2000.0,
2022-12-08,1231.18,1292.58,1222.01,1280.18,406653.54,3.98,1252.15,1252.94,1260.21,False,26.97,17.16,22.05,,,,,,,,,,,,,,,1088.35,0.0,0.0,0.0,0.0,,1088.35,,,,,,,2000.0,0.0,0.0,0.0,0.0,,2000.0,
2022-12-09,1280.18,1296.64,1250.0,1263.1,406008.0,-1.33,1253.84,1253.91,1260.42,False,25.83,16.71,20.89,,,,,,,,,,,,,,,1088.35,0.0,0.0,0.0,0.0,,1088.35,,,,,,,2000.0,0.0,0.0,0.0,0.0,,2000.0,
2022-12-10,1263.11,1283.61,1259.6,1266.35,182278.64,0.26,1255.76,1255.09,1260.86,False,24.78,16.24,20.3,,,,,,,,,,,,,,,1088.35,0.0,0.0,0.0,0.0,,1088.35,,,,,,,2000.0,0.0,0.0,0.0,0.0,,2000.0,
2022-12-11,1266.35,1284.75,1255.85,1263.01,180494.9,-0.26,1256.88,1255.85,1261.02,False,23.89,15.66,20.04,,,,,,,,,,,,,,,1088.35,0.0,0.0,0.0,0.0,,1088.35,,,,,,,2000.0,0.0,0.0,0.0,0.0,,2000.0,
2022-12-12,1263.0,1278.9,1240.03,1275.4,363750.55,0.98,1259.73,1257.71,1262.09,False,23.4,14.9,21.05,,,,,,,,,SMALL HL confirmed @ 1218.01,,,,,,1088.35,0.0,0.0,0.0,0.0,,1088.35,,,,,,,2000.0,0.0,0.0,0.0,0.0,,2000.0,
2022-12-13,1275.41,1349.0,1255.1,1320.69,659393.88,3.55,1269.11,1263.71,1266.43,True,22.25,21.63,18.67,,,,,,,,BULL_CHOCH,SMALL BULL CHOCH @ 1320.69 (level 1309.77),1056.55,-20.0,2.5,2.060198,2720.88,1088.35,0.0,0.0,544.18,544.18,0.0,544.18,"ENTRY @ 1320.69 (small green CHoCH, margin $544.18 [50% of bank] @ 5x [ADX 22.3, zone green], 2.060198 units)",,,,,,2000.0,0.0,0.0,0.0,0.0,,2000.0,
2022-12-14,1320.69,1352.72,1301.0,1307.44,554465.57,-1.0,1275.0,1267.87,1269.47,True,21.27,20.73,17.5,,,,,1352.72,,HH,,,1056.55,-19.19,2.54,2.060198,2693.59,1061.06,-27.3,-2.51,516.88,538.72,-21.84,544.18,,,,,,,2000.0,0.0,0.0,0.0,0.0,,2000.0,
2022-12-15,1307.45,1311.14,1259.27,1266.54,390051.24,-3.13,1273.7,1267.75,1269.25,True,20.11,19.42,21.49,,,,,,,,,,1056.55,-16.58,2.67,2.060198,2609.32,976.79,-84.26,-7.94,432.62,521.86,-89.25,544.18,,,,,,,2000.0,0.0,0.0,0.0,0.0,,2000.0,
2022-12-16,1266.53,1280.06,1155.32,1166.83,751422.28,-7.87,1257.26,1258.13,1261.66,False,20.74,16.68,30.21,,,,,,,,BEAR_CHOCH,SMALL BEAR CHOCH @ 1166.83 (level 1218.01),,,,,,771.37,-205.42,-21.03,0.0,0.0,,771.37,"EXIT @ 1166.83 (small red CHoCH, realized -316.98)",,,,,,2000.0,0.0,0.0,0.0,0.0,,2000.0,
2022-12-17,1166.82,1190.03,1161.92,1187.16,328881.63,1.74,1246.48,1251.38,1256.14,False,21.32,16.13,29.21,,,,,,,,,,,,,,,771.37,0.0,0.0,0.0,0.0,,771.37,,,,,,,2000.0,0.0,0.0,0.0,0.0,,2000.0,
2022-12-18,1187.16,1199.54,1170.32,1183.06,252260.14,-0.35,1236.72,1244.87,1250.73,False,21.62,16.71,28.17,,,,,,,,,,,,,,,771.37,0.0,0.0,0.0,0.0,,771.37,,,,,,,2000.0,0.0,0.0,0.0,0.0,,2000.0,
2022-12-19,1183.06,1195.0,1150.51,1167.82,296832.72,-1.29,1226.12,1237.53,1244.59,False,22.19,15.79,29.08,,,,,,1150.51,LL,,SMALL HH confirmed @ 1352.72,,,,,,771.37,0.0,0.0,0.0,0.0,,771.37,,,,,,,2000.0,0.0,0.0,0.0,0.0,,2000.0,
2022-12-20,1167.82,1230.47,1163.12,1216.94,465184.19,4.21,1224.71,1235.57,1242.54,False,21.83,18.84,26.67,,,,,,,,,,,,,,,771.37,0.0,0.0,0.0,0.0,,771.37,,,,,,,2000.0,0.0,0.0,0.0,0.0,,2000.0,
2022-12-21,1216.95,1223.39,1203.02,1213.78,245723.84,-0.26,1223.03,1233.49,1240.41,False,21.5,18.34,25.97,,,,,,,,,,,,,,,771.37,0.0,0.0,0.0,0.0,,771.37,,,,,,,2000.0,0.0,0.0,0.0,0.0,,2000.0,
2022-12-22,1213.78,1237.99,1182.54,1217.71,336761.66,0.32,1222.21,1231.99,1238.73,False,21.55,17.03,26.75,,,,,1237.99,,LH,,,,,,,,771.37,0.0,0.0,0.0,0.0,,771.37,,,,,,,2000.0,0.0,0.0,0.0,0.0,,2000.0,
2022-12-23,1217.72,1231.99,1210.0,1219.99,278604.29,0.19,1221.87,1230.85,1237.34,False,21.6,16.53,25.96,,,,,,,,,,,,,,,771.37,0.0,0.0,0.0,0.0,,771.37,,,,,,,2000.0,0.0,0.0,0.0,0.0,,2000.0,
2022-12-24,1219.98,1227.99,1214.69,1220.41,123701.53,0.03,1221.64,1229.85,1236.09,False,21.64,16.22,25.47,,,,,,,,,SMALL LL confirmed @ 1150.51,,,,,,771.37,0.0,0.0,0.0,0.0,,771.37,,,,,,,2000.0,0.0,0.0,0.0,0.0,,2000.0,
2022-12-25,1220.42,1225.0,1193.18,1218.51,231652.06,-0.16,1221.16,1228.77,1234.78,False,22.09,15.46,27.43,,,,,,,,,,,,,,,771.37,0.0,0.0,0.0,0.0,,771.37,,,,,,,2000.0,0.0,0.0,0.0,0.0,,2000.0,
2022-12-26,1218.52,1231.09,1211.67,1228.11,162723.09,0.79,1222.23,1228.71,1234.29,False,22.3,15.93,26.62,,,,,,,,,,,,,,,771.37,0.0,0.0,0.0,0.0,,771.37,,,,,,,2000.0,0.0,0.0,0.0,0.0,,2000.0,
2022-12-27,1228.12,1233.73,1200.58,1211.55,262437.64,-1.35,1220.59,1227.08,1232.61,False,22.72,15.11,26.97,,,,,,,,,SMALL LH confirmed @ 1237.99,,,,,,771.37,0.0,0.0,0.0,0.0,,771.37,,,,,,,2000.0,0.0,0.0,0.0,0.0,,2000.0,
2022-12-28,1211.55,1215.78,1181.06,1190.15,367828.89,-1.77,1215.9,1223.56,1229.46,False,23.48,14.28,28.58,,,,,,1181.06,HL,,,,,,,,771.37,0.0,0.0,0.0,0.0,,771.37,,,,,,,2000.0,0.0,0.0,0.0,0.0,,2000.0,
2022-12-29,1190.15,1206.57,1186.77,1200.49,249130.49,0.87,1213.53,1221.36,1227.32,False,24.19,13.81,27.64,,,,,,,,,BIG HL confirmed @ 1073.53,,,,,,771.37,0.0,0.0,0.0,0.0,,771.37,,,,,,,2000.0,0.0,0.0,0.0,0.0,,2000.0,
2022-12-30,1200.48,1202.15,1181.08,1199.99,266014.21,-0.04,1211.45,1219.33,1225.29,False,24.96,13.31,27.62,,,,,,,,,,,,,,,771.37,0.0,0.0,0.0,0.0,,771.37,,,,,,,2000.0,0.0,0.0,0.0,0.0,,2000.0,
2022-12-31,1199.98,1208.46,1191.66,1196.13,139379.28,-0.32,1209.09,1217.12,1223.13,False,25.41,14.04,26.79,,,,,,,,,,,,,,,771.37,0.0,0.0,0.0,0.0,,771.37,,,,,,,2000.0,0.0,0.0,0.0,0.0,,2000.0,
2023-01-01,1196.13,1204.67,1190.57,1200.34,117762.07,0.35,1207.75,1215.52,1221.44,False,25.85,13.67,26.29,,,,,,,,,,,,,,,771.37,0.0,0.0,0.0,0.0,,771.37,,,,,,,2000.0,0.0,0.0,0.0,0.0,,2000.0,
2023-01-02,1200.33,1224.29,1193.0,1214.0,252794.14,1.14,1208.71,1215.38,1220.89,False,25.41,16.59,24.72,,,,,,,,,SMALL HL confirmed @ 1181.06,,,,,,771.37,0.0,0.0,0.0,0.0,,771.37,,,,,,,2000.0,0.0,0.0,0.0,0.0,,2000.0,
2023-01-03,1213.99,1219.89,1204.93,1214.55,205519.49,0.05,1209.61,1215.3,1220.42,False,25.0,16.1,23.99,,,,,,,,,,,,,,,771.37,0.0,0.0,0.0,0.0,,771.37,,,,,,,2000.0,0.0,0.0,0.0,0.0,,2000.0,
2023-01-04,1214.56,1272.6,1212.71,1256.9,457799.66,3.49,1216.88,1219.26,1223.12,False,23.68,24.27,21.26,,,,,,,,BULL_CHOCH,SMALL BULL CHOCH @ 1256.90 (level 1237.99),628.45,-50.0,1.0,0.613709,771.37,771.37,0.0,0.0,385.69,385.69,0.0,385.69,"ENTRY @ 1256.90 (small green CHoCH, margin $385.69 [50% of bank] @ 2x [ADX 23.7, zone red], 0.613709 units)",628.45,-50.0,1.0,1.591216,2000.0,2000.0,0.0,0.0,1000.0,1000.0,0.0,1000.0,"ENTRY @ 1256.90 (small green CHoCH, margin $1000.00 [50% of bank] @ 2x [ADX 23.7, zone red], 1.591216 units)"
2023-01-05,1256.91,1259.95,1242.81,1251.24,272805.33,-0.45,1222.17,1222.3,1225.21,False,22.46,23.45,20.54,,,,,,,,,,628.45,-49.77,1.0,0.613709,767.9,767.9,-3.47,-0.45,382.21,383.95,-1.74,385.69,,628.45,-49.77,1.0,1.591216,1990.99,1990.99,-9.01,-0.45,990.99,995.5,-4.5,1000.0,
2023-01-06,1251.25,1276.7,1236.0,1269.14,342344.2,1.43,1229.39,1226.77,1228.46,True,21.83,24.86,18.9,,,,,,,,,,628.45,-50.48,1.0,0.613709,778.88,778.88,10.99,1.43,393.2,389.44,3.76,385.69,,628.45,-50.48,1.0,1.591216,2019.48,2019.48,28.48,1.43,1019.48,1009.74,9.74,1000.0,
2023-01-07,1269.13,1271.09,1261.3,1264.07,129474.29,-0.4,1234.73,1230.32,1231.1,True,21.24,24.35,18.52,,,,,,,,,,628.45,-50.28,1.0,0.613709,775.77,775.77,-3.11,-0.4,390.09,387.89,2.2,385.69,,628.45,-50.28,1.0,1.591216,2011.41,2011.41,-8.07,-0.4,1011.41,1005.7,5.7,1000.0,
2023-01-08,1264.06,1296.0,1257.77,1290.16,213636.78,2.06,1243.26,1236.02,1235.47,True,21.4,27.55,17.07,,,,,,,,,,628.45,-51.29,1.0,0.613709,791.78,791.78,16.01,2.06,406.1,395.89,10.21,385.69,,628.45,-51.29,1.0,1.591216,2052.92,2052.92,41.51,2.06,1052.92,1026.46,26.46,1000.0,
2023-01-09,1290.15,1344.91,1285.44,1320.39,581727.7,2.34,1255.12,1244.05,1241.76,True,22.62,33.9,15.09,,,,,,,,,,628.45,-52.4,1.0,0.613709,810.34,810.34,18.55,2.34,424.65,405.17,19.48,385.69,,628.45,-52.4,1.0,1.591216,2101.03,2101.03,48.1,2.34,1101.03,1050.51,50.51,1000.0,
2023-01-10,1320.4,1347.69,1316.8,1335.62,459660.23,1.15,1267.51,1252.77,1248.72,True,23.79,32.38,14.17,,,,,,,,,,628.45,-52.95,1.0,0.613709,819.68,819.68,9.35,1.15,434.0,409.84,24.16,385.69,,628.45,-52.95,1.0,1.591216,2125.26,2125.26,24.23,1.15,1125.26,1062.63,62.63,1000.0,
2023-01-11,1335.63,1398.0,1321.04,1389.39,472465.96,4.03,1286.26,1265.78,1259.14,True,25.7,37.02,12.18,,,,,,,,,,628.45,-54.77,1.0,0.613709,852.68,852.68,33.0,4.03,467.0,426.34,40.66,385.69,,628.45,-54.77,1.0,1.591216,2210.82,2210.82,85.56,4.03,1210.82,1105.41,105.41,1000.0,
2023-01-12,1389.4,1438.0,1361.92,1415.92,877712.45,1.91,1306.21,1280.08,1270.75,True,27.96,39.04,10.59,,,,,,,,,,628.45,-55.62,1.0,0.613709,868.96,868.96,16.28,1.91,483.28,434.48,48.8,385.69,,628.45,-55.62,1.0,1.591216,2253.04,2253.04,42.21,1.91,1253.04,1126.52,126.52,1000.0,
2023-01-13,1415.91,1464.0,1401.03,1451.2,499377.86,2.49,1328.51,1296.38,1284.12,True,30.32,39.27,9.49,,,,,,,,,,628.45,-56.69,1.0,0.613709,890.61,890.61,21.65,2.49,504.93,445.31,59.62,385.69,,628.45,-56.69,1.0,1.591216,2309.17,2309.17,56.14,2.49,1309.17,1154.59,154.59,1000.0,
2023-01-14,1451.21,1599.98,1449.14,1549.9,940691.78,6.8,1362.57,1320.52,1303.8,True,33.44,50.03,7.49,,,,,,,,,,628.45,-59.45,1.0,0.613709,951.19,951.19,60.57,6.8,565.5,475.59,89.91,385.69,,628.45,-59.45,1.0,1.591216,2466.23,2466.23,157.05,6.8,1466.23,1233.11,233.11,1000.0,
2023-01-15,1549.91,1566.66,1516.03,1552.52,387832.71,0.17,1391.8,1342.62,1322.23,True,36.34,46.48,6.95,,,,,,,,,,628.45,-59.52,1.0,0.613709,952.8,952.8,1.61,0.17,567.11,476.4,90.71,385.69,,628.45,-59.52,1.0,1.591216,2470.4,2470.4,4.17,0.17,1470.4,1235.2,235.2,1000.0,
2023-01-16,1552.52,1604.5,1521.31,1576.94,574622.9,1.57,1420.28,1364.94,1341.1,True,39.2,46.37,6.18,,,,,,,,,,628.45,-60.15,1.0,0.613709,967.78,967.78,14.99,1.57,582.1,483.89,98.21,385.69,,628.45,-60.15,1.0,1.591216,2509.25,2509.25,38.86,1.57,1509.25,1254.63,254.63,1000.0,
2023-01-17,1576.94,1609.0,1541.15,1565.57,506771.72,-0.72,1442.63,1384.04,1357.72,True,41.89,42.82,5.63,,,,,,,,,,628.45,-59.86,1.0,0.613709,960.8,960.8,-6.98,-0.72,575.12,480.4,94.72,385.69,,628.45,-59.86,1.0,1.591216,2491.16,2491.16,-18.09,-0.72,1491.16,1245.58,245.58,1000.0,
2023-01-18,1565.56,1610.0,1501.39,1511.43,752534.89,-3.46,1453.22,1396.18,1369.11,True,43.06,37.11,9.76,,,,,,,,,,628.45,-58.42,1.0,0.613709,927.58,927.58,-33.23,-3.46,541.89,463.79,78.1,385.69,,628.45,-58.42,1.0,1.591216,2405.01,2405.01,-86.15,-3.46,1405.01,1202.51,202.51,1000.0,
2023-01-19,1511.44,1564.43,1509.15,1551.09,308679.46,2.62,1468.27,1410.93,1382.59,True,44.16,34.58,9.09,,,,,,,,,,628.45,-59.48,1.0,0.613709,951.92,951.92,24.34,2.62,566.23,475.96,90.27,385.69,,628.45,-59.48,1.0,1.591216,2468.12,2468.12,63.11,2.62,1468.12,1234.06,234.06,1000.0,
2023-01-20,1551.09,1669.9,1542.02,1658.52,440571.0,6.93,1497.54,1434.51,1403.03,True,45.89,41.53,7.77,,,,,,,,,,628.45,-62.11,1.0,0.613709,1017.85,1017.85,65.93,6.93,632.16,508.92,123.24,385.69,,628.45,-62.11,1.0,1.591216,2639.06,2639.06,170.94,6.93,1639.06,1319.53,319.53,1000.0,
2023-01-21,1658.53,1679.26,1616.21,1626.66,494248.6,-1.92,1517.41,1452.81,1419.59,True,47.56,39.62,7.22,,,,,1679.26,,HH,,,628.45,-61.37,1.0,0.613709,998.3,998.3,-19.55,-1.92,612.61,499.15,113.46,385.69,,628.45,-61.37,1.0,1.591216,2588.37,2588.37,-50.7,-1.92,1588.37,1294.18,294.18,1000.0,
2023-01-22,1626.65,1663.89,1604.0,1627.44,431729.69,0.05,1534.33,1469.44,1434.99,True,48.73,36.92,8.12,,,,,,,,,,628.45,-61.38,1.0,0.613709,998.78,998.78,0.48,0.05,613.09,499.39,113.7,385.69,,628.45,-61.38,1.0,1.591216,2589.61,2589.61,1.24,0.05,1589.61,1294.8,294.8,1000.0,
2023-01-23,1627.43,1648.09,1585.29,1626.29,407267.12,-0.07,1548.48,1484.38,1449.16,True,49.25,34.28,9.67,,,,,,,,,,628.45,-61.36,1.0,0.613709,998.07,998.07,-0.71,-0.07,612.38,499.03,113.35,385.69,,628.45,-61.36,1.0,1.591216,2587.78,2587.78,-1.83,-0.07,1587.78,1293.89,293.89,1000.0,
2023-01-24,1626.28,1641.46,1535.0,1555.97,462275.32,-4.32,1549.63,1491.2,1457.07,True,48.36,30.32,14.0,,,,,,,,,,628.45,-59.61,1.0,0.613709,954.91,954.91,-43.16,-4.32,569.23,477.46,91.77,385.69,,628.45,-59.61,1.0,1.591216,2475.89,2475.89,-111.89,-4.32,1475.89,1237.94,237.94,1000.0,
2023-01-25,1555.97,1641.0,1518.0,1611.94,646474.92,3.6,1559.22,1502.7,1468.54,True,47.12,26.51,13.98,,,,,,1518.0,HL,,,628.45,-61.01,1.0,0.613709,989.26,989.26,34.35,3.6,603.58,494.63,108.95,385.69,,628.45,-61.01,1.0,1.591216,2564.95,2564.95,89.06,3.6,1564.95,1282.47,282.47,1000.0,
2023-01-26,1611.95,1632.84,1577.43,1601.09,532777.85,-0.67,1565.66,1512.07,1478.36,True,45.96,24.99,13.18,,,,,,,,,SMALL HH confirmed @ 1679.26,628.45,-60.75,1.0,0.613709,982.6,982.6,-6.66,-0.67,596.92,491.3,105.62,385.69,,628.45,-60.75,1.0,1.591216,2547.68,2547.68,-17.26,-0.67,1547.68,1273.84,273.84,1000.0,
2023-01-27,1601.08,1621.0,1552.54,1597.62,512093.39,-0.22,1570.58,1520.22,1487.2,True,44.25,23.22,14.82,,,,,,,,,,628.45,-60.66,1.0,0.613709,980.47,980.47,-2.13,-0.22,594.79,490.24,104.55,385.69,,628.45,-60.66,1.0,1.591216,2542.16,2542.16,-5.52,-0.22,1542.16,1271.08,271.08,1000.0,
2023-01-28,1597.61,1606.83,1555.99,1572.1,313675.66,-1.6,1570.81,1525.16,1493.48,True,42.67,21.97,14.03,,,,,,,,,,628.45,-60.02,1.0,0.613709,964.81,964.81,-15.66,-1.6,579.13,482.41,96.72,385.69,,628.45,-60.02,1.0,1.591216,2501.55,2501.55,-40.61,-1.6,1501.55,1250.78,250.78,1000.0,
2023-01-29,1572.1,1660.0,1566.33,1644.72,551767.91,4.62,1582.18,1536.54,1504.69,True,42.0,25.32,12.68,,,,,,,,,,628.45,-61.79,1.0,0.613709,1009.38,1009.38,44.57,4.62,623.69,504.69,119.0,385.69,,628.45,-61.79,1.0,1.591216,2617.11,2617.11,115.55,4.62,1617.11,1308.55,308.55,1000.0,
2023-01-30,1644.73,1647.53,1535.0,1566.2,595055.33,-4.77,1579.72,1539.37,1509.24,True,40.58,22.51,14.36,,,,,,,,,SMALL HL confirmed @ 1518.00,628.45,-59.87,1.0,0.613709,961.19,961.19,-48.19,-4.77,575.51,480.6,94.91,385.69,,628.45,-59.87,1.0,1.591216,2492.16,2492.16,-124.94,-4.77,1492.16,1246.08,246.08,1000.0,
2023-01-31,1566.21,1605.18,1561.63,1585.33,348856.68,1.22,1580.59,1543.75,1514.88,True,39.26,21.52,13.72,,,,,,,,,,628.45,-60.36,1.0,0.613709,972.93,972.93,11.74,1.22,587.25,486.47,100.78,385.69,,628.45,-60.36,1.0,1.591216,2522.6,2522.6,30.44,1.22,1522.6,1261.3,261.3,1000.0,
2023-02-01,1585.32,1647.77,1555.18,1641.68,474617.17,3.55,1589.99,1553.07,1524.27,True,38.69,23.77,12.46,,,,,,,,,,628.45,-61.72,1.0,0.613709,1007.51,1007.51,34.58,3.55,621.83,503.76,118.07,385.69,,628.45,-61.72,1.0,1.591216,2612.27,2612.27,89.67,3.55,1612.27,1306.13,306.13,1000.0,
2023-02-02,1641.67,1714.68,1626.85,1643.12,629188.89,0.09,1598.16,1561.65,1533.08,True,38.96,28.26,11.39,,,,,1714.68,,HH,,,628.45,-61.75,1.0,0.613709,1008.4,1008.4,0.88,0.09,622.71,504.2,118.51,385.69,,628.45,-61.75,1.0,1.591216,2614.56,2614.56,2.29,0.09,1614.56,1307.28,307.28,1000.0,
2023-02-03,1643.12,1676.0,1625.93,1663.52,464815.03,1.24,1608.22,1571.35,1542.74,True,39.19,26.85,10.92,,,,,,,,,,628.45,-62.22,1.0,0.613709,1020.92,1020.92,12.52,1.24,635.23,510.46,124.77,385.69,,628.45,-62.22,1.0,1.591216,2647.02,2647.02,32.46,1.24,1647.02,1323.51,323.51,1000.0,
2023-02-04,1663.52,1695.29,1645.43,1666.38,308227.13,0.17,1617.16,1580.4,1551.9,True,39.62,27.45,10.36,,,,,,,,,,628.45,-62.29,1.0,0.613709,1022.67,1022.67,1.76,0.17,636.99,511.34,125.65,385.69,,628.45,-62.29,1.0,1.591216,2651.57,2651.57,4.55,0.17,1651.57,1325.79,325.79,1000.0,
2023-02-05,1666.39,1673.81,1609.3,1629.02,413579.67,-2.24,1618.99,1585.03,1557.61,True,39.03,25.63,13.38,,,,,,,,,,628.45,-61.42,1.0,0.613709,999.74,999.74,-22.93,-2.24,614.06,499.87,114.19,385.69,,628.45,-61.42,1.0,1.591216,2592.12,2592.12,-59.45,-2.24,1592.12,1296.06,296.06,1000.0,
2023-02-06,1629.01,1658.56,1605.01,1614.29,384119.42,-0.9,1618.26,1587.82,1561.81,True,38.37,24.2,13.08,,,,,,,,,,628.45,-61.07,1.0,0.613709,990.7,990.7,-9.04,-0.9,605.02,495.35,109.67,385.69,,628.45,-61.07,1.0,1.591216,2568.68,2568.68,-23.44,-0.9,1568.68,1284.34,284.34,1000.0,
2023-02-07,1614.28,1678.37,1613.14,1671.03,451922.4,3.51,1626.38,1595.74,1569.9,True,38.05,24.62,12.19,,,,,,,,,SMALL HH confirmed @ 1714.68,628.45,-62.39,1.0,0.613709,1025.53,1025.53,34.82,3.51,639.84,512.76,127.08,385.69,,628.45,-62.39,1.0,1.591216,2658.97,2658.97,90.29,3.51,1658.97,1329.49,329.49,1000.0,
2023-02-08,1671.03,1697.91,1630.47,1650.43,417966.25,-1.23,1630.08,1600.95,1575.86,True,38.01,24.93,11.33,,,,,,,,,,628.45,-61.92,1.0,0.613709,1012.88,1012.88,-12.64,-1.23,627.2,506.44,120.76,385.69,,628.45,-61.92,1.0,1.591216,2626.19,2626.19,-32.78,-1.23,1626.19,1313.1,313.1,1000.0,
2023-02-09,1650.42,1656.17,1524.4,1545.35,658011.7,-6.37,1617.05,1595.66,1573.6,True,35.53,21.7,20.28,,,,,,,,,,628.45,-59.33,1.0,0.613709,948.4,948.4,-64.49,-6.37,562.71,474.2,88.51,385.69,,628.45,-59.33,1.0,1.591216,2458.99,2458.99,-167.21,-6.37,1458.99,1229.49,229.49,1000.0,
2023-02-10,1545.35,1555.01,1490.0,1513.06,484654.22,-2.09,1601.05,1587.79,1569.12,True,33.34,20.31,22.38,,,,,,,,BEAR_CHOCH,SMALL BEAR CHOCH @ 1513.06 (level 1518.00),,,,,,928.58,-19.82,-2.09,0.0,0.0,,928.58,"EXIT @ 1513.06 (small red CHoCH, realized +157.21)",,,,,,2407.61,-51.38,-2.09,0.0,0.0,,2407.61,"EXIT @ 1513.06 (small red CHoCH, realized +407.61)"
2023-02-11,1513.05,1543.0,1505.0,1538.51,289691.57,1.68,1591.43,1583.1,1566.85,True,31.31,19.51,21.51,,,,,,,,,,,,,,,928.58,0.0,0.0,0.0,0.0,,928.58,,,,,,,2407.61,0.0,0.0,0.0,0.0,,2407.61,
2023-02-12,1538.5,1548.02,1493.08,1514.83,286758.37,-1.54,1579.64,1576.59,1563.0,True,29.63,18.4,21.52,,,,,,,,,,,,,,,928.58,0.0,0.0,0.0,0.0,,928.58,,,,,,,2407.61,0.0,0.0,0.0,0.0,,2407.61,
2023-02-13,1514.82,1526.1,1461.93,1505.24,643152.39,-0.63,1568.2,1569.8,1558.72,True,28.6,17.16,23.34,,,,,,1461.93,LL,,,,,,,,928.58,0.0,0.0,0.0,0.0,,928.58,,,,,,,2407.61,0.0,0.0,0.0,0.0,,2407.61,
2023-02-14,1505.25,1569.0,1482.66,1555.71,668964.38,3.35,1566.28,1568.46,1558.5,True,26.77,20.05,21.27,,,,,,,,,,,,,,,928.58,0.0,0.0,0.0,0.0,,928.58,,,,,,,2407.61,0.0,0.0,0.0,0.0,,2407.61,
2023-02-15,1555.7,1680.0,1542.55,1674.92,581207.86,7.66,1582.99,1578.6,1567.12,True,26.33,28.05,18.46,,,,,,,,,,,,,,,928.58,0.0,0.0,0.0,0.0,,928.58,,,,,,,2407.61,0.0,0.0,0.0,0.0,,2407.61,
2023-02-16,1674.92,1742.97,1633.72,1637.84,832723.67,-2.21,1591.43,1584.24,1572.36,True,26.62,31.05,16.59,,,,,1742.97,,HH,,,,,,,,928.58,0.0,0.0,0.0,0.0,,928.58,,,,,,,2407.61,0.0,0.0,0.0,0.0,,2407.61,
2023-02-17,1637.83,1722.0,1630.51,1693.87,579934.66,3.42,1607.19,1594.68,1581.36,True,26.82,28.45,15.5,,,,,,,,,,,,,,,928.58,0.0,0.0,0.0,0.0,,928.58,,,,,,,2407.61,0.0,0.0,0.0,0.0,,2407.61,
2023-02-18,1693.81,1713.13,1679.77,1691.62,267305.78,-0.13,1620.18,1603.91,1589.53,True,27.01,27.54,15.0,,,,,,,,,SMALL LL confirmed @ 1461.93,,,,,,928.58,0.0,0.0,0.0,0.0,,928.58,,,,,,,2407.61,0.0,0.0,0.0,0.0,,2407.61,
2023-02-19,1691.62,1726.59,1666.14,1679.75,401023.05,-0.7,1629.34,1611.13,1596.21,True,26.89,25.93,15.44,,,,,,,,,,,,,,,928.58,0.0,0.0,0.0,0.0,,928.58,,,,,,,2407.61,0.0,0.0,0.0,0.0,,2407.61,
2023-02-20,1679.74,1719.89,1650.56,1703.27,451314.83,1.4,1640.72,1619.91,1604.14,True,26.45,24.18,15.92,,,,,,,,,,,,,,,928.58,0.0,0.0,0.0,0.0,,928.58,,,,,,,2407.61,0.0,0.0,0.0,0.0,,2407.61,
2023-02-21,1703.27,1716.66,1636.3,1659.76,520354.47,-2.55,1643.65,1623.7,1608.26,True,25.72,22.31,16.06,,,,,,,,,SMALL HH confirmed @ 1742.97,,,,,,928.58,0.0,0.0,0.0,0.0,,928.58,,,,,,,2407.61,0.0,0.0,0.0,0.0,,2407.61,
2023-02-22,1659.77,1666.95,1595.07,1643.14,528875.48,-1.0,1643.57,1625.56,1610.84,True,24.21,20.75,18.93,,,,,,,,,,,,,,,928.58,0.0,0.0,0.0,0.0,,928.58,,,,,,,2407.61,0.0,0.0,0.0,0.0,,2407.61,
2023-02-23,1643.15,1679.0,1628.75,1650.53,501305.97,0.45,1644.64,1627.93,1613.78,True,23.02,20.91,17.99,,,,,,,,,,,,,,,928.58,0.0,0.0,0.0,0.0,,928.58,,,,,,,2407.61,0.0,0.0,0.0,0.0,,2407.61,
2023-02-24,1650.52,1664.66,1575.64,1607.8,512515.5,-2.59,1638.97,1626.02,1613.34,True,21.81,19.1,21.6,,,,,,,,,,,,,,,928.58,0.0,0.0,0.0,0.0,,928.58,,,,,,,2407.61,0.0,0.0,0.0,0.0,,2407.61,
2023-02-25,1607.8,1608.98,1557.33,1594.58,290188.04,-0.82,1632.14,1623.02,1611.95,True,21.0,18.12,22.32,,,,,,1557.33,HL,,,,,,,,928.58,0.0,0.0,0.0,0.0,,928.58,,,,,,,2407.61,0.0,0.0,0.0,0.0,,2407.61,
2023-02-26,1594.58,1651.26,1587.76,1641.36,308607.99,2.93,1633.56,1624.77,1614.13,True,19.55,21.21,20.89,,,,,,,,,,,,,,,928.58,0.0,0.0,0.0,0.0,,928.58,,,,,,,2407.61,0.0,0.0,0.0,0.0,,2407.61,
2023-02-27,1641.37,1665.22,1608.0,1633.45,431861.41,-0.48,1633.54,1625.6,1615.56,True,18.45,21.39,19.68,,,,,,,,,,,,,,,928.58,0.0,0.0,0.0,0.0,,928.58,,,,,,,2407.61,0.0,0.0,0.0,0.0,,2407.61,
2023-02-28,1633.45,1647.52,1596.66,1605.23,393523.16,-1.73,1629.19,1623.66,1614.8,True,17.21,20.26,19.81,,,,,,,,,,,,,,,928.58,0.0,0.0,0.0,0.0,,928.58,,,,,,,2407.61,0.0,0.0,0.0,0.0,,2407.61,
2023-03-01,1605.24,1669.72,1595.0,1665.22,474456.82,3.74,1634.73,1627.61,1618.53,True,16.48,20.99,18.29,,,,,,,,,,,,,,,928.58,0.0,0.0,0.0,0.0,,928.58,,,,,,,2407.61,0.0,0.0,0.0,0.0,,2407.61,
2023-03-02,1665.23,1677.86,1619.18,1647.86,423023.81,-1.04,1636.75,1629.54,1620.7,True,15.94,20.56,17.17,,,,,1677.86,,LH,,SMALL HL confirmed @ 1557.33,,,,,,928.58,0.0,0.0,0.0,0.0,,928.58,,,,,,,2407.61,0.0,0.0,0.0,0.0,,2407.61,
2023-03-03,1647.86,1649.25,1544.39,1569.45,742816.6,-4.76,1626.4,1623.82,1616.91,True,15.58,18.39,22.87,,,,,,,,,,,,,,,928.58,0.0,0.0,0.0,0.0,,928.58,,,,,,,2407.61,0.0,0.0,0.0,0.0,,2407.61,
2023-03-04,1569.45,1577.53,1549.12,1566.73,237640.26,-0.17,1617.22,1618.38,1613.19,True,15.24,17.84,22.19,,,,,,,,,,,,,,,928.58,0.0,0.0,0.0,0.0,,928.58,,,,,,,2407.61,0.0,0.0,0.0,0.0,,2407.61,
2023-03-05,1566.74,1588.77,1553.05,1564.58,299240.74,-0.14,1609.12,1613.26,1609.59,False,14.69,18.37,21.33,,,,,,,,,,,,,,,928.58,0.0,0.0,0.0,0.0,,928.58,,,,,,,2407.61,0.0,0.0,0.0,0.0,,2407.61,
2023-03-06,1564.57,1583.49,1554.44,1565.84,307709.3,0.08,1602.46,1608.74,1606.35,False,14.17,17.77,20.63,,,,,,,,,,,,,,,928.58,0.0,0.0,0.0,0.0,,928.58,,,,,,,2407.61,0.0,0.0,0.0,0.0,,2407.61,
2023-03-07,1565.84,1584.49,1536.14,1561.96,437947.9,-0.25,1596.23,1604.29,1603.06,False,14.05,16.78,21.59,,,,,,,,,SMALL LH confirmed @ 1677.86,,,,,,928.58,0.0,0.0,0.0,0.0,,928.58,,,,,,,2407.61,0.0,0.0,0.0,0.0,,2407.61,
2023-03-08,1561.95,1570.89,1523.61,1532.38,460101.77,-1.89,1586.41,1597.44,1597.82,False,14.19,15.85,21.86,,,,,,,,BEAR_BOS,SMALL BEAR BOS @ 1532.38 (level 1557.33),,,,,,928.58,0.0,0.0,0.0,0.0,,928.58,,,,,,,2407.61,0.0,0.0,0.0,0.0,,2407.61,
2023-03-09,1532.38,1546.45,1408.0,1437.32,718485.14,-6.2,1563.47,1582.19,1585.94,False,15.99,13.49,31.02,,,,,,,,,,,,,,,928.58,0.0,0.0,0.0,0.0,,928.58,,,,,,,2407.61,0.0,0.0,0.0,0.0,,2407.61,
2023-03-10,1437.32,1439.43,1368.39,1426.44,960262.45,-0.76,1542.39,1567.36,1574.12,False,18.06,12.47,32.9,,,,,,1368.39,LL,,,,,,,,928.58,0.0,0.0,0.0,0.0,,928.58,,,,,,,2407.61,0.0,0.0,0.0,0.0,,2407.61,
2023-03-11,1426.43,1478.07,1408.4,1471.97,1374859.62,3.19,1531.56,1558.27,1566.55,False,19.06,15.66,30.46,,,,,,,,,,,,,,,928.58,0.0,0.0,0.0,0.0,,928.58,,,,,,,2407.61,0.0,0.0,0.0,0.0,,2407.61,
2023-03-12,1471.93,1594.19,1448.3,1580.33,1002355.09,7.36,1539.06,1560.37,1567.57,False,17.88,24.83,26.09,,,,,,,,,,,,,,,928.58,0.0,0.0,0.0,0.0,,928.58,,,,,,,2407.61,0.0,0.0,0.0,0.0,,2407.61,
2023-03-13,1580.33,1693.49,1565.0,1673.45,1228063.61,5.89,1559.73,1571.14,1575.42,False,17.68,31.11,22.97,,,,,,,,,,,,,,,928.58,0.0,0.0,0.0,0.0,,928.58,,,,,,,2407.61,0.0,0.0,0.0,0.0,,2407.61,
2023-03-14,1673.44,1780.02,1655.24,1699.4,1283321.24,1.55,1581.22,1583.36,1584.6,False,18.33,35.36,20.41,,,,,,,,BULL_CHOCH,SMALL BULL CHOCH @ 1699.40 (level 1677.86),849.7,-50.0,1.0,0.546416,928.58,928.58,0.0,0.0,464.29,464.29,0.0,464.29,"ENTRY @ 1699.40 (small green CHoCH, margin $464.29 [50% of bank] @ 2x [ADX 18.3, zone red], 0.546416 units)",849.7,-50.0,1.0,1.416739,2407.61,2407.61,0.0,0.0,1203.8,1203.8,0.0,1203.8,"ENTRY @ 1699.40 (small green CHoCH, margin $1203.80 [50% of bank] @ 2x [ADX 18.3, zone red], 1.416739 units)"
2023-03-15,1699.41,1716.9,1611.0,1649.96,963142.48,-2.91,1591.8,1589.7,1589.44,True,18.29,32.1,22.38,,,,,,,,,SMALL LL confirmed @ 1368.39,849.7,-48.5,1.0,0.546416,901.56,901.56,-27.01,-2.91,437.27,450.78,-13.51,464.29,,849.7,-48.5,1.0,1.416739,2337.56,2337.56,-70.04,-2.91,1133.76,1168.78,-35.02,1203.8,
2023-03-16,1649.95,1691.42,1632.18,1673.73,627985.61,1.44,1604.4,1597.7,1595.69,True,18.26,30.41,21.21,,,,,,,,,,849.7,-49.23,1.0,0.546416,914.55,914.55,12.99,1.44,450.26,457.28,-7.01,464.29,,849.7,-49.23,1.0,1.416739,2371.24,2371.24,33.68,1.44,1167.44,1185.62,-18.18,1203.8,
2023-03-17,1673.73,1800.0,1662.65,1789.27,907528.28,6.9,1632.84,1615.95,1610.03,True,19.21,36.06,18.74,,,,,,,,,,849.7,-52.51,1.0,0.546416,977.69,977.69,63.13,6.9,513.4,488.84,24.55,464.29,,849.7,-52.51,1.0,1.416739,2534.93,2534.93,163.69,6.9,1331.13,1267.46,63.66,1203.8,
2023-03-18,1789.26,1841.0,1747.47,1758.84,711614.73,-1.7,1652.23,1629.56,1621.05,True,20.41,36.67,17.27,,,,,,,,,,849.7,-51.69,1.0,0.546416,961.06,961.06,-16.63,-1.7,496.77,480.53,16.24,464.29,,849.7,-51.69,1.0,1.416739,2491.82,2491.82,-43.11,-1.7,1288.01,1245.91,42.11,1203.8,
2023-03-19,1758.84,1841.36,1757.92,1780.68,541131.89,1.24,1671.99,1643.95,1632.87,True,21.52,34.13,16.06,,,,,,,,,,849.7,-52.28,1.0,0.546416,972.99,972.99,11.93,1.24,508.7,486.5,22.21,464.29,,849.7,-52.28,1.0,1.416739,2522.76,2522.76,30.94,1.24,1318.96,1261.38,57.58,1203.8,
2023-03-20,1780.67,1803.05,1722.0,1732.78,682848.12,-2.69,1681.34,1652.41,1640.27,True,21.97,31.79,17.99,,,,,,,,,,849.7,-50.96,1.0,0.546416,946.82,946.82,-26.17,-2.69,482.53,473.41,9.12,464.29,,849.7,-50.96,1.0,1.416739,2454.9,2454.9,-67.86,-2.69,1251.09,1227.45,23.65,1203.8,
2023-03-21,1732.77,1835.0,1717.01,1801.23,742348.5,3.95,1699.79,1666.58,1652.2,True,22.66,31.34,16.25,,,,,,,,,,849.7,-52.83,1.0,0.546416,984.22,984.22,37.4,3.95,519.93,492.11,27.82,464.29,,849.7,-52.83,1.0,1.416739,2551.87,2551.87,96.98,3.95,1348.07,1275.94,72.13,1203.8,
2023-03-22,1801.23,1819.98,1710.12,1734.33,891287.6,-3.71,1705.1,1673.03,1658.28,True,23.19,28.56,15.36,,,,,,,,,,849.7,-51.01,1.0,0.546416,947.67,947.67,-36.56,-3.71,483.38,473.83,9.54,464.29,,849.7,-51.01,1.0,1.416739,2457.09,2457.09,-94.78,-3.71,1253.29,1228.55,24.74,1203.8,
2023-03-23,1734.34,1857.16,1729.35,1813.79,732061.1,4.58,1721.82,1686.44,1669.8,True,24.02,28.62,13.83,,,,,1857.16,,HH,,,849.7,-53.15,1.0,0.546416,991.08,991.08,43.42,4.58,526.79,495.54,31.25,464.29,,849.7,-53.15,1.0,1.416739,2569.67,2569.67,112.57,4.58,1365.86,1284.83,81.03,1203.8,
2023-03-24,1813.78,1818.99,1726.4,1749.57,564770.14,-3.54,1726.09,1692.45,1675.71,True,24.74,26.55,13.06,,,,,,,,,,849.7,-51.43,1.0,0.546416,955.99,955.99,-35.09,-3.54,491.7,478.0,13.71,464.29,,849.7,-51.43,1.0,1.416739,2478.68,2478.68,-90.98,-3.54,1274.88,1239.34,35.54,1203.8,
2023-03-25,1749.57,1763.23,1713.09,1741.88,355679.37,-0.44,1728.52,1697.16,1680.61,True,25.14,25.48,13.61,,,,,,,,,,849.7,-51.22,1.0,0.546416,951.79,951.79,-4.2,-0.44,487.5,475.9,11.61,464.29,,849.7,-51.22,1.0,1.416739,2467.79,2467.79,-10.89,-0.44,1263.99,1233.89,30.09,1203.8,
2023-03-26,1741.88,1801.0,1739.31,1773.88,354933.24,1.84,1735.5,1704.47,1687.52,True,25.9,27.29,12.92,,,,,,,,,,849.7,-52.1,1.0,0.546416,969.28,969.28,17.49,1.84,504.99,484.64,20.35,464.29,,849.7,-52.1,1.0,1.416739,2513.12,2513.12,45.34,1.84,1309.32,1256.56,52.76,1203.8,
2023-03-27,1773.88,1780.48,1686.13,1715.22,570563.5,-3.31,1732.38,1705.49,1689.57,True,25.59,25.18,16.27,,,,,,1686.13,HL,,,849.7,-50.46,1.0,0.546416,937.22,937.22,-32.05,-3.31,472.93,468.61,4.32,464.29,,849.7,-50.46,1.0,1.416739,2430.02,2430.02,-83.11,-3.31,1226.22,1215.01,11.21,1203.8,
2023-03-28,1715.21,1795.73,1701.13,1772.99,536511.4,3.37,1738.63,1711.92,1695.75,True,25.47,24.49,15.02,,,,,,,,,SMALL HH confirmed @ 1857.16,849.7,-52.08,1.0,0.546416,968.79,968.79,31.57,3.37,504.5,484.39,20.11,464.29,,849.7,-52.08,1.0,1.416739,2511.86,2511.86,81.85,3.37,1308.06,1255.93,52.13,1203.8,
2023-03-29,1773.0,1827.99,1772.48,1793.07,536865.6,1.13,1747.0,1719.65,1702.96,True,25.72,26.05,14.32,,,,,,,,,,849.7,-52.61,1.0,0.546416,979.76,979.76,10.97,1.13,515.47,489.88,25.59,464.29,,849.7,-52.61,1.0,1.416739,2540.31,2540.31,28.45,1.13,1336.51,1270.16,66.35,1203.8,
2023-03-30,1793.06,1829.69,1763.0,1793.61,579690.04,0.03,1754.17,1726.69,1709.67,True,25.77,24.57,14.32,,,,,,,,,,849.7,-52.63,1.0,0.546416,980.06,980.06,0.3,0.03,515.77,490.03,25.74,464.29,,849.7,-52.63,1.0,1.416739,2541.08,2541.08,0.77,0.03,1337.27,1270.54,66.74,1203.8,
2023-03-31,1793.6,1847.28,1777.91,1821.52,554525.48,1.56,1764.53,1735.72,1717.96,True,26.02,24.62,13.46,,,,,,,,,,849.7,-53.35,1.0,0.546416,995.31,995.31,15.25,1.56,531.02,497.65,33.36,464.29,,849.7,-53.35,1.0,1.416739,2580.62,2580.62,39.54,1.56,1376.82,1290.31,86.51,1203.8,
2023-04-01,1821.52,1842.83,1807.81,1820.79,272904.97,-0.04,1773.19,1743.82,1725.58,True,26.26,23.85,13.04,,,,,,,,,SMALL HL confirmed @ 1686.13,849.7,-53.33,1.0,0.546416,994.91,994.91,-0.4,-0.04,530.62,497.45,33.16,464.29,,849.7,-53.33,1.0,1.416739,2579.58,2579.58,-1.03,-0.04,1375.78,1289.79,85.99,1203.8,
2023-04-02,1820.8,1824.81,1771.7,1794.51,322122.94,-1.44,1776.47,1748.65,1730.68,True,25.68,22.68,15.72,,,,,,,,,,849.7,-52.65,1.0,0.546416,980.55,980.55,-14.36,-1.44,516.26,490.27,25.98,464.29,,849.7,-52.65,1.0,1.416739,2542.35,2542.35,-37.23,-1.44,1338.55,1271.18,67.37,1203.8,
2023-04-03,1794.51,1839.99,1762.77,1810.51,628503.66,0.89,1781.71,1754.54,1736.6,True,25.36,22.47,14.61,,,,,,,,,,849.7,-53.07,1.0,0.546416,989.29,989.29,8.74,0.89,525.0,494.65,30.36,464.29,,849.7,-53.07,1.0,1.416739,2565.02,2565.02,22.67,0.89,1361.22,1282.51,78.71,1203.8,
2023-04-04,1810.51,1891.91,1802.01,1870.37,622208.64,3.31,1795.35,1765.57,1746.5,True,25.75,25.35,13.41,,,,,,,,BULL_BOS,SMALL BULL BOS @ 1870.37 (level 1857.16),849.7,-54.57,1.0,0.546416,1022.0,1022.0,32.71,3.31,557.71,511.0,46.71,464.29,,849.7,-54.57,1.0,1.416739,2649.83,2649.83,84.81,3.31,1446.02,1324.91,121.11,1203.8,
2023-04-05,1870.38,1942.98,1864.58,1908.69,548595.52,2.05,1812.78,1779.2,1758.52,True,26.67,28.19,12.46,,,,,1942.98,,HH,,,849.7,-55.48,1.0,0.546416,1042.94,1042.94,20.94,2.05,578.65,521.47,57.18,464.29,,849.7,-55.48,1.0,1.416739,2704.12,2704.12,54.29,2.05,1500.31,1352.06,148.25,1203.8,
2023-04-06,1908.68,1909.91,1853.7,1872.41,396241.44,-1.9,1821.96,1788.08,1766.95,True,27.28,26.72,12.82,,,,,,,,,,849.7,-54.62,1.0,0.546416,1023.11,1023.11,-19.82,-1.9,558.82,511.56,47.27,464.29,,849.7,-54.62,1.0,1.416739,2652.72,2652.72,-51.4,-1.9,1448.91,1326.36,122.55,1203.8,
2023-04-07,1872.41,1882.61,1841.46,1863.72,284256.49,-0.46,1828.38,1795.28,1774.12,True,27.55,25.66,13.48,,,,,,,,,,849.7,-54.41,1.0,0.546416,1018.37,1018.37,-4.75,-0.46,554.08,509.18,44.89,464.29,,849.7,-54.41,1.0,1.416739,2640.4,2640.4,-12.31,-0.46,1436.6,1320.2,116.4,1203.8,
2023-04-08,1863.73,1879.38,1847.0,1848.82,197905.54,-0.8,1831.53,1800.38,1779.66,True,27.81,24.83,13.05,,,,,,,,,,849.7,-54.04,1.0,0.546416,1010.22,1010.22,-8.14,-0.8,545.93,505.11,40.82,464.29,,849.7,-54.04,1.0,1.416739,2619.3,2619.3,-21.11,-0.8,1415.49,1309.65,105.84,1203.8,
2023-04-09,1848.82,1873.99,1824.01,1858.92,287131.31,0.55,1835.74,1805.96,1785.53,True,27.47,23.56,14.73,,,,,,1824.01,HL,,,849.7,-54.29,1.0,0.546416,1015.74,1015.74,5.52,0.55,551.45,507.87,43.58,464.29,,849.7,-54.29,1.0,1.416739,2633.6,2633.6,14.31,0.55,1429.8,1316.8,113.0,1203.8,
2023-04-10,1858.91,1918.79,1846.4,1910.2,434739.8,2.76,1847.2,1815.89,1794.76,True,27.78,26.39,13.64,,,,,,,,,SMALL HH confirmed @ 1942.98,849.7,-55.52,1.0,0.546416,1043.76,1043.76,28.02,2.76,579.47,521.88,57.59,464.29,,849.7,-55.52,1.0,1.416739,2706.25,2706.25,72.65,2.76,1502.45,1353.13,149.32,1203.8,
2023-04-11,1910.21,1937.37,1881.11,1889.86,405203.49,-1.06,1853.76,1822.93,1801.81,True,28.31,26.78,12.85,,,,,,,,,,849.7,-55.04,1.0,0.546416,1032.65,1032.65,-11.11,-1.06,568.36,516.32,52.04,464.29,,849.7,-55.04,1.0,1.416739,2677.44,2677.44,-28.82,-1.06,1473.64,1338.72,134.92,1203.8,
2023-04-12,1889.86,1933.0,1852.65,1917.39,630844.42,1.46,1863.55,1831.93,1810.37,True,28.08,24.58,14.7,,,,,,,,,,849.7,-55.68,1.0,0.546416,1047.69,1047.69,15.04,1.46,583.4,523.85,59.56,464.29,,849.7,-55.68,1.0,1.416739,2716.44,2716.44,39.0,1.46,1512.64,1358.22,154.42,1203.8,
2023-04-13,1917.4,2023.0,1899.55,2012.01,676164.52,4.93,1886.39,1849.08,1825.3,True,28.95,30.36,12.94,,,,,,,,BULL_BOS,SMALL BULL BOS @ 2012.01 (level 1942.98),849.7,-57.77,1.0,0.546416,1099.39,1099.39,51.7,4.93,635.1,549.7,85.41,464.29,,849.7,-57.77,1.0,1.416739,2850.49,2850.49,134.05,4.93,1646.69,1425.25,221.44,1203.8,
2023-04-14,2012.0,2128.76,2009.22,2099.99,896307.39,4.37,1919.25,1872.97,1845.65,True,30.62,36.81,11.51,,,,BULL_CHOCH,,,,,SMALL HL confirmed @ 1824.01 | BIG BULL CHOCH @ 2099.99 (level 2030.00),849.7,-59.54,1.0,0.546416,1147.47,1147.47,48.07,4.37,683.18,573.73,109.44,464.29,,849.7,-59.54,1.0,1.416739,2975.14,2975.14,124.64,4.37,1771.33,1487.57,283.77,1203.8,
2023-04-15,2099.99,2111.85,2071.13,2090.6,321823.79,-0.45,1945.61,1893.7,1863.8,True,32.17,35.37,11.06,,,,,,,,,,849.7,-59.36,1.0,0.546416,1142.34,1142.34,-5.13,-0.45,678.05,571.17,106.88,464.29,,849.7,-59.36,1.0,1.416739,2961.83,2961.83,-13.3,-0.45,1758.03,1480.92,277.11,1203.8,
2023-04-16,2090.61,2141.54,2072.72,2118.67,319880.44,1.34,1972.24,1915.13,1882.68,True,33.82,35.88,10.32,2141.54,,HH,,2141.54,,HH,,,849.7,-59.89,1.0,0.546416,1157.67,1157.67,15.34,1.34,693.39,578.84,114.55,464.29,,849.7,-59.89,1.0,1.416739,3001.6,3001.6,39.77,1.34,1797.8,1500.8,297.0,1203.8,
2023-04-17,2118.66,2120.51,2056.25,2074.0,426972.71,-2.11,1987.89,1930.26,1896.85,True,34.96,33.64,11.28,,,,,,,,,,849.7,-59.03,1.0,0.546416,1133.27,1133.27,-24.41,-2.11,668.98,566.63,102.34,464.29,,849.7,-59.03,1.0,1.416739,2938.32,2938.32,-63.29,-2.11,1734.51,1469.16,265.36,1203.8,
2023-04-18,2073.99,2125.0,2051.0,2103.5,414244.61,1.42,2005.68,1946.76,1912.16,True,35.89,31.21,10.98,,,,,,,,,,849.7,-59.61,1.0,0.546416,1149.39,1149.39,16.12,1.42,685.1,574.69,110.4,464.29,,849.7,-59.61,1.0,1.416739,2980.11,2980.11,41.79,1.42,1776.31,1490.06,286.25,1203.8,
2023-04-19,2103.51,2104.6,1923.03,1933.73,775389.06,-8.07,1994.61,1945.52,1913.75,True,34.2,26.22,20.5,,,,,,,,,,849.7,-56.06,1.0,0.546416,1056.62,1056.62,-92.77,-8.07,592.33,528.31,64.02,464.29,,849.7,-56.06,1.0,1.416739,2739.59,2739.59,-240.52,-8.07,1535.79,1369.8,165.99,1203.8,
2023-04-20,1933.74,1982.99,1914.43,1942.98,625336.25,0.48,1986.67,1945.27,1915.92,True,32.5,24.62,20.01,,,,,,,,,,849.7,-56.27,1.0,0.546416,1061.67,1061.67,5.05,0.48,597.39,530.84,66.55,464.29,,849.7,-56.27,1.0,1.416739,2752.7,2752.7,13.1,0.48,1548.89,1376.35,172.54,1203.8,
2023-04-21,1942.98,1957.27,1825.0,1848.78,688876.62,-4.85,1965.45,1936.08,1910.95,True,30.71,21.85,25.37,,,,,,,,,SMALL HH confirmed @ 2141.54,849.7,-54.04,1.0,0.546416,1010.2,1010.2,-51.47,-4.85,545.91,505.1,40.81,464.29,,849.7,-54.04,1.0,1.416739,2619.24,2619.24,-133.46,-4.85,1415.44,1309.62,105.82,1203.8,
2023-04-22,1848.77,1887.31,1841.64,1874.16,331007.59,1.37,1951.41,1930.19,1908.22,True,29.05,20.97,24.35,,,,,,,,,,849.7,-54.66,1.0,0.546416,1024.07,1024.07,13.87,1.37,559.78,512.04,47.75,464.29,,849.7,-54.66,1.0,1.416739,2655.2,2655.2,35.96,1.37,1451.39,1327.6,123.79,1203.8,
2023-04-23,1874.17,1882.01,1836.37,1862.0,344514.34,-0.65,1937.65,1923.69,1904.8,True,27.58,20.1,23.82,,,,,,,,,,849.7,-54.37,1.0,0.546416,1017.43,1017.43,-6.64,-0.65,553.14,508.71,44.42,464.29,,849.7,-54.37,1.0,1.416739,2637.97,2637.97,-17.23,-0.65,1434.16,1318.98,115.18,1203.8,
2023-04-24,1862.01,1890.0,1806.0,1841.84,447864.05,-1.08,1922.91,1915.9,1900.13,True,26.63,18.57,24.76,,,,,,,,,,849.7,-53.87,1.0,0.546416,1006.41,1006.41,-11.02,-1.08,542.12,503.21,38.92,464.29,,849.7,-53.87,1.0,1.416739,2609.41,2609.41,-28.56,-1.08,1405.6,1304.7,100.9,1203.8,
2023-04-25,1841.84,1877.86,1801.66,1866.1,457870.6,1.32,1914.17,1911.15,1897.61,True,25.81,17.29,23.44,,,,,,,,,,849.7,-54.47,1.0,0.546416,1019.67,1019.67,13.26,1.32,555.38,509.83,45.54,464.29,,849.7,-54.47,1.0,1.416739,2643.78,2643.78,34.37,1.32,1439.97,1321.89,118.09,1203.8,
2023-04-26,1866.1,1964.72,1785.0,1866.01,897709.73,-0.0,1906.76,1906.86,1895.27,True,24.3,21.92,19.94,,,,,,,,,,849.7,-54.46,1.0,0.546416,1019.62,1019.62,-0.05,-0.0,555.33,509.81,45.52,464.29,,849.7,-54.46,1.0,1.416739,2643.65,2643.65,-0.13,-0.0,1439.85,1321.82,118.02,1203.8,
2023-04-27,1866.01,1940.96,1861.19,1908.68,727472.95,2.29,1907.06,1907.03,1896.26,True,22.9,20.46,18.62,,,,,,,,,,849.7,-55.48,1.0,0.546416,1042.93,1042.93,23.32,2.29,578.64,521.47,57.18,464.29,,849.7,-55.48,1.0,1.416739,2704.1,2704.1,60.45,2.29,1500.3,1352.05,148.25,1203.8,
2023-04-28,1908.68,1923.88,1873.94,1890.94,387630.78,-0.93,1904.58,1905.5,1895.87,True,21.6,19.58,17.82,,,,,,,,,,849.7,-55.06,1.0,0.546416,1033.24,1033.24,-9.69,-0.93,568.95,516.62,52.33,464.29,,849.7,-55.06,1.0,1.416739,2678.97,2678.97,-25.13,-0.93,1475.17,1339.48,135.68,1203.8,
2023-04-29,1890.93,1918.0,1883.05,1907.8,182046.14,0.89,1905.07,1905.72,1896.75,True,20.4,18.97,17.26,,,,,,,,,,849.7,-55.46,1.0,0.546416,1042.45,1042.45,9.21,0.89,578.16,521.23,56.94,464.29,,849.7,-55.46,1.0,1.416739,2702.85,2702.85,23.89,0.89,1499.05,1351.43,147.62,1203.8,
2023-04-30,1907.79,1939.0,1866.16,1870.09,355336.49,-1.98,1899.69,1902.32,1894.78,True,19.64,19.62,16.12,,,,,,,,,,849.7,-54.56,1.0,0.546416,1021.85,1021.85,-20.61,-1.98,557.56,510.92,46.63,464.29,,849.7,-54.56,1.0,1.416739,2649.43,2649.43,-53.43,-1.98,1445.63,1324.71,120.91,1203.8,
2023-05-01,1870.08,1886.49,1806.12,1830.73,445519.18,-2.1,1889.08,1895.5,1890.03,False,18.64,18.2,20.37,,,,,,1806.12,LL,,,849.7,-53.59,1.0,0.546416,1000.34,1000.34,-21.51,-2.1,536.05,500.17,35.88,464.29,,849.7,-53.59,1.0,1.416739,2593.67,2593.67,-55.76,-2.1,1389.86,1296.83,93.03,1203.8,
2023-05-02,1830.73,1881.87,1822.94,1870.08,373753.2,2.15,1886.16,1893.08,1888.56,False,17.71,17.21,19.27,,,,,,,,,,849.7,-54.56,1.0,0.546416,1021.84,1021.84,21.5,2.15,557.55,510.92,46.63,464.29,,849.7,-54.56,1.0,1.416739,2649.42,2649.42,55.75,2.15,1445.61,1324.71,120.9,1203.8,
2023-05-03,1870.09,1916.52,1842.64,1905.12,465185.25,1.87,1889.08,1894.23,1889.78,False,16.69,19.23,17.95,,,,,,,,,,849.7,-55.4,1.0,0.546416,1040.99,1040.99,19.15,1.87,576.7,520.49,56.2,464.29,,849.7,-55.4,1.0,1.416739,2699.06,2699.06,49.64,1.87,1495.25,1349.53,145.73,1203.8,
2023-05-04,1905.12,1918.26,1866.71,1877.07,354528.61,-1.47,1887.23,1892.6,1888.84,False,15.78,18.46,17.08,,,,,,,,,,849.7,-54.73,1.0,0.546416,1025.66,1025.66,-15.33,-1.47,561.37,512.83,48.54,464.29,,849.7,-54.73,1.0,1.416739,2659.32,2659.32,-39.74,-1.47,1455.52,1329.66,125.86,1203.8,
2023-05-05,1877.07,1998.36,1875.65,1993.3,546608.88,6.19,1903.55,1902.19,1896.58,True,16.21,23.66,15.18,,,,,,,,,,849.7,-57.37,1.0,0.546416,1089.17,1089.17,63.51,6.19,624.88,544.59,80.3,464.29,,849.7,-57.37,1.0,1.416739,2823.99,2823.99,164.67,6.19,1620.18,1411.99,208.19,1203.8,
2023-05-06,1993.3,2019.0,1860.0,1896.33,608106.99,-4.86,1902.44,1901.63,1896.56,True,16.88,22.22,13.15,,,,,2019.0,,LH,,SMALL LL confirmed @ 1806.12,849.7,-55.19,1.0,0.546416,1036.18,1036.18,-52.99,-4.86,571.9,518.09,53.8,464.29,,849.7,-55.19,1.0,1.416739,2686.6,2686.6,-137.38,-4.86,1482.8,1343.3,139.5,1203.8,
2023-05-07,1896.33,1933.33,1867.59,1870.4,413268.84,-1.37,1897.51,1898.65,1894.62,True,17.51,20.97,12.41,,,,,,,,,,849.7,-54.57,1.0,0.546416,1022.02,1022.02,-14.17,-1.37,557.73,511.01,46.72,464.29,,849.7,-54.57,1.0,1.416739,2649.87,2649.87,-36.74,-1.37,1446.07,1324.93,121.13,1203.8,
2023-05-08,1870.41,1883.97,1810.73,1847.56,625316.62,-1.22,1889.82,1893.79,1891.14,False,16.87,19.64,16.54,,,,,,,,,,849.7,-54.01,1.0,0.546416,1009.54,1009.54,-12.48,-1.22,545.25,504.77,40.48,464.29,,849.7,-54.01,1.0,1.416739,2617.51,2617.51,-32.36,-1.22,1413.71,1308.76,104.95,1203.8,
2023-05-09,1847.55,1861.88,1830.99,1846.52,304396.19,-0.06,1883.16,1889.29,1887.83,False,16.28,19.1,16.08,,,,,,,,,,849.7,-53.98,1.0,0.546416,1008.97,1008.97,-0.57,-0.06,544.68,504.48,40.19,464.29,,849.7,-53.98,1.0,1.416739,2616.04,2616.04,-1.47,-0.06,1412.23,1308.02,104.22,1203.8,
2023-05-10,1846.53,1887.47,1790.51,1840.84,639933.39,-0.31,1876.65,1884.67,1884.35,False,15.29,17.45,18.29,,,,,,,,,,849.7,-53.84,1.0,0.546416,1005.86,1005.86,-3.1,-0.31,541.57,502.93,38.64,464.29,,849.7,-53.84,1.0,1.416739,2607.99,2607.99,-8.05,-0.31,1404.19,1303.99,100.19,1203.8,
2023-05-11,1840.83,1842.02,1772.68,1794.3,522096.07,-2.53,1863.98,1876.07,1877.68,False,14.68,16.36,18.75,,,,,,,,BEAR_CHOCH,SMALL LH confirmed @ 2019.00 | SMALL BEAR CHOCH @ 1794.30 (level 1806.12),,,,,,980.43,-25.43,-2.53,0.0,0.0,,980.43,"EXIT @ 1794.30 (small red CHoCH, realized +51.85)",,,,,,2542.05,-65.94,-2.53,0.0,0.0,,2542.05,"EXIT @ 1794.30 (small red CHoCH, realized +134.45)"
2023-05-12,1794.31,1818.63,1740.0,1807.45,565539.83,0.73,1855.28,1869.53,1872.48,False,14.67,15.2,20.37,,,,,,1740.0,LL,,,,,,,,980.43,0.0,0.0,0.0,0.0,,980.43,,,,,,,2542.05,0.0,0.0,0.0,0.0,,2542.05,
2023-05-13,1807.45,1817.03,1785.23,1795.11,212895.44,-0.68,1846.03,1862.44,1866.75,False,14.66,14.75,19.76,,,,,,,,,,,,,,,980.43,0.0,0.0,0.0,0.0,,980.43,,,,,,,2542.05,0.0,0.0,0.0,0.0,,2542.05,
2023-05-14,1795.12,1824.0,1789.82,1799.21,218101.1,0.23,1838.82,1856.42,1861.74,False,14.49,14.94,19.1,,,,,,,,,,,,,,,980.43,0.0,0.0,0.0,0.0,,980.43,,,,,,,2542.05,0.0,0.0,0.0,0.0,,2542.05,
2023-05-15,1799.2,1846.7,1785.05,1816.2,388171.93,0.94,1835.34,1852.59,1858.37,False,13.8,16.27,17.93,,,,,1846.7,,LH,,,,,,,,980.43,0.0,0.0,0.0,0.0,,980.43,,,,,,,2542.05,0.0,0.0,0.0,0.0,,2542.05,
2023-05-16,1816.21,1832.64,1796.2,1824.21,311238.68,0.44,1833.63,1849.89,1855.84,False,13.16,15.66,17.26,,,,,,,,,,,,,,,980.43,0.0,0.0,0.0,0.0,,980.43,,,,,,,2542.05,0.0,0.0,0.0,0.0,,2542.05,
2023-05-17,1824.21,1837.5,1783.68,1822.12,352097.99,-0.11,1831.86,1847.24,1853.34,False,12.84,14.78,17.6,,,,,,,,,SMALL LL confirmed @ 1740.00,,,,,,980.43,0.0,0.0,0.0,0.0,,980.43,,,,,,,2542.05,0.0,0.0,0.0,0.0,,2542.05,
2023-05-18,1822.12,1831.92,1771.12,1800.56,293755.31,-1.18,1827.04,1842.8,1849.43,False,12.82,13.84,17.8,,,,,,1771.12,HL,,,,,,,,980.43,0.0,0.0,0.0,0.0,,980.43,,,,,,,2542.05,0.0,0.0,0.0,0.0,,2542.05,
2023-05-19,1800.56,1829.54,1796.81,1812.32,243116.47,0.65,1824.78,1839.89,1846.68,False,12.8,13.34,17.16,,,,,,,,,,,,,,,980.43,0.0,0.0,0.0,0.0,,980.43,,,,,,,2542.05,0.0,0.0,0.0,0.0,,2542.05,
2023-05-20,1812.31,1828.87,1807.06,1819.42,127754.43,0.39,1823.95,1837.94,1844.66,False,12.77,13.01,16.73,,,,,,,,,SMALL LH confirmed @ 1846.70,,,,,,980.43,0.0,0.0,0.0,0.0,,980.43,,,,,,,2542.05,0.0,0.0,0.0,0.0,,2542.05,
2023-05-21,1819.42,1828.98,1797.21,1804.91,161517.81,-0.8,1821.02,1834.8,1841.72,False,13.0,12.52,17.27,,,,,,,,,,,,,,,980.43,0.0,0.0,0.0,0.0,,980.43,,,,,,,2542.05,0.0,0.0,0.0,0.0,,2542.05,
2023-05-22,1804.91,1828.27,1792.01,1817.35,237498.94,0.69,1820.46,1833.14,1839.91,False,13.34,11.97,17.14,,,,,,,,,,,,,,,980.43,0.0,0.0,0.0,0.0,,980.43,,,,,,,2542.05,0.0,0.0,0.0,0.0,,2542.05,
2023-05-23,1817.36,1872.5,1815.24,1854.05,396869.61,2.02,1825.63,1835.13,1840.96,False,12.52,16.54,15.94,,,,,,,,BULL_CHOCH,SMALL HL confirmed @ 1771.12 | SMALL BULL CHOCH @ 1854.05 (level 1846.70),927.02,-50.0,1.0,0.528807,980.43,980.43,0.0,0.0,490.22,490.22,0.0,490.22,"ENTRY @ 1854.05 (small green CHoCH, margin $490.22 [50% of bank] @ 2x [ADX 12.5, zone red], 0.528807 units)",927.02,-50.0,1.0,1.371082,2542.05,2542.05,0.0,0.0,1271.03,1271.03,0.0,1271.03,"ENTRY @ 1854.05 (small green CHoCH, margin $1271.03 [50% of bank] @ 2x [ADX 12.5, zone red], 1.371082 units)"
2023-05-24,1854.06,1854.09,1777.6,1799.89,420846.14,-2.92,1821.67,1831.77,1837.92,False,12.46,15.03,18.99,,,,,,,,,,927.02,-48.5,1.0,0.528807,951.79,951.79,-28.64,-2.92,461.58,475.9,-14.32,490.22,,927.02,-48.5,1.0,1.371082,2467.8,2467.8,-74.26,-2.92,1196.77,1233.9,-37.13,1271.03,
2023-05-25,1799.89,1818.81,1761.41,1805.6,350633.01,0.32,1819.2,1829.28,1835.53,False,12.77,13.99,19.62,,,,,,,,,,927.02,-48.66,1.0,0.528807,954.81,954.81,3.02,0.32,464.6,477.41,-12.81,490.22,,927.02,-48.66,1.0,1.371082,2475.63,2475.63,7.83,0.32,1204.6,1237.81,-33.21,1271.03,
2023-05-26,1805.61,1838.2,1796.99,1827.79,275690.69,1.23,1820.52,1829.14,1834.95,False,12.47,15.66,18.63,,,,,,,,,,927.02,-49.28,1.0,0.528807,966.55,966.55,11.73,1.23,476.33,483.27,-6.94,490.22,,927.02,-49.28,1.0,1.371082,2506.05,2506.05,30.42,1.23,1235.02,1253.02,-18.0,1271.03,
2023-05-27,1827.8,1836.12,1812.18,1829.89,138824.94,0.11,1821.96,1829.21,1834.58,False,12.2,15.18,18.06,,,,,,,,,,927.02,-49.34,1.0,0.528807,967.66,967.66,1.11,0.11,477.44,483.83,-6.39,490.22,,927.02,-49.34,1.0,1.371082,2508.93,2508.93,2.88,0.11,1237.9,1254.46,-16.56,1271.03,
2023-05-28,1829.89,1918.65,1823.6,1908.64,378392.44,4.3,1835.3,1836.77,1840.06,False,12.69,23.49,15.96,,,,,,,,,,927.02,-51.43,1.0,0.528807,1009.3,1009.3,41.64,4.3,519.08,504.65,14.43,490.22,,927.02,-51.43,1.0,1.371082,2616.9,2616.9,107.97,4.3,1345.87,1308.45,37.42,1271.03,
2023-05-29,1908.64,1927.62,1873.65,1892.6,313593.49,-0.84,1844.11,1842.09,1843.95,True,13.31,23.04,14.91,,,,,1927.62,,HH,,,927.02,-51.02,1.0,0.528807,1000.82,1000.82,-8.48,-0.84,510.6,500.41,10.19,490.22,,927.02,-51.02,1.0,1.371082,2594.91,2594.91,-21.99,-0.84,1323.88,1297.45,26.43,1271.03,
2023-05-30,1892.6,1917.0,1881.19,1900.59,272665.84,0.42,1852.8,1847.66,1848.15,True,13.89,22.0,14.23,,,,,,,,,,927.02,-51.22,1.0,0.528807,1005.04,1005.04,4.23,0.42,514.83,502.52,12.31,490.22,,927.02,-51.22,1.0,1.371082,2605.86,2605.86,10.95,0.42,1334.84,1302.93,31.91,1271.03,
2023-05-31,1900.58,1907.13,1846.95,1873.63,319255.57,-1.42,1856.0,1850.14,1850.04,True,13.45,20.33,17.46,,,,,,,,,,927.02,-50.52,1.0,0.528807,990.79,990.79,-14.26,-1.42,500.57,495.39,5.18,490.22,,927.02,-50.52,1.0,1.371082,2568.9,2568.9,-36.96,-1.42,1297.87,1284.45,13.42,1271.03,
2023-06-01,1873.63,1889.2,1840.0,1861.78,270496.61,-0.63,1856.89,1851.24,1850.91,True,12.84,19.06,17.25,,,,,,,,,,927.02,-50.21,1.0,0.528807,984.52,984.52,-6.27,-0.63,494.3,492.26,2.04,490.22,,927.02,-50.21,1.0,1.371082,2552.65,2552.65,-16.25,-0.63,1281.63,1276.33,5.3,1271.03,
2023-06-02,1861.78,1910.0,1847.51,1906.68,313004.07,2.41,1864.55,1856.52,1855.04,True,12.77,20.18,15.89,,,,,,,,,,927.02,-51.38,1.0,0.528807,1008.26,1008.26,23.74,2.41,518.05,504.13,13.92,490.22,,927.02,-51.38,1.0,1.371082,2614.21,2614.21,61.56,2.41,1343.19,1307.11,36.08,1271.03,
2023-06-03,1906.69,1907.92,1881.6,1892.06,148818.24,-0.77,1868.78,1859.91,1857.78,True,12.71,19.49,15.35,,,,,,,,,SMALL HH confirmed @ 1927.62,927.02,-51.0,1.0,0.528807,1000.53,1000.53,-7.73,-0.77,510.32,500.27,10.05,490.22,,927.02,-51.0,1.0,1.371082,2594.17,2594.17,-20.05,-0.77,1323.14,1297.08,26.06,1271.03,
2023-06-04,1892.05,1914.63,1884.22,1890.01,172683.01,-0.11,1872.05,1862.78,1860.17,True,12.82,19.59,14.71,,,,,,,,,,927.02,-50.95,1.0,0.528807,999.45,999.45,-1.08,-0.11,509.23,499.72,9.51,490.22,,927.02,-50.95,1.0,1.371082,2591.36,2591.36,-2.81,-0.11,1320.33,1295.68,24.65,1271.03,
2023-06-05,1890.0,1890.63,1778.0,1810.5,555361.27,-4.21,1862.58,1857.8,1856.49,True,13.42,16.83,25.92,,,,,,,,,BIG HH confirmed @ 2141.54,927.02,-48.8,1.0,0.528807,957.4,957.4,-42.05,-4.21,467.19,478.7,-11.51,490.22,,927.02,-48.8,1.0,1.371082,2482.34,2482.34,-109.01,-4.21,1211.32,1241.17,-29.86,1271.03,
2023-06-06,1810.49,1898.29,1797.18,1884.64,491407.22,4.1,1865.97,1860.35,1858.57,True,13.78,15.72,22.82,,,,,,,,,,927.02,-50.81,1.0,0.528807,996.61,996.61,39.21,4.1,506.39,498.31,8.09,490.22,,927.02,-50.81,1.0,1.371082,2584.0,2584.0,101.65,4.1,1312.97,1292.0,20.97,1271.03,
2023-06-07,1884.65,1897.8,1821.18,1832.13,429196.71,-2.79,1860.77,1857.67,1856.62,True,14.11,14.32,20.78,,,,,,,,,,927.02,-49.4,1.0,0.528807,968.84,968.84,-27.77,-2.79,478.63,484.42,-5.8,490.22,,927.02,-49.4,1.0,1.371082,2512.0,2512.0,-72.0,-2.79,1240.97,1256.0,-15.03,1271.03,
2023-06-08,1832.12,1861.28,1828.31,1845.64,189270.49,0.74,1858.44,1856.52,1855.8,True,14.41,13.76,19.96,,,,,,,,,,927.02,-49.77,1.0,0.528807,975.99,975.99,7.14,0.74,485.77,487.99,-2.22,490.22,,927.02,-49.77,1.0,1.371082,2530.52,2530.52,18.52,0.74,1259.5,1265.26,-5.77,1271.03,
2023-06-09,1845.65,1855.0,1827.0,1840.37,198324.33,-0.29,1855.66,1854.98,1854.66,True,14.73,13.27,19.43,,,,,,,,,,927.02,-49.63,1.0,0.528807,973.2,973.2,-2.79,-0.29,482.98,486.6,-3.62,490.22,,927.02,-49.63,1.0,1.371082,2523.3,2523.3,-7.23,-0.29,1252.27,1261.65,-9.38,1271.03,
2023-06-10,1840.37,1844.99,1715.03,1751.53,652324.67,-4.83,1839.64,1845.13,1847.02,False,16.85,11.3,29.36,,,,,,,,BEAR_CHOCH,SMALL BEAR CHOCH @ 1751.53 (level 1771.12),,,,,,926.22,-46.98,-4.83,0.0,0.0,,926.22,"EXIT @ 1751.53 (small red CHoCH, realized -54.21)",,,,,,2401.49,-121.81,-4.83,0.0,0.0,,2401.49,"EXIT @ 1751.53 (small red CHoCH, realized -140.56)"
2023-06-11,1751.52,1778.25,1738.72,1752.76,219956.24,0.07,1826.27,1836.33,1840.04,False,18.82,10.77,27.99,,,,,,,,,,,,,,,926.22,0.0,0.0,0.0,0.0,,926.22,,,,,,,2401.49,0.0,0.0,0.0,0.0,,2401.49,
2023-06-12,1752.77,1759.33,1720.0,1742.57,302132.48,-0.58,1813.4,1827.4,1832.82,False,20.88,10.26,28.92,,,,,,,,,,,,,,,926.22,0.0,0.0,0.0,0.0,,926.22,,,,,,,2401.49,0.0,0.0,0.0,0.0,,2401.49,
2023-06-13,1742.57,1770.13,1724.22,1740.12,284268.0,-0.14,1802.12,1819.09,1825.95,False,22.42,11.01,27.3,,,,,,,,,,,,,,,926.22,0.0,0.0,0.0,0.0,,926.22,,,,,,,2401.49,0.0,0.0,0.0,0.0,,2401.49,
2023-06-14,1740.12,1750.03,1630.43,1650.95,415847.33,-5.12,1778.87,1803.08,1812.99,False,24.86,9.51,34.27,,,,,,,,,,,,,,,926.22,0.0,0.0,0.0,0.0,,926.22,,,,,,,2401.49,0.0,0.0,0.0,0.0,,2401.49,
2023-06-15,1650.95,1680.91,1626.01,1666.96,370774.77,0.97,1761.65,1790.11,1802.17,False,27.16,8.91,32.61,,1626.01,HL,,,1626.01,LL,,,,,,,,926.22,0.0,0.0,0.0,0.0,,926.22,,,,,,,2401.49,0.0,0.0,0.0,0.0,,2401.49,
2023-06-16,1666.96,1729.5,1649.86,1717.92,311734.59,3.06,1754.92,1783.24,1795.93,False,27.88,13.59,29.68,,,,,,,,,,,,,,,926.22,0.0,0.0,0.0,0.0,,926.22,,,,,,,2401.49,0.0,0.0,0.0,0.0,,2401.49,
2023-06-17,1717.91,1770.0,1714.26,1727.76,210914.92,0.57,1750.74,1777.95,1790.88,False,27.55,17.33,27.8,,,,,,,,,,,,,,,926.22,0.0,0.0,0.0,0.0,,926.22,,,,,,,2401.49,0.0,0.0,0.0,0.0,,2401.49,
2023-06-18,1727.75,1747.84,1712.0,1720.95,156535.01,-0.39,1746.16,1772.53,1785.7,False,27.27,16.6,26.9,,,,,,,,,,,,,,,926.22,0.0,0.0,0.0,0.0,,926.22,,,,,,,2401.49,0.0,0.0,0.0,0.0,,2401.49,
2023-06-19,1720.95,1752.19,1698.0,1737.11,245162.76,0.94,1744.77,1769.15,1782.1,False,27.22,15.54,26.83,,,,,,,,,,,,,,,926.22,0.0,0.0,0.0,0.0,,926.22,,,,,,,2401.49,0.0,0.0,0.0,0.0,,2401.49,
2023-06-20,1737.1,1796.99,1714.72,1791.99,328855.68,3.16,1752.03,1771.33,1782.83,False,26.11,19.23,24.28,,,,,,,,,SMALL LL confirmed @ 1626.01,,,,,,926.22,0.0,0.0,0.0,0.0,,926.22,,,,,,,2401.49,0.0,0.0,0.0,0.0,,2401.49,
2023-06-21,1791.99,1901.0,1787.38,1889.11,613755.89,5.42,1773.12,1782.54,1790.71,False,25.24,28.17,21.28,,,,,,,,,,,,,,,926.22,0.0,0.0,0.0,0.0,,926.22,,,,,,,2401.49,0.0,0.0,0.0,0.0,,2401.49,
2023-06-22,1889.1,1933.17,1865.98,1872.01,416714.57,-0.91,1788.33,1791.07,1796.73,False,24.87,29.61,19.73,,,,,,,,,,,,,,,926.22,0.0,0.0,0.0,0.0,,926.22,,,,,,,2401.49,0.0,0.0,0.0,0.0,,2401.49,
2023-06-23,1872.0,1936.42,1861.01,1892.63,401147.93,1.1,1804.38,1800.74,1803.83,True,24.42,27.21,18.66,,,,,1936.42,,HH,,,,,,,,926.22,0.0,0.0,0.0,0.0,,926.22,,,,,,,2401.49,0.0,0.0,0.0,0.0,,2401.49,
2023-06-24,1892.63,1906.0,1864.77,1874.96,226910.29,-0.93,1815.24,1807.81,1809.1,True,24.01,25.97,17.81,,,,,,,,,,,,,,,926.22,0.0,0.0,0.0,0.0,,926.22,,,,,,,2401.49,0.0,0.0,0.0,0.0,,2401.49,
2023-06-25,1874.95,1930.0,1868.83,1898.8,338757.62,1.27,1828.09,1816.47,1815.75,True,23.98,26.87,16.6,,,,,,,,,,,,,,,926.22,0.0,0.0,0.0,0.0,,926.22,,,,,,,2401.49,0.0,0.0,0.0,0.0,,2401.49,
2023-06-26,1898.8,1909.1,1837.18,1858.97,458743.86,-2.1,1832.84,1820.52,1818.95,True,23.25,24.74,18.77,,,,,,,,,,,,,,,926.22,0.0,0.0,0.0,0.0,,926.22,,,,,,,2401.49,0.0,0.0,0.0,0.0,,2401.49,
2023-06-27,1858.97,1912.53,1855.19,1889.58,366634.57,1.65,1841.57,1827.1,1824.18,True,22.62,23.55,17.58,,,,,,,,,,,,,,,926.22,0.0,0.0,0.0,0.0,,926.22,,,,,,,2401.49,0.0,0.0,0.0,0.0,,2401.49,
2023-06-28,1889.58,1890.19,1816.56,1828.02,337836.58,-3.26,1839.49,1827.19,1824.46,True,21.22,21.65,20.4,,,,,,1816.56,HL,,SMALL HH confirmed @ 1936.42,,,,,,926.22,0.0,0.0,0.0,0.0,,926.22,,,,,,,2401.49,0.0,0.0,0.0,0.0,,2401.49,
2023-06-29,1828.03,1880.0,1827.84,1851.99,241844.83,1.31,1841.41,1829.55,1826.5,True,19.91,20.39,19.21,,,,,,,,,,,,,,,926.22,0.0,0.0,0.0,0.0,,926.22,,,,,,,2401.49,0.0,0.0,0.0,0.0,,2401.49,
2023-06-30,1851.99,1948.6,1825.01,1933.79,716538.1,4.42,1855.62,1839.48,1834.45,True,19.9,24.92,16.73,,,,,,,,,,,,,,,926.22,0.0,0.0,0.0,0.0,,926.22,,,,,,,2401.49,0.0,0.0,0.0,0.0,,2401.49,
2023-07-01,1933.8,1944.56,1909.44,1924.5,178373.37,-0.48,1866.22,1847.57,1841.12,True,19.88,23.97,16.1,,,,,,,,,,,,,,,926.22,0.0,0.0,0.0,0.0,,926.22,,,,,,,2401.49,0.0,0.0,0.0,0.0,,2401.49,
2023-07-02,1924.5,1959.2,1885.75,1937.48,255852.78,0.67,1877.18,1856.14,1848.26,True,19.31,22.08,17.37,,,,,,,,BULL_CHOCH,SMALL BULL CHOCH @ 1937.48 (level 1936.42),1743.73,-10.0,5.0,2.390271,4631.1,926.22,0.0,0.0,463.11,463.11,0.0,463.11,"ENTRY @ 1937.48 (small green CHoCH, margin $463.11 [50% of bank] @ 10x [ADX 19.3, zone green], 2.390271 units)",1743.73,-10.0,5.0,6.197461,12007.46,2401.49,0.0,0.0,1200.75,1200.75,0.0,1200.75,"ENTRY @ 1937.48 (small green CHoCH, margin $1200.75 [50% of bank] @ 10x [ADX 19.3, zone green], 6.197461 units)"
2023-07-03,1937.49,1976.16,1933.55,1955.54,322102.43,0.93,1889.24,1865.6,1856.21,True,19.08,22.92,16.56,,,,,1976.16,,HH,,SMALL HL confirmed @ 1816.56,1743.73,-10.83,4.82,2.390271,4674.27,969.39,43.17,4.66,506.28,467.43,38.85,463.11,,1743.73,-10.83,4.82,6.197461,12119.38,2513.42,111.93,4.66,1312.67,1211.94,100.73,1200.75,
2023-07-04,1955.55,1967.08,1931.58,1936.2,205525.1,-0.99,1896.46,1872.33,1862.13,True,18.82,21.99,16.11,,,,,,,,,,1743.73,-9.94,5.01,2.390271,4628.04,923.16,-46.23,-4.77,460.05,462.8,-2.75,463.11,,1743.73,-9.94,5.01,6.197461,11999.52,2393.56,-119.86,-4.77,1192.81,1199.95,-7.14,1200.75,
2023-07-05,1936.19,1942.5,1894.51,1910.36,267633.48,-1.33,1898.6,1875.95,1865.7,True,17.7,20.77,19.51,,,,,,,,,,1743.73,-8.72,5.3,2.390271,4566.28,861.4,-61.76,-6.69,398.29,456.63,-58.34,463.11,,1743.73,-8.72,5.3,6.197461,11839.38,2233.42,-160.14,-6.69,1032.67,1183.94,-151.27,1200.75,
2023-07-06,1910.35,1958.0,1846.0,1846.17,456362.74,-3.36,1890.53,1873.11,1864.26,True,17.18,18.22,22.43,,,,,,,,,,1743.73,-5.55,6.23,2.390271,4412.85,707.96,-153.43,-17.81,244.85,441.28,-196.43,463.11,,1743.73,-5.55,6.23,6.197461,11441.57,1835.6,-397.81,-17.81,634.86,1144.16,-509.3,1200.75,
2023-07-07,1846.17,1878.0,1826.0,1870.91,232944.35,1.34,1887.52,1872.9,1864.75,True,17.04,17.17,23.35,,,,,,1826.0,HL,,,1743.73,-6.8,5.83,2.390271,4471.98,767.1,59.14,8.35,303.99,447.2,-143.21,463.11,,1743.73,-6.8,5.83,6.197461,11594.89,1988.93,153.33,8.35,788.18,1159.49,-371.31,1200.75,
2023-07-08,1870.92,1876.0,1842.8,1865.24,125819.83,-0.3,1884.09,1872.17,1864.79,True,16.91,16.51,22.46,,,,,,,,,SMALL HH confirmed @ 1976.16,1743.73,-6.51,5.92,2.390271,4458.43,753.55,-13.55,-1.77,290.44,445.84,-155.41,463.11,,1743.73,-6.51,5.92,6.197461,11559.75,1953.79,-35.14,-1.77,753.04,1155.98,-402.93,1200.75,
2023-07-09,1865.24,1879.36,1856.15,1862.8,135046.37,-0.13,1880.81,1871.28,1864.64,True,16.71,16.46,21.83,,,,,,,,,,1743.73,-6.39,5.95,2.390271,4452.6,747.72,-5.83,-0.77,284.6,445.26,-160.65,463.11,,1743.73,-6.39,5.95,6.197461,11544.63,1938.66,-15.12,-0.77,737.92,1154.46,-416.54,1200.75,
2023-07-10,1862.81,1905.5,1846.63,1880.4,247868.15,0.94,1880.75,1872.15,1865.81,True,15.85,18.44,20.28,,,,,,,,,,1743.73,-7.27,5.69,2.390271,4494.67,789.78,42.07,5.63,326.67,449.47,-122.79,463.11,,1743.73,-7.27,5.69,6.197461,11653.7,2047.74,109.08,5.63,846.99,1165.37,-318.38,1200.75,
2023-07-11,1880.41,1891.99,1862.38,1878.3,177771.61,-0.11,1880.37,1872.73,1866.73,True,15.06,17.76,19.53,,,,,,,,,,1743.73,-7.16,5.72,2.390271,4489.65,784.76,-5.02,-0.64,321.65,448.96,-127.31,463.11,,1743.73,-7.16,5.72,6.197461,11640.69,2034.73,-13.01,-0.64,833.98,1164.07,-330.09,1200.75,
2023-07-12,1878.31,1902.0,1864.37,1871.82,264406.87,-0.34,1879.06,1872.65,1867.11,True,14.06,18.18,18.59,,,,,,,,,SMALL HL confirmed @ 1826.00,1743.73,-6.84,5.82,2.390271,4474.16,769.28,-15.49,-1.97,306.17,447.42,-141.25,463.11,,1743.73,-6.84,5.82,6.197461,11600.53,1994.57,-40.16,-1.97,793.82,1160.05,-366.23,1200.75,
2023-07-13,1871.82,2012.63,1862.59,2004.49,548861.42,7.09,1898.35,1885.2,1877.28,True,15.1,27.71,15.4,,,,,,,,BULL_BOS,SMALL BULL BOS @ 2004.49 (level 1976.16),1743.73,-13.01,4.41,2.390271,4791.28,1086.39,317.12,41.22,623.28,479.13,144.15,463.11,,1743.73,-13.01,4.41,6.197461,12422.75,2816.78,822.22,41.22,1616.04,1242.27,373.76,1200.75,
2023-07-14,2004.49,2029.11,1898.39,1937.83,498724.04,-3.33,1904.43,1890.22,1881.77,True,16.29,25.62,13.27,2029.11,,LH,,2029.11,,HH,,,1743.73,-10.02,5.0,2.390271,4631.94,927.06,-159.34,-14.67,463.95,463.19,0.75,463.11,,1743.73,-10.02,5.0,6.197461,12009.63,2403.66,-413.12,-14.67,1202.91,1200.96,1.95,1200.75,
2023-07-15,1937.82,1946.37,1926.23,1931.41,135181.77,-0.33,1908.58,1894.14,1885.45,True,17.39,25.04,12.97,,,,,,,,,,1743.73,-9.72,5.06,2.390271,4616.59,911.71,-15.35,-1.66,448.6,461.66,-13.06,463.11,,1743.73,-9.72,5.06,6.197461,11969.84,2363.87,-39.79,-1.66,1163.13,1196.98,-33.86,1200.75,
2023-07-16,1931.41,1943.55,1914.0,1922.11,148667.11,-0.48,1910.66,1896.8,1888.16,True,18.07,24.18,13.95,,,,,,,,,,1743.73,-9.28,5.17,2.390271,4594.36,889.48,-22.23,-2.44,426.37,459.44,-33.06,463.11,,1743.73,-9.28,5.17,6.197461,11912.2,2306.24,-57.64,-2.44,1105.49,1191.22,-85.73,1200.75,
2023-07-17,1922.12,1936.18,1873.26,1911.2,277159.03,-0.57,1910.74,1898.17,1889.87,True,17.63,22.42,17.65,,,,,,,,,,1743.73,-8.76,5.29,2.390271,4568.29,863.4,-26.08,-2.93,400.29,456.83,-56.53,463.11,,1743.73,-8.76,5.29,6.197461,11844.59,2238.62,-67.61,-2.93,1037.88,1184.46,-146.58,1200.75,
2023-07-18,1911.21,1917.19,1875.73,1897.21,215780.5,-0.73,1908.66,1898.08,1890.41,True,17.22,21.32,16.78,,,,,,,,,,1743.73,-8.09,5.46,2.390271,4534.85,829.96,-33.44,-3.87,366.85,453.48,-86.63,463.11,,1743.73,-8.09,5.46,6.197461,11757.88,2151.92,-86.7,-3.87,951.17,1175.79,-224.61,1200.75,
2023-07-19,1897.21,1922.04,1882.17,1888.63,218045.0,-0.45,1905.58,1897.18,1890.28,True,16.94,20.87,15.97,,,,,,,,,SMALL HH confirmed @ 2029.11,1743.73,-7.67,5.58,2.390271,4514.34,809.46,-20.51,-2.47,346.35,451.43,-105.09,463.11,,1743.73,-7.67,5.58,6.197461,11704.71,2098.75,-53.17,-2.47,898.0,1170.47,-272.47,1200.75,
2023-07-20,1888.64,1929.05,1878.0,1891.59,292907.52,0.16,1903.43,1896.65,1890.38,True,16.83,20.42,14.97,,,,,,,,,,1743.73,-7.82,5.54,2.390271,4521.41,816.53,7.08,0.87,353.42,452.14,-98.72,463.11,,1743.73,-7.82,5.54,6.197461,11723.05,2117.09,18.34,0.87,916.34,1172.31,-255.96,1200.75,
2023-07-21,1891.59,1905.74,1884.64,1891.73,165554.04,0.01,1901.63,1896.18,1890.48,True,16.73,19.87,14.56,,,,,,,,,,1743.73,-7.82,5.54,2.390271,4521.75,816.87,0.33,0.04,353.76,452.17,-98.42,463.11,,1743.73,-7.82,5.54,6.197461,11723.92,2117.96,0.87,0.04,917.21,1172.39,-255.18,1200.75,
2023-07-22,1891.73,1897.35,1851.18,1866.52,131901.65,-1.33,1896.23,1893.36,1888.7,True,15.66,18.68,18.04,,,,,,,,,,1743.73,-6.58,5.9,2.390271,4461.49,756.61,-60.26,-7.38,293.5,446.15,-152.65,463.11,,1743.73,-6.58,5.9,6.197461,11567.68,1961.72,-156.24,-7.38,760.97,1156.77,-395.79,1200.75,
2023-07-23,1866.52,1905.25,1857.82,1888.73,153501.02,1.19,1895.07,1892.92,1888.71,True,14.87,18.55,16.92,,,,,,,,,,1743.73,-7.68,5.58,2.390271,4514.58,809.69,53.09,7.02,346.58,451.46,-104.87,463.11,,1743.73,-7.68,5.58,6.197461,11705.33,2099.37,137.65,7.02,898.62,1170.53,-271.91,1200.75,
2023-07-24,1888.74,1890.86,1833.19,1850.0,276504.55,-2.05,1888.14,1888.83,1885.84,True,14.15,17.15,18.86,,,,,,,,,,1743.73,-5.74,6.17,2.390271,4422.0,717.12,-92.58,-11.43,254.01,442.2,-188.19,463.11,,1743.73,-5.74,6.17,6.197461,11465.3,1859.34,-240.03,-11.43,658.59,1146.53,-487.94,1200.75,
2023-07-25,1850.0,1868.71,1845.45,1857.66,152251.21,0.41,1883.45,1885.86,1883.75,False,13.47,16.61,18.26,,,,,,1845.45,HL,,,1743.73,-6.13,6.04,2.390271,4440.31,735.43,18.31,2.55,272.32,444.03,-171.71,463.11,,1743.73,-6.13,6.04,6.197461,11512.77,1906.81,47.47,2.55,706.06,1151.28,-445.21,1200.75,
2023-07-26,1857.66,1888.0,1848.35,1872.0,272090.53,0.77,1881.69,1884.54,1882.88,False,12.73,18.37,17.26,,,,,1888.0,,LH,,,1743.73,-6.85,5.81,2.390271,4474.59,769.71,34.28,4.66,306.6,447.46,-140.86,463.11,,1743.73,-6.85,5.81,6.197461,11601.65,1995.68,88.87,4.66,794.94,1160.16,-365.23,1200.75,
2023-07-27,1871.99,1886.11,1854.84,1861.28,163766.43,-0.57,1878.55,1882.32,1881.28,False,12.05,17.55,16.49,,,,,,,,,,1743.73,-6.32,5.98,2.390271,4448.96,744.08,-25.62,-3.33,280.97,444.9,-163.92,463.11,,1743.73,-6.32,5.98,6.197461,11535.21,1929.24,-66.44,-3.33,728.5,1153.52,-425.02,1200.75,
2023-07-28,1861.29,1883.39,1856.52,1874.19,138695.71,0.69,1877.88,1881.55,1880.76,False,11.41,16.85,15.83,,,,,,,,,,1743.73,-6.96,5.78,2.390271,4479.82,774.94,30.86,4.15,311.83,447.98,-136.15,463.11,,1743.73,-6.96,5.78,6.197461,11615.22,2009.25,80.01,4.15,808.51,1161.52,-353.01,1200.75,
2023-07-29,1874.2,1886.58,1869.54,1880.46,72867.03,0.33,1878.28,1881.45,1880.73,False,10.92,16.9,15.42,,,,,,,,,,1743.73,-7.27,5.69,2.390271,4494.81,789.93,14.99,1.93,326.82,449.48,-122.66,463.11,,1743.73,-7.27,5.69,6.197461,11654.08,2048.11,38.86,1.93,847.37,1165.41,-318.04,1200.75,
2023-07-30,1880.45,1885.3,1848.17,1861.79,158657.59,-0.99,1875.74,1879.57,1879.33,False,10.56,15.92,17.87,,,,,,,,,SMALL HL confirmed @ 1845.45,1743.73,-6.34,5.97,2.390271,4450.18,745.3,-44.63,-5.65,282.19,445.02,-162.83,463.11,,1743.73,-6.34,5.97,6.197461,11538.37,1932.41,-115.71,-5.65,731.66,1153.84,-422.18,1200.75,
2023-07-31,1861.79,1877.4,1851.02,1856.14,168204.45,-0.3,1872.72,1877.34,1877.61,False,10.22,15.24,17.11,,,,,,,,,SMALL LH confirmed @ 1888.00,1743.73,-6.06,6.06,2.390271,4436.68,731.8,-13.51,-1.81,268.69,443.67,-174.98,463.11,,1743.73,-6.06,6.06,6.197461,11503.35,1897.39,-35.02,-1.81,696.64,1150.34,-453.69,1200.75,
2023-08-01,1856.13,1875.62,1813.8,1873.47,358476.1,0.93,1872.84,1876.97,1877.31,False,11.03,13.75,21.3,,,,,,1813.8,LL,,,1743.73,-6.93,5.79,2.390271,4478.1,773.22,41.42,5.66,310.11,447.81,-137.7,463.11,,1743.73,-6.93,5.79,6.197461,11610.76,2004.79,107.4,5.66,804.05,1161.08,-357.03,1200.75,
2023-08-02,1873.48,1879.74,1821.21,1839.9,254213.06,-1.79,1867.77,1873.44,1874.53,False,11.61,13.15,19.38,,,,,1879.74,,LH,BEAR_CHOCH,SMALL BEAR CHOCH @ 1839.90 (level 1845.45),,,,,,692.98,-80.24,-10.38,0.0,0.0,,692.98,"EXIT @ 1839.90 (small red CHoCH, realized -233.24)",,,,,,1796.74,-208.05,-10.38,0.0,0.0,,1796.74,"EXIT @ 1839.90 (small red CHoCH, realized -604.75)"
2023-08-03,1839.9,1859.12,1826.0,1835.81,171148.05,-0.22,1862.85,1869.86,1871.67,False,12.15,12.46,18.37,,,,,,,,,,,,,,,692.98,0.0,0.0,0.0,0.0,,692.98,,,,,,,1796.74,0.0,0.0,0.0,0.0,,1796.74,
2023-08-04,1835.81,1851.31,1815.74,1830.23,187699.46,-0.3,1857.83,1866.08,1868.6,False,12.96,11.75,18.97,,,,,,,,,BIG HL confirmed @ 1626.01,,,,,,692.98,0.0,0.0,0.0,0.0,,692.98,,,,,,,1796.74,0.0,0.0,0.0,0.0,,1796.74,
2023-08-05,1830.24,1839.0,1827.5,1836.48,93657.33,0.34,1854.55,1863.27,1866.22,False,13.71,11.52,18.6,,,,,,,,,,,,,,,692.98,0.0,0.0,0.0,0.0,,692.98,,,,,,,1796.74,0.0,0.0,0.0,0.0,,1796.74,
2023-08-06,1836.48,1838.58,1825.86,1830.28,90403.99,-0.34,1850.82,1860.12,1863.56,False,14.46,11.26,18.47,,,,,,,,,SMALL LL confirmed @ 1813.80,,,,,,692.98,0.0,0.0,0.0,0.0,,692.98,,,,,,,1796.74,0.0,0.0,0.0,0.0,,1796.74,
2023-08-07,1830.28,1847.0,1802.0,1829.1,224092.91,-0.06,1847.47,1857.17,1861.0,False,15.88,10.37,21.21,,,,,,1802.0,LL,,SMALL LH confirmed @ 1879.74,,,,,,692.98,0.0,0.0,0.0,0.0,,692.98,,,,,,,1796.74,0.0,0.0,0.0,0.0,,1796.74,
2023-08-08,1829.1,1876.51,1826.33,1856.3,236336.03,1.49,1848.83,1857.09,1860.66,False,15.75,14.58,19.36,,,,,1876.51,,LH,,,,,,,,692.98,0.0,0.0,0.0,0.0,,692.98,,,,,,,1796.74,0.0,0.0,0.0,0.0,,1796.74,
2023-08-09,1856.3,1871.99,1846.28,1855.35,191926.83,-0.05,1849.84,1856.92,1860.26,False,15.63,13.92,18.48,,,,,,,,,,,,,,,692.98,0.0,0.0,0.0,0.0,,692.98,,,,,,,1796.74,0.0,0.0,0.0,0.0,,1796.74,
2023-08-10,1855.36,1865.95,1845.38,1852.47,127321.46,-0.16,1850.24,1856.5,1859.68,False,15.55,13.39,17.94,,,,,,,,,,,,,,,692.98,0.0,0.0,0.0,0.0,,692.98,,,,,,,1796.74,0.0,0.0,0.0,0.0,,1796.74,
2023-08-11,1852.47,1857.26,1838.05,1848.84,113209.31,-0.2,1850.03,1855.77,1858.88,False,15.75,12.89,18.69,,,,,,,,,,,,,,,692.98,0.0,0.0,0.0,0.0,,692.98,,,,,,,1796.74,0.0,0.0,0.0,0.0,,1796.74,
2023-08-12,1848.84,1854.01,1846.08,1849.93,63292.65,0.06,1850.01,1855.21,1858.22,False,15.94,12.69,18.39,,,,,,,,,SMALL LL confirmed @ 1802.00,,,,,,692.98,0.0,0.0,0.0,0.0,,692.98,,,,,,,1796.74,0.0,0.0,0.0,0.0,,1796.74,
2023-08-13,1849.94,1862.0,1834.51,1840.73,120674.14,-0.5,1848.58,1853.83,1856.92,False,16.55,11.97,19.73,,,,,,,,,SMALL LH confirmed @ 1876.51,,,,,,692.98,0.0,0.0,0.0,0.0,,692.98,,,,,,,1796.74,0.0,0.0,0.0,0.0,,1796.74,
2023-08-14,1840.73,1856.5,1835.0,1845.5,150196.12,0.26,1848.11,1853.04,1856.08,False,17.11,11.42,18.83,,,,,,,,,,,,,,,692.98,0.0,0.0,0.0,0.0,,692.98,,,,,,,1796.74,0.0,0.0,0.0,0.0,,1796.74,
2023-08-15,1845.5,1847.36,1814.0,1828.98,186081.7,-0.9,1845.17,1850.75,1854.07,False,18.38,10.62,21.95,,,,,,,,,,,,,,,692.98,0.0,0.0,0.0,0.0,,692.98,,,,,,,1796.74,0.0,0.0,0.0,0.0,,1796.74,
2023-08-16,1828.98,1831.52,1798.17,1807.81,205430.74,-1.16,1839.42,1846.66,1850.64,False,20.02,9.87,23.75,,,,,,,,,,,,,,,692.98,0.0,0.0,0.0,0.0,,692.98,,,,,,,1796.74,0.0,0.0,0.0,0.0,,1796.74,
2023-08-17,1807.81,1809.99,1550.0,1681.49,812138.22,-6.99,1815.12,1830.93,1838.11,False,24.17,6.19,50.47,,,,,,,,BEAR_BOS,SMALL BEAR BOS @ 1681.49 (level 1802.00),,,,,,692.98,0.0,0.0,0.0,0.0,,692.98,,,,,,,1796.74,0.0,0.0,0.0,0.0,,1796.74,
2023-08-18,1681.49,1699.4,1641.02,1661.59,538083.1,-1.18,1791.5,1814.8,1825.04,False,28.02,5.68,46.3,,,,,,,,,,,,,,,692.98,0.0,0.0,0.0,0.0,,692.98,,,,,,,1796.74,0.0,0.0,0.0,0.0,,1796.74,
2023-08-19,1661.6,1696.72,1654.31,1669.67,231919.05,0.49,1772.76,1800.98,1813.53,False,31.6,5.33,43.48,,,,,,,,,,,,,,,692.98,0.0,0.0,0.0,0.0,,692.98,,,,,,,1796.74,0.0,0.0,0.0,0.0,,1796.74,
2023-08-20,1669.68,1694.75,1662.03,1685.24,195623.53,0.93,1759.29,1789.96,1804.03,False,34.93,5.08,41.4,,,,,,,,,,,,,,,692.98,0.0,0.0,0.0,0.0,,692.98,,,,,,,1796.74,0.0,0.0,0.0,0.0,,1796.74,
2023-08-21,1685.23,1688.59,1649.4,1667.55,250835.15,-1.05,1745.18,1778.3,1793.92,False,38.08,4.78,40.86,,,,,,,,,,,,,,,692.98,0.0,0.0,0.0,0.0,,692.98,,,,,,,1796.74,0.0,0.0,0.0,0.0,,1796.74,
2023-08-22,1667.56,1669.38,1580.0,1634.99,402012.04,-1.95,1728.23,1764.65,1782.14,False,41.3,4.18,45.47,,,,,,1580.0,LL,,,,,,,,692.98,0.0,0.0,0.0,0.0,,692.98,,,,,,,1796.74,0.0,0.0,0.0,0.0,,1796.74,
2023-08-23,1635.0,1702.11,1629.05,1679.61,374761.11,2.73,1720.75,1756.55,1774.55,False,43.11,8.22,40.95,,,,,1702.11,,LH,,,,,,,,692.98,0.0,0.0,0.0,0.0,,692.98,,,,,,,1796.74,0.0,0.0,0.0,0.0,,1796.74,
2023-08-24,1679.61,1683.37,1635.28,1661.16,231539.78,-1.1,1711.58,1747.47,1766.15,False,44.78,7.68,38.26,,,,,,,,,,,,,,,692.98,0.0,0.0,0.0,0.0,,692.98,,,,,,,1796.74,0.0,0.0,0.0,0.0,,1796.74,
2023-08-25,1661.16,1677.22,1635.51,1653.8,236261.69,-0.44,1702.69,1738.55,1757.83,False,46.34,7.23,36.04,,,,,,,,,,,,,,,692.98,0.0,0.0,0.0,0.0,,692.98,,,,,,,1796.74,0.0,0.0,0.0,0.0,,1796.74,
2023-08-26,1653.79,1655.59,1644.0,1647.04,79175.42,-0.41,1694.13,1729.83,1749.62,False,47.78,7.11,35.43,,,,,,,,,,,,,,,692.98,0.0,0.0,0.0,0.0,,692.98,,,,,,,1796.74,0.0,0.0,0.0,0.0,,1796.74,
2023-08-27,1647.03,1660.24,1646.32,1658.33,87789.92,0.69,1688.62,1723.02,1742.86,False,48.92,7.68,34.67,,,,,,,,,SMALL LL confirmed @ 1580.00,,,,,,692.98,0.0,0.0,0.0,0.0,,692.98,,,,,,,1796.74,0.0,0.0,0.0,0.0,,1796.74,
2023-08-28,1658.33,1664.34,1621.75,1653.08,214351.01,-0.32,1683.15,1716.36,1736.21,False,50.21,7.17,36.19,,,,,,,,,SMALL LH confirmed @ 1702.11,,,,,,692.98,0.0,0.0,0.0,0.0,,692.98,,,,,,,1796.74,0.0,0.0,0.0,0.0,,1796.74,
2023-08-29,1653.08,1745.84,1640.0,1729.42,494371.08,4.62,1690.27,1717.6,1735.71,False,48.55,17.69,30.74,,,,,,,,BULL_CHOCH,SMALL BULL CHOCH @ 1729.42 (level 1702.11),864.71,-50.0,1.0,0.4007,692.98,692.98,0.0,0.0,346.49,346.49,0.0,346.49,"ENTRY @ 1729.42 (small green CHoCH, margin $346.49 [50% of bank] @ 2x [ADX 48.5, zone red], 0.400700 units)",864.71,-50.0,1.0,1.038928,1796.74,1796.74,0.0,0.0,898.37,898.37,-0.0,898.37,"ENTRY @ 1729.42 (small green CHoCH, margin $898.37 [50% of bank] @ 2x [ADX 48.5, zone red], 1.038928 units)"
2023-08-30,1729.41,1730.93,1694.34,1705.23,202841.44,-1.4,1692.57,1716.43,1733.45,False,47.0,16.75,29.1,,,,,,,,,,864.71,-49.29,1.0,0.4007,683.29,683.29,-9.69,-1.4,336.8,341.64,-4.85,346.49,,864.71,-49.29,1.0,1.038928,1771.61,1771.61,-25.13,-1.4,873.24,885.81,-12.57,898.37,
2023-08-31,1705.23,1729.0,1630.0,1645.76,330518.27,-3.49,1685.37,1709.7,1726.95,False,46.51,14.51,33.91,,,,,,,,,,864.71,-47.46,1.0,0.4007,659.46,659.46,-23.83,-3.49,312.97,329.73,-16.76,346.49,,864.71,-47.46,1.0,1.038928,1709.83,1709.83,-61.79,-3.49,811.45,854.91,-43.46,898.37,
2023-09-01,1645.77,1654.53,1602.33,1629.12,302406.17,-1.01,1676.72,1702.02,1719.71,False,46.38,13.48,35.27,,,,,,1602.33,HL,,,864.71,-46.92,1.0,0.4007,652.79,652.79,-6.67,-1.01,306.3,326.39,-20.1,346.49,,864.71,-46.92,1.0,1.038928,1692.54,1692.54,-17.29,-1.01,794.17,846.27,-52.1,898.37,
2023-09-02,1629.13,1645.0,1628.03,1637.03,102145.95,0.49,1670.61,1695.83,1713.58,False,46.26,13.16,34.41,,,,,,,,,BIG LH confirmed @ 2029.11,864.71,-47.18,1.0,0.4007,655.96,655.96,3.17,0.49,309.47,327.98,-18.51,346.49,,864.71,-47.18,1.0,1.038928,1700.76,1700.76,8.22,0.49,802.38,850.38,-47.99,898.37,
2023-09-03,1637.02,1647.5,1625.14,1635.84,116767.29,-0.07,1665.26,1690.12,1707.82,False,46.18,12.72,33.7,,,,,,,,,,864.71,-47.14,1.0,0.4007,655.48,655.48,-0.48,-0.07,308.99,327.74,-18.75,346.49,,864.71,-47.14,1.0,1.038928,1699.52,1699.52,-1.24,-0.07,801.15,849.76,-48.61,898.37,
2023-09-04,1635.84,1644.82,1616.32,1630.51,168010.91,-0.33,1659.92,1684.44,1702.1,False,46.23,12.17,33.58,,,,,,,,,,864.71,-46.97,1.0,0.4007,653.34,653.34,-2.14,-0.33,306.86,326.67,-19.82,346.49,,864.71,-46.97,1.0,1.038928,1693.98,1693.98,-5.54,-0.33,795.61,846.99,-51.38,898.37,
2023-09-05,1630.52,1648.02,1609.69,1634.45,204365.49,0.24,1656.0,1679.68,1697.09,False,46.36,11.44,32.62,,,,,,,,,,864.71,-47.09,1.0,0.4007,654.92,654.92,1.58,0.24,308.43,327.46,-19.03,346.49,,864.71,-47.09,1.0,1.038928,1698.08,1698.08,4.09,0.24,799.7,849.04,-49.33,898.37,
2023-09-06,1634.46,1670.0,1609.2,1633.15,219541.02,-0.08,1652.48,1675.25,1692.35,False,45.67,13.72,29.61,,,,,1670.0,,LH,,SMALL HL confirmed @ 1602.33,864.71,-47.05,1.0,0.4007,654.4,654.4,-0.52,-0.08,307.91,327.2,-19.29,346.49,,864.71,-47.05,1.0,1.038928,1696.73,1696.73,-1.35,-0.08,798.35,848.36,-50.01,898.37,
2023-09-07,1633.15,1660.0,1623.4,1648.11,228558.28,0.92,1651.81,1672.66,1689.07,False,45.03,12.94,27.95,,,,,,,,,,864.71,-47.53,1.0,0.4007,660.4,660.4,5.99,0.92,313.91,330.2,-16.29,346.49,,864.71,-47.53,1.0,1.038928,1712.27,1712.27,15.54,0.92,813.9,856.13,-42.24,898.37,
2023-09-08,1648.11,1658.93,1616.21,1636.44,221570.05,-0.71,1649.45,1669.21,1685.17,False,44.56,12.09,27.21,,,,,,,,,,864.71,-47.16,1.0,0.4007,655.72,655.72,-4.68,-0.71,309.23,327.86,-18.63,346.49,,864.71,-47.16,1.0,1.038928,1700.14,1700.14,-12.12,-0.71,801.77,850.07,-48.3,898.37,
2023-09-09,1636.43,1637.52,1629.74,1635.54,58519.62,-0.05,1647.31,1666.01,1681.5,False,44.12,11.93,26.87,,,,,,,,,,864.71,-47.13,1.0,0.4007,655.36,655.36,-0.36,-0.05,308.87,327.68,-18.81,346.49,,864.71,-47.13,1.0,1.038928,1699.21,1699.21,-0.94,-0.05,800.84,849.6,-48.77,898.37,
2023-09-10,1635.53,1635.7,1600.0,1617.42,207957.84,-1.11,1642.71,1661.38,1676.75,False,44.25,11.23,30.22,,,,BEAR_CHOCH,,,,,BIG BEAR CHOCH @ 1617.42 (level 1626.01),864.71,-46.54,1.0,0.4007,648.1,648.1,-7.26,-1.11,301.61,324.05,-22.44,346.49,,864.71,-46.54,1.0,1.038928,1680.38,1680.38,-18.83,-1.11,782.01,840.19,-58.18,898.37,
2023-09-11,1617.42,1619.0,1531.01,1551.85,417424.82,-4.05,1628.73,1650.95,1667.5,False,45.25,9.7,36.79,,,,,,1531.01,LL,BEAR_CHOCH,SMALL LH confirmed @ 1670.00 | SMALL BEAR CHOCH @ 1551.85 (level 1602.33),,,,,,621.83,-26.27,-4.05,0.0,0.0,,621.83,"EXIT @ 1551.85 (small red CHoCH, realized -71.15)",,,,,,1612.26,-68.12,-4.05,0.0,0.0,,1612.26,"EXIT @ 1551.85 (small red CHoCH, realized -184.48)"
2023-09-12,1551.84,1626.0,1549.67,1592.97,329739.97,2.65,1623.23,1645.43,1661.98,False,45.9,9.64,32.63,,,,,,,,,,,,,,,621.83,0.0,0.0,0.0,0.0,,621.83,,,,,,,1612.26,0.0,0.0,0.0,0.0,,1612.26,
2023-09-13,1592.97,1619.3,1581.88,1607.62,223409.29,0.92,1620.83,1641.83,1657.95,False,46.51,9.09,30.8,,,,,,,,,,,,,,,621.83,0.0,0.0,0.0,0.0,,621.83,,,,,,,1612.26,0.0,0.0,0.0,0.0,,1612.26,
2023-09-14,1607.61,1644.29,1607.05,1626.47,275301.15,1.17,1621.7,1640.36,1655.62,False,46.06,12.39,29.04,,,,,,,,,,,,,,,621.83,0.0,0.0,0.0,0.0,,621.83,,,,,,,1612.26,0.0,0.0,0.0,0.0,,1612.26,
2023-09-15,1626.48,1654.08,1611.42,1641.29,181340.02,0.91,1624.71,1640.45,1654.56,False,45.26,13.09,27.14,,,,,,,,,,,,,,,621.83,0.0,0.0,0.0,0.0,,621.83,,,,,,,1612.26,0.0,0.0,0.0,0.0,,1612.26,
2023-09-16,1641.3,1653.17,1631.31,1634.4,99555.47,-0.42,1626.2,1639.88,1653.07,False,44.53,12.63,26.19,,,,,,,,,SMALL LL confirmed @ 1531.01,,,,,,621.83,0.0,0.0,0.0,0.0,,621.83,,,,,,,1612.26,0.0,0.0,0.0,0.0,,1612.26,
2023-09-17,1634.4,1635.0,1612.0,1622.48,120227.41,-0.73,1625.63,1638.22,1650.8,False,44.21,12.15,28.39,,,,,,,,,,,,,,,621.83,0.0,0.0,0.0,0.0,,621.83,,,,,,,1612.26,0.0,0.0,0.0,0.0,,1612.26,
2023-09-18,1622.48,1669.5,1603.88,1636.66,279041.7,0.87,1627.33,1638.07,1649.75,False,42.6,16.38,25.42,,,,,1669.5,,LH,,,,,,,,621.83,0.0,0.0,0.0,0.0,,621.83,,,,,,,1612.26,0.0,0.0,0.0,0.0,,1612.26,
2023-09-19,1636.66,1661.04,1626.32,1643.12,184282.43,0.39,1629.76,1638.55,1649.26,False,41.1,15.46,23.99,,,,,,,,,,,,,,,621.83,0.0,0.0,0.0,0.0,,621.83,,,,,,,1612.26,0.0,0.0,0.0,0.0,,1612.26,
2023-09-20,1643.13,1649.34,1604.51,1622.26,232844.23,-1.27,1628.6,1637.0,1647.26,False,40.2,14.34,25.78,,,,,,,,,,,,,,,621.83,0.0,0.0,0.0,0.0,,621.83,,,,,,,1612.26,0.0,0.0,0.0,0.0,,1612.26,
2023-09-21,1622.27,1625.3,1567.77,1583.94,240627.54,-2.36,1621.73,1631.95,1642.57,False,40.07,13.03,29.25,,,,,,,,,,,,,,,621.83,0.0,0.0,0.0,0.0,,621.83,,,,,,,1612.26,0.0,0.0,0.0,0.0,,1612.26,
2023-09-22,1583.94,1602.68,1576.58,1593.08,124886.09,0.58,1617.32,1628.24,1638.9,False,39.95,12.47,28.0,,,,,,,,,,,,,,,621.83,0.0,0.0,0.0,0.0,,621.83,,,,,,,1612.26,0.0,0.0,0.0,0.0,,1612.26,
2023-09-23,1593.07,1598.24,1587.45,1593.86,64537.13,0.05,1613.71,1624.97,1635.57,False,39.83,12.24,27.48,,,,,,,,,SMALL LH confirmed @ 1669.50,,,,,,621.83,0.0,0.0,0.0,0.0,,621.83,,,,,,,1612.26,0.0,0.0,0.0,0.0,,1612.26,
2023-09-24,1593.85,1601.12,1570.01,1580.71,137517.85,-0.83,1608.64,1620.75,1631.5,False,40.06,11.57,29.04,,,,,,,,,,,,,,,621.83,0.0,0.0,0.0,0.0,,621.83,,,,,,,1612.26,0.0,0.0,0.0,0.0,,1612.26,
2023-09-25,1580.71,1597.5,1563.01,1588.33,176706.93,0.48,1605.51,1617.67,1628.31,False,40.4,10.86,28.51,,,,,,1563.01,HL,,,,,,,,621.83,0.0,0.0,0.0,0.0,,621.83,,,,,,,1612.26,0.0,0.0,0.0,0.0,,1612.26,
2023-09-26,1588.34,1599.78,1580.05,1594.01,125583.02,0.36,1603.74,1615.41,1625.77,False,40.6,10.89,27.47,,,,,,,,,,,,,,,621.83,0.0,0.0,0.0,0.0,,621.83,,,,,,,1612.26,0.0,0.0,0.0,0.0,,1612.26,
2023-09-27,1594.02,1634.1,1583.5,1598.64,274404.43,0.29,1602.96,1613.82,1623.76,False,39.25,16.09,24.96,,,,,,,,,,,,,,,621.83,0.0,0.0,0.0,0.0,,621.83,,,,,,,1612.26,0.0,0.0,0.0,0.0,,1612.26,
2023-09-28,1598.63,1668.21,1598.14,1652.99,331409.7,3.4,1610.65,1617.55,1625.92,False,36.78,19.99,21.97,,,,,,,,,,,,,,,621.83,0.0,0.0,0.0,0.0,,621.83,,,,,,,1612.26,0.0,0.0,0.0,0.0,,1612.26,
2023-09-29,1653.0,1688.0,1648.37,1667.45,251975.67,0.87,1619.39,1622.3,1629.0,False,34.42,22.03,20.47,,,,,,,,,,,,,,,621.83,0.0,0.0,0.0,0.0,,621.83,,,,,,,1612.26,0.0,0.0,0.0,0.0,,1612.26,
2023-09-30,1667.45,1694.32,1666.19,1670.89,136924.91,0.21,1627.32,1626.93,1632.1,False,32.4,22.05,19.46,,,,,,,,BULL_CHOCH,SMALL HL confirmed @ 1563.01 | SMALL BULL CHOCH @ 1670.89 (level 1669.50),835.44,-50.0,1.0,0.372152,621.83,621.83,0.0,0.0,310.91,310.91,0.0,310.91,"ENTRY @ 1670.89 (small green CHoCH, margin $310.91 [50% of bank] @ 2x [ADX 32.4, zone red], 0.372152 units)",835.44,-50.0,1.0,0.964911,1612.26,1612.26,0.0,0.0,806.13,806.13,0.0,806.13,"ENTRY @ 1670.89 (small green CHoCH, margin $806.13 [50% of bank] @ 2x [ADX 32.4, zone red], 0.964911 units)"
2023-10-01,1670.89,1751.0,1668.0,1733.79,225611.59,3.76,1643.7,1637.1,1639.63,True,31.91,28.33,16.82,,,,,1751.0,,HH,,,835.44,-51.81,1.0,0.372152,645.23,645.23,23.41,3.76,334.32,322.62,11.7,310.91,,835.44,-51.81,1.0,0.964911,1672.95,1672.95,60.69,3.76,866.82,836.48,30.35,806.13,
2023-10-02,1733.8,1744.0,1636.79,1662.4,378575.69,-4.12,1646.57,1639.51,1641.32,True,30.48,23.83,18.77,,,,,,,,,,835.44,-49.74,1.0,0.372152,618.67,618.67,-26.57,-4.12,307.75,309.33,-1.58,310.91,,835.44,-49.74,1.0,0.964911,1604.07,1604.07,-68.89,-4.12,797.94,802.03,-4.1,806.13,
2023-10-03,1662.41,1670.65,1643.0,1656.88,198287.12,-0.33,1648.16,1641.17,1642.47,True,29.15,22.82,17.98,,,,,,,,,,835.44,-49.58,1.0,0.372152,616.61,616.61,-2.05,-0.33,305.7,308.31,-2.61,310.91,,835.44,-49.58,1.0,0.964911,1598.74,1598.74,-5.33,-0.33,792.61,799.37,-6.76,806.13,
2023-10-04,1656.88,1657.66,1625.0,1646.58,222861.72,-0.62,1647.92,1641.68,1642.78,True,27.37,21.66,19.87,,,,,,,,,,835.44,-49.26,1.0,0.372152,612.78,612.78,-3.83,-0.62,301.87,306.39,-4.52,310.91,,835.44,-49.26,1.0,0.964911,1588.8,1588.8,-9.94,-0.62,782.67,794.4,-11.73,806.13,
2023-10-05,1646.58,1655.47,1606.73,1611.79,237378.74,-2.11,1642.36,1638.84,1640.48,True,25.63,20.02,21.21,,,,,,,,,,835.44,-48.17,1.0,0.372152,599.83,599.83,-12.95,-2.11,288.92,299.92,-11.0,310.91,,835.44,-48.17,1.0,0.964911,1555.23,1555.23,-33.57,-2.11,749.1,777.62,-28.51,806.13,
2023-10-06,1611.79,1662.0,1611.68,1645.03,220507.93,2.06,1642.77,1639.43,1640.82,True,23.81,19.47,19.56,,,,,,,,,SMALL HH confirmed @ 1751.00,835.44,-49.21,1.0,0.372152,612.2,612.2,12.37,2.06,301.29,306.1,-4.81,310.91,,835.44,-49.21,1.0,0.964911,1587.31,1587.31,32.07,2.06,781.18,793.65,-12.48,806.13,
2023-10-07,1645.03,1647.71,1630.03,1633.57,101241.57,-0.7,1641.35,1638.87,1640.28,True,22.13,18.91,19.0,,,,,,,,,,835.44,-48.86,1.0,0.372152,607.94,607.94,-4.26,-0.7,297.02,303.97,-6.94,310.91,,835.44,-48.86,1.0,0.964911,1576.25,1576.25,-11.06,-0.7,770.12,788.13,-18.01,806.13,
2023-10-08,1633.56,1641.4,1616.17,1632.84,149424.66,-0.04,1640.04,1638.29,1639.73,True,20.99,18.12,20.51,,,,,,,,,,835.44,-48.83,1.0,0.372152,607.67,607.67,-0.27,-0.04,296.75,303.83,-7.08,310.91,,835.44,-48.83,1.0,0.964911,1575.55,1575.55,-0.7,-0.04,769.42,787.77,-18.36,806.13,
2023-10-09,1632.85,1636.0,1546.0,1580.13,340141.1,-3.23,1630.83,1632.75,1635.32,False,21.58,15.6,28.5,,,,,,,,,,835.44,-47.13,1.0,0.372152,588.05,588.05,-19.62,-3.23,277.14,294.02,-16.89,310.91,,835.44,-47.13,1.0,0.964911,1524.69,1524.69,-50.86,-3.23,718.55,762.34,-43.79,806.13,
2023-10-10,1580.13,1594.9,1550.55,1567.63,240659.33,-0.79,1621.1,1626.55,1630.3,False,22.13,14.53,26.54,,,,,,,,,,835.44,-46.71,1.0,0.372152,583.4,583.4,-4.65,-0.79,272.48,291.7,-19.21,310.91,,835.44,-46.71,1.0,0.964911,1512.62,1512.62,-12.06,-0.79,706.49,756.31,-49.82,806.13,
2023-10-11,1567.62,1578.43,1544.26,1566.87,260253.97,-0.05,1612.76,1620.87,1625.6,False,22.76,13.74,26.1,,,,,,,,,,835.44,-46.68,1.0,0.372152,583.11,583.11,-0.28,-0.05,272.2,291.56,-19.36,310.91,,835.44,-46.68,1.0,0.964911,1511.89,1511.89,-0.73,-0.05,705.76,755.95,-50.19,806.13,
2023-10-12,1566.86,1568.56,1521.0,1539.61,237221.5,-1.74,1601.51,1613.13,1619.23,False,23.8,12.72,27.81,,1521.0,LL,,,1521.0,LL,BEAR_CHOCH,SMALL BEAR CHOCH @ 1539.61 (level 1563.01),,,,,,572.97,-10.14,-1.74,0.0,0.0,,572.97,"EXIT @ 1539.61 (small red CHoCH, realized -48.86)",,,,,,1485.59,-26.3,-1.74,0.0,0.0,,1485.59,"EXIT @ 1539.61 (small red CHoCH, realized -126.67)"
2023-10-13,1539.61,1575.36,1537.76,1552.16,192205.87,0.82,1593.91,1607.32,1614.26,False,24.49,13.04,26.15,,,,,,,,,,,,,,,572.97,0.0,0.0,0.0,0.0,,572.97,,,,,,,1485.59,0.0,0.0,0.0,0.0,,1485.59,
2023-10-14,1552.16,1561.72,1544.55,1554.94,100314.68,0.18,1587.92,1602.33,1609.87,False,25.13,12.66,25.4,,,,,,,,,,,,,,,572.97,0.0,0.0,0.0,0.0,,572.97,,,,,,,1485.59,0.0,0.0,0.0,0.0,,1485.59,
2023-10-15,1554.94,1567.62,1547.44,1557.77,120311.27,0.18,1583.28,1598.09,1606.01,False,25.46,13.24,24.51,,,,,,,,,,,,,,,572.97,0.0,0.0,0.0,0.0,,572.97,,,,,,,1485.59,0.0,0.0,0.0,0.0,,1485.59,
2023-10-16,1557.78,1639.43,1555.06,1599.42,418510.86,2.67,1585.76,1598.22,1605.52,False,23.94,23.01,21.18,,,,,,,,,,,,,,,572.97,0.0,0.0,0.0,0.0,,572.97,,,,,,,1485.59,0.0,0.0,0.0,0.0,,1485.59,
2023-10-17,1599.41,1600.53,1551.08,1565.01,234817.07,-2.15,1582.57,1595.05,1602.52,False,22.41,21.19,20.14,,,,,,,,,SMALL LL confirmed @ 1521.00,,,,,,572.97,0.0,0.0,0.0,0.0,,572.97,,,,,,,1485.59,0.0,0.0,0.0,0.0,,1485.59,
2023-10-18,1565.01,1585.42,1555.88,1563.44,177750.23,-0.1,1579.63,1592.04,1599.63,False,21.0,20.17,19.17,,,,,,,,,,,,,,,572.97,0.0,0.0,0.0,0.0,,572.97,,,,,,,1485.59,0.0,0.0,0.0,0.0,,1485.59,
2023-10-19,1563.45,1574.45,1541.61,1566.57,216217.67,0.2,1577.62,1589.62,1597.18,False,19.75,19.06,20.5,,,,,,,,,,,,,,,572.97,0.0,0.0,0.0,0.0,,572.97,,,,,,,1485.59,0.0,0.0,0.0,0.0,,1485.59,
2023-10-20,1566.57,1630.4,1561.19,1603.89,315995.79,2.38,1581.66,1590.98,1597.68,False,19.58,25.89,18.23,,,,,,,,,,,,,,,572.97,0.0,0.0,0.0,0.0,,572.97,,,,,,,1485.59,0.0,0.0,0.0,0.0,,1485.59,
2023-10-21,1603.88,1644.53,1592.36,1628.94,176419.41,1.56,1588.93,1594.59,1599.99,False,19.73,25.99,16.73,,,,,,,,,,,,,,,572.97,0.0,0.0,0.0,0.0,,572.97,,,,,,,1485.59,0.0,0.0,0.0,0.0,,1485.59,
2023-10-22,1628.94,1667.8,1621.1,1663.7,228650.92,2.13,1600.44,1601.17,1604.71,False,20.35,27.74,15.5,,,,,,,,,,,,,,,572.97,0.0,0.0,0.0,0.0,,572.97,,,,,,,1485.59,0.0,0.0,0.0,0.0,,1485.59,
2023-10-23,1663.69,1800.0,1657.07,1765.46,610931.97,6.12,1625.82,1616.82,1616.62,True,22.66,40.38,12.48,,,,,,,,BULL_CHOCH,SMALL BULL CHOCH @ 1765.46 (level 1751.00),1412.37,-20.0,2.5,0.81136,1432.42,572.97,0.0,0.0,286.48,286.48,0.0,286.48,"ENTRY @ 1765.46 (small green CHoCH, margin $286.48 [50% of bank] @ 5x [ADX 22.7, zone green], 0.811360 units)",1412.37,-20.0,2.5,2.103683,3713.97,1485.59,0.0,0.0,742.79,742.79,0.0,742.79,"ENTRY @ 1765.46 (small green CHoCH, margin $742.79 [50% of bank] @ 5x [ADX 22.7, zone green], 2.103683 units)"
2023-10-24,1765.47,1854.38,1756.21,1784.98,674055.14,1.11,1650.31,1632.84,1629.09,True,25.26,42.27,10.9,,,,,,,,,,1412.37,-20.87,2.46,0.81136,1448.26,588.81,15.84,2.76,302.32,289.65,12.67,286.48,,1412.37,-20.87,2.46,2.103683,3755.03,1526.65,41.06,2.76,783.86,751.01,32.85,742.79,
2023-10-25,1784.98,1817.69,1760.0,1787.15,354410.83,0.12,1671.36,1647.53,1640.8,True,27.67,39.15,10.1,,,,,,,,,,1412.37,-20.97,2.46,0.81136,1450.02,590.57,1.76,0.3,304.08,290.0,14.08,286.48,,1412.37,-20.97,2.46,2.103683,3759.6,1531.22,4.56,0.3,788.42,751.92,36.5,742.79,
2023-10-26,1787.15,1865.54,1762.21,1803.38,431169.05,0.91,1691.67,1662.37,1652.84,True,30.25,40.04,8.84,,,,,1865.54,,HH,,,1412.37,-21.68,2.42,0.81136,1463.19,603.74,13.17,2.23,317.25,292.64,24.61,286.48,,1412.37,-21.68,2.42,2.103683,3793.74,1565.36,34.14,2.23,822.57,758.75,63.82,742.79,
2023-10-27,1803.39,1803.91,1744.66,1779.4,274532.69,-1.33,1705.17,1673.52,1662.22,True,32.13,37.17,10.32,,,,,,1744.66,HL,,,1412.37,-20.63,2.47,0.81136,1443.73,584.28,-19.46,-3.22,297.8,288.75,9.05,286.48,,1412.37,-20.63,2.47,2.103683,3743.29,1514.91,-50.45,-3.22,772.12,748.66,23.46,742.79,
2023-10-28,1779.41,1803.23,1770.0,1776.2,122919.74,-0.18,1716.1,1683.3,1670.66,True,33.87,35.64,9.9,,,,,,,,,,1412.37,-20.48,2.48,0.81136,1441.14,581.68,-2.6,-0.44,295.2,288.23,6.97,286.48,,1412.37,-20.48,2.48,2.103683,3736.56,1508.18,-6.73,-0.44,765.39,747.31,18.07,742.79,
2023-10-29,1776.21,1811.3,1762.66,1795.14,144110.65,1.07,1728.26,1693.95,1679.88,True,35.56,34.47,9.29,,,,,,,,,,1412.37,-21.32,2.44,0.81136,1456.51,597.05,15.37,2.64,310.57,291.3,19.26,286.48,,1412.37,-21.32,2.44,2.103683,3776.4,1548.02,39.84,2.64,805.23,755.28,49.95,742.79,
2023-10-30,1795.14,1829.84,1777.77,1809.04,277686.19,0.77,1740.69,1704.91,1689.45,True,37.3,34.54,8.68,,,,,,,,,,1412.37,-21.93,2.41,0.81136,1467.78,608.33,11.28,1.89,321.84,293.56,28.29,286.48,,1412.37,-21.93,2.41,2.103683,3805.65,1577.27,29.24,1.89,834.47,761.13,73.34,742.79,
2023-10-31,1809.03,1819.41,1780.99,1814.67,258074.58,0.31,1752.07,1715.36,1698.72,True,38.91,32.82,8.24,,,,,,,,,SMALL HH confirmed @ 1865.54,1412.37,-22.17,2.4,0.81136,1472.35,612.9,4.57,0.75,326.41,294.47,31.94,286.48,,1412.37,-22.17,2.4,2.103683,3817.49,1589.11,11.84,0.75,846.32,763.5,82.82,742.79,
2023-11-01,1814.67,1857.66,1783.19,1846.99,471921.62,1.78,1766.67,1727.9,1709.71,True,40.73,34.57,7.47,,,,,,,,,SMALL HL confirmed @ 1744.66,1412.37,-23.53,2.34,0.81136,1498.57,639.12,26.22,4.28,352.63,299.71,52.92,286.48,,1412.37,-23.53,2.34,2.103683,3885.48,1657.1,67.99,4.28,914.31,777.1,137.21,742.79,
2023-11-02,1846.99,1875.0,1785.01,1800.8,368738.22,-2.5,1771.92,1734.84,1716.45,True,42.56,32.9,6.65,,,,,,,,,,1412.37,-21.57,2.43,0.81136,1461.1,601.64,-37.48,-5.86,315.16,292.22,22.94,286.48,,1412.37,-21.57,2.43,2.103683,3788.31,1559.93,-97.17,-5.86,817.14,757.66,59.48,742.79,
2023-11-03,1800.79,1834.58,1777.11,1832.71,315000.27,1.77,1781.27,1744.16,1725.06,True,43.96,30.6,7.15,,,,,,,,,,1412.37,-22.94,2.37,0.81136,1486.99,627.53,25.89,4.3,341.05,297.4,43.65,286.48,,1412.37,-22.94,2.37,2.103683,3855.44,1627.06,67.13,4.3,884.27,771.09,113.18,742.79,
2023-11-04,1832.7,1869.9,1824.03,1855.54,171538.04,1.25,1792.7,1754.77,1734.73,True,45.56,33.23,6.74,,,,,,,,,,1412.37,-23.88,2.33,0.81136,1505.51,646.06,18.52,2.95,359.57,301.1,58.47,286.48,,1412.37,-23.88,2.33,2.103683,3903.47,1675.09,48.03,2.95,932.29,780.69,151.6,742.79,
2023-11-05,1855.54,1912.67,1846.11,1891.71,383106.76,1.95,1807.93,1767.81,1746.36,True,47.33,35.75,6.19,,,,,,,,BULL_BOS,SMALL BULL BOS @ 1891.71 (level 1865.54),1412.37,-25.34,2.27,0.81136,1534.86,675.4,29.35,4.54,388.92,306.97,81.95,286.48,,1412.37,-25.34,2.27,2.103683,3979.56,1751.18,76.09,4.54,1008.38,795.91,212.47,742.79,
2023-11-06,1891.71,1914.23,1868.48,1900.95,328746.24,0.49,1822.24,1780.49,1757.81,True,49.0,33.92,5.84,,,,,,,,,,1412.37,-25.7,2.26,0.81136,1542.36,682.9,7.5,1.11,396.42,308.47,87.94,286.48,,1412.37,-25.7,2.26,2.103683,3999.0,1770.61,19.44,1.11,1027.82,799.8,228.02,742.79,
2023-11-07,1900.95,1906.99,1850.32,1885.27,332419.44,-0.82,1831.94,1790.47,1767.25,True,49.84,31.53,7.69,,,,,,,,,,1412.37,-25.08,2.28,0.81136,1529.63,670.18,-12.72,-1.86,383.69,305.93,77.77,286.48,,1412.37,-25.08,2.28,2.103683,3966.01,1737.63,-32.99,-1.86,994.84,793.2,201.63,742.79,
2023-11-08,1885.26,1904.69,1872.51,1888.12,247881.1,0.15,1840.58,1799.77,1776.2,True,50.62,30.23,7.37,,,,,,,,,,1412.37,-25.2,2.28,0.81136,1531.95,672.49,2.31,0.35,386.01,306.39,79.62,286.48,,1412.37,-25.2,2.28,2.103683,3972.01,1743.62,6.0,0.35,1000.83,794.4,206.43,742.79,
2023-11-09,1888.11,2132.0,1882.07,2121.32,1100330.32,12.35,1883.77,1830.39,1801.77,True,52.62,45.81,5.48,,,,BULL_CHOCH,,,,,BIG BULL CHOCH @ 2121.32 (level 2029.11),1412.37,-33.42,2.0,0.81136,1721.15,861.7,189.21,28.14,575.22,344.23,230.98,286.48,,1412.37,-33.42,2.0,2.103683,4462.58,2234.2,490.58,28.14,1491.41,892.52,598.89,742.79,
2023-11-10,2121.33,2136.99,2064.61,2077.72,555573.65,-2.06,1913.61,1853.95,1822.21,True,54.5,42.93,5.07,,,,,2136.99,,HH,,,1412.37,-32.02,2.04,0.81136,1685.78,826.32,-35.38,-4.11,539.84,337.16,202.68,286.48,,1412.37,-32.02,2.04,2.103683,4370.86,2142.48,-91.72,-4.11,1399.69,874.17,525.52,742.79,
2023-11-11,2077.72,2089.6,2030.3,2053.17,370966.04,-1.18,1935.08,1872.92,1839.32,True,55.3,40.29,8.31,,,,,,,,,,1412.37,-31.21,2.07,0.81136,1665.86,806.41,-19.92,-2.41,519.92,333.17,186.75,286.48,,1412.37,-31.21,2.07,2.103683,4319.22,2090.84,-51.65,-2.41,1348.04,863.84,484.2,742.79,
2023-11-12,2053.16,2066.5,2012.1,2044.68,281907.56,-0.41,1951.94,1889.28,1854.53,True,55.58,37.99,9.75,,,,,,,,,,1412.37,-30.92,2.07,0.81136,1658.97,799.52,-6.89,-0.85,513.03,331.79,181.24,286.48,,1412.37,-30.92,2.07,2.103683,4301.36,2072.98,-17.86,-0.85,1330.18,860.27,469.91,742.79,
2023-11-13,2044.69,2118.0,2028.49,2053.65,529143.58,0.44,1967.59,1904.94,1869.28,True,56.15,39.79,8.85,,,,,,,,,,1412.37,-31.23,2.07,0.81136,1666.25,806.8,7.28,0.91,520.31,333.25,187.06,286.48,,1412.37,-31.23,2.07,2.103683,4320.23,2091.85,18.87,0.91,1349.05,864.05,485.01,742.79,
2023-11-14,2053.65,2064.96,1936.6,1979.39,481909.73,-3.62,1969.41,1912.03,1877.44,True,54.66,34.84,16.66,,,,,,,,,,1412.37,-28.65,2.15,0.81136,1606.0,746.54,-60.25,-7.47,460.06,321.2,138.86,286.48,,1412.37,-28.65,2.15,2.103683,4164.01,1935.63,-156.22,-7.47,1192.83,832.8,360.03,742.79,
2023-11-15,1979.4,2062.4,1967.01,2058.48,421870.8,4.0,1983.11,1925.97,1890.85,True,53.28,31.68,15.15,,,,,,,,,SMALL HH confirmed @ 2136.99,1412.37,-31.39,2.06,0.81136,1670.17,810.71,64.17,8.6,524.23,334.03,190.2,286.48,,1412.37,-31.39,2.06,2.103683,4330.39,2102.01,166.38,8.6,1359.21,866.08,493.14,742.79,
2023-11-16,2058.49,2090.4,1939.1,1961.77,545286.13,-4.7,1979.83,1929.38,1896.1,True,52.26,29.92,13.12,,,,,,,,,,1412.37,-28.01,2.17,0.81136,1591.7,732.25,-78.47,-9.68,445.76,318.34,127.42,286.48,,1412.37,-28.01,2.17,2.103683,4126.94,1898.56,-203.45,-9.68,1155.77,825.39,330.38,742.79,
2023-11-17,1961.77,1991.5,1904.0,1960.82,401100.51,-0.05,1976.9,1932.38,1900.89,True,50.6,27.62,15.2,,,,,,1904.0,HL,,,1412.37,-27.97,2.17,0.81136,1590.93,731.48,-0.77,-0.11,444.99,318.19,126.81,286.48,,1412.37,-27.97,2.17,2.103683,4124.94,1896.56,-2.0,-0.11,1153.77,824.99,328.78,742.79,
2023-11-18,1960.82,1971.22,1916.0,1962.6,279368.22,0.09,1974.7,1935.26,1905.46,True,49.06,26.24,14.44,,,,,,,,,,1412.37,-28.04,2.17,0.81136,1592.38,732.92,1.44,0.2,446.44,318.48,127.96,286.48,,1412.37,-28.04,2.17,2.103683,4128.69,1900.31,3.74,0.2,1157.51,825.74,331.78,742.79,
2023-11-19,1962.59,2015.75,1942.89,2011.47,251132.62,2.49,1980.36,1942.51,1913.32,True,48.11,28.54,13.49,,,,,,,,,,1412.37,-29.78,2.11,0.81136,1632.03,772.57,39.65,5.41,486.09,326.41,159.68,286.48,,1412.37,-29.78,2.11,2.103683,4231.49,2003.11,102.81,5.41,1260.32,846.3,414.02,742.79,
2023-11-20,2011.47,2066.4,1990.0,2021.4,421717.68,0.49,1986.67,1950.03,1921.32,True,47.72,31.16,12.55,,,,,,,,,,1412.37,-30.13,2.1,0.81136,1640.08,780.63,8.06,1.04,494.14,328.02,166.13,286.48,,1412.37,-30.13,2.1,2.103683,4252.38,2024.0,20.89,1.04,1281.21,850.48,430.73,742.79,
2023-11-21,2021.41,2034.6,1931.43,1933.01,490163.99,-4.37,1978.42,1948.41,1922.19,True,46.17,28.31,16.6,,,,,,,,,,1412.37,-26.93,2.21,0.81136,1568.37,708.91,-71.72,-9.19,422.43,313.67,108.75,286.48,,1412.37,-26.93,2.21,2.103683,4066.44,1838.06,-185.94,-9.19,1095.27,813.29,281.98,742.79,
2023-11-22,1933.01,2092.46,1928.41,2063.21,466120.51,6.74,1991.46,1959.34,1932.63,True,45.31,29.25,14.35,,,,,,,,,SMALL HL confirmed @ 1904.00,1412.37,-31.55,2.06,0.81136,1674.01,814.55,105.64,14.9,528.07,334.8,193.27,286.48,,1412.37,-31.55,2.06,2.103683,4340.34,2111.96,273.9,14.9,1369.16,868.07,501.1,742.79,
2023-11-23,2063.22,2088.94,2040.35,2062.2,250960.7,-0.05,2002.34,1969.14,1942.23,True,44.52,28.04,13.76,,,,,,,,,,1412.37,-31.51,2.06,0.81136,1673.19,813.73,-0.82,-0.1,527.25,334.64,192.61,286.48,,1412.37,-31.51,2.06,2.103683,4338.21,2109.83,-2.12,-0.1,1367.04,867.64,499.4,742.79,
2023-11-24,2062.21,2133.02,2059.37,2080.84,426932.54,0.9,2014.42,1979.77,1952.5,True,44.19,30.05,12.89,,,,,2133.02,,LH,,,1412.37,-32.13,2.04,0.81136,1688.31,828.86,15.12,1.86,542.37,337.66,204.71,286.48,,1412.37,-32.13,2.04,2.103683,4377.43,2149.05,39.21,1.86,1406.25,875.49,530.77,742.79,
2023-11-25,2080.84,2090.54,2065.3,2083.09,138847.39,0.11,2024.99,1989.61,1962.17,True,43.89,29.37,12.59,,,,,,,,,,1412.37,-32.2,2.03,0.81136,1690.14,830.68,1.83,0.22,544.2,338.03,206.17,286.48,,1412.37,-32.2,2.03,2.103683,4382.16,2153.78,4.73,0.22,1410.99,876.43,534.55,742.79,
2023-11-26,2083.1,2094.99,2036.42,2062.33,241262.91,-1.0,2030.73,1996.54,1969.59,True,42.98,27.78,14.58,,,,,,,,,,1412.37,-31.52,2.06,0.81136,1673.29,813.84,-16.84,-2.03,527.35,334.66,192.69,286.48,,1412.37,-31.52,2.06,2.103683,4338.49,2110.11,-43.67,-2.03,1367.31,867.7,499.62,742.79,
2023-11-27,2062.34,2071.24,1985.78,2027.5,326073.23,-1.69,2030.23,1999.49,1973.88,True,41.15,25.61,18.07,,,,,,1985.78,HL,,,1412.37,-30.34,2.09,0.81136,1645.03,785.58,-28.26,-3.47,499.09,329.01,170.09,286.48,,1412.37,-30.34,2.09,2.103683,4265.22,2036.84,-73.27,-3.47,1294.04,853.04,441.0,742.79,
2023-11-28,2027.5,2075.0,1995.15,2048.14,283775.93,1.02,2032.99,2004.12,1979.38,True,39.49,24.08,16.75,,,,,,,,,,1412.37,-31.04,2.07,0.81136,1661.78,802.32,16.75,2.13,515.84,332.36,183.48,286.48,,1412.37,-31.04,2.07,2.103683,4308.64,2080.26,43.42,2.13,1337.46,861.73,475.74,742.79,
2023-11-29,2048.14,2075.7,2019.31,2028.81,254843.73,-0.94,2032.35,2006.47,1983.04,True,37.96,22.88,15.87,,,,,,,,,SMALL LH confirmed @ 2133.02,1412.37,-30.38,2.09,0.81136,1646.1,786.64,-15.68,-1.95,500.16,329.22,170.94,286.48,,1412.37,-30.38,2.09,2.103683,4267.97,2039.59,-40.66,-1.95,1296.8,853.59,443.2,742.79,
2023-11-30,2028.8,2054.75,2020.85,2051.96,243680.09,1.14,2035.36,2010.81,1988.15,True,36.54,22.13,15.35,,,,,,,,,,1412.37,-31.17,2.07,0.81136,1664.88,805.42,18.78,2.39,518.94,332.98,185.96,286.48,,1412.37,-31.17,2.07,2.103683,4316.67,2088.29,48.7,2.39,1345.5,863.33,482.16,742.79,
2023-12-01,2051.95,2110.87,2045.04,2087.24,372645.59,1.72,2043.34,2018.08,1995.49,True,36.01,26.19,14.36,,,,,,,,,BIG LL confirmed @ 1521.00,1412.37,-32.33,2.03,0.81136,1693.5,834.05,28.62,3.55,547.56,338.7,208.86,286.48,,1412.37,-32.33,2.03,2.103683,4390.89,2162.51,74.22,3.55,1419.72,878.18,541.54,742.79,
2023-12-02,2087.24,2186.6,2086.25,2164.74,320979.98,3.71,2062.02,2032.05,2008.03,True,36.36,30.91,12.99,,,,,,,,BULL_BOS,SMALL HL confirmed @ 1985.78 | SMALL BULL BOS @ 2164.74 (level 2133.02),1412.37,-34.76,1.96,0.81136,1756.38,896.93,62.88,7.54,610.44,351.28,259.17,286.48,,1412.37,-34.76,1.96,2.103683,4553.93,2325.55,163.04,7.54,1582.75,910.79,671.97,742.79,
2023-12-03,2164.75,2217.27,2149.0,2192.95,257879.11,1.3,2082.16,2047.38,2021.72,True,36.96,31.82,12.14,,,,,,,,,,1412.37,-35.6,1.93,0.81136,1779.27,919.82,22.89,2.55,633.33,355.85,277.48,286.48,,1412.37,-35.6,1.93,2.103683,4613.27,2384.89,59.34,2.55,1642.1,922.65,719.44,742.79,
2023-12-04,2192.96,2274.28,2191.0,2243.37,565307.71,2.3,2106.96,2066.04,2038.14,True,37.98,34.73,11.17,,,,,,,,,,1412.37,-37.04,1.89,0.81136,1820.18,960.73,40.91,4.45,674.24,364.04,310.21,286.48,,1412.37,-37.04,1.89,2.103683,4719.34,2490.96,106.07,4.45,1748.16,943.87,804.3,742.79,
2023-12-05,2243.36,2309.72,2188.33,2293.33,529829.72,2.23,2135.64,2087.69,2057.04,True,39.19,34.12,9.94,,,,,,,,,,1412.37,-38.41,1.86,0.81136,1860.72,1001.26,40.54,4.22,714.78,372.14,342.63,286.48,,1412.37,-38.41,1.86,2.103683,4824.44,2596.06,105.1,4.22,1853.26,964.89,888.38,742.79,
2023-12-06,2293.33,2312.23,2220.0,2232.7,408338.91,-2.64,2150.57,2101.5,2070.06,True,40.33,31.51,9.11,,,,,,,,,,1412.37,-36.74,1.9,0.81136,1811.52,952.07,-49.19,-4.91,665.58,362.3,303.28,286.48,,1412.37,-36.74,1.9,2.103683,4696.89,2468.51,-127.55,-4.91,1725.72,939.38,786.34,742.79,
2023-12-07,2232.7,2382.8,2222.0,2355.73,485190.06,5.51,2182.13,2125.71,2091.22,True,41.85,33.18,7.88,,,,,,,,,,1412.37,-40.05,1.82,0.81136,1911.35,1051.89,99.82,10.48,765.41,382.27,383.14,286.48,,1412.37,-40.05,1.82,2.103683,4955.71,2727.33,258.82,10.48,1984.53,991.14,993.39,742.79,
2023-12-08,2355.74,2392.0,2336.34,2358.72,378569.81,0.13,2209.3,2147.9,2111.03,True,43.31,32.38,7.51,,,,,,,,,,1412.37,-40.12,1.82,0.81136,1913.77,1054.32,2.43,0.23,767.83,382.75,385.08,286.48,,1412.37,-40.12,1.82,2.103683,4962.0,2733.62,6.29,0.23,1990.82,992.4,998.42,742.79,
2023-12-09,2358.71,2403.0,2328.01,2340.49,287771.07,-0.77,2229.48,2166.24,2128.03,True,44.74,31.23,7.02,,,,,2403.0,,HH,,,1412.37,-39.66,1.83,0.81136,1898.98,1039.53,-14.79,-1.4,753.04,379.8,373.25,286.48,,1412.37,-39.66,1.83,2.103683,4923.65,2695.27,-38.35,-1.4,1952.47,984.73,967.74,742.79,
2023-12-10,2340.48,2377.47,2320.0,2352.39,200037.21,0.51,2248.39,2183.97,2144.65,True,45.84,29.64,7.37,,,,,,,,,,1412.37,-39.96,1.82,0.81136,1908.64,1049.18,9.66,0.93,762.7,381.73,380.97,286.48,,1412.37,-39.96,1.82,2.103683,4948.68,2720.3,25.03,0.93,1977.51,989.74,987.77,742.79,
2023-12-11,2352.39,2355.0,2156.62,2225.12,640414.92,-5.41,2244.81,2187.89,2150.61,True,43.48,24.93,19.29,,,,,,,,,,1412.37,-36.53,1.91,0.81136,1805.37,945.92,-103.26,-9.84,659.43,361.07,298.36,286.48,,1412.37,-36.53,1.91,2.103683,4680.95,2452.57,-267.74,-9.84,1709.77,936.19,773.58,742.79,
2023-12-12,2225.11,2244.12,2166.0,2203.46,361588.91,-0.97,2238.45,2189.37,2154.52,True,41.28,23.36,18.08,,,,,,,,,,1412.37,-35.9,1.93,0.81136,1787.8,928.35,-17.57,-1.86,641.86,357.56,284.3,286.48,,1412.37,-35.9,1.93,2.103683,4635.38,2407.0,-45.57,-1.86,1664.21,927.08,737.13,742.79,
2023-12-13,2203.47,2284.02,2144.32,2260.16,418916.62,2.57,2241.79,2196.12,2162.35,True,39.73,23.92,16.11,,,,,,,,,,1412.37,-37.51,1.88,0.81136,1833.8,974.35,46.0,4.96,687.86,366.76,321.1,286.48,,1412.37,-37.51,1.88,2.103683,4754.66,2526.28,119.28,4.96,1783.49,950.93,832.55,742.79,
2023-12-14,2260.16,2332.11,2228.2,2315.32,409508.09,2.44,2253.1,2207.47,2173.68,True,38.81,25.71,14.83,,,,,,,,,SMALL HH confirmed @ 2403.00,1412.37,-39.0,1.84,0.81136,1878.56,1019.1,44.75,4.59,732.62,375.71,356.91,286.48,,1412.37,-39.0,1.84,2.103683,4870.7,2642.32,116.04,4.59,1899.52,974.14,925.38,742.79,
2023-12-15,2315.32,2317.81,2200.0,2220.5,333552.63,-4.1,2248.09,2208.71,2177.15,True,37.46,23.42,15.64,,,,,,,,,,1412.37,-36.39,1.91,0.81136,1801.63,942.17,-76.93,-7.55,655.69,360.33,295.36,286.48,,1412.37,-36.39,1.91,2.103683,4671.23,2442.85,-199.47,-7.55,1700.05,934.25,765.81,742.79,
2023-12-16,2220.51,2263.4,2210.0,2228.96,199285.92,0.38,2245.14,2210.64,2180.99,True,36.21,22.45,14.99,,,,,,,,,,1412.37,-36.64,1.91,0.81136,1808.49,949.03,6.86,0.73,662.55,361.7,300.85,286.48,,1412.37,-36.64,1.91,2.103683,4689.02,2460.64,17.8,0.73,1717.85,937.8,780.05,742.79,
2023-12-17,2228.96,2248.68,2191.5,2196.52,225925.77,-1.46,2237.66,2209.29,2182.14,True,34.7,21.42,15.78,,,,,,,,,,1412.37,-35.7,1.93,0.81136,1782.17,922.71,-26.32,-2.77,636.23,356.43,279.8,286.48,,1412.37,-35.7,1.93,2.103683,4620.78,2392.4,-68.24,-2.77,1649.61,924.16,725.45,742.79,
2023-12-18,2196.53,2224.0,2116.6,2219.43,364103.12,1.04,2234.86,2210.26,2184.9,True,32.36,19.6,20.35,,,,,,2116.6,HL,,,1412.37,-36.36,1.91,0.81136,1800.76,941.3,18.59,2.01,654.82,360.15,294.67,286.48,,1412.37,-36.36,1.91,2.103683,4668.98,2440.6,48.2,2.01,1697.8,933.8,764.01,742.79,
2023-12-19,2219.44,2255.0,2135.55,2177.91,383551.4,-1.87,2226.1,2207.18,2184.38,True,30.36,20.19,18.48,,,,,,,,,,1412.37,-35.15,1.95,0.81136,1767.07,907.62,-33.69,-3.58,621.13,353.41,267.72,286.48,,1412.37,-35.15,1.95,2.103683,4581.63,2353.25,-87.34,-3.58,1610.46,916.33,694.13,742.79,
2023-12-20,2177.9,2266.0,2156.0,2202.17,416841.63,1.11,2222.42,2206.7,2185.7,True,28.67,19.34,16.93,,,,,,,,,,1412.37,-35.86,1.93,0.81136,1786.75,927.3,19.68,2.17,640.81,357.35,283.46,286.48,,1412.37,-35.86,1.93,2.103683,4632.67,2404.29,51.04,2.17,1661.49,926.53,734.96,742.79,
2023-12-21,2202.17,2279.31,2182.98,2239.61,453069.73,1.7,2225.06,2209.84,2189.69,True,27.29,18.93,15.69,,,,,,,,,,1412.37,-36.94,1.9,0.81136,1817.13,957.68,30.38,3.28,671.19,363.43,307.77,286.48,,1412.37,-36.94,1.9,2.103683,4711.43,2483.05,78.76,3.28,1740.25,942.29,797.97,742.79,
2023-12-22,2239.6,2343.15,2230.59,2324.54,591357.49,3.79,2240.37,2220.76,2199.68,True,26.86,22.12,14.37,,,,,,,,,,1412.37,-39.24,1.84,0.81136,1886.04,1026.58,68.91,7.2,740.1,377.21,362.89,286.48,,1412.37,-39.24,1.84,2.103683,4890.09,2661.71,178.67,7.2,1918.92,978.02,940.9,742.79,
2023-12-23,2324.54,2330.65,2265.0,2308.2,255626.94,-0.7,2250.8,2229.09,2207.72,True,26.46,21.01,13.65,,,,,,,,,SMALL HL confirmed @ 2116.60,1412.37,-38.81,1.85,0.81136,1872.78,1013.33,-13.26,-1.29,726.84,374.56,352.29,286.48,,1412.37,-38.81,1.85,2.103683,4855.72,2627.34,-34.37,-1.29,1884.55,971.14,913.4,742.79,
2023-12-24,2308.2,2326.19,2245.0,2264.05,307951.08,-1.91,2252.84,2232.42,2211.89,True,25.69,19.69,14.34,,,,,,,,,,1412.37,-37.62,1.88,0.81136,1836.96,977.51,-35.82,-3.54,691.02,367.39,323.63,286.48,,1412.37,-37.62,1.88,2.103683,4762.84,2534.46,-92.88,-3.54,1791.67,952.57,839.1,742.79,
2023-12-25,2264.04,2304.8,2253.1,2271.35,286277.16,0.32,2255.69,2236.12,2216.3,True,24.98,18.87,13.74,,,,,,,,,,1412.37,-37.82,1.87,0.81136,1842.88,983.43,5.92,0.61,696.94,368.58,328.37,286.48,,1412.37,-37.82,1.87,2.103683,4778.2,2549.82,15.36,0.61,1807.03,955.64,851.39,742.79,
2023-12-26,2271.36,2274.99,2178.45,2230.88,410413.16,-1.78,2251.87,2235.63,2217.38,True,23.43,17.43,18.62,,,,,,,,,,1412.37,-36.69,1.9,0.81136,1810.05,950.59,-32.84,-3.34,664.11,362.01,302.1,286.48,,1412.37,-36.69,1.9,2.103683,4693.06,2464.68,-85.14,-3.34,1721.89,938.61,783.28,742.79,
2023-12-27,2230.88,2392.44,2211.88,2378.35,541537.36,6.61,2271.33,2249.22,2229.3,True,23.13,23.8,16.13,,,,,,,,,,1412.37,-40.62,1.8,0.81136,1929.7,1070.24,119.65,12.59,783.76,385.94,397.82,286.48,,1412.37,-40.62,1.8,2.103683,5003.29,2774.91,310.23,12.59,2032.12,1000.66,1031.46,742.79,
2023-12-28,2378.35,2445.8,2335.0,2344.15,580459.98,-1.44,2282.53,2258.26,2237.81,True,23.4,25.77,14.82,,,,,2445.8,,HH,,,1412.37,-39.75,1.82,0.81136,1901.95,1042.5,-27.75,-2.59,756.01,380.39,375.62,286.48,,1412.37,-39.75,1.82,2.103683,4931.35,2702.97,-71.95,-2.59,1960.17,986.27,973.9,742.79,
2023-12-29,2344.15,2385.41,2255.34,2299.2,450201.21,-1.92,2285.1,2262.16,2242.36,True,22.44,23.38,19.14,,,,,,,,,,1412.37,-38.57,1.85,0.81136,1865.48,1006.02,-36.47,-3.5,719.54,373.1,346.44,286.48,,1412.37,-38.57,1.85,2.103683,4836.79,2608.41,-94.56,-3.5,1865.61,967.36,898.26,742.79,
2023-12-30,2299.2,2322.84,2268.0,2291.68,210539.13,-0.33,2286.11,2264.97,2246.01,True,21.55,22.43,18.36,,,,,,,,,,1412.37,-38.37,1.86,0.81136,1859.38,999.92,-6.1,-0.61,713.44,371.88,341.56,286.48,,1412.37,-38.37,1.86,2.103683,4820.97,2592.59,-15.82,-0.61,1849.79,964.19,885.6,742.79,
2023-12-31,2291.68,2321.34,2258.88,2281.87,222175.88,-0.43,2285.46,2266.58,2248.67,True,20.59,21.36,18.19,,,,,,,,,,1412.37,-38.1,1.87,0.81136,1851.42,991.96,-7.96,-0.8,705.48,370.28,335.2,286.48,,1412.37,-38.1,1.87,2.103683,4800.33,2571.95,-20.64,-0.8,1829.16,960.07,869.09,742.79,
2024-01-01,2281.87,2352.37,2265.24,2352.04,216702.69,3.08,2295.7,2274.72,2256.32,True,20.09,22.31,16.98,,,,,,,,,,1412.37,-39.95,1.82,0.81136,1908.35,1048.9,56.93,5.74,762.41,381.67,380.74,286.48,,1412.37,-39.95,1.82,2.103683,4947.95,2719.57,147.62,5.74,1976.77,989.59,987.18,742.79,
2024-01-02,2352.05,2431.3,2341.0,2355.34,458041.66,0.14,2304.88,2282.4,2263.66,True,20.5,26.81,15.8,,,,,,,,,SMALL HH confirmed @ 2445.80,1412.37,-40.04,1.82,0.81136,1911.03,1051.57,2.68,0.26,765.09,382.21,382.88,286.48,,1412.37,-40.04,1.82,2.103683,4954.89,2726.51,6.94,0.26,1983.71,990.98,992.74,742.79,
2024-01-03,2355.35,2385.45,2100.0,2209.72,798729.49,-6.18,2290.24,2275.48,2259.66,True,20.04,21.7,28.87,,,,,,,,,,1412.37,-36.08,1.92,0.81136,1792.88,933.42,-118.15,-11.24,646.94,358.58,288.36,286.48,,1412.37,-36.08,1.92,2.103683,4648.55,2420.17,-306.34,-11.24,1677.38,929.71,747.67,742.79,
2024-01-04,2209.72,2294.69,2201.91,2267.11,448844.06,2.6,2286.68,2274.68,2260.21,True,19.62,20.35,27.06,,,,,,,,,,1412.37,-37.7,1.88,0.81136,1839.44,979.99,46.56,4.99,693.5,367.89,325.62,286.48,,1412.37,-37.7,1.88,2.103683,4769.28,2540.9,120.73,4.99,1798.11,953.86,844.25,742.79,
2024-01-05,2267.11,2277.21,2206.17,2268.78,405568.0,0.07,2283.93,2274.12,2260.85,True,19.23,19.35,25.74,,,,,,,,,,1412.37,-37.75,1.88,0.81136,1840.8,981.34,1.35,0.14,694.86,368.16,326.7,286.48,,1412.37,-37.75,1.88,2.103683,4772.79,2544.41,3.51,0.14,1801.62,954.56,847.06,742.79,
2024-01-06,2268.78,2270.0,2216.4,2240.78,194067.87,-1.23,2277.29,2270.94,2259.36,True,18.87,18.61,24.75,,,,,,,,,,1412.37,-36.97,1.9,0.81136,1818.08,958.63,-22.72,-2.31,672.14,363.62,308.52,286.48,,1412.37,-36.97,1.9,2.103683,4713.89,2485.51,-58.9,-2.31,1742.72,942.78,799.94,742.79,
2024-01-07,2240.77,2258.01,2203.46,2221.42,207138.69,-0.86,2268.69,2266.23,2256.55,True,18.67,17.86,24.71,,,,,,,,,,1412.37,-36.42,1.91,0.81136,1802.37,942.92,-15.71,-1.64,656.43,360.47,295.96,286.48,,1412.37,-36.42,1.91,2.103683,4673.16,2444.78,-40.73,-1.64,1701.99,934.63,767.36,742.79,
2024-01-08,2221.42,2358.2,2166.38,2330.44,539407.55,4.91,2278.19,2272.34,2262.02,True,17.5,22.41,21.44,,,,,,2166.38,HL,,,1412.37,-39.39,1.83,0.81136,1890.83,1031.37,88.45,9.38,744.89,378.17,366.72,286.48,,1412.37,-39.39,1.83,2.103683,4902.51,2674.13,229.34,9.38,1931.33,980.5,950.83,742.79,
2024-01-09,2330.43,2371.72,2226.78,2344.29,551454.99,0.59,2288.36,2279.19,2268.12,True,16.56,21.14,19.36,,,,,,,,,,1412.37,-39.75,1.82,0.81136,1902.06,1042.61,11.24,1.09,756.12,380.41,375.71,286.48,,1412.37,-39.75,1.82,2.103683,4931.64,2703.26,29.14,1.09,1960.47,986.33,974.14,742.79,
2024-01-10,2344.3,2643.1,2339.59,2584.38,1038388.67,10.24,2333.9,2308.26,2291.55,True,17.92,33.41,15.88,,,,,,,,BULL_BOS,SMALL BULL BOS @ 2584.38 (level 2445.80),1412.37,-45.35,1.69,0.81136,2096.86,1237.41,194.8,18.68,950.92,419.37,531.55,286.48,,1412.37,-45.35,1.69,2.103683,5436.72,3208.33,505.07,18.68,2465.54,1087.34,1378.2,742.79,
2024-01-11,2584.37,2689.39,2566.01,2618.01,838712.26,1.3,2377.61,2337.76,2315.73,True,19.44,33.71,14.72,,,,,,,,,,1412.37,-46.05,1.68,0.81136,2124.15,1264.69,27.29,2.21,978.21,424.83,553.38,286.48,,1412.37,-46.05,1.68,2.103683,5507.46,3279.08,70.75,2.21,2536.29,1101.49,1434.8,742.79,
2024-01-12,2618.01,2717.32,2458.0,2522.54,887457.76,-3.65,2399.91,2355.36,2331.05,True,19.62,28.93,18.54,,,,,2717.32,,HH,,,1412.37,-44.01,1.72,0.81136,2046.69,1187.23,-77.46,-6.12,900.75,409.34,491.41,286.48,,1412.37,-44.01,1.72,2.103683,5306.62,3078.24,-200.84,-6.12,2335.45,1061.32,1274.12,742.79,
2024-01-13,2522.55,2590.0,2497.5,2578.19,422061.23,2.21,2427.34,2376.58,2349.35,True,19.78,27.44,17.58,,,,,,,,,SMALL HL confirmed @ 2166.38,1412.37,-45.22,1.7,0.81136,2091.84,1232.39,45.15,3.8,945.9,418.37,527.53,286.48,,1412.37,-45.22,1.7,2.103683,5423.69,3195.31,117.07,3.8,2452.52,1084.74,1367.78,742.79,
2024-01-14,2578.18,2578.69,2470.0,2472.87,306207.75,-4.09,2434.34,2385.75,2358.5,True,19.62,25.76,18.05,,,,,,,,,,1412.37,-42.89,1.75,0.81136,2006.39,1146.93,-85.45,-6.93,860.45,401.28,459.17,286.48,,1412.37,-42.89,1.75,2.103683,5202.13,2973.75,-221.56,-6.93,2230.96,1040.43,1190.53,742.79,
2024-01-15,2472.87,2553.82,2470.92,2511.78,315247.88,1.57,2446.25,2397.75,2369.86,True,19.48,24.52,17.19,,,,,,,,,,1412.37,-43.77,1.73,0.81136,2037.96,1178.5,31.57,2.75,892.02,407.59,484.43,286.48,,1412.37,-43.77,1.73,2.103683,5283.99,3055.61,81.85,2.75,2312.81,1056.8,1256.02,742.79,
2024-01-16,2511.79,2614.43,2500.05,2587.4,381077.62,3.01,2467.97,2415.81,2385.97,True,19.83,26.42,16.04,,,,,,,,,,1412.37,-45.41,1.69,0.81136,2099.31,1239.86,61.36,5.21,953.37,419.86,533.51,286.48,,1412.37,-45.41,1.69,2.103683,5443.07,3214.69,159.08,5.21,2471.89,1088.61,1383.28,742.79,
2024-01-17,2587.41,2592.97,2506.75,2530.19,366281.35,-2.21,2477.54,2426.71,2396.65,True,20.16,25.06,15.22,,,,,,,,,SMALL HH confirmed @ 2717.32,1412.37,-44.18,1.72,0.81136,2052.9,1193.44,-46.42,-3.74,906.96,410.58,496.38,286.48,,1412.37,-44.18,1.72,2.103683,5322.72,3094.34,-120.35,-3.74,2351.54,1064.54,1287.0,742.79,
2024-01-18,2530.2,2550.0,2428.56,2470.81,452090.11,-2.35,2476.51,2430.91,2402.15,True,19.48,23.25,18.77,,,,,,,,,,1412.37,-42.84,1.75,0.81136,2004.72,1145.26,-48.18,-4.04,858.78,400.94,457.83,286.48,,1412.37,-42.84,1.75,2.103683,5197.8,2969.42,-124.92,-4.04,2226.63,1039.56,1187.07,742.79,
2024-01-19,2470.81,2504.2,2415.2,2492.0,424209.0,0.86,2478.89,2436.73,2408.8,True,18.7,22.0,18.56,,,,,,,,,,1412.37,-43.32,1.74,0.81136,2021.91,1162.46,17.19,1.5,875.97,404.38,471.59,286.48,,1412.37,-43.32,1.74,2.103683,5242.38,3014.0,44.58,1.5,2271.2,1048.48,1222.73,742.79,
2024-01-20,2491.99,2492.0,2454.2,2472.01,136620.96,-0.8,2477.83,2440.09,2413.49,True,17.96,21.47,18.12,,,,,,,,,,1412.37,-42.87,1.75,0.81136,2005.69,1146.24,-16.22,-1.4,859.75,401.14,458.61,286.48,,1412.37,-42.87,1.75,2.103683,5200.32,2971.94,-42.05,-1.4,2229.15,1040.06,1189.09,742.79,
2024-01-21,2472.02,2482.18,2452.13,2457.05,122572.17,-0.61,2474.63,2441.7,2416.71,True,17.26,21.04,17.89,,,,,,,,,,1412.37,-42.52,1.76,0.81136,1993.55,1134.1,-12.14,-1.06,847.61,398.71,448.9,286.48,,1412.37,-42.52,1.76,2.103683,5168.85,2940.47,-31.47,-1.06,2197.68,1033.77,1163.91,742.79,
2024-01-22,2457.06,2466.1,2303.59,2314.2,526337.65,-5.81,2449.95,2429.56,2409.12,True,17.12,18.83,25.62,,,,,,,,,,1412.37,-38.97,1.84,0.81136,1877.65,1018.2,-115.9,-10.22,731.71,375.53,356.18,286.48,,1412.37,-38.97,1.84,2.103683,4868.34,2639.96,-300.51,-10.22,1897.17,973.67,923.5,742.79,
2024-01-23,2314.19,2352.23,2168.07,2242.6,700105.33,-3.09,2418.05,2411.75,2396.78,True,18.05,16.69,31.07,,,,,,,,,,1412.37,-37.02,1.9,0.81136,1819.56,960.1,-58.09,-5.71,673.62,363.91,309.71,286.48,,1412.37,-37.02,1.9,2.103683,4717.72,2489.34,-150.62,-5.71,1746.54,943.54,803.0,742.79,
2024-01-24,2242.6,2264.6,2196.12,2235.02,359851.15,-0.34,2389.89,2394.92,2384.8,True,18.91,15.96,29.72,,,,,,,,,,1412.37,-36.81,1.9,0.81136,1813.41,953.95,-6.15,-0.64,667.47,362.68,304.79,286.48,,1412.37,-36.81,1.9,2.103683,4701.77,2473.39,-15.95,-0.64,1730.6,940.35,790.24,742.79,
2024-01-25,2235.02,2242.89,2171.3,2218.64,330426.61,-0.73,2363.55,2378.13,2372.49,False,19.89,15.22,29.95,,,,,,2171.3,HL,,,1412.37,-36.34,1.91,0.81136,1800.12,940.66,-13.29,-1.39,654.18,360.02,294.15,286.48,,1412.37,-36.34,1.91,2.103683,4667.31,2438.93,-34.46,-1.39,1696.14,933.46,762.68,742.79,
2024-01-26,2218.64,2282.36,2195.84,2267.68,363566.43,2.21,2348.8,2367.61,2364.73,False,20.25,16.96,28.23,,,,,,,,,,1412.37,-37.72,1.88,0.81136,1839.91,980.45,39.79,4.23,693.97,367.98,325.99,286.48,,1412.37,-37.72,1.88,2.103683,4770.48,2542.1,103.16,4.23,1799.3,954.1,845.21,742.79,
2024-01-27,2267.67,2282.94,2251.4,2267.94,145109.38,0.01,2336.36,2358.12,2357.56,False,20.58,16.63,27.61,,,,,,,,,,1412.37,-37.72,1.88,0.81136,1840.12,980.66,0.21,0.02,694.18,368.02,326.15,286.48,,1412.37,-37.72,1.88,2.103683,4771.03,2542.65,0.55,0.02,1799.85,954.21,845.65,742.79,
2024-01-28,2267.94,2308.24,2239.89,2256.9,209326.91,-0.49,2324.13,2348.48,2350.1,False,20.51,17.62,26.26,,,,,,,,,,1412.37,-37.42,1.88,0.81136,1831.16,971.7,-8.96,-0.91,685.22,366.23,318.99,286.48,,1412.37,-37.42,1.88,2.103683,4747.8,2519.42,-23.22,-0.91,1776.63,949.56,827.07,742.79,
2024-01-29,2256.9,2322.34,2233.8,2317.6,305528.08,2.69,2323.13,2345.54,2347.7,False,20.25,17.51,24.59,,,,,,,,,,1412.37,-39.06,1.84,0.81136,1880.41,1020.95,49.25,5.07,734.47,376.08,358.39,286.48,,1412.37,-39.06,1.84,2.103683,4875.49,2647.11,127.69,5.07,1904.32,975.1,929.22,742.79,
2024-01-30,2317.61,2391.98,2297.0,2343.01,372879.58,1.1,2326.19,2345.3,2347.35,False,19.05,21.35,22.9,,,,,2391.98,,LH,,SMALL HL confirmed @ 2171.30,1412.37,-39.72,1.83,0.81136,1901.02,1041.57,20.62,2.02,755.09,380.2,374.88,286.48,,1412.37,-39.72,1.83,2.103683,4928.95,2700.57,53.45,2.02,1957.78,985.79,971.99,742.79,
2024-01-31,2343.0,2351.6,2263.57,2283.14,397116.19,-2.56,2319.56,2339.38,2342.59,False,18.32,19.98,23.87,,,,,,,,,,1412.37,-38.14,1.87,0.81136,1852.45,992.99,-48.58,-4.66,706.51,370.49,336.02,286.48,,1412.37,-38.14,1.87,2.103683,4803.0,2574.62,-125.95,-4.66,1831.83,960.6,871.23,742.79,
2024-02-01,2283.15,2311.72,2240.0,2304.28,310997.45,0.93,2317.21,2336.04,2339.75,False,17.91,18.91,24.34,,,,,,2240.0,HL,,,1412.37,-38.71,1.85,0.81136,1869.6,1010.15,17.15,1.73,723.66,373.92,349.74,286.48,,1412.37,-38.71,1.85,2.103683,4847.47,2619.09,44.47,1.73,1876.3,969.49,906.81,742.79,
2024-02-02,2304.28,2324.74,2281.94,2309.06,238230.51,0.21,2315.96,2333.47,2337.48,False,17.34,19.29,23.54,,,,,,,,,,1412.37,-38.83,1.85,0.81136,1873.48,1014.02,3.88,0.38,727.54,374.7,352.84,286.48,,1412.37,-38.83,1.85,2.103683,4857.53,2629.15,10.06,0.38,1886.36,971.51,914.85,742.79,
2024-02-03,2309.07,2329.98,2292.75,2296.49,133232.84,-0.54,2312.96,2329.95,2334.44,False,16.73,19.14,22.83,,,,,,,,,,1412.37,-38.5,1.86,0.81136,1863.28,1003.83,-10.2,-1.01,717.34,372.66,344.69,286.48,,1412.37,-38.5,1.86,2.103683,4831.09,2602.71,-26.44,-1.01,1859.91,966.22,893.69,742.79,
2024-02-04,2296.5,2311.0,2266.0,2289.79,171232.04,-0.29,2309.4,2326.12,2331.14,False,16.51,18.42,24.21,,,,,,,,,SMALL LH confirmed @ 2391.98,1412.37,-38.32,1.86,0.81136,1857.84,998.39,-5.44,-0.54,711.91,371.57,340.34,286.48,,1412.37,-38.32,1.86,2.103683,4816.99,2588.61,-14.09,-0.54,1845.82,963.4,882.42,742.79,
2024-02-05,2289.79,2338.41,2269.11,2301.83,236610.41,0.53,2308.23,2323.81,2328.97,False,15.85,19.66,22.79,,,,,,,,,,1412.37,-38.64,1.85,0.81136,1867.61,1008.16,9.77,0.98,721.67,373.52,348.15,286.48,,1412.37,-38.64,1.85,2.103683,4842.32,2613.94,25.33,0.98,1871.15,968.46,902.68,742.79,
2024-02-06,2301.84,2392.4,2299.0,2372.64,368942.75,3.08,2318.14,2328.46,2332.2,False,14.99,22.66,20.99,,,,,,,,,SMALL HL confirmed @ 2240.00,1412.37,-40.47,1.81,0.81136,1925.07,1065.61,57.45,5.7,779.13,385.01,394.11,286.48,,1412.37,-40.47,1.81,2.103683,4991.28,2762.9,148.96,5.7,2020.11,998.26,1021.85,742.79,
2024-02-07,2372.63,2444.44,2354.0,2425.1,342791.7,2.21,2334.6,2337.66,2339.08,False,14.87,25.3,19.4,,,,,,,,BULL_BOS,SMALL BULL BOS @ 2425.10 (level 2391.98),1412.37,-41.76,1.78,0.81136,1967.63,1108.18,42.56,3.99,821.69,393.53,428.16,286.48,,1412.37,-41.76,1.78,2.103683,5101.64,2873.26,110.36,3.99,2130.47,1020.33,1110.14,742.79,
2024-02-08,2425.09,2463.15,2411.01,2419.55,338040.05,-0.23,2347.67,2345.46,2345.04,True,14.97,25.78,18.53,,,,,,,,,,1412.37,-41.63,1.78,0.81136,1963.13,1103.67,-4.5,-0.41,817.19,392.63,424.56,286.48,,1412.37,-41.63,1.78,2.103683,5089.97,2861.58,-11.68,-0.41,2118.79,1017.99,1100.8,742.79,
2024-02-09,2419.56,2525.0,2419.16,2486.56,492384.38,2.77,2369.04,2358.9,2355.53,True,15.76,28.7,16.87,,,,,,,,,,1412.37,-43.2,1.74,0.81136,2017.5,1158.04,54.37,4.93,871.56,403.5,468.06,286.48,,1412.37,-43.2,1.74,2.103683,5230.93,3002.55,140.97,4.93,2259.76,1046.19,1213.57,742.79,
2024-02-10,2486.56,2516.45,2471.57,2500.24,185099.59,0.55,2389.22,2372.36,2366.25,True,16.48,27.57,16.21,,,,,,,,,,1412.37,-43.51,1.74,0.81136,2028.6,1169.14,11.1,0.96,882.66,405.72,476.94,286.48,,1412.37,-43.51,1.74,2.103683,5259.71,3031.33,28.78,0.96,2288.54,1051.94,1236.6,742.79,
2024-02-11,2500.24,2539.63,2493.45,2507.21,219975.15,0.28,2407.37,2385.2,2376.69,True,17.41,28.52,15.54,,,,,,,,,,1412.37,-43.67,1.73,0.81136,2034.25,1174.8,5.66,0.48,888.31,406.85,481.46,286.48,,1412.37,-43.67,1.73,2.103683,5274.37,3045.99,14.66,0.48,2303.2,1054.87,1248.33,742.79,
2024-02-12,2507.22,2665.58,2472.0,2659.99,449501.78,6.09,2446.24,2411.37,2397.67,True,19.37,34.3,13.07,,,,,,,,,,1412.37,-46.9,1.66,0.81136,2158.21,1298.76,123.96,10.55,1012.27,431.64,580.63,286.48,,1412.37,-46.9,1.66,2.103683,5595.77,3367.39,321.4,10.55,2624.6,1119.15,1505.45,742.79,
2024-02-13,2659.99,2686.12,2590.0,2639.99,502447.74,-0.75,2476.05,2433.15,2415.62,True,21.33,33.29,12.05,,,,,,,,,,1412.37,-46.5,1.67,0.81136,2141.98,1282.53,-16.23,-1.25,996.04,428.4,567.65,286.48,,1412.37,-46.5,1.67,2.103683,5553.7,3325.32,-42.07,-1.25,2582.53,1110.74,1471.79,742.79,
2024-02-14,2639.99,2786.0,2618.4,2774.81,461670.69,5.11,2522.01,2465.69,2442.23,True,23.77,36.66,10.51,,,,,,,,,,1412.37,-49.1,1.62,0.81136,2251.37,1391.92,109.39,8.53,1105.43,450.27,655.16,286.48,,1412.37,-49.1,1.62,2.103683,5837.32,3608.94,283.62,8.53,2866.15,1167.46,1698.68,742.79,
2024-02-15,2774.8,2867.65,2759.25,2822.59,481689.19,1.72,2568.25,2499.68,2470.4,True,26.42,39.82,9.65,,,,,,,,,,1412.37,-49.96,1.6,0.81136,2290.14,1430.68,38.77,2.79,1144.2,458.03,686.17,286.48,,1412.37,-49.96,1.6,2.103683,5937.83,3709.45,100.51,2.79,2966.66,1187.57,1779.09,742.79,
2024-02-16,2822.58,2857.4,2740.0,2801.8,378070.8,-0.74,2604.18,2528.45,2494.95,True,28.54,36.35,10.24,,,,,,,,,,1412.37,-49.59,1.61,0.81136,2273.27,1413.81,-16.87,-1.18,1127.33,454.65,672.68,286.48,,1412.37,-49.59,1.61,2.103683,5894.1,3665.72,-43.74,-1.18,2922.92,1178.82,1744.1,742.79,
2024-02-17,2801.81,2804.21,2719.01,2785.93,243302.88,-0.57,2632.14,2552.97,2516.51,True,30.12,34.04,11.16,,,,,,,,,,1412.37,-49.3,1.61,0.81136,2260.39,1400.94,-12.88,-0.91,1114.45,452.08,662.37,286.48,,1412.37,-49.3,1.61,2.103683,5860.71,3632.33,-33.39,-0.91,2889.54,1172.14,1717.4,742.79,
2024-02-18,2785.92,2895.0,2764.25,2881.2,367987.88,3.42,2670.46,2584.23,2543.52,True,32.07,37.41,10.09,,,,,,,,,,1412.37,-50.98,1.58,0.81136,2337.69,1478.24,77.3,5.52,1191.75,467.54,724.21,286.48,,1412.37,-50.98,1.58,2.103683,6061.13,3832.75,200.42,5.52,3089.96,1212.23,1877.73,742.79,
2024-02-19,2881.2,2984.52,2856.93,2944.8,446451.04,2.21,2712.67,2618.57,2573.24,True,34.28,40.39,9.18,,,,,,,,,,1412.37,-52.04,1.56,0.81136,2389.29,1529.84,51.6,3.49,1243.35,477.86,765.5,286.48,,1412.37,-52.04,1.56,2.103683,6194.92,3966.54,133.79,3.49,3223.75,1238.98,1984.77,742.79,
2024-02-20,2944.8,3033.09,2874.56,3014.81,634681.75,2.38,2759.15,2656.31,2605.95,True,36.51,39.33,8.18,,,,,,,,,,1412.37,-53.15,1.54,0.81136,2446.1,1586.64,56.8,3.71,1300.16,489.22,810.94,286.48,,1412.37,-53.15,1.54,2.103683,6342.2,4113.82,147.28,3.71,3371.03,1268.44,2102.59,742.79,
2024-02-21,3014.81,3017.15,2868.0,2967.9,595955.0,-1.56,2791.27,2685.98,2632.76,True,38.47,35.43,7.81,,,,,,,,,,1412.37,-52.41,1.55,0.81136,2408.04,1548.58,-38.06,-2.4,1262.1,481.61,780.49,286.48,,1412.37,-52.41,1.55,2.103683,6243.52,4015.14,-98.68,-2.4,3272.35,1248.7,2023.64,742.79,
2024-02-22,2967.91,3036.02,2906.51,2971.4,563525.99,0.12,2818.98,2713.17,2657.85,True,40.36,33.66,7.14,,,,,,,,,,1412.37,-52.47,1.55,0.81136,2410.88,1551.42,2.84,0.18,1264.94,482.18,782.76,286.48,,1412.37,-52.47,1.55,2.103683,6250.88,4022.5,7.36,0.18,3279.71,1250.18,2029.53,742.79,
2024-02-23,2971.4,2993.8,2906.05,2922.24,428826.58,-1.65,2834.86,2733.08,2677.43,True,42.11,31.7,6.76,,,,,,,,,,1412.37,-51.67,1.57,0.81136,2370.99,1511.53,-39.89,-2.57,1225.05,474.2,750.85,286.48,,1412.37,-51.67,1.57,2.103683,6147.47,3919.08,-103.42,-2.57,3176.29,1229.49,1946.8,742.79,
2024-02-24,2922.25,3007.48,2906.4,2992.62,243854.08,2.41,2859.13,2757.8,2700.78,True,43.8,30.48,6.3,,,,,,,,,,1412.37,-52.8,1.55,0.81136,2428.09,1568.64,57.1,3.78,1282.15,485.62,796.53,286.48,,1412.37,-52.8,1.55,2.103683,6295.52,4067.14,148.06,3.78,3324.35,1259.1,2065.24,742.79,
2024-02-25,2992.62,3122.0,2983.61,3112.59,412306.22,4.01,2898.13,2791.59,2731.28,True,45.81,35.2,5.73,,,,,,,,,,1412.37,-54.62,1.52,0.81136,2525.43,1665.98,97.34,6.21,1379.49,505.09,874.41,286.48,,1412.37,-54.62,1.52,2.103683,6547.9,4319.52,252.38,6.21,3576.73,1309.58,2267.15,742.79,
2024-02-26,3112.6,3196.0,3036.59,3175.94,546722.77,2.04,2940.87,2828.19,2764.22,True,47.91,36.33,5.15,,,,,,,,,,1412.37,-55.53,1.5,0.81136,2576.83,1717.38,51.4,3.09,1430.89,515.37,915.53,286.48,,1412.37,-55.53,1.5,2.103683,6681.17,4452.79,133.27,3.09,3710.0,1336.23,2373.76,742.79,
2024-02-27,3175.95,3288.14,3160.02,3242.36,625939.12,2.09,2987.25,2867.64,2799.64,True,50.09,39.19,4.74,,,,,,,,,,1412.37,-56.44,1.49,0.81136,2630.72,1771.27,53.89,3.14,1484.78,526.14,958.64,286.48,,1412.37,-56.44,1.49,2.103683,6820.9,4592.52,139.73,3.14,3849.72,1364.18,2485.54,742.79,
2024-02-28,3242.35,3488.0,3176.16,3383.1,947538.77,4.34,3048.15,2916.73,2842.86,True,52.48,43.52,3.92,,,,,,,,,,1412.37,-58.25,1.46,0.81136,2744.91,1885.46,114.19,6.45,1598.97,548.98,1049.99,286.48,,1412.37,-58.25,1.46,2.103683,7116.97,4888.59,296.07,6.45,4145.79,1423.39,2722.4,742.79,
2024-02-29,3383.11,3522.81,3300.0,3340.09,759698.11,-1.27,3093.06,2957.05,2879.69,True,54.74,40.23,3.45,,,,,,,,,,1412.37,-57.71,1.46,0.81136,2710.02,1850.56,-34.9,-1.85,1564.08,542.0,1022.07,286.48,,1412.37,-57.71,1.46,2.103683,7026.49,4798.11,-90.48,-1.85,4055.32,1405.3,2650.02,742.79,
2024-03-01,3340.1,3450.0,3338.54,3433.43,412788.58,2.79,3145.43,3002.42,2920.71,True,56.84,37.82,3.25,,,,,,,,,,1412.37,-58.86,1.45,0.81136,2785.75,1926.29,75.73,4.09,1639.81,557.15,1082.66,286.48,,1412.37,-58.86,1.45,2.103683,7222.85,4994.47,196.36,4.09,4251.67,1444.57,2807.1,742.79,
2024-03-02,3433.42,3460.04,3390.01,3421.4,283984.94,-0.35,3187.89,3042.32,2957.8,True,58.81,36.91,3.12,,,,,,,,,,1412.37,-58.72,1.45,0.81136,2775.99,1916.53,-9.76,-0.51,1630.05,555.2,1074.85,286.48,,1412.37,-58.72,1.45,2.103683,7197.54,4969.16,-25.31,-0.51,4226.37,1439.51,2786.86,742.79,
2024-03-03,3421.39,3491.8,3360.0,3487.81,341631.53,1.94,3234.03,3084.75,2997.06,True,60.69,35.98,2.89,,,,,,,,,,1412.37,-59.51,1.44,0.81136,2829.87,1970.42,53.88,2.81,1683.93,565.97,1117.96,286.48,,1412.37,-59.51,1.44,2.103683,7337.25,5108.86,139.71,2.81,4366.07,1467.45,2898.62,742.79,
2024-03-04,3487.8,3640.94,3423.78,3627.76,715360.64,4.01,3294.6,3136.46,3043.78,True,62.63,39.73,2.56,,,,,,,,,,1412.37,-61.07,1.41,0.81136,2943.42,2083.97,113.55,5.76,1797.48,588.68,1208.8,286.48,,1412.37,-61.07,1.41,2.103683,7631.66,5403.28,294.41,5.76,4660.48,1526.33,3134.15,742.79,
2024-03-05,3627.75,3822.04,3200.0,3553.65,1392904.86,-2.04,3334.46,3176.2,3081.54,True,61.33,29.34,11.29,,,,,,,,,,1412.37,-60.26,1.42,0.81136,2883.29,2023.84,-60.13,-2.89,1737.35,576.66,1160.69,286.48,,1412.37,-60.26,1.42,2.103683,7475.75,5247.37,-155.9,-2.89,4504.58,1495.15,3009.43,742.79,
2024-03-06,3553.66,3900.0,3499.4,3818.59,969494.71,7.46,3408.94,3237.38,3136.14,True,60.44,27.83,9.56,,,,,,,,,,1412.37,-63.01,1.38,0.81136,3098.25,2238.8,214.96,10.62,1952.31,619.65,1332.66,286.48,,1412.37,-63.01,1.38,2.103683,8033.1,5804.72,557.35,10.62,5061.93,1606.62,3455.31,742.79,
2024-03-07,3818.58,3933.81,3735.0,3868.76,540780.68,1.31,3479.68,3297.51,3190.41,True,59.74,27.01,8.84,,,,,,,,,,1412.37,-63.49,1.38,0.81136,3138.96,2279.5,40.71,1.82,1993.02,627.79,1365.23,286.48,,1412.37,-63.49,1.38,2.103683,8138.64,5910.26,105.54,1.82,5167.47,1627.73,3539.74,742.79,
2024-03-08,3868.76,3993.75,3820.0,3883.36,646399.26,0.38,3541.78,3353.3,3241.74,True,59.32,27.51,8.25,,,,,,,,,,1412.37,-63.63,1.38,0.81136,3150.8,2291.35,11.85,0.52,2004.86,630.16,1374.7,286.48,,1412.37,-63.63,1.38,2.103683,8169.36,5940.98,30.71,0.52,5198.18,1633.87,3564.31,742.79,
2024-03-09,3883.37,3942.0,3870.01,3905.21,254839.14,0.56,3597.7,3405.87,3290.88,True,58.93,26.71,8.01,,,,,,,,,,1412.37,-63.83,1.37,0.81136,3168.53,2309.08,17.73,0.77,2022.59,633.71,1388.89,286.48,,1412.37,-63.83,1.37,2.103683,8215.32,5986.94,45.97,0.77,5244.15,1643.06,3601.08,742.79,
2024-03-10,3905.2,3964.67,3791.26,3878.47,356664.68,-0.68,3640.89,3450.88,3334.41,True,57.59,24.85,10.62,,,,,,,,,,1412.37,-63.58,1.38,0.81136,3146.84,2287.38,-21.7,-0.94,2000.9,629.37,1371.53,286.48,,1412.37,-63.58,1.38,2.103683,8159.07,5930.69,-56.25,-0.94,5187.9,1631.81,3556.08,742.79,
2024-03-11,3878.47,4086.23,3722.95,4064.8,721554.51,4.8,3706.11,3509.34,3388.51,True,56.9,26.02,9.17,,,,,,,,,,1412.37,-65.25,1.35,0.81136,3298.02,2438.56,151.18,6.61,2152.08,659.6,1492.47,286.48,,1412.37,-65.25,1.35,2.103683,8551.05,6322.67,391.98,6.61,5579.88,1710.21,3869.67,742.79,
2024-03-12,4064.8,4093.92,3828.98,3979.96,632787.39,-2.09,3748.24,3554.17,3432.32,True,56.28,23.79,8.29,4093.92,,HH,,4093.92,,HH,,,1412.37,-64.51,1.36,0.81136,3229.18,2369.73,-68.84,-2.82,2083.24,645.84,1437.41,286.48,,1412.37,-64.51,1.36,2.103683,8372.57,6144.19,-178.48,-2.82,5401.4,1674.51,3726.88,742.79,
2024-03-13,3979.97,4083.0,3932.23,4004.79,482305.78,0.62,3787.71,3597.08,3474.73,True,55.72,22.47,7.83,,,,,,,,,,1412.37,-64.73,1.36,0.81136,3249.33,2389.87,20.15,0.85,2103.39,649.87,1453.52,286.48,,1412.37,-64.73,1.36,2.103683,8424.81,6196.43,52.23,0.85,5453.63,1684.96,3768.67,742.79,
2024-03-14,4004.79,4010.98,3723.0,3881.7,648237.52,-3.07,3802.17,3624.19,3504.87,True,52.9,20.15,14.5,,,,,,,,,,1412.37,-63.61,1.38,0.81136,3149.46,2290.0,-99.87,-4.18,2003.52,629.89,1373.63,286.48,,1412.37,-63.61,1.38,2.103683,8165.86,5937.48,-258.94,-4.18,5194.69,1633.17,3561.52,742.79,
2024-03-15,3881.69,3934.02,3570.0,3742.19,947537.41,-3.59,3792.94,3635.43,3522.45,True,49.16,17.68,17.88,,,,,,,,,,1412.37,-62.26,1.39,0.81136,3036.26,2176.81,-113.19,-4.94,1890.32,607.25,1283.07,286.48,,1412.37,-62.26,1.39,2.103683,7872.38,5644.0,-293.48,-4.94,4901.21,1574.48,3326.73,742.79,
2024-03-16,3742.19,3781.12,3468.8,3523.09,548288.16,-5.85,3751.43,3624.73,3522.5,True,46.36,15.88,19.36,,,,,,,,,,1412.37,-59.91,1.43,0.81136,2858.49,1999.04,-177.77,-8.17,1712.56,571.7,1140.86,286.48,,1412.37,-59.91,1.43,2.103683,7411.46,5183.08,-460.92,-8.17,4440.29,1482.29,2958.0,742.79,
2024-03-17,3523.09,3678.68,3412.0,3644.71,517790.99,3.45,3735.01,3626.63,3531.55,True,44.1,14.52,19.53,,,,,,,,,SMALL HH confirmed @ 4093.92,1412.37,-61.25,1.41,0.81136,2957.17,2097.72,98.68,4.94,1811.23,591.43,1219.8,286.48,,1412.37,-61.25,1.41,2.103683,7667.31,5438.93,255.85,4.94,4696.14,1533.46,3162.68,742.79,
2024-03-18,3644.7,3645.02,3454.09,3520.46,570901.29,-3.41,3702.0,3616.52,3530.73,True,42.0,13.62,18.32,,,,,,,,,,1412.37,-59.88,1.43,0.81136,2856.36,1996.91,-100.81,-4.81,1710.42,571.27,1139.15,286.48,,1412.37,-59.88,1.43,2.103683,7405.93,5177.55,-261.38,-4.81,4434.76,1481.19,2953.57,742.79,
2024-03-19,3520.47,3548.09,3150.88,3158.64,1049629.69,-10.28,3618.41,3572.91,3503.17,True,41.57,11.96,25.39,,,,,,,,,,1412.37,-55.29,1.5,0.81136,2562.79,1703.34,-293.57,-14.7,1416.86,512.56,904.3,286.48,,1412.37,-55.29,1.5,2.103683,6644.78,4416.4,-761.15,-14.7,3673.6,1328.96,2344.65,742.79,
2024-03-20,3158.65,3535.24,3056.56,3516.53,1207322.82,11.33,3602.73,3567.54,3504.16,True,41.52,10.32,24.61,,,,,,3056.56,HL,,,1412.37,-59.84,1.43,0.81136,2853.17,1993.72,290.38,17.05,1707.23,570.63,1136.6,286.48,,1412.37,-59.84,1.43,2.103683,7397.66,5169.28,752.89,17.05,4426.49,1479.53,2946.96,742.79,
2024-03-21,3516.53,3587.32,3412.0,3492.85,602755.21,-0.67,3585.83,3560.43,3503.32,True,41.04,11.31,23.36,,,,,,,,,,1412.37,-59.56,1.44,0.81136,2833.96,1974.5,-19.21,-0.96,1688.02,566.79,1121.23,286.48,,1412.37,-59.56,1.44,2.103683,7347.85,5119.47,-49.82,-0.96,4376.67,1469.57,2907.1,742.79,
2024-03-22,3492.84,3542.52,3250.0,3336.35,558848.89,-4.48,3547.45,3539.09,3490.95,True,41.19,10.36,26.05,,,,,,,,,,1412.37,-57.67,1.47,0.81136,2706.98,1847.53,-126.98,-6.43,1561.04,541.4,1019.65,286.48,,1412.37,-57.67,1.47,2.103683,7018.62,4790.24,-329.23,-6.43,4047.45,1403.72,2643.72,742.79,
2024-03-23,3336.35,3435.48,3270.08,3329.53,323675.94,-0.2,3513.92,3519.13,3479.0,True,41.32,9.86,24.78,,,,,,,,,,1412.37,-57.58,1.47,0.81136,2701.45,1841.99,-5.53,-0.3,1555.51,540.29,1015.22,286.48,,1412.37,-57.58,1.47,2.103683,7004.27,4775.89,-14.35,-0.3,4033.1,1400.85,2632.25,742.79,
2024-03-24,3329.53,3471.22,3298.76,3454.98,260824.14,3.77,3504.85,3513.02,3477.22,True,41.12,10.42,23.5,,,,,,,,,,1412.37,-59.12,1.44,0.81136,2803.23,1943.78,101.79,5.53,1657.29,560.65,1096.65,286.48,,1412.37,-59.12,1.44,2.103683,7268.18,5039.8,263.91,5.53,4297.01,1453.64,2843.37,742.79,
2024-03-25,3454.99,3666.0,3420.12,3590.42,548577.69,3.92,3518.02,3520.39,3485.6,True,39.39,15.5,21.76,,,,,,,,,SMALL HL confirmed @ 3056.56,1412.37,-60.66,1.42,0.81136,2913.12,2053.67,109.89,5.65,1767.18,582.62,1184.56,286.48,,1412.37,-60.66,1.42,2.103683,7553.1,5324.72,284.92,5.65,4581.93,1510.62,3071.31,742.79,
2024-03-26,3590.43,3678.86,3542.62,3587.33,499013.84,-0.09,3528.68,3526.77,3493.14,True,37.68,15.24,20.84,,,,,3678.86,,LH,,,1412.37,-60.63,1.42,0.81136,2910.62,2051.16,-2.51,-0.12,1764.68,582.12,1182.55,286.48,,1412.37,-60.63,1.42,2.103683,7546.6,5318.22,-6.5,-0.12,4575.43,1509.32,3066.11,742.79,
2024-03-27,3587.32,3665.84,3460.02,3501.19,443195.33,-2.4,3524.45,3524.33,3493.73,True,36.53,14.26,22.08,,,,,,,,,,1412.37,-59.66,1.43,0.81136,2840.73,1981.27,-69.89,-3.41,1694.79,568.15,1126.64,286.48,,1412.37,-59.66,1.43,2.103683,7365.39,5137.01,-181.21,-3.41,4394.22,1473.08,2921.14,742.79,
2024-03-28,3501.2,3611.78,3465.0,3560.49,404654.03,1.69,3530.0,3527.77,3498.68,True,35.46,13.59,21.04,,,,,,,,,,1412.37,-60.33,1.42,0.81136,2888.84,2029.39,48.11,2.43,1742.9,577.77,1165.13,286.48,,1412.37,-60.33,1.42,2.103683,7490.14,5261.76,124.75,2.43,4518.97,1498.03,3020.94,742.79,
2024-03-29,3560.49,3584.37,3445.91,3509.74,323086.18,-1.43,3526.88,3526.06,3499.5,True,34.56,12.97,20.71,,,,,,,,,,1412.37,-59.76,1.43,0.81136,2847.66,1988.21,-41.18,-2.03,1701.72,569.53,1132.19,286.48,,1412.37,-59.76,1.43,2.103683,7383.38,5155.0,-106.76,-2.03,4412.2,1476.68,2935.53,742.79,
2024-03-30,3509.74,3565.81,3485.0,3505.64,216025.26,-0.12,3523.61,3524.11,3499.95,True,33.74,12.61,20.14,,,,,,,,,,1412.37,-59.71,1.43,0.81136,2844.34,1984.88,-3.33,-0.17,1698.4,568.87,1129.53,286.48,,1412.37,-59.71,1.43,2.103683,7374.75,5146.37,-8.63,-0.17,4403.58,1474.95,2928.63,742.79,
2024-03-31,3505.65,3655.32,3505.09,3645.29,243464.99,3.98,3542.33,3535.65,3510.72,True,32.16,15.09,19.07,,,,,,,,,SMALL LH confirmed @ 3678.86,1412.37,-61.25,1.41,0.81136,2957.64,2098.19,113.31,5.71,1811.7,591.53,1220.18,286.48,,1412.37,-61.25,1.41,2.103683,7668.53,5440.15,293.78,5.71,4697.36,1533.71,3163.65,742.79,
2024-04-01,3645.29,3645.95,3413.71,3503.8,408854.12,-3.88,3536.4,3532.62,3510.21,True,31.27,13.87,20.71,,,,,,,,,,1412.37,-59.69,1.43,0.81136,2842.84,1983.39,-114.8,-5.47,1696.9,568.57,1128.34,286.48,,1412.37,-59.69,1.43,2.103683,7370.88,5142.5,-297.65,-5.47,4399.71,1474.18,2925.53,742.79,
2024-04-02,3503.8,3505.6,3212.0,3278.96,623264.65,-6.42,3496.8,3508.46,3493.08,True,31.48,12.5,25.47,,,,,,,,,,1412.37,-56.93,1.48,0.81136,2660.42,1800.96,-182.43,-9.2,1514.48,532.08,982.39,286.48,,1412.37,-56.93,1.48,2.103683,6897.89,4669.51,-472.99,-9.2,3926.72,1379.58,2547.14,742.79,
2024-04-03,3278.96,3367.4,3202.79,3310.83,410484.19,0.97,3468.19,3489.64,3479.58,False,31.71,11.79,24.35,,,,,,3202.79,HL,,,1412.37,-57.34,1.47,0.81136,2686.28,1826.82,25.86,1.44,1540.34,537.26,1003.08,286.48,,1412.37,-57.34,1.47,2.103683,6964.94,4736.55,67.04,1.44,3993.76,1392.99,2600.77,742.79,
2024-04-04,3310.83,3443.93,3250.92,3327.4,356338.57,0.5,3446.53,3474.19,3468.3,False,31.23,13.65,22.73,,,,,,,,,,1412.37,-57.55,1.47,0.81136,2699.72,1840.27,13.44,0.74,1553.78,539.94,1013.84,286.48,,1412.37,-57.55,1.47,2.103683,6999.79,4771.41,34.86,0.74,4028.62,1399.96,2628.66,742.79,
2024-04-05,3327.39,3350.0,3210.0,3317.85,344556.8,-0.29,3426.73,3459.3,3457.16,False,31.0,12.97,23.05,,,,,,,,,,1412.37,-57.43,1.47,0.81136,2691.97,1832.52,-7.75,-0.42,1546.03,538.39,1007.64,286.48,,1412.37,-57.43,1.47,2.103683,6979.7,4751.32,-20.09,-0.42,4008.53,1395.94,2612.59,742.79,
2024-04-06,3317.85,3398.42,3306.68,3351.59,183312.21,1.02,3415.17,3449.04,3449.34,False,30.34,14.31,22.27,,,,,,,,,,1412.37,-57.86,1.46,0.81136,2719.35,1859.89,27.38,1.49,1573.41,543.87,1029.54,286.48,,1412.37,-57.86,1.46,2.103683,7050.68,4822.3,70.98,1.49,4079.51,1410.14,2669.37,742.79,
2024-04-07,3351.59,3459.94,3344.08,3454.2,210459.08,3.06,3421.18,3449.53,3449.7,False,29.18,16.01,21.29,,,,,,,,,,1412.37,-59.11,1.44,0.81136,2802.6,1943.15,83.25,4.48,1656.66,560.52,1096.14,286.48,,1412.37,-59.11,1.44,2.103683,7266.54,5038.16,215.86,4.48,4295.37,1453.31,2842.06,742.79,
2024-04-08,3454.2,3730.71,3406.36,3694.61,496841.35,6.96,3463.24,3472.87,3467.84,False,27.95,23.89,18.81,,,,,3730.71,,HH,BULL_BOS,SMALL HL confirmed @ 3202.79 | SMALL BULL BOS @ 3694.61 (level 3678.86),1412.37,-61.77,1.4,0.81136,2997.66,2138.2,195.06,10.04,1851.72,599.53,1252.19,286.48,,1412.37,-61.77,1.4,2.103683,7772.29,5543.91,505.75,10.04,4801.11,1554.46,3246.66,742.79,
2024-04-09,3694.61,3727.34,3450.46,3506.39,457592.25,-5.09,3469.88,3476.07,3470.7,False,26.8,21.57,16.99,,,,,,,,,,1412.37,-59.72,1.43,0.81136,2844.95,1985.49,-152.71,-7.14,1699.01,568.99,1130.02,286.48,,1412.37,-59.72,1.43,2.103683,7376.33,5147.95,-395.96,-7.14,4405.16,1475.27,2929.89,742.79,
2024-04-10,3506.4,3562.95,3411.82,3545.64,389404.91,1.12,3481.54,3482.69,3476.25,True,25.44,20.41,17.45,,,,,,,,,,1412.37,-60.17,1.43,0.81136,2876.79,2017.34,31.85,1.6,1730.85,575.36,1155.49,286.48,,1412.37,-60.17,1.43,2.103683,7458.9,5230.52,82.57,1.6,4487.73,1491.78,2995.95,742.79,
2024-04-11,3545.64,3618.3,3474.52,3502.52,338139.55,-1.22,3484.76,3484.58,3478.19,True,24.54,21.36,16.54,,,,,,,,,,1412.37,-59.68,1.43,0.81136,2841.81,1982.35,-34.99,-1.73,1695.87,568.36,1127.5,286.48,,1412.37,-59.68,1.43,2.103683,7368.19,5139.81,-90.71,-1.73,4397.02,1473.64,2923.38,742.79,
2024-04-12,3502.52,3552.4,3100.0,3237.43,697327.12,-7.57,3446.71,3461.04,3460.36,False,24.12,18.14,26.51,,,,,,,,,,1412.37,-56.37,1.49,0.81136,2626.72,1767.27,-215.08,-10.85,1480.78,525.34,955.44,286.48,,1412.37,-56.37,1.49,2.103683,6810.53,4582.14,-557.67,-10.85,3839.35,1362.11,2477.25,742.79,
2024-04-13,3237.42,3301.9,2852.0,3007.01,994971.24,-7.12,3379.07,3417.8,3426.78,False,24.7,15.62,30.49,,,,,,,,BEAR_CHOCH,SMALL HH confirmed @ 3730.71 | SMALL BEAR CHOCH @ 3007.01 (level 3202.79),,,,,,1580.31,-186.95,-10.58,0.0,0.0,,1580.31,"EXIT @ 3007.01 (small red CHoCH, realized +1007.34)",,,,,,4097.41,-484.73,-10.58,0.0,0.0,,4097.41,"EXIT @ 3007.01 (small red CHoCH, realized +2611.83)"
2024-04-14,3007.01,3174.23,2906.73,3155.11,737580.47,4.93,3344.61,3392.78,3406.65,False,25.24,14.35,28.0,,,,,,,,,,,,,,,1580.31,0.0,0.0,0.0,0.0,,1580.31,,,,,,,4097.41,0.0,0.0,0.0,0.0,,4097.41,
2024-04-15,3155.11,3277.85,3023.19,3101.99,605430.89,-1.68,3307.28,3365.09,3384.09,False,25.04,16.38,25.83,,,,,,,,,,,,,,,1580.31,0.0,0.0,0.0,0.0,,1580.31,,,,,,,4097.41,0.0,0.0,0.0,0.0,,4097.41,
2024-04-16,3102.0,3128.01,2986.0,3084.22,526113.86,-0.57,3272.97,3338.34,3361.87,False,25.0,15.65,25.85,,,,,,,,,,,,,,,1580.31,0.0,0.0,0.0,0.0,,1580.31,,,,,,,4097.41,0.0,0.0,0.0,0.0,,4097.41,
2024-04-17,3084.21,3123.75,2914.47,2985.41,491897.57,-3.2,3228.73,3304.73,3333.99,False,25.27,14.62,26.4,,,,,,,,,,,,,,,1580.31,0.0,0.0,0.0,0.0,,1580.31,,,,,,,4097.41,0.0,0.0,0.0,0.0,,4097.41,
2024-04-18,2985.41,3094.4,2950.98,3064.4,389060.71,2.65,3203.45,3281.84,3314.02,False,25.51,13.95,25.18,,,,,,,,,,,,,,,1580.31,0.0,0.0,0.0,0.0,,1580.31,,,,,,,4097.41,0.0,0.0,0.0,0.0,,4097.41,
2024-04-19,3064.4,3128.89,2865.18,3056.46,607850.4,-0.26,3180.83,3260.37,3294.94,False,26.1,12.78,25.79,,,,,,2865.18,LL,,,,,,,,1580.31,0.0,0.0,0.0,0.0,,1580.31,,,,,,,4097.41,0.0,0.0,0.0,0.0,,4097.41,
2024-04-20,3056.45,3171.88,3018.75,3155.79,242577.64,3.25,3176.98,3250.41,3284.63,False,26.3,13.54,24.51,,,,,,,,,,,,,,,1580.31,0.0,0.0,0.0,0.0,,1580.31,,,,,,,4097.41,0.0,0.0,0.0,0.0,,4097.41,
2024-04-21,3155.79,3197.18,3116.49,3147.67,219970.51,-0.26,3172.47,3240.63,3274.49,False,26.27,14.03,23.83,,,,,,,,,,,,,,,1580.31,0.0,0.0,0.0,0.0,,1580.31,,,,,,,4097.41,0.0,0.0,0.0,0.0,,4097.41,
2024-04-22,3147.66,3235.0,3129.15,3200.2,290879.96,1.67,3176.74,3236.78,3268.98,False,25.92,14.84,22.94,,,,,,,,,,,,,,,1580.31,0.0,0.0,0.0,0.0,,1580.31,,,,,,,4097.41,0.0,0.0,0.0,0.0,,4097.41,
2024-04-23,3200.19,3263.61,3152.0,3219.46,253914.23,0.6,3183.31,3235.13,3265.32,False,25.36,15.28,22.01,,,,,,,,,,,,,,,1580.31,0.0,0.0,0.0,0.0,,1580.31,,,,,,,4097.41,0.0,0.0,0.0,0.0,,4097.41,
2024-04-24,3219.46,3293.56,3104.9,3140.8,393314.34,-2.44,3176.77,3226.14,3256.09,False,25.11,14.23,22.21,,,,,,,,,SMALL LL confirmed @ 2865.18,,,,,,1580.31,0.0,0.0,0.0,0.0,,1580.31,,,,,,,4097.41,0.0,0.0,0.0,0.0,,4097.41,
2024-04-25,3140.79,3191.64,3072.2,3155.8,352288.55,0.48,3173.54,3219.45,3248.66,False,25.07,13.59,22.44,,,,,,,,,,,,,,,1580.31,0.0,0.0,0.0,0.0,,1580.31,,,,,,,4097.41,0.0,0.0,0.0,0.0,,4097.41,
2024-04-26,3155.81,3167.7,3102.0,3131.3,252522.66,-0.78,3167.04,3211.05,3239.97,False,25.04,13.23,21.86,,,,,,,,,,,,,,,1580.31,0.0,0.0,0.0,0.0,,1580.31,,,,,,,4097.41,0.0,0.0,0.0,0.0,,4097.41,
2024-04-27,3131.3,3285.0,3066.74,3255.56,323811.19,3.97,3180.66,3215.29,3241.12,False,23.9,16.68,20.0,,,,,,,,,,,,,,,1580.31,0.0,0.0,0.0,0.0,,1580.31,,,,,,,4097.41,0.0,0.0,0.0,0.0,,4097.41,
2024-04-28,3255.55,3357.4,3250.45,3263.45,304766.01,0.24,3193.4,3219.88,3242.78,False,22.24,18.87,19.14,,,,,3357.4,,LH,,,,,,,,1580.31,0.0,0.0,0.0,0.0,,1580.31,,,,,,,4097.41,0.0,0.0,0.0,0.0,,4097.41,
2024-04-29,3263.44,3286.95,3115.13,3216.73,421831.29,-1.43,3196.99,3219.58,3240.85,False,21.65,17.56,23.26,,,,,,,,,,,,,,,1580.31,0.0,0.0,0.0,0.0,,1580.31,,,,,,,4097.41,0.0,0.0,0.0,0.0,,4097.41,
2024-04-30,3216.74,3250.95,2921.0,3014.05,561717.49,-6.3,3168.84,3200.0,3224.05,False,22.15,15.37,27.71,,,,,,,,,,,,,,,1580.31,0.0,0.0,0.0,0.0,,1580.31,,,,,,,4097.41,0.0,0.0,0.0,0.0,,4097.41,
2024-05-01,3014.04,3023.24,2817.0,2972.46,624963.78,-1.38,3138.63,3178.33,3205.41,False,23.07,14.17,29.48,,2817.0,HL,,,2817.0,LL,,BIG HH confirmed @ 4093.92,,,,,,1580.31,0.0,0.0,0.0,0.0,,1580.31,,,,,,,4097.41,0.0,0.0,0.0,0.0,,4097.41,
2024-05-02,2972.46,3016.72,2893.26,2986.19,365939.72,0.46,3115.18,3160.03,3189.17,False,23.93,13.5,28.07,,,,,,,,,,,,,,,1580.31,0.0,0.0,0.0,0.0,,1580.31,,,,,,,4097.41,0.0,0.0,0.0,0.0,,4097.41,
2024-05-03,2986.19,3126.99,2958.32,3102.61,355825.84,3.9,3113.24,3154.56,3182.76,False,23.77,16.9,26.23,,,,,,,,,SMALL LH confirmed @ 3357.40,,,,,,1580.31,0.0,0.0,0.0,0.0,,1580.31,,,,,,,4097.41,0.0,0.0,0.0,0.0,,4097.41,
2024-05-04,3102.61,3168.0,3092.85,3117.23,196263.95,0.47,3113.86,3151.01,3177.91,False,23.28,18.05,25.43,,,,,,,,,,,,,,,1580.31,0.0,0.0,0.0,0.0,,1580.31,,,,,,,4097.41,0.0,0.0,0.0,0.0,,4097.41,
2024-05-05,3117.24,3171.93,3072.99,3136.41,218760.27,0.62,3117.33,3149.62,3174.83,False,22.95,17.3,25.21,,,,,,,,,,,,,,,1580.31,0.0,0.0,0.0,0.0,,1580.31,,,,,,,4097.41,0.0,0.0,0.0,0.0,,4097.41,
2024-05-06,3136.4,3221.4,3046.35,3062.6,355135.3,-2.35,3108.91,3141.33,3166.52,False,22.22,18.1,23.36,,,,,3221.4,,LH,,SMALL LL confirmed @ 2817.00,,,,,,1580.31,0.0,0.0,0.0,0.0,,1580.31,,,,,,,4097.41,0.0,0.0,0.0,0.0,,4097.41,
2024-05-07,3062.59,3129.85,2998.0,3005.69,298796.68,-1.86,3093.03,3128.41,3154.61,False,21.85,17.09,24.11,,,,,,,,,,,,,,,1580.31,0.0,0.0,0.0,0.0,,1580.31,,,,,,,4097.41,0.0,0.0,0.0,0.0,,4097.41,
2024-05-08,3005.69,3038.15,2936.48,2974.21,266934.81,-1.05,3074.75,3113.73,3141.24,False,21.88,16.33,25.73,,,,,,,,,,,,,,,1580.31,0.0,0.0,0.0,0.0,,1580.31,,,,,,,4097.41,0.0,0.0,0.0,0.0,,4097.41,
2024-05-09,2974.2,3059.0,2950.77,3036.23,238561.75,2.09,3068.82,3106.35,3133.47,False,21.72,16.47,24.48,,,,,,,,,,,,,,,1580.31,0.0,0.0,0.0,0.0,,1580.31,,,,,,,4097.41,0.0,0.0,0.0,0.0,,4097.41,
2024-05-10,3036.24,3053.89,2878.03,2909.99,327855.88,-4.16,3044.39,3087.65,3116.91,False,22.02,15.18,25.8,,,,,,,,,,,,,,,1580.31,0.0,0.0,0.0,0.0,,1580.31,,,,,,,4097.41,0.0,0.0,0.0,0.0,,4097.41,
2024-05-11,2909.98,2945.67,2886.46,2912.45,138163.11,0.08,3024.09,3070.96,3101.77,False,22.3,14.76,25.09,,,,,,,,,SMALL LH confirmed @ 3221.40,,,,,,1580.31,0.0,0.0,0.0,0.0,,1580.31,,,,,,,4097.41,0.0,0.0,0.0,0.0,,4097.41,
2024-05-12,2912.45,2955.2,2901.17,2929.29,107670.63,0.58,3009.5,3057.47,3088.99,False,22.45,14.84,24.43,,,,,,,,,,,,,,,1580.31,0.0,0.0,0.0,0.0,,1580.31,,,,,,,4097.41,0.0,0.0,0.0,0.0,,4097.41,
2024-05-13,2929.3,2996.4,2864.76,2950.99,368664.76,0.74,3000.5,3047.33,3078.77,False,22.13,15.9,22.85,,,,,,,,,,,,,,,1580.31,0.0,0.0,0.0,0.0,,1580.31,,,,,,,4097.41,0.0,0.0,0.0,0.0,,4097.41,
2024-05-14,2950.99,2960.6,2862.0,2881.93,269675.3,-2.34,2982.26,3031.57,3064.19,False,21.85,15.11,21.85,,,,,,2862.0,HL,,,,,,,,1580.31,0.0,0.0,0.0,0.0,,1580.31,,,,,,,4097.41,0.0,0.0,0.0,0.0,,4097.41,
2024-05-15,2881.93,3041.36,2863.75,3032.55,350254.32,5.23,2990.0,3031.67,3061.84,False,20.69,17.78,19.93,,,,,,,,,,,,,,,1580.31,0.0,0.0,0.0,0.0,,1580.31,,,,,,,4097.41,0.0,0.0,0.0,0.0,,4097.41,
2024-05-16,3032.55,3041.24,2922.8,2944.7,293874.15,-2.9,2983.03,3023.39,3053.17,False,19.62,16.73,18.75,,,,,,,,,,,,,,,1580.31,0.0,0.0,0.0,0.0,,1580.31,,,,,,,4097.41,0.0,0.0,0.0,0.0,,4097.41,
2024-05-17,2944.7,3120.0,2933.06,3092.01,357724.77,5.0,2999.79,3029.92,3056.04,False,18.62,19.05,17.03,,,,,,,,,,,,,,,1580.31,0.0,0.0,0.0,0.0,,1580.31,,,,,,,4097.41,0.0,0.0,0.0,0.0,,4097.41,
2024-05-18,3092.0,3146.98,3083.61,3122.94,199976.55,1.0,3018.74,3038.78,3061.0,False,17.95,19.81,16.48,,,,,,,,,,,,,,,1580.31,0.0,0.0,0.0,0.0,,1580.31,,,,,,,4097.41,0.0,0.0,0.0,0.0,,4097.41,
2024-05-19,3122.94,3136.64,3053.38,3071.19,166145.01,-1.66,3026.81,3041.87,3061.75,False,16.98,18.95,17.35,,,,,,,,,SMALL HL confirmed @ 2862.00,,,,,,1580.31,0.0,0.0,0.0,0.0,,1580.31,,,,,,,4097.41,0.0,0.0,0.0,0.0,,4097.41,
2024-05-20,3071.2,3694.0,3047.67,3661.78,847107.88,19.23,3124.5,3100.91,3106.2,True,19.26,36.98,12.7,,,,,,,,BULL_CHOCH,SMALL BULL CHOCH @ 3661.78 (level 3221.40),3295.6,-10.0,5.0,2.157849,7901.57,1580.31,0.0,0.0,790.16,790.16,0.0,790.16,"ENTRY @ 3661.78 (small green CHoCH, margin $790.16 [50% of bank] @ 10x [ADX 19.3, zone green], 2.157849 units)",3295.6,-10.0,5.0,5.594839,20487.07,4097.41,0.0,0.0,2048.71,2048.71,0.0,2048.71,"ENTRY @ 3661.78 (small green CHoCH, margin $2048.71 [50% of bank] @ 10x [ADX 19.3, zone green], 5.594839 units)"
2024-05-21,3661.79,3841.54,3624.28,3789.6,952437.27,3.49,3226.82,3166.5,3156.82,True,21.8,39.71,11.58,,,,,,,,,,3295.6,-13.04,4.41,2.157849,8177.38,1856.13,275.82,17.45,1065.97,817.74,248.23,790.16,,3295.6,-13.04,4.41,5.594839,21202.2,4812.55,715.13,17.45,2763.84,2120.22,643.62,2048.71,
2024-05-22,3789.59,3813.69,3653.15,3737.73,574938.31,-1.37,3305.42,3220.9,3199.85,True,24.16,37.1,10.82,,,,,,,,,,3295.6,-11.83,4.62,2.157849,8065.46,1744.2,-111.93,-6.03,954.05,806.55,147.5,790.16,,3295.6,-11.83,4.62,5.594839,20912.0,4522.34,-290.2,-6.03,2473.64,2091.2,382.44,2048.71,
2024-05-23,3737.72,3949.29,3498.0,3783.61,1127866.08,1.23,3378.99,3274.49,3243.09,True,24.97,30.94,14.73,,,,,,,,,,3295.6,-12.9,4.43,2.157849,8164.46,1843.2,99.0,5.68,1053.05,816.45,236.6,790.16,,3295.6,-12.9,4.43,5.594839,21168.69,4779.03,256.69,5.68,2730.33,2116.87,613.46,2048.71,
2024-05-24,3783.6,3829.61,3626.1,3728.28,479418.43,-1.46,3432.73,3317.71,3279.03,True,25.73,28.64,13.63,,,,,,,,,,3295.6,-11.61,4.67,2.157849,8045.07,1723.81,-119.39,-6.48,933.65,804.51,129.15,790.16,,3295.6,-11.61,4.67,5.594839,20859.13,4469.47,-309.56,-6.48,2420.76,2085.91,334.85,2048.71,
2024-05-25,3728.28,3779.43,3709.03,3749.26,158711.9,0.56,3481.42,3358.81,3313.87,True,26.42,27.86,13.26,,,,,,,,,,3295.6,-12.1,4.57,2.157849,8090.34,1769.08,45.27,2.63,978.93,809.03,169.89,790.16,,3295.6,-12.1,4.57,5.594839,20976.51,4586.85,117.38,2.63,2538.14,2097.65,440.49,2048.71,
2024-05-26,3749.25,3884.2,3731.17,3826.47,292208.29,2.06,3534.51,3403.35,3351.84,True,27.51,30.28,12.47,,,,,,,,,,3295.6,-13.87,4.27,2.157849,8256.94,1935.69,166.61,9.42,1145.53,825.69,319.84,790.16,,3295.6,-13.87,4.27,5.594839,21408.48,5018.83,431.98,9.42,2970.12,2140.85,829.27,2048.71,
2024-05-27,3826.47,3977.0,3823.37,3894.22,363717.65,1.77,3589.85,3450.1,3392.01,True,28.87,32.1,11.72,3977.0,,LH,,3977.0,,HH,,,3295.6,-15.37,4.04,2.157849,8403.14,2081.88,146.19,7.55,1291.73,840.31,451.41,790.16,,3295.6,-15.37,4.04,5.594839,21787.54,5397.88,379.05,7.55,3349.17,2178.75,1170.42,2048.71,
2024-05-28,3894.21,3931.09,3773.9,3844.69,416249.83,-1.27,3629.05,3487.68,3425.54,True,29.65,30.09,12.95,,,,,,,,,,3295.6,-14.28,4.2,2.157849,8296.26,1975.01,-106.88,-5.13,1184.85,829.63,355.22,790.16,,3295.6,-14.28,4.2,5.594839,21510.42,5120.77,-277.11,-5.13,3072.06,2151.04,921.02,2048.71,
2024-05-29,3844.69,3888.55,3742.59,3767.43,334759.63,-2.01,3650.34,3514.32,3450.87,True,30.08,28.33,13.45,,,,,,,,,,3295.6,-12.52,4.5,2.157849,8129.55,1808.29,-166.72,-8.44,1018.13,812.95,205.18,790.16,,3295.6,-12.52,4.5,5.594839,21078.17,4688.51,-432.26,-8.44,2639.8,2107.82,531.99,2048.71,
2024-05-30,3767.44,3825.35,3702.58,3747.91,277034.29,-0.52,3665.35,3536.57,3472.87,True,30.09,26.89,14.42,,,,,,3702.58,HL,,,3295.6,-12.07,4.58,2.157849,8087.42,1766.17,-42.12,-2.33,976.01,808.74,167.27,790.16,,3295.6,-12.07,4.58,5.594839,20968.95,4579.3,-109.21,-2.33,2530.59,2096.9,433.7,2048.71,
2024-05-31,3747.9,3849.94,3723.75,3762.29,273406.77,0.38,3680.27,3558.06,3494.31,True,30.22,26.5,13.65,,,,,,,,,,3295.6,-12.4,4.52,2.157849,8118.45,1797.2,31.03,1.76,1007.04,811.85,195.2,790.16,,3295.6,-12.4,4.52,5.594839,21049.41,4659.75,80.45,1.76,2611.04,2104.94,506.1,2048.71,
2024-06-01,3762.29,3833.3,3752.67,3815.82,132687.2,1.42,3701.12,3582.61,3518.13,True,30.35,25.57,13.17,,,,,,,,,SMALL HH confirmed @ 3977.00,3295.6,-13.63,4.3,2.157849,8233.96,1912.71,115.51,6.43,1122.55,823.4,299.16,790.16,,3295.6,-13.63,4.3,5.594839,21348.9,4959.24,299.49,6.43,2910.54,2134.89,775.65,2048.71,
2024-06-02,3815.82,3838.59,3752.62,3780.91,210295.44,-0.91,3713.4,3601.5,3537.59,True,30.5,24.81,12.66,,,,,,,,,,3295.6,-12.84,4.44,2.157849,8158.63,1837.38,-75.33,-3.94,1047.22,815.86,231.36,790.16,,3295.6,-12.84,4.44,5.594839,21153.58,4763.93,-195.32,-3.94,2715.22,2115.36,599.86,2048.71,
2024-06-03,3780.92,3849.99,3758.43,3767.06,248848.7,-0.37,3721.65,3617.27,3554.59,True,30.71,24.29,12.12,,,,,,,,,,3295.6,-12.52,4.5,2.157849,8128.75,1807.49,-29.89,-1.63,1017.34,812.87,204.46,790.16,,3295.6,-12.52,4.5,5.594839,21076.1,4686.44,-77.49,-1.63,2637.73,2107.61,530.12,2048.71,
2024-06-04,3767.07,3831.65,3730.0,3810.23,232063.75,1.15,3735.28,3635.64,3573.53,True,30.54,23.11,12.89,,,,,,,,,SMALL HL confirmed @ 3702.58,3295.6,-13.51,4.33,2.157849,8221.9,1900.65,93.15,5.15,1110.49,822.19,288.3,790.16,,3295.6,-13.51,4.33,5.594839,21317.62,4927.97,241.53,5.15,2879.26,2131.76,747.5,2048.71,
2024-06-05,3810.23,3887.47,3777.33,3865.99,273738.6,1.46,3755.39,3657.58,3595.19,True,30.76,24.59,12.2,,,,,3887.47,,LH,,,3295.6,-14.75,4.13,2.157849,8342.22,2020.97,120.32,6.33,1230.81,834.22,396.59,790.16,,3295.6,-14.75,4.13,5.594839,21629.59,5239.94,311.97,6.33,3191.23,2162.96,1028.27,2048.71,
2024-06-06,3866.0,3878.6,3760.0,3813.46,237504.19,-1.36,3764.32,3672.43,3611.36,True,30.74,23.15,12.34,,,,,,,,,,3295.6,-13.58,4.31,2.157849,8228.87,1907.62,-113.35,-5.61,1117.46,822.89,294.57,790.16,,3295.6,-13.58,4.31,5.594839,21335.7,4946.04,-293.9,-5.61,2897.33,2133.57,763.76,2048.71,
2024-06-07,3813.47,3841.39,3600.0,3678.32,362223.36,-3.54,3751.09,3672.99,3616.32,True,28.92,20.52,18.47,,,,,,,,BEAR_CHOCH,SMALL BEAR CHOCH @ 3678.32 (level 3702.58),,,,,,1616.0,-291.61,-15.29,0.0,0.0,,1616.0,"EXIT @ 3678.32 (small red CHoCH, realized +35.69)",,,,,,4189.95,-756.09,-15.29,0.0,0.0,,4189.95,"EXIT @ 3678.32 (small red CHoCH, realized +92.54)"
2024-06-08,3678.31,3709.5,3660.08,3681.57,140550.84,0.09,3740.4,3673.81,3621.15,True,27.23,20.02,18.02,,,,,,,,,,,,,,,1616.0,0.0,0.0,0.0,0.0,,1616.0,,,,,,,4189.95,0.0,0.0,0.0,0.0,,4189.95,
2024-06-09,3681.58,3721.52,3666.36,3706.4,103451.1,0.67,3735.17,3676.91,3627.47,True,25.77,20.07,17.5,,,,,,,,,,,,,,,1616.0,0.0,0.0,0.0,0.0,,1616.0,,,,,,,4189.95,0.0,0.0,0.0,0.0,,4189.95,
2024-06-10,3706.4,3713.67,3642.74,3667.85,156363.18,-1.04,3724.81,3676.05,3630.46,True,24.16,19.3,18.11,,,,,,,,,SMALL LH confirmed @ 3887.47,,,,,,1616.0,0.0,0.0,0.0,0.0,,1616.0,,,,,,,4189.95,0.0,0.0,0.0,0.0,,4189.95,
2024-06-11,3667.85,3673.0,3432.0,3497.33,439568.6,-4.65,3689.81,3659.03,3620.6,True,24.01,16.95,26.57,,,,,,,,,,,,,,,1616.0,0.0,0.0,0.0,0.0,,1616.0,,,,,,,4189.95,0.0,0.0,0.0,0.0,,4189.95,
2024-06-12,3497.33,3659.01,3462.07,3560.12,387043.77,1.8,3669.86,3649.61,3616.12,True,23.88,15.3,23.99,,,,,,,,,,,,,,,1616.0,0.0,0.0,0.0,0.0,,1616.0,,,,,,,4189.95,0.0,0.0,0.0,0.0,,4189.95,
2024-06-13,3560.13,3561.65,3428.0,3469.4,300230.83,-2.55,3639.02,3632.44,3605.25,True,24.0,14.29,24.09,,,,,,,,,,,,,,,1616.0,0.0,0.0,0.0,0.0,,1616.0,,,,,,,4189.95,0.0,0.0,0.0,0.0,,4189.95,
2024-06-14,3469.4,3532.61,3362.26,3481.8,322316.42,0.36,3614.83,3618.1,3596.1,True,24.55,13.1,25.3,,,,,,,,,,,,,,,1616.0,0.0,0.0,0.0,0.0,,1616.0,,,,,,,4189.95,0.0,0.0,0.0,0.0,,4189.95,
2024-06-15,3481.8,3594.39,3473.1,3568.74,246649.59,2.5,3607.74,3613.4,3594.08,True,24.34,15.37,23.78,,,,,,,,,,,,,,,1616.0,0.0,0.0,0.0,0.0,,1616.0,,,,,,,4189.95,0.0,0.0,0.0,0.0,,4189.95,
2024-06-16,3568.75,3653.79,3541.05,3624.41,149839.98,1.56,3610.31,3614.45,3596.32,True,23.48,17.49,22.43,,,,,,,,,,,,,,,1616.0,0.0,0.0,0.0,0.0,,1616.0,,,,,,,4189.95,0.0,0.0,0.0,0.0,,4189.95,
2024-06-17,3624.41,3638.37,3463.39,3511.46,337805.64,-3.12,3595.1,3604.64,3590.04,True,23.29,15.97,24.33,,,,,,,,,,,,,,,1616.0,0.0,0.0,0.0,0.0,,1616.0,,,,,,,4189.95,0.0,0.0,0.0,0.0,,4189.95,
2024-06-18,3511.47,3517.2,3355.0,3483.42,449913.3,-0.8,3577.92,3593.09,3582.14,False,23.82,14.7,27.71,,,,,,3355.0,LL,,,,,,,,1616.0,0.0,0.0,0.0,0.0,,1616.0,,,,,,,4189.95,0.0,0.0,0.0,0.0,,4189.95,
2024-06-19,3483.42,3590.01,3465.65,3560.51,321500.0,2.21,3575.24,3589.99,3580.54,False,23.53,17.4,26.01,,,,,,,,,,,,,,,1616.0,0.0,0.0,0.0,0.0,,1616.0,,,,,,,4189.95,0.0,0.0,0.0,0.0,,4189.95,
2024-06-20,3560.51,3625.96,3486.0,3513.08,329117.85,-1.33,3565.68,3582.66,3575.54,False,22.9,17.98,24.2,,,,,3625.96,,LH,,BIG HL confirmed @ 2817.00,,,,,,1616.0,0.0,0.0,0.0,0.0,,1616.0,,,,,,,4189.95,0.0,0.0,0.0,0.0,,4189.95,
2024-06-21,3513.08,3547.55,3446.82,3518.5,342155.1,0.15,3558.42,3576.55,3571.32,False,22.61,17.06,24.95,,,,,,,,,,,,,,,1616.0,0.0,0.0,0.0,0.0,,1616.0,,,,,,,4189.95,0.0,0.0,0.0,0.0,,4189.95,
2024-06-22,3518.5,3521.19,3475.09,3495.75,115774.62,-0.65,3548.78,3568.86,3565.72,False,22.33,16.64,24.34,,,,,,,,,,,,,,,1616.0,0.0,0.0,0.0,0.0,,1616.0,,,,,,,4189.95,0.0,0.0,0.0,0.0,,4189.95,
2024-06-23,3495.76,3521.45,3406.38,3420.91,133411.43,-2.14,3529.11,3554.77,3554.99,False,22.59,15.61,26.53,,,,,,,,,SMALL LL confirmed @ 3355.00,,,,,,1616.0,0.0,0.0,0.0,0.0,,1616.0,,,,,,,4189.95,0.0,0.0,0.0,0.0,,4189.95,
2024-06-24,3420.91,3435.76,3240.0,3352.73,543370.42,-1.99,3501.97,3535.53,3540.01,False,23.81,14.02,32.49,,,,,,3240.0,LL,BEAR_BOS,SMALL BEAR BOS @ 3352.73 (level 3355.00),,,,,,1616.0,0.0,0.0,0.0,0.0,,1616.0,,,,,,,4189.95,0.0,0.0,0.0,0.0,,4189.95,
2024-06-25,3352.74,3430.88,3336.76,3394.91,240036.22,1.26,3485.5,3522.13,3529.26,False,24.95,13.32,30.86,,,,,,,,,SMALL LH confirmed @ 3625.96,,,,,,1616.0,0.0,0.0,0.0,0.0,,1616.0,,,,,,,4189.95,0.0,0.0,0.0,0.0,,4189.95,
2024-06-26,3394.91,3426.75,3325.01,3371.44,206949.34,-0.69,3467.95,3507.78,3517.57,False,26.07,12.58,29.8,,,,,,,,,,,,,,,1616.0,0.0,0.0,0.0,0.0,,1616.0,,,,,,,4189.95,0.0,0.0,0.0,0.0,,4189.95,
2024-06-27,3371.77,3477.0,3361.74,3450.44,201041.66,2.34,3465.26,3502.32,3512.6,False,26.46,14.54,27.92,,,,,,,,,,,,,,,1616.0,0.0,0.0,0.0,0.0,,1616.0,,,,,,,4189.95,0.0,0.0,0.0,0.0,,4189.95,
2024-06-28,3450.44,3487.7,3365.22,3380.15,221634.34,-2.04,3452.16,3490.69,3502.79,False,26.68,14.15,26.04,,,,,,,,,,,,,,,1616.0,0.0,0.0,0.0,0.0,,1616.0,,,,,,,4189.95,0.0,0.0,0.0,0.0,,4189.95,
2024-06-29,3380.15,3408.32,3371.86,3378.8,88329.77,-0.04,3440.88,3480.03,3493.6,False,26.89,13.85,25.49,,,,,,,,,SMALL LL confirmed @ 3240.00,,,,,,1616.0,0.0,0.0,0.0,0.0,,1616.0,,,,,,,4189.95,0.0,0.0,0.0,0.0,,4189.95,
2024-06-30,3378.8,3460.0,3352.66,3438.16,141221.62,1.76,3440.46,3476.04,3489.5,False,26.38,16.0,23.89,,,,,,,,,,,,,,,1616.0,0.0,0.0,0.0,0.0,,1616.0,,,,,,,4189.95,0.0,0.0,0.0,0.0,,4189.95,
2024-07-01,3438.16,3524.94,3423.78,3442.2,224273.21,0.12,3440.73,3472.82,3485.99,False,25.11,18.89,22.46,,,,,3524.94,,LH,,,,,,,,1616.0,0.0,0.0,0.0,0.0,,1616.0,,,,,,,4189.95,0.0,0.0,0.0,0.0,,4189.95,
2024-07-02,3442.2,3464.12,3402.0,3421.35,137932.7,-0.61,3437.75,3467.92,3481.2,False,24.15,18.17,22.94,,,,,,,,,,,,,,,1616.0,0.0,0.0,0.0,0.0,,1616.0,,,,,,,4189.95,0.0,0.0,0.0,0.0,,4189.95,
2024-07-03,3421.35,3432.1,3251.0,3295.48,310408.45,-3.68,3415.86,3451.49,3467.45,False,24.49,16.23,29.39,,,,,,,,,,,,,,,1616.0,0.0,0.0,0.0,0.0,,1616.0,,,,,,,4189.95,0.0,0.0,0.0,0.0,,4189.95,
2024-07-04,3295.49,3313.45,3050.34,3059.7,450402.57,-7.15,3361.07,3414.18,3437.24,False,25.91,13.9,36.11,,,,,,,,BEAR_BOS,SMALL BEAR BOS @ 3059.70 (level 3240.00),,,,,,1616.0,0.0,0.0,0.0,0.0,,1616.0,,,,,,,4189.95,0.0,0.0,0.0,0.0,,4189.95,
2024-07-05,3059.7,3110.0,2810.0,2981.78,886994.38,-2.55,3302.71,3373.0,3403.51,False,28.1,11.82,42.69,,,,,,2810.0,LL,,,,,,,,1616.0,0.0,0.0,0.0,0.0,,1616.0,,,,,,,4189.95,0.0,0.0,0.0,0.0,,4189.95,
2024-07-06,2981.79,3081.78,2955.06,3066.83,214487.97,2.85,3266.42,3343.84,3378.57,False,30.14,11.07,39.97,,,,,,,,,SMALL LH confirmed @ 3524.94,,,,,,1616.0,0.0,0.0,0.0,0.0,,1616.0,,,,,,,4189.95,0.0,0.0,0.0,0.0,,4189.95,
2024-07-07,3066.83,3073.08,2922.24,2931.0,179892.76,-4.43,3214.82,3304.52,3345.41,False,32.13,10.23,38.59,,,,,,,,,,,,,,,1616.0,0.0,0.0,0.0,0.0,,1616.0,,,,,,,4189.95,0.0,0.0,0.0,0.0,,4189.95,
2024-07-08,2930.99,3097.06,2822.8,3019.01,500445.01,3.0,3184.7,3277.33,3321.24,False,34.28,8.92,38.29,,,,,,,,,,,,,,,1616.0,0.0,0.0,0.0,0.0,,1616.0,,,,,,,4189.95,0.0,0.0,0.0,0.0,,4189.95,
2024-07-09,3019.01,3115.2,3004.0,3066.65,280358.14,1.58,3166.53,3257.27,3302.38,False,36.06,9.31,36.25,,,,,,,,,,,,,,,1616.0,0.0,0.0,0.0,0.0,,1616.0,,,,,,,4189.95,0.0,0.0,0.0,0.0,,4189.95,
2024-07-10,3066.65,3151.51,3024.0,3101.05,270827.08,1.12,3156.46,3242.39,3287.46,False,37.26,10.49,34.02,,,,,,,,,SMALL LL confirmed @ 2810.00,,,,,,1616.0,0.0,0.0,0.0,0.0,,1616.0,,,,,,,4189.95,0.0,0.0,0.0,0.0,,4189.95,
2024-07-11,3101.06,3217.24,3054.76,3099.57,289229.32,-0.05,3147.71,3228.79,3273.55,False,37.59,12.83,31.36,,,,,,,,,,,,,,,1616.0,0.0,0.0,0.0,0.0,,1616.0,,,,,,,4189.95,0.0,0.0,0.0,0.0,,4189.95,
2024-07-12,3099.57,3157.89,3045.58,3133.88,185745.18,1.11,3145.58,3219.75,3263.2,False,37.95,12.13,30.09,,,,,,,,,,,,,,,1616.0,0.0,0.0,0.0,0.0,,1616.0,,,,,,,4189.95,0.0,0.0,0.0,0.0,,4189.95,
2024-07-13,3133.89,3201.8,3113.37,3175.93,119302.48,1.34,3150.25,3215.57,3256.74,False,37.75,13.8,28.75,,,,,,,,,,,,,,,1616.0,0.0,0.0,0.0,0.0,,1616.0,,,,,,,4189.95,0.0,0.0,0.0,0.0,,4189.95,
2024-07-14,3175.93,3268.72,3163.67,3245.08,165430.77,2.18,3164.84,3218.38,3255.87,False,36.8,16.48,27.2,,,,,,,,,,,,,,,1616.0,0.0,0.0,0.0,0.0,,1616.0,,,,,,,4189.95,0.0,0.0,0.0,0.0,,4189.95,
2024-07-15,3245.2,3493.63,3233.22,3483.39,314296.85,7.34,3213.85,3243.62,3272.73,False,34.39,25.27,23.78,,,,,,,,,,,,,,,1616.0,0.0,0.0,0.0,0.0,,1616.0,,,,,,,4189.95,0.0,0.0,0.0,0.0,,4189.95,
2024-07-16,3483.2,3498.59,3346.55,3444.13,376128.79,-1.13,3249.27,3262.72,3285.42,False,32.19,23.65,22.04,,,,,,,,,BIG LH confirmed @ 3977.00,,,,,,1616.0,0.0,0.0,0.0,0.0,,1616.0,,,,,,,4189.95,0.0,0.0,0.0,0.0,,4189.95,
2024-07-17,3444.14,3517.0,3376.0,3387.05,297812.52,-1.66,3270.47,3274.56,3292.95,False,30.28,22.93,20.54,,,,,,,,,,,,,,,1616.0,0.0,0.0,0.0,0.0,,1616.0,,,,,,,4189.95,0.0,0.0,0.0,0.0,,4189.95,
2024-07-18,3387.05,3489.98,3367.2,3426.5,241950.35,1.16,3294.48,3289.03,3302.84,False,28.43,21.55,19.74,,,,,,,,,,,,,,,1616.0,0.0,0.0,0.0,0.0,,1616.0,,,,,,,4189.95,0.0,0.0,0.0,0.0,,4189.95,
2024-07-19,3426.49,3540.27,3377.0,3503.53,299511.64,2.25,3326.64,3309.46,3317.71,True,27.13,22.29,18.17,,,,,,,,,,,,,,,1616.0,0.0,0.0,0.0,0.0,,1616.0,,,,,,,4189.95,0.0,0.0,0.0,0.0,,4189.95,
2024-07-20,3503.53,3539.65,3480.0,3517.5,147510.82,0.4,3356.0,3329.27,3332.51,True,25.92,21.61,17.62,,,,,,,,,,,,,,,1616.0,0.0,0.0,0.0,0.0,,1616.0,,,,,,,4189.95,0.0,0.0,0.0,0.0,,4189.95,
2024-07-21,3517.5,3547.0,3411.4,3535.92,218890.97,0.52,3383.68,3348.95,3347.58,True,24.1,20.12,19.9,,,,,,,,BULL_CHOCH,SMALL BULL CHOCH @ 3535.92 (level 3524.94),2828.74,-20.0,2.5,1.142563,4040.01,1616.0,0.0,0.0,808.0,808.0,0.0,808.0,"ENTRY @ 3535.92 (small green CHoCH, margin $808.00 [50% of bank] @ 5x [ADX 24.1, zone green], 1.142563 units)",2828.74,-20.0,2.5,2.962421,10474.88,4189.95,0.0,0.0,2094.98,2094.98,0.0,2094.98,"ENTRY @ 3535.92 (small green CHoCH, margin $2094.98 [50% of bank] @ 5x [ADX 24.1, zone green], 2.962421 units)"
2024-07-22,3535.93,3562.82,3422.34,3439.6,207859.5,-2.72,3392.28,3357.59,3354.39,True,22.57,19.49,18.48,,,,,3562.82,,HH,,,2828.74,-17.76,2.61,1.142563,3929.96,1505.95,-110.05,-6.81,697.95,785.99,-88.04,808.0,,2828.74,-17.76,2.61,2.962421,10189.54,3904.61,-285.34,-6.81,1809.64,2037.91,-228.27,2094.98,
2024-07-23,3439.61,3541.0,3389.0,3482.51,500568.78,1.25,3406.16,3369.48,3363.88,True,21.11,18.0,18.74,,,,,,,,,,2828.74,-18.77,2.56,1.142563,3978.99,1554.98,49.03,3.26,746.98,795.8,-48.82,808.0,,2828.74,-18.77,2.56,2.962421,10316.66,4031.73,127.12,3.26,1936.75,2063.33,-126.58,2094.98,
2024-07-24,3482.51,3487.82,3300.0,3335.81,275479.05,-4.21,3395.34,3366.28,3361.8,True,20.56,16.33,21.4,,,,,,,,,,2828.74,-15.2,2.75,1.142563,3811.37,1387.37,-167.61,-10.78,579.36,762.27,-182.91,808.0,,2828.74,-15.2,2.75,2.962421,9882.07,3597.14,-434.59,-10.78,1502.17,1976.41,-474.25,2094.98,
2024-07-25,3335.82,3342.5,3087.53,3175.48,494282.64,-4.81,3361.52,3348.11,3348.0,True,21.48,14.38,28.79,,,,,,3087.53,HL,,,2828.74,-10.92,3.01,1.142563,3628.19,1204.18,-183.19,-13.2,396.18,725.64,-329.46,808.0,,2828.74,-10.92,3.01,2.962421,9407.11,3122.18,-474.96,-13.2,1027.2,1881.42,-854.22,2094.98,
2024-07-26,3175.47,3286.36,3171.0,3274.61,260237.46,3.12,3348.15,3341.11,3342.56,True,22.33,13.59,27.21,,,,,,,,,,2828.74,-13.62,2.84,1.142563,3741.45,1317.44,113.26,9.41,509.44,748.29,-238.85,808.0,,2828.74,-13.62,2.84,2.962421,9700.77,3415.84,293.66,9.41,1320.87,1940.15,-619.29,2094.98,
2024-07-27,3274.6,3327.59,3191.01,3249.01,231991.9,-0.78,3332.89,3332.34,3335.63,False,22.65,14.67,25.43,,,,,,,,,SMALL HH confirmed @ 3562.82,2828.74,-12.94,2.88,1.142563,3712.2,1288.19,-29.25,-2.22,480.19,742.44,-262.25,808.0,,2828.74,-12.94,2.88,2.962421,9624.93,3340.0,-75.84,-2.22,1245.03,1924.99,-679.96,2094.98,
2024-07-28,3249.0,3284.3,3198.11,3270.16,103529.83,0.65,3323.24,3326.41,3330.78,False,22.94,14.05,24.34,,,,,,,,,,2828.74,-13.5,2.85,1.142563,3736.36,1312.36,24.17,1.88,504.35,747.27,-242.92,808.0,,2828.74,-13.5,2.85,2.962421,9687.59,3402.66,62.66,1.88,1307.68,1937.52,-629.83,2094.98,
2024-07-29,3270.16,3396.77,3258.0,3317.66,318471.51,1.45,3322.38,3325.58,3329.81,False,22.0,18.66,22.67,,,,,3396.77,,LH,,,2828.74,-14.74,2.77,1.142563,3790.64,1366.63,54.27,4.14,558.63,758.13,-199.5,808.0,,2828.74,-14.74,2.77,2.962421,9828.3,3543.37,140.71,4.14,1448.4,1965.66,-517.26,2094.98,
2024-07-30,3317.66,3366.4,3233.18,3279.21,197277.16,-1.16,3315.74,3321.16,3326.06,False,21.32,17.42,22.4,,,,,,,,,SMALL HL confirmed @ 3087.53,2828.74,-13.74,2.83,1.142563,3746.7,1322.7,-43.93,-3.21,514.69,749.34,-234.65,808.0,,2828.74,-13.74,2.83,2.962421,9714.4,3429.47,-113.91,-3.21,1334.49,1942.88,-608.39,2094.98,
2024-07-31,3279.2,3350.0,3213.75,3232.74,233711.34,-1.42,3302.97,3312.74,3319.15,False,20.85,16.23,21.84,,,,,,,,,,2828.74,-12.5,2.91,1.142563,3693.61,1269.6,-53.09,-4.01,461.6,738.72,-277.12,808.0,,2828.74,-12.5,2.91,2.962421,9576.74,3291.81,-137.66,-4.01,1196.83,1915.35,-718.52,2094.98,
2024-08-01,3232.74,3242.57,3080.02,3203.4,323285.61,-0.91,3287.65,3302.33,3310.58,False,21.38,14.93,26.71,,,,,,,,,,2828.74,-11.7,2.96,1.142563,3660.09,1236.08,-33.52,-2.64,428.08,732.02,-303.94,808.0,,2828.74,-11.7,2.96,2.962421,9489.82,3204.89,-86.92,-2.64,1109.91,1897.96,-788.05,2094.98,
2024-08-02,3203.4,3218.6,2967.0,2989.61,385704.04,-6.67,3241.8,3272.55,3286.8,False,22.52,13.16,28.86,,,,,,,,BEAR_CHOCH,SMALL BEAR CHOCH @ 2989.61 (level 3087.53),,,,,,991.81,-244.27,-19.76,0.0,0.0,,991.81,"EXIT @ 2989.61 (small red CHoCH, realized -624.19)",,,,,,2571.55,-633.34,-19.76,0.0,0.0,,2571.55,"EXIT @ 2989.61 (small red CHoCH, realized -1618.40)"
2024-08-03,2989.61,3018.02,2859.0,2903.64,344595.32,-2.88,3189.78,3237.41,3258.42,False,24.1,12.18,31.78,,,,,,,,,SMALL LH confirmed @ 3396.77,,,,,,991.81,0.0,0.0,0.0,0.0,,991.81,,,,,,,2571.55,0.0,0.0,0.0,0.0,,2571.55,
2024-08-04,2903.65,2935.46,2630.0,2688.92,512064.26,-7.39,3112.72,3185.17,3216.23,False,26.39,10.55,37.55,,,,BEAR_CHOCH,,,,,BIG BEAR CHOCH @ 2688.92 (level 2817.00),,,,,,991.81,0.0,0.0,0.0,0.0,,991.81,,,,,,,2571.55,0.0,0.0,0.0,0.0,,2571.55,
2024-08-05,2688.91,2697.44,2111.0,2419.59,2670604.1,-10.02,3006.09,3112.26,3157.22,False,29.57,8.27,48.57,,2111.0,LL,,,2111.0,LL,,,,,,,,991.81,0.0,0.0,0.0,0.0,,991.81,,,,,,,2571.55,0.0,0.0,0.0,0.0,,2571.55,
2024-08-06,2419.76,2556.23,2414.19,2461.33,642283.8,1.73,2922.28,3050.27,3105.68,False,32.52,7.83,45.98,,,,,,,,,,,,,,,991.81,0.0,0.0,0.0,0.0,,991.81,,,,,,,2571.55,0.0,0.0,0.0,0.0,,2571.55,
2024-08-07,2461.33,2551.32,2309.04,2342.8,630115.42,-4.82,2833.13,2982.89,3049.17,False,35.41,7.13,45.75,,,,,,,,,,,,,,,991.81,0.0,0.0,0.0,0.0,,991.81,,,,,,,2571.55,0.0,0.0,0.0,0.0,,2571.55,
2024-08-08,2342.79,2724.1,2320.4,2682.5,586502.88,14.5,2809.95,2954.28,3022.01,False,36.68,12.06,39.42,,,,,,,,,,,,,,,991.81,0.0,0.0,0.0,0.0,,991.81,,,,,,,2571.55,0.0,0.0,0.0,0.0,,2571.55,
2024-08-09,2682.5,2707.98,2552.61,2598.78,406739.96,-3.12,2777.47,2920.42,2990.66,False,37.86,11.4,37.29,,,,,,,,,,,,,,,991.81,0.0,0.0,0.0,0.0,,991.81,,,,,,,2571.55,0.0,0.0,0.0,0.0,,2571.55,
2024-08-10,2598.79,2644.7,2576.49,2609.92,171012.36,0.43,2751.69,2890.85,2962.45,False,38.95,11.12,36.36,,,,,,,,,SMALL LL confirmed @ 2111.00,,,,,,991.81,0.0,0.0,0.0,0.0,,991.81,,,,,,,2571.55,0.0,0.0,0.0,0.0,,2571.55,
2024-08-11,2609.92,2720.0,2540.0,2555.38,297098.91,-2.09,2721.49,2858.9,2932.3,False,39.32,13.16,33.95,,,,,,,,,,,,,,,991.81,0.0,0.0,0.0,0.0,,991.81,,,,,,,2571.55,0.0,0.0,0.0,0.0,,2571.55,
2024-08-12,2555.38,2750.0,2510.05,2722.3,483414.25,6.53,2721.61,2845.89,2916.74,False,39.41,13.1,31.0,,,,,,,,,,,,,,,991.81,0.0,0.0,0.0,0.0,,991.81,,,,,,,2571.55,0.0,0.0,0.0,0.0,,2571.55,
2024-08-13,2722.3,2738.4,2611.37,2702.44,325668.7,-0.73,2718.66,2832.23,2900.87,False,39.5,12.48,29.53,,,,,,,,,,,,,,,991.81,0.0,0.0,0.0,0.0,,991.81,,,,,,,2571.55,0.0,0.0,0.0,0.0,,2571.55,
2024-08-14,2702.44,2780.0,2632.2,2661.45,338808.71,-1.52,2709.86,2815.97,2883.14,False,39.19,13.35,27.89,,,,,2780.0,,LH,,,,,,,,991.81,0.0,0.0,0.0,0.0,,991.81,,,,,,,2571.55,0.0,0.0,0.0,0.0,,2571.55,
2024-08-15,2661.45,2675.6,2515.71,2569.89,356546.81,-3.44,2688.33,2792.53,2859.93,False,39.39,12.54,30.63,,,,,,2515.71,HL,,,,,,,,991.81,0.0,0.0,0.0,0.0,,991.81,,,,,,,2571.55,0.0,0.0,0.0,0.0,,2571.55,
2024-08-16,2569.9,2630.97,2550.04,2592.73,270684.14,0.89,2673.62,2773.5,2840.14,False,39.57,12.14,29.64,,,,,,,,,,,,,,,991.81,0.0,0.0,0.0,0.0,,991.81,,,,,,,2571.55,0.0,0.0,0.0,0.0,,2571.55,
2024-08-17,2592.72,2629.69,2587.5,2614.51,89348.68,0.84,2664.53,2758.36,2823.43,False,39.73,11.92,29.12,,,,,,,,,,,,,,,991.81,0.0,0.0,0.0,0.0,,991.81,,,,,,,2571.55,0.0,0.0,0.0,0.0,,2571.55,
2024-08-18,2614.51,2689.16,2594.53,2612.15,174074.06,-0.09,2656.47,2744.43,2807.78,False,39.26,14.02,27.92,,,,,,,,,,,,,,,991.81,0.0,0.0,0.0,0.0,,991.81,,,,,,,2571.55,0.0,0.0,0.0,0.0,,2571.55,
2024-08-19,2612.15,2648.08,2563.58,2636.36,224867.13,0.93,2653.37,2734.14,2795.08,False,38.99,13.48,28.25,,,,,,,,,SMALL LH confirmed @ 2780.00,,,,,,991.81,0.0,0.0,0.0,0.0,,991.81,,,,,,,2571.55,0.0,0.0,0.0,0.0,,2571.55,
2024-08-20,2636.36,2695.0,2555.0,2572.82,281315.88,-2.41,2640.98,2718.78,2778.61,False,38.23,14.76,26.45,,,,,,,,,SMALL HL confirmed @ 2515.71,,,,,,991.81,0.0,0.0,0.0,0.0,,991.81,,,,,,,2571.55,0.0,0.0,0.0,0.0,,2571.55,
2024-08-21,2572.81,2663.74,2536.22,2630.71,245286.62,2.25,2639.4,2710.39,2767.66,False,37.64,13.89,25.77,,,,,,,,,,,,,,,991.81,0.0,0.0,0.0,0.0,,991.81,,,,,,,2571.55,0.0,0.0,0.0,0.0,,2571.55,
2024-08-22,2630.71,2644.69,2584.2,2622.88,199063.12,-0.3,2636.86,2702.06,2756.93,False,37.09,13.48,25.02,,,,,,,,,,,,,,,991.81,0.0,0.0,0.0,0.0,,991.81,,,,,,,2571.55,0.0,0.0,0.0,0.0,,2571.55,
2024-08-23,2622.89,2799.13,2621.4,2762.48,401786.44,5.32,2656.19,2707.81,2757.35,False,34.98,19.68,22.9,,,,,,,,,,,,,,,991.81,0.0,0.0,0.0,0.0,,991.81,,,,,,,2571.55,0.0,0.0,0.0,0.0,,2571.55,
2024-08-24,2762.49,2820.0,2731.26,2768.0,263542.94,0.2,2673.39,2713.54,2758.13,False,32.84,19.85,21.91,2820.0,,LH,,2820.0,,HH,,,,,,,,991.81,0.0,0.0,0.0,0.0,,991.81,,,,,,,2571.55,0.0,0.0,0.0,0.0,,2571.55,
2024-08-25,2768.01,2792.28,2733.21,2746.13,154527.24,-0.79,2684.58,2716.65,2757.25,False,30.84,19.25,21.25,,,,,,,,,,,,,,,991.81,0.0,0.0,0.0,0.0,,991.81,,,,,,,2571.55,0.0,0.0,0.0,0.0,,2571.55,
2024-08-26,2746.12,2762.0,2666.66,2680.49,211708.12,-2.39,2683.95,2713.2,2751.56,False,29.56,18.29,23.67,,,,,,,,,,,,,,,991.81,0.0,0.0,0.0,0.0,,991.81,,,,,,,2571.55,0.0,0.0,0.0,0.0,,2571.55,
2024-08-27,2680.49,2699.98,2392.96,2457.33,412660.72,-8.33,2649.09,2688.83,2729.76,False,30.03,15.59,33.32,,,,,,,,BEAR_BOS,SMALL BEAR BOS @ 2457.33 (level 2515.71),,,,,,991.81,0.0,0.0,0.0,0.0,,991.81,,,,,,,2571.55,0.0,0.0,0.0,0.0,,2571.55,
2024-08-28,2457.33,2554.6,2418.8,2528.33,451266.63,2.89,2630.51,2673.55,2714.84,False,30.48,14.57,31.13,,,,,,,,,,,,,,,991.81,0.0,0.0,0.0,0.0,,991.81,,,,,,,2571.55,0.0,0.0,0.0,0.0,,2571.55,
2024-08-29,2528.33,2595.4,2505.88,2527.61,237002.96,-0.03,2614.68,2659.65,2700.97,False,30.46,15.95,29.75,,,,,,,,,SMALL HH confirmed @ 2820.00,,,,,,991.81,0.0,0.0,0.0,0.0,,991.81,,,,,,,2571.55,0.0,0.0,0.0,0.0,,2571.55,
2024-08-30,2527.6,2552.17,2431.14,2526.0,338379.19,-0.06,2601.03,2646.92,2688.01,False,30.84,14.98,31.69,,,,,,,,,,,,,,,991.81,0.0,0.0,0.0,0.0,,991.81,,,,,,,2571.55,0.0,0.0,0.0,0.0,,2571.55,
2024-08-31,2525.99,2533.95,2491.92,2513.01,97946.11,-0.51,2587.49,2634.17,2675.05,False,31.19,14.65,30.99,,,,,,,,,,,,,,,991.81,0.0,0.0,0.0,0.0,,991.81,,,,,,,2571.55,0.0,0.0,0.0,0.0,,2571.55,
2024-09-01,2513.0,2516.28,2400.0,2425.72,223127.78,-3.47,2562.6,2614.32,2656.58,False,32.0,13.74,33.98,,,,,,,,,,,,,,,991.81,0.0,0.0,0.0,0.0,,991.81,,,,,,,2571.55,0.0,0.0,0.0,0.0,,2571.55,
2024-09-02,2425.71,2564.83,2423.52,2538.01,262632.84,4.63,2558.82,2607.05,2647.8,False,32.18,15.29,31.42,,,,,,,,,,,,,,,991.81,0.0,0.0,0.0,0.0,,991.81,,,,,,,2571.55,0.0,0.0,0.0,0.0,,2571.55,
2024-09-03,2538.0,2553.6,2411.12,2425.29,224793.13,-4.44,2538.28,2589.74,2631.32,False,32.42,14.13,29.71,,,,,,,,,,,,,,,991.81,0.0,0.0,0.0,0.0,,991.81,,,,,,,2571.55,0.0,0.0,0.0,0.0,,2571.55,
2024-09-04,2425.28,2490.0,2306.65,2450.71,384179.39,1.05,2524.81,2576.5,2617.94,False,33.19,12.79,32.29,,,,,,,,,,,,,,,991.81,0.0,0.0,0.0,0.0,,991.81,,,,,,,2571.55,0.0,0.0,0.0,0.0,,2571.55,
2024-09-05,2450.71,2466.0,2348.04,2368.81,278549.1,-3.34,2500.81,2556.72,2599.48,False,33.91,12.01,30.3,,,,,,,,,,,,,,,991.81,0.0,0.0,0.0,0.0,,991.81,,,,,,,2571.55,0.0,0.0,0.0,0.0,,2571.55,
2024-09-06,2368.81,2408.83,2150.55,2225.23,643027.11,-6.06,2458.41,2525.15,2571.76,False,35.42,10.48,36.15,,2150.55,HL,,,,,,,,,,,,991.81,0.0,0.0,0.0,0.0,,991.81,,,,,,,2571.55,0.0,0.0,0.0,0.0,,2571.55,
2024-09-07,2225.24,2311.27,2220.98,2273.58,219453.21,2.17,2429.97,2501.19,2549.67,False,36.82,10.01,34.51,,,,,,2220.98,LL,,,,,,,,991.81,0.0,0.0,0.0,0.0,,991.81,,,,,,,2571.55,0.0,0.0,0.0,0.0,,2571.55,
2024-09-08,2273.58,2333.58,2240.94,2297.3,192775.65,1.04,2409.56,2481.77,2530.98,False,37.83,10.68,32.85,,,,,,,,,,,,,,,991.81,0.0,0.0,0.0,0.0,,991.81,,,,,,,2571.55,0.0,0.0,0.0,0.0,,2571.55,
2024-09-09,2297.3,2381.41,2272.8,2359.5,321698.99,2.71,2401.86,2470.13,2518.28,False,38.14,12.58,30.98,,,,,,,,,,,,,,,991.81,0.0,0.0,0.0,0.0,,991.81,,,,,,,2571.55,0.0,0.0,0.0,0.0,,2571.55,
2024-09-10,2359.51,2400.0,2320.41,2388.52,224382.17,1.23,2399.81,2462.35,2508.67,False,38.19,13.05,29.64,,,,,,,,,,,,,,,991.81,0.0,0.0,0.0,0.0,,991.81,,,,,,,2571.55,0.0,0.0,0.0,0.0,,2571.55,
2024-09-11,2388.52,2389.32,2277.68,2340.55,282898.31,-2.01,2390.69,2450.75,2496.21,False,38.48,12.25,30.17,,,,,,,,,,,,,,,991.81,0.0,0.0,0.0,0.0,,991.81,,,,,,,2571.55,0.0,0.0,0.0,0.0,,2571.55,
2024-09-12,2340.54,2391.93,2315.39,2361.76,202611.13,0.91,2386.24,2442.28,2486.25,False,38.72,11.87,28.87,,,,,,,,,SMALL LL confirmed @ 2220.98,,,,,,991.81,0.0,0.0,0.0,0.0,,991.81,,,,,,,2571.55,0.0,0.0,0.0,0.0,,2571.55,
2024-09-13,2361.75,2464.82,2337.35,2439.19,253888.62,3.28,2394.39,2441.98,2482.77,False,37.94,15.13,26.79,,,,,2464.82,,LH,,,,,,,,991.81,0.0,0.0,0.0,0.0,,991.81,,,,,,,2571.55,0.0,0.0,0.0,0.0,,2571.55,
2024-09-14,2439.19,2440.6,2376.72,2417.79,122931.23,-0.88,2397.99,2439.68,2477.95,False,37.22,14.56,25.79,,,,,,,,,,,,,,,991.81,0.0,0.0,0.0,0.0,,991.81,,,,,,,2571.55,0.0,0.0,0.0,0.0,,2571.55,
2024-09-15,2417.8,2430.32,2283.75,2316.1,174364.19,-4.21,2385.39,2427.91,2465.96,False,37.2,13.33,28.97,,,,,,,,,,,,,,,991.81,0.0,0.0,0.0,0.0,,991.81,,,,,,,2571.55,0.0,0.0,0.0,0.0,,2571.55,
2024-09-16,2316.09,2335.7,2252.39,2295.68,330555.23,-0.88,2371.59,2415.32,2453.35,False,37.38,12.68,29.4,,,,,,2252.39,HL,,,,,,,,991.81,0.0,0.0,0.0,0.0,,991.81,,,,,,,2571.55,0.0,0.0,0.0,0.0,,2571.55,
2024-09-17,2295.67,2393.63,2263.29,2341.8,274206.26,2.01,2367.01,2408.32,2445.09,False,36.75,15.11,27.15,,,,,,,,,,,,,,,991.81,0.0,0.0,0.0,0.0,,991.81,,,,,,,2571.55,0.0,0.0,0.0,0.0,,2571.55,
2024-09-18,2341.79,2376.14,2277.34,2374.75,292917.6,1.41,2368.2,2405.12,2439.88,False,36.16,14.22,25.55,,,,,,,,,SMALL LH confirmed @ 2464.82,,,,,,991.81,0.0,0.0,0.0,0.0,,991.81,,,,,,,2571.55,0.0,0.0,0.0,0.0,,2571.55,
2024-09-19,2374.74,2494.95,2372.6,2465.21,326746.03,3.81,2383.12,2410.84,2441.75,False,34.14,20.24,23.7,,,,,,,,BULL_CHOCH,SMALL BULL CHOCH @ 2465.21 (level 2464.82),1232.6,-50.0,1.0,0.402323,991.81,991.81,0.0,0.0,495.91,495.91,0.0,495.91,"ENTRY @ 2465.21 (small green CHoCH, margin $495.91 [50% of bank] @ 2x [ADX 34.1, zone red], 0.402323 units)",1232.6,-50.0,1.0,1.043137,2571.55,2571.55,0.0,0.0,1285.78,1285.78,0.0,1285.78,"ENTRY @ 2465.21 (small green CHoCH, margin $1285.78 [50% of bank] @ 2x [ADX 34.1, zone red], 1.043137 units)"
2024-09-20,2465.21,2571.93,2437.31,2561.4,340754.59,3.9,2410.55,2425.18,2450.62,False,31.91,23.17,21.82,,,,,,,,,,1232.6,-51.88,1.0,0.402323,1030.51,1030.51,38.7,3.9,534.6,515.26,19.35,495.91,,1232.6,-51.88,1.0,1.043137,2671.89,2671.89,100.34,3.9,1386.12,1335.95,50.17,1285.78,
2024-09-21,2561.4,2623.34,2528.97,2612.4,154757.88,1.99,2441.6,2443.01,2462.6,False,30.32,24.94,20.58,,,,,,,,,SMALL HL confirmed @ 2252.39,1232.6,-52.82,1.0,0.402323,1051.03,1051.03,20.52,1.99,555.12,525.51,29.61,495.91,,1232.6,-52.82,1.0,1.043137,2725.09,2725.09,53.2,1.99,1439.32,1362.55,76.77,1285.78,
2024-09-22,2612.4,2632.57,2524.58,2581.0,214266.33,-1.2,2463.05,2456.15,2471.37,False,28.92,23.87,19.24,,,,,,,,,,1232.6,-52.24,1.0,0.402323,1038.4,1038.4,-12.63,-1.2,542.49,519.2,23.29,495.91,,1232.6,-52.24,1.0,1.043137,2692.34,2692.34,-32.75,-1.2,1406.56,1346.17,60.39,1285.78,
2024-09-23,2580.99,2702.82,2539.49,2646.97,333282.01,2.56,2491.34,2474.33,2484.38,True,28.23,25.71,17.4,,,,,,,,,,1232.6,-53.43,1.0,0.402323,1064.94,1064.94,26.54,2.56,569.03,532.47,36.56,495.91,,1232.6,-53.43,1.0,1.043137,2761.15,2761.15,68.82,2.56,1475.38,1380.58,94.8,1285.78,
2024-09-24,2646.98,2670.96,2591.56,2653.2,288600.04,0.24,2516.25,2491.36,2496.88,True,27.59,24.48,16.57,,,,,,,,,BIG LL confirmed @ 2111.00,1232.6,-53.54,1.0,0.402323,1067.44,1067.44,2.51,0.24,571.54,533.72,37.82,495.91,,1232.6,-53.54,1.0,1.043137,2767.65,2767.65,6.5,0.24,1481.88,1383.83,98.05,1285.78,
2024-09-25,2653.2,2673.5,2554.05,2579.95,220343.43,-2.76,2526.05,2499.8,2503.04,True,26.52,22.72,17.63,,,,,,,,,,1232.6,-52.22,1.0,0.402323,1037.97,1037.97,-29.47,-2.76,542.07,518.99,23.08,495.91,,1232.6,-52.22,1.0,1.043137,2691.24,2691.24,-76.41,-2.76,1405.47,1345.62,59.84,1285.78,
2024-09-26,2580.09,2666.22,2559.2,2632.26,278686.36,2.03,2542.39,2512.41,2512.61,True,25.53,21.25,16.49,,,,,,,,,,1232.6,-53.17,1.0,0.402323,1059.02,1059.02,21.05,2.03,563.11,529.51,33.6,495.91,,1232.6,-53.17,1.0,1.043137,2745.81,2745.81,54.57,2.03,1460.03,1372.9,87.13,1285.78,
2024-09-27,2632.25,2728.6,2615.21,2694.43,281826.98,2.36,2565.78,2529.75,2526.08,True,25.21,23.57,15.36,,,,,2728.6,,HH,,,1232.6,-54.25,1.0,0.402323,1084.03,1084.03,25.01,2.36,588.13,542.02,46.11,495.91,,1232.6,-54.25,1.0,1.043137,2810.66,2810.66,64.85,2.36,1524.88,1405.33,119.55,1285.78,
2024-09-28,2694.43,2704.35,2650.0,2675.21,137230.03,-0.71,2582.61,2543.6,2537.12,True,24.92,22.76,14.83,,,,,,,,,,1232.6,-53.92,1.0,0.402323,1076.3,1076.3,-7.73,-0.71,580.39,538.15,42.24,495.91,,1232.6,-53.92,1.0,1.043137,2790.61,2790.61,-20.05,-0.71,1504.84,1395.31,109.53,1285.78,
2024-09-29,2675.21,2683.7,2629.73,2657.62,160554.31,-0.66,2594.15,2554.46,2546.05,True,24.34,21.96,15.63,,,,,,,,,,1232.6,-53.62,1.0,0.402323,1069.22,1069.22,-7.08,-0.66,573.32,534.61,38.71,495.91,,1232.6,-53.62,1.0,1.043137,2772.26,2772.26,-18.35,-0.66,1486.49,1386.13,100.36,1285.78,
2024-09-30,2657.62,2663.5,2575.0,2602.23,282475.8,-2.08,2595.4,2559.01,2550.21,True,23.03,20.67,18.35,,,,,,,,,,1232.6,-52.63,1.0,0.402323,1046.94,1046.94,-22.28,-2.08,551.03,523.47,27.56,495.91,,1232.6,-52.63,1.0,1.043137,2714.48,2714.48,-57.78,-2.08,1428.71,1357.24,71.47,1285.78,
2024-10-01,2602.24,2659.0,2414.0,2447.79,502828.68,-5.93,2572.69,2548.42,2542.62,True,22.68,17.58,25.42,,,,,,,,,,1232.6,-49.64,1.0,0.402323,984.8,984.8,-62.13,-5.93,488.9,492.4,-3.5,495.91,,1232.6,-49.64,1.0,1.043137,2553.38,2553.38,-161.1,-5.93,1267.6,1276.69,-9.09,1285.78,
2024-10-02,2447.78,2499.0,2352.0,2364.1,317484.74,-3.42,2540.6,2530.86,2529.4,True,22.87,16.03,26.9,,,,,,,,,SMALL HH confirmed @ 2728.60,1232.6,-47.86,1.0,0.402323,951.13,951.13,-33.67,-3.42,455.23,475.57,-20.34,495.91,,1232.6,-47.86,1.0,1.043137,2466.08,2466.08,-87.3,-3.42,1180.3,1233.04,-52.74,1285.78,
2024-10-03,2364.09,2403.38,2310.0,2349.8,314635.93,-0.6,2511.24,2513.62,2516.1,False,23.36,15.12,27.92,,,,,,2310.0,HL,,,1232.6,-47.54,1.0,0.402323,945.38,945.38,-5.75,-0.6,449.47,472.69,-23.22,495.91,,1232.6,-47.54,1.0,1.043137,2451.16,2451.16,-14.92,-0.6,1165.39,1225.58,-60.19,1285.78,
2024-10-04,2349.8,2441.64,2339.15,2414.41,239383.02,2.75,2496.35,2504.17,2508.56,False,23.31,16.52,26.17,,,,,,,,,,1232.6,-48.95,1.0,0.402323,971.37,971.37,25.99,2.75,475.47,485.69,-10.22,495.91,,1232.6,-48.95,1.0,1.043137,2518.56,2518.56,67.4,2.75,1232.79,1259.28,-26.5,1285.78,
2024-10-05,2414.41,2428.23,2390.05,2414.66,103740.23,0.01,2483.78,2495.65,2501.61,False,23.26,16.11,25.52,,,,,,,,,,1232.6,-48.95,1.0,0.402323,971.47,971.47,0.1,0.01,475.57,485.74,-10.17,495.91,,1232.6,-48.95,1.0,1.043137,2518.82,2518.82,0.26,0.01,1233.05,1259.41,-26.37,1285.78,
2024-10-06,2414.66,2457.8,2407.0,2440.03,105752.71,1.05,2477.05,2490.35,2497.05,False,22.8,17.55,24.65,,,,,,,,,,1232.6,-49.48,1.0,0.402323,981.68,981.68,10.21,1.05,485.77,490.84,-5.07,495.91,,1232.6,-49.48,1.0,1.043137,2545.29,2545.29,26.46,1.05,1259.51,1272.64,-13.13,1285.78,
2024-10-07,2440.02,2521.0,2403.0,2422.71,300459.54,-0.71,2468.69,2483.91,2491.54,False,21.56,20.37,22.72,,,,,2521.0,,LH,,,1232.6,-49.12,1.0,0.402323,974.71,974.71,-6.97,-0.71,478.81,487.36,-8.55,495.91,,1232.6,-49.12,1.0,1.043137,2527.22,2527.22,-18.07,-0.71,1241.44,1263.61,-22.17,1285.78,
2024-10-08,2422.7,2466.66,2401.18,2440.89,201358.33,0.75,2464.41,2479.81,2487.79,False,20.43,19.46,21.83,,,,,,,,,SMALL HL confirmed @ 2310.00,1232.6,-49.5,1.0,0.402323,982.03,982.03,7.31,0.75,486.12,491.01,-4.89,495.91,,1232.6,-49.5,1.0,1.043137,2546.18,2546.18,18.96,0.75,1260.41,1273.09,-12.68,1285.78,
2024-10-09,2440.88,2473.61,2351.42,2370.47,242082.27,-2.89,2449.96,2469.4,2479.1,False,19.93,17.85,23.39,,,,,,,,,,1232.6,-48.0,1.0,0.402323,953.69,953.69,-28.33,-2.89,457.79,476.85,-19.06,495.91,,1232.6,-48.0,1.0,1.043137,2472.73,2472.73,-73.46,-2.89,1186.95,1236.36,-49.41,1285.78,
2024-10-10,2370.47,2421.36,2330.66,2386.49,257862.96,0.68,2440.19,2461.5,2472.24,False,19.68,16.75,23.36,,,,,,2330.66,HL,,,1232.6,-48.35,1.0,0.402323,960.14,960.14,6.45,0.68,464.23,480.07,-15.84,495.91,,1232.6,-48.35,1.0,1.043137,2489.44,2489.44,16.71,0.68,1203.66,1244.72,-41.06,1285.78,
2024-10-11,2386.49,2471.45,2381.86,2439.5,235441.22,2.22,2440.09,2459.41,2469.81,False,18.75,19.17,21.91,,,,,,,,,,1232.6,-49.47,1.0,0.402323,981.47,981.47,21.33,2.22,485.56,490.73,-5.17,495.91,,1232.6,-49.47,1.0,1.043137,2544.73,2544.73,55.3,2.22,1258.96,1272.37,-13.41,1285.78,
2024-10-12,2439.49,2490.51,2434.35,2476.4,139637.51,1.51,2445.67,2461.02,2470.3,False,17.63,19.76,21.03,,,,,,,,,SMALL LH confirmed @ 2521.00,1232.6,-50.23,1.0,0.402323,996.31,996.31,14.85,1.51,500.41,498.16,2.25,495.91,,1232.6,-50.23,1.0,1.043137,2583.23,2583.23,38.49,1.51,1297.45,1291.61,5.84,1285.78,
2024-10-13,2476.4,2484.92,2436.4,2468.91,120022.82,-0.3,2449.25,2461.78,2470.2,False,16.6,19.05,20.28,,,,,,,,,BIG LH confirmed @ 2820.00,1232.6,-50.07,1.0,0.402323,993.3,993.3,-3.01,-0.3,497.39,496.65,0.74,495.91,,1232.6,-50.07,1.0,1.043137,2575.41,2575.41,-7.81,-0.3,1289.64,1287.71,1.93,1285.78,
2024-10-14,2468.92,2654.0,2443.39,2629.79,435900.16,6.52,2477.02,2477.78,2482.02,False,17.07,27.86,17.36,,,,,,,,BULL_BOS,SMALL BULL BOS @ 2629.79 (level 2521.00),1232.6,-53.13,1.0,0.402323,1058.03,1058.03,64.73,6.52,562.12,529.01,33.11,495.91,,1232.6,-53.13,1.0,1.043137,2743.23,2743.23,167.82,6.52,1457.46,1371.62,85.84,1285.78,
2024-10-15,2629.79,2688.6,2537.36,2607.41,416285.67,-0.85,2497.08,2490.12,2491.31,True,17.8,27.36,15.62,,,,,,,,,SMALL HL confirmed @ 2330.66,1232.6,-52.73,1.0,0.402323,1049.02,1049.02,-9.0,-0.85,553.12,524.51,28.61,495.91,,1232.6,-52.73,1.0,1.043137,2719.89,2719.89,-23.35,-0.85,1434.11,1359.94,74.17,1285.78,
2024-10-16,2607.41,2647.79,2588.67,2611.1,260322.42,0.14,2514.62,2501.64,2500.18,True,18.48,26.25,14.99,,,,,,,,,,1232.6,-52.79,1.0,0.402323,1050.51,1050.51,1.48,0.14,554.6,525.25,29.35,495.91,,1232.6,-52.79,1.0,1.043137,2723.74,2723.74,3.85,0.14,1437.96,1361.87,76.09,1285.78,
2024-10-17,2611.1,2648.37,2575.4,2605.8,221624.54,-0.2,2528.65,2511.56,2508.01,True,18.9,24.91,15.16,,,,,,,,,,1232.6,-52.7,1.0,0.402323,1048.37,1048.37,-2.13,-0.2,552.47,524.19,28.28,495.91,,1232.6,-52.7,1.0,1.043137,2718.21,2718.21,-5.53,-0.2,1432.43,1359.1,73.33,1285.78,
2024-10-18,2605.79,2675.58,2596.49,2642.17,292444.12,1.4,2546.12,2524.0,2517.94,True,19.55,25.45,14.3,,,,,,,,,,1232.6,-53.35,1.0,0.402323,1063.01,1063.01,14.63,1.4,567.1,531.5,35.6,495.91,,1232.6,-53.35,1.0,1.043137,2756.15,2756.15,37.94,1.4,1470.37,1378.07,92.3,1285.78,
2024-10-19,2642.17,2663.49,2631.02,2648.2,105413.76,0.23,2561.82,2535.83,2527.59,True,20.16,24.83,13.96,,,,,,,,,,1232.6,-53.45,1.0,0.402323,1065.43,1065.43,2.43,0.23,569.53,532.72,36.81,495.91,,1232.6,-53.45,1.0,1.043137,2762.44,2762.44,6.29,0.23,1476.66,1381.22,95.44,1285.78,
2024-10-20,2648.2,2759.0,2635.54,2746.91,256910.74,3.73,2590.3,2555.93,2543.84,True,21.57,29.57,12.7,,,,,,,,,,1232.6,-55.13,1.0,0.402323,1105.15,1105.15,39.71,3.73,609.24,552.57,56.67,495.91,,1232.6,-55.13,1.0,1.043137,2865.4,2865.4,102.97,3.73,1579.63,1432.7,146.93,1285.78,
2024-10-21,2746.91,2769.48,2655.01,2666.7,310674.72,-2.92,2602.05,2566.48,2552.94,True,22.96,27.88,11.65,,,,,2769.48,,HH,,,1232.6,-53.78,1.0,0.402323,1072.88,1072.88,-32.27,-2.92,576.97,536.44,40.53,495.91,,1232.6,-53.78,1.0,1.043137,2781.73,2781.73,-83.67,-2.92,1495.96,1390.87,105.09,1285.78,
2024-10-22,2666.71,2671.92,2606.56,2622.81,265747.71,-1.65,2605.24,2571.85,2558.11,True,23.38,26.54,14.67,,,,,,,,,,1232.6,-53.0,1.0,0.402323,1055.22,1055.22,-17.66,-1.65,559.31,527.61,31.7,495.91,,1232.6,-53.0,1.0,1.043137,2735.95,2735.95,-45.78,-1.65,1450.17,1367.98,82.2,1285.78,
2024-10-23,2622.81,2628.2,2450.0,2524.61,352647.71,-3.74,2592.84,2567.35,2555.63,True,21.79,23.23,23.78,,,,,,,,,,1232.6,-51.18,1.0,0.402323,1015.71,1015.71,-39.51,-3.74,519.8,507.85,11.95,495.91,,1232.6,-51.18,1.0,1.043137,2633.52,2633.52,-102.44,-3.74,1347.74,1316.76,30.98,1285.78,
2024-10-24,2524.6,2562.65,2507.31,2535.82,290851.78,0.44,2584.07,2564.35,2554.16,True,20.32,22.31,22.83,,,,,,,,,,1232.6,-51.39,1.0,0.402323,1020.22,1020.22,4.51,0.44,524.31,510.11,14.2,495.91,,1232.6,-51.39,1.0,1.043137,2645.21,2645.21,11.69,0.44,1359.43,1322.6,36.83,1285.78,
2024-10-25,2535.82,2566.33,2382.59,2440.62,514799.88,-3.75,2562.0,2552.56,2545.75,True,20.2,19.52,28.46,,,,,,2382.59,HL,,,1232.6,-49.5,1.0,0.402323,981.92,981.92,-38.3,-3.75,486.01,490.96,-4.95,495.91,,1232.6,-49.5,1.0,1.043137,2545.9,2545.9,-99.31,-3.75,1260.13,1272.95,-12.83,1285.78,
2024-10-26,2440.63,2508.0,2430.12,2482.51,248724.83,1.72,2549.77,2545.89,2541.07,True,20.09,18.46,26.92,,,,,,,,,BIG HL confirmed @ 2150.55 | SMALL HH confirmed @ 2769.48,1232.6,-50.35,1.0,0.402323,998.77,998.77,16.85,1.72,502.87,499.39,3.48,495.91,,1232.6,-50.35,1.0,1.043137,2589.6,2589.6,43.7,1.72,1303.82,1294.8,9.02,1285.78,
2024-10-27,2482.51,2527.99,2464.13,2507.8,137580.88,1.02,2543.31,2542.26,2538.61,True,19.71,19.05,25.7,,,,,,,,,,1232.6,-50.85,1.0,0.402323,1008.95,1008.95,10.17,1.02,513.04,504.47,8.57,495.91,,1232.6,-50.85,1.0,1.043137,2615.98,2615.98,26.38,1.02,1330.2,1307.99,22.21,1285.78,
2024-10-28,2507.8,2589.67,2471.67,2567.48,360605.33,2.38,2547.03,2544.66,2540.74,True,18.58,21.81,23.56,,,,,,,,,,1232.6,-51.99,1.0,0.402323,1032.96,1032.96,24.01,2.38,537.05,516.48,20.57,495.91,,1232.6,-51.99,1.0,1.043137,2678.23,2678.23,62.25,2.38,1392.46,1339.12,53.34,1285.78,
2024-10-29,2567.49,2681.86,2561.2,2638.8,451915.7,2.78,2561.15,2553.63,2548.01,True,17.97,26.38,21.59,,,,,,,,,,1232.6,-53.29,1.0,0.402323,1061.65,1061.65,28.69,2.78,565.74,530.83,34.92,495.91,,1232.6,-53.29,1.0,1.043137,2752.63,2752.63,74.4,2.78,1466.85,1376.32,90.54,1285.78,
2024-10-30,2638.8,2722.3,2599.66,2659.19,460627.13,0.77,2576.23,2563.68,2556.24,True,17.78,26.93,19.78,,,,,2722.3,,LH,,SMALL HL confirmed @ 2382.59,1232.6,-53.65,1.0,0.402323,1069.85,1069.85,8.2,0.77,573.95,534.93,39.02,495.91,,1232.6,-53.65,1.0,1.043137,2773.9,2773.9,21.27,0.77,1488.12,1386.95,101.17,1285.78,
2024-10-31,2659.19,2669.0,2503.0,2518.61,403427.2,-5.29,2567.37,2559.39,2553.46,True,16.51,24.0,23.97,,,,,,,,,,1232.6,-51.06,1.0,0.402323,1013.29,1013.29,-56.56,-5.29,517.39,506.65,10.74,495.91,,1232.6,-51.06,1.0,1.043137,2627.26,2627.26,-146.64,-5.29,1341.48,1313.63,27.85,1285.78,
2024-11-01,2518.61,2586.8,2467.67,2511.49,430249.11,-0.28,2558.77,2554.83,2550.35,True,15.68,22.13,24.41,,,,,,,,,,1232.6,-50.92,1.0,0.402323,1010.43,1010.43,-2.86,-0.28,514.52,505.22,9.31,495.91,,1232.6,-50.92,1.0,1.043137,2619.83,2619.83,-7.43,-0.28,1334.05,1309.91,24.14,1285.78,
2024-11-02,2511.49,2523.45,2470.0,2494.23,145961.13,-0.69,2548.84,2549.06,2546.19,True,14.91,21.33,23.53,,,,,,,,,,1232.6,-50.58,1.0,0.402323,1003.49,1003.49,-6.94,-0.69,507.58,501.74,5.84,495.91,,1232.6,-50.58,1.0,1.043137,2601.82,2601.82,-18.0,-0.69,1316.05,1300.91,15.14,1285.78,
2024-11-03,2494.23,2496.39,2411.0,2457.73,276009.12,-1.46,2534.82,2540.36,2539.64,False,14.79,20.08,26.2,,,,,,,,,,1232.6,-49.85,1.0,0.402323,988.8,988.8,-14.68,-1.46,492.9,494.4,-1.5,495.91,,1232.6,-49.85,1.0,1.043137,2563.75,2563.75,-38.07,-1.46,1277.97,1281.88,-3.9,1285.78,
2024-11-04,2457.73,2491.39,2357.59,2398.21,306316.96,-2.42,2513.81,2526.82,2529.16,False,15.17,18.27,27.44,,,,,,2357.59,LL,,SMALL LH confirmed @ 2722.30,1232.6,-48.6,1.0,0.402323,964.86,964.86,-23.95,-2.42,468.95,482.43,-13.48,495.91,,1232.6,-48.6,1.0,1.043137,2501.66,2501.66,-62.09,-2.42,1215.89,1250.83,-34.95,1285.78,
2024-11-05,2398.21,2480.0,2380.74,2422.55,331619.25,1.01,2499.77,2516.89,2521.26,False,15.52,17.04,25.59,,,,,,,,,,1232.6,-49.12,1.0,0.402323,974.65,974.65,9.79,1.01,478.74,487.32,-8.58,495.91,,1232.6,-49.12,1.0,1.043137,2527.05,2527.05,25.39,1.01,1241.28,1263.53,-22.25,1285.78,
2024-11-06,2422.6,2744.7,2420.3,2721.87,1002141.36,12.36,2533.94,2536.41,2536.12,False,15.64,29.38,20.7,,,,,,,,,,1232.6,-54.71,1.0,0.402323,1095.07,1095.07,120.42,12.36,599.17,547.54,51.63,495.91,,1232.6,-54.71,1.0,1.043137,2839.28,2839.28,312.23,12.36,1553.51,1419.64,133.87,1285.78,
2024-11-07,2721.88,2916.11,2699.49,2895.47,730845.95,6.38,2589.56,2570.61,2562.74,True,16.82,35.39,18.2,,,,BULL_CHOCH,,,,BULL_BOS,BIG BULL CHOCH @ 2895.47 (level 2820.00) | SMALL BULL BOS @ 2895.47 (level 2722.30),1232.6,-57.43,1.0,0.402323,1164.91,1164.91,69.84,6.38,669.01,582.46,86.55,495.91,,1232.6,-57.43,1.0,1.043137,3020.37,3020.37,181.09,6.38,1734.6,1510.19,224.41,1285.78,
2024-11-08,2895.47,2981.69,2886.4,2961.75,568864.44,2.29,2646.82,2607.86,2592.3,True,18.24,37.2,17.22,,,,,,,,,,1232.6,-58.38,1.0,0.402323,1191.58,1191.58,26.67,2.29,695.67,595.79,99.88,495.91,,1232.6,-58.38,1.0,1.043137,3089.51,3089.51,69.14,2.29,1803.74,1544.76,258.98,1285.78,
2024-11-09,2961.75,3157.4,2953.71,3126.21,526719.42,5.55,2720.57,2657.23,2631.85,True,20.3,42.63,15.31,,,,,,,,,SMALL LL confirmed @ 2357.59,1232.6,-60.57,1.0,0.402323,1257.75,1257.75,66.17,5.55,761.84,628.87,132.97,495.91,,1232.6,-60.57,1.0,1.043137,3261.07,3261.07,171.55,5.55,1975.29,1630.53,344.76,1285.78,
2024-11-10,3126.2,3248.52,3069.0,3183.21,865536.73,1.82,2791.75,2707.32,2672.69,True,22.54,43.41,13.85,,,,,,,,,,1232.6,-61.28,1.0,0.402323,1280.68,1280.68,22.93,1.82,784.77,640.34,144.43,495.91,,1232.6,-61.28,1.0,1.043137,3320.53,3320.53,59.46,1.82,2034.75,1660.26,374.49,1285.78,
2024-11-11,3183.2,3387.61,3105.0,3371.59,1000093.97,5.92,2880.95,2770.58,2724.46,True,25.04,44.21,11.93,,,,,,,,,,1232.6,-63.44,1.0,0.402323,1356.47,1356.47,75.79,5.92,860.56,678.23,182.33,495.91,,1232.6,-63.44,1.0,1.043137,3517.03,3517.03,196.51,5.92,2231.26,1758.52,472.74,1285.78,
2024-11-12,3371.59,3442.5,3207.67,3243.8,973215.73,-3.79,2936.78,2815.65,2762.93,True,27.51,41.91,10.61,,,,,3442.5,,HH,,,1232.6,-62.0,1.0,0.402323,1305.06,1305.06,-51.41,-3.79,809.15,652.53,156.62,495.91,,1232.6,-62.0,1.0,1.043137,3383.73,3383.73,-133.3,-3.79,2097.95,1691.86,406.09,1285.78,
2024-11-13,3243.79,3331.0,3116.69,3187.16,919686.37,-1.75,2975.3,2851.03,2794.35,True,28.88,37.8,13.73,,,,,,,,,,1232.6,-61.33,1.0,0.402323,1282.27,1282.27,-22.79,-1.75,786.36,641.13,145.23,495.91,,1232.6,-61.33,1.0,1.043137,3324.65,3324.65,-59.08,-1.75,2038.87,1662.32,376.55,1285.78,
2024-11-14,3187.16,3240.4,3028.56,3058.82,605780.67,-4.03,2988.15,2870.82,2813.94,True,29.34,34.23,16.36,,,,,,,,,,1232.6,-59.7,1.0,0.402323,1230.63,1230.63,-51.63,-4.03,734.73,615.32,119.41,495.91,,1232.6,-59.7,1.0,1.043137,3190.77,3190.77,-133.88,-4.03,1904.99,1595.38,309.61,1285.78,
2024-11-15,3058.81,3131.06,3014.5,3090.01,519623.63,1.02,3003.82,2891.7,2834.39,True,29.64,32.42,16.14,,,,,,3014.5,HL,,,1232.6,-60.11,1.0,0.402323,1243.18,1243.18,12.55,1.02,747.28,621.59,125.69,495.91,,1232.6,-60.11,1.0,1.043137,3223.31,3223.31,32.54,1.02,1937.53,1611.65,325.88,1285.78,
2024-11-16,3090.01,3219.97,3072.0,3132.87,423639.16,1.39,3023.67,2914.67,2856.5,True,30.31,34.29,15.05,,,,,,,,,,1232.6,-60.66,1.0,0.402323,1260.43,1260.43,17.24,1.39,764.52,630.21,134.31,495.91,,1232.6,-60.66,1.0,1.043137,3268.01,3268.01,44.71,1.39,1982.24,1634.01,348.23,1285.78,
2024-11-17,3132.88,3162.11,3034.99,3076.0,449818.96,-1.82,3031.72,2930.03,2872.76,True,30.57,32.27,15.87,,,,,,,,,SMALL HH confirmed @ 3442.50,1232.6,-59.93,1.0,0.402323,1237.55,1237.55,-22.88,-1.82,741.64,618.77,122.87,495.91,,1232.6,-59.93,1.0,1.043137,3208.69,3208.69,-59.32,-1.82,1922.91,1604.35,318.57,1285.78,
2024-11-18,3075.99,3224.94,3050.01,3207.8,640658.44,4.28,3058.81,2956.49,2897.58,True,31.11,32.56,14.6,,,,,,,,,,1232.6,-61.57,1.0,0.402323,1290.57,1290.57,53.03,4.28,794.67,645.29,149.38,495.91,,1232.6,-61.57,1.0,1.043137,3346.18,3346.18,137.49,4.28,2060.4,1673.09,387.31,1285.78,
2024-11-19,3207.81,3221.2,3065.4,3107.44,500112.02,-3.13,3066.29,2970.86,2913.12,True,31.61,30.23,13.56,,,,,,,,,,1232.6,-60.33,1.0,0.402323,1250.19,1250.19,-40.38,-3.13,754.29,625.1,129.19,495.91,,1232.6,-60.33,1.0,1.043137,3241.49,3241.49,-104.69,-3.13,1955.71,1620.74,334.97,1285.78,
2024-11-20,3107.45,3159.2,3029.41,3069.97,503607.83,-1.21,3066.86,2980.3,2924.74,True,31.69,28.41,14.41,,,,,,,,,SMALL HL confirmed @ 3014.50,1232.6,-59.85,1.0,0.402323,1235.12,1235.12,-15.08,-1.21,739.21,617.56,121.65,495.91,,1232.6,-59.85,1.0,1.043137,3202.4,3202.4,-39.09,-1.21,1916.62,1601.2,315.42,1285.78,
2024-11-21,3069.97,3386.73,3032.59,3355.81,974923.3,9.31,3111.31,3016.06,2956.67,True,32.77,33.8,12.24,,,,,,,,,,1232.6,-63.27,1.0,0.402323,1350.12,1350.12,115.0,9.31,854.21,675.06,179.15,495.91,,1232.6,-63.27,1.0,1.043137,3500.57,3500.57,298.17,9.31,2214.79,1750.29,464.51,1285.78,
2024-11-22,3355.88,3425.92,3257.54,3327.78,603273.71,-0.84,3144.61,3045.75,2984.16,True,33.91,33.05,11.37,,,,,,,,,,1232.6,-62.96,1.0,0.402323,1338.84,1338.84,-11.28,-0.84,842.94,669.42,173.52,495.91,,1232.6,-62.96,1.0,1.043137,3471.33,3471.33,-29.24,-0.84,2185.56,1735.67,449.89,1285.78,
2024-11-23,3327.78,3497.51,3312.72,3393.91,721024.0,1.99,3182.97,3078.91,3014.51,True,35.23,33.49,10.48,,,,,,,,,,1232.6,-63.68,1.0,0.402323,1365.45,1365.45,26.61,1.99,869.54,682.72,186.82,495.91,,1232.6,-63.68,1.0,1.043137,3540.31,3540.31,68.98,1.99,2254.54,1770.16,484.38,1285.78,
2024-11-24,3393.91,3450.0,3281.4,3361.2,479098.09,-0.96,3210.39,3105.79,3040.19,True,36.11,31.11,11.06,,,,,,,,,,1232.6,-63.33,1.0,0.402323,1352.29,1352.29,-13.16,-0.96,856.38,676.14,180.24,495.91,,1232.6,-63.33,1.0,1.043137,3506.19,3506.19,-34.12,-0.96,2220.42,1753.1,467.32,1285.78,
2024-11-25,3361.21,3546.66,3300.01,3414.49,949330.37,1.59,3241.79,3135.19,3067.92,True,37.28,31.93,9.94,,,,,,,,,,1232.6,-63.9,1.0,0.402323,1373.73,1373.73,21.44,1.59,877.82,686.86,190.96,495.91,,1232.6,-63.9,1.0,1.043137,3561.78,3561.78,55.59,1.59,2276.01,1780.89,495.11,1285.78,
2024-11-26,3414.49,3462.49,3252.0,3324.73,672367.15,-2.63,3254.55,3153.24,3086.94,True,37.84,29.22,11.03,,,,,,,,,,1232.6,-62.93,1.0,0.402323,1337.62,1337.62,-36.11,-2.63,841.71,668.81,172.9,495.91,,1232.6,-62.93,1.0,1.043137,3468.15,3468.15,-93.63,-2.63,2182.37,1734.08,448.3,1285.78,
2024-11-27,3324.74,3684.92,3302.4,3653.28,754573.65,9.88,3315.89,3200.87,3128.89,True,39.12,33.33,9.46,,,,,,,,BULL_BOS,SMALL BULL BOS @ 3653.28 (level 3442.50),1232.6,-66.26,1.0,0.402323,1469.8,1469.8,132.18,9.88,973.89,734.9,238.99,495.91,,1232.6,-66.26,1.0,1.043137,3810.87,3810.87,342.72,9.88,2525.1,1905.44,619.66,1285.78,
2024-11-28,3653.27,3661.92,3529.76,3578.79,560976.43,-2.04,3356.34,3236.86,3162.22,True,40.31,31.66,8.99,,,,,,,,,,1232.6,-65.56,1.0,0.402323,1439.83,1439.83,-29.97,-2.04,943.92,719.91,224.01,495.91,,1232.6,-65.56,1.0,1.043137,3733.17,3733.17,-77.7,-2.04,2447.39,1866.58,580.81,1285.78,
2024-11-29,3578.8,3647.98,3534.28,3592.21,425493.24,0.37,3392.63,3270.7,3194.07,True,41.42,30.25,8.59,,,,,,,,,,1232.6,-65.69,1.0,0.402323,1445.23,1445.23,5.4,0.37,949.32,722.61,226.71,495.91,,1232.6,-65.69,1.0,1.043137,3747.17,3747.17,14.0,0.37,2461.39,1873.58,587.81,1285.78,
2024-11-30,3592.22,3738.98,3568.4,3703.6,503684.75,3.1,3440.47,3311.93,3231.81,True,42.73,31.8,8.01,,,,,,,,,,1232.6,-66.72,1.0,0.402323,1490.04,1490.04,44.81,3.1,994.14,745.02,249.12,495.91,,1232.6,-66.72,1.0,1.043137,3863.36,3863.36,116.2,3.1,2577.59,1931.68,645.91,1285.78,
2024-12-01,3703.59,3746.8,3659.2,3707.61,429089.26,0.11,3481.57,3349.61,3267.06,True,43.97,30.98,7.73,,,,,,,,,,1232.6,-66.75,1.0,0.402323,1491.66,1491.66,1.61,0.11,995.75,745.83,249.92,495.91,,1232.6,-66.75,1.0,1.043137,3867.55,3867.55,4.18,0.11,2581.77,1933.77,648.0,1285.78,
2024-12-02,3707.61,3760.0,3554.32,3643.42,737130.57,-1.73,3506.47,3377.6,3294.94,True,43.9,28.41,11.31,,,,,,,,,,1232.6,-66.17,1.0,0.402323,1465.83,1465.83,-25.83,-1.73,969.93,732.92,237.01,495.91,,1232.6,-66.17,1.0,1.043137,3800.59,3800.59,-66.96,-1.73,2514.81,1900.29,614.52,1285.78,
2024-12-03,3643.43,3670.0,3500.0,3614.51,678400.2,-0.79,3523.09,3400.16,3318.61,True,43.26,26.46,12.73,,,,,,,,,,1232.6,-65.9,1.0,0.402323,1454.2,1454.2,-11.63,-0.79,958.3,727.1,231.19,495.91,,1232.6,-65.9,1.0,1.043137,3770.43,3770.43,-30.16,-0.79,2484.65,1885.22,599.44,1285.78,
2024-12-04,3614.51,3887.24,3614.51,3837.8,968744.04,6.18,3571.51,3441.84,3357.07,True,43.58,32.11,11.38,,,,,,,,,,1232.6,-67.88,1.0,0.402323,1544.04,1544.04,89.83,6.18,1048.13,772.02,276.11,495.91,,1232.6,-67.88,1.0,1.043137,4003.35,4003.35,232.92,6.18,2717.58,2001.68,715.9,1285.78,
2024-12-05,3837.8,3956.0,3677.0,3785.2,946493.28,-1.37,3604.38,3474.54,3388.78,True,44.1,31.33,10.19,,,,,,,,,,1232.6,-67.44,1.0,0.402323,1522.87,1522.87,-21.16,-1.37,1026.97,761.44,265.53,495.91,,1232.6,-67.44,1.0,1.043137,3948.48,3948.48,-54.87,-1.37,2662.71,1974.24,688.47,1285.78,
2024-12-06,3785.21,4087.73,3777.26,3998.87,803855.11,5.64,3665.07,3524.48,3433.97,True,44.99,32.56,9.05,,,,,4087.73,,HH,,,1232.6,-69.18,1.0,0.402323,1608.84,1608.84,85.96,5.64,1112.93,804.42,308.51,495.91,,1232.6,-69.18,1.0,1.043137,4171.37,4171.37,222.89,5.64,2885.59,2085.69,799.91,1285.78,
2024-12-07,3998.87,4024.46,3968.0,3996.22,283920.02,-0.07,3716.02,3569.4,3475.62,True,45.81,31.87,8.86,,,,,,,,,,1232.6,-69.16,1.0,0.402323,1607.77,1607.77,-1.07,-0.07,1111.87,803.89,307.98,495.91,,1232.6,-69.16,1.0,1.043137,4168.61,4168.61,-2.76,-0.07,2882.83,2084.3,798.53,1285.78,
2024-12-08,3996.22,4015.58,3923.5,4004.15,251362.17,0.2,3760.35,3610.81,3514.77,True,46.09,30.71,10.29,,,,,,,,,,1232.6,-69.22,1.0,0.402323,1610.96,1610.96,3.19,0.2,1115.06,805.48,309.58,495.91,,1232.6,-69.22,1.0,1.043137,4176.88,4176.88,8.27,0.2,2891.1,2088.44,802.66,1285.78,
2024-12-09,4004.15,4006.17,3509.0,3712.0,939642.2,-7.3,3752.91,3620.45,3529.38,True,43.15,25.38,22.99,,,,,,,,,,1232.6,-66.79,1.0,0.402323,1493.42,1493.42,-117.54,-7.3,997.52,746.71,250.81,495.91,,1232.6,-66.79,1.0,1.043137,3872.13,3872.13,-304.75,-7.3,2586.35,1936.06,650.29,1285.78,
2024-12-10,3712.0,3780.76,3515.89,3628.25,942206.03,-2.26,3733.73,3621.19,3536.7,True,40.43,23.08,20.9,,,,,,3515.89,HL,,,1232.6,-66.03,1.0,0.402323,1459.73,1459.73,-33.69,-2.26,963.82,729.86,233.96,495.91,,1232.6,-66.03,1.0,1.043137,3784.76,3784.76,-87.36,-2.26,2498.99,1892.38,606.61,1285.78,
2024-12-11,3628.24,3848.64,3562.34,3831.81,461818.78,5.61,3748.82,3641.25,3558.56,True,38.26,23.14,18.91,,,,,,,,,SMALL HH confirmed @ 4087.73,1232.6,-67.83,1.0,0.402323,1541.63,1541.63,81.9,5.61,1045.72,770.81,274.91,495.91,,1232.6,-67.83,1.0,1.043137,3997.1,3997.1,212.34,5.61,2711.33,1998.55,712.78,1285.78,
2024-12-12,3831.82,3987.41,3796.8,3881.61,572098.63,1.3,3769.25,3664.14,3582.49,True,36.92,26.32,17.7,,,,,,,,,,1232.6,-68.25,1.0,0.402323,1561.66,1561.66,20.04,1.3,1065.76,780.83,284.93,495.91,,1232.6,-68.25,1.0,1.043137,4049.05,4049.05,51.95,1.3,2763.28,2024.53,738.75,1285.78,
2024-12-13,3881.6,3968.47,3852.94,3906.8,387765.69,0.65,3790.41,3687.25,3606.52,True,35.68,25.26,16.99,,,,,,,,,,1232.6,-68.45,1.0,0.402323,1571.8,1571.8,10.13,0.65,1075.89,785.9,289.99,495.91,,1232.6,-68.45,1.0,1.043137,4075.33,4075.33,26.28,0.65,2789.55,2037.66,751.89,1285.78,
2024-12-14,3906.8,3945.0,3825.03,3870.29,265538.95,-0.93,3802.7,3704.68,3626.05,True,34.33,24.18,17.26,,,,,,,,,,1232.6,-68.15,1.0,0.402323,1557.11,1557.11,-14.69,-0.93,1061.2,778.55,282.65,495.91,,1232.6,-68.15,1.0,1.043137,4037.24,4037.24,-38.08,-0.93,2751.47,2018.62,732.85,1285.78,
2024-12-15,3870.3,3974.61,3831.5,3959.09,253833.21,2.29,3826.76,3728.91,3650.72,True,33.23,23.99,16.35,,,,,,,,,SMALL HL confirmed @ 3515.89,1232.6,-68.87,1.0,0.402323,1592.83,1592.83,35.73,2.29,1096.93,796.42,300.51,495.91,,1232.6,-68.87,1.0,1.043137,4129.87,4129.87,92.63,2.29,2844.1,2064.94,779.16,1285.78,
2024-12-16,3959.09,4107.8,3884.0,3986.24,673351.07,0.69,3851.3,3753.42,3675.58,True,32.87,26.87,15.03,4107.8,,HH,,4107.8,,HH,,,1232.6,-69.08,1.0,0.402323,1603.76,1603.76,10.92,0.69,1107.85,801.88,305.97,495.91,,1232.6,-69.08,1.0,1.043137,4158.2,4158.2,28.32,0.69,2872.42,2079.1,793.32,1285.78,
2024-12-17,3986.24,4041.82,3847.96,3893.01,450825.99,-2.34,3857.71,3766.71,3691.68,True,32.25,24.98,15.28,,,,,,,,,,1232.6,-68.34,1.0,0.402323,1566.25,1566.25,-37.51,-2.34,1070.34,783.12,287.22,495.91,,1232.6,-68.34,1.0,1.043137,4060.94,4060.94,-97.25,-2.34,2775.17,2030.47,744.7,1285.78,
2024-12-18,3893.01,3907.19,3617.42,3626.8,722505.06,-6.84,3822.19,3753.39,3686.88,True,30.05,22.45,21.81,,,,,,,,,,1232.6,-66.01,1.0,0.402323,1459.15,1459.15,-107.1,-6.84,963.24,729.57,233.67,495.91,,1232.6,-66.01,1.0,1.043137,3783.25,3783.25,-277.69,-6.84,2497.47,1891.63,605.85,1285.78,
2024-12-19,3626.8,3720.0,3326.8,3417.01,1078153.49,-5.78,3759.85,3721.35,3666.89,True,29.24,19.55,28.54,,,,,,,,BEAR_CHOCH,SMALL BEAR CHOCH @ 3417.01 (level 3515.89),,,,,,1374.74,-84.4,-5.78,0.0,0.0,,1374.74,"EXIT @ 3417.01 (small red CHoCH, realized +382.93)",,,,,,3564.41,-218.84,-5.78,0.0,0.0,,3564.41,"EXIT @ 3417.01 (small red CHoCH, realized +992.86)"
2024-12-20,3417.01,3497.84,3101.9,3472.21,1332783.73,1.62,3715.6,3697.62,3652.47,True,29.31,17.14,32.01,,,,,,3101.9,LL,,,,,,,,1374.74,0.0,0.0,0.0,0.0,,1374.74,,,,,,,3564.41,0.0,0.0,0.0,0.0,,3564.41,
2024-12-21,3472.2,3555.18,3293.11,3338.92,475275.82,-3.84,3657.65,3663.46,3629.24,True,29.03,17.52,29.44,,,,,3555.18,,LH,,SMALL HH confirmed @ 4107.80,,,,,,1374.74,0.0,0.0,0.0,0.0,,1374.74,,,,,,,3564.41,0.0,0.0,0.0,0.0,,3564.41,
2024-12-22,3338.92,3403.0,3221.1,3281.83,361920.25,-1.71,3599.83,3627.12,3603.51,False,29.02,16.53,30.01,,,,,,,,,,,,,,,1374.74,0.0,0.0,0.0,0.0,,1374.74,,,,,,,3564.41,0.0,0.0,0.0,0.0,,3564.41,
2024-12-23,3281.83,3466.99,3216.97,3422.53,488253.41,4.29,3572.55,3607.63,3590.1,False,28.61,17.23,27.68,,,,,,3216.97,HL,,,,,,,,1374.74,0.0,0.0,0.0,0.0,,1374.74,,,,,,,3564.41,0.0,0.0,0.0,0.0,,3564.41,
2024-12-24,3422.53,3539.65,3358.19,3493.18,315723.68,2.06,3560.34,3596.73,3582.92,False,27.78,18.54,26.1,,,,,,,,,,,,,,,1374.74,0.0,0.0,0.0,0.0,,1374.74,,,,,,,3564.41,0.0,0.0,0.0,0.0,,3564.41,
2024-12-25,3493.17,3547.95,3440.93,3497.0,219846.05,0.11,3550.6,3587.23,3576.56,False,26.95,18.16,25.19,,,,,3547.95,,LH,,SMALL LL confirmed @ 3101.90,,,,,,1374.74,0.0,0.0,0.0,0.0,,1374.74,,,,,,,3564.41,0.0,0.0,0.0,0.0,,3564.41,
2024-12-26,3497.0,3514.94,3304.63,3335.05,310170.17,-4.63,3517.44,3563.22,3558.67,False,26.78,16.91,27.92,,,,,,,,,SMALL LH confirmed @ 3555.18,,,,,,1374.74,0.0,0.0,0.0,0.0,,1374.74,,,,,,,3564.41,0.0,0.0,0.0,0.0,,3564.41,
2024-12-27,3335.04,3444.16,3306.6,3333.51,342529.6,-0.05,3489.14,3541.34,3541.99,False,26.63,16.12,26.63,,,,,,,,,,,,,,,1374.74,0.0,0.0,0.0,0.0,,1374.74,,,,,,,3564.41,0.0,0.0,0.0,0.0,,3564.41,
2024-12-28,3333.51,3428.68,3322.23,3404.0,175963.61,2.11,3476.04,3528.26,3531.77,False,26.48,15.52,25.64,,,,,,,,,SMALL HL confirmed @ 3216.97,,,,,,1374.74,0.0,0.0,0.0,0.0,,1374.74,,,,,,,3564.41,0.0,0.0,0.0,0.0,,3564.41,
2024-12-29,3404.01,3413.78,3326.17,3356.48,156256.88,-1.4,3457.65,3511.9,3518.78,False,26.34,15.03,24.82,,,,,,,,,,,,,,,1374.74,0.0,0.0,0.0,0.0,,1374.74,,,,,,,3564.41,0.0,0.0,0.0,0.0,,3564.41,
2024-12-30,3356.48,3437.59,3305.0,3361.84,420794.65,0.16,3442.91,3497.61,3507.16,False,26.01,15.17,23.59,,,,,,3305.0,HL,,SMALL LH confirmed @ 3547.95,,,,,,1374.74,0.0,0.0,0.0,0.0,,1374.74,,,,,,,3564.41,0.0,0.0,0.0,0.0,,3564.41,
2024-12-31,3361.83,3451.0,3315.59,3337.78,303053.17,-0.72,3426.73,3482.39,3494.61,False,25.59,14.9,22.38,,,,,,,,,,,,,,,1374.74,0.0,0.0,0.0,0.0,,1374.74,,,,,,,3564.41,0.0,0.0,0.0,0.0,,3564.41,
2025-01-01,3337.78,3374.85,3313.88,3360.38,190238.59,0.68,3416.53,3470.77,3484.67,False,25.2,14.54,21.9,,,,,,,,,,,,,,,1374.74,0.0,0.0,0.0,0.0,,1374.74,,,,,,,3564.41,0.0,0.0,0.0,0.0,,3564.41,
2025-01-02,3360.39,3509.99,3354.5,3455.67,338632.89,2.84,3422.55,3469.33,3482.52,False,23.66,19.08,20.52,,,,,,,,,,,,,,,1374.74,0.0,0.0,0.0,0.0,,1374.74,,,,,,,3564.41,0.0,0.0,0.0,0.0,,3564.41,
2025-01-03,3455.68,3630.0,3423.44,3609.01,334041.06,4.44,3451.23,3482.63,3491.89,False,22.57,22.3,18.83,,,,,,,,BULL_CHOCH,SMALL BULL CHOCH @ 3609.01 (level 3547.95),1804.5,-50.0,1.0,0.380919,1374.74,1374.74,0.0,0.0,687.37,687.37,0.0,687.37,"ENTRY @ 3609.01 (small green CHoCH, margin $687.37 [50% of bank] @ 2x [ADX 22.6, zone red], 0.380919 units)",1804.5,-50.0,1.0,0.987642,3564.41,3564.41,0.0,0.0,1782.21,1782.21,0.0,1782.21,"ENTRY @ 3609.01 (small green CHoCH, margin $1782.21 [50% of bank] @ 2x [ADX 22.6, zone red], 0.987642 units)"
2025-01-04,3609.0,3671.6,3572.42,3656.88,229266.31,1.33,3482.87,3499.23,3504.11,False,21.84,23.1,18.06,,,,,,,,,SMALL HL confirmed @ 3305.00,1804.5,-50.65,1.0,0.380919,1392.98,1392.98,18.23,1.33,705.61,696.49,9.12,687.37,,1804.5,-50.65,1.0,0.987642,3611.69,3611.69,47.28,1.33,1829.48,1805.84,23.64,1782.21,
2025-01-05,3656.88,3675.25,3593.7,3635.99,155444.17,-0.57,3506.43,3512.25,3513.88,False,21.18,22.45,17.43,,,,,,,,,,1804.5,-50.37,1.0,0.380919,1385.02,1385.02,-7.96,-0.57,697.65,692.51,5.14,687.37,,1804.5,-50.37,1.0,0.987642,3591.06,3591.06,-20.63,-0.57,1808.85,1795.53,13.32,1782.21,
2025-01-06,3636.0,3744.83,3610.63,3687.45,329642.36,1.42,3534.28,3528.94,3526.74,True,21.03,24.16,16.41,,,,,3744.83,,HH,,,1804.5,-51.06,1.0,0.380919,1404.62,1404.62,19.6,1.42,717.25,702.31,14.94,687.37,,1804.5,-51.06,1.0,0.987642,3641.88,3641.88,50.82,1.42,1859.68,1820.94,38.74,1782.21,
2025-01-07,3687.44,3700.86,3356.31,3381.31,541543.29,-8.3,3510.74,3514.88,3515.96,False,20.09,20.81,24.38,,,,,,,,,,1804.5,-46.63,1.0,0.380919,1288.01,1288.01,-116.61,-8.3,600.64,644.0,-43.37,687.37,,1804.5,-46.63,1.0,0.987642,3339.52,3339.52,-302.36,-8.3,1557.32,1669.76,-112.44,1782.21,
2025-01-08,3381.31,3415.1,3208.2,3327.29,584749.96,-1.6,3482.52,3497.01,3501.99,False,20.04,19.1,28.27,,,,,,,,,,1804.5,-45.77,1.0,0.380919,1267.43,1267.43,-20.58,-1.6,580.06,633.71,-53.66,687.37,,1804.5,-45.77,1.0,0.987642,3286.17,3286.17,-53.35,-1.6,1503.97,1643.09,-139.12,1782.21,
2025-01-09,3327.29,3357.27,3158.0,3219.2,501818.42,-3.25,3442.01,3470.55,3481.04,False,20.24,17.59,28.03,,,,,,,,BEAR_CHOCH,SMALL BEAR CHOCH @ 3219.20 (level 3305.00),,,,,,1226.26,-41.17,-3.25,0.0,0.0,,1226.26,"EXIT @ 3219.20 (small red CHoCH, realized -148.49)",,,,,,3179.42,-106.75,-3.25,0.0,0.0,,3179.42,"EXIT @ 3219.20 (small red CHoCH, realized -384.99)"
2025-01-10,3219.2,3322.49,3193.97,3267.04,454142.13,1.49,3415.09,3451.17,3465.19,False,20.43,16.68,26.58,,,,,,,,,,,,,,,1226.26,0.0,0.0,0.0,0.0,,1226.26,,,,,,,3179.42,0.0,0.0,0.0,0.0,,3179.42,
2025-01-11,3267.05,3320.18,3217.56,3282.83,151679.75,0.48,3394.74,3435.14,3451.68,False,20.6,15.97,25.44,,,,,,,,,SMALL HH confirmed @ 3744.83,,,,,,1226.26,0.0,0.0,0.0,0.0,,1226.26,,,,,,,3179.42,0.0,0.0,0.0,0.0,,3179.42,
2025-01-12,3282.83,3300.0,3224.49,3267.3,164879.97,-0.47,3375.14,3419.15,3438.02,False,20.77,15.45,24.61,,,,,,,,,,,,,,,1226.26,0.0,0.0,0.0,0.0,,1226.26,,,,,,,3179.42,0.0,0.0,0.0,0.0,,3179.42,
2025-01-13,3267.3,3339.0,2920.0,3137.51,845907.57,-3.97,3338.58,3392.33,3415.76,False,22.36,12.92,32.47,,,,,,2920.0,LL,,,,,,,,1226.26,0.0,0.0,0.0,0.0,,1226.26,,,,,,,3179.42,0.0,0.0,0.0,0.0,,3179.42,
2025-01-14,3137.51,3256.67,3125.65,3225.63,374308.45,2.81,3321.2,3376.45,3401.68,False,23.84,12.25,30.77,,,,,,,,,,,,,,,1226.26,0.0,0.0,0.0,0.0,,1226.26,,,,,,,3179.42,0.0,0.0,0.0,0.0,,3179.42,
2025-01-15,3225.63,3473.75,3186.36,3451.52,464188.03,7.0,3341.25,3383.6,3405.37,False,23.39,19.19,27.4,,,,,,,,,,,,,,,1226.26,0.0,0.0,0.0,0.0,,1226.26,,,,,,,3179.42,0.0,0.0,0.0,0.0,,3179.42,
2025-01-16,3451.51,3460.79,3265.44,3308.05,471282.68,-4.16,3336.14,3376.41,3398.16,False,22.98,17.76,25.36,,,,,,,,,,,,,,,1226.26,0.0,0.0,0.0,0.0,,1226.26,,,,,,,3179.42,0.0,0.0,0.0,0.0,,3179.42,
2025-01-17,3308.04,3525.72,3307.5,3473.63,518550.18,5.01,3357.3,3385.67,3403.75,False,22.11,18.75,23.28,,,,,3525.72,,LH,,,,,,,,1226.26,0.0,0.0,0.0,0.0,,1226.26,,,,,,,3179.42,0.0,0.0,0.0,0.0,,3179.42,
2025-01-18,3473.64,3494.39,3227.0,3307.71,634197.13,-4.78,3349.67,3378.24,3396.64,False,21.76,16.92,23.94,,,,,,,,,SMALL LL confirmed @ 2920.00,,,,,,1226.26,0.0,0.0,0.0,0.0,,1226.26,,,,,,,3179.42,0.0,0.0,0.0,0.0,,3179.42,
2025-01-19,3307.71,3448.99,3130.48,3215.12,1342301.52,-2.8,3328.97,3362.71,3383.19,False,21.94,15.03,24.65,,,,,,3130.48,HL,,,,,,,,1226.26,0.0,0.0,0.0,0.0,,1226.26,,,,,,,3179.42,0.0,0.0,0.0,0.0,,3179.42,
2025-01-20,3215.2,3453.69,3142.78,3284.0,1158354.78,2.14,3322.05,3355.21,3375.84,False,22.06,13.61,22.07,,,,,3453.69,,LH,,,,,,,,1226.26,0.0,0.0,0.0,0.0,,1226.26,,,,,,,3179.42,0.0,0.0,0.0,0.0,,3179.42,
2025-01-21,3283.99,3368.0,3204.6,3327.54,548706.05,1.33,3322.89,3352.58,3372.27,False,22.18,12.85,20.83,,,,,,,,,,,,,,,1226.26,0.0,0.0,0.0,0.0,,1226.26,,,,,,,3179.42,0.0,0.0,0.0,0.0,,3179.42,
2025-01-22,3327.55,3365.99,3222.85,3242.6,349240.75,-2.55,3310.54,3342.1,3362.66,False,22.29,12.21,19.79,,,,,,,,,SMALL LH confirmed @ 3525.72,,,,,,1226.26,0.0,0.0,0.0,0.0,,1226.26,,,,,,,3179.42,0.0,0.0,0.0,0.0,,3179.42,
2025-01-23,3242.61,3347.97,3185.0,3338.21,605592.72,2.95,3314.8,3341.73,3360.85,False,22.62,11.5,19.98,,,,,,,,,,,,,,,1226.26,0.0,0.0,0.0,0.0,,1226.26,,,,,,,3179.42,0.0,0.0,0.0,0.0,,3179.42,
2025-01-24,3338.22,3428.0,3275.9,3310.09,451524.28,-0.84,3314.07,3338.72,3357.09,False,22.12,13.76,18.88,,,,,,,,,SMALL HL confirmed @ 3130.48,,,,,,1226.26,0.0,0.0,0.0,0.0,,1226.26,,,,,,,3179.42,0.0,0.0,0.0,0.0,,3179.42,
2025-01-25,3310.1,3350.68,3268.66,3318.77,208559.04,0.26,3314.8,3336.82,3354.25,False,21.72,13.34,18.57,,,,,,,,,SMALL LH confirmed @ 3453.69,,,,,,1226.26,0.0,0.0,0.0,0.0,,1226.26,,,,,,,3179.42,0.0,0.0,0.0,0.0,,3179.42,
2025-01-26,3318.76,3362.0,3230.0,3232.61,272165.47,-2.6,3302.15,3326.89,3345.24,False,21.62,12.66,19.12,,,,,,,,,,,,,,,1226.26,0.0,0.0,0.0,0.0,,1226.26,,,,,,,3179.42,0.0,0.0,0.0,0.0,,3179.42,
2025-01-27,3232.61,3253.91,3020.01,3182.44,753004.75,-1.55,3283.73,3313.14,3333.18,False,22.75,11.53,25.38,,,,,,3020.01,LL,,,,,,,,1226.26,0.0,0.0,0.0,0.0,,1226.26,,,,,,,3179.42,0.0,0.0,0.0,0.0,,3179.42,
2025-01-28,3182.44,3223.01,3040.03,3077.72,350959.72,-3.29,3252.04,3290.72,3314.26,False,23.81,10.73,23.62,,,,,,,,BEAR_BOS,SMALL BEAR BOS @ 3077.72 (level 3130.48),,,,,,1226.26,0.0,0.0,0.0,0.0,,1226.26,,,,,,,3179.42,0.0,0.0,0.0,0.0,,3179.42,
2025-01-29,3077.72,3182.52,3054.06,3113.9,409737.26,1.18,3230.79,3273.88,3299.42,False,24.79,10.2,22.44,,,,,,,,,,,,,,,1226.26,0.0,0.0,0.0,0.0,,1226.26,,,,,,,3179.42,0.0,0.0,0.0,0.0,,3179.42,
2025-01-30,3113.9,3283.43,3091.06,3247.39,350639.48,4.29,3233.34,3271.35,3295.56,False,24.57,13.35,20.77,,,,,,,,,,,,,,,1226.26,0.0,0.0,0.0,0.0,,1226.26,,,,,,,3179.42,0.0,0.0,0.0,0.0,,3179.42,
2025-01-31,3247.38,3437.31,3213.8,3300.99,648681.66,1.65,3243.75,3274.18,3295.97,False,22.99,18.08,19.0,,,,,3437.31,,LH,,,,,,,,1226.26,0.0,0.0,0.0,0.0,,1226.26,,,,,,,3179.42,0.0,0.0,0.0,0.0,,3179.42,
2025-02-01,3300.99,3331.98,3101.7,3117.54,354065.25,-5.56,3224.33,3259.26,3282.75,False,22.3,16.52,21.56,,,,,,,,,SMALL LL confirmed @ 3020.01,,,,,,1226.26,0.0,0.0,0.0,0.0,,1226.26,,,,,,,3179.42,0.0,0.0,0.0,0.0,,3179.42,
2025-02-02,3117.54,3163.2,2750.71,2869.68,1050805.93,-7.95,3169.77,3222.16,3252.15,False,23.33,14.16,30.64,,,,,,,,BEAR_BOS,SMALL BEAR BOS @ 2869.68 (level 3020.01),,,,,,1226.26,0.0,0.0,0.0,0.0,,1226.26,,,,,,,3179.42,0.0,0.0,0.0,0.0,,3179.42,
2025-02-03,2869.68,2921.0,2125.01,2879.9,2807979.02,0.36,3125.18,3189.56,3224.58,False,25.84,10.91,41.62,,,,,,,,,,,,,,,1226.26,0.0,0.0,0.0,0.0,,1226.26,,,,,,,3179.42,0.0,0.0,0.0,0.0,,3179.42,
2025-02-04,2879.89,2888.5,2632.6,2731.19,1259594.39,-5.16,3064.56,3145.91,3188.03,False,28.17,10.11,38.57,,,,,,,,,BIG HH confirmed @ 4107.80,,,,,,1226.26,0.0,0.0,0.0,0.0,,1226.26,,,,,,,3179.42,0.0,0.0,0.0,0.0,,3179.42,
2025-02-05,2731.19,2826.95,2699.13,2788.25,686593.04,2.09,3022.05,3111.84,3158.42,False,30.33,9.73,37.1,,,,,,,,,SMALL LH confirmed @ 3437.31,,,,,,1226.26,0.0,0.0,0.0,0.0,,1226.26,,,,,,,3179.42,0.0,0.0,0.0,0.0,,3179.42,
2025-02-06,2788.25,2857.64,2655.28,2686.64,719459.96,-3.64,2970.45,3071.35,3123.47,False,32.43,9.14,36.16,,,,,,,,,,,,,,,1226.26,0.0,0.0,0.0,0.0,,1226.26,,,,,,,3179.42,0.0,0.0,0.0,0.0,,3179.42,
2025-02-07,2686.63,2797.5,2562.51,2622.1,695467.36,-2.4,2916.86,3028.56,3086.33,False,34.55,8.49,36.4,,,,,,,,,,,,,,,1226.26,0.0,0.0,0.0,0.0,,1226.26,,,,,,,3179.42,0.0,0.0,0.0,0.0,,3179.42,
2025-02-08,2622.11,2667.3,2588.8,2632.46,379685.15,0.4,2873.1,2990.84,3052.71,False,36.53,8.28,35.49,,,,,,,,,,,,,,,1226.26,0.0,0.0,0.0,0.0,,1226.26,,,,,,,3179.42,0.0,0.0,0.0,0.0,,3179.42,
2025-02-09,2632.46,2698.9,2520.02,2627.18,387166.79,-0.2,2835.27,2956.2,3021.19,False,38.5,7.8,35.66,,,,,,2520.02,LL,,,,,,,,1226.26,0.0,0.0,0.0,0.0,,1226.26,,,,,,,3179.42,0.0,0.0,0.0,0.0,,3179.42,
2025-02-10,2627.18,2693.79,2559.85,2661.19,398173.27,1.29,2808.49,2928.11,2994.52,False,40.32,7.46,34.09,,,,,,,,,,,,,,,1226.26,0.0,0.0,0.0,0.0,,1226.26,,,,,,,3179.42,0.0,0.0,0.0,0.0,,3179.42,
2025-02-11,2661.19,2725.04,2558.24,2602.59,484196.14,-2.2,2776.81,2897.11,2965.49,False,41.72,8.09,32.18,,,,,,,,,,,,,,,1226.26,0.0,0.0,0.0,0.0,,1226.26,,,,,,,3179.42,0.0,0.0,0.0,0.0,,3179.42,
2025-02-12,2602.59,2795.45,2546.92,2738.27,646295.9,5.21,2770.88,2881.98,2948.66,False,42.33,9.76,29.52,,,,,,,,,,,,,,,1226.26,0.0,0.0,0.0,0.0,,1226.26,,,,,,,3179.42,0.0,0.0,0.0,0.0,,3179.42,
2025-02-13,2738.27,2757.28,2612.76,2675.87,443769.29,-2.28,2756.27,2862.35,2928.45,False,42.9,9.28,28.07,,,,,,,,,,,,,,,1226.26,0.0,0.0,0.0,0.0,,1226.26,,,,,,,3179.42,0.0,0.0,0.0,0.0,,3179.42,
2025-02-14,2675.87,2791.78,2664.46,2725.95,419895.79,1.87,2751.6,2849.36,2913.45,False,43.08,10.07,26.82,,,,,,,,,SMALL LL confirmed @ 2520.02,,,,,,1226.26,0.0,0.0,0.0,0.0,,1226.26,,,,,,,3179.42,0.0,0.0,0.0,0.0,,3179.42,
2025-02-15,2725.95,2739.0,2662.28,2693.04,202971.43,-1.21,2742.59,2834.47,2897.13,False,43.25,9.79,26.15,,,,,,,,,,,,,,,1226.26,0.0,0.0,0.0,0.0,,1226.26,,,,,,,3179.42,0.0,0.0,0.0,0.0,,3179.42,
2025-02-16,2693.04,2727.31,2651.26,2661.41,191231.53,-1.17,2730.1,2817.99,2879.67,False,43.46,9.51,25.81,,,,,,,,,,,,,,,1226.26,0.0,0.0,0.0,0.0,,1226.26,,,,,,,3179.42,0.0,0.0,0.0,0.0,,3179.42,
2025-02-17,2661.41,2849.7,2637.71,2744.05,639739.82,3.11,2732.25,2810.95,2869.62,False,42.35,13.38,23.74,,,,,2849.7,,LH,,,,,,,,1226.26,0.0,0.0,0.0,0.0,,1226.26,,,,,,,3179.42,0.0,0.0,0.0,0.0,,3179.42,
2025-02-18,2744.05,2756.93,2605.44,2671.99,604863.87,-2.63,2722.98,2797.71,2854.98,False,41.5,12.6,23.6,,,,,,2605.44,HL,,,,,,,,1226.26,0.0,0.0,0.0,0.0,,1226.26,,,,,,,3179.42,0.0,0.0,0.0,0.0,,3179.42,
2025-02-19,2672.0,2736.7,2656.03,2715.5,326154.02,1.63,2721.83,2789.88,2844.65,False,40.7,12.19,22.83,,,,,,,,,,,,,,,1226.26,0.0,0.0,0.0,0.0,,1226.26,,,,,,,3179.42,0.0,0.0,0.0,0.0,,3179.42,
2025-02-20,2715.51,2770.59,2707.18,2738.04,336735.25,0.83,2724.32,2784.95,2836.75,False,39.59,13.29,22.23,,,,,,,,,,,,,,,1226.26,0.0,0.0,0.0,0.0,,1226.26,,,,,,,3179.42,0.0,0.0,0.0,0.0,,3179.42,
2025-02-21,2738.04,2845.32,2616.72,2663.0,890440.06,-2.74,2714.89,2773.33,2823.88,False,39.11,12.05,23.85,,,,,,,,,,,,,,,1226.26,0.0,0.0,0.0,0.0,,1226.26,,,,,,,3179.42,0.0,0.0,0.0,0.0,,3179.42,
2025-02-22,2663.0,2798.07,2653.33,2763.22,444989.67,3.76,2722.32,2772.37,2819.39,False,38.67,11.32,22.42,,,,,,,,,SMALL LH confirmed @ 2849.70,,,,,,1226.26,0.0,0.0,0.0,0.0,,1226.26,,,,,,,3179.42,0.0,0.0,0.0,0.0,,3179.42,
2025-02-23,2763.23,2857.34,2745.41,2819.69,611002.12,2.04,2737.3,2776.88,2819.41,False,37.56,13.31,21.35,,,,,2857.34,,HH,,SMALL HL confirmed @ 2605.44,,,,,,1226.26,0.0,0.0,0.0,0.0,,1226.26,,,,,,,3179.42,0.0,0.0,0.0,0.0,,3179.42,
2025-02-24,2819.7,2839.95,2470.33,2513.52,876876.37,-10.86,2702.87,2751.79,2796.75,False,38.0,11.38,29.04,,,,,,,,BEAR_BOS,SMALL BEAR BOS @ 2513.52 (level 2605.44),,,,,,1226.26,0.0,0.0,0.0,0.0,,1226.26,,,,,,,3179.42,0.0,0.0,0.0,0.0,,3179.42,
2025-02-25,2513.52,2533.49,2313.49,2495.7,1322016.87,-0.71,2671.0,2727.4,2774.45,False,38.97,10.41,32.63,,,,,,,,,,,,,,,1226.26,0.0,0.0,0.0,0.0,,1226.26,,,,,,,3179.42,0.0,0.0,0.0,0.0,,3179.42,
2025-02-26,2495.69,2507.5,2253.77,2336.37,863087.21,-6.38,2619.52,2690.16,2742.0,False,40.07,9.42,31.76,,,,,,,,,,,,,,,1226.26,0.0,0.0,0.0,0.0,,1226.26,,,,,,,3179.42,0.0,0.0,0.0,0.0,,3179.42,
2025-02-27,2336.38,2381.6,2230.57,2307.72,637583.91,-1.23,2571.55,2653.74,2709.83,False,41.15,8.88,30.81,,,,,,,,,,,,,,,1226.26,0.0,0.0,0.0,0.0,,1226.26,,,,,,,3179.42,0.0,0.0,0.0,0.0,,3179.42,
2025-02-28,2307.72,2314.18,2076.26,2237.59,1291539.06,-3.04,2520.17,2614.11,2674.85,False,42.6,8.08,33.85,,,,,,,,,SMALL HH confirmed @ 2857.34,,,,,,1226.26,0.0,0.0,0.0,0.0,,1226.26,,,,,,,3179.42,0.0,0.0,0.0,0.0,,3179.42,
2025-03-01,2237.59,2281.14,2142.73,2217.39,446430.73,-0.9,2473.59,2576.32,2640.97,False,43.95,7.66,32.06,,,,,,,,,,,,,,,1226.26,0.0,0.0,0.0,0.0,,1226.26,,,,,,,3179.42,0.0,0.0,0.0,0.0,,3179.42,
2025-03-02,2217.4,2550.58,2172.04,2518.11,1266684.77,13.56,2480.44,2570.78,2631.87,False,42.68,16.22,27.74,,,,,,,,,,,,,,,1226.26,0.0,0.0,0.0,0.0,,1226.26,,,,,,,3179.42,0.0,0.0,0.0,0.0,,3179.42,
2025-03-03,2518.12,2523.56,2097.91,2149.01,1109565.2,-14.66,2429.45,2530.61,2596.1,False,41.82,13.94,26.29,,,,BEAR_CHOCH,,,,,BIG BEAR CHOCH @ 2149.01 (level 2150.55),,,,,,1226.26,0.0,0.0,0.0,0.0,,1226.26,,,,,,,3179.42,0.0,0.0,0.0,0.0,,3179.42,
2025-03-04,2149.02,2221.88,1993.2,2171.51,1257822.34,1.05,2389.77,2496.41,2564.65,False,41.45,12.89,27.75,,,,,,,,,,,,,,,1226.26,0.0,0.0,0.0,0.0,,1226.26,,,,,,,3179.42,0.0,0.0,0.0,0.0,,3179.42,
2025-03-05,2171.5,2273.51,2155.03,2241.59,687130.79,3.23,2366.97,2472.14,2540.72,False,40.68,14.13,26.64,,,,,,,,,,,,,,,1226.26,0.0,0.0,0.0,0.0,,1226.26,,,,,,,3179.42,0.0,0.0,0.0,0.0,,3179.42,
2025-03-06,2241.59,2319.99,2176.9,2202.2,596908.39,-1.76,2341.62,2446.43,2515.64,False,39.59,15.04,25.32,,,,,,,,,,,,,,,1226.26,0.0,0.0,0.0,0.0,,1226.26,,,,,,,3179.42,0.0,0.0,0.0,0.0,,3179.42,
2025-03-07,2202.21,2258.47,2101.82,2141.6,782387.26,-2.75,2310.85,2417.4,2487.93,False,38.93,14.21,26.57,,,,,,,,,,,,,,,1226.26,0.0,0.0,0.0,0.0,,1226.26,,,,,,,3179.42,0.0,0.0,0.0,0.0,,3179.42,
2025-03-08,2141.6,2234.93,2105.06,2203.58,328793.1,2.89,2294.35,2397.04,2466.87,False,38.31,13.54,25.32,,,,,,,,,,,,,,,1226.26,0.0,0.0,0.0,0.0,,1226.26,,,,,,,3179.42,0.0,0.0,0.0,0.0,,3179.42,
2025-03-09,2203.57,2212.0,1989.66,2020.41,601671.59,-8.31,2252.2,2361.17,2433.8,False,38.26,12.46,27.44,,,,,,,,,,,,,,,1226.26,0.0,0.0,0.0,0.0,,1226.26,,,,,,,3179.42,0.0,0.0,0.0,0.0,,3179.42,
2025-03-10,2020.43,2152.4,1810.01,1865.1,1248745.35,-7.69,2192.65,2313.92,2391.67,False,38.87,11.0,30.37,,,,,,,,,,,,,,,1226.26,0.0,0.0,0.0,0.0,,1226.26,,,,,,,3179.42,0.0,0.0,0.0,0.0,,3179.42,
2025-03-11,1865.11,1963.2,1754.28,1923.43,1171428.0,3.13,2151.23,2276.73,2356.99,False,39.62,10.22,30.1,,,,,,,,,,,,,,,1226.26,0.0,0.0,0.0,0.0,,1226.26,,,,,,,3179.42,0.0,0.0,0.0,0.0,,3179.42,
2025-03-12,1923.42,1960.0,1829.72,1908.2,788739.68,-0.79,2113.84,2241.64,2323.75,False,40.31,9.75,28.73,,,,,,,,,,,,,,,1226.26,0.0,0.0,0.0,0.0,,1226.26,,,,,,,3179.42,0.0,0.0,0.0,0.0,,3179.42,
2025-03-13,1908.2,1923.09,1821.81,1864.59,569537.26,-2.29,2075.49,2205.73,2289.73,False,40.98,9.39,27.95,,,,,,1821.81,LL,,,,,,,,1226.26,0.0,0.0,0.0,0.0,,1226.26,,,,,,,3179.42,0.0,0.0,0.0,0.0,,3179.42,
2025-03-14,1864.59,1945.64,1861.31,1911.65,375805.74,2.52,2050.29,2177.72,2261.73,False,41.36,9.94,27.06,,,,,,,,,,,,,,,1226.26,0.0,0.0,0.0,0.0,,1226.26,,,,,,,3179.42,0.0,0.0,0.0,0.0,,3179.42,
2025-03-15,1911.64,1957.19,1903.75,1937.17,209545.87,1.33,2032.88,2154.81,2237.69,False,41.58,10.19,26.48,,,,,,,,,,,,,,,1226.26,0.0,0.0,0.0,0.0,,1226.26,,,,,,,3179.42,0.0,0.0,0.0,0.0,,3179.42,
2025-03-16,1937.18,1940.87,1860.38,1887.0,324766.66,-2.59,2010.44,2129.3,2211.71,False,41.97,9.85,27.4,,,,,,,,,,,,,,,1226.26,0.0,0.0,0.0,0.0,,1226.26,,,,,,,3179.42,0.0,0.0,0.0,0.0,,3179.42,
2025-03-17,1887.01,1952.4,1879.98,1926.31,334840.49,2.08,1997.5,2109.97,2190.57,False,42.2,10.04,26.54,,,,,,,,,,,,,,,1226.26,0.0,0.0,0.0,0.0,,1226.26,,,,,,,3179.42,0.0,0.0,0.0,0.0,,3179.42,
2025-03-18,1926.3,1936.2,1872.31,1931.54,332896.02,0.27,1987.35,2092.98,2171.38,False,42.44,9.75,26.12,,,,,,,,,SMALL LL confirmed @ 1821.81,,,,,,1226.26,0.0,0.0,0.0,0.0,,1226.26,,,,,,,3179.42,0.0,0.0,0.0,0.0,,3179.42,
2025-03-19,1931.54,2069.9,1927.58,2056.06,691809.5,6.45,1997.92,2089.46,2162.84,False,41.06,15.23,24.42,,,,,,,,,,,,,,,1226.26,0.0,0.0,0.0,0.0,,1226.26,,,,,,,3179.42,0.0,0.0,0.0,0.0,,3179.42,
2025-03-20,2056.05,2067.9,1952.17,1983.79,401518.93,-3.51,1995.75,2079.4,2149.58,False,39.79,14.41,23.1,,,,,,,,,,,,,,,1226.26,0.0,0.0,0.0,0.0,,1226.26,,,,,,,3179.42,0.0,0.0,0.0,0.0,,3179.42,
2025-03-21,1983.79,1996.73,1937.1,1965.75,262641.66,-0.91,1991.13,2068.57,2135.96,False,38.71,13.99,23.16,,,,,,,,,,,,,,,1226.26,0.0,0.0,0.0,0.0,,1226.26,,,,,,,3179.42,0.0,0.0,0.0,0.0,,3179.42,
2025-03-22,1965.74,2006.61,1964.34,1980.69,170782.96,0.76,1989.53,2060.2,2124.46,False,37.58,14.19,22.66,,,,,,,,,,,,,,,1226.26,0.0,0.0,0.0,0.0,,1226.26,,,,,,,3179.42,0.0,0.0,0.0,0.0,,3179.42,
2025-03-23,1980.68,2020.74,1976.81,2005.99,268707.52,1.28,1992.06,2055.04,2115.68,False,36.36,14.62,22.12,,,,,,,,,,,,,,,1226.26,0.0,0.0,0.0,0.0,,1226.26,,,,,,,3179.42,0.0,0.0,0.0,0.0,,3179.42,
2025-03-24,2005.99,2104.11,1977.67,2081.2,477912.82,3.75,2005.77,2057.53,2113.13,False,34.22,18.13,20.61,,,,,2104.11,,LH,,,,,,,,1226.26,0.0,0.0,0.0,0.0,,1226.26,,,,,,,3179.42,0.0,0.0,0.0,0.0,,3179.42,
2025-03-25,2081.2,2097.7,2037.08,2066.15,328765.33,-0.72,2015.06,2058.35,2109.65,False,32.23,17.51,19.91,,,,,,,,,,,,,,,1226.26,0.0,0.0,0.0,0.0,,1226.26,,,,,,,3179.42,0.0,0.0,0.0,0.0,,3179.42,
2025-03-26,2066.16,2079.21,1981.6,2009.52,428975.33,-2.74,2014.21,2053.7,2102.23,False,30.94,16.53,21.97,,,,,,,,,,,,,,,1226.26,0.0,0.0,0.0,0.0,,1226.26,,,,,,,3179.42,0.0,0.0,0.0,0.0,,3179.42,
2025-03-27,2009.52,2037.38,1987.06,2003.66,360634.84,-0.29,2012.59,2048.94,2094.93,False,29.73,16.04,21.31,,,,,,,,,,,,,,,1226.26,0.0,0.0,0.0,0.0,,1226.26,,,,,,,3179.42,0.0,0.0,0.0,0.0,,3179.42,
2025-03-28,2003.67,2015.93,1860.0,1896.9,626167.58,-5.33,1994.79,2034.46,2080.26,False,29.72,14.57,26.8,,,,,,,,,,,,,,,1226.26,0.0,0.0,0.0,0.0,,1226.26,,,,,,,3179.42,0.0,0.0,0.0,0.0,,3179.42,
2025-03-29,1896.9,1913.6,1797.2,1828.08,409769.76,-3.63,1969.14,2014.8,2061.58,False,30.15,13.58,28.66,,,,,,,,,SMALL LH confirmed @ 2104.11,,,,,,1226.26,0.0,0.0,0.0,0.0,,1226.26,,,,,,,3179.42,0.0,0.0,0.0,0.0,,3179.42,
2025-03-30,1828.09,1849.01,1767.69,1807.74,327843.45,-1.11,1944.31,1995.08,2042.78,False,30.74,12.91,29.03,,,,,,,,BEAR_BOS,SMALL BEAR BOS @ 1807.74 (level 1821.81),,,,,,1226.26,0.0,0.0,0.0,0.0,,1226.26,,,,,,,3179.42,0.0,0.0,0.0,0.0,,3179.42,
2025-03-31,1807.74,1854.22,1776.75,1822.43,497854.91,0.81,1925.56,1978.64,2026.46,False,31.21,12.62,27.64,,,,,,,,,,,,,,,1226.26,0.0,0.0,0.0,0.0,,1226.26,,,,,,,3179.42,0.0,0.0,0.0,0.0,,3179.42,
2025-04-01,1822.43,1927.9,1817.88,1904.98,452989.1,4.53,1922.39,1971.62,2017.46,False,30.58,16.32,25.76,,,,,,,,,,,,,,,1226.26,0.0,0.0,0.0,0.0,,1226.26,,,,,,,3179.42,0.0,0.0,0.0,0.0,,3179.42,
2025-04-02,1904.98,1957.0,1781.53,1795.22,750840.78,-5.76,1902.83,1954.82,2001.0,False,30.3,14.61,25.23,,,,,,,,,,,,,,,1226.26,0.0,0.0,0.0,0.0,,1226.26,,,,,,,3179.42,0.0,0.0,0.0,0.0,,3179.42,
2025-04-03,1795.21,1845.26,1750.0,1817.23,508075.02,1.23,1889.66,1941.72,1987.38,False,30.3,13.77,25.69,,,,,,,,,,,,,,,1226.26,0.0,0.0,0.0,0.0,,1226.26,,,,,,,3179.42,0.0,0.0,0.0,0.0,,3179.42,
2025-04-04,1817.23,1835.68,1758.72,1816.87,572734.47,-0.02,1878.46,1929.83,1974.75,False,30.29,13.11,24.46,,,,,,,,,,,,,,,1226.26,0.0,0.0,0.0,0.0,,1226.26,,,,,,,3179.42,0.0,0.0,0.0,0.0,,3179.42,
2025-04-05,1816.88,1827.29,1764.39,1806.01,201716.27,-0.6,1867.31,1918.04,1962.25,False,30.28,12.58,23.47,,,,,,,,,,,,,,,1226.26,0.0,0.0,0.0,0.0,,1226.26,,,,,,,3179.42,0.0,0.0,0.0,0.0,,3179.42,
2025-04-06,1806.02,1817.0,1537.5,1580.76,979847.1,-12.47,1823.23,1885.91,1933.99,False,31.79,10.54,32.81,,,,,,,,,,,,,,,1226.26,0.0,0.0,0.0,0.0,,1226.26,,,,,,,3179.42,0.0,0.0,0.0,0.0,,3179.42,
2025-04-07,1580.77,1639.0,1411.01,1553.04,2168796.01,-1.75,1781.66,1854.21,1905.78,False,33.72,9.23,35.64,,,,,,,,,,,,,,,1226.26,0.0,0.0,0.0,0.0,,1226.26,,,,,,,3179.42,0.0,0.0,0.0,0.0,,3179.42,
2025-04-08,1553.04,1618.67,1441.3,1473.41,891846.13,-5.13,1734.24,1817.95,1873.75,False,35.52,8.36,32.27,,,,,,,,,,,,,,,1226.26,0.0,0.0,0.0,0.0,,1226.26,,,,,,,3179.42,0.0,0.0,0.0,0.0,,3179.42,
2025-04-09,1473.41,1689.0,1385.05,1669.51,1968530.91,13.31,1724.28,1803.81,1858.62,False,36.16,10.55,27.48,,1385.05,LL,,,1385.05,LL,,,,,,,,1226.26,0.0,0.0,0.0,0.0,,1226.26,,,,,,,3179.42,0.0,0.0,0.0,0.0,,3179.42,
2025-04-10,1669.51,1669.85,1471.02,1522.25,911855.39,-8.82,1693.2,1776.99,1833.7,False,36.76,9.55,24.88,,,,,,,,,,,,,,,1226.26,0.0,0.0,0.0,0.0,,1226.26,,,,,,,3179.42,0.0,0.0,0.0,0.0,,3179.42,
2025-04-11,1522.24,1591.47,1504.63,1566.85,578484.32,2.93,1673.76,1756.98,1813.94,False,37.31,9.15,23.82,,,,,,,,,,,,,,,1226.26,0.0,0.0,0.0,0.0,,1226.26,,,,,,,3179.42,0.0,0.0,0.0,0.0,,3179.42,
2025-04-12,1566.85,1669.59,1546.06,1644.18,501867.9,4.94,1669.21,1746.24,1801.36,False,36.67,12.46,22.36,,,,,,,,,,,,,,,1226.26,0.0,0.0,0.0,0.0,,1226.26,,,,,,,3179.42,0.0,0.0,0.0,0.0,,3179.42,
2025-04-13,1644.19,1649.75,1562.01,1597.76,580136.61,-2.82,1658.22,1732.1,1786.28,False,36.08,11.9,21.36,,,,,,,,,,,,,,,1226.26,0.0,0.0,0.0,0.0,,1226.26,,,,,,,3179.42,0.0,0.0,0.0,0.0,,3179.42,
2025-04-14,1597.76,1691.5,1595.56,1623.77,645930.14,1.63,1652.92,1721.78,1774.24,False,34.94,13.49,20.29,,,,,1691.5,,LH,,SMALL LL confirmed @ 1385.05,,,,,,1226.26,0.0,0.0,0.0,0.0,,1226.26,,,,,,,3179.42,0.0,0.0,0.0,0.0,,3179.42,
2025-04-15,1623.78,1661.21,1583.12,1588.78,476178.89,-2.15,1643.05,1709.11,1760.5,False,34.0,12.92,20.1,,,,,,,,,,,,,,,1226.26,0.0,0.0,0.0,0.0,,1226.26,,,,,,,3179.42,0.0,0.0,0.0,0.0,,3179.42,
2025-04-16,1588.77,1613.66,1538.07,1577.14,611387.87,-0.73,1632.91,1696.54,1746.92,False,33.54,12.38,21.76,,,,,,1538.07,HL,,,,,,,,1226.26,0.0,0.0,0.0,0.0,,1226.26,,,,,,,3179.42,0.0,0.0,0.0,0.0,,3179.42,
2025-04-17,1577.15,1616.96,1563.2,1583.62,449870.36,0.41,1625.33,1685.79,1734.83,False,33.05,12.18,21.08,,,,,,,,,,,,,,,1226.26,0.0,0.0,0.0,0.0,,1226.26,,,,,,,3179.42,0.0,0.0,0.0,0.0,,3179.42,
2025-04-18,1583.63,1600.64,1573.54,1588.6,200409.04,0.31,1619.68,1676.53,1723.99,False,32.6,11.98,20.73,,,,,,,,,,,,,,,1226.26,0.0,0.0,0.0,0.0,,1226.26,,,,,,,3179.42,0.0,0.0,0.0,0.0,,3179.42,
2025-04-19,1588.6,1631.81,1585.01,1613.27,223096.39,1.55,1618.69,1670.51,1715.79,False,31.65,13.62,20.11,,,,,,,,,SMALL LH confirmed @ 1691.50,,,,,,1226.26,0.0,0.0,0.0,0.0,,1226.26,,,,,,,3179.42,0.0,0.0,0.0,0.0,,3179.42,
2025-04-20,1613.26,1619.19,1565.59,1587.36,276052.23,-1.61,1613.87,1662.59,1706.28,False,30.98,13.13,20.69,,,,,,,,,,,,,,,1226.26,0.0,0.0,0.0,0.0,,1226.26,,,,,,,3179.42,0.0,0.0,0.0,0.0,,3179.42,
2025-04-21,1587.36,1658.75,1564.07,1579.57,691486.67,-0.49,1608.59,1654.68,1696.89,False,29.69,14.96,19.37,,,,,,,,,SMALL HL confirmed @ 1538.07,,,,,,1226.26,0.0,0.0,0.0,0.0,,1226.26,,,,,,,3179.42,0.0,0.0,0.0,0.0,,3179.42,
2025-04-22,1579.57,1778.0,1537.26,1756.26,1103036.96,11.19,1631.31,1664.36,1701.29,False,28.27,20.09,16.5,,,,,,,,BULL_CHOCH,SMALL BULL CHOCH @ 1756.26 (level 1691.50),878.13,-50.0,1.0,0.69822,1226.26,1226.26,0.0,0.0,613.13,613.13,0.0,613.13,"ENTRY @ 1756.26 (small green CHoCH, margin $613.13 [50% of bank] @ 2x [ADX 28.3, zone red], 0.698220 units)",878.13,-50.0,1.0,1.810335,3179.42,3179.42,0.0,0.0,1589.71,1589.71,0.0,1589.71,"ENTRY @ 1756.26 (small green CHoCH, margin $1589.71 [50% of bank] @ 2x [ADX 28.3, zone red], 1.810335 units)"
2025-04-23,1756.25,1834.86,1744.95,1795.07,887545.63,2.21,1656.51,1676.81,1708.24,False,27.55,22.52,15.57,,,,,,,,,,878.13,-51.08,1.0,0.69822,1253.35,1253.35,27.1,2.21,640.23,626.68,13.55,613.13,,878.13,-51.08,1.0,1.810335,3249.68,3249.68,70.26,2.21,1659.97,1624.84,35.13,1589.71,
2025-04-24,1795.08,1802.82,1722.9,1769.65,483465.04,-1.42,1673.91,1685.65,1712.79,False,26.57,21.36,16.18,,,,,,,,,,878.13,-50.38,1.0,0.69822,1235.61,1235.61,-17.75,-1.42,622.48,617.8,4.67,613.13,,878.13,-50.38,1.0,1.810335,3203.66,3203.66,-46.02,-1.42,1613.95,1601.83,12.12,1589.71,
2025-04-25,1769.64,1827.32,1738.6,1784.6,595610.89,0.84,1690.94,1695.07,1718.11,False,25.92,21.72,15.25,,,,,,,,,,878.13,-50.79,1.0,0.69822,1246.04,1246.04,10.44,0.84,632.92,623.02,9.89,613.13,,878.13,-50.79,1.0,1.810335,3230.72,3230.72,27.06,0.84,1641.01,1615.36,25.65,1589.71,
2025-04-26,1784.6,1841.16,1778.94,1820.88,355068.04,2.03,1710.93,1707.05,1725.72,False,25.47,21.75,14.61,,,,,,,,,,878.13,-51.77,1.0,0.69822,1271.37,1271.37,25.33,2.03,658.25,635.69,22.56,613.13,,878.13,-51.77,1.0,1.810335,3296.4,3296.4,65.68,2.03,1706.69,1648.2,58.49,1589.71,
2025-04-27,1820.87,1857.47,1781.9,1791.29,340332.64,-1.63,1723.29,1715.08,1730.58,False,25.23,21.74,13.86,,,,,,,,,,878.13,-50.98,1.0,0.69822,1250.71,1250.71,-20.66,-1.63,637.59,625.36,12.23,613.13,,878.13,-50.98,1.0,1.810335,3242.83,3242.83,-53.57,-1.63,1653.13,1621.42,31.71,1589.71,
2025-04-28,1791.29,1827.98,1744.71,1799.88,587269.74,0.48,1735.08,1723.15,1735.71,False,24.39,20.48,15.64,,,,,,,,,,878.13,-51.21,1.0,0.69822,1256.71,1256.71,6.0,0.48,643.58,628.36,15.23,613.13,,878.13,-51.21,1.0,1.810335,3258.38,3258.38,15.55,0.48,1668.68,1629.19,39.48,1589.71,
2025-04-29,1799.88,1842.99,1780.47,1797.81,480456.39,-0.12,1744.73,1730.26,1740.31,True,23.79,20.64,14.94,,,,,,,,,,878.13,-51.16,1.0,0.69822,1255.27,1255.27,-1.45,-0.12,642.14,627.63,14.51,613.13,,878.13,-51.16,1.0,1.810335,3254.64,3254.64,-3.75,-0.12,1664.93,1627.32,37.61,1589.71,
2025-04-30,1797.81,1816.8,1731.7,1793.61,473523.99,-0.23,1752.25,1736.3,1744.26,True,22.44,19.37,17.54,,,,,,,,,,878.13,-51.04,1.0,0.69822,1252.33,1252.33,-2.93,-0.23,639.21,626.17,13.04,613.13,,878.13,-51.04,1.0,1.810335,3247.03,3247.03,-7.6,-0.23,1657.33,1623.52,33.81,1589.71,
2025-05-01,1793.62,1873.17,1792.52,1838.11,537198.73,2.48,1765.46,1745.99,1751.21,True,21.91,22.35,16.51,,,,,1873.17,,HH,,,878.13,-52.23,1.0,0.69822,1283.41,1283.41,31.07,2.48,670.28,641.7,28.57,613.13,,878.13,-52.23,1.0,1.810335,3327.59,3327.59,80.56,2.48,1737.88,1663.8,74.09,1589.71,
2025-05-02,1838.1,1871.0,1813.0,1842.2,410667.88,0.22,1777.26,1755.16,1757.95,True,21.42,21.37,15.79,,,,,,,,,,878.13,-52.33,1.0,0.69822,1286.26,1286.26,2.86,0.22,673.13,643.13,30.0,613.13,,878.13,-52.33,1.0,1.810335,3335.0,3335.0,7.4,0.22,1745.29,1667.5,77.79,1589.71,
2025-05-03,1842.2,1848.6,1810.0,1833.52,213751.6,-0.47,1785.92,1762.62,1763.55,True,20.91,20.73,15.54,,,,,,,,,,878.13,-52.11,1.0,0.69822,1280.2,1280.2,-6.06,-0.47,667.07,640.1,26.97,613.13,,878.13,-52.11,1.0,1.810335,3319.28,3319.28,-15.71,-0.47,1729.58,1659.64,69.93,1589.71,
2025-05-04,1833.52,1849.95,1803.0,1808.86,238254.36,-1.34,1789.45,1767.02,1766.9,True,20.31,19.93,15.52,,,,,,,,,,878.13,-51.45,1.0,0.69822,1262.98,1262.98,-17.22,-1.34,649.85,631.49,18.36,613.13,,878.13,-51.45,1.0,1.810335,3274.64,3274.64,-44.64,-1.34,1684.93,1637.32,47.61,1589.71,
2025-05-05,1808.86,1833.55,1781.85,1820.19,342341.01,0.63,1794.18,1772.09,1770.85,True,19.35,19.07,16.62,,,,,,,,,,878.13,-51.76,1.0,0.69822,1270.89,1270.89,7.91,0.63,657.77,635.45,22.32,613.13,,878.13,-51.76,1.0,1.810335,3295.15,3295.15,20.51,0.63,1705.44,1647.58,57.87,1589.71,
2025-05-06,1820.19,1820.9,1752.0,1817.0,384584.25,-0.18,1797.69,1776.36,1774.27,True,18.01,17.95,18.19,,,,,,1752.0,HL,,SMALL HH confirmed @ 1873.17,878.13,-51.67,1.0,0.69822,1268.67,1268.67,-2.23,-0.18,655.54,634.33,21.2,613.13,,878.13,-51.67,1.0,1.810335,3289.38,3289.38,-5.77,-0.18,1699.67,1644.69,54.98,1589.71,
2025-05-07,1817.0,1850.0,1787.01,1811.11,456170.07,-0.32,1799.75,1779.67,1777.0,True,17.17,19.49,17.2,,,,,,,,,,878.13,-51.51,1.0,0.69822,1264.55,1264.55,-4.11,-0.32,651.43,632.28,19.15,613.13,,878.13,-51.51,1.0,1.810335,3278.72,3278.72,-10.66,-0.32,1689.01,1639.36,49.65,1589.71,
2025-05-08,1811.11,2226.0,1808.71,2207.39,1473152.69,21.88,1862.47,1820.41,1808.88,True,19.67,39.28,12.38,,,,,,,,BULL_BOS,SMALL BULL BOS @ 2207.39 (level 1873.17),878.13,-60.22,1.0,0.69822,1541.24,1541.24,276.69,21.88,928.12,770.62,157.49,613.13,,878.13,-60.22,1.0,1.810335,3996.11,3996.11,717.4,21.88,2406.41,1998.06,408.35,1589.71,
2025-05-09,2207.39,2490.77,2184.33,2345.04,1667041.04,6.24,1936.71,1870.37,1848.59,True,22.91,47.83,10.13,,,,,,,,,,878.13,-62.55,1.0,0.69822,1637.35,1637.35,96.11,6.24,1024.23,818.68,205.55,613.13,,878.13,-62.55,1.0,1.810335,4245.31,4245.31,249.19,6.24,2655.6,2122.65,532.94,1589.71,
2025-05-10,2345.04,2600.0,2317.0,2583.23,979350.16,10.16,2036.17,1938.26,1903.01,True,26.19,46.42,8.58,,,,,,,,,,878.13,-66.01,1.0,0.69822,1803.66,1803.66,166.31,10.16,1190.53,901.83,288.7,613.13,,878.13,-66.01,1.0,1.810335,4676.51,4676.51,431.2,10.16,3086.8,2338.26,748.55,1589.71,
2025-05-11,2583.22,2608.13,2435.51,2514.57,831584.39,-2.66,2109.77,1993.15,1948.31,True,29.25,42.61,7.8,,,,,,,,,SMALL HL confirmed @ 1752.00,878.13,-65.08,1.0,0.69822,1755.72,1755.72,-47.94,-2.66,1142.6,877.86,264.73,613.13,,878.13,-65.08,1.0,1.810335,4552.21,4552.21,-124.3,-2.66,2962.5,2276.11,686.4,1589.71,
2025-05-12,2514.58,2624.0,2406.63,2495.47,1068680.94,-0.76,2169.11,2040.99,1988.84,True,31.71,37.92,8.4,,,,,,,,,,878.13,-64.81,1.0,0.69822,1742.39,1742.39,-13.34,-0.76,1129.26,871.19,258.07,613.13,,878.13,-64.81,1.0,1.810335,4517.64,4517.64,-34.58,-0.76,2927.93,2258.82,669.11,1589.71,
2025-05-13,2495.48,2738.5,2415.3,2679.71,1031355.65,7.38,2247.66,2101.82,2040.02,True,34.31,37.55,7.14,,,,,2738.5,,HH,,,878.13,-67.23,1.0,0.69822,1871.03,1871.03,128.64,7.38,1257.9,935.51,322.39,613.13,,878.13,-67.23,1.0,1.810335,4851.17,4851.17,333.54,7.38,3261.46,2425.59,835.88,1589.71,
2025-05-14,2679.71,2725.99,2547.26,2609.74,830047.11,-2.61,2303.37,2150.19,2082.22,True,36.71,34.47,6.56,,,,,,,,,,878.13,-66.35,1.0,0.69822,1822.17,1822.17,-48.85,-2.61,1209.04,911.09,297.96,613.13,,878.13,-66.35,1.0,1.810335,4724.5,4724.5,-126.67,-2.61,3134.79,2362.25,772.54,1589.71,
2025-05-15,2609.75,2647.03,2476.03,2548.69,768954.03,-2.34,2341.11,2188.15,2116.77,True,38.0,31.79,9.29,,,,,,,,,,878.13,-65.55,1.0,0.69822,1779.55,1779.55,-42.63,-2.34,1166.42,889.77,276.65,613.13,,878.13,-65.55,1.0,1.810335,4613.98,4613.98,-110.52,-2.34,3024.27,2306.99,717.28,1589.71,
2025-05-16,2548.7,2649.31,2529.4,2537.12,605953.69,-0.45,2371.27,2221.38,2147.91,True,39.21,30.13,8.77,,,,,,,,,,878.13,-65.39,1.0,0.69822,1771.47,1771.47,-8.08,-0.45,1158.34,885.73,272.61,613.13,,878.13,-65.39,1.0,1.810335,4593.04,4593.04,-20.95,-0.45,3003.33,2296.52,706.81,1589.71,
2025-05-17,2537.13,2538.16,2446.42,2475.08,494333.28,-2.45,2387.24,2245.54,2172.14,True,39.27,28.81,12.35,,,,,,,,,,878.13,-64.52,1.0,0.69822,1728.15,1728.15,-43.32,-2.45,1115.02,864.08,250.95,613.13,,878.13,-64.52,1.0,1.810335,4480.72,4480.72,-112.31,-2.45,2891.01,2240.36,650.65,1589.71,
2025-05-18,2475.09,2587.61,2323.21,2497.78,810103.19,0.92,2404.24,2269.57,2196.27,True,37.99,25.36,16.44,,,,,,2323.21,HL,,SMALL HH confirmed @ 2738.50,878.13,-64.84,1.0,0.69822,1744.0,1744.0,15.85,0.92,1130.87,872.0,258.87,613.13,,878.13,-64.84,1.0,1.810335,4521.82,4521.82,41.09,0.92,2932.11,2260.91,671.2,1589.71,
2025-05-19,2497.78,2547.36,2348.38,2528.14,861747.52,1.22,2423.3,2294.19,2220.85,True,36.8,23.12,14.99,,,,,,,,,,878.13,-65.27,1.0,0.69822,1765.2,1765.2,21.2,1.22,1152.07,882.6,269.47,613.13,,878.13,-65.27,1.0,1.810335,4576.78,4576.78,54.96,1.22,2987.07,2288.39,698.68,1589.71,
2025-05-20,2528.14,2588.63,2442.4,2524.19,676989.17,-0.16,2438.83,2316.1,2243.32,True,35.97,23.46,14.01,,,,,,,,,,878.13,-65.21,1.0,0.69822,1762.44,1762.44,-2.76,-0.16,1149.31,881.22,268.09,613.13,,878.13,-65.21,1.0,1.810335,4569.63,4569.63,-7.15,-0.16,2979.92,2284.81,695.11,1589.71,
2025-05-21,2524.19,2615.95,2452.2,2550.99,1095890.29,1.06,2456.08,2338.47,2266.11,True,35.38,22.96,12.99,,,,,,,,,,878.13,-65.58,1.0,0.69822,1781.15,1781.15,18.71,1.06,1168.02,890.58,277.45,613.13,,878.13,-65.58,1.0,1.810335,4618.15,4618.15,48.52,1.06,3028.44,2309.07,719.36,1589.71,
2025-05-22,2551.0,2692.99,2544.83,2664.82,852555.67,4.46,2488.2,2369.55,2295.64,True,35.32,24.89,12.12,,,,,,,,,,878.13,-67.05,1.0,0.69822,1860.63,1860.63,79.48,4.46,1247.5,930.32,317.19,613.13,,878.13,-67.05,1.0,1.810335,4824.22,4824.22,206.07,4.46,3234.51,2412.11,822.4,1589.71,
2025-05-23,2664.83,2734.23,2498.3,2526.5,971442.45,-5.19,2494.09,2384.5,2312.74,True,34.71,22.34,12.9,,,,,2734.23,,LH,,SMALL HL confirmed @ 2323.21,878.13,-65.24,1.0,0.69822,1764.05,1764.05,-96.58,-5.19,1150.92,882.03,268.9,613.13,,878.13,-65.24,1.0,1.810335,4573.81,4573.81,-250.41,-5.19,2984.1,2286.91,697.2,1589.71,
2025-05-24,2526.49,2575.85,2515.08,2530.4,257544.23,0.15,2499.67,2398.39,2328.87,True,34.14,21.73,12.55,,,,,,,,,,878.13,-65.3,1.0,0.69822,1766.78,1766.78,2.72,0.15,1153.65,883.39,270.26,613.13,,878.13,-65.3,1.0,1.810335,4580.87,4580.87,7.06,0.15,2991.16,2290.44,700.73,1589.71,
2025-05-25,2530.41,2554.26,2463.0,2551.22,359890.03,0.82,2507.6,2412.95,2345.34,True,32.99,20.8,14.45,,,,,,2463.0,HL,,,878.13,-65.58,1.0,0.69822,1781.31,1781.31,14.54,0.82,1168.18,890.66,277.53,613.13,,878.13,-65.58,1.0,1.810335,4618.56,4618.56,37.69,0.82,3028.85,2309.28,719.57,1589.71,
2025-05-26,2551.22,2599.0,2525.86,2563.7,362971.12,0.49,2516.23,2427.3,2361.51,True,32.27,22.24,13.93,,,,,,,,,,878.13,-65.75,1.0,0.69822,1790.03,1790.03,8.71,0.49,1176.9,895.01,281.89,613.13,,878.13,-65.75,1.0,1.810335,4641.15,4641.15,22.59,0.49,3051.45,2320.58,730.87,1589.71,
2025-05-27,2563.7,2712.36,2509.46,2660.81,798430.89,3.79,2538.48,2449.54,2383.68,True,32.38,25.47,12.6,,,,,,,,,,878.13,-67.0,1.0,0.69822,1857.83,1857.83,67.8,3.79,1244.7,928.92,315.79,613.13,,878.13,-67.0,1.0,1.810335,4816.96,4816.96,175.8,3.79,3227.25,2408.48,818.77,1589.71,
2025-05-28,2660.81,2689.14,2608.5,2681.6,560095.68,0.78,2560.5,2471.64,2405.75,True,32.49,24.46,12.1,,,,,,,,,SMALL LH confirmed @ 2734.23,878.13,-67.25,1.0,0.69822,1872.35,1872.35,14.52,0.78,1259.22,936.17,323.05,613.13,,878.13,-67.25,1.0,1.810335,4854.59,4854.59,37.64,0.78,3264.88,2427.3,837.59,1589.71,
2025-05-29,2681.61,2788.0,2619.05,2631.39,811567.25,-1.87,2571.4,2486.86,2422.46,True,33.17,27.25,11.11,,,,,2788.0,,HH,,BIG LL confirmed @ 1385.05,878.13,-66.63,1.0,0.69822,1837.29,1837.29,-35.06,-1.87,1224.16,918.64,305.52,613.13,,878.13,-66.63,1.0,1.810335,4763.7,4763.7,-90.9,-1.87,3173.99,2381.85,792.14,1589.71,
2025-05-30,2631.39,2649.23,2507.35,2531.34,763045.26,-3.8,2565.24,2491.09,2430.53,True,32.47,25.37,15.77,,,,,,,,,SMALL HL confirmed @ 2463.00,878.13,-65.31,1.0,0.69822,1767.43,1767.43,-69.86,-3.8,1154.3,883.72,270.59,613.13,,878.13,-65.31,1.0,1.810335,4582.57,4582.57,-181.12,-3.8,2992.86,2291.29,701.58,1589.71,
2025-05-31,2531.35,2550.34,2475.33,2528.06,394537.25,-0.13,2559.52,2494.61,2437.75,True,31.47,24.41,16.78,,,,,,,,,,878.13,-65.26,1.0,0.69822,1765.14,1765.14,-2.29,-0.13,1152.01,882.57,269.44,613.13,,878.13,-65.26,1.0,1.810335,4576.63,4576.63,-5.94,-0.13,2986.93,2288.32,698.61,1589.71,
2025-06-01,2528.06,2547.79,2468.56,2539.21,332021.71,0.44,2556.39,2498.86,2445.27,True,30.47,23.41,16.44,,,,,,,,,,878.13,-65.42,1.0,0.69822,1772.93,1772.93,7.79,0.44,1159.8,886.46,273.34,613.13,,878.13,-65.42,1.0,1.810335,4596.82,4596.82,20.19,0.44,3007.11,2298.41,708.7,1589.71,
2025-06-02,2539.2,2615.0,2475.0,2607.41,468889.97,2.69,2564.24,2509.2,2457.28,True,30.05,25.19,15.25,,,,,,,,,,878.13,-66.32,1.0,0.69822,1820.55,1820.55,47.62,2.69,1207.42,910.27,297.14,613.13,,878.13,-66.32,1.0,1.810335,4720.28,4720.28,123.46,2.69,3130.58,2360.14,770.43,1589.71,
2025-06-03,2607.42,2655.38,2575.0,2593.36,454383.04,-0.54,2568.72,2517.21,2467.36,True,29.95,26.27,14.59,,,,,,,,,SMALL HH confirmed @ 2788.00,878.13,-66.14,1.0,0.69822,1810.74,1810.74,-9.81,-0.54,1197.61,905.37,292.24,613.13,,878.13,-66.14,1.0,1.810335,4694.85,4694.85,-25.44,-0.54,3105.14,2347.42,757.72,1589.71,
2025-06-04,2593.35,2679.88,2583.5,2607.68,502494.82,0.55,2574.72,2525.83,2477.75,True,30.02,26.23,13.83,,,,,,,,,,878.13,-66.33,1.0,0.69822,1820.73,1820.73,10.0,0.55,1207.61,910.37,297.24,613.13,,878.13,-66.33,1.0,1.810335,4720.77,4720.77,25.92,0.55,3131.06,2360.39,770.68,1589.71,
2025-06-05,2607.68,2640.86,2391.66,2414.01,808938.03,-7.43,2549.99,2515.18,2473.03,True,28.03,22.88,21.89,,,,,,,,BEAR_CHOCH,SMALL BEAR CHOCH @ 2414.01 (level 2463.00),,,,,,1685.51,-135.22,-7.43,0.0,0.0,,1685.51,"EXIT @ 2414.01 (small red CHoCH, realized +459.25)",,,,,,4370.17,-350.61,-7.43,0.0,0.0,,4370.17,"EXIT @ 2414.01 (small red CHoCH, realized +1190.75)"
2025-06-06,2414.02,2531.36,2381.49,2476.1,578843.5,2.57,2538.62,2511.46,2473.26,True,26.1,21.13,20.74,,,,,,2381.49,LL,,,,,,,,1685.51,0.0,0.0,0.0,0.0,,1685.51,,,,,,,4370.17,0.0,0.0,0.0,0.0,,4370.17,
2025-06-07,2476.1,2544.36,2457.0,2524.63,264787.67,1.96,2536.47,2512.71,2477.06,True,24.42,20.84,19.79,,,,,,,,,,,,,,,1685.51,0.0,0.0,0.0,0.0,,1685.51,,,,,,,4370.17,0.0,0.0,0.0,0.0,,4370.17,
2025-06-08,2524.64,2548.63,2490.58,2509.83,266474.71,-0.59,2532.37,2512.44,2479.49,True,22.9,20.41,19.16,,,,,,,,,,,,,,,1685.51,0.0,0.0,0.0,0.0,,1685.51,,,,,,,4370.17,0.0,0.0,0.0,0.0,,4370.17,
2025-06-09,2509.84,2693.99,2477.73,2680.13,568726.3,6.79,2555.1,2528.41,2494.35,True,22.72,25.7,17.0,,,,,,,,,,,,,,,1685.51,0.0,0.0,0.0,0.0,,1685.51,,,,,,,4370.17,0.0,0.0,0.0,0.0,,4370.17,
2025-06-10,2680.13,2827.0,2655.61,2816.4,1138405.48,5.08,2595.3,2555.84,2518.21,True,23.4,30.26,15.51,,,,,,,,BULL_CHOCH,SMALL BULL CHOCH @ 2816.40 (level 2788.00),2253.12,-20.0,2.5,1.496157,4213.78,1685.51,0.0,0.0,842.76,842.76,0.0,842.76,"ENTRY @ 2816.40 (small green CHoCH, margin $842.76 [50% of bank] @ 5x [ADX 23.4, zone green], 1.496157 units)",2253.12,-20.0,2.5,3.879213,10925.41,4370.17,0.0,0.0,2185.08,2185.08,0.0,2185.08,"ENTRY @ 2816.40 (small green CHoCH, margin $2185.08 [50% of bank] @ 5x [ADX 23.4, zone green], 3.879213 units)"
2025-06-11,2816.41,2879.22,2743.75,2771.61,850210.93,-1.59,2622.43,2576.39,2536.98,True,24.32,30.83,14.43,,,,,2879.22,,HH,,SMALL LL confirmed @ 2381.49,2253.12,-18.71,2.56,1.496157,4146.76,1618.5,-67.01,-3.98,775.74,829.35,-53.61,842.76,,2253.12,-18.71,2.56,3.879213,10751.66,4196.42,-173.75,-3.98,2011.33,2150.33,-139.0,2185.08,
2025-06-12,2771.6,2784.83,2616.24,2642.65,699593.38,-4.65,2625.54,2582.7,2544.81,True,23.86,28.2,19.65,,,,,,,,,,2253.12,-14.74,2.77,1.496157,3953.82,1425.55,-192.94,-11.92,582.8,790.76,-207.97,842.76,,2253.12,-14.74,2.77,3.879213,10251.4,3696.15,-500.26,-11.92,1511.07,2050.28,-539.21,2185.08,
2025-06-13,2642.66,2645.45,2436.98,2579.19,1202176.3,-2.4,2618.41,2582.36,2547.35,True,22.3,25.33,26.41,,,,,,2436.98,HL,,,2253.12,-12.64,2.9,1.496157,3858.87,1330.61,-94.95,-6.66,487.85,771.77,-283.92,842.76,,2253.12,-12.64,2.9,3.879213,10005.23,3449.98,-246.17,-6.66,1264.89,2001.05,-736.15,2185.08,
2025-06-14,2579.19,2579.43,2488.72,2530.76,331438.93,-1.88,2604.92,2577.45,2546.12,True,20.86,24.17,25.21,,,,,,,,,,2253.12,-10.97,3.01,1.496157,3786.41,1258.15,-72.46,-5.45,415.39,757.28,-341.89,842.76,,2253.12,-10.97,3.01,3.879213,9817.36,3262.11,-187.87,-5.45,1077.02,1963.47,-886.45,2185.08,
2025-06-15,2530.77,2559.51,2492.0,2547.61,299701.66,0.67,2596.11,2574.61,2546.23,True,19.52,23.32,24.32,,,,,,,,,,2253.12,-11.56,2.97,1.496157,3811.62,1283.36,25.21,2.0,440.6,762.32,-321.72,842.76,,2253.12,-11.56,2.97,3.879213,9882.72,3327.47,65.36,2.0,1142.39,1976.54,-834.15,2185.08,
2025-06-16,2547.62,2680.34,2514.85,2544.17,680429.99,-0.14,2588.12,2571.71,2546.08,True,18.89,27.55,22.25,,,,,2680.34,,LH,,SMALL HH confirmed @ 2879.22,2253.12,-11.44,2.98,1.496157,3806.48,1278.21,-5.15,-0.4,435.46,761.3,-325.84,842.76,,2253.12,-11.44,2.98,3.879213,9869.38,3314.13,-13.34,-0.4,1129.04,1973.88,-844.83,2185.08,
2025-06-17,2544.17,2618.6,2453.8,2509.95,715930.41,-1.35,2576.09,2565.83,2543.41,True,17.8,25.25,23.49,,,,,,,,,,2253.12,-10.23,3.06,1.496157,3755.28,1227.01,-51.2,-4.01,384.26,751.06,-366.8,842.76,,2253.12,-10.23,3.06,3.879213,9736.63,3181.38,-132.75,-4.01,996.3,1947.33,-951.03,2185.08,
2025-06-18,2509.95,2548.42,2465.78,2525.0,504532.18,0.6,2568.23,2561.94,2542.04,True,16.78,24.15,22.47,,,,,,,,,SMALL HL confirmed @ 2436.98,2253.12,-10.77,3.02,1.496157,3777.8,1249.53,22.52,1.84,406.78,755.56,-348.78,842.76,,2253.12,-10.77,3.02,3.879213,9795.01,3239.76,58.38,1.84,1054.68,1959.0,-904.32,2185.08,
2025-06-19,2525.0,2546.91,2485.03,2521.12,252646.06,-0.15,2560.98,2558.05,2540.49,True,15.84,23.34,21.71,,,,,,,,,,2253.12,-10.63,3.03,1.496157,3771.99,1243.72,-5.81,-0.46,400.97,754.4,-353.43,842.76,,2253.12,-10.63,3.03,3.879213,9779.96,3224.71,-15.05,-0.46,1039.63,1955.99,-916.36,2185.08,
2025-06-20,2521.13,2569.0,2367.36,2406.49,632027.82,-4.55,2537.21,2543.62,2530.57,True,15.43,20.87,25.59,,,,,,,,BEAR_CHOCH,SMALL BEAR CHOCH @ 2406.49 (level 2436.98),,,,,,1072.22,-171.5,-13.79,0.0,0.0,,1072.22,"EXIT @ 2406.49 (small red CHoCH, realized -613.29)",,,,,,2780.04,-444.67,-13.79,0.0,0.0,,2780.04,"EXIT @ 2406.49 (small red CHoCH, realized -1590.13)"
2025-06-21,2406.49,2448.8,2216.0,2295.73,496783.86,-4.6,2500.06,2520.01,2513.17,False,16.06,18.45,30.17,,,,,,,,,SMALL LH confirmed @ 2680.34,,,,,,1072.22,0.0,0.0,0.0,0.0,,1072.22,,,,,,,2780.04,0.0,0.0,0.0,0.0,,2780.04,
2025-06-22,2295.72,2314.48,2111.89,2227.7,840155.83,-2.96,2458.16,2492.17,2492.02,False,17.19,16.63,32.26,,,,,,2111.89,LL,,,,,,,,1072.22,0.0,0.0,0.0,0.0,,1072.22,,,,,,,2780.04,0.0,0.0,0.0,0.0,,2780.04,
2025-06-23,2227.7,2438.68,2188.0,2411.66,744583.8,8.26,2451.01,2484.5,2486.07,False,17.14,20.44,28.52,,,,,,,,,,,,,,,1072.22,0.0,0.0,0.0,0.0,,1072.22,,,,,,,2780.04,0.0,0.0,0.0,0.0,,2780.04,
2025-06-24,2411.66,2482.04,2376.11,2448.45,516760.66,1.53,2450.61,2481.07,2483.29,False,16.74,21.47,27.1,,,,,,,,,,,,,,,1072.22,0.0,0.0,0.0,0.0,,1072.22,,,,,,,2780.04,0.0,0.0,0.0,0.0,,2780.04,
2025-06-25,2448.46,2468.69,2389.69,2418.49,414894.74,-1.22,2445.67,2475.11,2478.49,False,16.38,20.64,26.05,,,,,,,,,,,,,,,1072.22,0.0,0.0,0.0,0.0,,1072.22,,,,,,,2780.04,0.0,0.0,0.0,0.0,,2780.04,
2025-06-26,2418.5,2520.92,2394.32,2415.96,463704.03,-0.1,2441.1,2469.48,2473.85,False,15.59,21.93,24.42,,,,,,,,,,,,,,,1072.22,0.0,0.0,0.0,0.0,,1072.22,,,,,,,2780.04,0.0,0.0,0.0,0.0,,2780.04,
2025-06-27,2415.96,2463.54,2382.53,2423.17,381474.77,0.3,2438.34,2465.07,2470.1,False,14.95,21.02,24.01,,,,,,,,,SMALL LL confirmed @ 2111.89,,,,,,1072.22,0.0,0.0,0.0,0.0,,1072.22,,,,,,,2780.04,0.0,0.0,0.0,0.0,,2780.04,
2025-06-28,2423.17,2447.8,2405.81,2435.62,155814.99,0.51,2437.92,2462.26,2467.55,False,14.36,20.55,23.47,,,,,,,,,,,,,,,1072.22,0.0,0.0,0.0,0.0,,1072.22,,,,,,,2780.04,0.0,0.0,0.0,0.0,,2780.04,
2025-06-29,2435.62,2525.0,2412.0,2500.09,284291.81,2.65,2447.49,2465.86,2469.96,False,13.56,23.48,22.03,,,,,,,,,,,,,,,1072.22,0.0,0.0,0.0,0.0,,1072.22,,,,,,,2780.04,0.0,0.0,0.0,0.0,,2780.04,
2025-06-30,2500.09,2524.3,2431.0,2485.47,440455.71,-0.58,2453.33,2467.73,2471.11,False,12.82,22.26,20.89,,,,,,,,,,,,,,,1072.22,0.0,0.0,0.0,0.0,,1072.22,,,,,,,2780.04,0.0,0.0,0.0,0.0,,2780.04,
2025-07-01,2485.47,2500.8,2386.52,2405.01,351951.09,-3.24,2445.9,2461.76,2466.21,False,12.1,20.84,22.05,,,,,,,,,,,,,,,1072.22,0.0,0.0,0.0,0.0,,1072.22,,,,,,,2780.04,0.0,0.0,0.0,0.0,,2780.04,
2025-07-02,2405.01,2619.28,2373.0,2570.41,634967.03,6.88,2465.05,2472.11,2473.93,False,12.08,24.36,19.2,,,,,,,,,,,,,,,1072.22,0.0,0.0,0.0,0.0,,1072.22,,,,,,,2780.04,0.0,0.0,0.0,0.0,,2780.04,
2025-07-03,2570.41,2635.5,2556.12,2591.25,504943.66,0.81,2484.47,2483.45,2482.62,True,12.2,24.19,18.38,,,,,2635.5,,LH,,,,,,,,1072.22,0.0,0.0,0.0,0.0,,1072.22,,,,,,,2780.04,0.0,0.0,0.0,0.0,,2780.04,
2025-07-04,2591.26,2603.17,2474.24,2508.04,452593.02,-3.21,2488.09,2485.79,2484.5,True,11.48,22.5,21.53,,,,,,2474.24,HL,,,,,,,,1072.22,0.0,0.0,0.0,0.0,,1072.22,,,,,,,2780.04,0.0,0.0,0.0,0.0,,2780.04,
2025-07-05,2508.04,2529.81,2487.95,2516.41,157198.1,0.33,2492.45,2488.71,2486.87,True,10.82,21.97,21.01,,,,,,,,,,,,,,,1072.22,0.0,0.0,0.0,0.0,,1072.22,,,,,,,2780.04,0.0,0.0,0.0,0.0,,2780.04,
2025-07-06,2516.42,2605.0,2503.5,2570.35,277593.63,2.14,2504.44,2496.49,2493.05,True,10.88,25.02,19.78,,,,,,,,,,,,,,,1072.22,0.0,0.0,0.0,0.0,,1072.22,,,,,,,2780.04,0.0,0.0,0.0,0.0,,2780.04,
2025-07-07,2570.35,2590.57,2512.0,2542.29,315707.53,-1.09,2510.26,2500.85,2496.7,True,10.94,23.85,18.86,,,,,,,,,,,,,,,1072.22,0.0,0.0,0.0,0.0,,1072.22,,,,,,,2780.04,0.0,0.0,0.0,0.0,,2780.04,
2025-07-08,2542.3,2628.21,2523.59,2615.25,370915.73,2.87,2526.41,2511.74,2505.48,True,11.33,24.61,17.68,,,,,,,,,SMALL LH confirmed @ 2635.50,,,,,,1072.22,0.0,0.0,0.0,0.0,,1072.22,,,,,,,2780.04,0.0,0.0,0.0,0.0,,2780.04,
2025-07-09,2615.25,2795.74,2589.78,2768.74,686119.38,5.87,2563.69,2536.22,2524.98,True,12.9,31.25,15.61,,,,,,,,BULL_CHOCH,SMALL HL confirmed @ 2474.24 | SMALL BULL CHOCH @ 2768.74 (level 2635.50),2491.87,-10.0,5.0,1.936297,5361.1,1072.22,0.0,0.0,536.11,536.11,0.0,536.11,"ENTRY @ 2768.74 (small green CHoCH, margin $536.11 [50% of bank] @ 10x [ADX 12.9, zone green], 1.936297 units)",2491.87,-10.0,5.0,5.020402,13900.19,2780.04,0.0,0.0,1390.02,1390.02,0.0,1390.02,"ENTRY @ 2768.74 (small green CHoCH, margin $1390.02 [50% of bank] @ 10x [ADX 12.9, zone green], 5.020402 units)"
2025-07-10,2768.74,3000.0,2755.5,2951.29,951896.07,6.59,2623.32,2575.75,2556.56,True,15.37,38.06,13.58,,,,,,,,,,2491.87,-15.57,4.01,1.936297,5714.57,1425.69,353.47,32.97,889.58,571.46,318.12,536.11,,2491.87,-15.57,4.01,5.020402,14816.66,3696.51,916.47,32.97,2306.49,1481.67,824.83,1390.02,
2025-07-11,2951.29,3040.15,2913.75,2958.22,906839.17,0.23,2674.85,2612.18,2586.31,True,17.82,37.63,12.66,,,,,,,,,,2491.87,-15.76,3.98,1.936297,5727.99,1439.11,13.42,0.94,903.0,572.8,330.2,536.11,,2491.87,-15.76,3.98,5.020402,14851.45,3731.3,34.79,0.94,2341.28,1485.15,856.14,1390.02,
2025-07-12,2958.21,2979.78,2903.85,2943.28,348884.89,-0.51,2716.14,2643.71,2612.75,True,19.97,36.06,12.68,,,,,,,,,,2491.87,-15.34,4.04,1.936297,5699.06,1410.18,-28.93,-2.01,874.07,569.91,304.17,536.11,,2491.87,-15.34,4.04,5.020402,14776.45,3656.3,-75.0,-2.01,2266.28,1477.64,788.63,1390.02,
2025-07-13,2943.29,3020.31,2936.49,2972.03,357333.5,0.98,2755.51,2674.98,2639.37,True,22.14,36.64,12.08,,,,,,,,,,2491.87,-16.16,3.93,1.936297,5754.73,1465.85,55.67,3.95,929.74,575.47,354.27,536.11,,2491.87,-16.16,3.93,5.020402,14920.79,3800.64,144.34,3.95,2410.62,1492.08,918.54,1390.02,
2025-07-14,2972.03,3083.0,2962.81,3013.62,815552.65,1.4,2795.22,2707.23,2667.09,True,24.42,37.7,11.25,,,,,,,,,,2491.87,-17.31,3.77,1.936297,5835.26,1546.38,80.53,5.49,1010.27,583.53,426.74,536.11,,2491.87,-17.31,3.77,5.020402,15129.58,4009.43,208.8,5.49,2619.41,1512.96,1106.46,1390.02,
2025-07-15,3013.61,3144.14,2932.46,3137.89,863583.74,4.12,2847.94,2748.24,2701.96,True,26.77,36.69,9.96,,,,,,,,,,2491.87,-20.59,3.4,1.936297,6075.89,1787.0,240.62,15.56,1250.89,607.59,643.31,536.11,,2491.87,-20.59,3.4,5.020402,15753.47,4633.32,623.89,15.56,3243.3,1575.35,1667.95,1390.02,
2025-07-16,3137.9,3425.0,3101.0,3371.35,1135950.58,7.44,2928.46,2807.59,2751.55,True,29.74,44.63,8.38,,,,,,,,,,2491.87,-26.09,2.92,1.936297,6527.93,2239.05,452.05,25.3,1702.94,652.79,1050.15,536.11,,2491.87,-26.09,2.92,5.020402,16925.53,5805.38,1172.06,25.3,4415.36,1692.55,2722.81,1390.02,
2025-07-17,3371.35,3523.44,3310.77,3476.87,974065.83,3.13,3012.83,2871.33,2805.27,True,32.7,44.8,7.53,,,,,,,,,,2491.87,-28.33,2.76,1.936297,6732.25,2443.37,204.32,9.13,1907.26,673.23,1234.03,536.11,,2491.87,-28.33,2.76,5.020402,17455.29,6335.14,529.75,9.13,4945.12,1745.53,3199.59,1390.02,
2025-07-18,3476.88,3673.84,3458.68,3546.92,1163823.4,2.01,3095.0,2935.67,2860.21,True,35.72,47.29,6.79,,,,,,,,,,2491.87,-29.75,2.66,1.936297,6867.89,2579.01,135.64,5.55,2042.9,686.79,1356.11,536.11,,2491.87,-29.75,2.66,5.020402,17806.97,6686.81,351.68,5.55,5296.8,1780.7,3516.1,1390.02,
2025-07-19,3546.92,3608.3,3506.79,3592.01,381791.92,1.27,3171.46,2998.18,2914.42,True,38.52,45.02,6.46,,,,,,,,,,2491.87,-30.63,2.61,1.936297,6955.2,2666.32,87.31,3.39,2130.21,695.52,1434.69,536.11,,2491.87,-30.63,2.61,5.020402,18033.34,6913.18,226.37,3.39,5523.17,1803.33,3719.83,1390.02,
2025-07-20,3592.0,3824.56,3579.13,3756.69,852356.55,4.58,3261.5,3070.42,2976.81,True,41.43,49.8,5.74,,,,,,,,,,2491.87,-33.67,2.44,1.936297,7274.07,2985.19,318.87,11.96,2449.07,727.41,1721.67,536.11,,2491.87,-33.67,2.44,5.020402,18860.09,7739.94,826.76,11.96,6349.93,1886.01,4463.92,1390.02,
2025-07-21,3756.69,3860.0,3701.01,3762.33,812074.05,0.15,3338.55,3136.32,3035.0,True,44.18,47.83,5.33,,,,,3860.0,,HH,,,2491.87,-33.77,2.43,1.936297,7284.99,2996.11,10.92,0.37,2460.0,728.5,1731.5,536.11,,2491.87,-33.77,2.43,5.020402,18888.41,7768.26,28.32,0.37,6378.24,1888.84,4489.4,1390.02,
2025-07-22,3762.32,3798.65,3616.54,3746.21,870127.39,-0.43,3401.27,3194.4,3087.68,True,45.81,43.93,8.67,,,,,,,,,,2491.87,-33.48,2.45,1.936297,7253.77,2964.89,-31.21,-1.04,2428.78,725.38,1703.4,536.11,,2491.87,-33.48,2.45,5.020402,18807.48,7687.33,-80.93,-1.04,6297.31,1880.75,4416.56,1390.02,
2025-07-23,3746.21,3764.2,3527.0,3628.29,800259.4,-3.15,3436.19,3235.72,3127.72,True,46.42,39.43,11.65,,,,,,,,,,2491.87,-31.32,2.57,1.936297,7025.45,2736.56,-228.33,-7.7,2200.45,702.54,1497.91,536.11,,2491.87,-31.32,2.57,5.020402,18215.48,7095.32,-592.01,-7.7,5705.31,1821.55,3883.76,1390.02,
2025-07-24,3628.29,3771.0,3502.85,3706.94,749459.5,2.17,3477.85,3280.6,3170.63,True,46.75,35.05,11.36,,,,,,3502.85,HL,,,2491.87,-32.78,2.48,1.936297,7177.74,2888.85,152.29,5.56,2352.74,717.77,1634.97,536.11,,2491.87,-32.78,2.48,5.020402,18610.33,7490.18,394.85,5.56,6100.16,1861.03,4239.13,1390.02,
2025-07-25,3706.95,3747.0,3573.76,3724.96,764606.73,0.49,3515.86,3322.92,3211.69,True,47.06,32.54,10.55,,,,,,,,,,2491.87,-33.1,2.47,1.936297,7212.63,2923.75,34.89,1.21,2387.64,721.26,1666.37,536.11,,2491.87,-33.1,2.47,5.020402,18700.8,7580.65,90.47,1.21,6190.63,1870.08,4320.55,1390.02,
2025-07-26,3724.97,3793.0,3697.66,3741.1,407259.7,0.43,3550.52,3362.75,3250.91,True,47.5,33.18,10.12,,,,,,,,,SMALL HH confirmed @ 3860.00,2491.87,-33.39,2.45,1.936297,7243.88,2955.0,31.25,1.07,2418.89,724.39,1694.5,536.11,,2491.87,-33.39,2.45,5.020402,18781.83,7661.68,81.03,1.07,6271.66,1878.18,4393.47,1390.02,
2025-07-27,3741.11,3879.82,3731.0,3872.1,457352.46,3.5,3599.99,3411.26,3296.92,True,48.2,34.79,9.47,,,,,,,,BULL_BOS,SMALL BULL BOS @ 3872.10 (level 3860.00),2491.87,-35.65,2.34,1.936297,7497.54,3208.65,253.65,8.58,2672.54,749.75,1922.79,536.11,,2491.87,-35.65,2.34,5.020402,19439.5,8319.35,657.67,8.58,6929.33,1943.95,4985.38,1390.02,
2025-07-28,3872.11,3941.0,3754.0,3799.0,620994.75,-1.89,3630.61,3448.19,3334.11,True,49.03,34.63,8.71,,,,,3941.0,,HH,,,2491.87,-34.41,2.4,1.936297,7355.99,3067.11,-141.54,-4.41,2531.0,735.6,1795.4,536.11,,2491.87,-34.41,2.4,5.020402,19072.51,7952.36,-366.99,-4.41,6562.34,1907.25,4655.09,1390.02,
2025-07-29,3799.0,3886.44,3716.04,3793.79,584210.44,-0.14,3655.71,3481.1,3368.16,True,49.35,32.11,9.7,,,,,,,,,SMALL HL confirmed @ 3502.85,2491.87,-34.32,2.4,1.936297,7345.9,3057.02,-10.09,-0.33,2520.91,734.59,1786.32,536.11,,2491.87,-34.32,2.4,5.020402,19046.35,7926.2,-26.16,-0.33,6536.18,1904.64,4631.55,1390.02,
2025-07-30,3793.79,3834.03,3677.65,3810.0,525424.9,0.43,3679.45,3512.42,3400.89,True,49.21,29.96,10.69,,,,,,,,,,2491.87,-34.6,2.39,1.936297,7377.29,3088.41,31.39,1.03,2552.3,737.73,1814.57,536.11,,2491.87,-34.6,2.39,5.020402,19127.73,8007.58,81.38,1.03,6617.56,1912.77,4704.79,1390.02,
2025-07-31,3810.0,3878.67,3684.33,3698.39,516088.45,-2.93,3682.36,3530.13,3422.93,True,49.27,29.39,9.81,,,,,,,,,,2491.87,-32.62,2.49,1.936297,7161.18,2872.3,-216.11,-7.0,2336.19,716.12,1620.07,536.11,,2491.87,-32.62,2.49,5.020402,18567.41,7447.25,-560.33,-7.0,6057.24,1856.74,4200.5,1390.02,
2025-08-01,3698.39,3724.02,3431.75,3488.2,783869.15,-5.68,3652.49,3526.14,3427.76,True,46.88,25.93,18.82,,,,,,,,BEAR_CHOCH,SMALL BEAR CHOCH @ 3488.20 (level 3502.85),,,,,,2465.31,-406.99,-14.17,0.0,0.0,,2465.31,"EXIT @ 3488.20 (small red CHoCH, realized +1393.09)",,,,,,6392.02,-1055.24,-14.17,0.0,0.0,,6392.02,"EXIT @ 3488.20 (small red CHoCH, realized +3611.98)"
2025-08-02,3488.21,3537.69,3368.29,3393.94,494195.71,-2.7,3612.71,3513.55,3425.26,True,44.19,24.16,20.09,,,,,,,,,SMALL HH confirmed @ 3941.00,,,,,,2465.31,0.0,0.0,0.0,0.0,,2465.31,,,,,,,6392.02,0.0,0.0,0.0,0.0,,6392.02,
2025-08-03,3393.94,3521.79,3354.28,3496.74,296347.68,3.03,3594.87,3511.95,3430.55,True,41.58,22.52,19.3,,,,,,3354.28,LL,,,,,,,,2465.31,0.0,0.0,0.0,0.0,,2465.31,,,,,,,6392.02,0.0,0.0,0.0,0.0,,6392.02,
2025-08-04,3496.75,3736.73,3490.73,3720.99,463349.99,6.41,3614.27,3531.86,3452.07,True,40.37,28.81,17.43,,,,,,,,,,,,,,,2465.31,0.0,0.0,0.0,0.0,,2465.31,,,,,,,6392.02,0.0,0.0,0.0,0.0,,6392.02,
2025-08-05,3720.99,3722.24,3546.0,3612.0,489070.96,-2.93,3613.92,3539.49,3463.91,True,39.24,26.8,16.22,,,,,,,,,,,,,,,2465.31,0.0,0.0,0.0,0.0,,2465.31,,,,,,,6392.02,0.0,0.0,0.0,0.0,,6392.02,
2025-08-06,3612.01,3698.6,3564.19,3683.31,365309.92,1.97,3624.6,3553.19,3480.16,True,38.2,25.35,15.34,,,,,,,,,,,,,,,2465.31,0.0,0.0,0.0,0.0,,2465.31,,,,,,,6392.02,0.0,0.0,0.0,0.0,,6392.02,
2025-08-07,3683.31,3927.77,3647.63,3910.31,631678.99,6.16,3668.56,3587.2,3512.03,True,38.28,31.46,13.68,,,,,,,,,,,,,,,2465.31,0.0,0.0,0.0,0.0,,2465.31,,,,,,,6392.02,0.0,0.0,0.0,0.0,,6392.02,
2025-08-08,3910.3,4071.0,3880.0,4009.5,723300.01,2.54,3721.01,3627.42,3548.88,True,38.87,34.67,12.67,,,,,,,,BULL_CHOCH,SMALL LL confirmed @ 3354.28 | SMALL BULL CHOCH @ 4009.50 (level 3941.00),3207.6,-20.0,2.5,1.537167,6163.27,2465.31,0.0,0.0,1232.65,1232.65,0.0,1232.65,"ENTRY @ 4009.50 (small green CHoCH, margin $1232.65 [50% of bank] @ 5x [ADX 38.9, zone green], 1.537167 units)",3207.6,-20.0,2.5,3.985545,15980.04,6392.02,0.0,0.0,3196.01,3196.01,0.0,3196.01,"ENTRY @ 4009.50 (small green CHoCH, margin $3196.01 [50% of bank] @ 5x [ADX 38.9, zone green], 3.985545 units)"
2025-08-09,4009.51,4326.2,4006.63,4260.62,691932.1,6.26,3804.03,3687.72,3601.6,True,40.11,39.96,11.19,,,,BULL_CHOCH,,,,,BIG BULL CHOCH @ 4260.62 (level 4107.80),3207.6,-24.72,2.3,1.537167,6549.29,2851.32,386.01,15.66,1618.67,1309.86,308.81,1232.65,,3207.6,-24.72,2.3,3.985545,16980.89,7392.87,1000.85,15.66,4196.86,3396.18,800.68,3196.01,
2025-08-10,4260.63,4332.6,4153.07,4250.57,494843.81,-0.24,3872.72,3741.33,3649.67,True,41.28,37.55,10.45,,,,,,,,,,3207.6,-24.54,2.3,1.537167,6533.84,2835.87,-15.45,-0.54,1603.22,1306.77,296.45,1232.65,,3207.6,-24.54,2.3,3.985545,16940.84,7352.81,-40.05,-0.54,4156.8,3388.17,768.64,3196.01,
2025-08-11,4250.58,4366.46,4166.77,4223.22,722664.04,-0.64,3926.65,3787.22,3692.16,True,42.45,36.04,9.68,,,,,,,,,,3207.6,-24.05,2.32,1.537167,6491.8,2793.83,-42.04,-1.48,1561.18,1298.36,262.82,1232.65,,3207.6,-24.05,2.32,3.985545,16831.83,7243.81,-109.0,-1.48,4047.8,3366.37,681.43,3196.01,
2025-08-12,4223.22,4639.7,4219.04,4590.52,885288.07,8.7,4028.78,3863.73,3758.7,True,44.11,40.17,8.3,,,,,,,,,,3207.6,-30.13,2.1,1.537167,7056.4,3358.43,564.6,20.21,2125.78,1411.28,714.5,1232.65,,3207.6,-30.13,2.1,3.985545,18295.72,8707.7,1463.89,20.21,5511.69,3659.14,1852.54,3196.01,
2025-08-13,4590.52,4783.85,4564.33,4749.3,925931.5,3.46,4139.63,3948.07,3832.08,True,45.9,42.06,7.68,,,,,,,,,,3207.6,-32.46,2.03,1.537167,7300.47,3602.51,244.07,7.27,2369.85,1460.09,909.76,1232.65,,3207.6,-32.46,2.03,3.985545,18928.55,9340.52,632.82,7.27,6144.51,3785.71,2358.8,3196.01,
2025-08-14,4749.31,4788.0,4451.33,4546.84,1265449.05,-4.26,4202.28,4005.09,3885.02,True,46.63,37.46,10.51,,,,,4788.0,,HH,,,3207.6,-29.45,2.12,1.537167,6989.25,3291.29,-311.21,-8.64,2058.64,1397.85,660.79,1232.65,,3207.6,-29.45,2.12,3.985545,18121.63,8533.61,-806.91,-8.64,5337.6,3624.33,1713.27,3196.01,
2025-08-15,4546.84,4672.67,4368.0,4439.47,880409.26,-2.36,4238.77,4046.46,3926.09,True,46.68,33.86,12.13,,,,,,,,,,3207.6,-27.75,2.18,1.537167,6824.21,3126.24,-165.05,-5.01,1893.59,1364.84,528.75,1232.65,,3207.6,-27.75,2.18,3.985545,17693.71,8105.68,-427.93,-5.01,4909.67,3538.74,1370.93,3196.01,
2025-08-16,4439.47,4490.42,4372.54,4421.99,358676.59,-0.39,4266.96,4082.23,3962.83,True,46.72,32.55,11.66,,,,,,,,,,3207.6,-27.46,2.19,1.537167,6797.34,3099.37,-26.87,-0.86,1866.72,1359.47,507.25,1232.65,,3207.6,-27.46,2.19,3.985545,17624.04,8036.01,-69.67,-0.86,4840.01,3524.81,1315.2,3196.01,
2025-08-17,4422.0,4576.0,4393.98,4472.33,442461.38,1.14,4298.55,4119.38,4000.57,True,46.99,33.42,10.96,,,,,,,,,,3207.6,-28.28,2.16,1.537167,6874.72,3176.76,77.38,2.5,1944.1,1374.94,569.16,1232.65,,3207.6,-28.28,2.16,3.985545,17824.67,8236.65,200.63,2.5,5040.64,3564.93,1475.7,3196.01,
2025-08-18,4472.34,4481.88,4225.86,4312.99,823188.13,-3.56,4300.77,4137.82,4023.71,True,45.97,30.63,15.54,,,,,,,,,,3207.6,-25.63,2.26,1.537167,6629.79,2931.82,-244.93,-7.71,1699.17,1325.96,373.21,1232.65,,3207.6,-25.63,2.26,3.985545,17189.61,7601.59,-635.06,-7.71,4405.58,3437.92,967.66,3196.01,
2025-08-19,4312.99,4355.0,4067.34,4075.59,831222.8,-5.5,4266.13,4131.89,4027.55,True,44.0,27.81,19.17,,,,,,,,,SMALL HH confirmed @ 4788.00,3207.6,-21.3,2.44,1.537167,6264.86,2566.9,-364.92,-12.45,1334.25,1252.97,81.27,1232.65,,3207.6,-21.3,2.44,3.985545,16243.45,6655.42,-946.17,-12.45,3459.41,3248.69,210.72,3196.01,
2025-08-20,4075.58,4378.0,4060.0,4336.16,728324.89,6.39,4276.9,4151.35,4050.41,True,42.27,25.78,17.28,,,,,,4060.0,HL,,,3207.6,-26.03,2.25,1.537167,6665.4,2967.44,400.54,15.6,1734.79,1333.08,401.7,1232.65,,3207.6,-26.03,2.25,3.985545,17281.96,7693.93,1038.51,15.6,4497.93,3456.39,1041.53,3196.01,
2025-08-21,4336.16,4340.26,4204.2,4225.3,433836.4,-2.56,4268.96,4158.39,4063.37,True,40.66,24.66,16.53,,,,,,,,,,3207.6,-24.09,2.32,1.537167,6494.99,2797.03,-170.41,-5.74,1564.38,1299.0,265.38,1232.65,,3207.6,-24.09,2.32,3.985545,16840.12,7252.1,-441.84,-5.74,4056.09,3368.02,688.06,3196.01,
2025-08-22,4225.3,4887.59,4207.39,4832.07,1277976.64,14.36,4355.6,4222.55,4120.31,True,40.96,35.25,13.4,,,,,,,,BULL_BOS,SMALL BULL BOS @ 4832.07 (level 4788.00),3207.6,-33.62,1.99,1.537167,7427.7,3729.74,932.71,33.35,2497.08,1485.54,1011.54,1232.65,,3207.6,-33.62,1.99,3.985545,19258.43,9670.41,2418.31,33.35,6474.4,3851.69,2622.71,3196.01,
2025-08-23,4832.07,4832.07,4659.7,4778.4,512442.09,-1.11,4420.64,4275.49,4169.06,True,41.25,33.51,12.74,,,,,,,,,,3207.6,-32.87,2.01,1.537167,7345.2,3647.24,-82.5,-2.21,2414.58,1469.04,945.54,1232.65,,3207.6,-32.87,2.01,3.985545,19044.53,9456.5,-213.9,-2.21,6260.49,3808.91,2451.59,3196.01,
2025-08-24,4778.4,4956.78,4711.0,4780.15,780668.78,0.04,4475.95,4323.55,4214.32,True,41.81,34.72,11.84,4956.78,,HH,,4956.78,,HH,,,3207.6,-32.9,2.01,1.537167,7347.89,3649.93,2.69,0.07,2417.27,1469.58,947.69,1232.65,,3207.6,-32.9,2.01,3.985545,19051.5,9463.48,6.97,0.07,6267.47,3810.3,2457.17,3196.01,
2025-08-25,4780.15,4797.97,4334.13,4376.18,1043917.17,-8.45,4460.6,4328.56,4226.31,True,40.21,30.38,20.51,,,,,,,,,SMALL HL confirmed @ 4060.00,3207.6,-26.7,2.22,1.537167,6726.92,3028.96,-620.97,-17.01,1796.3,1345.38,450.92,1232.65,,3207.6,-26.7,2.22,3.985545,17441.46,7853.44,-1610.04,-17.01,4657.43,3488.29,1169.14,3196.01,
2025-08-26,4376.17,4633.46,4311.04,4600.63,834750.28,5.13,4482.15,4354.47,4254.04,True,38.61,27.78,19.37,,,,,,,,,,3207.6,-30.28,2.1,1.537167,7071.94,3373.97,345.02,11.39,2141.32,1414.39,726.93,1232.65,,3207.6,-30.28,2.1,3.985545,18336.02,8747.99,894.56,11.39,5551.98,3667.2,1884.78,3196.01,
2025-08-27,4600.63,4663.93,4481.53,4506.71,606669.36,-2.04,4485.92,4368.97,4272.76,True,37.23,27.24,18.41,,,,,,,,,,3207.6,-28.83,2.15,1.537167,6927.57,3229.6,-144.37,-4.28,1996.95,1385.51,611.44,1232.65,,3207.6,-28.83,2.15,3.985545,17961.69,8373.67,-374.32,-4.28,5177.66,3592.34,1585.32,3196.01,
2025-08-28,4506.71,4633.97,4430.0,4511.21,485243.4,0.1,4489.81,4382.52,4290.42,True,35.68,25.7,18.8,,,,,,,,,,3207.6,-28.9,2.14,1.537167,6934.48,3236.52,6.92,0.21,2003.87,1386.9,616.97,1232.65,,3207.6,-28.9,2.14,3.985545,17979.63,8391.6,17.93,0.21,5195.6,3595.93,1599.67,3196.01,
2025-08-29,4511.2,4516.75,4265.0,4360.18,679063.88,-3.35,4469.87,4380.39,4295.59,True,33.42,23.91,22.05,,,,,,,,,SMALL HH confirmed @ 4956.78,3207.6,-26.43,2.23,1.537167,6702.33,3004.36,-232.16,-7.17,1771.71,1340.47,431.24,1232.65,,3207.6,-26.43,2.23,3.985545,17377.69,7789.67,-601.94,-7.17,4593.66,3475.54,1118.12,3196.01,
2025-08-30,4360.18,4415.61,4257.2,4373.7,340319.18,0.31,4455.08,4379.75,4301.37,True,31.29,22.84,21.28,,,,,,,,,,3207.6,-26.66,2.22,1.537167,6723.11,3025.15,20.78,0.69,1792.49,1344.62,447.87,1232.65,,3207.6,-26.66,2.22,3.985545,17431.58,7843.55,53.88,0.69,4647.54,3486.32,1161.23,3196.01,
2025-08-31,4373.7,4498.47,4372.63,4391.83,356586.19,0.41,4445.35,4380.9,4308.07,True,29.68,24.43,20.49,,,,,,,,,,3207.6,-26.96,2.21,1.537167,6750.98,3053.01,27.87,0.92,1820.36,1350.2,470.16,1232.65,,3207.6,-26.96,2.21,3.985545,17503.83,7915.81,72.26,0.92,4719.8,3500.77,1219.03,3196.01,
2025-09-01,4391.83,4491.84,4210.61,4314.5,513830.04,-1.76,4425.22,4374.58,4308.55,True,27.73,22.43,23.53,,,,,,,,,,3207.6,-25.66,2.26,1.537167,6632.11,2934.14,-118.87,-3.89,1701.49,1326.42,375.07,1232.65,,3207.6,-25.66,2.26,3.985545,17195.63,7607.61,-308.2,-3.89,4411.6,3439.13,972.47,3196.01,
2025-09-02,4314.5,4416.78,4257.85,4326.5,524605.05,0.28,4410.03,4370.0,4309.88,True,25.92,21.36,22.42,,,,,,,,,,3207.6,-25.86,2.25,1.537167,6650.55,2952.59,18.45,0.63,1719.94,1330.11,389.83,1232.65,,3207.6,-25.86,2.25,3.985545,17243.46,7655.43,47.83,0.63,4459.43,3448.69,1010.73,3196.01,
2025-09-03,4326.49,4490.64,4283.23,4450.46,487091.69,2.87,4416.25,4377.66,4320.29,True,24.28,22.26,21.01,,,,,,,,,,3207.6,-27.93,2.18,1.537167,6841.1,3143.14,190.55,6.45,1910.48,1368.22,542.26,1232.65,,3207.6,-27.93,2.18,3.985545,17737.51,8149.48,494.05,6.45,4953.47,3547.5,1405.97,3196.01,
2025-09-04,4450.46,4482.05,4265.33,4297.55,471795.71,-3.44,4397.99,4370.03,4318.61,True,22.65,20.79,20.17,,,,,,,,,,3207.6,-25.36,2.27,1.537167,6606.05,2908.09,-235.05,-7.48,1675.44,1321.21,354.22,1232.65,,3207.6,-25.36,2.27,3.985545,17128.08,7540.05,-609.43,-7.48,4344.04,3425.62,918.43,3196.01,
2025-09-05,4297.56,4490.0,4256.03,4307.45,624169.88,0.23,4384.06,4364.07,4317.78,True,21.09,19.31,19.02,,,,,,,,,,3207.6,-25.53,2.26,1.537167,6621.27,2923.31,15.22,0.52,1690.65,1324.25,366.4,1232.65,,3207.6,-25.53,2.26,3.985545,17167.53,7579.51,39.46,0.52,4383.5,3433.51,949.99,3196.01,
2025-09-06,4307.46,4329.3,4236.0,4273.14,191166.07,-0.8,4366.99,4355.41,4314.47,True,19.65,18.74,19.09,,,,,,4236.0,HL,,,3207.6,-24.94,2.29,1.537167,6568.53,2870.57,-52.74,-1.8,1637.91,1313.71,324.21,1232.65,,3207.6,-24.94,2.29,3.985545,17030.79,7442.77,-136.74,-1.8,4246.76,3406.16,840.6,3196.01,
2025-09-07,4273.15,4336.02,4270.81,4306.19,169620.84,0.77,4357.64,4350.73,4313.86,True,18.27,18.56,18.68,,,,,,,,,,3207.6,-25.51,2.27,1.537167,6619.33,2921.37,50.8,1.77,1688.72,1323.87,364.85,1232.65,,3207.6,-25.51,2.27,3.985545,17162.51,7574.49,131.72,1.77,4378.48,3432.5,945.98,3196.01,
2025-09-08,4306.19,4384.06,4279.0,4306.37,372882.44,0.0,4349.75,4346.5,4313.31,True,17.26,19.55,18.0,,,,,,,,,,3207.6,-25.51,2.27,1.537167,6619.61,2921.65,0.28,0.01,1688.99,1323.92,365.07,1232.65,,3207.6,-25.51,2.27,3.985545,17163.23,7575.2,0.72,0.01,4379.2,3432.65,946.55,3196.01,
2025-09-09,4306.36,4381.87,4276.76,4310.09,405485.78,0.09,4343.65,4343.03,4313.07,True,16.3,18.81,17.4,,,,,,,,,,3207.6,-25.58,2.26,1.537167,6625.33,2927.37,5.72,0.2,1694.71,1325.07,369.65,1232.65,,3207.6,-25.58,2.26,3.985545,17178.06,7590.03,14.83,0.2,4394.02,3435.61,958.41,3196.01,
2025-09-10,4310.08,4453.57,4285.1,4349.32,506633.91,0.91,4344.52,4343.63,4315.75,True,15.91,20.26,16.33,,,,,,,,,,3207.6,-26.25,2.24,1.537167,6685.63,2987.67,60.3,2.06,1755.01,1337.13,417.89,1232.65,,3207.6,-26.25,2.24,3.985545,17334.41,7746.38,156.35,2.06,4550.38,3466.88,1083.49,3196.01,
2025-09-11,4349.33,4481.09,4338.82,4458.82,441259.66,2.52,4362.11,4354.6,4326.35,True,15.72,20.21,15.47,,,,,,,,,SMALL HL confirmed @ 4236.00,3207.6,-28.06,2.17,1.537167,6853.95,3155.99,168.32,5.63,1923.33,1370.79,552.54,1232.65,,3207.6,-28.06,2.17,3.985545,17770.83,8182.8,436.42,5.63,4986.79,3554.17,1432.63,3196.01,
2025-09-12,4458.83,4748.4,4450.71,4712.16,510777.54,5.68,4415.96,4388.66,4354.93,True,16.97,27.61,13.83,,,,,,,,,,3207.6,-31.93,2.04,1.537167,7243.38,3545.41,389.43,12.34,2312.76,1448.68,864.08,1232.65,,3207.6,-31.93,2.04,3.985545,18780.52,9192.5,1009.7,12.34,5996.49,3756.1,2240.39,3196.01,
2025-09-13,4712.16,4769.36,4605.0,4666.53,394393.69,-0.97,4454.51,4415.12,4378.01,True,18.23,26.73,13.0,,,,,4769.36,,LH,,,3207.6,-31.26,2.06,1.537167,7173.24,3475.27,-70.14,-1.98,2242.62,1434.65,807.97,1232.65,,3207.6,-31.26,2.06,3.985545,18598.66,9010.64,-181.86,-1.98,5814.63,3719.73,2094.9,3196.01,
2025-09-14,4666.54,4692.36,4576.89,4604.49,278244.32,-1.33,4477.58,4433.15,4394.79,True,19.13,25.58,13.49,,,,,,,,,,3207.6,-30.34,2.09,1.537167,7077.87,3379.91,-95.37,-2.74,2147.25,1415.57,731.68,1232.65,,3207.6,-30.34,2.09,3.985545,18351.4,8763.38,-247.26,-2.74,5567.37,3670.28,1897.09,3196.01,
2025-09-15,4604.48,4670.28,4466.0,4523.74,412291.97,-1.75,4484.68,4441.78,4404.34,True,19.02,23.64,16.58,,,,,,,,,,3207.6,-29.09,2.14,1.537167,6953.74,3255.78,-124.13,-3.67,2023.13,1390.75,632.38,1232.65,,3207.6,-29.09,2.14,3.985545,18029.57,8441.54,-321.83,-3.67,5245.53,3605.91,1639.62,3196.01,
2025-09-16,4523.74,4538.25,4424.0,4501.29,293307.11,-0.5,4487.24,4447.45,4411.52,True,18.58,22.61,17.46,,,,,,,,,,3207.6,-28.74,2.15,1.537167,6919.24,3221.27,-34.51,-1.06,1988.62,1383.85,604.77,1232.65,,3207.6,-28.74,2.15,3.985545,17940.09,8352.07,-89.48,-1.06,5156.06,3588.02,1568.04,3196.01,
2025-09-17,4501.3,4616.77,4412.0,4590.53,476981.46,1.98,4503.13,4461.08,4424.78,True,18.63,23.83,16.11,,,,,,,,,,3207.6,-30.13,2.1,1.537167,7056.41,3358.45,137.18,4.26,2125.79,1411.28,714.51,1232.65,,3207.6,-30.13,2.1,3.985545,18295.76,8707.74,355.67,4.26,5511.73,3659.15,1852.58,3196.01,
2025-09-18,4590.54,4644.47,4553.7,4587.66,290660.38,-0.06,4516.13,4473.13,4436.85,True,18.84,24.07,15.53,,,,,,,,,SMALL LH confirmed @ 4769.36,3207.6,-30.08,2.1,1.537167,7052.0,3354.04,-4.41,-0.13,2121.38,1410.4,710.98,1232.65,,3207.6,-30.08,2.1,3.985545,18284.32,8696.3,-11.44,-0.13,5500.29,3656.86,1843.43,3196.01,
2025-09-19,4587.66,4620.72,4435.7,4468.59,331611.15,-2.6,4508.82,4472.7,4439.2,True,18.06,22.32,19.04,,,,,,,,,,3207.6,-28.22,2.17,1.537167,6868.97,3171.01,-183.03,-5.46,1938.35,1373.79,564.56,1232.65,,3207.6,-28.22,2.17,3.985545,17809.76,8221.74,-474.56,-5.46,5025.73,3561.95,1463.78,3196.01,
2025-09-20,4468.59,4508.71,4454.45,4480.42,130781.91,0.26,4504.45,4473.43,4442.25,True,17.34,21.82,18.61,,,,,,,,,,3207.6,-28.41,2.16,1.537167,6887.15,3189.19,18.18,0.57,1956.54,1377.43,579.11,1232.65,,3207.6,-28.41,2.16,3.985545,17856.91,8268.89,47.15,0.57,5072.88,3571.38,1501.5,3196.01,
2025-09-21,4480.41,4498.16,4443.0,4444.97,149349.83,-0.79,4495.3,4470.72,4442.45,True,16.57,21.29,18.67,,,,,,,,,,3207.6,-27.84,2.18,1.537167,6832.66,3134.7,-54.49,-1.71,1902.04,1366.53,535.51,1232.65,,3207.6,-27.84,2.18,3.985545,17715.63,8127.6,-141.29,-1.71,4931.59,3543.13,1388.47,3196.01,
2025-09-22,4444.98,4455.76,4077.0,4199.08,708243.23,-5.53,4449.73,4444.85,4424.42,True,17.2,18.08,30.42,,,,,,,,BEAR_CHOCH,SMALL BEAR CHOCH @ 4199.08 (level 4236.00),,,,,,2756.72,-377.97,-12.06,0.0,0.0,,2756.72,"EXIT @ 4199.08 (small red CHoCH, realized +291.42)",,,,,,7147.6,-980.01,-12.06,0.0,0.0,,7147.6,"EXIT @ 4199.08 (small red CHoCH, realized +755.58)"
2025-09-23,4199.09,4229.03,4114.39,4164.26,315227.91,-0.83,4405.81,4418.13,4405.15,True,17.79,17.23,29.0,,,,,,,,,,,,,,,2756.72,0.0,0.0,0.0,0.0,,2756.72,,,,,,,7147.6,0.0,0.0,0.0,0.0,,7147.6,
2025-09-24,4164.25,4206.9,4073.74,4152.81,353665.57,-0.27,4366.89,4392.86,4386.46,False,18.54,16.28,29.08,,,,,,,,,,,,,,,2756.72,0.0,0.0,0.0,0.0,,2756.72,,,,,,,7147.6,0.0,0.0,0.0,0.0,,7147.6,
2025-09-25,4152.81,4161.04,3815.0,3874.36,930327.7,-6.71,4291.11,4343.48,4348.53,False,20.27,14.1,35.21,,,,,,3815.0,LL,,,,,,,,2756.72,0.0,0.0,0.0,0.0,,2756.72,,,,,,,7147.6,0.0,0.0,0.0,0.0,,7147.6,
2025-09-26,3874.35,4068.3,3867.65,4032.24,575711.09,4.07,4251.29,4313.84,4325.1,False,21.88,13.01,32.49,,,,,,,,,,,,,,,2756.72,0.0,0.0,0.0,0.0,,2756.72,,,,,,,7147.6,0.0,0.0,0.0,0.0,,7147.6,
2025-09-27,4032.24,4039.01,3972.98,4018.38,172693.26,-0.34,4215.45,4285.7,4302.38,False,23.38,12.66,31.62,,,,,,,,,,,,,,,2756.72,0.0,0.0,0.0,0.0,,2756.72,,,,,,,7147.6,0.0,0.0,0.0,0.0,,7147.6,
2025-09-28,4018.39,4144.88,3966.0,4142.16,240331.86,3.08,4204.18,4272.03,4290.51,False,23.81,16.02,29.34,,,,,,,,,,,,,,,2756.72,0.0,0.0,0.0,0.0,,2756.72,,,,,,,7147.6,0.0,0.0,0.0,0.0,,7147.6,
2025-09-29,4142.16,4235.86,4082.25,4215.07,380728.68,1.76,4205.85,4266.6,4284.92,False,23.46,18.72,27.5,,,,,,,,,,,,,,,2756.72,0.0,0.0,0.0,0.0,,2756.72,,,,,,,7147.6,0.0,0.0,0.0,0.0,,7147.6,
2025-09-30,4215.07,4245.0,4092.1,4145.15,391126.62,-1.66,4196.52,4255.04,4274.57,False,23.07,17.92,25.78,,,,,,,,,SMALL LL confirmed @ 3815.00,,,,,,2756.72,0.0,0.0,0.0,0.0,,2756.72,,,,,,,7147.6,0.0,0.0,0.0,0.0,,7147.6,
