date,open,high,low,close,volume,pct_change,ema12,ema20,ema26,az_bullish,adx14,di_plus,di_minus,big_swing_high,big_swing_low,big_pivot_label,big_break,small_swing_high,small_swing_low,small_pivot_label,small_break,structure_action,a_liquidate_price,a_pct_liquidate,a_leverage,a_position_size,a_notional,a_total,a_pnl,a_pct_pnl,a_margin,a_position,a_unrealized,a_realized,a_action,b_liquidate_price,b_pct_liquidate,b_leverage,b_position_size,b_notional,b_total,b_pnl,b_pct_pnl,b_margin,b_position,b_unrealized,b_realized,b_action
2022-07-12,33.42,34.61,32.6,32.68,3202970.4,-2.21,35.61,35.97,36.57,False,15.05,17.88,23.3,,,,,,,,,,,,,,,2000.0,0.0,0.0,0.0,0.0,,2000.0,,,,,,,2000.0,0.0,0.0,0.0,0.0,,2000.0,
2022-07-13,32.69,35.08,31.82,34.94,4798032.13,6.92,35.5,35.87,36.45,False,15.17,16.68,23.34,,,,,,31.82,HL,,SMALL LH confirmed @ 39.72,,,,,,2000.0,0.0,0.0,0.0,0.0,,2000.0,,,,,,,2000.0,0.0,0.0,0.0,0.0,,2000.0,
2022-07-14,34.94,37.31,33.58,37.15,5214767.02,6.33,35.76,36.0,36.5,False,14.36,19.98,21.55,,,,,,,,,,,,,,,2000.0,0.0,0.0,0.0,0.0,,2000.0,,,,,,,2000.0,0.0,0.0,0.0,0.0,,2000.0,
2022-07-15,37.14,39.1,36.49,37.36,4440629.04,0.57,36.0,36.13,36.56,False,13.71,22.64,20.38,,,,,,,,,,,,,,,2000.0,0.0,0.0,0.0,0.0,,2000.0,,,,,,,2000.0,0.0,0.0,0.0,0.0,,2000.0,
2022-07-16,37.36,40.41,36.35,39.58,3945225.2,5.94,36.55,36.45,36.78,False,13.54,23.44,18.67,,,,,,,,,,,,,,,2000.0,0.0,0.0,0.0,0.0,,2000.0,,,,,,,2000.0,0.0,0.0,0.0,0.0,,2000.0,
2022-07-17,39.59,41.09,38.29,38.62,3795951.41,-2.43,36.87,36.66,36.92,False,13.6,23.49,17.57,,,,,,,,,,,,,,,2000.0,0.0,0.0,0.0,0.0,,2000.0,,,,,,,2000.0,0.0,0.0,0.0,0.0,,2000.0,
2022-07-18,38.61,44.07,38.55,43.52,6300282.95,12.69,37.89,37.31,37.41,True,14.52,26.87,15.63,,,,,,,,BULL_CHOCH,SMALL HL confirmed @ 31.82 | SMALL BULL CHOCH @ 43.52 (level 39.72),39.17,-10.0,5.0,229.779412,10000.0,2000.0,0.0,0.0,1000.0,1000.0,0.0,1000.0,"ENTRY @ 43.52 (small green CHoCH, margin $1000.00 [50% of bank] @ 10x [ADX 14.5, zone green], 229.779412 units)",,,,,,2000.0,0.0,0.0,0.0,0.0,,2000.0,
2022-07-19,43.52,47.36,42.54,44.87,7876651.82,3.1,38.97,38.03,37.96,True,16.12,30.77,14.16,,,,,47.36,,HH,,,39.17,-12.71,4.46,229.779412,10310.2,2310.2,310.2,15.51,1310.2,1031.02,279.18,1000.0,,,,,,,2000.0,0.0,0.0,0.0,0.0,,2000.0,
2022-07-20,44.87,46.3,41.24,42.04,6380441.74,-6.31,39.44,38.42,38.26,True,17.05,27.8,15.27,,,,,,,,,,39.17,-6.83,5.82,229.779412,9659.93,1659.93,-650.28,-28.15,659.93,965.99,-306.07,1000.0,,,,,,,2000.0,0.0,0.0,0.0,0.0,,2000.0,
2022-07-21,42.03,44.24,39.64,43.11,6134099.29,2.55,40.0,38.86,38.62,True,17.26,25.41,16.95,,,,,,,,,,39.17,-9.14,5.2,229.779412,9905.79,1905.79,245.86,14.81,905.79,990.58,-84.79,1000.0,,,,,,,2000.0,0.0,0.0,0.0,0.0,,2000.0,
2022-07-22,43.1,44.33,40.03,40.54,4495729.55,-5.96,40.09,39.02,38.77,True,17.48,23.55,15.6,,,,,,,,,,39.17,-3.38,7.08,229.779412,9315.26,1315.26,-590.53,-30.99,315.26,931.53,-616.27,1000.0,,,,,,,2000.0,0.0,0.0,0.0,0.0,,2000.0,
2022-07-23,40.54,41.91,38.6,39.97,3421971.49,-1.41,40.07,39.11,38.85,True,17.09,22.09,17.31,,,,,,,,,,,,,,,1000.0,-315.26,-23.97,0.0,0.0,,1000.0,"** LIQUIDATION EVENT ** @ 39.17 (margin wiped, realized -1000.00)",,,,,,2000.0,0.0,0.0,0.0,0.0,,2000.0,
2022-07-24,39.97,42.1,39.47,40.93,3327219.47,2.4,40.2,39.29,39.01,True,16.8,21.34,16.44,,,,,,,,,SMALL HH confirmed @ 47.36,,,,,,1000.0,0.0,0.0,0.0,0.0,,1000.0,,,,,,,2000.0,0.0,0.0,0.0,0.0,,2000.0,
2022-07-25,40.93,41.09,36.56,36.65,4237919.99,-10.46,39.66,39.03,38.83,True,15.78,19.51,20.52,,,,,,,,,,,,,,,1000.0,0.0,0.0,0.0,0.0,,1000.0,,,,,,,2000.0,0.0,0.0,0.0,0.0,,2000.0,
2022-07-26,36.66,36.84,34.67,36.25,4496178.57,-1.09,39.13,38.77,38.64,True,15.44,18.69,23.34,,,,,,34.67,HL,,,,,,,,1000.0,0.0,0.0,0.0,0.0,,1000.0,,,,,,,2000.0,0.0,0.0,0.0,0.0,,2000.0,
2022-07-27,36.26,40.55,35.68,40.23,5860676.17,10.98,39.3,38.91,38.76,True,14.79,24.02,21.17,,,,,,,,,,,,,,,1000.0,0.0,0.0,0.0,0.0,,1000.0,,,,,,,2000.0,0.0,0.0,0.0,0.0,,2000.0,
2022-07-28,40.23,44.15,39.03,42.91,6754342.15,6.66,39.86,39.29,39.07,True,15.12,28.41,19.16,,,,,,,,,,,,,,,1000.0,0.0,0.0,0.0,0.0,,1000.0,,,,,,,2000.0,0.0,0.0,0.0,0.0,,2000.0,
2022-07-29,42.92,44.42,41.13,41.91,4949319.15,-2.33,40.17,39.54,39.28,True,15.49,27.17,17.98,,,,,,,,,,,,,,,1000.0,0.0,0.0,0.0,0.0,,1000.0,,,,,,,2000.0,0.0,0.0,0.0,0.0,,2000.0,
2022-07-30,41.92,46.65,41.41,43.84,5388479.3,4.61,40.74,39.95,39.62,True,16.36,28.64,16.26,,,,,46.65,,LH,,,,,,,,1000.0,0.0,0.0,0.0,0.0,,1000.0,,,,,,,2000.0,0.0,0.0,0.0,0.0,,2000.0,
2022-07-31,43.84,45.21,42.22,42.35,3287571.37,-3.4,40.98,40.18,39.82,True,17.16,27.05,15.36,,,,,,,,,SMALL HL confirmed @ 34.67,,,,,,1000.0,0.0,0.0,0.0,0.0,,1000.0,,,,,,,2000.0,0.0,0.0,0.0,0.0,,2000.0,
2022-08-01,42.34,43.26,40.57,41.65,3302835.44,-1.65,41.09,40.32,39.95,True,17.24,25.67,17.71,,,,,,,,,,,,,,,1000.0,0.0,0.0,0.0,0.0,,1000.0,,,,,,,2000.0,0.0,0.0,0.0,0.0,,2000.0,
2022-08-02,41.65,42.45,39.5,39.79,3598240.96,-4.47,40.89,40.27,39.94,True,16.92,24.21,18.76,,,,,,,,,,,,,,,1000.0,0.0,0.0,0.0,0.0,,1000.0,,,,,,,2000.0,0.0,0.0,0.0,0.0,,2000.0,
2022-08-03,39.78,40.99,37.43,38.54,8391441.54,-3.14,40.53,40.1,39.84,True,15.88,22.54,21.47,,,,,,37.43,HL,,BIG LL confirmed @ 25.86,,,,,,1000.0,0.0,0.0,0.0,0.0,,1000.0,,,,,,,2000.0,0.0,0.0,0.0,0.0,,2000.0,
2022-08-04,38.54,39.85,37.96,38.83,4151096.9,0.75,40.27,39.98,39.76,True,14.92,21.69,20.66,,,,,,,,,SMALL LH confirmed @ 46.65,,,,,,1000.0,0.0,0.0,0.0,0.0,,1000.0,,,,,,,2000.0,0.0,0.0,0.0,0.0,,2000.0,
2022-08-05,38.83,41.33,38.71,40.55,3510687.91,4.43,40.31,40.04,39.82,True,14.52,23.55,19.55,,,,,,,,,,,,,,,1000.0,0.0,0.0,0.0,0.0,,1000.0,,,,,,,2000.0,0.0,0.0,0.0,0.0,,2000.0,
2022-08-06,40.55,40.89,39.85,40.07,1600652.0,-1.18,40.27,40.04,39.84,True,14.14,23.02,19.12,,,,,,,,,,,,,,,1000.0,0.0,0.0,0.0,0.0,,1000.0,,,,,,,2000.0,0.0,0.0,0.0,0.0,,2000.0,
2022-08-07,40.07,41.57,39.21,40.6,1745897.7,1.32,40.32,40.09,39.9,True,14.03,23.32,18.13,,,,,,,,,,,,,,,1000.0,0.0,0.0,0.0,0.0,,1000.0,,,,,,,2000.0,0.0,0.0,0.0,0.0,,2000.0,
2022-08-08,40.6,43.71,40.55,42.18,3823749.6,3.89,40.61,40.29,40.07,True,14.6,26.41,16.87,,,,,,,,,SMALL HL confirmed @ 37.43,,,,,,1000.0,0.0,0.0,0.0,0.0,,1000.0,,,,,,,2000.0,0.0,0.0,0.0,0.0,,2000.0,
2022-08-09,42.17,42.76,39.73,40.33,2832475.74,-4.39,40.57,40.3,40.09,True,14.76,24.64,17.55,,,,,,,,,,,,,,,1000.0,0.0,0.0,0.0,0.0,,1000.0,,,,,,,2000.0,0.0,0.0,0.0,0.0,,2000.0,
2022-08-10,40.34,42.87,39.15,42.47,4467794.94,5.31,40.86,40.5,40.26,True,14.64,22.64,17.39,,,,,,,,,,,,,,,1000.0,0.0,0.0,0.0,0.0,,1000.0,,,,,,,2000.0,0.0,0.0,0.0,0.0,,2000.0,
2022-08-11,42.47,45.32,42.34,42.77,5808859.44,0.71,41.15,40.72,40.45,True,15.31,26.54,16.25,,,,,,,,,,,,,,,1000.0,0.0,0.0,0.0,0.0,,1000.0,,,,,,,2000.0,0.0,0.0,0.0,0.0,,2000.0,
2022-08-12,42.78,45.49,42.12,45.48,3376989.68,6.34,41.82,41.17,40.82,True,15.83,24.58,15.53,,,,,,,,,,,,,,,1000.0,0.0,0.0,0.0,0.0,,1000.0,,,,,,,2000.0,0.0,0.0,0.0,0.0,,2000.0,
2022-08-13,45.49,48.38,45.27,46.6,4706648.94,2.46,42.55,41.69,41.25,True,17.12,29.26,14.47,48.38,,LH,,48.38,,HH,,,,,,,,1000.0,0.0,0.0,0.0,0.0,,1000.0,,,,,,,2000.0,0.0,0.0,0.0,0.0,,2000.0,
2022-08-14,46.59,48.06,44.46,44.87,3476179.16,-3.71,42.91,41.99,41.52,True,17.91,26.96,15.1,,,,,,,,,,,,,,,1000.0,0.0,0.0,0.0,0.0,,1000.0,,,,,,,2000.0,0.0,0.0,0.0,0.0,,2000.0,
2022-08-15,44.86,47.24,42.75,43.72,4145114.74,-2.56,43.03,42.16,41.68,True,17.84,24.38,17.3,,,,,,,,,,,,,,,1000.0,0.0,0.0,0.0,0.0,,1000.0,,,,,,,2000.0,0.0,0.0,0.0,0.0,,2000.0,
2022-08-16,43.72,44.31,42.53,43.08,3604735.73,-1.46,43.04,42.24,41.78,True,17.68,23.43,17.1,,,,,,,,,,,,,,,1000.0,0.0,0.0,0.0,0.0,,1000.0,,,,,,,2000.0,0.0,0.0,0.0,0.0,,2000.0,
2022-08-17,43.08,44.75,40.18,40.54,4207333.0,-5.9,42.66,42.08,41.69,True,16.54,21.14,20.46,,,,,,,,,,,,,,,1000.0,0.0,0.0,0.0,0.0,,1000.0,,,,,,,2000.0,0.0,0.0,0.0,0.0,,2000.0,
2022-08-18,40.54,41.67,39.31,39.52,2839363.98,-2.52,42.17,41.84,41.53,True,15.57,20.05,21.3,,,,,,,,,SMALL HH confirmed @ 48.38,,,,,,1000.0,0.0,0.0,0.0,0.0,,1000.0,,,,,,,2000.0,0.0,0.0,0.0,0.0,,2000.0,
2022-08-19,39.51,39.59,35.25,35.81,6209609.03,-9.39,41.2,41.26,41.11,True,15.98,18.19,28.0,,,,,,,,BEAR_CHOCH,SMALL BEAR CHOCH @ 35.81 (level 37.43),,,,,,1000.0,0.0,0.0,0.0,0.0,,1000.0,,,,,,,2000.0,0.0,0.0,0.0,0.0,,2000.0,
2022-08-20,35.82,37.27,34.21,35.28,3873077.48,-1.48,40.29,40.69,40.68,False,16.63,17.0,28.39,,,,,,,,,,,,,,,1000.0,0.0,0.0,0.0,0.0,,1000.0,,,,,,,2000.0,0.0,0.0,0.0,0.0,,2000.0,
2022-08-21,35.28,37.09,34.51,36.47,3184917.72,3.37,39.7,40.29,40.36,False,17.23,16.04,26.79,,,,,,,,,,,,,,,1000.0,0.0,0.0,0.0,0.0,,1000.0,,,,,,,2000.0,0.0,0.0,0.0,0.0,,2000.0,
2022-08-22,36.48,36.56,33.73,35.41,3740448.14,-2.91,39.04,39.83,40.0,False,18.02,15.04,26.84,,,,,,,,,,,,,,,1000.0,0.0,0.0,0.0,0.0,,1000.0,,,,,,,2000.0,0.0,0.0,0.0,0.0,,2000.0,
2022-08-23,35.42,36.11,34.24,35.68,2736678.36,0.76,38.52,39.43,39.68,False,18.74,14.4,25.7,,,,,,,,,,,,,,,1000.0,0.0,0.0,0.0,0.0,,1000.0,,,,,,,2000.0,0.0,0.0,0.0,0.0,,2000.0,
2022-08-24,35.69,36.4,34.31,34.89,2588768.41,-2.21,37.96,39.0,39.32,False,19.26,14.37,24.45,,,,,,,,,,,,,,,1000.0,0.0,0.0,0.0,0.0,,1000.0,,,,,,,2000.0,0.0,0.0,0.0,0.0,,2000.0,
2022-08-25,34.9,36.49,34.87,35.27,2472099.5,1.09,37.55,38.64,39.02,False,19.68,14.03,23.49,,,,,,,,,,,,,,,1000.0,0.0,0.0,0.0,0.0,,1000.0,,,,,,,2000.0,0.0,0.0,0.0,0.0,,2000.0,
2022-08-26,35.26,35.79,31.36,31.72,5268727.97,-10.07,36.65,37.98,38.48,False,21.12,12.58,29.24,,,,,,,,,,,,,,,1000.0,0.0,0.0,0.0,0.0,,1000.0,,,,,,,2000.0,0.0,0.0,0.0,0.0,,2000.0,
2022-08-27,31.72,32.25,30.86,31.53,3025394.15,-0.6,35.86,37.37,37.97,False,22.58,12.16,29.47,,,,,,,,,,,,,,,1000.0,0.0,0.0,0.0,0.0,,1000.0,,,,,,,2000.0,0.0,0.0,0.0,0.0,,2000.0,
2022-08-28,31.53,32.21,30.19,30.44,2245087.33,-3.46,35.03,36.71,37.41,False,24.11,11.55,29.65,,,,,,,,,,,,,,,1000.0,0.0,0.0,0.0,0.0,,1000.0,,,,,,,2000.0,0.0,0.0,0.0,0.0,,2000.0,
2022-08-29,30.43,32.64,30.0,32.42,3758900.71,6.5,34.63,36.3,37.04,False,25.25,11.86,27.7,,,,,,30.0,LL,,,,,,,,1000.0,0.0,0.0,0.0,0.0,,1000.0,,,,,,,2000.0,0.0,0.0,0.0,0.0,,2000.0,
2022-08-30,32.42,33.16,30.64,31.47,3466845.37,-2.93,34.14,35.84,36.63,False,25.96,12.42,25.95,,,,,33.16,,LH,,,,,,,,1000.0,0.0,0.0,0.0,0.0,,1000.0,,,,,,,2000.0,0.0,0.0,0.0,0.0,,2000.0,
2022-08-31,31.47,32.95,31.18,31.5,2705795.29,0.1,33.74,35.43,36.25,False,26.62,11.85,24.76,,,,,,,,,,,,,,,1000.0,0.0,0.0,0.0,0.0,,1000.0,,,,,,,2000.0,0.0,0.0,0.0,0.0,,2000.0,
2022-09-01,31.49,31.79,30.44,31.61,2304167.56,0.35,33.41,35.06,35.9,False,27.49,11.42,25.85,,,,,,,,,,,,,,,1000.0,0.0,0.0,0.0,0.0,,1000.0,,,,,,,2000.0,0.0,0.0,0.0,0.0,,2000.0,
2022-09-02,31.61,32.38,30.76,31.23,2327194.21,-1.2,33.07,34.7,35.56,False,27.86,12.54,24.69,,,,,,,,,,,,,,,1000.0,0.0,0.0,0.0,0.0,,1000.0,,,,,,,2000.0,0.0,0.0,0.0,0.0,,2000.0,
2022-09-03,31.23,31.29,30.8,31.12,773414.2,-0.35,32.77,34.36,35.23,False,28.2,12.36,24.34,,,,,,,,,SMALL LL confirmed @ 30.00,,,,,,1000.0,0.0,0.0,0.0,0.0,,1000.0,,,,,,,2000.0,0.0,0.0,0.0,0.0,,2000.0,
2022-09-04,31.11,32.2,31.02,32.16,1302960.75,3.34,32.68,34.15,35.0,False,27.83,14.68,23.46,,,,,,,,,SMALL LH confirmed @ 33.16,,,,,,1000.0,0.0,0.0,0.0,0.0,,1000.0,,,,,,,2000.0,0.0,0.0,0.0,0.0,,2000.0,
2022-09-05,32.17,32.5,31.15,32.18,1545295.72,0.06,32.6,33.96,34.79,False,27.26,15.0,22.47,,,,,,,,,,,,,,,1000.0,0.0,0.0,0.0,0.0,,1000.0,,,,,,,2000.0,0.0,0.0,0.0,0.0,,2000.0,
2022-09-06,32.17,33.9,30.44,30.88,4663061.68,-4.04,32.34,33.67,34.5,False,25.78,17.67,20.12,,,,,,,,,,,,,,,1000.0,0.0,0.0,0.0,0.0,,1000.0,,,,,,,2000.0,0.0,0.0,0.0,0.0,,2000.0,
2022-09-07,30.88,32.94,30.31,32.69,2516005.51,5.86,32.39,33.57,34.37,False,24.48,16.27,18.92,,,,,,30.31,HL,,,,,,,,1000.0,0.0,0.0,0.0,0.0,,1000.0,,,,,,,2000.0,0.0,0.0,0.0,0.0,,2000.0,
2022-09-08,32.7,33.98,31.97,33.61,3062370.54,2.81,32.58,33.58,34.31,False,22.86,18.43,17.77,,,,,,,,BULL_CHOCH,SMALL BULL CHOCH @ 33.61 (level 33.16),16.8,-50.0,1.0,29.75305,1000.0,1000.0,0.0,0.0,500.0,500.0,0.0,500.0,"ENTRY @ 33.61 (small green CHoCH, margin $500.00 [50% of bank] @ 2x [ADX 22.9, zone red], 29.753050 units)",,,,,,2000.0,0.0,0.0,0.0,0.0,,2000.0,
2022-09-09,33.62,35.96,33.59,34.67,3748304.0,3.15,32.9,33.68,34.34,False,22.42,23.11,16.49,,,,,,,,,,16.8,-51.53,1.0,29.75305,1031.54,1031.54,31.54,3.15,531.54,515.77,15.77,500.0,,,,,,,2000.0,0.0,0.0,0.0,0.0,,2000.0,
2022-09-10,34.68,35.41,34.27,35.03,1977630.96,1.04,33.23,33.81,34.39,False,22.01,22.28,15.9,,,,,,,,,,16.8,-52.03,1.0,29.75305,1042.25,1042.25,10.71,1.04,542.25,521.12,21.12,500.0,,,,,,,2000.0,0.0,0.0,0.0,0.0,,2000.0,
2022-09-11,35.04,36.0,34.04,34.99,1999936.19,-0.11,33.5,33.92,34.43,False,21.93,22.77,14.91,,,,,,,,,,16.8,-51.97,1.0,29.75305,1041.06,1041.06,-1.19,-0.11,541.06,520.53,20.53,500.0,,,,,,,2000.0,0.0,0.0,0.0,0.0,,2000.0,
2022-09-12,34.99,38.39,34.4,37.44,5186842.63,7.0,34.11,34.26,34.66,False,22.86,27.23,13.12,,,,,,,,,SMALL HL confirmed @ 30.31,16.8,-55.11,1.0,29.75305,1113.95,1113.95,72.89,7.0,613.95,556.98,56.98,500.0,,,,,,,2000.0,0.0,0.0,0.0,0.0,,2000.0,
2022-09-13,37.44,39.01,32.93,33.0,6401715.44,-11.86,33.94,34.14,34.53,False,22.71,22.75,14.94,,,,,39.01,,HH,,,16.8,-49.08,1.0,29.75305,981.85,981.85,-132.1,-11.86,481.85,490.93,-9.07,500.0,,,,,,,2000.0,0.0,0.0,0.0,0.0,,2000.0,
2022-09-14,33.0,34.35,32.67,34.12,3170484.22,3.39,33.96,34.14,34.5,False,22.4,21.68,14.96,,,,,,,,,,16.8,-50.75,1.0,29.75305,1015.17,1015.17,33.32,3.39,515.17,507.59,7.59,500.0,,,,,,,2000.0,0.0,0.0,0.0,0.0,,2000.0,
2022-09-15,34.12,34.84,32.42,33.07,3696318.23,-3.08,33.83,34.03,34.4,False,22.33,21.59,13.95,,,,,,,,,,16.8,-49.18,1.0,29.75305,983.93,983.93,-31.24,-3.08,483.93,491.97,-8.03,500.0,,,,,,,2000.0,0.0,0.0,0.0,0.0,,2000.0,
2022-09-16,33.08,33.26,31.5,32.25,2180222.56,-2.48,33.58,33.86,34.24,False,21.65,20.5,15.88,,,,,,,,,,16.8,-47.89,1.0,29.75305,959.54,959.54,-24.4,-2.48,459.54,479.77,-20.23,500.0,,,,,,,2000.0,0.0,0.0,0.0,0.0,,2000.0,
2022-09-17,32.25,33.89,32.23,33.68,1414903.11,4.43,33.6,33.85,34.2,False,21.32,21.35,15.11,,,,,,,,,,16.8,-50.1,1.0,29.75305,1002.08,1002.08,42.55,4.43,502.08,501.04,1.04,500.0,,,,,,,2000.0,0.0,0.0,0.0,0.0,,2000.0,
2022-09-18,33.69,33.99,30.86,31.1,2299068.39,-7.66,33.21,33.59,33.97,False,20.14,19.43,17.68,,,,,,,,,SMALL HH confirmed @ 39.01,16.8,-45.96,1.0,29.75305,925.32,925.32,-76.76,-7.66,425.32,462.66,-37.34,500.0,,,,,,,2000.0,0.0,0.0,0.0,0.0,,2000.0,
2022-09-19,31.1,33.08,30.5,32.62,3503472.34,4.89,33.12,33.49,33.87,False,18.82,18.0,17.41,,,,,,,,,,16.8,-48.48,1.0,29.75305,970.54,970.54,45.22,4.89,470.54,485.27,-14.73,500.0,,,,,,,2000.0,0.0,0.0,0.0,0.0,,2000.0,
2022-09-20,32.63,32.88,31.29,31.41,2558791.65,-3.71,32.86,33.3,33.69,False,17.59,17.16,16.59,,,,,,,,,,16.8,-46.5,1.0,29.75305,934.54,934.54,-36.0,-3.71,434.54,467.27,-32.73,500.0,,,,,,,2000.0,0.0,0.0,0.0,0.0,,2000.0,
2022-09-21,31.42,33.48,30.01,30.65,4545539.08,-2.42,32.52,33.04,33.46,False,16.99,15.46,18.6,,,,,,30.01,LL,,,16.8,-45.17,1.0,29.75305,911.93,911.93,-22.61,-2.42,411.93,455.97,-44.03,500.0,,,,,,,2000.0,0.0,0.0,0.0,0.0,,2000.0,
2022-09-22,30.65,32.87,30.59,32.43,2975325.9,5.81,32.51,32.98,33.38,False,16.44,14.45,17.38,,,,,,,,,,16.8,-48.18,1.0,29.75305,964.89,964.89,52.96,5.81,464.89,482.45,-17.55,500.0,,,,,,,2000.0,0.0,0.0,0.0,0.0,,2000.0,
2022-09-23,32.43,33.98,31.2,33.66,3481076.73,3.79,32.68,33.05,33.4,False,15.37,16.46,16.01,,,,,,,,,,16.8,-50.07,1.0,29.75305,1001.49,1001.49,36.6,3.79,501.49,500.74,0.74,500.0,,,,,,,2000.0,0.0,0.0,0.0,0.0,,2000.0,
2022-09-24,33.67,34.79,33.14,33.38,3102314.35,-0.83,32.79,33.08,33.4,False,14.87,18.03,15.24,,,,,,,,,,16.8,-49.66,1.0,29.75305,993.16,993.16,-8.33,-0.83,493.16,496.58,-3.42,500.0,,,,,,,2000.0,0.0,0.0,0.0,0.0,,2000.0,
2022-09-25,33.39,34.05,31.87,32.34,1838509.33,-3.12,32.72,33.01,33.32,False,14.03,16.88,18.0,,,,,,,,,,16.8,-48.04,1.0,29.75305,962.21,962.21,-30.94,-3.12,462.21,481.11,-18.89,500.0,,,,,,,2000.0,0.0,0.0,0.0,0.0,,2000.0,
2022-09-26,32.33,33.95,31.87,33.88,3284142.93,4.76,32.9,33.09,33.37,False,13.26,15.84,16.88,,,,,,,,,SMALL LL confirmed @ 30.01,16.8,-50.4,1.0,29.75305,1008.03,1008.03,45.82,4.76,508.03,504.02,4.02,500.0,,,,,,,2000.0,0.0,0.0,0.0,0.0,,2000.0,
2022-09-27,33.89,35.41,32.08,32.69,4411114.63,-3.51,32.87,33.05,33.32,False,13.01,18.53,15.26,,,,,35.41,,LH,,,16.8,-48.59,1.0,29.75305,972.63,972.63,-35.41,-3.51,472.63,486.31,-13.69,500.0,,,,,,,2000.0,0.0,0.0,0.0,0.0,,2000.0,
2022-09-28,32.68,33.81,31.65,33.22,3091106.5,1.62,32.92,33.07,33.31,False,12.47,17.36,15.55,,,,,,31.65,HL,,,16.8,-49.41,1.0,29.75305,988.4,988.4,15.77,1.62,488.4,494.2,-5.8,500.0,,,,,,,2000.0,0.0,0.0,0.0,0.0,,2000.0,
2022-09-29,33.23,34.42,32.65,33.93,2735381.21,2.14,33.08,33.15,33.35,False,12.34,18.27,14.73,,,,,,,,,,16.8,-50.47,1.0,29.75305,1009.52,1009.52,21.12,2.14,509.52,504.76,4.76,500.0,,,,,,,2000.0,0.0,0.0,0.0,0.0,,2000.0,
2022-09-30,33.94,35.22,32.62,33.25,4264290.42,-2.0,33.1,33.16,33.35,False,12.69,19.23,13.6,,,,,35.22,,LH,,,16.8,-49.46,1.0,29.75305,989.29,989.29,-20.23,-2.0,489.29,494.64,-5.36,500.0,,,,,,,2000.0,0.0,0.0,0.0,0.0,,2000.0,
2022-10-01,33.25,33.25,32.34,32.44,1458835.24,-2.44,33.0,33.09,33.28,False,12.78,18.69,14.08,,,,,,,,,,16.8,-48.2,1.0,29.75305,965.19,965.19,-24.1,-2.44,465.19,482.59,-17.41,500.0,,,,,,,2000.0,0.0,0.0,0.0,0.0,,2000.0,
2022-10-02,32.44,33.0,31.9,32.06,1472849.24,-1.17,32.86,32.99,33.19,False,12.53,18.02,15.0,,,,,,,,,BIG LH confirmed @ 48.38 | SMALL LH confirmed @ 35.41,16.8,-47.58,1.0,29.75305,953.88,953.88,-11.31,-1.17,453.88,476.94,-23.06,500.0,,,,,,,2000.0,0.0,0.0,0.0,0.0,,2000.0,
2022-10-03,32.06,33.27,31.73,32.89,1890470.2,2.59,32.86,32.98,33.17,False,12.46,18.0,14.24,,,,,,31.73,HL,,SMALL HL confirmed @ 31.65,16.8,-48.91,1.0,29.75305,978.58,978.58,24.7,2.59,478.58,489.29,-10.71,500.0,,,,,,,2000.0,0.0,0.0,0.0,0.0,,2000.0,
2022-10-04,32.9,34.4,32.84,34.09,1949740.88,3.65,33.05,33.09,33.24,False,13.1,20.85,13.49,,,,,,,,,,16.8,-50.7,1.0,29.75305,1014.28,1014.28,35.7,3.65,514.28,507.14,7.14,500.0,,,,,,,2000.0,0.0,0.0,0.0,0.0,,2000.0,
2022-10-05,34.1,34.37,33.18,34.04,1777550.81,-0.15,33.2,33.18,33.29,False,13.7,19.99,12.94,,,,,,,,,SMALL LH confirmed @ 35.22,16.8,-50.63,1.0,29.75305,1012.79,1012.79,-1.49,-0.15,512.79,506.4,6.4,500.0,,,,,,,2000.0,0.0,0.0,0.0,0.0,,2000.0,
2022-10-06,34.04,34.5,33.23,33.36,1799751.22,-2.0,33.23,33.2,33.3,False,14.33,19.55,12.35,,,,,34.5,,LH,,,16.8,-49.63,1.0,29.75305,992.56,992.56,-20.23,-2.0,492.56,496.28,-3.72,500.0,,,,,,,2000.0,0.0,0.0,0.0,0.0,,2000.0,
2022-10-07,33.35,33.76,32.43,32.98,1963117.82,-1.14,33.19,33.18,33.28,False,14.15,18.6,14.67,,,,,,,,,,16.8,-49.04,1.0,29.75305,981.26,981.26,-11.31,-1.14,481.26,490.63,-9.37,500.0,,,,,,,2000.0,0.0,0.0,0.0,0.0,,2000.0,
2022-10-08,32.98,33.08,32.35,32.58,785559.59,-1.21,33.1,33.12,33.22,False,13.91,18.08,14.57,,,,,,,,,SMALL HL confirmed @ 31.73,16.8,-48.42,1.0,29.75305,969.35,969.35,-11.9,-1.21,469.35,484.68,-15.32,500.0,,,,,,,2000.0,0.0,0.0,0.0,0.0,,2000.0,
2022-10-09,32.57,33.14,32.44,32.92,883235.74,1.04,33.07,33.1,33.2,False,13.73,17.81,14.16,,,,,,,,,,16.8,-48.95,1.0,29.75305,979.47,979.47,10.12,1.04,479.47,489.74,-10.26,500.0,,,,,,,2000.0,0.0,0.0,0.0,0.0,,2000.0,
2022-10-10,32.92,33.46,31.88,31.96,1554680.4,-2.92,32.9,32.99,33.11,False,13.01,16.68,15.52,,,,,,,,,,16.8,-47.42,1.0,29.75305,950.91,950.91,-28.56,-2.92,450.91,475.45,-24.55,500.0,,,,,,,2000.0,0.0,0.0,0.0,0.0,,2000.0,
2022-10-11,31.95,31.96,30.42,30.8,1923666.97,-3.63,32.58,32.78,32.94,False,13.04,15.63,20.49,,,,,,,,BEAR_CHOCH,SMALL LH confirmed @ 34.50 | SMALL BEAR CHOCH @ 30.80 (level 31.73),,,,,,916.39,-34.51,-3.63,0.0,0.0,,916.39,"EXIT @ 30.80 (small red CHoCH, realized -83.61)",,,,,,2000.0,0.0,0.0,0.0,0.0,,2000.0,
2022-10-12,30.8,31.55,30.67,31.16,1048211.96,1.17,32.36,32.63,32.81,False,13.07,15.05,19.73,,,,,,,,,,,,,,,916.39,0.0,0.0,0.0,0.0,,916.39,,,,,,,2000.0,0.0,0.0,0.0,0.0,,2000.0,
2022-10-13,31.15,31.21,27.87,30.49,4402648.71,-2.15,32.07,32.43,32.64,False,14.75,13.07,28.18,,,,,,27.87,LL,,,,,,,,916.39,0.0,0.0,0.0,0.0,,916.39,,,,,,,2000.0,0.0,0.0,0.0,0.0,,2000.0,
2022-10-14,30.48,31.98,29.62,30.0,2384103.67,-1.61,31.75,32.19,32.44,False,15.6,14.85,25.61,,,,,31.98,,LH,,,,,,,,916.39,0.0,0.0,0.0,0.0,,916.39,,,,,,,2000.0,0.0,0.0,0.0,0.0,,2000.0,
2022-10-15,30.0,30.2,29.42,29.59,1009243.59,-1.37,31.42,31.95,32.23,False,16.49,14.38,25.61,,,,,,,,,,,,,,,916.39,0.0,0.0,0.0,0.0,,916.39,,,,,,,2000.0,0.0,0.0,0.0,0.0,,2000.0,
2022-10-16,29.59,30.53,29.56,30.17,934949.4,1.96,31.23,31.78,32.08,False,17.0,15.18,24.58,,,,,,,,,,,,,,,916.39,0.0,0.0,0.0,0.0,,916.39,,,,,,,2000.0,0.0,0.0,0.0,0.0,,2000.0,
2022-10-17,30.16,31.29,29.84,31.21,1694429.96,3.45,31.22,31.72,32.01,False,16.78,17.45,23.08,,,,,,,,,,,,,,,916.39,0.0,0.0,0.0,0.0,,916.39,,,,,,,2000.0,0.0,0.0,0.0,0.0,,2000.0,
2022-10-18,31.22,31.48,29.73,30.15,1966281.14,-3.4,31.06,31.57,31.87,False,16.4,16.97,21.38,,,,,,,,,SMALL LL confirmed @ 27.87,,,,,,916.39,0.0,0.0,0.0,0.0,,916.39,,,,,,,2000.0,0.0,0.0,0.0,0.0,,2000.0,
2022-10-19,30.14,30.26,28.61,28.86,1713727.76,-4.28,30.72,31.31,31.65,False,16.79,15.79,24.61,,,,,,,,,SMALL LH confirmed @ 31.98,,,,,,916.39,0.0,0.0,0.0,0.0,,916.39,,,,,,,2000.0,0.0,0.0,0.0,0.0,,2000.0,
2022-10-20,28.86,29.47,27.98,28.01,2379315.87,-2.95,30.3,31.0,31.38,False,17.52,14.79,25.73,,,,,,,,,,,,,,,916.39,0.0,0.0,0.0,0.0,,916.39,,,,,,,2000.0,0.0,0.0,0.0,0.0,,2000.0,
2022-10-21,28.01,28.28,26.84,28.1,3208878.96,0.32,29.96,30.72,31.14,False,18.79,13.87,29.03,,,,,,26.84,LL,,,,,,,,916.39,0.0,0.0,0.0,0.0,,916.39,,,,,,,2000.0,0.0,0.0,0.0,0.0,,2000.0,
2022-10-22,28.1,28.22,27.48,28.01,1333382.63,-0.32,29.66,30.47,30.91,False,19.97,13.42,28.07,,,,,,,,,,,,,,,916.39,0.0,0.0,0.0,0.0,,916.39,,,,,,,2000.0,0.0,0.0,0.0,0.0,,2000.0,
2022-10-23,28.01,29.44,27.73,29.28,2150824.0,4.53,29.6,30.35,30.79,False,19.87,17.82,25.94,,,,,,,,,,,,,,,916.39,0.0,0.0,0.0,0.0,,916.39,,,,,,,2000.0,0.0,0.0,0.0,0.0,,2000.0,
2022-10-24,29.28,29.5,28.16,28.3,2525864.52,-3.35,29.4,30.16,30.6,False,19.72,17.02,24.37,,,,,,,,,,,,,,,916.39,0.0,0.0,0.0,0.0,,916.39,,,,,,,2000.0,0.0,0.0,0.0,0.0,,2000.0,
2022-10-25,28.31,32.31,28.05,30.86,4389638.87,9.05,29.63,30.22,30.62,False,19.12,25.39,20.2,,,,,,,,,,,,,,,916.39,0.0,0.0,0.0,0.0,,916.39,,,,,,,2000.0,0.0,0.0,0.0,0.0,,2000.0,
2022-10-26,30.87,32.17,30.63,31.29,3909684.74,1.39,29.88,30.33,30.67,False,18.57,23.81,18.94,,,,,,,,,SMALL LL confirmed @ 26.84,,,,,,916.39,0.0,0.0,0.0,0.0,,916.39,,,,,,,2000.0,0.0,0.0,0.0,0.0,,2000.0,
2022-10-27,31.29,32.36,30.41,30.58,3608322.35,-2.27,29.99,30.35,30.66,False,17.88,21.94,18.34,,,,,,,,,,,,,,,916.39,0.0,0.0,0.0,0.0,,916.39,,,,,,,2000.0,0.0,0.0,0.0,0.0,,2000.0,
2022-10-28,30.6,32.54,30.11,32.07,3017472.57,4.87,30.31,30.51,30.77,False,17.0,19.85,17.77,,,,,,,,BULL_CHOCH,SMALL BULL CHOCH @ 32.07 (level 31.98),16.04,-50.0,1.0,28.574803,916.39,916.39,0.0,0.0,458.2,458.2,0.0,458.2,"ENTRY @ 32.07 (small green CHoCH, margin $458.20 [50% of bank] @ 2x [ADX 17.0, zone red], 28.574803 units)",,,,,,2000.0,0.0,0.0,0.0,0.0,,2000.0,
2022-10-29,32.06,33.84,31.85,32.87,3316674.09,2.49,30.7,30.74,30.92,False,17.04,23.37,16.39,,,,,,,,,,16.04,-51.22,1.0,28.574803,939.25,939.25,22.86,2.49,481.06,469.63,11.43,458.2,,,,,,,2000.0,0.0,0.0,0.0,0.0,,2000.0,
2022-10-30,32.87,33.54,31.93,32.94,1962511.76,0.21,31.05,30.95,31.07,False,17.08,21.89,15.35,,,,,,,,,,16.04,-51.32,1.0,28.574803,941.25,941.25,2.0,0.21,483.06,470.63,12.43,458.2,,,,,,,2000.0,0.0,0.0,0.0,0.0,,2000.0,
2022-10-31,32.93,34.39,32.2,32.56,3082485.07,-1.15,31.28,31.1,31.18,True,17.63,23.33,14.05,,,,,,,,,,16.04,-50.75,1.0,28.574803,930.4,930.4,-10.86,-1.15,472.2,465.2,7.0,458.2,,,,,,,2000.0,0.0,0.0,0.0,0.0,,2000.0,
2022-11-01,32.57,33.39,32.15,32.2,2015730.52,-1.11,31.42,31.21,31.26,True,18.09,22.18,13.56,,,,,,,,,,16.04,-50.2,1.0,28.574803,920.11,920.11,-10.29,-1.11,461.91,460.05,1.86,458.2,,,,,,,2000.0,0.0,0.0,0.0,0.0,,2000.0,
2022-11-02,32.2,32.95,30.24,30.8,3423829.13,-4.35,31.33,31.17,31.22,True,16.88,19.88,19.46,,,,,,,,,,16.04,-47.94,1.0,28.574803,880.1,880.1,-40.0,-4.35,421.91,440.05,-18.14,458.2,,,,,,,2000.0,0.0,0.0,0.0,0.0,,2000.0,
2022-11-03,30.81,32.25,30.61,30.85,2302866.46,0.16,31.25,31.14,31.2,True,15.75,18.62,18.23,,,,,,,,,,16.04,-48.02,1.0,28.574803,881.53,881.53,1.43,0.16,423.34,440.77,-17.43,458.2,,,,,,,2000.0,0.0,0.0,0.0,0.0,,2000.0,
2022-11-04,30.86,34.2,30.66,33.74,4106770.6,9.37,31.64,31.38,31.39,True,15.97,23.3,15.89,,,,,,,,,,16.04,-52.47,1.0,28.574803,964.11,964.11,82.58,9.37,505.92,482.06,23.86,458.2,,,,,,,2000.0,0.0,0.0,0.0,0.0,,2000.0,
2022-11-05,33.73,38.79,33.66,36.9,7466083.52,9.37,32.45,31.91,31.79,True,18.0,34.34,13.24,,,,,38.79,,HH,,,16.04,-56.54,1.0,28.574803,1054.41,1054.41,90.3,9.37,596.21,527.21,69.01,458.2,,,,,,,2000.0,0.0,0.0,0.0,0.0,,2000.0,
2022-11-06,36.9,37.06,32.31,32.62,4722074.05,-11.6,32.47,31.98,31.85,True,18.95,29.44,15.41,,,,,,,,,,16.04,-50.84,1.0,28.574803,932.11,932.11,-122.3,-11.6,473.91,466.06,7.86,458.2,,,,,,,2000.0,0.0,0.0,0.0,0.0,,2000.0,
2022-11-07,32.61,33.13,28.0,29.62,9810937.64,-9.2,32.03,31.75,31.69,True,17.61,25.25,25.17,,,,,,,,,,16.04,-45.86,1.0,28.574803,846.39,846.39,-85.72,-9.2,388.19,423.19,-35.0,458.2,,,,,,,2000.0,0.0,0.0,0.0,0.0,,2000.0,
2022-11-08,29.62,31.72,19.8,24.38,28156844.02,-17.69,30.86,31.05,31.15,False,18.68,18.62,36.62,,,,BEAR_BOS,,,,BEAR_CHOCH,BIG BEAR BOS @ 24.38 (level 25.86) | SMALL BEAR CHOCH @ 24.38 (level 26.84),,,,,,696.65,-149.73,-17.69,0.0,0.0,,696.65,"EXIT @ 24.38 (small red CHoCH, realized -219.74)",,,,,,2000.0,0.0,0.0,0.0,0.0,,2000.0,
2022-11-09,24.38,24.38,12.37,14.08,34965021.08,-42.25,28.28,29.43,29.88,False,20.84,14.49,42.22,,,,,,,,,,,,,,,696.65,0.0,0.0,0.0,0.0,,696.65,,,,,,,2000.0,0.0,0.0,0.0,0.0,,2000.0,
2022-11-10,14.08,18.87,13.14,17.66,31278279.25,25.43,26.64,28.31,28.98,False,22.84,13.01,37.9,,,,,,,,,SMALL HH confirmed @ 38.79,,,,,,696.65,0.0,0.0,0.0,0.0,,696.65,,,,,,,2000.0,0.0,0.0,0.0,0.0,,2000.0,
2022-11-11,17.65,18.31,15.1,16.45,16952323.15,-6.85,25.07,27.18,28.05,False,24.7,12.25,35.7,,,,,,,,,,,,,,,696.65,0.0,0.0,0.0,0.0,,696.65,,,,,,,2000.0,0.0,0.0,0.0,0.0,,2000.0,
2022-11-12,16.46,16.53,14.47,14.58,6958266.14,-11.37,23.46,25.98,27.05,False,26.52,11.78,35.5,,,,,,,,,,,,,,,696.65,0.0,0.0,0.0,0.0,,696.65,,,,,,,2000.0,0.0,0.0,0.0,0.0,,2000.0,
2022-11-13,14.58,14.74,13.02,13.18,7632404.82,-9.6,21.88,24.76,26.02,False,28.42,11.39,37.14,,,,,,,,,,,,,,,696.65,0.0,0.0,0.0,0.0,,696.65,,,,,,,2000.0,0.0,0.0,0.0,0.0,,2000.0,
2022-11-14,13.18,15.01,12.07,14.0,12412181.95,6.22,20.67,23.74,25.13,False,30.31,10.72,36.86,,,,,,12.07,LL,,,,,,,,696.65,0.0,0.0,0.0,0.0,,696.65,,,,,,,2000.0,0.0,0.0,0.0,0.0,,2000.0,
2022-11-15,14.0,15.1,13.82,14.32,7666656.34,2.29,19.69,22.84,24.33,False,32.02,10.63,35.88,,,,,15.1,,LH,,,,,,,,696.65,0.0,0.0,0.0,0.0,,696.65,,,,,,,2000.0,0.0,0.0,0.0,0.0,,2000.0,
2022-11-16,14.32,14.64,13.64,14.27,4117412.48,-0.35,18.86,22.03,23.59,False,33.64,10.39,35.49,,,,,,,,,,,,,,,696.65,0.0,0.0,0.0,0.0,,696.65,,,,,,,2000.0,0.0,0.0,0.0,0.0,,2000.0,
2022-11-17,14.27,14.5,12.93,13.65,6589277.99,-4.34,18.06,21.23,22.85,False,35.26,10.02,35.84,,,,,,,,,,,,,,,696.65,0.0,0.0,0.0,0.0,,696.65,,,,,,,2000.0,0.0,0.0,0.0,0.0,,2000.0,
2022-11-18,13.65,13.89,13.0,13.27,2949495.18,-2.78,17.32,20.47,22.14,False,36.76,9.81,35.07,,,,,,,,,,,,,,,696.65,0.0,0.0,0.0,0.0,,696.65,,,,,,,2000.0,0.0,0.0,0.0,0.0,,2000.0,
2022-11-19,13.28,13.28,12.58,12.84,2920148.22,-3.24,16.63,19.74,21.45,False,38.23,9.64,35.51,,,,,,,,,SMALL LL confirmed @ 12.07,,,,,,696.65,0.0,0.0,0.0,0.0,,696.65,,,,,,,2000.0,0.0,0.0,0.0,0.0,,2000.0,
2022-11-20,12.84,13.58,12.1,12.27,4790066.03,-4.44,15.96,19.03,20.77,False,39.68,9.26,35.39,,,,,,,,,SMALL LH confirmed @ 15.10,,,,,,696.65,0.0,0.0,0.0,0.0,,696.65,,,,,,,2000.0,0.0,0.0,0.0,0.0,,2000.0,
2022-11-21,12.26,12.29,11.27,11.83,4921177.26,-3.59,15.32,18.35,20.11,False,41.17,9.0,36.68,,,,,,,,BEAR_BOS,SMALL BEAR BOS @ 11.83 (level 12.07),,,,,,696.65,0.0,0.0,0.0,0.0,,696.65,,,,,,,2000.0,0.0,0.0,0.0,0.0,,2000.0,
2022-11-22,11.83,12.5,10.94,12.44,5495351.55,5.16,14.88,17.78,19.54,False,42.62,8.61,36.0,,,,,,10.94,LL,,,,,,,,696.65,0.0,0.0,0.0,0.0,,696.65,,,,,,,2000.0,0.0,0.0,0.0,0.0,,2000.0,
2022-11-23,12.43,14.5,12.4,14.36,7872882.42,15.43,14.8,17.46,19.16,False,42.58,13.81,33.84,,,,,,,,,,,,,,,696.65,0.0,0.0,0.0,0.0,,696.65,,,,,,,2000.0,0.0,0.0,0.0,0.0,,2000.0,
2022-11-24,14.36,14.96,13.84,14.59,4725295.69,1.6,14.77,17.18,18.82,False,42.25,14.71,32.71,,,,,,,,,,,,,,,696.65,0.0,0.0,0.0,0.0,,696.65,,,,,,,2000.0,0.0,0.0,0.0,0.0,,2000.0,
2022-11-25,14.6,14.61,13.91,14.03,2819515.28,-3.84,14.65,16.88,18.46,False,41.94,14.39,31.99,,,,,,,,,,,,,,,696.65,0.0,0.0,0.0,0.0,,696.65,,,,,,,2000.0,0.0,0.0,0.0,0.0,,2000.0,
2022-11-26,14.03,14.98,13.97,14.17,2911827.78,1.0,14.58,16.63,18.15,False,41.4,15.12,30.94,,,,,14.98,,LH,,,,,,,,696.65,0.0,0.0,0.0,0.0,,696.65,,,,,,,2000.0,0.0,0.0,0.0,0.0,,2000.0,
2022-11-27,14.17,14.45,14.05,14.12,2063327.08,-0.35,14.51,16.39,17.85,False,40.89,14.91,30.51,,,,,,,,,SMALL LL confirmed @ 10.94,,,,,,696.65,0.0,0.0,0.0,0.0,,696.65,,,,,,,2000.0,0.0,0.0,0.0,0.0,,2000.0,
2022-11-28,14.11,14.17,12.78,13.32,4718682.44,-5.67,14.33,16.09,17.51,False,40.87,14.18,33.51,,,,,,12.78,HL,,,,,,,,696.65,0.0,0.0,0.0,0.0,,696.65,,,,,,,2000.0,0.0,0.0,0.0,0.0,,2000.0,
2022-11-29,13.33,13.96,13.14,13.34,2605636.41,0.15,14.17,15.83,17.2,False,40.84,13.75,32.49,,,,,,,,,,,,,,,696.65,0.0,0.0,0.0,0.0,,696.65,,,,,,,2000.0,0.0,0.0,0.0,0.0,,2000.0,
2022-11-30,13.35,14.32,13.21,14.16,3599962.88,6.15,14.17,15.67,16.98,False,40.52,14.54,31.11,,,,,14.32,,LH,,,,,,,,696.65,0.0,0.0,0.0,0.0,,696.65,,,,,,,2000.0,0.0,0.0,0.0,0.0,,2000.0,
2022-12-01,14.17,14.19,13.4,13.51,2567835.92,-4.59,14.07,15.47,16.72,False,40.22,14.08,30.13,,,,,,,,,SMALL LH confirmed @ 14.98,,,,,,696.65,0.0,0.0,0.0,0.0,,696.65,,,,,,,2000.0,0.0,0.0,0.0,0.0,,2000.0,
2022-12-02,13.51,13.84,13.33,13.71,2865008.71,1.48,14.01,15.3,16.5,False,39.97,13.78,29.78,,,,,,,,,,,,,,,696.65,0.0,0.0,0.0,0.0,,696.65,,,,,,,2000.0,0.0,0.0,0.0,0.0,,2000.0,
2022-12-03,13.71,13.77,13.2,13.29,1958859.38,-3.06,13.9,15.11,16.26,False,39.8,13.44,29.61,,,,,,13.2,HL,,SMALL HL confirmed @ 12.78,,,,,,696.65,0.0,0.0,0.0,0.0,,696.65,,,,,,,2000.0,0.0,0.0,0.0,0.0,,2000.0,
2022-12-04,13.29,13.75,13.27,13.71,1778118.75,3.16,13.87,14.98,16.07,False,39.64,13.14,28.95,,,,,,,,,,,,,,,696.65,0.0,0.0,0.0,0.0,,696.65,,,,,,,2000.0,0.0,0.0,0.0,0.0,,2000.0,
2022-12-05,13.71,14.17,13.58,13.82,3962489.89,0.8,13.87,14.87,15.91,False,39.02,14.8,28.12,,,,,,,,,SMALL LH confirmed @ 14.32,,,,,,696.65,0.0,0.0,0.0,0.0,,696.65,,,,,,,2000.0,0.0,0.0,0.0,0.0,,2000.0,
2022-12-06,13.82,14.38,13.81,14.3,3280084.71,3.47,13.93,14.81,15.79,False,38.22,15.44,27.3,,,,,14.38,,HH,,,,,,,,696.65,0.0,0.0,0.0,0.0,,696.65,,,,,,,2000.0,0.0,0.0,0.0,0.0,,2000.0,
2022-12-07,14.3,14.34,13.39,13.49,2647330.66,-5.66,13.86,14.69,15.62,False,37.74,14.67,28.14,,,,,,,,,,,,,,,696.65,0.0,0.0,0.0,0.0,,696.65,,,,,,,2000.0,0.0,0.0,0.0,0.0,,2000.0,
2022-12-08,13.49,13.77,13.27,13.69,2218371.02,1.48,13.84,14.59,15.47,False,37.36,14.27,28.03,,,,,,,,,SMALL HL confirmed @ 13.20,,,,,,696.65,0.0,0.0,0.0,0.0,,696.65,,,,,,,2000.0,0.0,0.0,0.0,0.0,,2000.0,
2022-12-09,13.69,14.02,13.51,13.59,2597941.96,-0.73,13.8,14.5,15.33,False,36.7,15.28,27.21,,,,,,,,,,,,,,,696.65,0.0,0.0,0.0,0.0,,696.65,,,,,,,2000.0,0.0,0.0,0.0,0.0,,2000.0,
2022-12-10,13.58,13.73,13.54,13.58,950118.11,-0.07,13.77,14.41,15.2,False,36.08,15.11,26.9,,,,,,,,,,,,,,,696.65,0.0,0.0,0.0,0.0,,696.65,,,,,,,2000.0,0.0,0.0,0.0,0.0,,2000.0,
2022-12-11,13.58,13.8,13.39,13.42,1210234.56,-1.18,13.71,14.31,15.07,False,35.63,14.71,27.15,,,,,,,,,SMALL HH confirmed @ 14.38,,,,,,696.65,0.0,0.0,0.0,0.0,,696.65,,,,,,,2000.0,0.0,0.0,0.0,0.0,,2000.0,
2022-12-12,13.42,13.5,12.82,13.31,2644017.08,-0.82,13.65,14.22,14.94,False,35.63,14.06,29.67,,,,,,,,,,,,,,,696.65,0.0,0.0,0.0,0.0,,696.65,,,,,,,2000.0,0.0,0.0,0.0,0.0,,2000.0,
2022-12-13,13.31,14.15,12.76,13.89,3963954.49,4.36,13.69,14.19,14.86,False,34.72,16.98,27.03,,,,,,,,,,,,,,,696.65,0.0,0.0,0.0,0.0,,696.65,,,,,,,2000.0,0.0,0.0,0.0,0.0,,2000.0,
2022-12-14,13.9,14.96,13.81,14.12,5084591.13,1.66,13.75,14.18,14.81,False,32.88,20.91,25.04,,,,,,,,,,,,,,,696.65,0.0,0.0,0.0,0.0,,696.65,,,,,,,2000.0,0.0,0.0,0.0,0.0,,2000.0,
2022-12-15,14.12,14.52,13.86,14.04,2711381.25,-0.57,13.8,14.17,14.75,False,31.17,20.0,23.95,,,,,,,,,,,,,,,696.65,0.0,0.0,0.0,0.0,,696.65,,,,,,,2000.0,0.0,0.0,0.0,0.0,,2000.0,
2022-12-16,14.05,14.17,12.0,12.25,4522833.23,-12.75,13.56,13.98,14.57,False,31.09,17.33,32.19,,,,,,,,BEAR_BOS,SMALL BEAR BOS @ 12.25 (level 13.20),,,,,,696.65,0.0,0.0,0.0,0.0,,696.65,,,,,,,2000.0,0.0,0.0,0.0,0.0,,2000.0,
2022-12-17,12.25,12.6,11.92,12.51,2465880.45,2.12,13.4,13.84,14.41,False,31.07,16.58,31.31,,,,,,,,,,,,,,,696.65,0.0,0.0,0.0,0.0,,696.65,,,,,,,2000.0,0.0,0.0,0.0,0.0,,2000.0,
2022-12-18,12.5,12.6,12.25,12.38,1358593.49,-1.04,13.24,13.7,14.26,False,31.04,16.2,30.58,,,,,,,,,,,,,,,696.65,0.0,0.0,0.0,0.0,,696.65,,,,,,,2000.0,0.0,0.0,0.0,0.0,,2000.0,
2022-12-19,12.38,12.59,11.66,11.94,2385052.59,-3.55,13.04,13.54,14.09,False,31.43,15.18,32.64,,,,,,,,,,,,,,,696.65,0.0,0.0,0.0,0.0,,696.65,,,,,,,2000.0,0.0,0.0,0.0,0.0,,2000.0,
2022-12-20,11.94,12.49,11.84,12.26,1699256.37,2.68,12.92,13.42,13.96,False,31.8,14.5,31.17,,,,,,,,,,,,,,,696.65,0.0,0.0,0.0,0.0,,696.65,,,,,,,2000.0,0.0,0.0,0.0,0.0,,2000.0,
2022-12-21,12.26,12.29,11.9,12.14,1549774.66,-0.98,12.8,13.29,13.82,False,32.13,14.09,30.29,,,,,,,,,,,,,,,696.65,0.0,0.0,0.0,0.0,,696.65,,,,,,,2000.0,0.0,0.0,0.0,0.0,,2000.0,
2022-12-22,12.14,12.19,11.67,11.82,1805407.09,-2.64,12.65,13.15,13.67,False,32.62,13.54,30.83,,,,,,,,,,,,,,,696.65,0.0,0.0,0.0,0.0,,696.65,,,,,,,2000.0,0.0,0.0,0.0,0.0,,2000.0,
2022-12-23,11.81,12.11,11.72,11.78,1647382.32,-0.34,12.52,13.02,13.53,False,33.07,13.13,29.89,,,,,,,,,,,,,,,696.65,0.0,0.0,0.0,0.0,,696.65,,,,,,,2000.0,0.0,0.0,0.0,0.0,,2000.0,
2022-12-24,11.79,11.79,11.07,11.45,2286878.14,-2.8,12.35,12.87,13.38,False,33.99,12.38,33.35,,,,,,,,,,,,,,,696.65,0.0,0.0,0.0,0.0,,696.65,,,,,,,2000.0,0.0,0.0,0.0,0.0,,2000.0,
2022-12-25,11.45,11.56,11.24,11.38,916417.64,-0.61,12.2,12.73,13.23,False,34.84,12.05,32.46,,,,,,,,,,,,,,,696.65,0.0,0.0,0.0,0.0,,696.65,,,,,,,2000.0,0.0,0.0,0.0,0.0,,2000.0,
2022-12-26,11.39,11.49,11.06,11.32,1613225.82,-0.53,12.07,12.6,13.09,False,35.76,11.6,32.81,,,,,,,,,,,,,,,696.65,0.0,0.0,0.0,0.0,,696.65,,,,,,,2000.0,0.0,0.0,0.0,0.0,,2000.0,
2022-12-27,11.33,11.44,10.71,11.09,3052197.59,-2.03,11.92,12.45,12.94,False,36.87,10.86,33.77,,,,,,,,,,,,,,,696.65,0.0,0.0,0.0,0.0,,696.65,,,,,,,2000.0,0.0,0.0,0.0,0.0,,2000.0,
2022-12-28,11.1,11.12,9.39,9.76,7362205.18,-11.99,11.58,12.2,12.71,False,38.66,9.34,39.71,,,,,,,,,,,,,,,696.65,0.0,0.0,0.0,0.0,,696.65,,,,,,,2000.0,0.0,0.0,0.0,0.0,,2000.0,
2022-12-29,9.76,10.89,8.0,9.64,12093989.53,-1.23,11.29,11.95,12.48,False,40.86,7.47,41.4,,8.0,LL,,,8.0,LL,,,,,,,,696.65,0.0,0.0,0.0,0.0,,696.65,,,,,,,2000.0,0.0,0.0,0.0,0.0,,2000.0,
2022-12-30,9.64,10.26,9.0,9.9,12587079.51,2.7,11.07,11.76,12.29,False,42.9,6.82,37.83,,,,,,,,,,,,,,,696.65,0.0,0.0,0.0,0.0,,696.65,,,,,,,2000.0,0.0,0.0,0.0,0.0,,2000.0,
2022-12-31,9.91,10.2,9.66,9.97,3621434.65,0.71,10.9,11.59,12.12,False,44.8,6.56,36.38,,,,,,,,,,,,,,,696.65,0.0,0.0,0.0,0.0,,696.65,,,,,,,2000.0,0.0,0.0,0.0,0.0,,2000.0,
2023-01-01,9.97,10.09,9.69,9.99,2287512.63,0.2,10.76,11.44,11.96,False,46.56,6.37,35.3,,,,,,,,,,,,,,,696.65,0.0,0.0,0.0,0.0,,696.65,,,,,,,2000.0,0.0,0.0,0.0,0.0,,2000.0,
2023-01-02,9.99,12.0,9.81,11.28,7628264.93,12.91,10.84,11.42,11.91,False,44.95,18.38,30.06,,,,,,,,,,,,,,,696.65,0.0,0.0,0.0,0.0,,696.65,,,,,,,2000.0,0.0,0.0,0.0,0.0,,2000.0,
2023-01-03,11.28,13.91,11.0,13.37,14986491.36,18.53,11.23,11.61,12.02,False,42.0,26.67,24.79,,,,,,,,,SMALL LL confirmed @ 8.00,,,,,,696.65,0.0,0.0,0.0,0.0,,696.65,,,,,,,2000.0,0.0,0.0,0.0,0.0,,2000.0,
2023-01-04,13.37,14.24,12.83,13.43,12612735.49,0.45,11.57,11.78,12.12,False,39.54,26.4,22.71,,,,,,,,,,,,,,,696.65,0.0,0.0,0.0,0.0,,696.65,,,,,,,2000.0,0.0,0.0,0.0,0.0,,2000.0,
2023-01-05,13.43,13.89,12.95,13.43,5834353.76,0.0,11.86,11.94,12.22,False,37.25,24.9,21.42,,,,,,,,,,,,,,,696.65,0.0,0.0,0.0,0.0,,696.65,,,,,,,2000.0,0.0,0.0,0.0,0.0,,2000.0,
2023-01-06,13.43,13.6,12.69,13.5,5404648.48,0.52,12.11,12.09,12.31,False,34.86,23.51,21.82,,,,,,,,,,,,,,,696.65,0.0,0.0,0.0,0.0,,696.65,,,,,,,2000.0,0.0,0.0,0.0,0.0,,2000.0,
2023-01-07,13.51,13.51,13.01,13.1,1904950.91,-2.96,12.26,12.18,12.37,False,32.63,22.75,21.12,,,,,,,,,,,,,,,696.65,0.0,0.0,0.0,0.0,,696.65,,,,,,,2000.0,0.0,0.0,0.0,0.0,,2000.0,
2023-01-08,13.1,14.89,12.85,14.45,6295596.12,10.31,12.6,12.4,12.53,True,31.79,28.29,18.52,,,,,,,,BULL_CHOCH,SMALL BULL CHOCH @ 14.45 (level 14.38),11.56,-20.0,2.5,120.528321,1741.63,696.65,0.0,0.0,348.33,348.33,0.0,348.33,"ENTRY @ 14.45 (small green CHoCH, margin $348.33 [50% of bank] @ 5x [ADX 31.8, zone green], 120.528321 units)",11.56,-20.0,2.5,346.020761,5000.0,2000.0,0.0,0.0,1000.0,1000.0,0.0,1000.0,"ENTRY @ 14.45 (small green CHoCH, margin $1000.00 [50% of bank] @ 5x [ADX 31.8, zone green], 346.020761 units)"
2023-01-09,14.46,17.5,14.28,16.25,19481959.57,12.46,13.16,12.77,12.8,True,32.52,37.43,15.31,,,,,,,,,,11.56,-28.86,2.14,120.528321,1958.59,913.6,216.95,31.14,565.28,391.72,173.56,348.33,,11.56,-28.86,2.14,346.020761,5622.84,2622.84,622.84,31.14,1622.84,1124.57,498.27,1000.0,
2023-01-10,16.25,16.73,15.57,16.2,8489417.77,-0.31,13.63,13.09,13.05,True,33.19,35.07,14.34,,,,,,,,,,11.56,-28.64,2.15,120.528321,1952.56,907.58,-6.03,-0.66,559.25,390.51,168.74,348.33,,11.56,-28.64,2.15,346.020761,5605.54,2605.54,-17.3,-0.66,1605.54,1121.11,484.43,1000.0,
2023-01-11,16.2,16.67,15.28,16.36,6661616.67,0.99,14.05,13.4,13.3,True,33.48,32.44,14.83,,,,,,,,,,11.56,-29.34,2.13,120.528321,1971.84,926.86,19.28,2.12,578.54,394.37,184.17,348.33,,11.56,-29.34,2.13,346.020761,5660.9,2660.9,55.36,2.12,1660.9,1132.18,528.72,1000.0,
2023-01-12,16.37,17.0,15.54,16.59,9608670.96,1.41,14.44,13.71,13.54,True,33.92,31.67,13.67,,,,,,,,,,11.56,-30.32,2.09,120.528321,1999.56,954.58,27.72,2.99,606.26,399.91,206.34,348.33,,11.56,-30.32,2.09,346.020761,5740.48,2740.48,79.58,2.99,1740.48,1148.1,592.39,1000.0,
2023-01-13,16.59,18.65,16.29,18.29,10929884.4,10.25,15.03,14.14,13.89,True,35.08,36.26,12.03,,,,,,,,,,11.56,-36.8,1.9,120.528321,2204.46,1159.48,204.9,21.46,811.16,440.89,370.26,348.33,,11.56,-36.8,1.9,346.020761,6328.72,3328.72,588.24,21.46,2328.72,1265.74,1062.98,1000.0,
2023-01-14,18.29,24.75,18.2,24.24,25997232.06,32.53,16.45,15.11,14.66,True,37.62,51.28,8.85,,,,,,,,,,11.56,-52.31,1.56,120.528321,2921.61,1876.63,717.14,61.85,1528.3,584.32,943.98,348.33,,11.56,-52.31,1.56,346.020761,8387.54,5387.54,2058.82,61.85,4387.54,1677.51,2710.03,1000.0,
2023-01-15,24.23,25.0,21.98,22.89,11258028.55,-5.57,17.44,15.85,15.27,True,40.01,46.29,7.83,,,,,,,,,,11.56,-49.5,1.61,120.528321,2758.89,1713.91,-162.71,-8.67,1365.59,551.78,813.81,348.33,,11.56,-49.5,1.61,346.020761,7920.42,4920.42,-467.13,-8.67,3920.42,1584.08,2336.33,1000.0,
2023-01-16,22.9,25.0,22.3,23.58,10043368.28,3.01,18.38,16.58,15.89,True,42.23,41.64,7.04,,,,,,,,,,11.56,-50.98,1.58,120.528321,2842.06,1797.08,83.16,4.85,1448.75,568.41,880.34,348.33,,11.56,-50.98,1.58,346.020761,8159.17,5159.17,238.75,4.85,4159.17,1631.83,2527.34,1000.0,
2023-01-17,23.58,23.95,22.7,22.86,6056942.68,-3.05,19.07,17.18,16.4,True,44.29,39.66,6.71,,,,,,,,,,11.56,-49.43,1.61,120.528321,2755.28,1710.3,-86.78,-4.83,1361.97,551.06,810.91,348.33,,11.56,-49.43,1.61,346.020761,7910.03,4910.03,-249.13,-4.83,3910.03,1582.01,2328.03,1000.0,
2023-01-18,22.86,23.65,20.34,20.79,11341710.32,-9.06,19.34,17.52,16.73,True,44.09,34.91,14.44,,,,,,,,,,11.56,-44.4,1.72,120.528321,2505.78,1460.8,-249.49,-14.59,1112.48,501.16,611.32,348.33,,11.56,-44.4,1.72,346.020761,7193.77,4193.77,-716.26,-14.59,3193.77,1438.75,1755.02,1000.0,
2023-01-19,20.78,21.88,20.41,21.4,6113345.07,2.93,19.65,17.89,17.07,True,43.9,33.02,13.65,,,,,,,,,,11.56,-45.98,1.68,120.528321,2579.31,1534.33,73.52,5.03,1186.0,515.86,670.14,348.33,,11.56,-45.98,1.68,346.020761,7404.84,4404.84,211.07,5.03,3404.84,1480.97,1923.88,1000.0,
2023-01-20,21.4,25.82,20.93,25.51,9652433.39,19.21,20.56,18.62,17.7,True,44.78,40.75,11.44,,,,,,,,,,11.56,-54.68,1.51,120.528321,3074.68,2029.7,495.37,32.29,1681.37,614.94,1066.43,348.33,,11.56,-54.68,1.51,346.020761,8826.99,5826.99,1422.15,32.29,4826.99,1765.4,3061.59,1000.0,
2023-01-21,25.51,26.6,24.24,24.57,12782858.69,-3.68,21.17,19.19,18.21,True,45.75,40.15,10.55,,,,,26.6,,HH,,,11.56,-52.95,1.55,120.528321,2961.38,1916.4,-113.3,-5.58,1568.07,592.28,975.8,348.33,,11.56,-52.95,1.55,346.020761,8501.73,5501.73,-325.26,-5.58,4501.73,1700.35,2801.38,1000.0,
2023-01-22,24.56,25.45,23.5,24.21,6496779.26,-1.47,21.64,19.66,18.65,True,46.1,37.55,12.32,,,,,,,,,,11.56,-52.25,1.56,120.528321,2917.99,1873.01,-43.39,-2.26,1524.68,583.6,941.09,348.33,,11.56,-52.25,1.56,346.020761,8377.16,5377.16,-124.57,-2.26,4377.16,1675.43,2701.73,1000.0,
2023-01-23,24.21,24.93,23.7,24.33,6100483.98,0.5,22.05,20.11,19.07,True,46.42,35.96,11.8,,,,,,,,,,11.56,-52.49,1.55,120.528321,2932.45,1887.47,14.46,0.77,1539.15,586.49,952.66,348.33,,11.56,-52.49,1.55,346.020761,8418.69,5418.69,41.52,0.77,4418.69,1683.74,2734.95,1000.0,
2023-01-24,24.32,25.24,22.25,22.78,6121565.88,-6.37,22.17,20.36,19.35,True,45.63,32.39,15.45,,,,,,,,,,11.56,-49.25,1.61,120.528321,2745.64,1700.65,-186.82,-9.9,1352.33,549.13,803.2,348.33,,11.56,-49.25,1.61,346.020761,7882.35,4882.35,-536.33,-9.9,3882.35,1576.47,2305.88,1000.0,
2023-01-25,22.77,25.43,22.24,24.52,8332368.29,7.64,22.53,20.76,19.73,True,44.97,29.68,13.87,,,,,,22.24,HL,,,11.56,-52.85,1.55,120.528321,2955.35,1910.37,209.72,12.33,1562.05,591.07,970.98,348.33,,11.56,-52.85,1.55,346.020761,8484.43,5484.43,602.08,12.33,4484.43,1696.89,2787.54,1000.0,
2023-01-26,24.53,25.23,23.73,24.33,5450404.1,-0.77,22.81,21.1,20.07,True,44.35,28.22,13.18,,,,,,,,,SMALL HH confirmed @ 26.60,11.56,-52.49,1.55,120.528321,2932.45,1887.47,-22.9,-1.2,1539.15,586.49,952.66,348.33,,11.56,-52.49,1.55,346.020761,8418.69,5418.69,-65.74,-1.2,4418.69,1683.74,2734.95,1000.0,
2023-01-27,24.33,24.96,23.27,24.43,4729055.76,0.41,23.06,21.42,20.39,True,43.41,26.62,13.97,,,,,,,,,,11.56,-52.68,1.55,120.528321,2944.51,1899.53,12.05,0.64,1551.2,588.9,962.3,348.33,,11.56,-52.68,1.55,346.020761,8453.29,5453.29,34.6,0.64,4453.29,1690.66,2762.63,1000.0,
2023-01-28,24.43,25.24,23.7,24.0,3377884.1,-1.76,23.2,21.66,20.66,True,42.65,26.18,13.24,,,,,,,,,,11.56,-51.83,1.57,120.528321,2892.68,1847.7,-51.83,-2.73,1499.37,578.54,920.84,348.33,,11.56,-51.83,1.57,346.020761,8304.5,5304.5,-148.79,-2.73,4304.5,1660.9,2643.6,1000.0,
2023-01-29,24.0,26.8,23.73,26.07,7785906.2,8.62,23.64,22.08,21.06,True,42.56,28.67,11.9,,,,,26.8,,HH,,,11.56,-55.66,1.5,120.528321,3142.17,2097.19,249.49,13.5,1748.87,628.43,1120.43,348.33,,11.56,-55.66,1.5,346.020761,9020.76,6020.76,716.26,13.5,5020.76,1804.15,3216.61,1000.0,
2023-01-30,26.07,26.31,23.11,23.96,7532450.12,-8.09,23.69,22.26,21.28,True,41.95,25.75,12.66,,,,,,,,,SMALL HL confirmed @ 22.24,11.56,-51.75,1.57,120.528321,2887.86,1842.88,-254.31,-12.13,1494.55,577.57,916.98,348.33,,11.56,-51.75,1.57,346.020761,8290.66,5290.66,-730.1,-12.13,4290.66,1658.13,2632.53,1000.0,
2023-01-31,23.97,24.47,23.49,23.92,4062387.09,-0.17,23.73,22.42,21.47,True,41.39,24.91,12.25,,,,,,,,,,11.56,-51.67,1.57,120.528321,2883.04,1838.06,-4.82,-0.26,1489.73,576.61,913.12,348.33,,11.56,-51.67,1.57,346.020761,8276.82,5276.82,-13.84,-0.26,4276.82,1655.36,2621.45,1000.0,
2023-02-01,23.93,25.22,22.48,25.0,7304888.31,4.52,23.92,22.66,21.73,True,40.01,22.68,14.45,,,,,,,,,,11.56,-53.76,1.53,120.528321,3013.21,1968.23,130.17,7.08,1619.9,602.64,1017.26,348.33,,11.56,-53.76,1.53,346.020761,8650.52,5650.52,373.7,7.08,4650.52,1730.1,2920.42,1000.0,
2023-02-02,25.0,26.15,24.05,24.32,7246590.58,-2.72,23.98,22.82,21.92,True,39.19,24.17,13.46,,,,,,,,,,11.56,-52.47,1.55,120.528321,2931.25,1886.27,-81.96,-4.16,1537.94,586.25,951.69,348.33,,11.56,-52.47,1.55,346.020761,8415.22,5415.22,-235.29,-4.16,4415.22,1683.04,2732.18,1000.0,
2023-02-03,24.32,25.07,24.01,24.69,4759274.31,1.52,24.09,23.0,22.13,True,38.39,23.3,13.11,,,,,,,,,SMALL HH confirmed @ 26.80,11.56,-53.18,1.54,120.528321,2975.84,1930.86,44.6,2.36,1582.54,595.17,987.37,348.33,,11.56,-53.18,1.54,346.020761,8543.25,5543.25,128.03,2.36,4543.25,1708.65,2834.6,1000.0,
2023-02-04,24.69,24.95,24.17,24.34,2034159.41,-1.42,24.13,23.13,22.29,True,37.65,22.65,12.74,,,,,,,,,,11.56,-52.51,1.55,120.528321,2933.66,1888.68,-42.18,-2.18,1540.35,586.73,953.62,348.33,,11.56,-52.51,1.55,346.020761,8422.15,5422.15,-121.11,-2.18,4422.15,1684.43,2737.72,1000.0,
2023-02-05,24.34,24.46,23.02,23.47,4822304.59,-3.57,24.03,23.16,22.38,True,35.95,21.47,16.25,,,,,,,,,,11.56,-50.75,1.59,120.528321,2828.8,1783.82,-104.86,-5.55,1435.49,565.76,869.73,348.33,,11.56,-50.75,1.59,346.020761,8121.11,5121.11,-301.04,-5.55,4121.11,1624.22,2496.89,1000.0,
2023-02-06,23.46,23.72,22.45,22.66,3592829.38,-3.45,23.82,23.11,22.4,True,33.91,20.45,17.6,,,,,,,,,,11.56,-48.98,1.62,120.528321,2731.17,1686.19,-97.63,-5.47,1337.86,546.23,791.63,348.33,,11.56,-48.98,1.62,346.020761,7840.83,4840.83,-280.28,-5.47,3840.83,1568.17,2272.66,1000.0,
2023-02-07,22.65,23.96,22.54,23.82,4900023.85,5.12,23.82,23.18,22.51,True,32.19,20.26,16.66,,,,,,,,,,11.56,-51.47,1.57,120.528321,2870.98,1826.0,139.81,8.29,1477.68,574.2,903.48,348.33,,11.56,-51.47,1.57,346.020761,8242.21,5242.21,401.38,8.29,4242.21,1648.44,2593.77,1000.0,
2023-02-08,23.82,24.24,22.8,23.22,3970029.14,-2.52,23.73,23.18,22.56,True,30.78,20.22,15.73,,,,,,,,,,11.56,-50.22,1.6,120.528321,2798.67,1753.69,-72.32,-3.96,1405.36,559.73,845.63,348.33,,11.56,-50.22,1.6,346.020761,8034.6,5034.6,-207.61,-3.96,4034.6,1606.92,2427.68,1000.0,
2023-02-09,23.21,23.35,20.0,20.48,6398790.64,-11.8,23.23,22.93,22.41,True,29.65,17.75,24.02,,,,,,,,BEAR_CHOCH,SMALL BEAR CHOCH @ 20.48 (level 22.24),,,,,,1423.44,-330.25,-18.83,0.0,0.0,,1423.44,"EXIT @ 20.48 (small red CHoCH, realized +726.79)",,,,,,4086.51,-948.1,-18.83,0.0,0.0,,4086.51,"EXIT @ 20.48 (small red CHoCH, realized +2086.51)"
2023-02-10,20.48,21.2,19.68,20.11,5523024.53,-1.81,22.75,22.66,22.24,True,28.79,16.75,23.85,,,,,,19.68,LL,,,,,,,,1423.44,0.0,0.0,0.0,0.0,,1423.44,,,,,,,4086.51,0.0,0.0,0.0,0.0,,4086.51,
2023-02-11,20.1,20.92,20.1,20.81,1859852.98,3.48,22.45,22.48,22.13,True,27.98,16.21,23.1,,,,,,,,,,,,,,,1423.44,0.0,0.0,0.0,0.0,,1423.44,,,,,,,4086.51,0.0,0.0,0.0,0.0,,4086.51,
2023-02-12,20.81,22.59,20.62,21.49,4625241.81,3.27,22.3,22.39,22.08,True,25.99,21.41,21.35,,,,,,,,,,,,,,,1423.44,0.0,0.0,0.0,0.0,,1423.44,,,,,,,4086.51,0.0,0.0,0.0,0.0,,4086.51,
2023-02-13,21.49,21.61,19.73,20.77,6685330.04,-3.35,22.07,22.23,21.99,True,24.69,19.86,23.23,,,,,,,,,,,,,,,1423.44,0.0,0.0,0.0,0.0,,1423.44,,,,,,,4086.51,0.0,0.0,0.0,0.0,,4086.51,
2023-02-14,20.77,22.37,20.66,21.84,7639521.83,5.15,22.03,22.2,21.97,True,22.96,21.49,21.69,,,,,,,,,,,,,,,1423.44,0.0,0.0,0.0,0.0,,1423.44,,,,,,,4086.51,0.0,0.0,0.0,0.0,,4086.51,
2023-02-15,21.84,23.99,21.45,23.86,5587903.97,9.25,22.31,22.35,22.11,True,22.26,25.53,19.62,,,,,,,,,SMALL LL confirmed @ 19.68,,,,,,1423.44,0.0,0.0,0.0,0.0,,1423.44,,,,,,,4086.51,0.0,0.0,0.0,0.0,,4086.51,
2023-02-16,23.86,24.2,22.2,22.24,6832612.63,-6.79,22.3,22.34,22.12,True,21.72,24.4,18.14,,,,,,,,,,,,,,,1423.44,0.0,0.0,0.0,0.0,,1423.44,,,,,,,4086.51,0.0,0.0,0.0,0.0,,4086.51,
2023-02-17,22.24,23.54,21.99,23.14,4539817.75,4.05,22.43,22.42,22.2,True,21.06,22.97,17.87,,,,,,,,,BIG LL confirmed @ 8.00,,,,,,1423.44,0.0,0.0,0.0,0.0,,1423.44,,,,,,,4086.51,0.0,0.0,0.0,0.0,,4086.51,
2023-02-18,23.14,23.94,22.92,23.45,2647511.0,1.34,22.59,22.52,22.29,True,20.69,23.62,17.16,,,,,,,,,,,,,,,1423.44,0.0,0.0,0.0,0.0,,1423.44,,,,,,,4086.51,0.0,0.0,0.0,0.0,,4086.51,
2023-02-19,23.46,25.64,23.2,24.84,8316165.25,5.93,22.93,22.74,22.48,True,21.24,27.93,15.55,,,,,,,,,,,,,,,1423.44,0.0,0.0,0.0,0.0,,1423.44,,,,,,,4086.51,0.0,0.0,0.0,0.0,,4086.51,
2023-02-20,24.83,27.12,24.11,26.26,10266239.07,5.72,23.45,23.07,22.76,True,22.39,30.28,13.83,27.12,,LH,,27.12,,HH,,,,,,,,1423.44,0.0,0.0,0.0,0.0,,1423.44,,,,,,,4086.51,0.0,0.0,0.0,0.0,,4086.51,
2023-02-21,26.26,26.61,24.5,24.98,6724448.02,-4.87,23.68,23.26,22.92,True,23.45,27.94,12.77,,,,,,,,,,,,,,,1423.44,0.0,0.0,0.0,0.0,,1423.44,,,,,,,4086.51,0.0,0.0,0.0,0.0,,4086.51,
2023-02-22,24.98,25.24,23.21,24.16,7174305.66,-3.28,23.76,23.34,23.02,True,23.35,25.88,16.52,,,,,,,,,,,,,,,1423.44,0.0,0.0,0.0,0.0,,1423.44,,,,,,,4086.51,0.0,0.0,0.0,0.0,,4086.51,
2023-02-23,24.16,24.69,23.6,23.91,4390966.09,-1.03,23.78,23.4,23.08,True,23.26,24.82,15.84,,,,,,,,,,,,,,,1423.44,0.0,0.0,0.0,0.0,,1423.44,,,,,,,4086.51,0.0,0.0,0.0,0.0,,4086.51,
2023-02-24,23.91,24.13,22.46,23.07,4868888.31,-3.51,23.67,23.36,23.08,True,22.29,23.25,19.16,,,,,,,,,,,,,,,1423.44,0.0,0.0,0.0,0.0,,1423.44,,,,,,,4086.51,0.0,0.0,0.0,0.0,,4086.51,
2023-02-25,23.07,23.33,21.41,22.37,4541250.05,-3.03,23.47,23.27,23.03,True,20.73,21.55,21.75,,,,,,21.41,HL,,SMALL HH confirmed @ 27.12,,,,,,1423.44,0.0,0.0,0.0,0.0,,1423.44,,,,,,,4086.51,0.0,0.0,0.0,0.0,,4086.51,
2023-02-26,22.37,23.53,22.21,23.25,2817875.05,3.93,23.44,23.27,23.05,True,19.35,21.23,20.64,,,,,23.53,,LH,,,,,,,,1423.44,0.0,0.0,0.0,0.0,,1423.44,,,,,,,4086.51,0.0,0.0,0.0,0.0,,4086.51,
2023-02-27,23.25,23.41,22.32,22.68,3670697.58,-2.45,23.32,23.21,23.02,True,18.07,20.3,19.74,,,,,,,,,,,,,,,1423.44,0.0,0.0,0.0,0.0,,1423.44,,,,,,,4086.51,0.0,0.0,0.0,0.0,,4086.51,
2023-02-28,22.68,22.75,21.75,21.89,2291715.21,-3.48,23.1,23.09,22.93,True,17.09,19.47,21.27,,,,,,,,,,,,,,,1423.44,0.0,0.0,0.0,0.0,,1423.44,,,,,,,4086.51,0.0,0.0,0.0,0.0,,4086.51,
2023-03-01,21.88,22.91,21.65,22.51,2445602.61,2.83,23.01,23.03,22.9,True,16.06,19.11,20.15,,,,,,,,,,,,,,,1423.44,0.0,0.0,0.0,0.0,,1423.44,,,,,,,4086.51,0.0,0.0,0.0,0.0,,4086.51,
2023-03-02,22.5,22.65,21.67,22.0,2231193.36,-2.27,22.85,22.93,22.84,True,15.1,18.3,19.29,,,,,,,,,SMALL HL confirmed @ 21.41,,,,,,1423.44,0.0,0.0,0.0,0.0,,1423.44,,,,,,,4086.51,0.0,0.0,0.0,0.0,,4086.51,
2023-03-03,22.0,22.02,20.34,21.42,3635280.89,-2.64,22.63,22.79,22.73,False,15.2,16.97,23.64,,,,,,,,,SMALL LH confirmed @ 23.53,,,,,,1423.44,0.0,0.0,0.0,0.0,,1423.44,,,,,,,4086.51,0.0,0.0,0.0,0.0,,4086.51,
2023-03-04,21.42,21.62,20.2,20.98,1754082.61,-2.05,22.38,22.62,22.6,False,15.38,15.92,22.79,,,,,,,,BEAR_BOS,SMALL BEAR BOS @ 20.98 (level 21.41),,,,,,1423.44,0.0,0.0,0.0,0.0,,1423.44,,,,,,,4086.51,0.0,0.0,0.0,0.0,,4086.51,
2023-03-05,20.98,21.72,20.84,20.97,1733301.96,-0.05,22.16,22.46,22.48,False,15.45,15.74,21.88,,,,,,,,,,,,,,,1423.44,0.0,0.0,0.0,0.0,,1423.44,,,,,,,4086.51,0.0,0.0,0.0,0.0,,4086.51,
2023-03-06,20.98,21.19,20.47,20.63,2216419.88,-1.62,21.93,22.29,22.34,False,15.79,15.2,22.88,,,,,,,,,,,,,,,1423.44,0.0,0.0,0.0,0.0,,1423.44,,,,,,,4086.51,0.0,0.0,0.0,0.0,,4086.51,
2023-03-07,20.62,20.95,19.71,20.25,3104831.99,-1.84,21.67,22.09,22.19,False,16.62,14.31,25.15,,,,,,,,,,,,,,,1423.44,0.0,0.0,0.0,0.0,,1423.44,,,,,,,4086.51,0.0,0.0,0.0,0.0,,4086.51,
2023-03-08,20.25,20.39,18.1,18.41,5826803.53,-9.09,21.17,21.74,21.91,False,18.29,12.8,29.9,,,,,,,,,,,,,,,1423.44,0.0,0.0,0.0,0.0,,1423.44,,,,,,,4086.51,0.0,0.0,0.0,0.0,,4086.51,
2023-03-09,18.41,18.78,16.69,17.33,7832548.96,-5.87,20.58,21.32,21.57,False,20.45,11.6,33.41,,,,,,,,,,,,,,,1423.44,0.0,0.0,0.0,0.0,,1423.44,,,,,,,4086.51,0.0,0.0,0.0,0.0,,4086.51,
2023-03-10,17.34,18.36,16.0,18.17,9520202.65,4.85,20.21,21.02,21.32,False,22.7,10.42,32.99,,16.0,HL,,,16.0,LL,,,,,,,,1423.44,0.0,0.0,0.0,0.0,,1423.44,,,,,,,4086.51,0.0,0.0,0.0,0.0,,4086.51,
2023-03-11,18.17,18.89,16.94,18.07,6593106.41,-0.55,19.88,20.74,21.08,False,24.21,11.81,30.24,,,,,,,,,,,,,,,1423.44,0.0,0.0,0.0,0.0,,1423.44,,,,,,,4086.51,0.0,0.0,0.0,0.0,,4086.51,
2023-03-12,18.07,20.53,17.71,20.2,6555846.63,11.79,19.93,20.69,21.01,False,24.05,17.14,26.76,,,,,,,,,,,,,,,1423.44,0.0,0.0,0.0,0.0,,1423.44,,,,,,,4086.51,0.0,0.0,0.0,0.0,,4086.51,
2023-03-13,20.19,21.47,18.87,20.4,10652102.31,0.99,20.0,20.66,20.97,False,23.15,19.09,24.02,,,,,,,,,,,,,,,1423.44,0.0,0.0,0.0,0.0,,1423.44,,,,,,,4086.51,0.0,0.0,0.0,0.0,,4086.51,
2023-03-14,20.4,22.12,19.75,20.86,9812864.39,2.25,20.13,20.68,20.96,False,21.83,19.85,21.83,,,,,,,,,,,,,,,1423.44,0.0,0.0,0.0,0.0,,1423.44,,,,,,,4086.51,0.0,0.0,0.0,0.0,,4086.51,
2023-03-15,20.86,21.46,18.7,19.24,7661168.72,-7.77,20.0,20.54,20.83,False,21.25,17.81,23.49,,,,,,,,,SMALL LL confirmed @ 16.00,,,,,,1423.44,0.0,0.0,0.0,0.0,,1423.44,,,,,,,4086.51,0.0,0.0,0.0,0.0,,4086.51,
2023-03-16,19.25,19.9,18.88,19.67,4381882.68,2.23,19.95,20.46,20.75,False,20.72,17.11,22.57,,,,,,,,,,,,,,,1423.44,0.0,0.0,0.0,0.0,,1423.44,,,,,,,4086.51,0.0,0.0,0.0,0.0,,4086.51,
2023-03-17,19.67,21.69,19.42,21.6,5853746.15,9.81,20.2,20.57,20.81,False,19.54,22.43,20.63,,,,,,,,,,,,,,,1423.44,0.0,0.0,0.0,0.0,,1423.44,,,,,,,4086.51,0.0,0.0,0.0,0.0,,4086.51,
2023-03-18,21.6,22.94,21.05,21.2,7417972.25,-1.85,20.35,20.63,20.84,False,19.17,25.56,19.15,,,,,,,,,,,,,,,1423.44,0.0,0.0,0.0,0.0,,1423.44,,,,,,,4086.51,0.0,0.0,0.0,0.0,,4086.51,
2023-03-19,21.2,22.43,21.19,21.86,4290990.03,3.11,20.59,20.75,20.91,False,18.82,24.33,18.23,,,,,,,,,,,,,,,1423.44,0.0,0.0,0.0,0.0,,1423.44,,,,,,,4086.51,0.0,0.0,0.0,0.0,,4086.51,
2023-03-20,21.86,23.91,21.35,22.13,10056429.13,1.24,20.82,20.88,21.0,False,19.28,27.57,16.46,,,,,23.91,,HH,,,,,,,,1423.44,0.0,0.0,0.0,0.0,,1423.44,,,,,,,4086.51,0.0,0.0,0.0,0.0,,4086.51,
2023-03-21,22.13,23.33,21.51,22.53,6547867.38,1.81,21.09,21.03,21.12,False,19.7,25.67,15.33,,,,,,,,,,,,,,,1423.44,0.0,0.0,0.0,0.0,,1423.44,,,,,,,4086.51,0.0,0.0,0.0,0.0,,4086.51,
2023-03-22,22.52,23.09,20.93,21.42,8602292.98,-4.93,21.14,21.07,21.14,False,19.61,23.59,16.26,,,,,,,,,,,,,,,1423.44,0.0,0.0,0.0,0.0,,1423.44,,,,,,,4086.51,0.0,0.0,0.0,0.0,,4086.51,
2023-03-23,21.41,22.95,21.08,22.16,5049411.36,3.45,21.29,21.18,21.21,True,19.52,21.93,15.12,,,,,,,,,,,,,,,1423.44,0.0,0.0,0.0,0.0,,1423.44,,,,,,,4086.51,0.0,0.0,0.0,0.0,,4086.51,
2023-03-24,22.16,22.27,20.26,20.66,4995998.21,-6.77,21.2,21.13,21.17,True,18.75,20.28,17.05,,,,,,,,,,,,,,,1423.44,0.0,0.0,0.0,0.0,,1423.44,,,,,,,4086.51,0.0,0.0,0.0,0.0,,4086.51,
2023-03-25,20.66,20.98,20.09,20.41,2338133.56,-1.21,21.08,21.06,21.12,False,17.89,19.58,17.12,,,,,,,,,SMALL HH confirmed @ 23.91,,,,,,1423.44,0.0,0.0,0.0,0.0,,1423.44,,,,,,,4086.51,0.0,0.0,0.0,0.0,,4086.51,
2023-03-26,20.4,21.14,20.29,20.94,1848599.09,2.6,21.05,21.05,21.1,False,17.21,19.55,16.53,,,,,,,,,,,,,,,1423.44,0.0,0.0,0.0,0.0,,1423.44,,,,,,,4086.51,0.0,0.0,0.0,0.0,,4086.51,
2023-03-27,20.94,20.99,19.33,19.91,3556384.38,-4.92,20.88,20.94,21.02,False,16.18,18.23,19.32,,,,,,19.33,HL,,,,,,,,1423.44,0.0,0.0,0.0,0.0,,1423.44,,,,,,,4086.51,0.0,0.0,0.0,0.0,,4086.51,
2023-03-28,19.91,20.88,19.6,20.45,3316462.41,2.71,20.81,20.89,20.97,False,15.23,17.27,18.29,,,,,,,,,,,,,,,1423.44,0.0,0.0,0.0,0.0,,1423.44,,,,,,,4086.51,0.0,0.0,0.0,0.0,,4086.51,
2023-03-29,20.45,21.56,20.43,21.1,3377523.28,3.18,20.86,20.91,20.98,False,14.52,19.33,17.41,,,,,,,,,,,,,,,1423.44,0.0,0.0,0.0,0.0,,1423.44,,,,,,,4086.51,0.0,0.0,0.0,0.0,,4086.51,
2023-03-30,21.1,21.67,20.16,20.55,4349577.78,-2.61,20.81,20.88,20.95,False,13.61,18.08,17.44,,,,,21.67,,LH,,,,,,,,1423.44,0.0,0.0,0.0,0.0,,1423.44,,,,,,,4086.51,0.0,0.0,0.0,0.0,,4086.51,
2023-03-31,20.55,21.49,20.04,21.16,3228391.27,2.97,20.86,20.9,20.97,False,12.65,16.95,16.87,,,,,,,,,,,,,,,1423.44,0.0,0.0,0.0,0.0,,1423.44,,,,,,,4086.51,0.0,0.0,0.0,0.0,,4086.51,
2023-04-01,21.15,21.34,20.74,21.08,1824463.55,-0.38,20.9,20.92,20.97,False,11.76,16.49,16.41,,,,,,,,,SMALL HL confirmed @ 19.33,,,,,,1423.44,0.0,0.0,0.0,0.0,,1423.44,,,,,,,4086.51,0.0,0.0,0.0,0.0,,4086.51,
2023-04-02,21.07,21.3,20.23,20.52,1822345.58,-2.66,20.84,20.88,20.94,False,11.41,15.67,17.96,,,,,,,,,,,,,,,1423.44,0.0,0.0,0.0,0.0,,1423.44,,,,,,,4086.51,0.0,0.0,0.0,0.0,,4086.51,
2023-04-03,20.52,20.99,19.94,20.45,3984085.57,-0.34,20.78,20.84,20.9,False,11.36,14.89,18.44,,,,,,,,,,,,,,,1423.44,0.0,0.0,0.0,0.0,,1423.44,,,,,,,4086.51,0.0,0.0,0.0,0.0,,4086.51,
2023-04-04,20.45,21.26,20.28,20.92,2514863.89,2.3,20.8,20.85,20.91,False,10.99,15.49,17.56,,,,,,,,,SMALL LH confirmed @ 21.67,,,,,,1423.44,0.0,0.0,0.0,0.0,,1423.44,,,,,,,4086.51,0.0,0.0,0.0,0.0,,4086.51,
2023-04-05,20.91,21.34,20.58,20.97,2603072.26,0.24,20.83,20.86,20.91,False,10.56,15.3,16.89,,,,,,,,,,,,,,,1423.44,0.0,0.0,0.0,0.0,,1423.44,,,,,,,4086.51,0.0,0.0,0.0,0.0,,4086.51,
2023-04-06,20.96,20.99,20.43,20.62,1674280.5,-1.67,20.79,20.84,20.89,False,10.33,14.85,17.18,,,,,,,,,,,,,,,1423.44,0.0,0.0,0.0,0.0,,1423.44,,,,,,,4086.51,0.0,0.0,0.0,0.0,,4086.51,
2023-04-07,20.62,20.78,20.22,20.44,1220862.47,-0.87,20.74,20.8,20.86,False,10.34,14.39,17.81,,,,,,,,,,,,,,,1423.44,0.0,0.0,0.0,0.0,,1423.44,,,,,,,4086.51,0.0,0.0,0.0,0.0,,4086.51,
2023-04-08,20.44,20.74,19.85,20.04,1608993.48,-1.96,20.63,20.73,20.8,False,10.77,13.67,19.0,,,,,,19.85,HL,,,,,,,,1423.44,0.0,0.0,0.0,0.0,,1423.44,,,,,,,4086.51,0.0,0.0,0.0,0.0,,4086.51,
2023-04-09,20.04,20.44,19.87,20.28,1051608.84,1.2,20.58,20.68,20.76,False,11.16,13.22,18.36,,,,,,,,,,,,,,,1423.44,0.0,0.0,0.0,0.0,,1423.44,,,,,,,4086.51,0.0,0.0,0.0,0.0,,4086.51,
2023-04-10,20.29,20.95,20.08,20.89,1615129.64,3.01,20.63,20.7,20.77,False,10.76,15.58,17.41,,,,,,,,,,,,,,,1423.44,0.0,0.0,0.0,0.0,,1423.44,,,,,,,4086.51,0.0,0.0,0.0,0.0,,4086.51,
2023-04-11,20.89,23.68,20.82,22.98,8297859.99,10.0,20.99,20.92,20.93,True,12.22,27.99,14.7,,,,,,,,BULL_CHOCH,BIG LH confirmed @ 27.12 | SMALL BULL CHOCH @ 22.98 (level 21.67),20.68,-10.0,5.0,309.712679,7117.2,1423.44,0.0,0.0,711.72,711.72,0.0,711.72,"ENTRY @ 22.98 (small green CHoCH, margin $711.72 [50% of bank] @ 10x [ADX 12.2, zone green], 309.712679 units)",20.68,-10.0,5.0,889.143862,20432.53,4086.51,0.0,0.0,2043.25,2043.25,0.0,2043.25,"ENTRY @ 22.98 (small green CHoCH, margin $2043.25 [50% of bank] @ 10x [ADX 12.2, zone green], 889.143862 units)"
2023-04-12,22.99,24.48,22.29,23.8,10374263.08,3.57,21.42,21.2,21.14,True,14.05,28.96,13.03,,,,,,,,,,20.68,-13.1,4.39,309.712679,7371.16,1677.4,253.96,17.84,965.68,737.12,228.57,711.72,,20.68,-13.1,4.39,889.143862,21161.62,4815.6,729.1,17.84,2772.35,2116.16,656.19,2043.25,
2023-04-13,23.81,25.3,23.63,24.43,6063385.78,2.65,21.88,21.5,21.39,True,16.19,30.68,11.92,,,,,,,,,SMALL HL confirmed @ 19.85,20.68,-15.34,4.04,309.712679,7566.28,1872.52,195.12,11.63,1160.8,756.63,404.18,711.72,,20.68,-15.34,4.04,889.143862,21721.78,5375.76,560.16,11.63,3332.51,2172.18,1160.33,2043.25,
2023-04-14,24.43,25.49,23.73,24.71,6432126.81,1.15,22.32,21.81,21.63,True,18.28,28.92,10.87,,,,,,,,,,20.68,-16.3,3.91,309.712679,7653.0,1959.24,86.72,4.63,1247.52,765.3,482.22,711.72,,20.68,-16.3,3.91,889.143862,21970.74,5624.72,248.96,4.63,3581.47,2197.07,1384.4,2043.25,
2023-04-15,24.72,24.8,23.81,24.05,2861426.92,-2.67,22.59,22.02,21.81,True,20.21,27.45,10.32,,,,,,,,,,20.68,-14.0,4.24,309.712679,7448.59,1754.83,-204.41,-10.43,1043.11,744.86,298.25,711.72,,20.68,-14.0,4.24,889.143862,21383.91,5037.89,-586.83,-10.43,2994.64,2138.39,856.25,2043.25,
2023-04-16,24.05,25.49,23.81,25.34,3471417.67,5.36,23.01,22.34,22.07,True,22.37,28.61,9.44,,,,,,,,,,20.68,-18.38,3.64,309.712679,7848.12,2154.36,399.53,22.77,1442.64,784.81,657.83,711.72,,20.68,-18.38,3.64,889.143862,22530.91,6184.88,1147.0,22.77,4141.63,2253.09,1888.54,2043.25,
2023-04-17,25.34,26.0,24.28,24.58,5631537.5,-3.0,23.25,22.55,22.26,True,24.61,28.7,8.63,26.0,,LH,,26.0,,HH,,,20.68,-15.86,3.97,309.712679,7612.74,1918.98,-235.38,-10.93,1207.26,761.27,445.99,711.72,,20.68,-15.86,3.97,889.143862,21855.16,5509.14,-675.75,-10.93,3465.88,2185.52,1280.37,2043.25,
2023-04-18,24.57,25.44,24.0,24.82,3477504.6,0.98,23.49,22.77,22.45,True,26.26,26.64,9.41,,,,,,,,,,20.68,-16.67,3.86,309.712679,7687.07,1993.31,74.33,3.87,1281.59,768.71,512.88,711.72,,20.68,-16.67,3.86,889.143862,22068.55,5722.53,213.39,3.87,3679.28,2206.86,1472.42,2043.25,
2023-04-19,24.82,24.98,21.71,22.66,6650547.99,-8.7,23.36,22.76,22.46,True,25.12,22.67,18.45,,,,,,,,,,20.68,-8.73,5.3,309.712679,7018.09,1324.33,-668.98,-33.56,612.61,701.81,-89.2,711.72,,20.68,-8.73,5.3,889.143862,20148.0,3801.98,-1920.55,-33.56,1758.73,2014.8,-256.07,2043.25,
2023-04-20,22.66,23.18,21.59,22.2,5486212.56,-2.03,23.18,22.7,22.44,True,23.95,21.03,17.66,,,,,,,,,,20.68,-6.84,5.82,309.712679,6875.62,1181.86,-142.47,-10.76,470.14,687.56,-217.42,711.72,,20.68,-6.84,5.82,889.143862,19738.99,3392.97,-409.01,-10.76,1349.72,1973.9,-624.18,2043.25,
2023-04-21,22.19,22.41,21.0,21.25,4194496.37,-4.28,22.89,22.57,22.36,True,22.32,19.67,19.22,,,,,,,,,,20.68,-2.67,7.41,309.712679,6581.39,887.64,-294.23,-24.9,175.92,658.14,-482.22,711.72,,20.68,-2.67,7.41,889.143862,18894.31,2548.29,-844.69,-24.9,505.03,1889.43,-1384.4,2043.25,
2023-04-22,21.26,21.99,21.05,21.79,1831214.09,2.54,22.72,22.49,22.31,True,20.81,18.8,18.37,,,,,,,,,SMALL HH confirmed @ 26.00,20.68,-5.08,6.4,309.712679,6748.64,1054.88,167.24,18.84,343.16,674.86,-331.7,711.72,,20.68,-5.08,6.4,889.143862,19374.44,3028.42,480.14,18.84,985.17,1937.44,-952.27,2043.25,
2023-04-23,21.79,22.25,20.91,21.47,2754139.65,-1.47,22.53,22.39,22.25,True,19.65,18.84,17.2,,,,,,,,,,20.68,-3.67,6.96,309.712679,6649.53,955.77,-99.11,-9.4,244.05,664.95,-420.9,711.72,,20.68,-3.67,6.96,889.143862,19089.92,2743.9,-284.53,-9.4,700.65,1908.99,-1208.35,2043.25,
2023-04-24,21.47,22.02,21.0,21.38,3120614.16,-0.42,22.35,22.3,22.19,True,18.57,17.9,16.34,,,,,,,,,,20.68,-3.26,7.14,309.712679,6621.66,927.9,-27.87,-2.92,216.18,662.17,-445.99,711.72,,20.68,-3.26,7.14,889.143862,19009.9,2663.88,-80.02,-2.92,620.62,1900.99,-1280.37,2043.25,
2023-04-25,21.39,21.97,20.73,21.93,3314599.54,2.57,22.29,22.26,22.17,True,17.27,16.81,16.67,,,,,,,,,,20.68,-5.69,6.18,309.712679,6792.0,1098.24,170.34,18.36,386.52,679.2,-292.68,711.72,,20.68,-5.69,6.18,889.143862,19498.92,3152.9,489.03,18.36,1109.65,1949.89,-840.24,2043.25,
2023-04-26,21.94,22.97,20.36,21.28,6657868.13,-2.96,22.13,22.17,22.1,True,17.04,19.42,14.65,,,,,,20.36,HL,,,,,,,,711.72,-386.52,-35.19,0.0,0.0,,711.72,"** LIQUIDATION EVENT ** @ 20.68 (margin wiped, realized -711.72)",,,,,,2043.25,-1109.65,-35.19,0.0,0.0,,2043.25,"** LIQUIDATION EVENT ** @ 20.68 (margin wiped, realized -2043.25)"
2023-04-27,21.28,22.52,21.18,22.33,4703115.03,4.93,22.16,22.18,22.12,True,16.82,18.2,13.72,,,,,,,,,,,,,,,711.72,0.0,0.0,0.0,0.0,,711.72,,,,,,,2043.25,0.0,0.0,0.0,0.0,,2043.25,
2023-04-28,22.34,23.5,22.16,23.34,4422324.38,4.52,22.34,22.29,22.21,True,17.45,21.69,12.85,,,,,,,,,,,,,,,711.72,0.0,0.0,0.0,0.0,,711.72,,,,,,,2043.25,0.0,0.0,0.0,0.0,,2043.25,
2023-04-29,23.34,23.89,22.9,23.19,3194699.55,-0.64,22.47,22.38,22.28,True,18.32,22.54,12.23,,,,,,,,,BIG HL confirmed @ 16.00,,,,,,711.72,0.0,0.0,0.0,0.0,,711.72,,,,,,,2043.25,0.0,0.0,0.0,0.0,,2043.25,
2023-04-30,23.18,23.99,22.69,22.74,3110943.4,-1.94,22.51,22.41,22.32,True,18.85,21.1,12.48,,,,,23.99,,LH,,,,,,,,711.72,0.0,0.0,0.0,0.0,,711.72,,,,,,,2043.25,0.0,0.0,0.0,0.0,,2043.25,
2023-05-01,22.73,22.88,21.54,21.96,3758634.21,-3.43,22.43,22.37,22.29,True,17.96,19.71,17.33,,,,,,,,,SMALL HL confirmed @ 20.36,,,,,,711.72,0.0,0.0,0.0,0.0,,711.72,,,,,,,2043.25,0.0,0.0,0.0,0.0,,2043.25,
2023-05-02,21.95,22.38,21.75,22.25,2566813.09,1.32,22.4,22.36,22.29,True,17.14,19.07,16.77,,,,,,,,,,,,,,,711.72,0.0,0.0,0.0,0.0,,711.72,,,,,,,2043.25,0.0,0.0,0.0,0.0,,2043.25,
2023-05-03,22.25,22.3,21.23,22.24,4181975.28,-0.04,22.38,22.35,22.28,True,16.02,18.01,18.55,,,,,,,,,,,,,,,711.72,0.0,0.0,0.0,0.0,,711.72,,,,,,,2043.25,0.0,0.0,0.0,0.0,,2043.25,
2023-05-04,22.24,22.49,21.61,21.74,2529635.56,-2.25,22.28,22.29,22.24,True,14.97,18.18,17.67,,,,,,,,,,,,,,,711.72,0.0,0.0,0.0,0.0,,711.72,,,,,,,2043.25,0.0,0.0,0.0,0.0,,2043.25,
2023-05-05,21.74,23.07,21.56,22.82,3636404.07,4.97,22.36,22.34,22.29,True,14.61,19.8,16.25,,,,,,,,,SMALL LH confirmed @ 23.99,,,,,,711.72,0.0,0.0,0.0,0.0,,711.72,,,,,,,2043.25,0.0,0.0,0.0,0.0,,2043.25,
2023-05-06,22.82,23.23,21.56,21.91,2849745.66,-3.99,22.29,22.3,22.26,True,14.42,18.91,14.84,,,,,,,,,,,,,,,711.72,0.0,0.0,0.0,0.0,,711.72,,,,,,,2043.25,0.0,0.0,0.0,0.0,,2043.25,
2023-05-07,21.91,22.78,21.63,21.66,2954384.97,-1.14,22.2,22.24,22.21,False,14.26,17.76,13.94,,,,,,,,,,,,,,,711.72,0.0,0.0,0.0,0.0,,711.72,,,,,,,2043.25,0.0,0.0,0.0,0.0,,2043.25,
2023-05-08,21.65,21.81,20.0,20.62,5254424.55,-4.8,21.95,22.08,22.1,False,14.19,16.1,21.04,,,,,,,,,,,,,,,711.72,0.0,0.0,0.0,0.0,,711.72,,,,,,,2043.25,0.0,0.0,0.0,0.0,,2043.25,
2023-05-09,20.63,21.0,20.4,20.65,2375473.6,0.15,21.75,21.95,21.99,False,14.12,15.58,20.36,,,,,,,,,,,,,,,711.72,0.0,0.0,0.0,0.0,,711.72,,,,,,,2043.25,0.0,0.0,0.0,0.0,,2043.25,
2023-05-10,20.66,21.31,19.74,20.91,5057170.3,1.26,21.62,21.85,21.91,False,14.66,14.29,22.17,,,,,,,,,,,,,,,711.72,0.0,0.0,0.0,0.0,,711.72,,,,,,,2043.25,0.0,0.0,0.0,0.0,,2043.25,
2023-05-11,20.92,20.93,19.69,20.17,3721715.1,-3.54,21.4,21.69,21.78,False,15.2,13.34,20.97,,,,,,19.69,LL,BEAR_CHOCH,SMALL BEAR CHOCH @ 20.17 (level 20.36),,,,,,711.72,0.0,0.0,0.0,0.0,,711.72,,,,,,,2043.25,0.0,0.0,0.0,0.0,,2043.25,
2023-05-12,20.17,20.95,19.8,20.9,3076452.18,3.62,21.32,21.61,21.71,False,15.67,12.62,19.67,,,,,,,,,,,,,,,711.72,0.0,0.0,0.0,0.0,,711.72,,,,,,,2043.25,0.0,0.0,0.0,0.0,,2043.25,
2023-05-13,20.91,21.29,20.77,20.84,1835421.61,-0.29,21.25,21.54,21.65,False,15.61,14.17,19.09,,,,,,,,,,,,,,,711.72,0.0,0.0,0.0,0.0,,711.72,,,,,,,2043.25,0.0,0.0,0.0,0.0,,2043.25,
2023-05-14,20.83,21.28,20.62,20.93,1553375.08,0.43,21.2,21.48,21.6,False,15.71,13.62,19.23,,,,,,,,,,,,,,,711.72,0.0,0.0,0.0,0.0,,711.72,,,,,,,2043.25,0.0,0.0,0.0,0.0,,2043.25,
2023-05-15,20.93,21.52,20.6,20.99,2858317.83,0.29,21.17,21.44,21.55,False,15.44,14.3,18.18,,,,,21.52,,LH,,,,,,,,711.72,0.0,0.0,0.0,0.0,,711.72,,,,,,,2043.25,0.0,0.0,0.0,0.0,,2043.25,
2023-05-16,20.98,21.13,20.43,20.67,2722401.44,-1.52,21.09,21.36,21.49,False,15.4,13.69,18.44,,,,,,,,,SMALL LL confirmed @ 19.69,,,,,,711.72,0.0,0.0,0.0,0.0,,711.72,,,,,,,2043.25,0.0,0.0,0.0,0.0,,2043.25,
2023-05-17,20.68,21.23,20.42,21.06,2614414.01,1.89,21.09,21.33,21.45,False,15.19,13.62,17.51,,,,,,,,,,,,,,,711.72,0.0,0.0,0.0,0.0,,711.72,,,,,,,2043.25,0.0,0.0,0.0,0.0,,2043.25,
2023-05-18,21.06,21.09,20.07,20.34,2624370.52,-3.42,20.97,21.24,21.37,False,15.44,12.75,18.59,,,,,,,,,,,,,,,711.72,0.0,0.0,0.0,0.0,,711.72,,,,,,,2043.25,0.0,0.0,0.0,0.0,,2043.25,
2023-05-19,20.35,20.59,20.21,20.36,1214543.49,0.1,20.88,21.16,21.3,False,15.66,12.43,18.12,,,,,,,,,,,,,,,711.72,0.0,0.0,0.0,0.0,,711.72,,,,,,,2043.25,0.0,0.0,0.0,0.0,,2043.25,
2023-05-20,20.35,20.37,20.08,20.28,856718.98,-0.39,20.79,21.07,21.22,False,16.05,12.17,18.66,,,,,,,,,SMALL LH confirmed @ 21.52,,,,,,711.72,0.0,0.0,0.0,0.0,,711.72,,,,,,,2043.25,0.0,0.0,0.0,0.0,,2043.25,
2023-05-21,20.28,20.39,19.33,19.61,1976334.78,-3.3,20.6,20.93,21.1,False,17.28,11.27,22.51,,,,,,,,BEAR_BOS,SMALL BEAR BOS @ 19.61 (level 19.69),,,,,,711.72,0.0,0.0,0.0,0.0,,711.72,,,,,,,2043.25,0.0,0.0,0.0,0.0,,2043.25,
2023-05-22,19.61,20.03,19.28,19.53,2054927.32,-0.41,20.44,20.8,20.99,False,18.47,10.67,21.66,,,,,,,,,,,,,,,711.72,0.0,0.0,0.0,0.0,,711.72,,,,,,,2043.25,0.0,0.0,0.0,0.0,,2043.25,
2023-05-23,19.52,20.18,19.42,20.02,2466255.33,2.51,20.37,20.72,20.91,False,19.25,11.17,20.47,,,,,,,,,,,,,,,711.72,0.0,0.0,0.0,0.0,,711.72,,,,,,,2043.25,0.0,0.0,0.0,0.0,,2043.25,
2023-05-24,20.02,20.07,18.66,19.22,2780601.57,-4.0,20.2,20.58,20.79,False,20.77,10.07,23.78,,,,,,18.66,LL,,,,,,,,711.72,0.0,0.0,0.0,0.0,,711.72,,,,,,,2043.25,0.0,0.0,0.0,0.0,,2043.25,
2023-05-25,19.22,19.58,18.77,19.25,1692742.89,0.16,20.05,20.45,20.67,False,22.18,9.49,22.41,,,,,,,,,,,,,,,711.72,0.0,0.0,0.0,0.0,,711.72,,,,,,,2043.25,0.0,0.0,0.0,0.0,,2043.25,
2023-05-26,19.25,19.56,19.08,19.35,1034272.52,0.52,19.94,20.35,20.58,False,23.49,9.15,21.61,,,,,,,,,,,,,,,711.72,0.0,0.0,0.0,0.0,,711.72,,,,,,,2043.25,0.0,0.0,0.0,0.0,,2043.25,
2023-05-27,19.35,20.54,19.33,20.43,1565995.03,5.58,20.02,20.36,20.57,False,22.68,15.46,19.71,,,,,,,,,,,,,,,711.72,0.0,0.0,0.0,0.0,,711.72,,,,,,,2043.25,0.0,0.0,0.0,0.0,,2043.25,
2023-05-28,20.42,21.19,20.29,20.81,2874459.57,1.86,20.14,20.4,20.58,False,21.2,19.2,18.42,,,,,,,,,,,,,,,711.72,0.0,0.0,0.0,0.0,,711.72,,,,,,,2043.25,0.0,0.0,0.0,0.0,,2043.25,
2023-05-29,20.81,20.98,20.26,20.57,2222352.38,-1.15,20.21,20.42,20.58,False,19.79,18.17,17.65,,,,,,,,,SMALL LL confirmed @ 18.66,,,,,,711.72,0.0,0.0,0.0,0.0,,711.72,,,,,,,2043.25,0.0,0.0,0.0,0.0,,2043.25,
2023-05-30,20.57,21.4,20.46,21.25,3192653.91,3.31,20.37,20.5,20.63,False,19.09,20.03,16.42,,,,,,,,,,,,,,,711.72,0.0,0.0,0.0,0.0,,711.72,,,,,,,2043.25,0.0,0.0,0.0,0.0,,2043.25,
2023-05-31,21.25,21.33,20.37,20.81,2050625.96,-2.07,20.43,20.53,20.65,False,18.28,18.59,15.91,,,,,,,,,,,,,,,711.72,0.0,0.0,0.0,0.0,,711.72,,,,,,,2043.25,0.0,0.0,0.0,0.0,,2043.25,
2023-06-01,20.82,20.98,20.41,20.49,1732297.47,-1.54,20.44,20.52,20.63,False,17.53,17.78,15.22,,,,,,,,,,,,,,,711.72,0.0,0.0,0.0,0.0,,711.72,,,,,,,2043.25,0.0,0.0,0.0,0.0,,2043.25,
2023-06-02,20.49,21.37,20.3,21.26,2068166.11,3.76,20.57,20.59,20.68,False,17.42,19.3,13.98,,,,,,,,,,,,,,,711.72,0.0,0.0,0.0,0.0,,711.72,,,,,,,2043.25,0.0,0.0,0.0,0.0,,2043.25,
2023-06-03,21.26,21.35,20.95,21.19,1130915.88,-0.33,20.66,20.65,20.72,False,17.31,18.68,13.54,,,,,,,,,,,,,,,711.72,0.0,0.0,0.0,0.0,,711.72,,,,,,,2043.25,0.0,0.0,0.0,0.0,,2043.25,
2023-06-04,21.19,22.3,21.03,21.82,2800007.16,2.97,20.84,20.76,20.8,True,18.42,24.17,12.21,,,,,22.3,,HH,BULL_CHOCH,SMALL BULL CHOCH @ 21.82 (level 21.52),19.64,-10.0,5.0,163.088849,3558.6,711.72,0.0,0.0,355.86,355.86,0.0,355.86,"ENTRY @ 21.82 (small green CHoCH, margin $355.86 [50% of bank] @ 10x [ADX 18.4, zone green], 163.088849 units)",19.64,-10.0,5.0,468.206369,10216.26,2043.25,0.0,0.0,1021.63,1021.63,0.0,1021.63,"ENTRY @ 21.82 (small green CHoCH, margin $1021.63 [50% of bank] @ 10x [ADX 18.4, zone green], 468.206369 units)"
2023-06-05,21.83,22.06,19.03,20.0,6215040.24,-8.34,20.71,20.69,20.74,False,17.73,19.32,23.01,,,,,,,,,,,,,,,355.86,-355.86,-50.0,0.0,0.0,,355.86,"** LIQUIDATION EVENT ** @ 19.64 (margin wiped, realized -355.86)",,,,,,1021.63,-1021.63,-50.0,0.0,0.0,,1021.63,"** LIQUIDATION EVENT ** @ 19.64 (margin wiped, realized -1021.63)"
2023-06-06,20.01,20.7,19.23,20.38,4383534.14,1.9,20.66,20.66,20.71,False,17.09,17.48,20.83,,,,,,,,,BIG LH confirmed @ 26.00,,,,,,355.86,0.0,0.0,0.0,0.0,,355.86,,,,,,,1021.63,0.0,0.0,0.0,0.0,,1021.63,
2023-06-07,20.38,20.53,18.5,18.64,3842270.95,-8.54,20.35,20.47,20.56,False,17.25,15.32,22.7,,,,,,,,BEAR_CHOCH,SMALL BEAR CHOCH @ 18.64 (level 18.66),,,,,,355.86,0.0,0.0,0.0,0.0,,355.86,,,,,,,1021.63,0.0,0.0,0.0,0.0,,1021.63,
2023-06-08,18.64,19.11,18.23,18.89,2669714.01,1.34,20.13,20.32,20.44,False,17.66,14.48,23.14,,,,,,,,,,,,,,,355.86,0.0,0.0,0.0,0.0,,355.86,,,,,,,1021.63,0.0,0.0,0.0,0.0,,1021.63,
2023-06-09,18.88,19.37,17.11,17.4,4755455.49,-7.89,19.71,20.04,20.21,False,18.96,12.58,26.6,,,,,,,,,SMALL HH confirmed @ 22.30,,,,,,355.86,0.0,0.0,0.0,0.0,,355.86,,,,,,,1021.63,0.0,0.0,0.0,0.0,,1021.63,
2023-06-10,17.4,17.43,12.8,15.61,17211734.83,-10.29,19.08,19.62,19.87,False,22.03,9.76,41.53,,12.8,LL,BEAR_BOS,,,,,BIG BEAR BOS @ 15.61 (level 16.00),,,,,,355.86,0.0,0.0,0.0,0.0,,355.86,,,,,,,1021.63,0.0,0.0,0.0,0.0,,1021.63,
2023-06-11,15.61,16.18,15.11,15.55,6064017.28,-0.38,18.53,19.23,19.55,False,24.88,9.24,39.33,,,,,,,,,,,,,,,355.86,0.0,0.0,0.0,0.0,,355.86,,,,,,,1021.63,0.0,0.0,0.0,0.0,,1021.63,
2023-06-12,15.55,15.69,14.74,15.19,5195357.99,-2.32,18.02,18.85,19.23,False,27.63,8.8,39.31,,,,,,,,,,,,,,,355.86,0.0,0.0,0.0,0.0,,355.86,,,,,,,1021.63,0.0,0.0,0.0,0.0,,1021.63,
2023-06-13,15.19,16.0,14.76,15.04,4814274.27,-0.99,17.56,18.48,18.92,False,29.79,9.83,36.82,,,,,,,,,,,,,,,355.86,0.0,0.0,0.0,0.0,,355.86,,,,,,,1021.63,0.0,0.0,0.0,0.0,,1021.63,
2023-06-14,15.03,15.37,14.06,14.48,3978891.53,-3.72,17.09,18.1,18.59,False,32.03,9.16,37.94,,,,,,14.06,LL,,,,,,,,355.86,0.0,0.0,0.0,0.0,,355.86,,,,,,,1021.63,0.0,0.0,0.0,0.0,,1021.63,
2023-06-15,14.49,15.08,14.18,14.77,4700648.85,2.0,16.73,17.78,18.31,False,34.1,8.73,36.14,,,,,,,,,,,,,,,355.86,0.0,0.0,0.0,0.0,,355.86,,,,,,,1021.63,0.0,0.0,0.0,0.0,,1021.63,
2023-06-16,14.78,15.47,14.38,15.31,2809890.09,3.66,16.51,17.55,18.08,False,35.49,10.31,34.03,,,,,,,,,,,,,,,355.86,0.0,0.0,0.0,0.0,,355.86,,,,,,,1021.63,0.0,0.0,0.0,0.0,,1021.63,
2023-06-17,15.32,16.12,15.16,15.64,2500321.4,2.16,16.38,17.37,17.9,False,35.92,13.31,32.25,,,,,,,,,,,,,,,355.86,0.0,0.0,0.0,0.0,,355.86,,,,,,,1021.63,0.0,0.0,0.0,0.0,,1021.63,
2023-06-18,15.65,15.84,15.28,15.45,1603688.44,-1.21,16.24,17.18,17.72,False,36.33,12.89,31.22,,,,,,,,,,,,,,,355.86,0.0,0.0,0.0,0.0,,355.86,,,,,,,1021.63,0.0,0.0,0.0,0.0,,1021.63,
2023-06-19,15.45,16.14,15.34,16.1,1890318.27,4.21,16.21,17.08,17.6,False,36.3,14.04,29.77,,,,,,,,,SMALL LL confirmed @ 14.06,,,,,,355.86,0.0,0.0,0.0,0.0,,355.86,,,,,,,1021.63,0.0,0.0,0.0,0.0,,1021.63,
2023-06-20,16.1,16.69,15.73,16.64,3005581.72,3.35,16.28,17.04,17.53,False,35.56,16.5,28.07,,,,,,,,,,,,,,,355.86,0.0,0.0,0.0,0.0,,355.86,,,,,,,1021.63,0.0,0.0,0.0,0.0,,1021.63,
2023-06-21,16.65,17.4,16.54,17.23,4146918.99,3.55,16.43,17.06,17.51,False,34.05,19.94,26.61,,,,,,,,,,,,,,,355.86,0.0,0.0,0.0,0.0,,355.86,,,,,,,1021.63,0.0,0.0,0.0,0.0,,1021.63,
2023-06-22,17.23,17.75,16.57,16.62,3547312.43,-3.54,16.46,17.02,17.44,False,32.26,20.63,24.71,,,,,17.75,,LH,,,,,,,,355.86,0.0,0.0,0.0,0.0,,355.86,,,,,,,1021.63,0.0,0.0,0.0,0.0,,1021.63,
2023-06-23,16.62,17.53,16.16,17.13,4851596.52,3.07,16.56,17.03,17.42,False,30.96,18.94,25.14,,,,,,,,,,,,,,,355.86,0.0,0.0,0.0,0.0,,355.86,,,,,,,1021.63,0.0,0.0,0.0,0.0,,1021.63,
2023-06-24,17.14,17.53,16.37,16.64,2908701.89,-2.86,16.57,16.99,17.36,False,29.75,17.62,23.39,,,,,,,,,,,,,,,355.86,0.0,0.0,0.0,0.0,,355.86,,,,,,,1021.63,0.0,0.0,0.0,0.0,,1021.63,
2023-06-25,16.64,17.38,16.57,16.96,2723041.25,1.92,16.63,16.99,17.33,False,28.63,16.75,22.23,,,,,,,,,,,,,,,355.86,0.0,0.0,0.0,0.0,,355.86,,,,,,,1021.63,0.0,0.0,0.0,0.0,,1021.63,
2023-06-26,16.96,17.12,15.89,16.27,3056592.4,-4.07,16.58,16.92,17.25,False,28.22,15.49,24.71,,,,,,,,,,,,,,,355.86,0.0,0.0,0.0,0.0,,355.86,,,,,,,1021.63,0.0,0.0,0.0,0.0,,1021.63,
2023-06-27,16.27,16.93,16.13,16.63,2951107.45,2.21,16.58,16.89,17.21,False,27.85,14.71,23.48,,,,,,,,,SMALL LH confirmed @ 17.75,,,,,,355.86,0.0,0.0,0.0,0.0,,355.86,,,,,,,1021.63,0.0,0.0,0.0,0.0,,1021.63,
2023-06-28,16.63,16.65,15.6,15.97,4040252.29,-3.97,16.49,16.8,17.12,False,27.97,13.74,25.26,,,,,,15.6,HL,,,,,,,,355.86,0.0,0.0,0.0,0.0,,355.86,,,,,,,1021.63,0.0,0.0,0.0,0.0,,1021.63,
2023-06-29,15.98,18.28,15.87,17.99,7948251.73,12.65,16.72,16.92,17.18,False,26.04,21.3,21.72,,,,,,,,BULL_CHOCH,SMALL BULL CHOCH @ 17.99 (level 17.75),8.99,-50.0,1.0,19.780982,355.86,355.86,0.0,0.0,177.93,177.93,0.0,177.93,"ENTRY @ 17.99 (small green CHoCH, margin $177.93 [50% of bank] @ 2x [ADX 26.0, zone red], 19.780982 units)",8.99,-50.0,1.0,56.788566,1021.63,1021.63,0.0,0.0,510.81,510.81,0.0,510.81,"ENTRY @ 17.99 (small green CHoCH, margin $510.81 [50% of bank] @ 2x [ADX 26.0, zone red], 56.788566 units)"
2023-06-30,18.0,20.03,17.01,18.86,11454016.49,4.84,17.05,17.1,17.3,False,25.58,27.14,18.26,,,,,20.03,,HH,,,8.99,-52.31,1.0,19.780982,373.07,373.07,17.21,4.84,195.14,186.53,8.6,177.93,,8.99,-52.31,1.0,56.788566,1071.03,1071.03,49.41,4.84,560.22,535.52,24.7,510.81,
2023-07-01,18.85,19.0,17.9,18.7,3515091.93,-0.85,17.3,17.25,17.41,False,25.15,25.54,17.18,,,,,,17.9,HL,,,8.99,-51.9,1.0,19.780982,369.9,369.9,-3.16,-0.85,191.97,184.95,7.02,177.93,,8.99,-51.9,1.0,56.788566,1061.95,1061.95,-9.09,-0.85,551.13,530.97,20.16,510.81,
2023-07-02,18.7,19.74,18.53,19.45,4872775.08,4.01,17.63,17.46,17.56,True,25.27,27.86,16.07,,,,,,,,,,8.99,-53.75,1.0,19.780982,384.74,384.74,14.84,4.01,206.81,192.37,14.44,177.93,,8.99,-53.75,1.0,56.788566,1104.54,1104.54,42.59,4.01,593.72,552.27,41.46,510.81,
2023-07-03,19.46,19.66,18.87,19.26,3065186.84,-0.98,17.88,17.63,17.69,True,25.38,26.64,15.36,,,,,,,,,SMALL HL confirmed @ 15.60,8.99,-53.3,1.0,19.780982,380.98,380.98,-3.76,-0.98,203.05,190.49,12.56,177.93,,8.99,-53.3,1.0,56.788566,1093.75,1093.75,-10.79,-0.98,582.93,546.87,36.06,510.81,
2023-07-04,19.25,19.94,19.06,19.13,3096292.18,-0.67,18.08,17.78,17.79,True,25.69,26.9,14.6,,,,,,,,,,8.99,-52.98,1.0,19.780982,378.41,378.41,-2.57,-0.67,200.48,189.21,11.28,177.93,,8.99,-52.98,1.0,56.788566,1086.37,1086.37,-7.38,-0.67,575.55,543.18,32.37,510.81,
2023-07-05,19.14,19.53,18.32,19.0,2415908.51,-0.68,18.22,17.89,17.88,True,25.06,25.05,17.8,,,,,,,,,SMALL HH confirmed @ 20.03,8.99,-52.66,1.0,19.780982,375.84,375.84,-2.57,-0.68,197.91,187.92,9.99,177.93,,8.99,-52.66,1.0,56.788566,1078.98,1078.98,-7.38,-0.68,568.17,539.49,28.68,510.81,
2023-07-06,18.99,21.0,18.82,19.61,9598016.99,3.21,18.43,18.06,18.01,True,25.51,30.04,15.7,,,,,,,,,SMALL HL confirmed @ 17.90,8.99,-54.13,1.0,19.780982,387.91,387.91,12.07,3.21,209.98,193.95,16.02,177.93,,8.99,-54.13,1.0,56.788566,1113.62,1113.62,34.64,3.21,602.81,556.81,46.0,510.81,
2023-07-07,19.61,21.9,19.26,21.5,9794096.48,9.64,18.9,18.38,18.27,True,26.43,30.58,13.61,,,,,,,,BULL_BOS,SMALL BULL BOS @ 21.50 (level 20.03),8.99,-58.16,1.0,19.780982,425.29,425.29,37.39,9.64,247.36,212.65,34.72,177.93,,8.99,-58.16,1.0,56.788566,1220.95,1220.95,107.33,9.64,710.14,610.48,99.66,510.81,
2023-07-08,21.51,22.5,21.32,21.81,6473021.26,1.44,19.35,18.71,18.53,True,27.58,31.8,12.79,,,,,,,,,,8.99,-58.76,1.0,19.780982,431.42,431.42,6.13,1.44,253.49,215.71,37.78,177.93,,8.99,-58.76,1.0,56.788566,1238.56,1238.56,17.6,1.44,727.75,619.28,108.47,510.81,
2023-07-09,21.82,22.38,20.99,21.32,3867361.76,-2.25,19.65,18.96,18.74,True,28.26,29.54,13.57,,,,,,,,,,8.99,-57.81,1.0,19.780982,421.73,421.73,-9.69,-2.25,243.8,210.87,32.94,177.93,,8.99,-57.81,1.0,56.788566,1210.73,1210.73,-27.83,-2.25,699.92,605.37,94.55,510.81,
2023-07-10,21.32,21.81,20.47,21.3,5671089.94,-0.09,19.91,19.18,18.93,True,28.28,27.52,15.3,,,,,,,,,,8.99,-57.77,1.0,19.780982,421.33,421.33,-0.4,-0.09,243.4,210.67,32.74,177.93,,8.99,-57.77,1.0,56.788566,1209.6,1209.6,-1.14,-0.09,698.78,604.8,93.99,510.81,
2023-07-11,21.3,22.37,21.2,22.07,4616810.71,3.62,20.24,19.46,19.16,True,28.64,28.75,14.37,,,,,,,,,,8.99,-59.24,1.0,19.780982,436.57,436.57,15.23,3.62,258.64,218.28,40.35,177.93,,8.99,-59.24,1.0,56.788566,1253.32,1253.32,43.73,3.62,742.51,626.66,115.85,510.81,
2023-07-12,22.06,22.8,21.74,21.94,6086113.95,-0.59,20.5,19.69,19.37,True,29.23,29.41,13.57,,,,,,,,,,8.99,-59.0,1.0,19.780982,433.99,433.99,-2.57,-0.59,256.06,217.0,39.07,177.93,,8.99,-59.0,1.0,56.788566,1245.94,1245.94,-7.38,-0.59,735.13,622.97,112.16,510.81,
2023-07-13,21.93,26.82,21.42,26.01,16102139.02,18.55,21.35,20.3,19.86,True,31.33,39.97,10.39,,,,BULL_CHOCH,,,,,BIG BULL CHOCH @ 26.01 (level 26.00),8.99,-65.42,1.0,19.780982,514.5,514.5,80.51,18.55,336.57,257.25,79.32,177.93,,8.99,-65.42,1.0,56.788566,1477.07,1477.07,231.13,18.55,966.26,738.54,227.72,510.81,
2023-07-14,26.01,32.13,25.23,26.67,19571913.81,2.54,22.17,20.9,20.36,True,34.27,48.99,7.85,32.13,,HH,,32.13,,HH,,,8.99,-66.27,1.0,19.780982,527.56,527.56,13.06,2.54,349.63,263.78,85.85,177.93,,8.99,-66.27,1.0,56.788566,1514.55,1514.55,37.48,2.54,1003.74,757.28,246.46,510.81,
2023-07-15,26.67,29.12,26.45,27.46,11042658.65,2.96,22.98,21.53,20.89,True,36.99,44.47,7.13,,,,,,,,,,8.99,-67.24,1.0,19.780982,543.19,543.19,15.63,2.96,365.26,271.59,93.66,177.93,,8.99,-67.24,1.0,56.788566,1559.41,1559.41,44.86,2.96,1048.6,779.71,268.89,510.81,
2023-07-16,27.47,28.7,26.46,27.42,6708916.61,-0.15,23.66,22.09,21.37,True,39.51,41.05,6.58,,,,,,,,,,8.99,-67.2,1.0,19.780982,542.39,542.39,-0.79,-0.15,364.46,271.2,93.27,177.93,,8.99,-67.2,1.0,56.788566,1557.14,1557.14,-2.27,-0.15,1046.33,778.57,267.76,510.81,
2023-07-17,27.41,28.49,25.55,26.8,8662837.64,-2.26,24.15,22.54,21.77,True,41.05,37.02,8.97,,,,,,,,,,8.99,-66.44,1.0,19.780982,530.13,530.13,-12.26,-2.26,352.2,265.07,87.14,177.93,,8.99,-66.44,1.0,56.788566,1521.93,1521.93,-35.21,-2.26,1011.12,760.97,250.15,510.81,
2023-07-18,26.8,27.09,24.76,25.54,6327315.88,-4.7,24.36,22.82,22.05,True,41.8,34.16,10.9,,,,,,,,,,8.99,-64.78,1.0,19.780982,505.21,505.21,-24.92,-4.7,327.28,252.6,74.67,177.93,,8.99,-64.78,1.0,56.788566,1450.38,1450.38,-71.55,-4.7,939.57,725.19,214.38,510.81,
2023-07-19,25.54,26.99,25.35,26.31,4966905.24,3.01,24.66,23.15,22.37,True,42.5,32.27,10.3,,,,,,,,,SMALL HH confirmed @ 32.13,8.99,-65.81,1.0,19.780982,520.44,520.44,15.23,3.01,342.51,260.22,82.29,177.93,,8.99,-65.81,1.0,56.788566,1494.11,1494.11,43.73,3.01,983.29,747.05,236.24,510.81,
2023-07-20,26.31,27.38,25.03,25.38,4977278.58,-3.53,24.77,23.37,22.59,True,43.27,31.04,9.49,,,,,,,,,,8.99,-64.56,1.0,19.780982,502.04,502.04,-18.4,-3.53,324.11,251.02,73.09,177.93,,8.99,-64.56,1.0,56.788566,1441.29,1441.29,-52.81,-3.53,930.48,720.65,209.83,510.81,
2023-07-21,25.38,26.0,25.06,25.5,3295444.38,0.47,24.88,23.57,22.81,True,43.98,30.02,9.17,,,,,,,,,,8.99,-64.73,1.0,19.780982,504.42,504.42,2.37,0.47,326.49,252.21,74.28,177.93,,8.99,-64.73,1.0,56.788566,1448.11,1448.11,6.81,0.47,937.3,724.05,213.24,510.81,
2023-07-22,25.51,25.97,24.0,24.52,2382898.21,-3.84,24.83,23.66,22.93,True,43.63,27.95,12.25,,,,,,,,,,8.99,-63.32,1.0,19.780982,485.03,485.03,-19.39,-3.84,307.1,242.51,64.58,177.93,,8.99,-63.32,1.0,56.788566,1392.46,1392.46,-55.65,-3.84,881.64,696.23,185.41,510.81,
2023-07-23,24.52,25.26,24.15,24.76,2341589.79,0.98,24.82,23.77,23.07,True,43.3,26.83,11.76,,,,,,,,,,8.99,-63.67,1.0,19.780982,489.78,489.78,4.75,0.98,311.85,244.89,66.96,177.93,,8.99,-63.67,1.0,56.788566,1406.08,1406.08,13.63,0.98,895.27,703.04,192.23,510.81,
2023-07-24,24.76,24.83,22.89,23.37,4042066.22,-5.61,24.59,23.73,23.09,True,41.88,24.95,15.49,,,,,,,,,,8.99,-61.51,1.0,19.780982,462.28,462.28,-27.5,-5.61,284.35,231.14,53.21,177.93,,8.99,-61.51,1.0,56.788566,1327.15,1327.15,-78.94,-5.61,816.34,663.57,152.76,510.81,
2023-07-25,23.36,23.6,22.73,23.27,2522195.44,-0.43,24.39,23.68,23.1,True,40.42,24.13,15.59,,,,,,22.73,HL,,,8.99,-61.35,1.0,19.780982,460.3,460.3,-1.98,-0.43,282.37,230.15,52.22,177.93,,8.99,-61.35,1.0,56.788566,1321.47,1321.47,-5.68,-0.43,810.66,660.73,149.92,510.81,
2023-07-26,23.28,25.68,23.17,25.17,6033716.58,8.17,24.51,23.83,23.26,True,40.05,29.56,14.15,,,,,25.68,,LH,,,8.99,-64.26,1.0,19.780982,497.89,497.89,37.58,8.17,319.96,248.94,71.01,177.93,,8.99,-64.26,1.0,56.788566,1429.37,1429.37,107.9,8.17,918.56,714.68,203.87,510.81,
2023-07-27,25.18,25.65,24.66,25.1,4207657.06,-0.28,24.6,23.95,23.39,True,39.71,28.44,13.61,,,,,,,,,,8.99,-64.16,1.0,19.780982,496.5,496.5,-1.38,-0.28,318.57,248.25,70.32,177.93,,8.99,-64.16,1.0,56.788566,1425.39,1425.39,-3.98,-0.28,914.58,712.7,201.88,510.81,
2023-07-28,25.1,25.56,24.54,24.82,2736684.18,-1.12,24.64,24.03,23.5,True,39.28,27.3,13.54,,,,,,,,,,8.99,-63.76,1.0,19.780982,490.96,490.96,-5.54,-1.12,313.03,245.48,67.55,177.93,,8.99,-63.76,1.0,56.788566,1409.49,1409.49,-15.9,-1.12,898.68,704.75,193.93,510.81,
2023-07-29,24.82,25.39,24.75,25.17,1768964.07,1.41,24.72,24.14,23.62,True,38.88,26.58,13.18,,,,,,,,,,8.99,-64.26,1.0,19.780982,497.89,497.89,6.92,1.41,319.96,248.94,71.01,177.93,,8.99,-64.26,1.0,56.788566,1429.37,1429.37,19.88,1.41,918.56,714.68,203.87,510.81,
2023-07-30,25.17,25.21,23.47,24.25,2774658.63,-3.66,24.65,24.15,23.67,True,37.32,24.66,17.52,,,,,,,,,BIG LL confirmed @ 12.80 | SMALL HL confirmed @ 22.73,8.99,-62.91,1.0,19.780982,479.69,479.69,-18.2,-3.66,301.76,239.84,61.91,177.93,,8.99,-62.91,1.0,56.788566,1377.12,1377.12,-52.25,-3.66,866.31,688.56,177.75,510.81,
2023-07-31,24.25,24.79,23.52,23.73,3167365.08,-2.14,24.5,24.11,23.67,True,35.86,23.34,16.58,,,,,,,,,SMALL LH confirmed @ 25.68,8.99,-62.09,1.0,19.780982,469.4,469.4,-10.29,-2.14,291.47,234.7,56.77,177.93,,8.99,-62.09,1.0,56.788566,1347.59,1347.59,-29.53,-2.14,836.78,673.8,162.98,510.81,
2023-08-01,23.72,24.07,22.84,24.05,3598080.21,1.35,24.43,24.1,23.7,True,33.91,22.11,18.63,,,,,,,,,,8.99,-62.6,1.0,19.780982,475.73,475.73,6.33,1.35,297.8,237.87,59.94,177.93,,8.99,-62.6,1.0,56.788566,1365.77,1365.77,18.17,1.35,854.95,682.88,172.07,510.81,
2023-08-02,24.06,24.29,22.82,23.15,3308680.67,-3.74,24.24,24.01,23.66,True,32.26,21.66,17.44,,,,,,,,,,8.99,-61.14,1.0,19.780982,457.93,457.93,-17.8,-3.74,280.0,228.96,51.03,177.93,,8.99,-61.14,1.0,56.788566,1314.66,1314.66,-51.11,-3.74,803.84,657.33,146.51,510.81,
2023-08-03,23.14,23.38,22.44,22.65,2981853.02,-2.16,23.99,23.88,23.59,True,30.38,20.75,18.41,,,,,,,,BEAR_CHOCH,SMALL BEAR CHOCH @ 22.65 (level 22.73),,,,,,448.04,-9.89,-2.16,0.0,0.0,,448.04,"EXIT @ 22.65 (small red CHoCH, realized +92.18)",,,,,,1286.26,-28.39,-2.16,0.0,0.0,,1286.26,"EXIT @ 22.65 (small red CHoCH, realized +264.63)"
2023-08-04,22.65,23.57,22.48,22.8,3225053.92,0.66,23.81,23.78,23.53,True,28.79,20.58,17.49,,,,,,,,,,,,,,,448.04,0.0,0.0,0.0,0.0,,448.04,,,,,,,1286.26,0.0,0.0,0.0,0.0,,1286.26,
2023-08-05,22.8,22.94,22.23,22.65,1781301.39,-0.66,23.63,23.67,23.46,True,27.07,19.88,18.09,,,,,,22.23,LL,,,,,,,,448.04,0.0,0.0,0.0,0.0,,448.04,,,,,,,1286.26,0.0,0.0,0.0,0.0,,1286.26,
2023-08-06,22.66,23.48,22.58,23.2,2662470.7,2.43,23.56,23.63,23.44,True,25.94,21.65,17.29,,,,,,,,,,,,,,,448.04,0.0,0.0,0.0,0.0,,448.04,,,,,,,1286.26,0.0,0.0,0.0,0.0,,1286.26,
2023-08-07,23.2,23.67,22.27,23.12,3303008.9,-0.34,23.5,23.58,23.42,True,24.56,20.16,17.63,,,,,,,,,,,,,,,448.04,0.0,0.0,0.0,0.0,,448.04,,,,,,,1286.26,0.0,0.0,0.0,0.0,,1286.26,
2023-08-08,23.11,24.79,23.02,24.22,4652753.86,4.76,23.61,23.64,23.48,True,24.19,23.86,16.12,,,,,,,,,,,,,,,448.04,0.0,0.0,0.0,0.0,,448.04,,,,,,,1286.26,0.0,0.0,0.0,0.0,,1286.26,
2023-08-09,24.22,24.99,24.1,24.38,3857674.95,0.66,23.73,23.71,23.55,True,23.99,23.8,15.4,,,,,,,,,,,,,,,448.04,0.0,0.0,0.0,0.0,,448.04,,,,,,,1286.26,0.0,0.0,0.0,0.0,,1286.26,
2023-08-10,24.39,24.89,24.13,24.62,2556841.66,0.98,23.86,23.8,23.63,True,23.81,22.86,14.8,,,,,,,,,SMALL LL confirmed @ 22.23,,,,,,448.04,0.0,0.0,0.0,0.0,,448.04,,,,,,,1286.26,0.0,0.0,0.0,0.0,,1286.26,
2023-08-11,24.63,24.93,24.34,24.62,2415119.74,0.0,23.98,23.88,23.7,True,23.67,22.35,14.33,,,,,,,,,,,,,,,448.04,0.0,0.0,0.0,0.0,,448.04,,,,,,,1286.26,0.0,0.0,0.0,0.0,,1286.26,
2023-08-12,24.63,25.24,24.4,24.91,1814019.36,1.18,24.12,23.97,23.79,True,23.8,23.03,13.67,,,,,,,,,,,,,,,448.04,0.0,0.0,0.0,0.0,,448.04,,,,,,,1286.26,0.0,0.0,0.0,0.0,,1286.26,
2023-08-13,24.91,24.95,24.21,24.23,2013530.94,-2.73,24.14,24.0,23.82,True,23.66,22.06,14.17,,,,,,,,,,,,,,,448.04,0.0,0.0,0.0,0.0,,448.04,,,,,,,1286.26,0.0,0.0,0.0,0.0,,1286.26,
2023-08-14,24.22,25.3,24.06,25.18,2935003.9,3.92,24.3,24.11,23.92,True,23.83,22.49,13.17,,,,,,,,,,,,,,,448.04,0.0,0.0,0.0,0.0,,448.04,,,,,,,1286.26,0.0,0.0,0.0,0.0,,1286.26,
2023-08-15,25.19,25.42,23.74,23.9,3856498.57,-5.08,24.24,24.09,23.92,True,23.53,20.39,13.72,,,,,25.42,,LH,,,,,,,,448.04,0.0,0.0,0.0,0.0,,448.04,,,,,,,1286.26,0.0,0.0,0.0,0.0,,1286.26,
2023-08-16,23.91,24.03,22.36,22.82,4333224.4,-4.52,24.02,23.97,23.84,True,22.12,18.54,19.99,,,,,,,,,,,,,,,448.04,0.0,0.0,0.0,0.0,,448.04,,,,,,,1286.26,0.0,0.0,0.0,0.0,,1286.26,
2023-08-17,22.82,23.43,20.0,21.66,6294552.09,-5.08,23.66,23.75,23.68,False,22.62,15.43,28.16,,,,,,,,BEAR_BOS,SMALL BEAR BOS @ 21.66 (level 22.23),,,,,,448.04,0.0,0.0,0.0,0.0,,448.04,,,,,,,1286.26,0.0,0.0,0.0,0.0,,1286.26,
2023-08-18,21.67,22.2,20.9,21.34,3890112.81,-1.48,23.3,23.52,23.5,False,23.09,14.45,26.36,,,,,,,,,,,,,,,448.04,0.0,0.0,0.0,0.0,,448.04,,,,,,,1286.26,0.0,0.0,0.0,0.0,,1286.26,
2023-08-19,21.34,22.18,21.29,21.9,1694233.32,2.62,23.09,23.37,23.39,False,23.53,13.79,25.17,,,,,,,,,,,,,,,448.04,0.0,0.0,0.0,0.0,,448.04,,,,,,,1286.26,0.0,0.0,0.0,0.0,,1286.26,
2023-08-20,21.89,22.04,21.57,21.77,1053613.37,-0.59,22.88,23.21,23.27,False,23.93,13.45,24.54,,,,,,,,,SMALL LH confirmed @ 25.42,,,,,,448.04,0.0,0.0,0.0,0.0,,448.04,,,,,,,1286.26,0.0,0.0,0.0,0.0,,1286.26,
2023-08-21,21.78,21.79,20.3,21.2,2646392.48,-2.62,22.62,23.02,23.11,False,25.12,12.39,29.31,,,,,,,,,,,,,,,448.04,0.0,0.0,0.0,0.0,,448.04,,,,,,,1286.26,0.0,0.0,0.0,0.0,,1286.26,
2023-08-22,21.2,21.26,19.35,20.59,3635900.71,-2.88,22.31,22.79,22.93,False,26.71,11.18,31.31,,,,,,19.35,LL,,,,,,,,448.04,0.0,0.0,0.0,0.0,,448.04,,,,,,,1286.26,0.0,0.0,0.0,0.0,,1286.26,
2023-08-23,20.59,21.82,20.33,21.74,3704350.5,5.59,22.22,22.69,22.84,False,27.47,13.19,28.93,,,,,,,,,,,,,,,448.04,0.0,0.0,0.0,0.0,,448.04,,,,,,,1286.26,0.0,0.0,0.0,0.0,,1286.26,
2023-08-24,21.74,22.02,20.67,21.06,2719332.54,-3.13,22.04,22.54,22.71,False,27.93,13.3,26.94,,,,,,,,,,,,,,,448.04,0.0,0.0,0.0,0.0,,448.04,,,,,,,1286.26,0.0,0.0,0.0,0.0,,1286.26,
2023-08-25,21.05,21.06,20.09,20.42,2321828.3,-3.04,21.79,22.33,22.54,False,28.71,12.62,28.6,,,,,,,,,,,,,,,448.04,0.0,0.0,0.0,0.0,,448.04,,,,,,,1286.26,0.0,0.0,0.0,0.0,,1286.26,
2023-08-26,20.42,20.44,20.19,20.29,743690.27,-0.64,21.56,22.14,22.37,False,29.42,12.45,28.21,,,,,,,,,,,,,,,448.04,0.0,0.0,0.0,0.0,,448.04,,,,,,,1286.26,0.0,0.0,0.0,0.0,,1286.26,
2023-08-27,20.28,20.92,20.24,20.79,1103526.81,2.46,21.44,22.01,22.25,False,29.44,14.72,27.1,,,,,,,,,SMALL LL confirmed @ 19.35,,,,,,448.04,0.0,0.0,0.0,0.0,,448.04,,,,,,,1286.26,0.0,0.0,0.0,0.0,,1286.26,
2023-08-28,20.79,20.8,20.03,20.56,1622343.78,-1.11,21.31,21.87,22.13,False,29.6,14.05,27.11,,,,,,,,,,,,,,,448.04,0.0,0.0,0.0,0.0,,448.04,,,,,,,1286.26,0.0,0.0,0.0,0.0,,1286.26,
2023-08-29,20.57,22.05,20.12,21.79,5271801.95,5.98,21.38,21.86,22.1,False,28.23,19.59,24.15,,,,,22.05,,LH,,,,,,,,448.04,0.0,0.0,0.0,0.0,,448.04,,,,,,,1286.26,0.0,0.0,0.0,0.0,,1286.26,
2023-08-30,21.79,21.99,20.6,20.82,2462706.77,-4.45,21.3,21.77,22.01,False,26.96,18.06,22.26,,,,,,,,,,,,,,,448.04,0.0,0.0,0.0,0.0,,448.04,,,,,,,1286.26,0.0,0.0,0.0,0.0,,1286.26,
2023-08-31,20.82,21.07,19.43,19.74,3342646.88,-5.19,21.06,21.57,21.84,False,26.73,16.43,26.69,,,,,,,,,,,,,,,448.04,0.0,0.0,0.0,0.0,,448.04,,,,,,,1286.26,0.0,0.0,0.0,0.0,,1286.26,
2023-09-01,19.74,19.93,19.02,19.33,2517375.38,-2.08,20.79,21.36,21.65,False,26.81,15.59,27.63,,,,,,19.02,LL,BEAR_BOS,SMALL BEAR BOS @ 19.33 (level 19.35),,,,,,448.04,0.0,0.0,0.0,0.0,,448.04,,,,,,,1286.26,0.0,0.0,0.0,0.0,,1286.26,
2023-09-02,19.33,19.69,19.13,19.5,1419243.59,0.88,20.59,21.18,21.49,False,26.89,15.08,26.73,,,,,,,,,BIG HH confirmed @ 32.13,,,,,,448.04,0.0,0.0,0.0,0.0,,448.04,,,,,,,1286.26,0.0,0.0,0.0,0.0,,1286.26,
2023-09-03,19.5,19.67,19.23,19.57,1032117.62,0.36,20.43,21.03,21.35,False,26.96,14.67,26.01,,,,,,,,,SMALL LH confirmed @ 22.05,,,,,,448.04,0.0,0.0,0.0,0.0,,448.04,,,,,,,1286.26,0.0,0.0,0.0,0.0,,1286.26,
2023-09-04,19.57,20.05,19.15,19.52,2206040.45,-0.26,20.29,20.88,21.22,False,26.49,16.22,24.54,,,,,,,,,,,,,,,448.04,0.0,0.0,0.0,0.0,,448.04,,,,,,,1286.26,0.0,0.0,0.0,0.0,,1286.26,
2023-09-05,19.52,20.6,19.03,20.26,4197171.75,3.79,20.29,20.83,21.15,False,25.34,18.01,22.2,,,,,20.6,,LH,,,,,,,,448.04,0.0,0.0,0.0,0.0,,448.04,,,,,,,1286.26,0.0,0.0,0.0,0.0,,1286.26,
2023-09-06,20.26,20.39,19.14,19.64,3429947.48,-3.06,20.19,20.71,21.03,False,24.28,16.65,20.52,,,,,,,,,SMALL LL confirmed @ 19.02,,,,,,448.04,0.0,0.0,0.0,0.0,,448.04,,,,,,,1286.26,0.0,0.0,0.0,0.0,,1286.26,
2023-09-07,19.63,20.0,19.32,19.92,2375627.15,1.43,20.15,20.64,20.95,False,23.29,15.94,19.65,,,,,,,,,,,,,,,448.04,0.0,0.0,0.0,0.0,,448.04,,,,,,,1286.26,0.0,0.0,0.0,0.0,,1286.26,
2023-09-08,19.92,20.28,19.37,19.61,1972054.86,-1.56,20.06,20.54,20.85,False,21.97,16.8,18.52,,,,,,,,,,,,,,,448.04,0.0,0.0,0.0,0.0,,448.04,,,,,,,1286.26,0.0,0.0,0.0,0.0,,1286.26,
2023-09-09,19.6,19.61,19.38,19.44,646379.52,-0.87,19.97,20.43,20.75,False,20.75,16.54,18.23,,,,,,,,,,,,,,,448.04,0.0,0.0,0.0,0.0,,448.04,,,,,,,1286.26,0.0,0.0,0.0,0.0,,1286.26,
2023-09-10,19.43,19.44,17.78,18.24,5630975.71,-6.17,19.7,20.23,20.56,False,21.31,14.77,26.61,,,,,,,,BEAR_BOS,SMALL LH confirmed @ 20.60 | SMALL BEAR BOS @ 18.24 (level 19.02),,,,,,448.04,0.0,0.0,0.0,0.0,,448.04,,,,,,,1286.26,0.0,0.0,0.0,0.0,,1286.26,
2023-09-11,18.23,18.46,17.33,17.72,4755172.77,-2.85,19.4,19.99,20.35,False,22.19,13.69,27.57,,17.33,HL,,,17.33,LL,,,,,,,,448.04,0.0,0.0,0.0,0.0,,448.04,,,,,,,1286.26,0.0,0.0,0.0,0.0,,1286.26,
2023-09-12,17.72,18.8,17.57,17.92,4818249.11,1.13,19.17,19.79,20.17,False,22.49,14.79,25.4,,,,,,,,,,,,,,,448.04,0.0,0.0,0.0,0.0,,448.04,,,,,,,1286.26,0.0,0.0,0.0,0.0,,1286.26,
2023-09-13,17.91,18.56,17.69,18.4,4063710.36,2.68,19.05,19.66,20.04,False,22.77,13.95,23.97,,,,,,,,,,,,,,,448.04,0.0,0.0,0.0,0.0,,448.04,,,,,,,1286.26,0.0,0.0,0.0,0.0,,1286.26,
2023-09-14,18.4,19.33,18.38,18.85,4397747.38,2.45,19.02,19.58,19.95,False,21.91,18.14,22.47,,,,,,,,,,,,,,,448.04,0.0,0.0,0.0,0.0,,448.04,,,,,,,1286.26,0.0,0.0,0.0,0.0,,1286.26,
2023-09-15,18.85,19.5,18.55,19.14,2087888.26,1.54,19.04,19.54,19.89,False,20.88,18.12,21.06,,,,,,,,,,,,,,,448.04,0.0,0.0,0.0,0.0,,448.04,,,,,,,1286.26,0.0,0.0,0.0,0.0,,1286.26,
2023-09-16,19.15,19.46,18.86,19.12,1416418.73,-0.1,19.05,19.5,19.83,False,19.92,17.38,20.19,,,,,,,,,SMALL LL confirmed @ 17.33,,,,,,448.04,0.0,0.0,0.0,0.0,,448.04,,,,,,,1286.26,0.0,0.0,0.0,0.0,,1286.26,
2023-09-17,19.12,19.14,18.63,18.81,1073239.72,-1.62,19.01,19.43,19.76,False,19.32,16.75,21.1,,,,,,,,,,,,,,,448.04,0.0,0.0,0.0,0.0,,448.04,,,,,,,1286.26,0.0,0.0,0.0,0.0,,1286.26,
2023-09-18,18.81,20.15,18.58,19.64,3731851.86,4.41,19.11,19.45,19.75,False,18.47,21.85,18.83,,,,,,,,,,,,,,,448.04,0.0,0.0,0.0,0.0,,448.04,,,,,,,1286.26,0.0,0.0,0.0,0.0,,1286.26,
2023-09-19,19.65,20.42,19.58,20.03,3110481.29,1.99,19.25,19.51,19.77,False,17.99,22.45,17.74,,,,,,,,,,,,,,,448.04,0.0,0.0,0.0,0.0,,448.04,,,,,,,1286.26,0.0,0.0,0.0,0.0,,1286.26,
2023-09-20,20.02,20.54,19.8,20.29,2588399.2,1.3,19.41,19.58,19.81,False,17.68,22.12,16.81,,,,,20.54,,LH,,,,,,,,448.04,0.0,0.0,0.0,0.0,,448.04,,,,,,,1286.26,0.0,0.0,0.0,0.0,,1286.26,
2023-09-21,20.29,20.29,19.29,19.46,2959370.24,-4.09,19.42,19.57,19.78,False,16.65,20.56,19.23,,,,,,,,,,,,,,,448.04,0.0,0.0,0.0,0.0,,448.04,,,,,,,1286.26,0.0,0.0,0.0,0.0,,1286.26,
2023-09-22,19.45,19.81,19.15,19.43,1857771.33,-0.15,19.42,19.56,19.76,False,15.51,19.57,19.32,,,,,,,,,,,,,,,448.04,0.0,0.0,0.0,0.0,,448.04,,,,,,,1286.26,0.0,0.0,0.0,0.0,,1286.26,
2023-09-23,19.42,19.57,19.29,19.49,897913.0,0.31,19.43,19.55,19.74,False,14.45,19.15,18.91,,,,,,,,,,,,,,,448.04,0.0,0.0,0.0,0.0,,448.04,,,,,,,1286.26,0.0,0.0,0.0,0.0,,1286.26,
2023-09-24,19.48,19.68,19.2,19.36,1091026.97,-0.67,19.42,19.53,19.71,False,13.62,19.3,18.19,,,,,,,,,,,,,,,448.04,0.0,0.0,0.0,0.0,,448.04,,,,,,,1286.26,0.0,0.0,0.0,0.0,,1286.26,
2023-09-25,19.36,19.74,19.07,19.39,1702995.14,0.15,19.42,19.52,19.69,False,12.65,18.25,18.26,,,,,,,,,SMALL LH confirmed @ 20.54,,,,,,448.04,0.0,0.0,0.0,0.0,,448.04,,,,,,,1286.26,0.0,0.0,0.0,0.0,,1286.26,
2023-09-26,19.39,19.53,18.84,19.03,1977195.6,-1.86,19.36,19.47,19.64,False,12.12,17.22,19.11,,,,,,,,,,,,,,,448.04,0.0,0.0,0.0,0.0,,448.04,,,,,,,1286.26,0.0,0.0,0.0,0.0,,1286.26,
2023-09-27,19.03,19.48,18.73,19.14,2446438.2,0.58,19.32,19.44,19.6,False,11.8,16.15,18.83,,,,,,18.73,HL,,,,,,,,448.04,0.0,0.0,0.0,0.0,,448.04,,,,,,,1286.26,0.0,0.0,0.0,0.0,,1286.26,
2023-09-28,19.13,19.98,19.1,19.96,2804835.46,4.28,19.42,19.49,19.63,False,11.28,19.11,17.46,,,,,,,,,,,,,,,448.04,0.0,0.0,0.0,0.0,,448.04,,,,,,,1286.26,0.0,0.0,0.0,0.0,,1286.26,
2023-09-29,19.97,20.46,19.85,20.28,2724984.42,1.6,19.55,19.57,19.68,False,11.51,22.18,16.56,,,,,,,,,,,,,,,448.04,0.0,0.0,0.0,0.0,,448.04,,,,,,,1286.26,0.0,0.0,0.0,0.0,,1286.26,
2023-09-30,20.28,21.81,20.07,21.37,3565357.52,5.37,19.83,19.74,19.8,True,13.19,29.75,14.3,,,,,,,,BULL_CHOCH,SMALL BULL CHOCH @ 21.37 (level 20.54),19.23,-10.0,5.0,104.829023,2240.2,448.04,0.0,0.0,224.02,224.02,0.0,224.02,"ENTRY @ 21.37 (small green CHoCH, margin $224.02 [50% of bank] @ 10x [ADX 13.2, zone green], 104.829023 units)",19.23,-10.0,5.0,300.950167,6431.31,1286.26,0.0,0.0,643.13,643.13,0.0,643.13,"ENTRY @ 21.37 (small green CHoCH, margin $643.13 [50% of bank] @ 10x [ADX 13.2, zone green], 300.950167 units)"
2023-10-01,21.37,24.5,21.13,23.87,6416328.5,11.7,20.45,20.13,20.1,True,16.33,40.85,11.13,,,,,,,,,,19.23,-19.43,3.52,104.829023,2502.27,710.11,262.07,58.49,486.09,250.23,235.87,224.02,,19.23,-19.43,3.52,300.950167,7183.68,2038.64,752.38,58.49,1395.51,718.37,677.14,643.13,
2023-10-02,23.88,24.8,22.9,23.37,6313085.51,-2.09,20.9,20.44,20.34,True,19.37,37.88,9.81,,,,,24.8,,HH,,SMALL HL confirmed @ 18.73,19.23,-17.7,3.72,104.829023,2449.85,657.7,-52.41,-7.38,433.68,244.99,188.69,224.02,,19.23,-17.7,3.72,300.950167,7033.21,1888.16,-150.48,-7.38,1245.03,703.32,541.71,643.13,
2023-10-03,23.38,24.77,23.21,23.6,5894722.26,0.98,21.32,20.74,20.59,True,22.19,34.28,8.88,,,,,,,,,,19.23,-18.5,3.63,104.829023,2473.96,681.81,24.11,3.67,457.79,247.4,210.39,224.02,,19.23,-18.5,3.63,300.950167,7102.42,1957.38,69.22,3.67,1314.25,710.24,604.01,643.13,
2023-10-04,23.61,23.86,22.58,23.13,3945261.33,-1.99,21.6,20.97,20.77,True,23.82,31.63,12.0,,,,,,,,,,19.23,-16.85,3.83,104.829023,2424.7,632.54,-49.27,-7.23,408.52,242.47,166.05,224.02,,19.23,-16.85,3.83,300.950167,6960.98,1815.93,-141.45,-7.23,1172.8,696.1,476.71,643.13,
2023-10-05,23.13,23.76,22.53,22.7,3287722.78,-1.86,21.77,21.13,20.92,True,25.25,29.28,11.41,,,,,,,,,,19.23,-15.27,4.05,104.829023,2379.62,587.46,-45.08,-7.13,363.44,237.96,125.48,224.02,,19.23,-15.27,4.05,300.950167,6831.57,1686.52,-129.41,-7.13,1043.39,683.16,360.24,643.13,
2023-10-06,22.7,23.76,22.66,23.41,4366362.12,3.13,22.02,21.35,21.1,True,26.59,27.33,10.65,,,,,,,,,,19.23,-17.84,3.71,104.829023,2454.05,661.89,74.43,12.67,437.87,245.4,192.47,224.02,,19.23,-17.84,3.71,300.950167,7045.24,1900.2,213.67,12.67,1257.07,704.52,552.54,643.13,
2023-10-07,23.41,24.21,23.08,23.3,2949841.72,-0.47,22.22,21.54,21.26,True,28.11,28.19,9.92,,,,,,,,,SMALL HH confirmed @ 24.80,19.23,-17.45,3.76,104.829023,2442.52,650.36,-11.53,-1.74,426.34,244.25,182.09,224.02,,19.23,-17.45,3.76,300.950167,7012.14,1867.09,-33.1,-1.74,1223.96,701.21,522.75,643.13,
2023-10-08,23.29,23.64,23.06,23.22,1934466.13,-0.34,22.37,21.7,21.41,True,29.49,27.16,9.68,,,,,,,,,,19.23,-17.17,3.79,104.829023,2434.13,641.97,-8.39,-1.29,417.95,243.41,174.54,224.02,,19.23,-17.17,3.79,300.950167,6988.06,1843.02,-24.08,-1.29,1199.89,698.81,501.08,643.13,
2023-10-09,23.21,23.37,21.59,22.1,4186290.48,-4.82,22.33,21.73,21.46,True,28.53,24.23,17.55,,,,,,,,,,19.23,-12.97,4.42,104.829023,2316.72,524.56,-117.41,-18.29,300.54,231.67,68.87,224.02,,19.23,-12.97,4.42,300.950167,6651.0,1505.95,-337.06,-18.29,862.82,665.1,197.72,643.13,
2023-10-10,22.09,22.48,21.69,22.11,2334716.24,0.05,22.3,21.77,21.51,True,27.63,23.04,16.69,,,,,,,,,,19.23,-13.01,4.41,104.829023,2317.77,525.61,1.05,0.2,301.59,231.78,69.82,224.02,,19.23,-13.01,4.41,300.950167,6654.01,1508.96,3.01,0.2,865.83,665.4,200.43,643.13,
2023-10-11,22.11,22.43,21.62,22.01,2734211.94,-0.45,22.25,21.79,21.55,True,26.71,21.86,16.27,,,,,,,,,,19.23,-12.62,4.48,104.829023,2307.29,515.13,-10.48,-1.99,291.11,230.73,60.38,224.02,,19.23,-12.62,4.48,300.950167,6623.91,1478.87,-30.1,-1.99,835.74,662.39,173.35,643.13,
2023-10-12,22.01,22.05,20.93,21.28,2921129.02,-3.32,22.1,21.74,21.53,True,24.94,20.3,19.49,,,,,,20.93,HL,,,19.23,-9.62,5.09,104.829023,2230.76,438.6,-76.53,-14.86,214.59,223.08,-8.49,224.02,,19.23,-9.62,5.09,300.950167,6404.22,1259.18,-219.69,-14.86,616.04,640.42,-24.38,643.13,
2023-10-13,21.29,22.23,21.11,21.84,2403623.09,2.63,22.06,21.75,21.55,True,23.52,20.0,18.11,,,,,,,,,,19.23,-11.94,4.6,104.829023,2289.47,497.31,58.7,13.38,273.29,228.95,44.34,224.02,,19.23,-11.94,4.6,300.950167,6572.75,1427.71,168.53,13.38,784.58,657.28,127.3,643.13,
2023-10-14,21.85,22.31,21.8,22.0,1303774.54,0.73,22.05,21.78,21.58,True,22.29,19.86,17.5,,,,,,,,,,19.23,-12.58,4.49,104.829023,2306.24,514.08,16.77,3.37,290.06,230.62,59.44,224.02,,19.23,-12.58,4.49,300.950167,6620.9,1475.86,48.15,3.37,832.73,662.09,170.64,643.13,
2023-10-15,22.0,22.17,21.66,21.93,1455965.78,-0.32,22.03,21.79,21.61,True,20.95,19.16,17.85,,,,,,,,,,19.23,-12.3,4.54,104.829023,2298.9,506.74,-7.34,-1.43,282.72,229.89,52.83,224.02,,19.23,-12.3,4.54,300.950167,6599.84,1454.79,-21.07,-1.43,811.66,659.98,151.68,643.13,
2023-10-16,21.93,24.75,21.89,23.95,6973642.82,9.21,22.33,22.0,21.78,True,22.05,31.56,14.73,,,,,,,,,,19.23,-19.7,3.49,104.829023,2510.66,718.5,211.75,41.79,494.48,251.07,243.41,224.02,,19.23,-19.7,3.49,300.950167,7207.76,2062.71,607.92,41.79,1419.58,720.78,698.81,643.13,
2023-10-17,23.95,24.56,23.46,23.93,4456015.31,-0.08,22.57,22.18,21.94,True,23.07,29.43,13.74,,,,,,,,,SMALL HL confirmed @ 20.93,19.23,-19.63,3.5,104.829023,2508.56,716.4,-2.1,-0.29,492.38,250.86,241.53,224.02,,19.23,-19.63,3.5,300.950167,7201.74,2056.69,-6.02,-0.29,1413.56,720.17,693.39,643.13,
2023-10-18,23.94,24.43,23.36,23.42,2982409.96,-2.13,22.7,22.3,22.05,True,23.87,27.49,13.45,,,,,,,,,,19.23,-17.88,3.7,104.829023,2455.1,662.94,-53.46,-7.46,438.92,245.51,193.41,224.02,,19.23,-17.88,3.7,300.950167,7048.25,1903.21,-153.48,-7.46,1260.08,704.83,555.25,643.13,
2023-10-19,23.41,25.77,23.11,24.93,5889168.99,6.45,23.05,22.55,22.26,True,25.45,30.92,11.43,,,,,,,,BULL_BOS,SMALL BULL BOS @ 24.93 (level 24.80),19.23,-22.85,3.18,104.829023,2613.39,821.23,158.29,23.88,597.21,261.34,335.87,224.02,,19.23,-22.85,3.18,300.950167,7502.69,2357.64,454.43,23.88,1714.51,750.27,964.24,643.13,
2023-10-20,24.92,27.5,24.73,27.03,7266627.01,8.42,23.66,22.98,22.62,True,27.69,35.47,9.79,,,,,,,,,,19.23,-28.85,2.72,104.829023,2833.53,1041.37,220.14,26.81,817.35,283.35,534.0,224.02,,19.23,-28.85,2.72,300.950167,8134.68,2989.64,632.0,26.81,2346.51,813.47,1533.04,643.13,
2023-10-21,27.02,30.31,26.65,29.32,9576358.72,8.47,24.53,23.58,23.11,True,30.56,42.49,8.12,,,,,,,,,,19.23,-34.4,2.4,104.829023,3073.59,1281.43,240.06,23.05,1057.41,307.36,750.05,224.02,,19.23,-34.4,2.4,300.950167,8823.86,3678.81,689.18,23.05,3035.68,882.39,2153.3,643.13,
2023-10-22,29.33,30.01,28.09,29.05,5567480.03,-0.92,25.23,24.1,23.55,True,33.23,38.77,7.41,,,,,,,,,,19.23,-33.79,2.43,104.829023,3045.28,1253.13,-28.3,-2.21,1029.11,304.53,724.58,224.02,,19.23,-33.79,2.43,300.950167,8742.6,3597.56,-81.26,-2.21,2954.43,874.26,2080.17,643.13,
2023-10-23,29.06,32.81,28.74,31.88,12178546.11,9.74,26.25,24.84,24.17,True,36.23,43.78,6.17,,,,,,,,,,19.23,-39.67,2.16,104.829023,3341.95,1549.79,296.67,23.67,1325.77,334.19,991.58,224.02,,19.23,-39.67,2.16,300.950167,9594.29,4449.25,851.69,23.67,3806.12,959.43,2846.69,643.13,
2023-10-24,31.88,32.61,29.5,30.17,11152278.09,-5.36,26.85,25.35,24.61,True,39.02,38.49,5.43,,,,,,,,,,19.23,-36.25,2.31,104.829023,3162.69,1370.53,-179.26,-11.57,1146.52,316.27,830.25,224.02,,19.23,-36.25,2.31,300.950167,9079.67,3934.62,-514.62,-11.57,3291.49,907.97,2383.53,643.13,
2023-10-25,30.18,33.9,30.0,32.44,10582632.89,7.52,27.71,26.02,25.19,True,41.81,37.73,4.67,,,,BULL_BOS,,,,,BIG BULL BOS @ 32.44 (level 32.13),19.23,-40.71,2.11,104.829023,3400.65,1608.5,237.96,17.36,1384.48,340.07,1044.41,224.02,,19.23,-40.71,2.11,300.950167,9762.82,4617.78,683.16,17.36,3974.65,976.28,2998.37,643.13,
2023-10-26,32.43,33.28,30.73,32.77,6940180.71,1.02,28.49,26.67,25.76,True,44.39,34.35,4.25,,,,,,,,,,19.23,-41.31,2.09,104.829023,3435.25,1643.09,34.59,2.15,1419.07,343.52,1075.55,224.02,,19.23,-41.31,2.09,300.950167,9862.14,4717.09,99.31,2.15,4073.96,986.21,3087.75,643.13,
2023-10-27,32.78,33.35,31.2,31.73,6273331.35,-3.17,28.99,27.15,26.2,True,46.8,32.0,3.93,,,,,,,,,,19.23,-39.39,2.17,104.829023,3326.22,1534.07,-109.02,-6.64,1310.05,332.62,977.43,224.02,,19.23,-39.39,2.17,300.950167,9549.15,4404.1,-312.99,-6.64,3760.97,954.91,2806.06,643.13,
2023-10-28,31.73,32.51,31.35,31.63,2594478.41,-0.32,29.4,27.58,26.6,True,49.04,30.66,3.76,,,,,,,,,,19.23,-39.19,2.18,104.829023,3315.74,1523.59,-10.48,-0.68,1299.57,331.57,967.99,224.02,,19.23,-39.19,2.18,300.950167,9519.05,4374.01,-30.1,-0.68,3730.88,951.91,2778.97,643.13,
2023-10-29,31.62,33.19,31.27,32.83,3483834.9,3.79,29.92,28.08,27.06,True,51.23,30.99,3.5,,,,,,,,,,19.23,-41.42,2.09,104.829023,3441.54,1649.38,125.79,8.26,1425.36,344.15,1081.21,224.02,,19.23,-41.42,2.09,300.950167,9880.19,4735.15,361.14,8.26,4092.02,988.02,3104.0,643.13,
2023-10-30,32.83,35.35,32.28,34.94,7627255.13,6.43,30.7,28.73,27.65,True,53.55,35.2,3.13,,,,,,,,,,19.23,-44.95,1.96,104.829023,3662.73,1870.57,221.19,13.41,1646.55,366.27,1280.28,224.02,,19.23,-44.95,1.96,300.950167,10515.2,5370.15,635.0,13.41,4727.02,1051.52,3675.5,643.13,
2023-10-31,34.94,38.62,34.82,38.4,9267665.69,9.9,31.88,29.65,28.44,True,55.98,41.55,2.74,,,,,,,,,BIG HL confirmed @ 17.33,19.23,-49.91,1.8,104.829023,4025.43,2233.28,362.71,19.39,2009.26,402.54,1606.71,224.02,,19.23,-49.91,1.8,300.950167,11556.49,6411.44,1041.29,19.39,5768.31,1155.65,4612.66,643.13,
2023-11-01,38.41,46.9,37.81,41.15,19486359.98,7.16,33.31,30.75,29.38,True,58.6,53.61,2.07,,,,,46.9,,HH,,,19.23,-53.26,1.71,104.829023,4313.71,2521.56,288.28,12.91,2297.54,431.37,1866.17,224.02,,19.23,-53.26,1.71,300.950167,12384.1,7239.06,827.61,12.91,6595.92,1238.41,5357.51,643.13,
2023-11-02,41.16,44.57,38.65,40.23,14743830.91,-2.24,34.37,31.65,30.19,True,61.02,45.79,1.77,,,,,,,,,,19.23,-52.19,1.74,104.829023,4217.27,2425.11,-96.44,-3.82,2201.09,421.73,1779.37,224.02,,19.23,-52.19,1.74,300.950167,12107.23,6962.18,-276.87,-3.82,6319.05,1210.72,5108.33,643.13,
2023-11-03,40.24,40.26,37.98,39.45,10290073.48,-1.94,35.15,32.39,30.87,True,62.78,43.18,3.34,,,,,,37.98,HL,,,19.23,-51.25,1.76,104.829023,4135.5,2343.35,-81.77,-3.37,2119.33,413.55,1705.78,224.02,,19.23,-51.25,1.76,300.950167,11872.48,6727.44,-234.74,-3.37,6084.31,1187.25,4897.06,643.13,
2023-11-04,39.45,42.72,39.0,42.41,7452581.71,7.5,36.27,33.35,31.73,True,64.54,45.27,3.04,,,,,,,,,,19.23,-54.65,1.68,104.829023,4445.8,2653.64,310.29,13.24,2429.62,444.58,1985.04,224.02,,19.23,-54.65,1.68,300.950167,12763.3,7618.25,890.81,13.24,6975.12,1276.33,5698.79,643.13,
2023-11-05,42.41,42.85,40.1,41.15,4117962.39,-2.97,37.02,34.09,32.43,True,66.18,42.53,2.83,,,,,,,,,,19.23,-53.26,1.71,104.829023,4313.71,2521.56,-132.08,-4.98,2297.54,431.37,1866.17,224.02,,19.23,-53.26,1.71,300.950167,12384.1,7239.06,-379.2,-4.98,6595.92,1238.41,5357.51,643.13,
2023-11-06,41.16,42.2,39.66,42.16,4866558.59,2.45,37.81,34.86,33.15,True,67.37,39.85,3.75,,,,,,,,,SMALL HH confirmed @ 46.90,19.23,-54.38,1.68,104.829023,4419.59,2627.43,105.88,4.2,2403.42,441.96,1961.46,224.02,,19.23,-54.38,1.68,300.950167,12688.06,7543.01,303.96,4.2,6899.88,1268.81,5631.08,643.13,
2023-11-07,42.16,44.78,40.08,42.93,8826660.47,1.83,38.6,35.63,33.87,True,68.64,41.53,3.33,,,,,,,,,,19.23,-55.2,1.66,104.829023,4500.31,2708.15,80.72,3.07,2484.13,450.03,2034.1,224.02,,19.23,-55.2,1.66,300.950167,12919.79,7774.75,231.73,3.07,7131.62,1291.98,5839.64,643.13,
2023-11-08,42.93,43.88,42.25,43.13,4580371.01,0.47,39.3,36.34,34.56,True,69.82,39.87,3.2,,,,,,,,,SMALL HL confirmed @ 37.98,19.23,-55.41,1.66,104.829023,4521.28,2729.12,20.97,0.77,2505.1,452.13,2052.97,224.02,,19.23,-55.41,1.66,300.950167,12979.98,7834.94,60.19,0.77,7191.81,1298.0,5893.81,643.13,
2023-11-09,43.12,48.88,41.36,45.29,12546941.33,5.01,40.22,37.19,35.35,True,71.16,44.28,2.67,,,,,,,,,,19.23,-57.53,1.61,104.829023,4747.71,2955.55,226.43,8.3,2731.53,474.77,2256.76,224.02,,19.23,-57.53,1.61,300.950167,13630.03,8484.99,650.05,8.3,7841.86,1363.0,6478.86,643.13,
2023-11-10,45.3,57.54,45.05,56.67,14708555.35,25.13,42.75,39.05,36.93,True,72.66,50.01,2.06,,,,,,,,BULL_BOS,SMALL BULL BOS @ 56.67 (level 46.90),19.23,-66.06,1.43,104.829023,5940.66,4148.5,1192.95,40.36,3924.48,594.07,3330.42,224.02,,19.23,-66.06,1.43,300.950167,17054.85,11909.8,3424.81,40.36,11266.67,1705.48,9561.19,643.13,
2023-11-11,56.67,63.95,53.55,56.34,13790858.3,-0.58,44.84,40.7,38.37,True,74.16,51.99,1.71,,,,,,,,,,19.23,-65.86,1.44,104.829023,5906.07,4113.91,-34.59,-0.83,3889.89,590.61,3299.28,224.02,,19.23,-65.86,1.44,300.950167,16955.53,11810.49,-99.31,-0.83,11167.36,1695.55,9471.8,643.13,
2023-11-12,56.36,61.86,54.5,56.28,10246085.39,-0.11,46.6,42.18,39.7,True,75.55,46.02,1.51,,,,,,,,,,19.23,-65.83,1.44,104.829023,5899.78,4107.62,-6.29,-0.15,3883.6,589.98,3293.62,224.02,,19.23,-65.83,1.44,300.950167,16937.48,11792.43,-18.06,-0.15,11149.3,1693.75,9455.55,643.13,
2023-11-13,56.27,59.86,51.28,51.6,11066863.24,-8.32,47.37,43.08,40.58,True,75.43,40.22,6.05,,,,,,,,,,19.23,-62.73,1.5,104.829023,5409.18,3617.02,-490.6,-11.94,3393.0,540.92,2852.08,224.02,,19.23,-62.73,1.5,300.950167,15529.03,10383.98,-1408.45,-11.94,9740.85,1552.9,8187.95,643.13,
2023-11-14,51.6,57.99,51.12,56.81,12213778.24,10.1,48.82,44.38,41.78,True,75.25,36.28,5.68,,,,,,,,,,19.23,-66.15,1.43,104.829023,5955.34,4163.18,546.16,15.1,3939.16,595.53,3343.63,224.02,,19.23,-66.15,1.43,300.950167,17096.98,11951.93,1567.95,15.1,11308.8,1709.7,9599.11,643.13,
2023-11-15,56.81,67.12,56.15,65.43,12800109.28,15.17,51.38,46.39,43.53,True,75.57,43.05,4.86,,,,,,,,,,19.23,-70.61,1.35,104.829023,6858.96,5066.81,903.63,21.71,4842.79,685.9,4156.89,224.02,,19.23,-70.61,1.35,300.950167,19691.17,14546.13,2594.19,21.71,13902.99,1969.12,11933.88,643.13,
2023-11-16,65.43,68.2,56.31,57.8,13868327.04,-11.66,52.36,47.48,44.59,True,75.91,38.16,4.16,,,,,68.2,,HH,,,19.23,-66.72,1.42,104.829023,6059.12,4266.96,-799.85,-15.79,4042.94,605.91,3437.03,224.02,,19.23,-66.72,1.42,300.950167,17394.92,12249.88,-2296.25,-15.79,11606.75,1739.49,9867.25,643.13,
2023-11-17,57.81,60.57,54.1,58.51,11968303.78,1.23,53.31,48.53,45.62,True,75.4,35.19,6.5,,,,,,,,,,19.23,-67.13,1.41,104.829023,6133.55,4341.39,74.43,1.74,4117.37,613.35,3504.01,224.02,,19.23,-67.13,1.41,300.950167,17608.59,12463.55,213.67,1.74,11820.42,1760.86,10059.56,643.13,
2023-11-18,58.52,59.37,54.7,58.56,7374946.5,0.09,54.12,49.48,46.58,True,74.93,33.18,6.13,,,,,,,,,,19.23,-67.16,1.41,104.829023,6138.79,4346.63,5.24,0.12,4122.61,613.88,3508.73,224.02,,19.23,-67.16,1.41,300.950167,17623.64,12478.6,15.05,0.12,11835.47,1762.36,10073.1,643.13,
2023-11-19,58.56,62.1,56.61,61.1,7009650.09,4.34,55.19,50.59,47.65,True,74.68,34.29,5.71,,,,,,,,,,19.23,-68.52,1.39,104.829023,6405.05,4612.9,266.27,6.13,4388.88,640.51,3748.37,224.02,,19.23,-68.52,1.39,300.950167,18388.06,13243.01,764.41,6.13,12599.88,1838.81,10761.08,643.13,
2023-11-20,61.1,61.33,56.0,56.57,7127562.28,-7.41,55.4,51.16,48.31,True,74.21,32.04,6.09,,,,,,,,,,19.23,-66.0,1.43,104.829023,5930.18,4138.02,-474.88,-10.29,3914.0,593.02,3320.98,224.02,,19.23,-66.0,1.43,300.950167,17024.75,11879.71,-1363.3,-10.29,11236.58,1702.48,9534.1,643.13,
2023-11-21,56.57,57.4,51.23,51.65,10741088.9,-8.7,54.83,51.21,48.56,True,72.06,29.61,11.49,,,,,,51.23,HL,,SMALL HH confirmed @ 68.20,19.23,-62.76,1.49,104.829023,5414.42,3622.26,-515.76,-12.46,3398.24,541.44,2856.8,224.02,,19.23,-62.76,1.49,300.950167,15544.08,10399.03,-1480.67,-12.46,9755.9,1554.41,8201.49,643.13,
2023-11-22,51.65,58.94,51.43,57.56,7891464.65,11.44,55.25,51.81,49.23,True,70.25,28.79,10.45,,,,,,,,,,19.23,-66.59,1.42,104.829023,6033.96,4241.8,619.54,17.1,4017.78,603.4,3414.39,224.02,,19.23,-66.59,1.42,300.950167,17322.69,12177.65,1778.62,17.1,11534.52,1732.27,9802.25,643.13,
2023-11-23,57.55,59.63,56.14,56.51,4925635.15,-1.82,55.44,52.26,49.77,True,68.65,28.39,10.0,,,,,,,,,,19.23,-65.97,1.43,104.829023,5923.89,4131.73,-110.07,-2.59,3907.71,592.39,3315.32,224.02,,19.23,-65.97,1.43,300.950167,17006.69,11861.65,-316.0,-2.59,11218.52,1700.67,9517.85,643.13,
2023-11-24,56.52,58.79,56.2,56.86,3905651.92,0.62,55.66,52.7,50.29,True,67.17,27.45,9.67,,,,,,,,,,19.23,-66.17,1.43,104.829023,5960.58,4168.42,36.69,0.89,3944.4,596.06,3348.34,224.02,,19.23,-66.17,1.43,300.950167,17112.03,11966.98,105.33,0.89,11323.85,1711.2,9612.65,643.13,
2023-11-25,56.86,59.82,55.7,58.82,4095129.28,3.45,56.15,53.28,50.92,True,65.93,27.31,9.14,,,,,,,,,,19.23,-67.3,1.41,104.829023,6166.04,4373.89,205.46,4.93,4149.87,616.6,3533.26,224.02,,19.23,-67.3,1.41,300.950167,17701.89,12556.84,589.86,4.93,11913.71,1770.19,10143.53,643.13,
2023-11-26,58.81,59.04,56.12,57.57,3097837.47,-2.13,56.36,53.69,51.42,True,64.78,26.23,8.78,,,,,,,,,SMALL HL confirmed @ 51.23,19.23,-66.59,1.42,104.829023,6035.01,4242.85,-131.04,-3.0,4018.83,603.5,3415.33,224.02,,19.23,-66.59,1.42,300.950167,17325.7,12180.66,-376.19,-3.0,11537.53,1732.57,9804.96,643.13,
2023-11-27,57.57,58.09,53.47,55.06,4618869.6,-4.36,56.16,53.82,51.69,True,62.65,24.57,11.86,,,,,,,,,,19.23,-65.07,1.45,104.829023,5771.89,3979.73,-263.12,-6.2,3755.71,577.19,3178.52,224.02,,19.23,-65.07,1.45,300.950167,16570.32,11425.27,-755.38,-6.2,10782.14,1657.03,9125.11,643.13,
2023-11-28,55.06,58.65,53.94,58.18,5642915.95,5.67,56.47,54.23,52.17,True,60.77,23.74,11.09,,,,,,,,,,19.23,-66.94,1.42,104.829023,6098.95,4306.8,327.07,8.22,4082.78,609.9,3472.88,224.02,,19.23,-66.94,1.42,300.950167,17509.28,12364.24,938.96,8.22,11721.11,1750.93,9970.18,643.13,
2023-11-29,58.18,61.78,57.72,59.31,7574392.84,1.94,56.91,54.72,52.7,True,59.56,26.78,10.45,,,,,,,,,,19.23,-67.57,1.4,104.829023,6217.41,4425.25,118.46,2.75,4201.23,621.74,3579.49,224.02,,19.23,-67.57,1.4,300.950167,17849.35,12704.31,340.07,2.75,12061.18,1784.94,10276.24,643.13,
2023-11-30,59.31,61.7,58.75,59.3,4597104.01,-0.02,57.28,55.15,53.19,True,58.44,25.64,10.01,,,,,,,,,,19.23,-67.57,1.41,104.829023,6216.36,4424.2,-1.05,-0.02,4200.18,621.64,3578.55,224.02,,19.23,-67.57,1.41,300.950167,17846.34,12701.3,-3.01,-0.02,12058.17,1784.63,10273.54,643.13,
2023-12-01,59.3,61.9,58.6,59.75,5422494.06,0.76,57.66,55.59,53.67,True,57.43,24.68,9.52,,,,,,,,,,19.23,-67.81,1.4,104.829023,6263.53,4471.38,47.17,1.07,4247.36,626.35,3621.0,224.02,,19.23,-67.81,1.4,300.950167,17981.77,12836.73,135.43,1.07,12193.6,1798.18,10395.42,643.13,
2023-12-02,59.74,63.9,59.67,63.66,4898503.76,6.54,58.58,56.36,54.41,True,56.83,26.11,8.92,,,,,,,,,,19.23,-69.79,1.37,104.829023,6673.42,4881.26,409.88,9.17,4657.24,667.34,3989.9,224.02,,19.23,-69.79,1.37,300.950167,19158.49,14013.44,1176.72,9.17,13370.31,1915.85,11454.46,643.13,
2023-12-03,63.66,65.53,62.22,62.98,4675198.65,-1.07,59.26,56.99,55.05,True,56.53,27.28,8.47,,,,,,,,,,19.23,-69.46,1.37,104.829023,6602.13,4809.97,-71.28,-1.46,4585.96,660.21,3925.74,224.02,,19.23,-69.46,1.37,300.950167,18953.84,13808.8,-204.65,-1.46,13165.67,1895.38,11270.28,643.13,
2023-12-04,62.99,65.25,59.75,61.64,7696216.19,-2.13,59.62,57.43,55.53,True,55.14,25.02,11.49,,,,,,,,,,19.23,-68.8,1.38,104.829023,6461.66,4669.5,-140.47,-2.92,4445.48,646.17,3799.32,224.02,,19.23,-68.8,1.38,300.950167,18550.57,13405.52,-403.27,-2.92,12762.39,1855.06,10907.34,643.13,
2023-12-05,61.63,62.6,59.11,61.03,6032438.26,-0.99,59.84,57.78,55.94,True,53.58,23.67,11.86,,,,,,,,,,19.23,-68.49,1.39,104.829023,6397.72,4605.56,-63.95,-1.37,4381.54,639.77,3741.77,224.02,,19.23,-68.49,1.39,300.950167,18366.99,13221.94,-183.58,-1.37,12578.81,1836.7,10742.12,643.13,
2023-12-06,61.04,66.68,61.03,61.85,11121135.68,1.34,60.15,58.16,56.38,True,52.89,27.83,10.84,,,,,,,,,,19.23,-68.9,1.38,104.829023,6483.68,4691.52,85.96,1.87,4467.5,648.37,3819.13,224.02,,19.23,-68.9,1.38,300.950167,18613.77,13468.72,246.78,1.87,12825.59,1861.38,10964.22,643.13,
2023-12-07,61.85,69.37,61.64,67.74,10648583.32,9.52,61.32,59.08,57.22,True,52.65,28.61,9.63,,,,,,,,,,19.23,-71.61,1.34,104.829023,7101.12,5308.96,617.44,13.16,5084.94,710.11,4374.83,224.02,,19.23,-71.61,1.34,300.950167,20386.36,15241.32,1772.6,13.16,14598.19,2038.64,12559.55,643.13,
2023-12-08,67.74,75.3,67.74,74.94,11314830.35,10.63,63.41,60.59,58.53,True,53.14,33.86,8.61,,,,,,,,BULL_BOS,SMALL BULL BOS @ 74.94 (level 68.20),19.23,-74.34,1.3,104.829023,7855.89,6063.73,754.77,14.22,5839.71,785.59,5054.12,224.02,,19.23,-74.34,1.3,300.950167,22553.21,17408.16,2166.84,14.22,16765.03,2255.32,14509.71,643.13,
2023-12-09,74.93,77.78,71.5,72.3,8809964.3,-3.52,64.78,61.7,59.55,True,53.82,34.35,7.87,,,,,77.78,,HH,,,19.23,-73.4,1.31,104.829023,7579.14,5786.98,-276.75,-4.56,5562.96,757.91,4805.05,224.02,,19.23,-73.4,1.31,300.950167,21758.7,16613.65,-794.51,-4.56,15970.52,2175.87,13794.65,643.13,
2023-12-10,72.31,74.89,70.67,74.87,5886808.01,3.55,66.33,62.96,60.69,True,54.13,32.33,8.56,,,,,,,,,,19.23,-74.31,1.3,104.829023,7848.55,6056.39,269.41,4.66,5832.37,784.85,5047.52,224.02,,19.23,-74.31,1.3,300.950167,22532.14,17387.09,773.44,4.66,16743.96,2253.21,14490.75,643.13,
2023-12-11,74.88,75.0,64.18,70.25,12970688.47,-6.17,66.94,63.65,61.4,True,52.24,27.82,15.74,,,,,,,,,,19.23,-72.62,1.32,104.829023,7364.24,5572.08,-484.31,-8.0,5348.06,736.42,4611.64,224.02,,19.23,-72.62,1.32,300.950167,21141.75,15996.71,-1390.39,-8.0,15353.57,2114.17,13239.4,643.13,
2023-12-12,70.24,72.42,65.75,68.6,7763463.64,-2.35,67.19,64.12,61.93,True,50.49,25.46,14.4,,,,,,,,,,19.23,-71.96,1.33,104.829023,7191.27,5399.11,-172.97,-3.1,5175.09,719.13,4455.97,224.02,,19.23,-71.96,1.33,300.950167,20645.18,15500.14,-496.57,-3.1,14857.01,2064.52,12792.49,643.13,
2023-12-13,68.6,72.6,63.67,70.62,8271925.44,2.94,67.72,64.74,62.57,True,48.26,22.69,15.37,,,,,,63.67,HL,,,19.23,-72.77,1.32,104.829023,7403.03,5610.87,211.75,3.92,5386.85,740.3,4646.55,224.02,,19.23,-72.77,1.32,300.950167,21253.1,16108.06,607.92,3.92,15464.93,2125.31,13339.62,643.13,
2023-12-14,70.62,76.24,68.18,75.68,7493589.41,7.17,68.94,65.78,63.54,True,46.83,24.84,13.9,,,,,,,,,SMALL HH confirmed @ 77.78,19.23,-74.59,1.29,104.829023,7933.46,6141.3,530.43,9.45,5917.28,793.35,5123.94,224.02,,19.23,-74.59,1.29,300.950167,22775.91,17630.86,1522.81,9.45,16987.73,2277.59,14710.14,643.13,
2023-12-15,75.68,79.5,72.13,72.51,8834567.44,-4.19,69.49,66.42,64.21,True,46.0,26.51,12.7,,,,,,,,,,19.23,-73.48,1.31,104.829023,7601.15,5809.0,-332.31,-5.41,5584.98,760.12,4824.86,224.02,,19.23,-73.48,1.31,300.950167,21821.9,16676.85,-954.01,-5.41,16033.72,2182.19,13851.53,643.13,
2023-12-16,72.51,77.22,71.18,73.72,5513079.61,1.67,70.14,67.12,64.91,True,44.94,24.64,12.92,,,,,,,,,,19.23,-73.91,1.3,104.829023,7728.0,5935.84,126.84,2.18,5711.82,772.8,4939.02,224.02,,19.23,-73.91,1.3,300.950167,22186.05,17041.0,364.15,2.18,16397.87,2218.6,14179.27,643.13,
2023-12-17,73.71,75.05,70.36,70.87,5108641.26,-3.87,70.25,67.48,65.35,True,43.71,23.26,13.17,,,,,,,,,,19.23,-72.86,1.32,104.829023,7429.23,5637.08,-298.76,-5.03,5413.06,742.92,4670.13,224.02,,19.23,-72.86,1.32,300.950167,21328.34,16183.29,-857.71,-5.03,15540.16,2132.83,13407.33,643.13,
2023-12-18,70.85,75.46,67.0,74.42,7219822.33,5.01,70.9,68.14,66.03,True,41.6,20.99,15.77,,,,,,,,,SMALL HL confirmed @ 63.67,19.23,-74.16,1.3,104.829023,7801.38,6009.22,372.14,6.6,5785.2,780.14,5005.06,224.02,,19.23,-74.16,1.3,300.950167,22396.71,17251.67,1068.37,6.6,16608.54,2239.67,14368.87,643.13,
2023-12-19,74.41,76.37,71.78,73.0,6086806.16,-1.91,71.22,68.6,66.54,True,39.83,20.92,14.92,,,,,,,,,,19.23,-73.65,1.31,104.829023,7652.52,5860.36,-148.86,-2.48,5636.34,765.25,4871.09,224.02,,19.23,-73.65,1.31,300.950167,21969.36,16824.32,-427.35,-2.48,16181.19,2196.94,13984.25,643.13,
2023-12-20,73.0,84.14,72.96,82.21,10701294.29,12.62,72.91,69.9,67.7,True,39.46,26.96,13.06,,,,,,,,BULL_BOS,SMALL BULL BOS @ 82.21 (level 77.78),19.23,-76.61,1.26,104.829023,8617.99,6825.84,965.48,16.47,6601.82,861.8,5740.02,224.02,,19.23,-76.61,1.26,300.950167,24741.11,19596.07,2771.75,16.47,18952.94,2474.11,16478.83,643.13,
2023-12-21,82.22,95.54,81.03,93.84,12129644.35,14.15,76.13,72.18,69.64,True,40.31,34.59,11.13,,,,,,,,,,19.23,-79.5,1.22,104.829023,9837.16,8045.0,1219.16,17.86,7820.98,983.72,6837.26,224.02,,19.23,-79.5,1.22,300.950167,28241.16,23096.12,3500.05,17.86,22452.99,2824.12,19628.87,643.13,
2023-12-22,93.86,99.5,90.34,97.9,11975121.56,4.33,79.48,74.63,71.73,True,41.4,35.38,10.11,,,,,,,,,,19.23,-80.35,1.21,104.829023,10262.76,8470.6,425.61,5.29,8246.58,1026.28,7220.31,224.02,,19.23,-80.35,1.21,300.950167,29463.02,24317.98,1221.86,5.29,23674.85,2946.3,20728.54,643.13,
2023-12-23,97.91,110.0,92.8,107.88,8336420.6,10.19,83.85,77.79,74.41,True,43.04,39.38,8.54,,,,,,,,,,19.23,-82.17,1.19,104.829023,11308.96,9516.8,1046.19,12.35,9292.78,1130.9,8161.88,224.02,,19.23,-82.17,1.19,300.950167,32466.5,27321.46,3003.48,12.35,26678.33,3246.65,23431.68,643.13,
2023-12-24,107.88,118.1,107.3,112.45,12261699.03,4.24,88.25,81.09,77.23,True,44.92,42.78,7.72,,,,,,,,,,19.23,-82.9,1.18,104.829023,11788.02,9995.87,479.07,5.03,9771.85,1178.8,8593.04,224.02,,19.23,-82.9,1.18,300.950167,33841.85,28696.8,1375.34,5.03,28053.67,3384.18,24669.49,643.13,
2023-12-25,112.45,126.36,107.92,120.91,11114497.92,7.52,93.27,84.89,80.46,True,46.96,43.08,6.57,126.36,,HH,,126.36,,HH,,,19.23,-84.09,1.16,104.829023,12674.88,10882.72,886.85,8.87,10658.7,1267.49,9391.21,224.02,,19.23,-84.09,1.16,300.950167,36387.88,31242.84,2546.04,8.87,30599.71,3638.79,26960.92,643.13,
2023-12-26,120.91,121.36,102.09,112.49,12300095.38,-6.96,96.23,87.52,82.84,True,47.71,36.88,9.98,,,,,,,,,,19.23,-82.9,1.18,104.829023,11792.22,10000.06,-882.66,-8.11,9776.04,1179.22,8596.82,224.02,,19.23,-82.9,1.18,300.950167,33853.88,28708.84,-2534.0,-8.11,28065.71,3385.39,24680.32,643.13,
2023-12-27,112.48,115.3,104.58,106.91,8972638.9,-4.96,97.87,89.36,84.62,True,48.41,33.96,9.18,,,,,,,,,,19.23,-82.01,1.19,104.829023,11207.27,9415.11,-584.95,-5.85,9191.09,1120.73,8070.37,224.02,,19.23,-82.01,1.19,300.950167,32174.58,27029.54,-1679.3,-5.85,26386.41,3217.46,23168.95,643.13,
2023-12-28,106.92,109.66,97.14,101.8,10194201.02,-4.78,98.48,90.55,85.89,True,47.69,30.88,13.74,,,,,,97.14,HL,,,19.23,-81.11,1.2,104.829023,10671.59,8879.44,-535.68,-5.69,8655.42,1067.16,7588.26,224.02,,19.23,-81.11,1.2,300.950167,30636.73,25491.68,-1537.86,-5.69,24848.55,3063.67,21784.88,643.13,
2023-12-29,101.8,110.0,99.0,106.17,9432538.67,4.29,99.66,92.03,87.39,True,47.05,28.68,12.66,,,,,,,,,,19.23,-81.88,1.19,104.829023,11129.7,9337.54,458.1,5.16,9113.52,1112.97,8000.55,224.02,,19.23,-81.88,1.19,300.950167,31951.88,26806.84,1315.15,5.16,26163.7,3195.19,22968.52,643.13,
2023-12-30,106.17,107.47,100.62,101.9,4178339.62,-4.02,100.01,92.97,88.47,True,46.46,27.24,12.02,,,,,,,,,SMALL HH confirmed @ 126.36,19.23,-81.13,1.2,104.829023,10682.08,8889.92,-447.62,-4.79,8665.9,1068.21,7597.69,224.02,,19.23,-81.13,1.2,300.950167,30666.82,25521.78,-1285.06,-4.79,24878.65,3066.68,21811.97,643.13,
2023-12-31,101.9,105.21,99.54,101.72,3821990.67,-0.18,100.27,93.81,89.45,True,45.7,26.07,12.32,,,,,,,,,,19.23,-81.09,1.2,104.829023,10663.21,8871.05,-18.87,-0.21,8647.03,1066.32,7580.71,224.02,,19.23,-81.09,1.2,300.950167,30612.65,25467.61,-54.17,-0.21,24824.48,3061.27,21763.21,643.13,
2024-01-01,101.72,109.93,101.44,109.91,4403310.37,8.05,101.75,95.34,90.97,True,45.41,27.98,11.52,,,,,,,,,,19.23,-82.5,1.18,104.829023,11521.76,9729.6,858.55,9.68,9505.58,1152.18,8353.41,224.02,,19.23,-82.5,1.18,300.950167,33077.43,27932.39,2464.78,9.68,27289.26,3307.74,23981.52,643.13,
2024-01-02,109.93,116.95,106.02,106.73,7831366.05,-2.89,102.52,96.43,92.13,True,45.68,30.97,10.57,,,,,116.95,,LH,,SMALL HL confirmed @ 97.14,19.23,-81.98,1.19,104.829023,11188.4,9396.24,-333.36,-3.43,9172.23,1118.84,8053.38,224.02,,19.23,-81.98,1.19,300.950167,32120.41,26975.37,-957.02,-3.43,26332.24,3212.04,23120.2,643.13,
2024-01-03,106.72,109.9,85.0,98.52,12221060.38,-7.69,101.9,96.62,92.61,True,42.82,25.76,22.99,,,,,,,,,,19.23,-80.48,1.21,104.829023,10327.76,8535.6,-860.65,-9.16,8311.58,1032.78,7278.8,224.02,,19.23,-80.48,1.21,300.950167,29649.61,24504.57,-2470.8,-9.16,23861.44,2964.96,20896.47,643.13,
2024-01-04,98.52,108.15,96.6,104.91,7235482.95,6.49,102.37,97.41,93.52,True,40.17,23.76,21.21,,,,,,,,,,19.23,-81.67,1.19,104.829023,10997.61,9205.46,669.86,7.85,8981.44,1099.76,7881.67,224.02,,19.23,-81.67,1.19,300.950167,31572.68,26427.64,1923.07,7.85,25784.51,3157.27,22627.24,643.13,
2024-01-05,104.91,105.48,95.23,99.94,6703567.21,-4.74,101.99,97.65,93.99,True,37.54,22.13,20.67,,,,,,,,,,19.23,-80.76,1.21,104.829023,10476.61,8684.46,-521.0,-5.66,8460.44,1047.66,7412.77,224.02,,19.23,-80.76,1.21,300.950167,30076.96,24931.92,-1495.72,-5.66,24288.79,3007.7,21281.09,643.13,
2024-01-06,99.93,100.3,91.53,93.77,5151478.03,-6.17,100.73,97.28,93.98,True,35.05,20.8,21.95,,,,,,,,BEAR_CHOCH,SMALL BEAR CHOCH @ 93.77 (level 97.14),,,,,,8037.66,-646.8,-7.45,0.0,0.0,,8037.66,"EXIT @ 93.77 (small red CHoCH, realized +7589.62)",,,,,,23075.05,-1856.86,-7.45,0.0,0.0,,23075.05,"EXIT @ 93.77 (small red CHoCH, realized +21788.79)"
2024-01-07,93.77,96.8,87.68,89.44,5547334.15,-4.62,98.99,96.54,93.64,True,33.17,19.5,23.22,,,,,,,,,SMALL LH confirmed @ 116.95,,,,,,8037.66,0.0,0.0,0.0,0.0,,8037.66,,,,,,,23075.05,0.0,0.0,0.0,0.0,,23075.05,
2024-01-08,89.44,99.97,85.16,97.88,9677497.13,9.44,98.82,96.67,93.95,True,31.02,19.69,20.93,,,,,,85.16,LL,,,,,,,,8037.66,0.0,0.0,0.0,0.0,,8037.66,,,,,,,23075.05,0.0,0.0,0.0,0.0,,23075.05,
2024-01-09,97.88,104.89,95.25,99.36,8574930.67,1.51,98.9,96.92,94.36,True,29.18,21.72,19.57,,,,,,,,,,,,,,,8037.66,0.0,0.0,0.0,0.0,,8037.66,,,,,,,23075.05,0.0,0.0,0.0,0.0,,23075.05,
2024-01-10,99.36,105.52,91.68,102.0,8634280.07,2.66,99.38,97.41,94.92,True,27.16,19.74,20.14,,,,,,,,,,,,,,,8037.66,0.0,0.0,0.0,0.0,,8037.66,,,,,,,23075.05,0.0,0.0,0.0,0.0,,23075.05,
2024-01-11,101.99,107.32,97.67,99.9,8986682.95,-2.06,99.46,97.64,95.29,True,25.37,19.67,18.85,,,,,107.32,,LH,,,,,,,,8037.66,0.0,0.0,0.0,0.0,,8037.66,,,,,,,23075.05,0.0,0.0,0.0,0.0,,23075.05,
2024-01-12,99.89,100.49,87.0,92.12,6462190.24,-7.79,98.33,97.12,95.06,True,24.61,17.94,24.14,,,,,,87.0,HL,,,,,,,,8037.66,0.0,0.0,0.0,0.0,,8037.66,,,,,,,23075.05,0.0,0.0,0.0,0.0,,23075.05,
2024-01-13,92.14,97.05,89.51,95.85,4054010.92,4.05,97.95,97.0,95.11,True,23.91,17.04,22.93,,,,,,,,,SMALL LL confirmed @ 85.16,,,,,,8037.66,0.0,0.0,0.0,0.0,,8037.66,,,,,,,23075.05,0.0,0.0,0.0,0.0,,23075.05,
2024-01-14,95.85,102.87,93.62,93.81,5767904.66,-2.13,97.31,96.69,95.02,True,22.48,19.9,21.5,,,,,,,,,,,,,,,8037.66,0.0,0.0,0.0,0.0,,8037.66,,,,,,,23075.05,0.0,0.0,0.0,0.0,,23075.05,
2024-01-15,93.81,96.96,92.97,94.36,3605978.31,0.59,96.86,96.47,94.97,True,21.23,19.34,21.36,,,,,,,,,,,,,,,8037.66,0.0,0.0,0.0,0.0,,8037.66,,,,,,,23075.05,0.0,0.0,0.0,0.0,,23075.05,
2024-01-16,94.35,98.73,94.16,97.61,3768288.08,3.44,96.97,96.58,95.16,True,19.83,19.99,20.64,,,,,,,,,SMALL LH confirmed @ 107.32,,,,,,8037.66,0.0,0.0,0.0,0.0,,8037.66,,,,,,,23075.05,0.0,0.0,0.0,0.0,,23075.05,
2024-01-17,97.6,102.8,96.5,102.1,6932306.54,4.6,97.76,97.11,95.68,True,18.83,22.1,19.66,,,,,,,,,SMALL HL confirmed @ 87.00,,,,,,8037.66,0.0,0.0,0.0,0.0,,8037.66,,,,,,,23075.05,0.0,0.0,0.0,0.0,,23075.05,
2024-01-18,102.1,103.59,91.41,94.4,6216673.0,-7.54,97.25,96.85,95.58,True,17.74,20.12,21.65,,,,,103.59,,LH,,,,,,,,8037.66,0.0,0.0,0.0,0.0,,8037.66,,,,,,,23075.05,0.0,0.0,0.0,0.0,,23075.05,
2024-01-19,94.39,95.47,87.04,93.62,6357442.75,-0.83,96.69,96.54,95.44,True,17.27,18.86,23.54,,,,,,,,,,,,,,,8037.66,0.0,0.0,0.0,0.0,,8037.66,,,,,,,23075.05,0.0,0.0,0.0,0.0,,23075.05,
2024-01-20,93.62,94.27,90.2,92.88,2799385.87,-0.79,96.1,96.19,95.25,True,16.82,18.26,22.8,,,,,,,,,,,,,,,8037.66,0.0,0.0,0.0,0.0,,8037.66,,,,,,,23075.05,0.0,0.0,0.0,0.0,,23075.05,
2024-01-21,92.88,93.93,90.79,91.09,2013751.83,-1.93,95.33,95.71,94.94,True,16.41,17.79,22.22,,,,,,,,,,,,,,,8037.66,0.0,0.0,0.0,0.0,,8037.66,,,,,,,23075.05,0.0,0.0,0.0,0.0,,23075.05,
2024-01-22,91.08,91.9,82.06,83.84,7065444.82,-7.96,93.56,94.58,94.12,False,17.05,16.38,27.5,,,,,,,,BEAR_BOS,SMALL BEAR BOS @ 83.84 (level 87.00),,,,,,8037.66,0.0,0.0,0.0,0.0,,8037.66,,,,,,,23075.05,0.0,0.0,0.0,0.0,,23075.05,
2024-01-23,83.84,86.0,79.0,84.35,8284305.33,0.61,92.15,93.6,93.39,False,17.95,15.44,28.43,,79.0,HL,,,79.0,LL,,SMALL LH confirmed @ 103.59,,,,,,8037.66,0.0,0.0,0.0,0.0,,8037.66,,,,,,,23075.05,0.0,0.0,0.0,0.0,,23075.05,
2024-01-24,84.36,89.47,83.3,88.77,6058894.15,5.24,91.63,93.14,93.05,False,18.18,17.55,26.96,,,,,,,,,,,,,,,8037.66,0.0,0.0,0.0,0.0,,8037.66,,,,,,,23075.05,0.0,0.0,0.0,0.0,,23075.05,
2024-01-25,88.77,89.64,85.09,86.91,4002698.2,-2.1,90.9,92.55,92.6,False,18.36,17.0,25.9,,,,,,,,,,,,,,,8037.66,0.0,0.0,0.0,0.0,,8037.66,,,,,,,23075.05,0.0,0.0,0.0,0.0,,23075.05,
2024-01-26,86.9,93.72,85.96,92.28,4693818.55,6.18,91.11,92.52,92.57,False,17.83,19.4,24.15,,,,,,,,,,,,,,,8037.66,0.0,0.0,0.0,0.0,,8037.66,,,,,,,23075.05,0.0,0.0,0.0,0.0,,23075.05,
2024-01-27,92.29,94.5,90.68,94.28,2735837.45,2.17,91.6,92.69,92.7,False,17.2,19.44,23.32,,,,,,,,,,,,,,,8037.66,0.0,0.0,0.0,0.0,,8037.66,,,,,,,23075.05,0.0,0.0,0.0,0.0,,23075.05,
2024-01-28,94.27,99.44,93.31,95.98,5618408.23,1.8,92.27,93.0,92.94,False,16.11,22.88,22.01,,,,,,,,,SMALL LL confirmed @ 79.00,,,,,,8037.66,0.0,0.0,0.0,0.0,,8037.66,,,,,,,23075.05,0.0,0.0,0.0,0.0,,23075.05,
2024-01-29,95.99,101.98,95.06,101.68,5772519.82,5.94,93.72,93.83,93.59,True,15.47,23.77,20.59,,,,,,,,,,,,,,,8037.66,0.0,0.0,0.0,0.0,,8037.66,,,,,,,23075.05,0.0,0.0,0.0,0.0,,23075.05,
2024-01-30,101.67,106.49,100.95,101.4,6990527.25,-0.28,94.9,94.55,94.17,True,15.49,26.79,19.52,,,,,106.49,,HH,,,,,,,,8037.66,0.0,0.0,0.0,0.0,,8037.66,,,,,,,23075.05,0.0,0.0,0.0,0.0,,23075.05,
2024-01-31,101.4,102.73,95.9,96.96,8609956.87,-4.38,95.22,94.78,94.38,True,14.68,25.04,23.05,,,,,,,,,,,,,,,8037.66,0.0,0.0,0.0,0.0,,8037.66,,,,,,,23075.05,0.0,0.0,0.0,0.0,,23075.05,
2024-02-01,96.96,98.11,93.11,97.81,6556006.07,0.88,95.62,95.07,94.63,True,13.75,23.82,24.65,,,,,,,,,,,,,,,8037.66,0.0,0.0,0.0,0.0,,8037.66,,,,,,,23075.05,0.0,0.0,0.0,0.0,,23075.05,
2024-02-02,97.81,102.57,97.39,100.58,5487861.84,2.83,96.38,95.59,95.07,True,13.29,27.04,23.38,,,,,,,,,,,,,,,8037.66,0.0,0.0,0.0,0.0,,8037.66,,,,,,,23075.05,0.0,0.0,0.0,0.0,,23075.05,
2024-02-03,100.57,101.24,96.53,97.96,2787373.11,-2.6,96.62,95.82,95.28,True,12.72,25.74,23.13,,,,,,,,,,,,,,,8037.66,0.0,0.0,0.0,0.0,,8037.66,,,,,,,23075.05,0.0,0.0,0.0,0.0,,23075.05,
2024-02-04,97.95,98.59,95.08,95.49,2914876.34,-2.52,96.45,95.79,95.3,True,11.95,24.78,23.81,,,,,,,,,SMALL HH confirmed @ 106.49,,,,,,8037.66,0.0,0.0,0.0,0.0,,8037.66,,,,,,,23075.05,0.0,0.0,0.0,0.0,,23075.05,
2024-02-05,95.48,98.7,94.11,95.66,3891146.06,0.18,96.33,95.78,95.33,True,11.12,23.55,23.67,,,,,,,,,,,,,,,8037.66,0.0,0.0,0.0,0.0,,8037.66,,,,,,,23075.05,0.0,0.0,0.0,0.0,,23075.05,
2024-02-06,95.66,97.88,92.88,96.88,4279238.07,1.28,96.41,95.88,95.44,True,10.55,22.25,23.73,,,,,,92.88,HL,,,,,,,,8037.66,0.0,0.0,0.0,0.0,,8037.66,,,,,,,23075.05,0.0,0.0,0.0,0.0,,23075.05,
2024-02-07,96.87,101.58,94.62,101.14,4577672.06,4.4,97.14,96.38,95.86,True,10.21,24.61,21.92,,,,,,,,,,,,,,,8037.66,0.0,0.0,0.0,0.0,,8037.66,,,,,,,23075.05,0.0,0.0,0.0,0.0,,23075.05,
2024-02-08,101.14,104.98,100.51,102.76,5082811.46,1.6,98.0,96.99,96.37,True,10.43,27.19,20.82,,,,,,,,,,,,,,,8037.66,0.0,0.0,0.0,0.0,,8037.66,,,,,,,23075.05,0.0,0.0,0.0,0.0,,23075.05,
2024-02-09,102.77,109.13,102.76,106.94,6686758.45,4.07,99.38,97.94,97.16,True,11.22,29.9,19.33,,,,,,,,BULL_CHOCH,SMALL BULL CHOCH @ 106.94 (level 106.49),96.25,-10.0,5.0,375.802343,40188.3,8037.66,0.0,0.0,4018.83,4018.83,0.0,4018.83,"ENTRY @ 106.94 (small green CHoCH, margin $4018.83 [50% of bank] @ 10x [ADX 11.2, zone green], 375.802343 units)",96.25,-10.0,5.0,1078.878488,115375.27,23075.05,0.0,0.0,11537.53,11537.53,0.0,11537.53,"ENTRY @ 106.94 (small green CHoCH, margin $11537.53 [50% of bank] @ 10x [ADX 11.2, zone green], 1078.878488 units)"
2024-02-10,106.94,110.86,106.86,109.01,3939526.49,1.94,100.86,98.99,98.04,True,12.18,30.52,18.44,,,,,,,,,,96.25,-11.71,4.65,375.802343,40966.21,8815.57,777.91,9.68,4796.74,4096.62,700.12,4018.83,,96.25,-11.71,4.65,1078.878488,117608.54,25308.33,2233.28,9.68,13770.81,11760.85,2009.95,11537.53,
2024-02-11,109.01,110.67,107.24,107.46,2755398.4,-1.42,101.88,99.8,98.73,True,13.07,29.27,17.69,,,,,,,,,SMALL HL confirmed @ 92.88,96.25,-10.44,4.91,375.802343,40383.72,8233.08,-582.49,-6.61,4214.25,4038.37,175.88,4018.83,,96.25,-10.44,4.91,1078.878488,115936.28,23636.07,-1672.26,-6.61,12098.54,11593.63,504.92,11537.53,
2024-02-12,107.46,112.22,103.4,111.64,6169652.05,3.89,103.38,100.93,99.69,True,13.06,26.3,20.31,,,,,,,,,,96.25,-13.79,4.28,375.802343,41954.57,9803.93,1570.85,19.08,5785.1,4195.46,1589.64,4018.83,,96.25,-13.79,4.28,1078.878488,120445.99,28145.78,4509.71,19.08,16608.26,12044.6,4563.66,11537.53,
2024-02-13,111.65,115.15,108.25,112.48,5622825.56,0.75,104.78,102.03,100.64,True,13.49,27.57,18.71,,,,,,,,,BIG HH confirmed @ 126.36,96.25,-14.43,4.18,375.802343,42270.25,10119.61,315.67,3.22,6100.78,4227.02,1873.75,4018.83,,96.25,-14.43,4.18,1078.878488,121352.25,29052.04,906.26,3.22,17514.51,12135.23,5379.29,11537.53,
2024-02-14,112.49,118.69,110.61,116.97,4884824.42,3.99,106.65,103.45,101.85,True,14.39,29.04,17.02,,,,,118.69,,HH,,,96.25,-17.72,3.72,375.802343,43957.6,11806.96,1687.35,16.67,7788.13,4395.76,3392.37,4018.83,,96.25,-17.72,3.72,1078.878488,126196.42,33896.2,4844.16,16.67,22358.68,12619.64,9739.04,11537.53,
2024-02-15,116.97,118.39,111.51,113.5,4927735.5,-2.97,107.71,104.41,102.71,True,15.23,26.82,15.72,,,,,,,,,,96.25,-15.2,4.06,375.802343,42653.57,10502.92,-1304.03,-11.04,6484.09,4265.36,2218.74,4018.83,,96.25,-15.2,4.06,1078.878488,122452.71,30152.5,-3743.71,-11.04,18614.97,12245.27,6369.7,11537.53,
2024-02-16,113.5,114.25,107.94,110.33,3947132.77,-2.79,108.11,104.97,103.27,True,15.18,24.93,18.59,,,,,,,,,,96.25,-12.77,4.45,375.802343,41462.27,9311.63,-1191.29,-11.34,5292.8,4146.23,1146.57,4018.83,,96.25,-12.77,4.45,1078.878488,119032.66,26732.45,-3420.04,-11.34,15194.92,11903.27,3291.66,11537.53,
2024-02-17,110.32,111.08,105.0,108.92,2897705.67,-1.28,108.24,105.35,103.69,True,14.52,23.24,20.61,,,,,,,,,,96.25,-11.64,4.66,375.802343,40932.39,8781.75,-529.88,-5.69,4762.92,4093.24,669.68,4018.83,,96.25,-11.64,4.66,1078.878488,117511.44,25211.23,-1521.22,-5.69,13673.71,11751.14,1922.56,11537.53,
2024-02-18,108.92,114.04,107.51,112.24,3083833.73,3.05,108.85,106.0,104.33,True,14.42,24.85,19.11,,,,,,,,,,96.25,-14.25,4.21,375.802343,42180.05,10029.41,1247.66,14.21,6010.58,4218.01,1792.58,4018.83,,96.25,-14.25,4.21,1078.878488,121093.32,28793.11,3581.88,14.21,17255.58,12109.33,5146.25,11537.53,
2024-02-19,112.25,114.87,110.75,111.53,3746704.95,-0.63,109.26,106.53,104.86,True,14.46,24.63,18.21,,,,,,,,,SMALL HH confirmed @ 118.69,96.25,-13.7,4.29,375.802343,41913.24,9762.59,-266.82,-2.66,5743.76,4191.32,1552.44,4018.83,,96.25,-13.7,4.29,1078.878488,120327.32,28027.11,-766.0,-2.66,16489.58,12032.73,4456.85,11537.53,
2024-02-20,111.53,112.11,103.0,108.31,5676734.13,-2.89,109.12,106.7,105.11,True,13.86,22.14,24.96,,,,,,,,,,96.25,-11.14,4.76,375.802343,40703.15,8552.51,-1210.08,-12.4,4533.68,4070.32,463.36,4018.83,,96.25,-11.14,4.76,1078.878488,116853.33,24553.12,-3473.99,-12.4,13015.59,11685.33,1330.26,11537.53,
2024-02-21,108.32,108.4,100.23,105.03,4752688.01,-3.03,108.49,106.54,105.11,True,13.74,20.17,25.76,,,,,,,,,,96.25,-8.36,5.39,375.802343,39470.52,7319.88,-1232.63,-14.41,3301.05,3947.05,-646.0,4018.83,,96.25,-8.36,5.39,1078.878488,113314.61,21014.4,-3538.72,-14.41,9476.87,11331.46,-1854.59,11537.53,
2024-02-22,105.04,107.1,101.53,101.76,3905642.33,-3.11,107.45,106.08,104.86,True,13.62,18.93,24.18,,,,,,,,,,96.25,-5.42,6.28,375.802343,38241.65,6091.0,-1228.87,-16.79,2072.17,3824.16,-1751.99,4018.83,,96.25,-5.42,6.28,1078.878488,109786.67,17486.46,-3527.93,-16.79,5948.94,10978.67,-5029.73,11537.53,
2024-02-23,101.75,103.1,98.64,99.9,3546853.99,-1.83,106.29,105.5,104.49,True,13.98,17.98,26.22,,,,,,,,,,96.25,-3.66,6.96,375.802343,37542.65,5392.01,-698.99,-11.48,1373.18,3754.27,-2381.08,4018.83,,96.25,-3.66,6.96,1078.878488,107779.96,15479.75,-2006.71,-11.48,3942.22,10778.0,-6835.77,11537.53,
2024-02-24,99.91,104.85,98.48,104.01,2334116.02,4.11,105.94,105.35,104.46,True,13.93,18.66,24.34,,,,,,98.48,HL,,,96.25,-7.46,5.63,375.802343,39087.2,6936.56,1544.55,28.65,2917.73,3908.72,-990.99,4018.83,,96.25,-7.46,5.63,1078.878488,112214.15,19913.94,4434.19,28.65,8376.41,11221.42,-2845.0,11537.53,
2024-02-25,104.02,104.43,102.0,103.47,1967184.81,-0.52,105.56,105.17,104.38,True,13.87,18.13,23.64,,,,,,,,,,96.25,-6.98,5.77,375.802343,38884.27,6733.63,-202.93,-2.93,2714.8,3888.43,-1173.63,4018.83,,96.25,-6.98,5.77,1078.878488,111631.56,19331.34,-582.59,-2.93,7793.82,11163.16,-3369.34,11537.53,
2024-02-26,103.47,110.89,100.29,109.9,5392138.71,6.21,106.23,105.62,104.79,True,13.26,23.2,20.84,,,,,,,,,,96.25,-12.42,4.51,375.802343,41300.68,9150.04,2416.41,35.89,5131.21,4130.07,1001.14,4018.83,,96.25,-12.42,4.51,1078.878488,118568.75,26268.53,6937.19,35.89,14731.01,11856.87,2874.13,11537.53,
2024-02-27,109.9,112.3,105.29,108.36,6198163.52,-1.4,106.56,105.89,105.06,True,12.95,22.96,19.22,,,,,,,,,,96.25,-11.18,4.75,375.802343,40721.94,8571.3,-578.74,-6.32,4552.47,4072.19,480.28,4018.83,,96.25,-11.18,4.75,1078.878488,116907.27,24607.06,-1661.47,-6.32,13069.53,11690.73,1378.81,11537.53,
2024-02-28,108.35,119.06,106.85,119.03,11832282.01,9.85,108.47,107.14,106.09,True,13.7,27.09,16.77,,,,,,,,BULL_BOS,SMALL BULL BOS @ 119.03 (level 118.69),96.25,-19.14,3.56,375.802343,44731.75,12581.11,4009.81,46.78,8562.28,4473.18,4089.11,4018.83,,96.25,-19.14,3.56,1078.878488,128418.91,36118.69,11511.63,46.78,24581.17,12841.89,11739.28,11537.53,
2024-02-29,119.03,134.65,117.15,125.68,13847087.32,5.59,111.12,108.9,107.54,True,15.96,37.27,14.02,,,,,,,,,SMALL HL confirmed @ 98.48,96.25,-23.42,3.13,375.802343,47230.84,15080.2,2499.09,19.86,11061.37,4723.08,6338.28,4018.83,,96.25,-23.42,3.13,1078.878488,135593.45,43293.24,7174.54,19.86,31755.71,13559.34,18196.36,11537.53,
2024-03-01,125.68,137.8,125.61,129.43,8376631.09,2.98,113.94,110.86,109.16,True,18.29,36.02,12.48,,,,BULL_BOS,,,,,BIG BULL BOS @ 129.43 (level 126.36),96.25,-25.64,2.95,375.802343,48640.1,16489.46,1409.26,9.35,12470.62,4864.01,7606.62,4018.83,,96.25,-25.64,2.95,1078.878488,139639.24,47339.03,4045.79,9.35,35801.5,13963.92,21837.58,11537.53,
2024-03-02,129.43,131.69,127.2,130.02,4693251.94,0.46,116.41,112.68,110.71,True,20.45,34.51,11.96,,,,,,,,,,96.25,-25.98,2.92,375.802343,48861.82,16711.18,221.72,1.34,12692.35,4886.18,7806.17,4018.83,,96.25,-25.98,2.92,1078.878488,140275.78,47975.57,636.54,1.34,36438.04,14027.58,22410.46,11537.53,
2024-03-03,130.03,132.11,124.17,130.16,5228370.86,0.11,118.53,114.35,112.15,True,21.81,31.97,13.89,,,,,,,,,,96.25,-26.06,2.92,375.802343,48914.43,16763.79,52.61,0.31,12744.96,4891.44,7853.52,4018.83,,96.25,-26.06,2.92,1078.878488,140426.82,48126.61,151.04,0.31,36589.09,14042.68,22546.4,11537.53,
2024-03-04,130.16,134.95,127.35,133.27,8053684.79,2.39,120.8,116.15,113.71,True,23.32,32.36,12.91,,,,,,,,,,96.25,-27.78,2.79,375.802343,50083.18,17932.54,1168.75,6.97,13913.71,5008.32,8905.39,4018.83,,96.25,-27.78,2.79,1078.878488,143782.14,51481.92,3355.31,6.97,39944.4,14378.21,25566.18,11537.53,
2024-03-05,133.26,142.72,105.0,125.31,17035242.52,-5.97,121.49,117.02,114.57,True,21.96,23.5,25.59,,,,,,,,,,96.25,-23.19,3.15,375.802343,47091.79,14941.15,-2991.39,-16.68,10922.32,4709.18,6213.14,4018.83,,96.25,-23.19,3.15,1078.878488,135194.26,42894.05,-8587.87,-16.68,31356.52,13519.43,17837.1,11537.53,
2024-03-06,125.31,134.95,120.0,130.79,9581617.48,4.37,122.92,118.33,115.77,True,20.69,21.04,22.92,,,,,,,,,,96.25,-26.41,2.89,375.802343,49151.19,17000.55,2059.4,13.78,12981.72,4915.12,8066.6,4018.83,,96.25,-26.41,2.89,1078.878488,141106.52,48806.31,5912.25,13.78,37268.78,14110.65,23158.13,11537.53,
2024-03-07,130.8,149.3,130.52,143.82,10952975.3,9.96,126.14,120.76,117.85,True,20.38,27.91,20.07,,,,,,,,,,96.25,-33.08,2.47,375.802343,54047.89,21897.25,4896.7,28.8,17878.42,5404.79,12473.63,4018.83,,96.25,-33.08,2.47,1078.878488,155164.3,62864.09,14057.79,28.8,51326.57,15516.43,35810.13,11537.53,
2024-03-08,143.82,152.64,142.0,144.79,8096745.65,0.67,129.01,123.05,119.85,True,20.37,28.15,18.66,,,,,,,,,,96.25,-33.53,2.44,375.802343,54412.42,22261.78,364.53,1.66,18242.95,5441.24,12801.71,4018.83,,96.25,-33.53,2.44,1078.878488,156210.82,63910.6,1046.51,1.66,52373.08,15621.08,36752.0,11537.53,
2024-03-09,144.79,149.15,143.54,144.29,3686876.81,-0.35,131.36,125.07,121.66,True,20.36,27.07,17.95,,,,,,,,,,96.25,-33.3,2.46,375.802343,54224.52,22073.88,-187.9,-0.84,18055.05,5422.45,12632.6,4018.83,,96.25,-33.3,2.46,1078.878488,155671.38,63371.16,-539.44,-0.84,51833.64,15567.14,36266.5,11537.53,
2024-03-10,144.3,148.5,140.43,144.39,4489519.25,0.07,133.36,126.91,123.34,True,19.94,25.55,19.1,,,,,,,,,,96.25,-33.34,2.45,375.802343,54262.1,22111.46,37.58,0.17,18092.63,5426.21,12666.42,4018.83,,96.25,-33.34,2.45,1078.878488,155779.26,63479.05,107.89,0.17,51941.53,15577.93,36363.6,11537.53,
2024-03-11,144.39,150.2,136.49,148.83,7743384.35,3.08,135.74,129.0,125.23,True,19.04,23.17,20.0,,,,,,,,,,96.25,-35.33,2.35,375.802343,55930.66,23780.02,1668.56,7.55,19761.19,5593.07,14168.12,4018.83,,96.25,-35.33,2.35,1078.878488,160569.49,68269.27,4790.22,7.55,56731.75,16056.95,40674.8,11537.53,
2024-03-12,148.83,155.0,141.5,151.05,8930538.0,1.49,138.1,131.1,127.14,True,18.7,24.28,18.2,,,,,,,,,,96.25,-36.28,2.31,375.802343,56764.94,24614.3,834.28,3.51,20595.47,5676.49,14918.98,4018.83,,96.25,-36.28,2.31,1078.878488,162964.6,70664.38,2395.11,3.51,59126.86,16296.46,42830.4,11537.53,
2024-03-13,151.06,166.73,148.71,163.9,7627285.95,8.51,142.07,134.22,129.87,True,19.4,28.95,16.12,,,,,,,,,BIG HL confirmed @ 79.00,96.25,-41.28,2.09,375.802343,61594.0,29443.36,4829.06,19.62,25424.53,6159.4,19265.13,4018.83,,96.25,-41.28,2.09,1078.878488,176828.18,84527.97,13863.59,19.62,72990.45,17682.82,55307.63,11537.53,
2024-03-14,163.9,178.5,159.2,176.65,10423585.86,7.78,147.39,138.26,133.33,True,20.82,32.69,14.24,,,,,,,,,,96.25,-45.52,1.94,375.802343,66385.48,34234.84,4791.48,16.27,30216.01,6638.55,23577.46,4018.83,,96.25,-45.52,1.94,1078.878488,190583.88,98283.67,13755.7,16.27,86746.15,19058.39,67687.76,11537.53,
2024-03-15,176.65,188.98,164.5,183.95,17484961.6,4.13,153.01,142.61,137.08,True,22.69,34.08,12.28,,,,,,,,,,96.25,-47.68,1.87,375.802343,69128.84,36978.2,2743.36,8.01,32959.37,6912.88,26046.48,4018.83,,96.25,-47.68,1.87,1078.878488,198459.7,106159.49,7875.81,8.01,94621.96,19845.97,74775.99,11537.53,
2024-03-16,183.95,197.95,176.78,182.05,13017058.01,-1.03,157.48,146.37,140.41,True,24.83,35.02,10.89,,,,,,,,,,96.25,-47.13,1.89,375.802343,68414.82,36264.17,-714.02,-1.93,32245.34,6841.48,25403.86,4018.83,,96.25,-47.13,1.89,1078.878488,196409.83,104109.62,-2049.87,-1.93,92572.09,19640.98,72931.11,11537.53,
2024-03-17,182.05,205.2,178.55,201.86,10524537.06,10.88,164.31,151.66,144.96,True,27.09,33.98,9.44,,,,,,,,,,96.25,-52.32,1.74,375.802343,75859.46,43708.82,7444.64,20.53,39689.99,7585.95,32104.04,4018.83,,96.25,-52.32,1.74,1078.878488,217782.41,125482.2,21372.58,20.53,113944.67,21778.24,92166.43,11537.53,
2024-03-18,201.85,210.18,193.8,195.92,11583736.08,-2.94,169.17,155.87,148.74,True,29.37,33.69,8.67,210.18,,HH,,210.18,,HH,,,96.25,-50.87,1.78,375.802343,73627.2,41476.55,-2232.27,-5.11,37457.72,7362.72,30095.0,4018.83,,96.25,-50.87,1.78,1078.878488,211373.87,119073.66,-6408.54,-5.11,107536.13,21137.39,86398.75,11537.53,
2024-03-19,195.92,198.68,166.0,169.82,16935298.87,-13.32,169.27,157.2,150.3,True,28.55,28.69,20.01,,,,,,,,,,96.25,-43.32,2.02,375.802343,63818.75,31668.11,-9808.44,-23.65,27649.28,6381.88,21267.41,4018.83,,96.25,-43.32,2.02,1078.878488,183215.14,90914.93,-28158.73,-23.65,79377.41,18321.51,61055.89,11537.53,
2024-03-20,169.82,193.19,162.45,191.77,12365784.68,12.93,172.73,160.49,153.37,True,27.49,24.94,18.9,,,,,,162.45,HL,,,96.25,-49.81,1.81,375.802343,72067.62,39916.97,8248.86,26.05,35898.14,7206.76,28691.38,4018.83,,96.25,-49.81,1.81,1078.878488,206896.53,114596.32,23681.38,26.05,103058.79,20689.65,82369.14,11537.53,
2024-03-21,191.76,195.68,175.84,179.46,8064316.56,-6.42,173.77,162.3,155.3,True,26.67,23.91,17.33,,,,,,,,,,96.25,-46.37,1.91,375.802343,67441.49,35290.85,-4626.13,-11.59,31272.02,6744.15,24527.87,4018.83,,96.25,-46.37,1.91,1078.878488,193615.53,101315.32,-13280.99,-11.59,89777.79,19361.55,70416.24,11537.53,
2024-03-22,179.46,181.95,167.57,175.21,6152106.89,-2.37,173.99,163.53,156.78,True,25.22,22.45,19.78,,,,,,,,,,96.25,-45.07,1.95,375.802343,65844.33,33693.69,-1597.16,-4.53,29674.86,6584.43,23090.42,4018.83,,96.25,-45.07,1.95,1078.878488,189030.3,96730.09,-4585.23,-4.53,85192.56,18903.03,66289.53,11537.53,
2024-03-23,175.21,179.0,170.38,172.65,3504716.61,-1.46,173.78,164.4,157.95,True,23.87,21.6,19.03,,,,,,,,,SMALL HH confirmed @ 210.18,96.25,-44.25,1.98,375.802343,64882.27,32731.63,-962.05,-2.86,28712.8,6488.23,22224.57,4018.83,,96.25,-44.25,1.98,1078.878488,186268.37,93968.16,-2761.93,-2.86,82430.63,18626.84,63803.79,11537.53,
2024-03-24,172.65,186.78,171.25,183.88,3578259.38,6.5,175.34,166.25,159.87,True,23.17,23.55,17.73,,,,,,,,,,96.25,-47.66,1.87,375.802343,69102.53,36951.89,4220.26,12.89,32933.06,6910.25,26022.81,4018.83,,96.25,-47.66,1.87,1078.878488,198384.18,106083.96,12115.81,12.89,94546.44,19838.42,74708.02,11537.53,
2024-03-25,183.87,194.6,180.92,188.99,5240091.85,2.78,177.44,168.42,162.03,True,23.03,25.6,16.65,,,,,,,,,SMALL HL confirmed @ 162.45,96.25,-49.07,1.83,375.802343,71022.88,38872.24,1920.35,5.2,34853.41,7102.29,27751.12,4018.83,,96.25,-49.07,1.83,1078.878488,203897.25,111597.03,5513.07,5.2,100059.51,20389.72,79669.78,11537.53,
2024-03-26,188.98,196.57,186.0,190.46,4465611.36,0.78,179.44,170.52,164.14,True,23.02,25.27,15.84,,,,,,,,,,96.25,-49.47,1.82,375.802343,71575.31,39424.67,552.43,1.42,35405.84,7157.53,28248.31,4018.83,,96.25,-49.47,1.82,1078.878488,205483.2,113182.98,1585.95,1.42,101645.46,20548.32,81097.14,11537.53,
2024-03-27,190.46,192.74,180.0,186.33,5173929.09,-2.17,180.5,172.02,165.78,True,22.43,23.78,17.69,,,,,,,,,,96.25,-48.35,1.85,375.802343,70023.25,37872.61,-1552.06,-3.94,33853.78,7002.33,26851.45,4018.83,,96.25,-48.35,1.85,1078.878488,201027.43,108727.22,-4455.77,-3.94,97189.69,20102.74,77086.95,11537.53,
2024-03-28,186.34,190.93,180.92,189.63,3602194.14,1.77,181.91,173.7,167.55,True,21.88,22.65,16.84,,,,,,,,,,96.25,-49.25,1.82,375.802343,71263.4,39112.76,1240.15,3.27,35093.93,7126.34,27967.59,4018.83,,96.25,-49.25,1.82,1078.878488,204587.73,112287.52,3560.3,3.27,100749.99,20458.77,80291.22,11537.53,
2024-03-29,189.64,193.0,183.39,192.01,3580115.76,1.26,183.46,175.44,169.36,True,21.52,22.59,16.05,,,,,,,,,,96.25,-49.87,1.8,375.802343,72157.81,40007.17,894.41,2.29,35988.34,7215.78,28772.55,4018.83,,96.25,-49.87,1.8,1078.878488,207155.46,114855.25,2567.73,2.29,103317.72,20715.55,82602.17,11537.53,
2024-03-30,192.02,200.0,190.71,194.2,3491334.38,1.14,185.11,177.23,171.2,True,21.71,25.05,15.31,,,,,,,,,,96.25,-50.44,1.79,375.802343,72980.82,40830.17,823.01,2.06,36811.34,7298.08,29513.26,4018.83,,96.25,-50.44,1.79,1078.878488,209518.2,117217.99,2362.74,2.06,105680.46,20951.82,84728.64,11537.53,
2024-03-31,194.19,203.17,193.69,202.45,2398135.45,4.25,187.78,179.63,173.51,True,22.1,25.46,14.56,,,,,,,,,,96.25,-52.46,1.73,375.802343,76081.18,43930.54,3100.37,7.59,39911.71,7608.12,32303.59,4018.83,,96.25,-52.46,1.73,1078.878488,218418.95,126118.74,8900.75,7.59,114581.21,21841.89,92739.32,11537.53,
2024-04-01,202.45,204.46,186.87,192.24,4599776.65,-5.04,188.47,180.83,174.9,True,21.69,23.2,16.71,,,,,204.46,,LH,,,96.25,-49.93,1.8,375.802343,72244.24,40093.6,-3836.94,-8.73,36074.77,7224.42,28850.35,4018.83,,96.25,-49.93,1.8,1078.878488,207403.6,115103.39,-11015.35,-8.73,103565.86,20740.36,82825.5,11537.53,
2024-04-02,192.24,192.24,175.92,181.53,5766777.4,-5.57,187.4,180.9,175.39,True,20.22,21.31,20.8,,,,,,,,,,96.25,-46.98,1.89,375.802343,68219.4,36068.76,-4024.84,-10.04,32049.93,6821.94,25227.99,4018.83,,96.25,-46.98,1.89,1078.878488,195848.81,103548.6,-11554.79,-10.04,92011.07,19584.88,72426.19,11537.53,
2024-04-03,181.53,192.0,176.92,185.05,5010275.57,1.94,187.04,181.29,176.11,True,18.86,19.72,19.25,,,,,,,,,,96.25,-47.99,1.86,375.802343,69542.22,37391.58,1322.82,3.67,33372.75,6954.22,26418.53,4018.83,,96.25,-47.99,1.86,1078.878488,199646.46,107346.25,3797.65,3.67,95808.73,19964.65,75844.08,11537.53,
2024-04-04,185.05,190.13,180.02,184.0,3773747.36,-0.57,186.57,181.55,176.69,True,17.6,18.71,18.26,,,,,,,,,,96.25,-47.69,1.87,375.802343,69147.63,36996.99,-394.59,-1.06,32978.16,6914.76,26063.4,4018.83,,96.25,-47.69,1.87,1078.878488,198513.64,106213.43,-1132.82,-1.06,94675.9,19851.36,74824.54,11537.53,
2024-04-05,184.0,185.07,167.84,174.37,5000847.22,-5.23,184.69,180.87,176.52,True,17.36,17.1,22.77,,,,,,,,,,96.25,-44.8,1.96,375.802343,65528.65,33378.01,-3618.98,-9.78,29359.18,6552.87,22806.32,4018.83,,96.25,-44.8,1.96,1078.878488,188124.04,95823.83,-10389.6,-9.78,84286.3,18812.4,65473.9,11537.53,
2024-04-06,174.37,179.89,173.54,178.68,2641869.38,2.47,183.77,180.66,176.68,True,17.14,16.53,22.02,,,,,,,,,SMALL LH confirmed @ 204.46,96.25,-46.13,1.92,375.802343,67148.36,34997.72,1619.71,4.85,30978.89,6714.84,24264.05,4018.83,,96.25,-46.13,1.92,1078.878488,192774.01,100473.8,4649.97,4.85,88936.27,19277.4,69658.87,11537.53,
2024-04-07,178.69,182.71,176.85,179.52,2235798.23,0.47,183.11,180.55,176.89,True,16.61,17.54,21.32,,,,,,,,,,96.25,-46.39,1.91,375.802343,67464.04,35313.39,315.67,0.9,31294.56,6746.4,24548.16,4018.83,,96.25,-46.39,1.91,1078.878488,193680.27,101380.05,906.26,0.9,89842.53,19368.03,70474.5,11537.53,
2024-04-08,179.51,184.68,175.25,180.68,3690701.97,0.65,182.74,180.56,177.17,True,15.89,17.71,20.21,,,,,,,,,,96.25,-46.73,1.9,375.802343,67899.97,35749.33,435.93,1.23,31730.5,6790.0,24940.5,4018.83,,96.25,-46.73,1.9,1078.878488,194931.77,102631.55,1251.5,1.23,91094.03,19493.18,71600.85,11537.53,
2024-04-09,180.68,180.9,169.11,172.42,3401885.89,-4.57,181.15,179.79,176.82,True,15.81,16.55,22.3,,,,,,,,,,96.25,-44.18,1.98,375.802343,64795.84,32645.2,-3104.13,-8.68,28626.37,6479.58,22146.78,4018.83,,96.25,-44.18,1.98,1078.878488,186020.23,93720.02,-8911.54,-8.68,82182.49,18602.02,63580.47,11537.53,
2024-04-10,172.41,175.5,162.28,173.31,4653467.65,0.52,179.95,179.17,176.56,True,16.32,15.33,24.46,,,,,,,,,,96.25,-44.47,1.97,375.802343,65130.3,32979.66,334.46,1.02,28960.83,6513.03,22447.8,4018.83,,96.25,-44.47,1.97,1078.878488,186980.43,94680.22,960.2,1.02,83142.69,18698.04,64444.65,11537.53,
2024-04-11,173.3,176.32,170.07,172.37,3761197.49,-0.54,178.78,178.52,176.25,True,16.69,15.26,23.57,,,,,,,,,,96.25,-44.16,1.99,375.802343,64777.05,32626.41,-353.25,-1.07,28607.58,6477.7,22129.87,4018.83,,96.25,-44.16,1.99,1078.878488,185966.29,93666.07,-1014.15,-1.07,82128.55,18596.63,63531.92,11537.53,
2024-04-12,172.37,175.98,141.0,153.16,6842096.22,-11.14,174.84,176.11,174.54,True,18.81,12.53,34.2,,,,,,,,BEAR_CHOCH,SMALL BEAR CHOCH @ 153.16 (level 162.45),,,,,,25407.24,-7219.16,-22.13,0.0,0.0,,25407.24,"EXIT @ 153.16 (small red CHoCH, realized +17369.58)",,,,,,72940.82,-20725.26,-22.13,0.0,0.0,,72940.82,"EXIT @ 153.16 (small red CHoCH, realized +49865.76)"
2024-04-13,153.16,155.0,116.0,138.47,15444420.06,-9.59,169.24,172.52,171.87,False,21.64,10.32,39.48,,116.0,HL,,,116.0,LL,,,,,,,,25407.24,0.0,0.0,0.0,0.0,,25407.24,,,,,,,72940.82,0.0,0.0,0.0,0.0,,72940.82,
2024-04-14,138.47,152.84,130.45,151.25,12428370.68,9.23,166.48,170.5,170.34,False,24.28,9.31,35.59,,,,,,,,,,,,,,,25407.24,0.0,0.0,0.0,0.0,,25407.24,,,,,,,72940.82,0.0,0.0,0.0,0.0,,72940.82,
2024-04-15,151.26,156.06,133.56,138.51,9332424.74,-8.42,162.17,167.45,167.98,False,26.36,9.79,32.17,,,,,156.06,,LH,,,,,,,,25407.24,0.0,0.0,0.0,0.0,,25407.24,,,,,,,72940.82,0.0,0.0,0.0,0.0,,72940.82,
2024-04-16,138.51,140.57,126.4,136.22,9794711.9,-1.65,158.18,164.48,165.63,False,28.53,9.19,33.29,,,,,,126.4,HL,,,,,,,,25407.24,0.0,0.0,0.0,0.0,,25407.24,,,,,,,72940.82,0.0,0.0,0.0,0.0,,72940.82,
2024-04-17,136.21,142.77,126.87,131.84,9559485.27,-3.22,154.13,161.37,163.13,False,30.28,9.51,31.0,,,,,,,,,,,,,,,25407.24,0.0,0.0,0.0,0.0,,25407.24,,,,,,,72940.82,0.0,0.0,0.0,0.0,,72940.82,
2024-04-18,131.84,144.25,127.62,142.07,7805067.82,7.76,152.27,159.53,161.57,False,31.72,9.46,28.76,,,,,,,,,SMALL LL confirmed @ 116.00,,,,,,25407.24,0.0,0.0,0.0,0.0,,25407.24,,,,,,,72940.82,0.0,0.0,0.0,0.0,,72940.82,
2024-04-19,142.08,147.49,128.5,142.5,11145361.53,0.3,150.77,157.91,160.15,False,32.65,10.08,26.42,,,,,,,,,,,,,,,25407.24,0.0,0.0,0.0,0.0,,25407.24,,,,,,,72940.82,0.0,0.0,0.0,0.0,,72940.82,
2024-04-20,142.5,152.39,139.66,151.22,4855973.67,6.12,150.84,157.27,159.49,False,32.92,11.66,24.96,,,,,,,,,SMALL LH confirmed @ 156.06,,,,,,25407.24,0.0,0.0,0.0,0.0,,25407.24,,,,,,,72940.82,0.0,0.0,0.0,0.0,,72940.82,
2024-04-21,151.21,153.5,146.68,148.8,3646801.53,-1.6,150.52,156.46,158.7,False,33.02,11.8,24.18,,,,,,,,,SMALL HL confirmed @ 126.40,,,,,,25407.24,0.0,0.0,0.0,0.0,,25407.24,,,,,,,72940.82,0.0,0.0,0.0,0.0,,72940.82,
2024-04-22,148.81,158.5,146.63,156.95,4967360.16,5.48,151.51,156.51,158.57,False,32.51,13.47,22.85,,,,,,,,BULL_CHOCH,SMALL BULL CHOCH @ 156.95 (level 156.06),78.47,-50.0,1.0,161.881139,25407.24,25407.24,0.0,0.0,12703.62,12703.62,0.0,12703.62,"ENTRY @ 156.95 (small green CHoCH, margin $12703.62 [50% of bank] @ 2x [ADX 32.5, zone red], 161.881139 units)",78.47,-50.0,1.0,464.739196,72940.82,72940.82,0.0,0.0,36470.41,36470.41,0.0,36470.41,"ENTRY @ 156.95 (small green CHoCH, margin $36470.41 [50% of bank] @ 2x [ADX 32.5, zone red], 464.739196 units)"
2024-04-23,156.94,160.0,153.04,154.75,4102272.11,-1.4,152.01,156.34,158.29,False,31.85,13.74,22.09,,,,,160.0,,HH,,,78.47,-49.29,1.0,161.881139,25051.11,25051.11,-356.14,-1.4,12347.48,12525.55,-178.07,12703.62,,78.47,-49.29,1.0,464.739196,71918.39,71918.39,-1022.43,-1.4,35447.98,35959.2,-511.21,36470.41,
2024-04-24,154.75,159.8,145.58,147.78,6491963.0,-4.5,151.36,155.53,157.51,False,31.77,12.8,24.18,,,,,,,,,,78.47,-46.9,1.0,161.881139,23922.79,23922.79,-1128.31,-4.5,11219.17,11961.4,-742.23,12703.62,,78.47,-46.9,1.0,464.739196,68679.16,68679.16,-3239.23,-4.5,32208.75,34339.58,-2130.83,36470.41,
2024-04-25,147.79,149.6,142.09,144.84,5417465.27,-1.99,150.36,154.51,156.57,False,31.94,12.31,25.01,,,,,,,,,,78.47,-45.82,1.0,161.881139,23446.86,23446.86,-475.93,-1.99,10743.24,11723.43,-980.19,12703.62,,78.47,-45.82,1.0,464.739196,67312.83,67312.83,-1366.33,-1.99,30842.42,33656.41,-2814.0,36470.41,
2024-04-26,144.83,146.19,138.74,139.23,3749353.51,-3.87,148.65,153.05,155.29,False,32.3,11.84,25.78,,,,,,,,,,78.47,-43.64,1.0,161.881139,22538.71,22538.71,-908.15,-3.87,9835.09,11269.36,-1434.27,12703.62,,78.47,-43.64,1.0,464.739196,64705.64,64705.64,-2607.19,-3.87,28235.23,32352.82,-4117.59,36470.41,
2024-04-27,139.23,143.04,132.88,141.31,3821061.91,1.49,147.52,151.94,154.25,False,33.0,11.2,27.5,,,,,,,,,,78.47,-44.47,1.0,161.881139,22875.42,22875.42,336.71,1.49,10171.8,11437.71,-1265.91,12703.62,,78.47,-44.47,1.0,464.739196,65672.3,65672.3,966.66,1.49,29201.89,32836.15,-3634.26,36470.41,
2024-04-28,141.31,144.82,137.03,137.99,2951913.56,-2.35,146.05,150.61,153.05,False,33.39,11.7,26.33,,,,,,,,,SMALL HH confirmed @ 160.00,78.47,-43.13,1.0,161.881139,22337.98,22337.98,-537.45,-2.35,9634.36,11168.99,-1534.63,12703.62,,78.47,-43.13,1.0,464.739196,64129.36,64129.36,-1542.93,-2.35,27658.95,32064.68,-4405.73,36470.41,
2024-04-29,137.99,138.93,133.38,137.77,4267883.5,-0.16,144.78,149.39,151.92,False,33.99,11.33,27.57,,,,,,,,,,78.47,-43.04,1.0,161.881139,22302.36,22302.36,-35.61,-0.16,9598.74,11151.18,-1552.44,12703.62,,78.47,-43.04,1.0,464.739196,64027.12,64027.12,-102.24,-0.16,27556.71,32013.56,-4456.85,36470.41,
2024-04-30,137.79,139.77,121.21,126.77,6026555.49,-7.98,142.01,147.23,150.05,False,35.21,10.17,31.45,,,,,,,,,,78.47,-38.1,1.0,161.881139,20521.67,20521.67,-1780.69,-7.98,7818.05,10260.84,-2442.79,12703.62,,78.47,-38.1,1.0,464.739196,58914.99,58914.99,-5112.13,-7.98,22444.58,29457.49,-7012.91,36470.41,
2024-05-01,126.76,135.97,118.47,134.64,7991325.27,6.21,140.87,146.03,148.91,False,36.48,9.22,29.97,,,,,,118.47,LL,,,78.47,-41.71,1.0,161.881139,21795.68,21795.68,1274.0,6.21,9092.05,10897.84,-1805.78,12703.62,,78.47,-41.71,1.0,464.739196,62572.49,62572.49,3657.5,6.21,26102.08,31286.24,-5184.17,36470.41,
2024-05-02,134.64,140.9,128.19,137.58,5743465.62,2.18,140.37,145.23,148.07,False,36.92,11.24,27.92,,,,,,,,,,78.47,-42.96,1.0,161.881139,22271.61,22271.61,475.93,2.18,9567.98,11135.8,-1567.82,12703.62,,78.47,-42.96,1.0,464.739196,63938.82,63938.82,1366.33,2.18,27468.41,31969.41,-4501.0,36470.41,
2024-05-03,137.58,145.0,135.88,143.69,4524855.56,4.44,140.88,145.08,147.75,False,36.74,12.93,26.52,,,,,,,,,,78.47,-45.39,1.0,161.881139,23260.7,23260.7,989.09,4.44,10557.08,11630.35,-1073.27,12703.62,,78.47,-45.39,1.0,464.739196,66778.38,66778.38,2839.56,4.44,30307.97,33389.19,-3081.22,36470.41,
2024-05-04,143.7,149.14,142.22,146.05,2808003.24,1.64,141.67,145.17,147.62,False,36.01,14.78,25.47,,,,,,,,,,78.47,-46.27,1.0,161.881139,23642.74,23642.74,382.04,1.64,10939.12,11821.37,-882.25,12703.62,,78.47,-46.27,1.0,464.739196,67875.16,67875.16,1096.78,1.64,31404.75,33937.58,-2532.83,36470.41,
2024-05-05,146.05,148.0,143.1,145.73,2131850.26,-0.22,142.3,145.23,147.48,False,35.34,14.35,24.73,,,,,,,,,,78.47,-46.15,1.0,161.881139,23590.94,23590.94,-51.8,-0.22,10887.32,11795.47,-908.15,12703.62,,78.47,-46.15,1.0,464.739196,67726.44,67726.44,-148.72,-0.22,31256.03,33863.22,-2607.19,36470.41,
2024-05-06,145.74,156.89,145.4,152.82,4787441.57,4.87,143.92,145.95,147.88,False,33.56,18.67,23.03,,,,,,,,,SMALL LL confirmed @ 118.47,78.47,-48.65,1.0,161.881139,24738.68,24738.68,1147.74,4.87,12035.05,12369.34,-334.28,12703.62,,78.47,-48.65,1.0,464.739196,71021.44,71021.44,3295.0,4.87,34551.04,35510.72,-959.69,36470.41,
2024-05-07,152.81,159.19,147.76,148.03,4486379.6,-3.13,144.55,146.15,147.89,False,31.64,18.77,21.46,,,,,159.19,,LH,,BIG HH confirmed @ 210.18,78.47,-46.99,1.0,161.881139,23963.27,23963.27,-775.41,-3.13,11259.64,11981.63,-721.99,12703.62,,78.47,-46.99,1.0,464.739196,68795.34,68795.34,-2226.1,-3.13,32324.93,34397.67,-2072.74,36470.41,
2024-05-08,148.03,152.0,140.0,142.18,4533265.34,-3.95,144.18,145.77,147.47,False,30.59,17.42,24.56,,,,,,,,,,78.47,-44.81,1.0,161.881139,23016.26,23016.26,-947.0,-3.95,10312.64,11508.13,-1195.49,12703.62,,78.47,-44.81,1.0,464.739196,66076.62,66076.62,-2718.72,-3.95,29606.21,33038.31,-3432.1,36470.41,
2024-05-09,142.17,153.39,140.61,152.57,3912139.91,7.31,145.47,146.42,147.84,False,29.45,16.93,22.69,,,,,,,,,,78.47,-48.56,1.0,161.881139,24698.21,24698.21,1681.95,7.31,11994.58,12349.1,-354.52,12703.62,,78.47,-48.56,1.0,464.739196,70905.26,70905.26,4828.64,7.31,34434.85,35452.63,-1017.78,36470.41,
2024-05-10,152.56,155.75,144.49,146.01,4124775.21,-4.3,145.56,146.38,147.71,False,28.08,17.2,21.16,,,,,,,,,,78.47,-46.25,1.0,161.881139,23636.27,23636.27,-1061.94,-4.3,10932.64,11818.13,-885.49,12703.62,,78.47,-46.25,1.0,464.739196,67856.57,67856.57,-3048.69,-4.3,31386.16,33928.29,-2542.12,36470.41,
2024-05-11,146.02,147.7,143.12,145.42,2017032.81,-0.4,145.54,146.29,147.54,False,26.96,16.7,21.41,,,,,,,,,,78.47,-46.04,1.0,161.881139,23540.76,23540.76,-95.51,-0.4,10837.13,11770.38,-933.24,12703.62,,78.47,-46.04,1.0,464.739196,67582.37,67582.37,-274.2,-0.4,31111.97,33791.19,-2679.22,36470.41,
2024-05-12,145.42,147.8,142.5,143.43,1422547.63,-1.37,145.21,146.02,147.23,False,25.98,16.13,21.08,,,,,,,,,SMALL LH confirmed @ 159.19,78.47,-45.29,1.0,161.881139,23218.61,23218.61,-322.14,-1.37,10514.99,11609.31,-1094.32,12703.62,,78.47,-45.29,1.0,464.739196,66657.54,66657.54,-924.83,-1.37,30187.13,33328.77,-3141.64,36470.41,
2024-05-13,143.42,150.88,137.78,147.54,4407929.92,2.87,145.57,146.16,147.26,False,25.58,14.77,22.33,,,,,,137.78,HL,,,78.47,-46.81,1.0,161.881139,23883.94,23883.94,665.33,2.87,11180.32,11941.97,-761.65,12703.62,,78.47,-46.81,1.0,464.739196,68567.62,68567.62,1910.08,2.87,32097.21,34283.81,-2186.6,36470.41,
2024-05-14,147.53,149.09,141.82,142.03,3389933.37,-3.73,145.03,145.77,146.87,False,25.21,14.06,21.27,,,,,,,,,,78.47,-44.75,1.0,161.881139,22991.98,22991.98,-891.97,-3.73,10288.36,11495.99,-1207.63,12703.62,,78.47,-44.75,1.0,464.739196,66006.91,66006.91,-2560.71,-3.73,29536.5,33003.45,-3466.95,36470.41,
2024-05-15,142.03,158.88,141.21,158.52,4885274.2,11.61,147.1,146.98,147.73,False,23.46,18.67,18.9,,,,,,,,,,78.47,-50.5,1.0,161.881139,25661.4,25661.4,2669.42,11.61,12957.78,12830.7,127.08,12703.62,,78.47,-50.5,1.0,464.739196,73670.46,73670.46,7663.55,11.61,37200.05,36835.23,364.82,36470.41,
2024-05-16,158.52,164.79,156.46,159.37,4200112.76,0.54,148.99,148.16,148.59,True,22.43,21.46,17.89,,,,,,,,BULL_BOS,SMALL BULL BOS @ 159.37 (level 159.19),78.47,-50.76,1.0,161.881139,25799.0,25799.0,137.6,0.54,13095.37,12899.5,195.88,12703.62,,78.47,-50.76,1.0,464.739196,74065.49,74065.49,395.03,0.54,37595.08,37032.74,562.33,36470.41,
2024-05-17,159.36,174.0,159.32,169.44,4097186.84,6.32,152.14,150.19,150.14,True,22.38,25.27,16.24,,,,,,,,,,78.47,-53.69,1.0,161.881139,27429.14,27429.14,1630.14,6.32,14725.52,13714.57,1010.95,12703.62,,78.47,-53.69,1.0,464.739196,78745.41,78745.41,4679.92,6.32,42275.0,39372.7,2902.3,36470.41,
2024-05-18,169.43,176.06,168.65,172.4,2874474.0,1.75,155.25,152.3,151.79,True,22.52,25.39,15.46,,,,,,,,,SMALL HL confirmed @ 137.78,78.47,-54.48,1.0,161.881139,27908.31,27908.31,479.17,1.75,15204.69,13954.15,1250.53,12703.62,,78.47,-54.48,1.0,464.739196,80121.04,80121.04,1375.63,1.75,43650.63,40060.52,3590.11,36470.41,
2024-05-19,172.4,175.5,165.96,169.93,2696984.07,-1.43,157.51,153.98,153.13,True,22.26,23.81,16.25,,,,,,,,,,78.47,-53.82,1.0,161.881139,27508.46,27508.46,-399.85,-1.43,14804.84,13754.23,1050.61,12703.62,,78.47,-53.82,1.0,464.739196,78973.13,78973.13,-1147.91,-1.43,42502.72,39486.57,3016.16,36470.41,
2024-05-20,169.93,188.32,167.47,186.7,5690569.0,9.87,162.0,157.1,155.62,True,23.07,28.61,14.18,,,,,,,,,,78.47,-57.97,1.0,161.881139,30223.21,30223.21,2714.75,9.87,17519.59,15111.6,2407.98,12703.62,,78.47,-57.97,1.0,464.739196,86766.81,86766.81,7793.68,9.87,50296.4,43383.4,6913.0,36470.41,
2024-05-21,186.69,188.89,174.37,178.15,4727780.06,-4.58,164.49,159.1,157.29,True,23.88,26.46,12.95,188.89,,LH,,188.89,,HH,,,78.47,-55.95,1.0,161.881139,28839.12,28839.12,-1384.08,-4.58,16135.5,14419.56,1715.94,12703.62,,78.47,-55.95,1.0,464.739196,82793.29,82793.29,-3973.52,-4.58,46322.88,41396.64,4926.24,36470.41,
2024-05-22,178.15,185.0,174.96,176.95,4272900.13,-0.67,166.4,160.8,158.74,True,24.62,24.85,12.16,,,,,,,,,,78.47,-55.65,1.0,161.881139,28644.87,28644.87,-194.26,-0.67,15941.25,14322.43,1618.81,12703.62,,78.47,-55.65,1.0,464.739196,82235.6,82235.6,-557.69,-0.67,45765.19,41117.8,4647.39,36470.41,
2024-05-23,176.96,181.04,165.35,176.16,5598921.63,-0.45,167.9,162.27,160.03,True,23.92,22.53,16.73,,,,,,,,,,78.47,-55.45,1.0,161.881139,28516.98,28516.98,-127.89,-0.45,15813.36,14258.49,1554.87,12703.62,,78.47,-55.45,1.0,464.739196,81868.46,81868.46,-367.14,-0.45,45398.05,40934.23,4463.82,36470.41,
2024-05-24,176.15,176.15,162.5,167.7,4819660.64,-4.8,167.87,162.78,160.6,True,22.9,20.72,17.06,,,,,,,,,,78.47,-53.21,1.0,161.881139,27147.47,27147.47,-1369.51,-4.8,14443.84,13573.73,870.11,12703.62,,78.47,-53.21,1.0,464.739196,77936.76,77936.76,-3931.69,-4.8,41466.35,38968.38,2497.97,36470.41,
2024-05-25,167.7,170.55,165.9,168.35,1911443.14,0.39,167.95,163.31,161.18,True,21.96,20.13,16.57,,,,,,,,,,78.47,-53.39,1.0,161.881139,27252.69,27252.69,105.22,0.39,14549.07,13626.34,922.72,12703.62,,78.47,-53.39,1.0,464.739196,78238.84,78238.84,302.08,0.39,41768.44,39119.42,2649.01,36470.41,
2024-05-26,168.35,168.4,161.0,163.41,3126117.99,-2.93,167.25,163.32,161.34,True,20.45,19.19,18.89,,,,,,161.0,HL,,SMALL HH confirmed @ 188.89,78.47,-51.98,1.0,161.881139,26453.0,26453.0,-799.69,-2.93,13749.37,13226.5,522.88,12703.62,,78.47,-51.98,1.0,464.739196,75943.03,75943.03,-2295.81,-2.93,39472.62,37971.52,1501.11,36470.41,
2024-05-27,163.42,172.28,163.26,170.15,3260017.06,4.12,167.69,163.97,161.99,True,19.5,20.57,17.8,,,,,,,,,,78.47,-53.88,1.0,161.881139,27544.08,27544.08,1091.08,4.12,14840.45,13772.04,1068.42,12703.62,,78.47,-53.88,1.0,464.739196,79075.37,79075.37,3132.34,4.12,42604.97,39537.69,3067.28,36470.41,
2024-05-28,170.15,173.24,164.92,168.68,3779251.34,-0.86,167.85,164.42,162.49,True,18.74,20.08,16.83,,,,,,,,,,78.47,-53.48,1.0,161.881139,27306.11,27306.11,-237.97,-0.86,14602.49,13653.06,949.43,12703.62,,78.47,-53.48,1.0,464.739196,78392.21,78392.21,-683.17,-0.86,41921.8,39196.1,2725.7,36470.41,
2024-05-29,168.68,173.93,167.0,168.32,2946277.29,-0.21,167.92,164.79,162.92,True,18.11,19.61,16.05,,,,,173.93,,LH,,,78.47,-53.38,1.0,161.881139,27247.83,27247.83,-58.28,-0.21,14544.21,13623.92,920.29,12703.62,,78.47,-53.38,1.0,464.739196,78224.9,78224.9,-167.31,-0.21,41754.49,39112.45,2642.04,36470.41,
2024-05-30,168.32,173.0,163.55,166.88,3307767.05,-0.86,167.76,164.99,163.21,True,17.02,18.36,17.36,,,,,,,,,,78.47,-52.98,1.0,161.881139,27014.72,27014.72,-233.11,-0.86,14311.1,13507.36,803.74,12703.62,,78.47,-52.98,1.0,464.739196,77555.68,77555.68,-669.22,-0.86,41085.27,38777.84,2307.43,36470.41,
2024-05-31,166.88,170.94,163.67,165.65,2592736.39,-0.74,167.43,165.05,163.39,True,16.0,17.43,16.49,,,,,,,,,SMALL HL confirmed @ 161.00,78.47,-52.63,1.0,161.881139,26815.61,26815.61,-199.11,-0.74,14111.99,13407.81,704.18,12703.62,,78.47,-52.63,1.0,464.739196,76984.05,76984.05,-571.63,-0.74,40513.64,38492.02,2021.62,36470.41,
2024-06-01,165.65,167.95,165.64,166.14,1070498.93,0.3,167.24,165.16,163.6,True,15.06,17.14,16.21,,,,,,,,,,78.47,-52.77,1.0,161.881139,26894.93,26894.93,79.32,0.3,14191.31,13447.47,743.84,12703.62,,78.47,-52.77,1.0,464.739196,77211.77,77211.77,227.72,0.3,40741.36,38605.89,2135.48,36470.41,
2024-06-02,166.14,167.1,161.32,163.15,1669577.99,-1.8,166.61,164.97,163.56,True,14.46,16.39,18.76,,,,,,,,,BIG HL confirmed @ 116.00,78.47,-51.9,1.0,161.881139,26410.91,26410.91,-484.02,-1.8,13707.29,13205.45,501.83,12703.62,,78.47,-51.9,1.0,464.739196,75822.2,75822.2,-1389.57,-1.8,39351.79,37911.1,1440.69,36470.41,
2024-06-03,163.14,167.21,161.79,164.89,2378016.53,1.07,166.34,164.96,163.66,True,13.89,15.79,17.97,,,,,,,,,SMALL LH confirmed @ 173.93,78.47,-52.41,1.0,161.881139,26692.58,26692.58,281.67,1.07,13988.96,13346.29,642.67,12703.62,,78.47,-52.41,1.0,464.739196,76630.85,76630.85,808.65,1.07,40160.44,38315.42,1845.01,36470.41,
2024-06-04,164.9,171.87,164.31,171.78,2124954.02,4.18,167.18,165.61,164.26,True,13.23,18.52,16.9,,,,,,,,,,78.47,-54.32,1.0,161.881139,27807.94,27807.94,1115.36,4.18,15104.32,13903.97,1200.35,12703.62,,78.47,-54.32,1.0,464.739196,79832.9,79832.9,3202.05,4.18,43362.49,39916.45,3446.04,36470.41,
2024-06-05,171.78,175.6,170.0,173.54,2560223.59,1.02,168.16,166.36,164.95,True,13.17,20.7,16.13,,,,,,,,,,78.47,-54.78,1.0,161.881139,28092.85,28092.85,284.91,1.02,15389.23,14046.43,1342.8,12703.62,,78.47,-54.78,1.0,464.739196,80650.84,80650.84,817.94,1.02,44180.43,40325.42,3855.01,36470.41,
2024-06-06,173.55,174.4,167.51,170.15,2116238.23,-1.95,168.46,166.72,165.34,True,12.66,19.52,17.26,,,,,,,,,,78.47,-53.88,1.0,161.881139,27544.08,27544.08,-548.78,-1.95,14840.45,13772.04,1068.42,12703.62,,78.47,-53.88,1.0,464.739196,79075.37,79075.37,-1575.47,-1.95,42604.97,39537.69,3067.28,36470.41,
2024-06-07,170.15,172.85,152.92,162.5,3538852.09,-4.5,167.55,166.32,165.13,True,13.29,16.6,25.65,,,,,,,,,,78.47,-51.71,1.0,161.881139,26305.69,26305.69,-1238.39,-4.5,13602.06,13152.84,449.22,12703.62,,78.47,-51.71,1.0,464.739196,75520.12,75520.12,-3555.25,-4.5,39049.71,37760.06,1289.65,36470.41,
2024-06-08,162.51,163.78,157.37,157.83,1789882.65,-2.87,166.05,165.51,164.59,True,13.87,15.78,24.39,,,,,,,,BEAR_CHOCH,SMALL BEAR CHOCH @ 157.83 (level 161.00),,,,,,25549.7,-755.98,-2.87,0.0,0.0,,25549.7,"EXIT @ 157.83 (small red CHoCH, realized +142.46)",,,,,,73349.79,-2170.33,-2.87,0.0,0.0,,73349.79,"EXIT @ 157.83 (small red CHoCH, realized +408.97)"
2024-06-09,157.83,163.04,156.52,162.12,1444905.0,2.72,165.45,165.19,164.4,True,14.51,14.97,23.8,,,,,,,,,,,,,,,25549.7,0.0,0.0,0.0,0.0,,25549.7,,,,,,,73349.79,0.0,0.0,0.0,0.0,,73349.79,
2024-06-10,162.12,163.18,157.46,159.05,1760276.95,-1.89,164.46,164.61,164.01,True,15.08,14.39,22.7,,,,,,,,,,,,,,,25549.7,0.0,0.0,0.0,0.0,,25549.7,,,,,,,73349.79,0.0,0.0,0.0,0.0,,73349.79,
2024-06-11,159.04,159.75,145.2,149.31,3646582.78,-6.12,162.13,163.15,162.92,False,16.84,12.77,29.62,,,,,,,,,,,,,,,25549.7,0.0,0.0,0.0,0.0,,25549.7,,,,,,,73349.79,0.0,0.0,0.0,0.0,,73349.79,
2024-06-12,149.31,161.84,145.44,155.22,3851856.39,3.96,161.07,162.39,162.35,False,18.08,12.77,26.07,,,,,,,,,,,,,,,25549.7,0.0,0.0,0.0,0.0,,25549.7,,,,,,,73349.79,0.0,0.0,0.0,0.0,,73349.79,
2024-06-13,155.21,155.21,146.03,147.29,2573289.11,-5.11,158.95,160.96,161.23,False,19.24,11.9,24.31,,,,,,,,,,,,,,,25549.7,0.0,0.0,0.0,0.0,,25549.7,,,,,,,73349.79,0.0,0.0,0.0,0.0,,73349.79,
2024-06-14,147.29,149.0,139.67,143.05,3183461.49,-2.88,156.5,159.25,159.89,False,20.88,11.09,27.32,,,,,,,,,,,,,,,25549.7,0.0,0.0,0.0,0.0,,25549.7,,,,,,,73349.79,0.0,0.0,0.0,0.0,,73349.79,
2024-06-15,143.04,145.78,142.92,145.52,1346924.92,1.73,154.81,157.94,158.82,False,22.41,10.84,26.72,,,,,,,,,,,,,,,25549.7,0.0,0.0,0.0,0.0,,25549.7,,,,,,,73349.79,0.0,0.0,0.0,0.0,,73349.79,
2024-06-16,145.52,151.35,143.08,151.3,1405879.43,3.97,154.27,157.31,158.26,False,22.71,14.49,24.99,,,,,,,,,,,,,,,25549.7,0.0,0.0,0.0,0.0,,25549.7,,,,,,,73349.79,0.0,0.0,0.0,0.0,,73349.79,
2024-06-17,151.3,151.79,139.85,143.27,3412959.81,-5.31,152.58,155.97,157.15,False,23.32,13.17,25.18,,,,,,,,,,,,,,,25549.7,0.0,0.0,0.0,0.0,,25549.7,,,,,,,73349.79,0.0,0.0,0.0,0.0,,73349.79,
2024-06-18,143.28,143.82,127.95,137.41,6557976.71,-4.09,150.25,154.2,155.69,False,24.89,11.65,30.94,,,,,,,,,,,,,,,25549.7,0.0,0.0,0.0,0.0,,25549.7,,,,,,,73349.79,0.0,0.0,0.0,0.0,,73349.79,
2024-06-19,137.41,141.9,134.47,135.62,3536777.47,-1.3,148.0,152.43,154.2,False,26.35,11.0,29.23,,,,,,,,,,,,,,,25549.7,0.0,0.0,0.0,0.0,,25549.7,,,,,,,73349.79,0.0,0.0,0.0,0.0,,73349.79,
2024-06-20,135.62,141.29,131.9,133.55,3507680.51,-1.53,145.77,150.64,152.67,False,27.89,10.24,29.1,,,,,,,,,,,,,,,25549.7,0.0,0.0,0.0,0.0,,25549.7,,,,,,,73349.79,0.0,0.0,0.0,0.0,,73349.79,
2024-06-21,133.55,135.38,128.76,134.6,3230074.03,0.79,144.05,149.11,151.34,False,29.55,9.72,30.03,,,,,,,,,,,,,,,25549.7,0.0,0.0,0.0,0.0,,25549.7,,,,,,,73349.79,0.0,0.0,0.0,0.0,,73349.79,
2024-06-22,134.61,136.74,133.0,133.69,1399215.89,-0.68,142.46,147.64,150.03,False,30.79,10.51,29.13,,,,,,,,,,,,,,,25549.7,0.0,0.0,0.0,0.0,,25549.7,,,,,,,73349.79,0.0,0.0,0.0,0.0,,73349.79,
2024-06-23,133.7,135.09,128.22,128.69,1492401.23,-3.74,140.34,145.84,148.45,False,32.3,9.93,31.38,,,,,,,,,,,,,,,25549.7,0.0,0.0,0.0,0.0,,25549.7,,,,,,,73349.79,0.0,0.0,0.0,0.0,,73349.79,
2024-06-24,128.68,132.66,122.0,132.33,5583497.78,2.83,139.11,144.55,147.25,False,34.1,9.09,33.67,,,,,,122.0,LL,,,,,,,,25549.7,0.0,0.0,0.0,0.0,,25549.7,,,,,,,73349.79,0.0,0.0,0.0,0.0,,73349.79,
2024-06-25,132.34,139.9,131.2,136.58,3963661.7,3.21,138.72,143.79,146.46,False,34.35,14.23,31.33,,,,,,,,,,,,,,,25549.7,0.0,0.0,0.0,0.0,,25549.7,,,,,,,73349.79,0.0,0.0,0.0,0.0,,73349.79,
2024-06-26,136.57,140.41,134.85,136.81,2503428.07,0.17,138.43,143.13,145.75,False,34.48,14.0,29.9,,,,,,,,,,,,,,,25549.7,0.0,0.0,0.0,0.0,,25549.7,,,,,,,73349.79,0.0,0.0,0.0,0.0,,73349.79,
2024-06-27,136.81,151.21,135.2,149.71,4450967.44,9.43,140.16,143.75,146.04,False,32.87,20.62,26.2,,,,,,,,,,,,,,,25549.7,0.0,0.0,0.0,0.0,,25549.7,,,,,,,73349.79,0.0,0.0,0.0,0.0,,73349.79,
2024-06-28,149.71,150.84,139.01,140.03,3339031.27,-6.47,140.14,143.4,145.6,False,31.37,18.77,23.85,,,,,,,,,,,,,,,25549.7,0.0,0.0,0.0,0.0,,25549.7,,,,,,,73349.79,0.0,0.0,0.0,0.0,,73349.79,
2024-06-29,140.03,143.26,139.67,140.28,1468985.54,0.18,140.16,143.1,145.2,False,29.98,18.24,23.17,,,,,,,,,SMALL LL confirmed @ 122.00,,,,,,25549.7,0.0,0.0,0.0,0.0,,25549.7,,,,,,,73349.79,0.0,0.0,0.0,0.0,,73349.79,
2024-06-30,140.28,147.62,137.09,146.61,2086670.19,4.51,141.15,143.44,145.31,False,28.03,20.15,21.26,,,,,,,,,,,,,,,25549.7,0.0,0.0,0.0,0.0,,25549.7,,,,,,,73349.79,0.0,0.0,0.0,0.0,,73349.79,
2024-07-01,146.61,149.36,145.87,146.67,2280252.84,0.04,142.0,143.74,145.41,False,26.09,21.0,20.65,,,,,,,,,,,,,,,25549.7,0.0,0.0,0.0,0.0,,25549.7,,,,,,,73349.79,0.0,0.0,0.0,0.0,,73349.79,
2024-07-02,146.68,155.0,146.14,154.03,2776061.29,5.02,143.85,144.72,146.05,False,25.04,24.1,19.15,,,,,155.0,,LH,,,,,,,,25549.7,0.0,0.0,0.0,0.0,,25549.7,,,,,,,73349.79,0.0,0.0,0.0,0.0,,73349.79,
2024-07-03,154.03,154.5,139.01,140.84,4189341.93,-8.56,143.39,144.35,145.66,False,23.45,21.2,22.38,,,,,,,,,,,,,,,25549.7,0.0,0.0,0.0,0.0,,25549.7,,,,,,,73349.79,0.0,0.0,0.0,0.0,,73349.79,
2024-07-04,140.84,142.75,127.2,127.86,5230812.16,-9.22,141.0,142.78,144.34,False,23.25,18.76,28.54,,,,,,,,,,,,,,,25549.7,0.0,0.0,0.0,0.0,,25549.7,,,,,,,73349.79,0.0,0.0,0.0,0.0,,73349.79,
2024-07-05,127.85,136.58,121.0,134.32,7669471.23,5.05,139.97,141.98,143.6,False,23.6,16.69,29.78,,,,,,121.0,LL,,,,,,,,25549.7,0.0,0.0,0.0,0.0,,25549.7,,,,,,,73349.79,0.0,0.0,0.0,0.0,,73349.79,
2024-07-06,134.32,144.35,132.33,143.05,2873919.14,6.5,140.45,142.08,143.56,False,22.89,20.72,27.28,,,,,,,,,,,,,,,25549.7,0.0,0.0,0.0,0.0,,25549.7,,,,,,,73349.79,0.0,0.0,0.0,0.0,,73349.79,
2024-07-07,143.05,143.33,131.23,131.64,2590805.37,-7.98,139.09,141.08,142.68,False,22.34,18.99,25.76,,,,,,,,,SMALL LH confirmed @ 155.00,,,,,,25549.7,0.0,0.0,0.0,0.0,,25549.7,,,,,,,73349.79,0.0,0.0,0.0,0.0,,73349.79,
2024-07-08,131.64,142.0,127.77,139.81,5708358.01,6.21,139.2,140.96,142.46,False,22.15,17.17,25.62,,,,,,,,,,,,,,,25549.7,0.0,0.0,0.0,0.0,,25549.7,,,,,,,73349.79,0.0,0.0,0.0,0.0,,73349.79,
2024-07-09,139.81,144.33,136.45,141.42,3363673.61,1.15,139.54,141.01,142.39,False,21.66,17.84,24.24,,,,,,,,,,,,,,,25549.7,0.0,0.0,0.0,0.0,,25549.7,,,,,,,73349.79,0.0,0.0,0.0,0.0,,73349.79,
2024-07-10,141.43,146.2,138.6,141.98,2700825.89,0.4,139.92,141.1,142.36,False,20.93,18.2,22.96,,,,,,,,,BIG LH confirmed @ 188.89 | SMALL LL confirmed @ 121.00,,,,,,25549.7,0.0,0.0,0.0,0.0,,25549.7,,,,,,,73349.79,0.0,0.0,0.0,0.0,,73349.79,
2024-07-11,141.99,146.1,135.64,135.73,3363094.13,-4.4,139.27,140.59,141.87,False,20.59,16.87,23.35,,,,,,,,,,,,,,,25549.7,0.0,0.0,0.0,0.0,,25549.7,,,,,,,73349.79,0.0,0.0,0.0,0.0,,73349.79,
2024-07-12,135.73,140.55,133.92,139.46,2929528.43,2.75,139.3,140.48,141.69,False,20.45,16.07,23.47,,,,,,,,,,,,,,,25549.7,0.0,0.0,0.0,0.0,,25549.7,,,,,,,73349.79,0.0,0.0,0.0,0.0,,73349.79,
2024-07-13,139.47,143.6,137.94,141.9,1357177.62,1.75,139.7,140.62,141.7,False,19.85,17.65,22.49,,,,,,,,,,,,,,,25549.7,0.0,0.0,0.0,0.0,,25549.7,,,,,,,73349.79,0.0,0.0,0.0,0.0,,73349.79,
2024-07-14,141.89,148.56,141.87,147.66,2997466.76,4.06,140.93,141.29,142.14,False,18.58,20.5,21.35,,,,,,,,,,,,,,,25549.7,0.0,0.0,0.0,0.0,,25549.7,,,,,,,73349.79,0.0,0.0,0.0,0.0,,73349.79,
2024-07-15,147.66,159.95,147.0,159.38,3428848.52,7.94,143.77,143.01,143.42,True,18.43,26.93,19.32,,,,,,,,BULL_CHOCH,SMALL BULL CHOCH @ 159.38 (level 155.00),143.44,-10.0,5.0,801.534076,127748.5,25549.7,0.0,0.0,12774.85,12774.85,0.0,12774.85,"ENTRY @ 159.38 (small green CHoCH, margin $12774.85 [50% of bank] @ 10x [ADX 18.4, zone green], 801.534076 units)",143.44,-10.0,5.0,2301.097607,366748.94,73349.79,0.0,0.0,36674.89,36674.89,0.0,36674.89,"ENTRY @ 159.38 (small green CHoCH, margin $36674.89 [50% of bank] @ 10x [ADX 18.4, zone green], 2301.097607 units)"
2024-07-16,159.37,162.49,152.57,160.62,3988105.45,0.78,146.36,144.69,144.7,True,18.53,26.83,17.91,,,,,,,,,,143.44,-10.69,4.85,801.534076,128742.4,26543.6,993.9,3.89,13768.75,12874.24,894.51,12774.85,,143.44,-10.69,4.85,2301.097607,369602.3,76203.15,2853.36,3.89,39528.25,36960.23,2568.02,36674.89,
2024-07-17,160.62,163.8,154.68,155.5,2840583.09,-3.19,147.76,145.72,145.5,True,18.76,25.99,16.71,,,,,,,,,,143.44,-7.75,5.55,801.534076,124638.55,22439.75,-4103.85,-15.46,9664.9,12463.85,-2798.96,12774.85,,143.44,-7.75,5.55,2301.097607,357820.68,64421.53,-11781.62,-15.46,27746.63,35782.07,-8035.43,36674.89,
2024-07-18,155.5,161.6,155.07,159.22,2584704.12,2.39,149.53,147.0,146.51,True,18.98,24.71,15.88,,,,,,,,,,143.44,-9.91,5.02,801.534076,127620.26,25421.45,2981.71,13.29,12646.6,12762.03,-115.42,12774.85,,143.44,-9.91,5.02,2301.097607,366380.76,72981.61,8560.08,13.29,36306.72,36638.08,-331.36,36674.89,
2024-07-19,159.22,172.42,156.07,169.13,4685513.24,6.22,152.54,149.11,148.19,True,20.17,29.58,14.02,,,,,,,,,,143.44,-15.19,4.06,801.534076,135563.46,33364.66,7943.2,31.25,20589.81,13556.35,7033.46,12774.85,,143.44,-15.19,4.06,2301.097607,389184.64,95785.49,22803.88,31.25,59110.6,38918.46,20192.13,36674.89,
2024-07-20,169.12,175.1,167.27,173.6,2047796.05,2.64,155.78,151.44,150.07,True,21.49,29.84,13.22,,,,,,,,,,143.44,-17.37,3.77,801.534076,139146.32,36947.51,3582.86,10.74,24172.66,13914.63,10258.03,12774.85,,143.44,-17.37,3.77,2301.097607,399470.54,106071.4,10285.91,10.74,69396.5,39947.05,29449.45,36674.89,
2024-07-21,173.6,185.17,170.27,184.49,3684536.41,6.27,160.2,154.59,152.62,True,23.39,33.79,11.84,,,,,185.17,,HH,,,143.44,-22.25,3.24,801.534076,147875.02,45676.22,8728.71,23.62,32901.37,14787.5,18113.87,12774.85,,143.44,-22.25,3.24,2301.097607,424529.5,131130.35,25058.95,23.62,94455.45,42452.95,52002.5,36674.89,
2024-07-22,184.49,185.0,176.71,178.9,3345609.52,-3.03,163.08,156.91,154.57,True,25.15,31.8,11.14,,,,,,,,,,143.44,-19.82,3.48,801.534076,143394.45,41195.65,-4480.58,-9.81,28420.8,14339.44,14081.35,12774.85,,143.44,-19.82,3.48,2301.097607,411666.36,118267.21,-12863.14,-9.81,81592.32,41166.64,40425.68,36674.89,
2024-07-23,178.9,180.54,169.72,173.03,3895827.33,-3.28,164.61,158.44,155.93,True,25.62,29.36,15.23,,,,,,,,,,143.44,-17.1,3.8,801.534076,138689.44,36490.64,-4705.01,-11.42,23715.79,13868.94,9846.85,12774.85,,143.44,-17.1,3.8,2301.097607,398158.92,104759.77,-13507.44,-11.42,68084.88,39815.89,28268.98,36674.89,
2024-07-24,173.03,182.5,170.9,178.06,3845177.71,2.91,166.68,160.31,157.57,True,26.21,28.35,14.0,,,,,,,,,,143.44,-19.44,3.52,801.534076,142721.16,40522.36,4031.72,11.05,27747.51,14272.12,13475.39,12774.85,,143.44,-19.44,3.52,2301.097607,409733.44,116334.29,11574.52,11.05,79659.4,40973.34,38686.05,36674.89,
2024-07-25,178.07,179.59,165.42,171.85,4859387.43,-3.49,167.47,161.41,158.63,True,25.91,25.61,16.38,,,,,,165.42,HL,,,143.44,-16.53,3.88,801.534076,137743.63,35544.83,-4977.53,-12.28,22769.98,13774.36,8995.62,12774.85,,143.44,-16.53,3.88,2301.097607,395443.62,102044.47,-14289.82,-12.28,65369.58,39544.36,25825.22,36674.89,
2024-07-26,171.86,185.01,171.69,183.06,3030603.25,6.52,169.87,163.47,160.44,True,26.11,26.95,14.92,,,,,,,,,SMALL HH confirmed @ 185.17,143.44,-21.64,3.3,801.534076,146728.83,44530.03,8985.2,25.28,31755.18,14672.88,17082.29,12774.85,,143.44,-21.64,3.3,2301.097607,421238.93,127839.78,25795.3,25.28,91164.89,42123.89,49040.99,36674.89,
2024-07-27,183.07,188.33,178.11,183.92,3518852.06,0.47,172.03,165.42,162.18,True,26.57,27.33,13.9,,,,,,,,,,143.44,-22.01,3.26,801.534076,147418.15,45219.35,689.32,1.55,32444.5,14741.81,17702.68,12774.85,,143.44,-22.01,3.26,2301.097607,423217.87,129818.72,1978.94,1.55,93143.83,42321.79,50822.04,36674.89,
2024-07-28,183.92,186.77,181.16,184.9,1901473.96,0.53,174.01,167.27,163.86,True,27.0,26.27,13.36,,,,,,,,,,143.44,-22.42,3.22,801.534076,148203.65,46004.85,785.5,1.74,33230.0,14820.37,18409.63,12774.85,,143.44,-22.42,3.22,2301.097607,425472.95,132073.8,2255.08,1.74,95398.9,42547.29,52851.61,36674.89,
2024-07-29,184.91,193.98,181.57,182.57,4024560.31,-1.26,175.33,168.73,165.25,True,27.98,28.97,12.22,,,,,193.98,,HH,,,143.44,-21.43,3.32,801.534076,146336.08,44137.28,-1867.57,-4.06,31362.43,14633.61,16728.82,12774.85,,143.44,-21.43,3.32,2301.097607,420111.39,126712.24,-5361.56,-4.06,90037.35,42011.14,48026.21,36674.89,
2024-07-30,182.57,184.95,175.39,179.16,3074498.49,-1.87,175.92,169.72,166.28,True,27.88,27.06,15.67,,,,,,,,,SMALL HL confirmed @ 165.42,143.44,-19.94,3.47,801.534076,143602.85,41404.04,-2733.23,-6.19,28629.19,14360.28,14268.91,12774.85,,143.44,-19.94,3.47,2301.097607,412264.65,118865.5,-7846.74,-6.19,82190.6,41226.46,40964.14,36674.89,
2024-07-31,179.16,185.1,171.61,171.71,3250862.53,-4.16,175.27,169.91,166.68,True,27.24,24.6,16.79,,,,,,,,,,143.44,-16.46,3.88,801.534076,137631.42,35432.62,-5971.43,-14.42,22657.77,13763.14,8894.62,12774.85,,143.44,-16.46,3.88,2301.097607,395121.47,101722.32,-17143.18,-14.42,65047.43,39512.15,25535.28,36674.89,
2024-08-01,171.7,172.91,157.91,167.37,5523497.62,-2.53,174.06,169.67,166.73,True,25.59,22.19,24.11,,,,,,,,,,143.44,-14.3,4.2,801.534076,134152.76,31953.96,-3478.66,-9.82,19179.11,13415.28,5763.83,12774.85,,143.44,-14.3,4.2,2301.097607,385134.71,91735.56,-9986.76,-9.82,55060.66,38513.47,16547.19,36674.89,
2024-08-02,167.37,169.43,150.0,152.77,5553017.93,-8.72,170.78,168.06,165.7,True,24.8,19.52,26.11,,,,,,,,BEAR_CHOCH,SMALL BEAR CHOCH @ 152.77 (level 165.42),,,,,,20251.56,-11702.4,-36.62,0.0,0.0,,20251.56,"EXIT @ 152.77 (small red CHoCH, realized -5298.14)",,,,,,58139.53,-33596.03,-36.62,0.0,0.0,,58139.53,"EXIT @ 152.77 (small red CHoCH, realized -15210.26)"
2024-08-03,152.78,154.05,140.0,142.52,5444954.69,-6.71,166.43,165.63,163.98,True,24.84,17.84,29.97,,,,,,,,,SMALL HH confirmed @ 193.98,,,,,,20251.56,0.0,0.0,0.0,0.0,,20251.56,,,,,,,58139.53,0.0,0.0,0.0,0.0,,58139.53,
2024-08-04,142.53,146.08,131.22,138.33,7037715.28,-2.94,162.11,163.03,162.08,True,25.45,16.26,32.57,,,,,,,,,,,,,,,20251.56,0.0,0.0,0.0,0.0,,20251.56,,,,,,,58139.53,0.0,0.0,0.0,0.0,,58139.53,
2024-08-05,138.32,139.37,110.0,129.78,24267557.82,-6.18,157.14,159.86,159.69,False,27.06,13.67,38.88,,110.0,LL,,,110.0,LL,,,,,,,,20251.56,0.0,0.0,0.0,0.0,,20251.56,,,,,,,58139.53,0.0,0.0,0.0,0.0,,58139.53,
2024-08-06,129.79,149.59,129.4,144.4,8362643.63,11.27,155.18,158.39,158.56,False,27.48,17.56,34.78,,,,,,,,,,,,,,,20251.56,0.0,0.0,0.0,0.0,,20251.56,,,,,,,58139.53,0.0,0.0,0.0,0.0,,58139.53,
2024-08-07,144.4,155.0,142.21,144.77,8372307.59,0.26,153.58,157.09,157.53,False,27.34,19.22,32.45,,,,,,,,,,,,,,,20251.56,0.0,0.0,0.0,0.0,,20251.56,,,,,,,58139.53,0.0,0.0,0.0,0.0,,58139.53,
2024-08-08,144.78,163.7,141.4,163.13,7303133.96,12.68,155.05,157.67,157.95,False,26.44,21.44,28.82,163.7,,LH,,163.7,,LH,,,,,,,,20251.56,0.0,0.0,0.0,0.0,,20251.56,,,,,,,58139.53,0.0,0.0,0.0,0.0,,58139.53,
2024-08-09,163.12,163.54,150.72,156.28,4098735.23,-4.2,155.24,157.54,157.83,False,25.6,20.05,26.95,,,,,,,,,,,,,,,20251.56,0.0,0.0,0.0,0.0,,20251.56,,,,,,,58139.53,0.0,0.0,0.0,0.0,,58139.53,
2024-08-10,156.29,158.75,152.54,154.01,1885839.23,-1.45,155.05,157.2,157.54,False,24.82,19.39,26.07,,,,,,,,,SMALL LL confirmed @ 110.00,,,,,,20251.56,0.0,0.0,0.0,0.0,,20251.56,,,,,,,58139.53,0.0,0.0,0.0,0.0,,58139.53,
2024-08-11,154.01,158.0,141.2,141.57,3468314.26,-8.08,152.97,155.71,156.36,False,24.85,17.71,29.67,,,,,,,,,,,,,,,20251.56,0.0,0.0,0.0,0.0,,20251.56,,,,,,,58139.53,0.0,0.0,0.0,0.0,,58139.53,
2024-08-12,141.56,150.79,141.2,146.29,4946945.24,3.33,151.95,154.81,155.61,False,24.88,16.81,28.17,,,,,,,,,,,,,,,20251.56,0.0,0.0,0.0,0.0,,20251.56,,,,,,,58139.53,0.0,0.0,0.0,0.0,,58139.53,
2024-08-13,146.29,149.82,142.92,146.65,2865655.42,0.25,151.13,154.04,154.95,False,24.91,16.17,27.1,,,,,,,,,SMALL LH confirmed @ 163.70,,,,,,20251.56,0.0,0.0,0.0,0.0,,20251.56,,,,,,,58139.53,0.0,0.0,0.0,0.0,,58139.53,
2024-08-14,146.65,152.18,142.36,143.71,3927148.65,-2.0,149.99,153.05,154.12,False,24.65,16.6,25.62,,,,,,,,,,,,,,,20251.56,0.0,0.0,0.0,0.0,,20251.56,,,,,,,58139.53,0.0,0.0,0.0,0.0,,58139.53,
2024-08-15,143.7,147.64,137.78,142.58,4229038.82,-0.79,148.85,152.06,153.26,False,24.76,15.67,26.78,,,,,,,,,,,,,,,20251.56,0.0,0.0,0.0,0.0,,20251.56,,,,,,,58139.53,0.0,0.0,0.0,0.0,,58139.53,
2024-08-16,142.58,144.88,136.1,139.04,4035320.6,-2.48,147.34,150.82,152.21,False,24.98,14.88,26.39,,,,,,136.1,HL,,,,,,,,20251.56,0.0,0.0,0.0,0.0,,20251.56,,,,,,,58139.53,0.0,0.0,0.0,0.0,,58139.53,
2024-08-17,139.04,141.99,137.61,141.93,1561594.1,2.08,146.51,149.97,151.45,False,25.19,14.48,25.69,,,,,,,,,,,,,,,20251.56,0.0,0.0,0.0,0.0,,20251.56,,,,,,,58139.53,0.0,0.0,0.0,0.0,,58139.53,
2024-08-18,141.92,147.31,140.56,142.42,2352046.74,0.35,145.88,149.25,150.78,False,24.66,17.2,24.6,,,,,,,,,,,,,,,20251.56,0.0,0.0,0.0,0.0,,20251.56,,,,,,,58139.53,0.0,0.0,0.0,0.0,,58139.53,
2024-08-19,142.42,146.19,140.33,144.29,2940357.95,1.31,145.63,148.78,150.3,False,24.18,16.55,23.81,,,,,,,,,,,,,,,20251.56,0.0,0.0,0.0,0.0,,20251.56,,,,,,,58139.53,0.0,0.0,0.0,0.0,,58139.53,
2024-08-20,144.28,148.83,141.0,142.27,3021467.6,-1.4,145.12,148.16,149.7,False,23.37,17.44,22.58,,,,,,,,,,,,,,,20251.56,0.0,0.0,0.0,0.0,,20251.56,,,,,,,58139.53,0.0,0.0,0.0,0.0,,58139.53,
2024-08-21,142.27,144.42,138.7,142.79,2519581.86,0.37,144.76,147.65,149.19,False,22.86,16.76,23.27,,,,,,,,,SMALL HL confirmed @ 136.10,,,,,,20251.56,0.0,0.0,0.0,0.0,,20251.56,,,,,,,58139.53,0.0,0.0,0.0,0.0,,58139.53,
2024-08-22,142.78,144.88,140.63,143.22,1825402.72,0.3,144.52,147.23,148.75,False,22.32,16.57,22.56,,,,,,,,,,,,,,,20251.56,0.0,0.0,0.0,0.0,,20251.56,,,,,,,58139.53,0.0,0.0,0.0,0.0,,58139.53,
2024-08-23,143.23,154.08,142.68,153.26,3781090.16,7.01,145.87,147.8,149.08,False,20.9,21.76,20.74,,,,,,,,,,,,,,,20251.56,0.0,0.0,0.0,0.0,,20251.56,,,,,,,58139.53,0.0,0.0,0.0,0.0,,58139.53,
2024-08-24,153.27,162.3,151.97,160.67,3739086.95,4.83,148.14,149.03,149.94,False,20.48,25.99,19.22,,,,,162.3,,LH,,,,,,,,20251.56,0.0,0.0,0.0,0.0,,20251.56,,,,,,,58139.53,0.0,0.0,0.0,0.0,,58139.53,
2024-08-25,160.67,162.0,155.25,158.92,2629083.7,-1.09,149.8,149.97,150.61,False,20.08,24.72,18.28,,,,,,,,,,,,,,,20251.56,0.0,0.0,0.0,0.0,,20251.56,,,,,,,58139.53,0.0,0.0,0.0,0.0,,58139.53,
2024-08-26,158.92,162.0,155.53,157.12,3318398.04,-1.13,150.93,150.65,151.09,False,19.72,23.53,17.4,,,,,,,,,,,,,,,20251.56,0.0,0.0,0.0,0.0,,20251.56,,,,,,,58139.53,0.0,0.0,0.0,0.0,,58139.53,
2024-08-27,157.12,159.69,145.03,146.79,3650375.77,-6.57,150.29,150.28,150.77,False,18.64,21.06,23.1,,,,,,,,,,,,,,,20251.56,0.0,0.0,0.0,0.0,,20251.56,,,,,,,58139.53,0.0,0.0,0.0,0.0,,58139.53,
2024-08-28,146.78,149.3,140.53,143.95,4270867.03,-1.93,149.32,149.68,150.27,False,18.14,19.72,24.88,,,,,,,,,,,,,,,20251.56,0.0,0.0,0.0,0.0,,20251.56,,,,,,,58139.53,0.0,0.0,0.0,0.0,,58139.53,
2024-08-29,143.96,147.36,138.05,140.0,2921816.83,-2.74,147.88,148.76,149.5,False,17.93,18.39,25.0,,,,,,,,,SMALL LH confirmed @ 162.30,,,,,,20251.56,0.0,0.0,0.0,0.0,,20251.56,,,,,,,58139.53,0.0,0.0,0.0,0.0,,58139.53,
2024-08-30,140.01,141.11,132.04,137.99,4038797.17,-1.44,146.36,147.73,148.65,False,18.33,17.17,27.73,,,,,,,,,,,,,,,20251.56,0.0,0.0,0.0,0.0,,20251.56,,,,,,,58139.53,0.0,0.0,0.0,0.0,,58139.53,
2024-08-31,137.99,139.23,134.49,135.35,1230210.75,-1.91,144.67,146.55,147.67,False,18.7,16.56,26.74,,,,,,,,BEAR_BOS,SMALL BEAR BOS @ 135.35 (level 136.10),,,,,,20251.56,0.0,0.0,0.0,0.0,,20251.56,,,,,,,58139.53,0.0,0.0,0.0,0.0,,58139.53,
2024-09-01,135.35,136.15,127.66,128.5,2928444.74,-5.06,142.18,144.83,146.25,False,19.67,15.48,30.22,,,,,,,,,,,,,,,20251.56,0.0,0.0,0.0,0.0,,20251.56,,,,,,,58139.53,0.0,0.0,0.0,0.0,,58139.53,
2024-09-02,128.5,135.39,126.8,134.94,3146315.55,5.01,141.07,143.89,145.41,False,20.64,14.46,28.88,,,,,,,,,,,,,,,20251.56,0.0,0.0,0.0,0.0,,20251.56,,,,,,,58139.53,0.0,0.0,0.0,0.0,,58139.53,
2024-09-03,134.95,138.13,127.15,127.54,2627381.92,-5.48,138.98,142.33,144.09,False,21.07,15.34,26.48,,,,,,,,,,,,,,,20251.56,0.0,0.0,0.0,0.0,,20251.56,,,,,,,58139.53,0.0,0.0,0.0,0.0,,58139.53,
2024-09-04,127.54,134.98,122.6,133.64,3814059.11,4.78,138.16,141.51,143.31,False,21.89,13.93,27.42,,,,,,,,,,,,,,,20251.56,0.0,0.0,0.0,0.0,,20251.56,,,,,,,58139.53,0.0,0.0,0.0,0.0,,58139.53,
2024-09-05,133.64,135.58,127.85,129.41,2762037.05,-3.17,136.82,140.35,142.28,False,22.55,13.57,25.83,,,,,,,,,,,,,,,20251.56,0.0,0.0,0.0,0.0,,20251.56,,,,,,,58139.53,0.0,0.0,0.0,0.0,,58139.53,
2024-09-06,129.4,134.29,120.0,125.05,5494252.37,-3.37,135.01,138.9,141.01,False,23.85,12.16,28.85,,120.0,HL,,,120.0,LL,,,,,,,,20251.56,0.0,0.0,0.0,0.0,,20251.56,,,,,,,58139.53,0.0,0.0,0.0,0.0,,58139.53,
2024-09-07,125.05,129.5,124.13,127.71,2111596.96,2.13,133.88,137.83,140.02,False,25.05,11.67,27.69,,,,,,,,,,,,,,,20251.56,0.0,0.0,0.0,0.0,,20251.56,,,,,,,58139.53,0.0,0.0,0.0,0.0,,58139.53,
2024-09-08,127.72,131.7,126.61,130.15,1971919.87,1.91,133.31,137.1,139.29,False,25.73,12.92,26.59,,,,,,,,,,,,,,,20251.56,0.0,0.0,0.0,0.0,,20251.56,,,,,,,58139.53,0.0,0.0,0.0,0.0,,58139.53,
2024-09-09,130.15,137.09,126.96,135.08,3664956.88,3.79,133.58,136.91,138.98,False,25.38,16.06,24.52,,,,,,,,,,,,,,,20251.56,0.0,0.0,0.0,0.0,,20251.56,,,,,,,58139.53,0.0,0.0,0.0,0.0,,58139.53,
2024-09-10,135.07,138.0,132.5,135.63,2305171.22,0.41,133.9,136.79,138.73,False,24.9,16.08,23.45,,,,,,,,,,,,,,,20251.56,0.0,0.0,0.0,0.0,,20251.56,,,,,,,58139.53,0.0,0.0,0.0,0.0,,58139.53,
2024-09-11,135.64,135.91,128.2,132.42,3139383.42,-2.37,133.67,136.37,138.26,False,24.95,15.09,25.45,,,,,,,,,SMALL LL confirmed @ 120.00,,,,,,20251.56,0.0,0.0,0.0,0.0,,20251.56,,,,,,,58139.53,0.0,0.0,0.0,0.0,,58139.53,
2024-09-12,132.43,136.78,132.38,136.05,2273359.31,2.74,134.04,136.34,138.1,False,24.83,15.26,24.51,,,,,,,,,,,,,,,20251.56,0.0,0.0,0.0,0.0,,20251.56,,,,,,,58139.53,0.0,0.0,0.0,0.0,,58139.53,
2024-09-13,136.06,139.8,131.7,139.02,2714532.02,2.18,134.8,136.59,138.17,False,24.15,16.75,22.86,,,,,,,,,,,,,,,20251.56,0.0,0.0,0.0,0.0,,20251.56,,,,,,,58139.53,0.0,0.0,0.0,0.0,,58139.53,
2024-09-14,139.02,139.8,135.6,137.14,1396833.3,-1.35,135.16,136.65,138.09,False,23.53,16.14,22.02,,,,,,,,,,,,,,,20251.56,0.0,0.0,0.0,0.0,,20251.56,,,,,,,58139.53,0.0,0.0,0.0,0.0,,58139.53,
2024-09-15,137.15,137.95,130.43,131.37,1850456.74,-4.21,134.58,136.14,137.59,False,23.63,15.08,25.09,,,,,,,,,,,,,,,20251.56,0.0,0.0,0.0,0.0,,20251.56,,,,,,,58139.53,0.0,0.0,0.0,0.0,,58139.53,
2024-09-16,131.38,132.4,128.91,131.47,2136388.31,0.08,134.1,135.7,137.14,False,23.9,14.6,25.67,,,,,,,,,,,,,,,20251.56,0.0,0.0,0.0,0.0,,20251.56,,,,,,,58139.53,0.0,0.0,0.0,0.0,,58139.53,
2024-09-17,131.47,135.55,130.12,131.54,2339845.91,0.05,133.71,135.3,136.72,False,23.51,16.8,24.38,,,,,,,,,,,,,,,20251.56,0.0,0.0,0.0,0.0,,20251.56,,,,,,,58139.53,0.0,0.0,0.0,0.0,,58139.53,
2024-09-18,131.54,134.45,127.07,134.34,3309787.26,2.13,133.8,135.21,136.55,False,23.55,15.64,25.54,,,,,,,,,,,,,,,20251.56,0.0,0.0,0.0,0.0,,20251.56,,,,,,,58139.53,0.0,0.0,0.0,0.0,,58139.53,
2024-09-19,134.34,144.04,134.27,142.89,4130435.35,6.36,135.2,135.94,137.02,False,21.91,23.01,23.26,,,,,,,,,,,,,,,20251.56,0.0,0.0,0.0,0.0,,20251.56,,,,,,,58139.53,0.0,0.0,0.0,0.0,,58139.53,
2024-09-20,142.88,152.5,141.18,146.66,4488100.62,2.64,136.96,136.96,137.73,False,21.4,28.2,20.93,,,,,,,,,,,,,,,20251.56,0.0,0.0,0.0,0.0,,20251.56,,,,,,,58139.53,0.0,0.0,0.0,0.0,,58139.53,
2024-09-21,146.67,150.25,144.61,149.41,1916733.22,1.88,138.88,138.15,138.6,True,20.93,26.76,19.86,,,,,,,,,,,,,,,20251.56,0.0,0.0,0.0,0.0,,20251.56,,,,,,,58139.53,0.0,0.0,0.0,0.0,,58139.53,
2024-09-22,149.42,149.92,141.12,144.63,2165962.89,-3.2,139.76,138.77,139.04,True,19.93,24.64,21.42,,,,,,,,,,,,,,,20251.56,0.0,0.0,0.0,0.0,,20251.56,,,,,,,58139.53,0.0,0.0,0.0,0.0,,58139.53,
2024-09-23,144.64,149.07,142.13,144.79,3226373.77,0.11,140.54,139.34,139.47,True,19.01,23.09,20.08,,,,,,,,,,,,,,,20251.56,0.0,0.0,0.0,0.0,,20251.56,,,,,,,58139.53,0.0,0.0,0.0,0.0,,58139.53,
2024-09-24,144.79,154.0,143.09,152.73,4015502.93,5.48,142.41,140.61,140.45,True,18.82,25.22,18.15,,,,,,,,,BIG LL confirmed @ 110.00,,,,,,20251.56,0.0,0.0,0.0,0.0,,20251.56,,,,,,,58139.53,0.0,0.0,0.0,0.0,,58139.53,
2024-09-25,152.74,153.93,147.28,147.98,2728253.35,-3.11,143.27,141.32,141.01,True,18.64,23.72,17.07,,,,,,,,,,,,,,,20251.56,0.0,0.0,0.0,0.0,,20251.56,,,,,,,58139.53,0.0,0.0,0.0,0.0,,58139.53,
2024-09-26,147.97,158.05,146.57,155.55,4251220.76,5.12,145.16,142.67,142.09,True,19.0,24.93,15.37,,,,,,,,,,,,,,,20251.56,0.0,0.0,0.0,0.0,,20251.56,,,,,,,58139.53,0.0,0.0,0.0,0.0,,58139.53,
2024-09-27,155.54,161.43,153.89,157.64,3725661.0,1.34,147.08,144.1,143.24,True,19.73,26.24,14.36,,,,,,,,,BIG LH confirmed @ 163.70,,,,,,20251.56,0.0,0.0,0.0,0.0,,20251.56,,,,,,,58139.53,0.0,0.0,0.0,0.0,,58139.53,
2024-09-28,157.63,159.43,155.0,156.75,1580834.34,-0.56,148.57,145.3,144.24,True,20.41,25.19,13.79,,,,,,,,,,,,,,,20251.56,0.0,0.0,0.0,0.0,,20251.56,,,,,,,58139.53,0.0,0.0,0.0,0.0,,58139.53,
2024-09-29,156.75,161.78,155.09,158.46,2350658.48,1.09,150.09,146.56,145.29,True,21.33,25.8,12.94,,,,,161.78,,LH,,,,,,,,20251.56,0.0,0.0,0.0,0.0,,20251.56,,,,,,,58139.53,0.0,0.0,0.0,0.0,,58139.53,
2024-09-30,158.47,159.77,151.73,152.49,3240682.21,-3.77,150.46,147.12,145.83,True,21.43,23.91,15.06,,,,,,,,,,,,,,,20251.56,0.0,0.0,0.0,0.0,,20251.56,,,,,,,58139.53,0.0,0.0,0.0,0.0,,58139.53,
2024-10-01,152.51,157.34,142.29,145.13,4991241.42,-4.83,149.64,146.93,145.77,True,19.95,20.84,21.18,,,,,,,,,,,,,,,20251.56,0.0,0.0,0.0,0.0,,20251.56,,,,,,,58139.53,0.0,0.0,0.0,0.0,,58139.53,
2024-10-02,145.12,148.96,138.61,140.18,3817606.12,-3.41,148.18,146.29,145.36,True,19.12,19.03,22.43,,,,,,,,,,,,,,,20251.56,0.0,0.0,0.0,0.0,,20251.56,,,,,,,58139.53,0.0,0.0,0.0,0.0,,58139.53,
2024-10-03,140.18,142.96,133.11,136.82,3742347.84,-2.4,146.44,145.39,144.73,True,19.04,17.47,25.16,,,,,,133.11,HL,,,,,,,,20251.56,0.0,0.0,0.0,0.0,,20251.56,,,,,,,58139.53,0.0,0.0,0.0,0.0,,58139.53,
2024-10-04,136.81,144.55,135.95,143.24,3120151.95,4.69,145.94,145.18,144.62,True,18.7,17.54,23.37,,,,,,,,,SMALL LH confirmed @ 161.78,,,,,,20251.56,0.0,0.0,0.0,0.0,,20251.56,,,,,,,58139.53,0.0,0.0,0.0,0.0,,58139.53,
2024-10-05,143.24,144.93,141.06,142.59,1475217.82,-0.45,145.43,144.94,144.47,True,18.31,17.29,22.58,,,,,,,,,,,,,,,20251.56,0.0,0.0,0.0,0.0,,20251.56,,,,,,,58139.53,0.0,0.0,0.0,0.0,,58139.53,
2024-10-06,142.59,146.75,142.0,146.48,1409071.4,2.73,145.59,145.08,144.62,True,17.62,18.18,21.63,,,,,,,,,,,,,,,20251.56,0.0,0.0,0.0,0.0,,20251.56,,,,,,,58139.53,0.0,0.0,0.0,0.0,,58139.53,
2024-10-07,146.47,152.4,143.5,143.96,3607754.95,-1.72,145.34,144.98,144.57,True,16.67,21.74,19.93,,,,,152.4,,LH,,,,,,,,20251.56,0.0,0.0,0.0,0.0,,20251.56,,,,,,,58139.53,0.0,0.0,0.0,0.0,,58139.53,
2024-10-08,143.97,145.6,141.17,143.49,2153828.15,-0.33,145.05,144.83,144.49,True,15.55,20.86,21.25,,,,,,,,,SMALL HL confirmed @ 133.11,,,,,,20251.56,0.0,0.0,0.0,0.0,,20251.56,,,,,,,58139.53,0.0,0.0,0.0,0.0,,58139.53,
2024-10-09,143.5,145.34,138.66,139.33,2071518.06,-2.9,144.17,144.31,144.11,True,14.9,19.57,22.26,,,,,,,,,,,,,,,20251.56,0.0,0.0,0.0,0.0,,20251.56,,,,,,,58139.53,0.0,0.0,0.0,0.0,,58139.53,
2024-10-10,139.33,140.92,135.52,139.03,2289782.91,-0.22,143.38,143.81,143.73,False,14.75,18.58,24.08,,,,,,135.52,HL,,,,,,,,20251.56,0.0,0.0,0.0,0.0,,20251.56,,,,,,,58139.53,0.0,0.0,0.0,0.0,,58139.53,
2024-10-11,139.04,146.62,138.68,145.53,2269088.92,4.68,143.71,143.97,143.86,False,13.74,22.55,22.29,,,,,,,,,,,,,,,20251.56,0.0,0.0,0.0,0.0,,20251.56,,,,,,,58139.53,0.0,0.0,0.0,0.0,,58139.53,
2024-10-12,145.52,147.32,144.71,146.4,1347679.55,0.6,144.13,144.2,144.05,True,12.91,22.66,21.71,,,,,,,,,SMALL LH confirmed @ 152.40,,,,,,20251.56,0.0,0.0,0.0,0.0,,20251.56,,,,,,,58139.53,0.0,0.0,0.0,0.0,,58139.53,
2024-10-13,146.39,148.86,144.45,147.74,1599054.83,0.92,144.68,144.54,144.32,True,12.39,23.21,20.74,,,,,,,,,,,,,,,20251.56,0.0,0.0,0.0,0.0,,20251.56,,,,,,,58139.53,0.0,0.0,0.0,0.0,,58139.53,
2024-10-14,147.74,158.1,146.8,157.59,3987055.14,6.67,146.67,145.78,145.31,True,13.17,29.65,18.46,,,,,,,,BULL_CHOCH,SMALL BULL CHOCH @ 157.59 (level 152.40),141.83,-10.0,5.0,642.5395,101257.8,20251.56,0.0,0.0,10125.78,10125.78,0.0,10125.78,"ENTRY @ 157.59 (small green CHoCH, margin $10125.78 [50% of bank] @ 10x [ADX 13.2, zone green], 642.539500 units)",141.83,-10.0,5.0,1844.64535,290697.66,58139.53,0.0,0.0,29069.77,29069.77,0.0,29069.77,"ENTRY @ 157.59 (small green CHoCH, margin $29069.77 [50% of bank] @ 10x [ADX 13.2, zone green], 1844.645350 units)"
2024-10-15,157.59,159.73,150.3,154.76,4480025.11,-1.8,147.91,146.64,146.01,True,14.08,28.54,16.8,,,,,,,,,SMALL HL confirmed @ 135.52,141.83,-8.35,5.39,642.5395,99439.41,18433.17,-1818.39,-8.98,8307.39,9943.94,-1636.55,10125.78,,141.83,-8.35,5.39,1844.64535,285477.31,52919.19,-5220.35,-8.98,23849.42,28547.73,-4698.31,29069.77,
2024-10-16,154.76,158.41,153.0,154.28,2851816.35,-0.31,148.89,147.37,146.62,True,14.92,27.03,15.92,,,,,,,,,,141.83,-8.07,5.47,642.5395,99130.99,18124.75,-308.42,-1.67,7998.97,9913.1,-1914.13,10125.78,,141.83,-8.07,5.47,1844.64535,284591.88,52033.76,-885.43,-1.67,22963.99,28459.19,-5495.2,29069.77,
2024-10-17,154.28,155.73,147.66,150.5,2664809.95,-2.45,149.14,147.66,146.91,True,14.67,24.93,19.83,,,,,,,,,,141.83,-5.76,6.16,642.5395,96702.19,15695.95,-2428.8,-13.4,5570.17,9670.22,-4100.04,10125.78,,141.83,-5.76,6.16,1844.64535,277619.13,45061.0,-6972.76,-13.4,15991.23,27761.91,-11770.68,29069.77,
2024-10-18,150.5,156.65,149.56,154.94,1829394.12,2.95,150.03,148.36,147.5,True,14.56,24.11,18.47,,,,,,,,,,141.83,-8.46,5.37,642.5395,99555.07,18548.83,2852.88,18.18,8423.05,9955.51,-1532.46,10125.78,,141.83,-8.46,5.37,1844.64535,285809.35,53251.22,8190.23,18.18,24181.46,28580.94,-4399.48,29069.77,
2024-10-19,154.93,159.85,153.45,159.79,1724504.17,3.13,151.53,149.45,148.41,True,14.92,25.73,17.31,,,,,,,,,,141.83,-11.24,4.74,642.5395,102671.39,21665.15,3116.32,16.8,11539.37,10267.14,1272.23,10125.78,,141.83,-11.24,4.74,1844.64535,294755.88,62197.75,8946.53,16.8,33127.99,29475.59,3652.4,29069.77,
2024-10-20,159.79,167.94,157.58,167.4,3094698.82,4.76,153.97,151.16,149.82,True,16.2,30.88,15.61,,,,BULL_BOS,,,,,BIG BULL BOS @ 167.40 (level 163.70),141.83,-15.27,4.05,642.5395,107561.11,26554.87,4889.73,22.57,16429.09,10756.11,5672.98,10125.78,,141.83,-15.27,4.05,1844.64535,308793.63,76235.5,14037.75,22.57,47165.74,30879.36,16286.37,29069.77,
2024-10-21,167.4,171.76,160.99,166.17,4807758.74,-0.73,155.85,152.59,151.03,True,17.76,31.33,14.06,,,,,,,,,,141.83,-14.65,4.14,642.5395,106770.79,25764.55,-790.32,-2.98,15638.77,10677.08,4961.69,10125.78,,141.83,-14.65,4.14,1844.64535,306524.72,73966.59,-2268.91,-2.98,44896.82,30652.47,14244.35,29069.77,
2024-10-22,166.16,170.99,162.99,167.59,4115685.5,0.85,157.66,154.01,152.26,True,19.21,29.03,13.03,,,,,,,,,,141.83,-15.37,4.04,642.5395,107683.19,26676.95,912.41,3.54,16551.17,10768.32,5782.86,10125.78,,141.83,-15.37,4.04,1844.64535,309144.11,76585.99,2619.4,3.54,47516.22,30914.41,16601.81,29069.77,
2024-10-23,167.6,174.3,164.13,170.85,4509792.29,1.95,159.69,155.62,153.63,True,20.88,29.35,11.84,,,,,,,,,,141.83,-16.99,3.82,642.5395,109777.87,28771.63,2094.68,7.85,18645.85,10977.79,7668.07,10125.78,,141.83,-16.99,3.82,1844.64535,315157.66,82599.53,6013.54,7.85,53529.76,31515.77,22014.0,29069.77,
2024-10-24,170.86,179.3,170.5,177.19,3893052.12,3.71,162.38,157.67,155.38,True,22.85,31.51,10.91,,,,,,,,,,141.83,-19.96,3.47,642.5395,113851.57,32845.33,4073.7,14.16,22719.55,11385.16,11334.4,10125.78,,141.83,-19.96,3.47,1844.64535,326852.71,94294.58,11695.05,14.16,65224.81,32685.27,32539.54,29069.77,
2024-10-25,177.19,177.6,159.12,164.9,5718307.07,-6.94,162.77,158.36,156.08,True,22.51,26.76,18.55,,,,,,,,,,141.83,-13.99,4.25,642.5395,105954.76,24948.52,-7896.81,-24.04,14822.74,10595.48,4227.27,10125.78,,141.83,-13.99,4.25,1844.64535,304182.02,71623.89,-22670.69,-24.04,42554.12,30418.2,12135.92,29069.77,
2024-10-26,164.91,173.25,162.43,170.88,3010702.8,3.63,164.02,159.55,157.18,True,22.2,24.43,16.94,,,,,,,,,BIG HL confirmed @ 120.00,141.83,-17.0,3.81,642.5395,109797.15,28790.91,3842.39,15.4,18665.13,10979.71,7685.41,10125.78,,141.83,-17.0,3.81,1844.64535,315213.0,82654.87,11030.98,15.4,53585.1,31521.3,22063.8,29069.77,
2024-10-27,170.87,178.27,170.26,176.63,2606131.77,3.36,165.96,161.18,158.62,True,22.46,26.91,15.84,,,,,,,,,,141.83,-19.7,3.49,642.5395,113491.75,32485.51,3694.6,12.83,22359.73,11349.18,11010.56,10125.78,,141.83,-19.7,3.49,1844.64535,325819.71,93261.58,10606.71,12.83,64191.81,32581.97,31609.84,29069.77,
2024-10-28,176.63,179.8,172.45,178.29,3877330.22,0.94,167.85,162.81,160.08,True,22.87,26.54,14.89,,,,,,,,,,141.83,-20.45,3.41,642.5395,114558.37,33552.13,1066.62,3.28,23426.35,11455.84,11970.51,10125.78,,141.83,-20.45,3.41,1844.64535,328881.82,96323.69,3062.11,3.28,67253.92,32888.18,34365.74,29069.77,
2024-10-29,178.28,183.38,176.41,179.42,4046109.94,0.63,169.63,164.39,161.51,True,23.61,27.98,14.03,,,,,183.38,,HH,,,141.83,-20.95,3.36,642.5395,115284.44,34278.2,726.07,2.16,24152.42,11528.44,12623.97,10125.78,,141.83,-20.95,3.36,1844.64535,330966.27,98408.14,2084.45,2.16,69338.37,33096.63,36241.75,29069.77,
2024-10-30,179.43,181.36,173.01,174.87,2893112.75,-2.54,170.44,165.39,162.5,True,23.65,26.04,15.88,,,,,,,,,,141.83,-18.89,3.58,642.5395,112360.88,31354.64,-2923.55,-8.53,21228.86,11236.09,9992.77,10125.78,,141.83,-18.89,3.58,1844.64535,322573.13,90015.0,-8393.14,-8.53,60945.24,32257.31,28687.92,29069.77,
2024-10-31,174.87,176.56,167.56,168.69,2661529.3,-3.53,170.17,165.7,162.96,True,22.77,24.09,19.22,,,,,,,,,,141.83,-15.92,3.96,642.5395,108389.99,27383.75,-3970.89,-12.66,17257.97,10839.0,6418.97,10125.78,,141.83,-15.92,3.96,1844.64535,311173.22,78615.1,-11399.91,-12.66,49545.33,31117.32,18428.01,29069.77,
2024-11-01,168.69,174.0,163.43,166.1,3325662.45,-1.54,169.54,165.74,163.19,True,21.32,22.01,20.93,,,,,,,,,,141.83,-14.61,4.15,642.5395,106725.81,25719.57,-1664.18,-6.08,15593.79,10672.58,4921.21,10125.78,,141.83,-14.61,4.15,1844.64535,306395.59,73837.46,-4777.63,-6.08,44767.7,30639.56,14128.14,29069.77,
2024-11-02,166.11,168.61,162.11,166.17,1603273.6,0.04,169.02,165.78,163.41,True,19.81,20.83,20.89,,,,,,,,,,141.83,-14.65,4.14,642.5395,106770.79,25764.55,44.98,0.17,15638.77,10677.08,4961.69,10125.78,,141.83,-14.65,4.14,1844.64535,306524.72,73966.59,129.13,0.17,44896.82,30652.47,14244.35,29069.77,
2024-11-03,166.16,166.61,157.82,162.53,2745309.83,-2.19,168.03,165.47,163.35,True,19.01,19.31,22.93,,,,,,,,,SMALL HH confirmed @ 183.38,141.83,-12.74,4.46,642.5395,104431.94,23425.71,-2338.84,-9.08,13299.93,10443.19,2856.73,10125.78,,141.83,-12.74,4.46,1844.64535,299810.21,67252.08,-6714.51,-9.08,38182.31,29981.02,8201.29,29069.77,
2024-11-04,162.52,165.04,155.11,157.95,3019251.32,-2.82,166.48,164.76,162.95,True,18.62,17.73,23.29,,,,,,155.11,HL,,,141.83,-10.21,4.95,642.5395,101489.11,20482.87,-2942.83,-12.56,10357.09,10148.91,208.18,10125.78,,141.83,-10.21,4.95,1844.64535,291361.73,58803.6,-8448.48,-12.56,29733.84,29136.17,597.67,29069.77,
2024-11-05,157.95,169.3,156.86,166.62,3438156.87,5.49,166.5,164.93,163.22,True,17.57,19.37,20.98,,,,,,,,,,141.83,-14.88,4.11,642.5395,107059.93,26053.69,5570.82,27.2,15927.91,10705.99,5221.92,10125.78,,141.83,-14.88,4.11,1844.64535,307354.81,74796.68,15993.08,27.2,45726.91,30735.48,14991.43,29069.77,
2024-11-06,166.63,190.01,166.4,186.59,10385235.99,11.99,169.59,167.0,164.95,True,18.3,30.88,17.45,,,,,,,,BULL_BOS,SMALL BULL BOS @ 186.59 (level 183.38),141.83,-23.99,3.08,642.5395,119891.45,38885.21,12831.51,49.25,28759.43,11989.14,16770.28,10125.78,,141.83,-23.99,3.08,1844.64535,344192.38,111634.25,36837.57,49.25,82564.48,34419.24,48145.24,29069.77,
2024-11-07,186.59,197.84,185.84,196.35,4210329.82,5.23,173.71,169.79,167.28,True,19.55,33.78,15.97,,,,,,,,,,141.83,-27.77,2.79,642.5395,126162.63,45156.39,6271.19,16.13,35030.61,12616.26,22414.35,10125.78,,141.83,-27.77,2.79,1844.64535,362196.11,129637.99,18003.74,16.13,100568.22,36219.61,64348.61,29069.77,
2024-11-08,196.36,205.0,195.64,199.85,5129244.19,1.78,177.73,172.65,169.69,True,21.16,36.61,14.92,,,,,,,,,,141.83,-29.03,2.71,642.5395,128411.52,47405.28,2248.89,4.98,37279.5,12841.15,24438.35,10125.78,,141.83,-29.03,2.71,1844.64535,368652.37,136094.24,6456.26,4.98,107024.48,36865.24,70159.24,29069.77,
2024-11-09,199.86,203.45,194.86,199.89,2833305.0,0.02,181.14,175.25,171.93,True,22.54,34.36,14.56,,,,,,,,,SMALL HL confirmed @ 155.11,141.83,-29.05,2.71,642.5395,128437.22,47430.98,25.7,0.05,37305.2,12843.72,24461.48,10125.78,,141.83,-29.05,2.71,1844.64535,368726.16,136168.03,73.79,0.05,107098.26,36872.62,70225.65,29069.77,
2024-11-10,199.89,215.27,198.68,210.07,7968628.23,5.09,185.59,178.56,174.75,True,24.49,38.54,12.91,,,,,,,,,,141.83,-32.48,2.5,642.5395,134978.27,53972.03,6541.05,13.79,43846.25,13497.83,30348.43,10125.78,,141.83,-32.48,2.5,1844.64535,387504.65,154946.52,18778.49,13.79,125876.75,38750.46,87126.29,29069.77,
2024-11-11,210.07,224.0,204.16,222.13,8935306.97,5.74,191.21,182.71,178.26,True,26.7,39.23,11.27,,,,,,,,,,141.83,-36.15,2.31,642.5395,142727.3,61721.06,7749.03,14.36,51595.28,14272.73,37322.55,10125.78,,141.83,-36.15,2.31,1844.64535,409751.07,177192.94,22246.42,14.36,148123.18,40975.11,107148.07,29069.77,
2024-11-12,222.12,225.21,204.71,211.64,9001990.66,-4.72,194.35,185.47,180.73,True,28.8,35.1,9.87,,,,,,,,,,141.83,-32.98,2.47,642.5395,135987.06,54980.82,-6740.24,-10.92,44855.04,13598.71,31256.33,10125.78,,141.83,-32.98,2.47,1844.64535,390400.74,157842.61,-19350.33,-10.92,128772.85,39040.07,89732.77,29069.77,
2024-11-13,211.63,220.44,200.67,215.13,10834052.8,1.65,197.55,188.29,183.28,True,30.13,31.09,11.07,,,,,,,,,,141.83,-34.07,2.42,642.5395,138229.52,57223.28,2242.46,4.08,47097.5,13822.95,33274.55,10125.78,,141.83,-34.07,2.42,1844.64535,396838.55,164280.43,6437.81,4.08,135210.66,39683.86,95526.8,29069.77,
2024-11-14,215.14,222.8,206.78,209.57,7458523.71,-2.58,199.4,190.32,185.23,True,31.5,29.61,10.07,,,,,,,,,,141.83,-32.32,2.51,642.5395,134657.0,53650.76,-3572.52,-6.24,43524.98,13465.7,30059.28,10125.78,,141.83,-32.32,2.51,1844.64535,386582.33,154024.2,-10256.23,-6.24,124954.43,38658.23,86296.2,29069.77,
2024-11-15,209.57,220.5,204.48,218.45,5271091.92,4.24,202.33,193.0,187.69,True,32.4,26.98,10.45,,,,,,,,,,141.83,-35.07,2.36,642.5395,140362.75,59356.51,5705.75,10.63,49230.73,14036.28,35194.46,10125.78,,141.83,-35.07,2.36,1844.64535,402962.78,170404.65,16380.45,10.63,141334.88,40296.28,101038.6,29069.77,
2024-11-16,218.44,221.99,213.35,215.71,4204469.3,-1.25,204.39,195.16,189.77,True,33.33,26.5,9.94,,,,,,,,,,141.83,-34.25,2.41,642.5395,138602.2,57595.96,-1760.56,-2.97,47470.18,13860.22,33609.96,10125.78,,141.83,-34.25,2.41,1844.64535,397908.45,165350.32,-5054.33,-2.97,136280.55,39790.84,96489.71,29069.77,
2024-11-17,215.72,242.33,212.1,237.47,8433424.2,10.09,209.48,199.19,193.3,True,35.19,32.87,8.39,,,,,,,,,,141.83,-40.27,2.13,642.5395,152583.86,71577.62,13981.66,24.28,61451.84,15258.39,46193.45,10125.78,,141.83,-40.27,2.13,1844.64535,438047.93,205489.8,40139.48,24.28,176420.04,43804.79,132615.24,29069.77,
2024-11-18,237.47,248.44,234.01,239.79,7485850.36,0.98,214.14,203.06,196.74,True,37.13,33.57,7.76,,,,,,,,,,141.83,-40.85,2.11,642.5395,154074.55,73068.31,1490.69,2.08,62942.53,15407.45,47535.07,10125.78,,141.83,-40.85,2.11,1844.64535,442327.51,209769.38,4279.58,2.08,180699.61,44232.75,136466.86,29069.77,
2024-11-19,239.79,247.5,233.4,237.63,5595613.4,-0.9,217.75,206.35,199.77,True,38.85,31.14,7.52,,,,,,,,,,141.83,-40.31,2.13,642.5395,152686.66,71680.42,-1387.89,-1.9,61554.64,15268.67,46285.98,10125.78,,141.83,-40.31,2.13,1844.64535,438343.07,205784.95,-3984.43,-1.9,176715.18,43834.31,132880.87,29069.77,
2024-11-20,237.64,242.54,230.37,235.48,5472203.48,-0.9,220.48,209.12,202.42,True,39.96,29.17,8.61,,,,,,,,,,141.83,-39.77,2.15,642.5395,151305.2,70298.96,-1381.46,-1.93,60173.18,15130.52,45042.66,10125.78,,141.83,-39.77,2.15,1844.64535,434377.09,201818.96,-3965.99,-1.93,172749.19,43437.71,129311.48,29069.77,
2024-11-21,235.48,259.8,229.6,256.37,8595939.99,8.87,226.0,213.62,206.41,True,41.65,33.21,7.37,,,,,,,,,,141.83,-44.68,1.97,642.5395,164727.85,83721.61,13422.65,19.09,73595.83,16472.79,57123.05,10125.78,,141.83,-44.68,1.97,1844.64535,472911.73,240353.6,38534.64,19.09,211283.83,47291.17,163992.66,29069.77,
2024-11-22,256.38,264.39,251.47,256.9,5155181.9,0.21,230.76,217.75,210.15,True,43.37,33.35,6.91,264.39,,HH,,264.39,,HH,,,141.83,-44.79,1.96,642.5395,165068.4,84062.16,340.55,0.41,73936.38,16506.84,57429.54,10125.78,,141.83,-44.79,1.96,1844.64535,473889.39,241331.26,977.66,0.41,212261.5,47388.94,164872.56,29069.77,
2024-11-23,256.9,264.0,252.69,254.89,4836783.23,-0.78,234.47,221.28,213.47,True,44.96,31.5,6.53,,,,,,,,,,141.83,-44.36,1.98,642.5395,163776.89,82770.65,-1291.5,-1.54,72644.87,16377.69,56267.18,10125.78,,141.83,-44.36,1.98,1844.64535,470181.65,237623.52,-3707.74,-1.54,208553.76,47018.17,161535.59,29069.77,
2024-11-24,254.9,259.78,240.93,252.73,3665245.81,-0.85,237.28,224.28,216.38,True,44.78,28.65,11.59,,,,,,,,,,141.83,-43.88,2.0,642.5395,162389.01,81382.77,-1387.89,-1.68,71256.99,16238.9,55018.09,10125.78,,141.83,-43.88,2.0,1844.64535,466197.22,233639.09,-3984.43,-1.68,204569.32,46619.72,157949.6,29069.77,
2024-11-25,252.74,256.7,231.21,234.18,4699636.32,-7.34,236.8,225.22,217.69,True,43.48,25.31,14.68,,,,,,,,,,141.83,-39.44,2.17,642.5395,150469.9,69463.66,-11919.11,-14.65,59337.88,15046.99,44290.89,10125.78,,141.83,-39.44,2.17,1844.64535,431979.05,199420.92,-34218.17,-14.65,170351.15,43197.9,127153.25,29069.77,
2024-11-26,234.18,239.66,221.8,230.69,5012621.46,-1.49,235.86,225.74,218.66,True,41.33,23.26,17.76,,,,,,221.8,HL,,,141.83,-38.52,2.21,642.5395,148227.44,67221.2,-2242.46,-3.23,57095.42,14822.74,42272.67,10125.78,,141.83,-38.52,2.21,1844.64535,425541.24,192983.11,-6437.81,-3.23,163913.34,42554.12,121359.22,29069.77,
2024-11-27,230.69,243.33,227.51,241.96,3807284.3,4.89,236.8,227.29,220.38,True,39.6,23.26,16.49,,,,,,,,,SMALL HH confirmed @ 264.39,141.83,-41.38,2.09,642.5395,155468.86,74462.62,7241.42,10.77,64336.84,15546.89,48789.95,10125.78,,141.83,-41.38,2.09,1844.64535,446330.39,213772.26,20789.15,10.77,184702.49,44633.04,140069.46,29069.77,
2024-11-28,241.96,245.28,232.8,237.59,2694033.06,-1.81,236.92,228.27,221.66,True,38.12,22.82,15.54,,,,,,,,,,141.83,-40.3,2.13,642.5395,152660.96,71654.72,-2807.9,-3.77,61528.94,15266.1,46262.84,10125.78,,141.83,-40.3,2.13,1844.64535,438269.29,205711.16,-8061.1,-3.77,176641.39,43826.93,132814.47,29069.77,
2024-11-29,237.58,246.77,236.55,243.33,2890806.08,2.42,237.91,229.7,223.26,True,36.86,22.42,14.79,,,,,246.77,,LH,,,141.83,-41.71,2.08,642.5395,156349.14,75342.9,3688.18,5.15,65217.12,15634.91,49582.2,10125.78,,141.83,-41.71,2.08,1844.64535,448857.55,216299.42,10588.26,5.15,187229.66,44885.76,142343.9,29069.77,
2024-11-30,243.33,245.4,237.5,237.6,2279256.82,-2.35,237.86,230.45,224.32,True,35.7,21.56,14.22,,,,,,,,,,141.83,-40.31,2.13,642.5395,152667.39,71661.15,-3681.75,-4.89,61535.37,15266.74,46268.63,10125.78,,141.83,-40.31,2.13,1844.64535,438287.74,205729.61,-10569.82,-4.89,176659.84,43828.77,132831.07,29069.77,
2024-12-01,237.6,239.89,234.1,236.8,2435872.95,-0.34,237.7,231.06,225.25,True,34.2,20.92,15.54,,,,,,,,,SMALL HL confirmed @ 221.80,141.83,-40.11,2.14,642.5395,152153.35,71147.11,-514.03,-0.72,61021.33,15215.34,45806.0,10125.78,,141.83,-40.11,2.14,1844.64535,436812.02,204253.89,-1475.72,-0.72,175184.12,43681.2,131502.92,29069.77,
2024-12-02,236.79,238.2,220.0,225.72,5868060.28,-4.68,235.85,230.55,225.28,True,32.14,19.02,21.16,,,,,,,,,,141.83,-37.17,2.27,642.5395,145034.02,64027.78,-7119.34,-10.01,53902.0,14503.4,39398.59,10125.78,,141.83,-37.17,2.27,1844.64535,416373.35,183815.22,-20438.67,-10.01,154745.45,41637.33,113108.12,29069.77,
2024-12-03,225.73,239.6,215.0,233.92,6918604.73,3.63,235.56,230.87,225.92,True,30.65,16.8,21.06,,,,,,215.0,LL,,,141.83,-39.37,2.17,642.5395,150302.84,69296.6,5268.82,8.23,59170.82,15030.28,44140.54,10125.78,,141.83,-39.37,2.17,1844.64535,431499.44,198941.31,15126.09,8.23,169871.55,43149.94,126721.6,29069.77,
2024-12-04,233.92,241.0,224.67,229.15,4966864.2,-2.04,234.57,230.71,226.16,True,29.12,16.17,19.44,,,,,,,,,SMALL LH confirmed @ 246.77,141.83,-38.11,2.22,642.5395,147237.93,66231.69,-3064.91,-4.42,56105.91,14723.79,41382.11,10125.78,,141.83,-38.11,2.22,1844.64535,422700.48,190142.35,-8798.96,-4.42,161072.59,42270.05,118802.54,29069.77,
2024-12-05,229.15,244.77,222.95,235.84,7391549.99,2.92,234.77,231.2,226.88,True,27.29,16.28,17.5,,,,,,,,,,141.83,-39.86,2.15,642.5395,151536.52,70530.28,4298.59,6.49,60404.5,15153.65,45250.84,10125.78,,141.83,-39.86,2.15,1844.64535,435041.16,202483.03,12340.68,6.49,173413.26,43504.12,129909.15,29069.77,
2024-12-06,235.84,247.0,230.92,236.87,5136553.83,0.44,235.09,231.74,227.62,True,25.37,16.1,16.22,,,,,247.0,,HH,,,141.83,-40.12,2.14,642.5395,152198.33,71192.09,661.82,0.94,61066.31,15219.83,45846.48,10125.78,,141.83,-40.12,2.14,1844.64535,436941.14,204383.02,1899.98,0.94,175313.25,43694.11,131619.14,29069.77,
2024-12-07,236.87,243.61,234.12,238.14,2933621.44,0.54,235.56,232.35,228.4,True,23.58,15.38,15.49,,,,,,,,,,141.83,-40.44,2.12,642.5395,153014.36,72008.12,816.03,1.15,61882.34,15301.44,46580.9,10125.78,,141.83,-40.44,2.12,1844.64535,439283.84,206725.72,2342.7,1.15,177655.95,43928.38,133727.56,29069.77,
2024-12-08,238.14,241.51,233.22,237.02,2222837.55,-0.47,235.78,232.79,229.04,True,22.03,14.76,15.31,,,,,,,,,SMALL LL confirmed @ 215.00,141.83,-40.16,2.14,642.5395,152294.71,71288.47,-719.64,-1.0,61162.69,15229.47,45933.22,10125.78,,141.83,-40.16,2.14,1844.64535,437217.84,204659.71,-2066.0,-1.0,175589.95,43721.78,131868.16,29069.77,
2024-12-09,237.02,237.28,203.0,216.63,7391583.71,-8.6,232.84,231.25,228.12,True,23.0,12.52,26.38,,,,,,,,,,141.83,-34.53,2.39,642.5395,139193.33,58187.09,-13101.38,-18.38,48061.31,13919.33,34141.98,10125.78,,141.83,-34.53,2.39,1844.64535,399605.52,167047.39,-37612.32,-18.38,137977.63,39960.55,98017.08,29069.77,
2024-12-10,216.62,221.06,203.21,213.6,7018707.73,-1.4,229.88,229.57,227.04,True,23.9,11.54,24.31,,,,,,203.21,LL,BEAR_CHOCH,SMALL BEAR CHOCH @ 213.60 (level 215.00),,,,,,56240.2,-1946.89,-3.35,0.0,0.0,,56240.2,"EXIT @ 213.60 (small red CHoCH, realized +35988.64)",,,,,,161458.12,-5589.28,-3.35,0.0,0.0,,161458.12,"EXIT @ 213.60 (small red CHoCH, realized +103318.59)"
2024-12-11,213.6,230.65,211.51,227.29,4688484.81,6.41,229.48,229.35,227.06,True,23.65,14.74,22.29,,,,,,,,,SMALL HH confirmed @ 247.00,,,,,,56240.2,0.0,0.0,0.0,0.0,,56240.2,,,,,,,161458.12,0.0,0.0,0.0,0.0,,161458.12,
2024-12-12,227.29,234.69,225.67,226.96,3559104.07,-0.15,229.09,229.13,227.05,True,23.0,15.96,21.38,,,,,234.69,,LH,,,,,,,,56240.2,0.0,0.0,0.0,0.0,,56240.2,,,,,,,161458.12,0.0,0.0,0.0,0.0,,161458.12,
2024-12-13,226.95,228.44,220.6,224.79,2889526.77,-0.96,228.43,228.71,226.89,True,22.77,15.38,22.96,,,,,,,,,,,,,,,56240.2,0.0,0.0,0.0,0.0,,56240.2,,,,,,,161458.12,0.0,0.0,0.0,0.0,,161458.12,
2024-12-14,224.79,227.51,215.13,219.93,2155654.47,-2.16,227.12,227.88,226.37,True,22.94,14.48,24.2,,,,,,,,,,,,,,,56240.2,0.0,0.0,0.0,0.0,,56240.2,,,,,,,161458.12,0.0,0.0,0.0,0.0,,161458.12,
2024-12-15,219.94,225.5,215.68,224.27,2130908.01,1.97,226.68,227.53,226.22,True,23.1,13.79,23.05,,,,,,,,,SMALL LL confirmed @ 203.21,,,,,,56240.2,0.0,0.0,0.0,0.0,,56240.2,,,,,,,161458.12,0.0,0.0,0.0,0.0,,161458.12,
2024-12-16,224.26,227.56,213.26,216.19,3863409.2,-3.6,225.07,226.45,225.47,False,23.42,12.83,22.63,,,,,,,,,,,,,,,56240.2,0.0,0.0,0.0,0.0,,56240.2,,,,,,,161458.12,0.0,0.0,0.0,0.0,,161458.12,
2024-12-17,216.19,228.95,211.36,223.15,5177736.75,3.22,224.77,226.14,225.3,False,23.86,11.75,21.63,,,,,,,,,SMALL LH confirmed @ 234.69,,,,,,56240.2,0.0,0.0,0.0,0.0,,56240.2,,,,,,,161458.12,0.0,0.0,0.0,0.0,,161458.12,
2024-12-18,223.16,226.04,204.8,206.53,5565926.56,-7.45,221.97,224.27,223.91,False,24.73,10.59,22.54,,,,,,,,,,,,,,,56240.2,0.0,0.0,0.0,0.0,,56240.2,,,,,,,161458.12,0.0,0.0,0.0,0.0,,161458.12,
2024-12-19,206.53,212.14,187.0,193.81,7402649.89,-6.16,217.64,221.37,221.68,False,26.51,9.41,27.94,,,,,,,,BEAR_BOS,SMALL BEAR BOS @ 193.81 (level 203.21),,,,,,56240.2,0.0,0.0,0.0,0.0,,56240.2,,,,,,,161458.12,0.0,0.0,0.0,0.0,,161458.12,
2024-12-20,193.82,199.81,175.26,194.48,9793383.67,0.35,214.07,218.81,219.67,False,28.63,8.42,30.03,,,,,,175.26,LL,,,,,,,,56240.2,0.0,0.0,0.0,0.0,,56240.2,,,,,,,161458.12,0.0,0.0,0.0,0.0,,161458.12,
2024-12-21,194.48,201.98,178.3,181.45,5243572.62,-6.7,209.05,215.25,216.83,False,30.32,8.49,27.07,,,,,201.98,,LH,,,,,,,,56240.2,0.0,0.0,0.0,0.0,,56240.2,,,,,,,161458.12,0.0,0.0,0.0,0.0,,161458.12,
2024-12-22,181.46,187.87,176.88,180.52,3573368.97,-0.51,204.66,211.94,214.14,False,31.94,8.09,26.41,,,,,,,,,,,,,,,56240.2,0.0,0.0,0.0,0.0,,56240.2,,,,,,,161458.12,0.0,0.0,0.0,0.0,,161458.12,
2024-12-23,180.53,193.48,176.48,190.11,4217664.03,5.31,202.43,209.86,212.36,False,32.69,9.9,24.49,,,,,,176.48,HL,,,,,,,,56240.2,0.0,0.0,0.0,0.0,,56240.2,,,,,,,161458.12,0.0,0.0,0.0,0.0,,161458.12,
2024-12-24,190.12,199.0,186.13,197.09,2709577.67,3.67,201.6,208.65,211.23,False,32.69,11.74,23.13,,,,,,,,,,,,,,,56240.2,0.0,0.0,0.0,0.0,,56240.2,,,,,,,161458.12,0.0,0.0,0.0,0.0,,161458.12,
2024-12-25,197.09,201.85,195.0,197.44,1958644.49,0.18,200.96,207.58,210.21,False,32.34,12.67,22.41,,,,,201.85,,LH,,SMALL LL confirmed @ 175.26,,,,,,56240.2,0.0,0.0,0.0,0.0,,56240.2,,,,,,,161458.12,0.0,0.0,0.0,0.0,,161458.12,
2024-12-26,197.45,199.71,186.54,188.46,2045566.1,-4.55,199.04,205.76,208.6,False,32.56,11.9,24.93,,,,,,,,,SMALL LH confirmed @ 201.98,,,,,,56240.2,0.0,0.0,0.0,0.0,,56240.2,,,,,,,161458.12,0.0,0.0,0.0,0.0,,161458.12,
2024-12-27,188.46,194.39,182.74,184.22,1946509.64,-2.25,196.76,203.71,206.79,False,32.98,11.26,25.35,,,,,,182.74,HL,,,,,,,,56240.2,0.0,0.0,0.0,0.0,,56240.2,,,,,,,161458.12,0.0,0.0,0.0,0.0,,161458.12,
2024-12-28,184.22,196.1,183.82,195.5,1494847.87,6.12,196.57,202.93,205.96,False,33.15,11.41,23.88,,,,,,,,,SMALL HL confirmed @ 176.48,,,,,,56240.2,0.0,0.0,0.0,0.0,,56240.2,,,,,,,161458.12,0.0,0.0,0.0,0.0,,161458.12,
2024-12-29,195.5,197.71,188.57,189.94,1560190.02,-2.84,195.55,201.69,204.77,False,33.09,11.69,22.82,,,,,,,,,,,,,,,56240.2,0.0,0.0,0.0,0.0,,56240.2,,,,,,,161458.12,0.0,0.0,0.0,0.0,,161458.12,
2024-12-30,189.94,196.47,185.89,191.38,2415985.49,0.76,194.91,200.71,203.78,False,33.22,11.07,22.95,,,,,,,,,SMALL LH confirmed @ 201.85,,,,,,56240.2,0.0,0.0,0.0,0.0,,56240.2,,,,,,,161458.12,0.0,0.0,0.0,0.0,,161458.12,
2024-12-31,191.37,199.27,188.04,189.31,2461978.26,-1.08,194.04,199.62,202.71,False,32.93,11.86,21.65,,,,,,,,,,,,,,,56240.2,0.0,0.0,0.0,0.0,,56240.2,,,,,,,161458.12,0.0,0.0,0.0,0.0,,161458.12,
2025-01-01,189.31,195.33,188.0,194.28,1655160.1,2.63,194.08,199.11,202.08,False,32.67,11.4,20.84,,,,,,,,,SMALL HL confirmed @ 182.74,,,,,,56240.2,0.0,0.0,0.0,0.0,,56240.2,,,,,,,161458.12,0.0,0.0,0.0,0.0,,161458.12,
2025-01-02,194.28,210.48,193.43,208.31,3224923.98,7.22,196.27,199.99,202.54,False,30.49,18.18,19.01,,,,,,,,BULL_CHOCH,SMALL BULL CHOCH @ 208.31 (level 201.85),104.16,-50.0,1.0,269.983186,56240.2,56240.2,0.0,0.0,28120.1,28120.1,-0.0,28120.1,"ENTRY @ 208.31 (small green CHoCH, margin $28120.10 [50% of bank] @ 2x [ADX 30.5, zone red], 269.983186 units)",104.16,-50.0,1.0,775.085777,161458.12,161458.12,0.0,0.0,80729.06,80729.06,0.0,80729.06,"ENTRY @ 208.31 (small green CHoCH, margin $80729.06 [50% of bank] @ 2x [ADX 30.5, zone red], 775.085777 units)"
2025-01-03,208.3,219.83,205.63,217.99,3251086.56,4.65,199.61,201.7,203.69,False,29.05,21.65,17.63,,,,,,,,,,104.16,-52.22,1.0,269.983186,58853.63,58853.63,2613.44,4.65,30733.54,29426.82,1306.72,28120.1,,104.16,-52.22,1.0,775.085777,168960.95,168960.95,7502.83,4.65,88231.89,84480.47,3751.42,80729.06,
2025-01-04,218.0,218.18,213.54,216.67,1943711.39,-0.61,202.24,203.13,204.65,False,27.7,21.11,17.19,,,,,,,,,,104.16,-51.93,1.0,269.983186,58497.26,58497.26,-356.38,-0.61,30377.16,29248.63,1128.53,28120.1,,104.16,-51.93,1.0,775.085777,167937.84,167937.84,-1023.11,-0.61,87208.78,83968.92,3239.86,80729.06,
2025-01-05,216.67,219.05,211.46,213.41,2101040.54,-1.5,203.96,204.11,205.3,False,26.22,20.22,17.62,,,,,,,,,,104.16,-51.19,1.0,269.983186,57617.11,57617.11,-880.15,-1.5,29497.01,28808.56,688.46,28120.1,,104.16,-51.19,1.0,775.085777,165411.06,165411.06,-2526.78,-1.5,84682.0,82705.53,1976.47,80729.06,
2025-01-06,213.41,223.18,211.56,218.22,2855362.86,2.25,206.15,205.45,206.26,False,25.24,21.22,16.48,,,,,223.18,,HH,,,104.16,-52.27,1.0,269.983186,58915.73,58915.73,1298.62,2.25,30795.63,29457.87,1337.77,28120.1,,104.16,-52.27,1.0,775.085777,169139.22,169139.22,3728.16,2.25,88410.16,84569.61,3840.55,80729.06,
2025-01-07,218.22,219.11,201.8,202.17,3742298.28,-7.35,205.54,205.14,205.95,False,23.63,19.22,20.24,,,,,,,,,,104.16,-48.48,1.0,269.983186,54582.5,54582.5,-4333.23,-7.35,26462.4,27291.25,-828.85,28120.1,,104.16,-48.48,1.0,775.085777,156699.09,156699.09,-12440.13,-7.35,75970.03,78349.55,-2379.51,80729.06,
2025-01-08,202.17,203.28,188.34,197.48,4446830.23,-2.32,204.3,204.41,205.33,False,23.29,17.67,25.88,,,,,,,,,,104.16,-47.26,1.0,269.983186,53316.28,53316.28,-1266.22,-2.32,25196.18,26658.14,-1461.96,28120.1,,104.16,-47.26,1.0,775.085777,153063.94,153063.94,-3635.15,-2.32,72334.88,76531.97,-4197.09,80729.06,
2025-01-09,197.48,199.06,182.0,184.95,3607147.19,-6.34,201.32,202.56,203.82,False,23.42,16.07,26.9,,,,,,,,,,104.16,-43.68,1.0,269.983186,49933.39,49933.39,-3382.89,-6.34,21813.29,24966.7,-3153.4,28120.1,,104.16,-43.68,1.0,775.085777,143352.11,143352.11,-9711.82,-6.34,62623.06,71676.06,-9053.0,80729.06,
2025-01-10,184.96,193.02,183.51,187.68,3642892.08,1.48,199.22,201.14,202.62,False,23.55,15.25,25.51,,,,,,,,,,104.16,-44.5,1.0,269.983186,50670.44,50670.44,737.05,1.48,22550.35,25335.22,-2784.88,28120.1,,104.16,-44.5,1.0,775.085777,145468.1,145468.1,2115.98,1.48,64739.04,72734.05,-7995.01,80729.06,
2025-01-11,187.69,191.91,184.01,188.09,2204486.06,0.22,197.51,199.9,201.54,False,23.67,14.58,24.39,,,,,,,,,BIG HH confirmed @ 264.39 | SMALL HH confirmed @ 223.18,104.16,-44.62,1.0,269.983186,50781.14,50781.14,110.69,0.22,22661.04,25390.57,-2729.53,28120.1,,104.16,-44.62,1.0,775.085777,145785.88,145785.88,317.79,0.22,65056.82,72892.94,-7836.12,80729.06,
2025-01-12,188.09,191.0,185.17,188.51,1330917.14,0.22,196.13,198.81,200.58,False,23.77,14.08,23.57,,,,,,,,,,104.16,-44.75,1.0,269.983186,50894.53,50894.53,113.39,0.22,22774.43,25447.27,-2672.83,28120.1,,104.16,-44.75,1.0,775.085777,146111.42,146111.42,325.54,0.22,65382.36,73055.71,-7673.35,80729.06,
2025-01-13,188.5,191.99,168.88,182.87,5669925.61,-2.99,194.09,197.29,199.27,False,25.01,12.31,29.48,,,,,,168.88,LL,,,104.16,-43.04,1.0,269.983186,49371.83,49371.83,-1522.71,-2.99,21251.73,24685.91,-3434.19,28120.1,,104.16,-43.04,1.0,775.085777,141739.94,141739.94,-4371.48,-2.99,61010.88,70869.97,-9859.09,80729.06,
2025-01-14,182.86,190.11,181.88,187.57,2737355.06,2.57,193.08,196.37,198.4,False,26.16,11.74,28.12,,,,,,,,,,104.16,-44.47,1.0,269.983186,50640.75,50640.75,1268.92,2.57,22520.65,25320.37,-2799.73,28120.1,,104.16,-44.47,1.0,775.085777,145382.84,145382.84,3642.9,2.57,64653.78,72691.42,-8037.64,80729.06,
2025-01-15,187.57,206.04,185.84,205.86,3768610.58,9.75,195.05,197.27,198.95,False,25.27,19.03,25.07,,,,,,,,,,104.16,-49.4,1.0,269.983186,55578.74,55578.74,4937.99,9.75,27458.64,27789.37,-330.73,28120.1,,104.16,-49.4,1.0,775.085777,159559.16,159559.16,14176.32,9.75,78830.1,79779.58,-949.48,80729.06,
2025-01-16,205.86,217.14,198.47,211.14,5710255.66,2.56,197.52,198.59,199.86,False,23.52,22.97,22.62,,,,,,,,,,104.16,-50.67,1.0,269.983186,57004.25,57004.25,1425.51,2.56,28884.15,28502.12,382.03,28120.1,,104.16,-50.67,1.0,775.085777,163651.61,163651.61,4092.45,2.56,82922.55,81825.81,1096.75,80729.06,
2025-01-17,211.15,222.11,209.84,219.51,4384472.84,3.96,200.91,200.58,201.31,False,22.3,24.1,21.16,,,,,,,,,,104.16,-52.55,1.0,269.983186,59264.01,59264.01,2259.76,3.96,31143.91,29632.0,1511.91,28120.1,,104.16,-52.55,1.0,775.085777,170139.08,170139.08,6487.47,3.96,89410.02,85069.54,4340.48,80729.06,
2025-01-18,219.52,270.67,217.29,261.97,19971981.58,19.34,210.3,206.43,205.81,True,23.7,39.63,16.25,,,,,,,,BULL_BOS,SMALL LL confirmed @ 168.88 | SMALL BULL BOS @ 261.97 (level 223.18),104.16,-60.24,1.0,269.983186,70727.5,70727.5,11463.49,19.34,42607.4,35363.75,7243.65,28120.1,,104.16,-60.24,1.0,775.085777,203049.22,203049.22,32910.14,19.34,122320.16,101524.61,20795.55,80729.06,
2025-01-19,261.97,295.83,236.68,252.42,25051667.6,-3.65,216.78,210.81,209.26,True,25.72,40.26,12.72,,,,,295.83,,HH,,,104.16,-58.74,1.0,269.983186,68149.16,68149.16,-2578.34,-3.65,40029.06,34074.58,5954.48,28120.1,,104.16,-58.74,1.0,775.085777,195647.15,195647.15,-7402.07,-3.65,114918.09,97823.58,17094.52,80729.06,
2025-01-20,252.4,273.29,229.44,242.19,16879575.56,-4.05,220.69,213.8,211.7,True,27.04,34.32,13.28,,,,,,,,,,104.16,-56.99,1.0,269.983186,65387.23,65387.23,-2761.93,-4.05,37267.13,32693.61,4573.52,28120.1,,104.16,-56.99,1.0,775.085777,187718.02,187718.02,-7929.13,-4.05,106988.97,93859.01,13129.95,80729.06,
2025-01-21,242.18,260.06,230.0,250.33,7882737.26,3.36,225.25,217.28,214.56,True,28.26,30.94,11.98,,,,,,230.0,HL,,,104.16,-58.39,1.0,269.983186,67584.89,67584.89,2197.66,3.36,39464.79,33792.45,5672.35,28120.1,,104.16,-58.39,1.0,775.085777,194027.22,194027.22,6309.2,3.36,113298.16,97013.61,16284.55,80729.06,
2025-01-22,250.33,272.03,248.43,257.36,6223427.62,2.81,230.19,221.1,217.73,True,29.76,32.46,11.06,,,,,272.03,,LH,,,104.16,-59.53,1.0,269.983186,69482.87,69482.87,1897.98,2.81,41362.77,34741.44,6621.34,28120.1,,104.16,-59.53,1.0,775.085777,199476.08,199476.08,5448.85,2.81,118747.02,99738.04,19008.98,80729.06,
2025-01-23,257.37,258.48,242.19,253.11,6802762.72,-1.65,233.72,224.14,220.35,True,30.64,30.71,12.53,,,,,,,,,,104.16,-58.85,1.0,269.983186,68335.44,68335.44,-1147.43,-1.65,40215.35,34167.72,6047.62,28120.1,,104.16,-58.85,1.0,775.085777,196181.96,196181.96,-3294.11,-1.65,115452.9,98090.98,17361.92,80729.06,
2025-01-24,253.12,270.18,247.18,253.37,5214294.57,0.1,236.74,226.93,222.8,True,31.82,32.24,11.58,,,,,,,,,SMALL HH confirmed @ 295.83,104.16,-58.89,1.0,269.983186,68405.64,68405.64,70.2,0.1,40285.54,34202.82,6082.72,28120.1,,104.16,-58.89,1.0,775.085777,196383.48,196383.48,201.52,0.1,115654.42,98191.74,17462.68,80729.06,
2025-01-25,253.36,260.78,246.33,256.41,3703989.3,1.2,239.77,229.74,225.29,True,32.84,30.67,11.3,,,,,,,,,,104.16,-59.38,1.0,269.983186,69226.39,69226.39,820.75,1.2,41106.29,34613.19,6493.1,28120.1,,104.16,-59.38,1.0,775.085777,198739.74,198739.74,2356.26,1.2,118010.68,99369.87,18640.81,80729.06,
2025-01-26,256.4,260.16,240.32,240.5,3028015.52,-6.2,239.88,230.76,226.41,True,33.27,28.6,12.58,,,,,,,,,SMALL HL confirmed @ 230.00,104.16,-56.69,1.0,269.983186,64930.96,64930.96,-4295.43,-6.2,36810.86,32465.48,4345.38,28120.1,,104.16,-56.69,1.0,775.085777,186408.13,186408.13,-12331.61,-6.2,105679.07,93204.06,12475.01,80729.06,
2025-01-27,240.49,242.68,220.89,234.89,8916620.84,-2.33,239.11,231.15,227.04,True,32.22,26.49,18.22,,,,,,,,,SMALL LH confirmed @ 272.03,104.16,-55.66,1.0,269.983186,63416.35,63416.35,-1514.61,-2.33,35296.25,31708.18,3588.08,28120.1,,104.16,-55.66,1.0,775.085777,182059.9,182059.9,-4348.23,-2.33,101330.84,91029.95,10300.89,80729.06,
2025-01-28,234.9,244.0,225.01,227.06,3483450.09,-3.33,237.26,230.76,227.04,True,31.3,25.23,17.05,,,,,,,,BEAR_CHOCH,SMALL BEAR CHOCH @ 227.06 (level 230.00),,,,,,61302.38,-2113.97,-3.33,0.0,0.0,,61302.38,"EXIT @ 227.06 (small red CHoCH, realized +5062.18)",,,,,,175990.98,-6068.92,-3.33,0.0,0.0,,175990.98,"EXIT @ 227.06 (small red CHoCH, realized +14532.86)"
2025-01-29,227.06,238.49,222.63,228.16,3844193.84,0.48,235.86,230.52,227.13,True,30.27,23.84,16.93,,,,,,,,,,,,,,,61302.38,0.0,0.0,0.0,0.0,,61302.38,,,,,,,175990.98,0.0,0.0,0.0,0.0,,175990.98,
2025-01-30,228.16,244.7,226.84,238.31,3341265.97,4.45,236.24,231.26,227.95,True,29.64,24.52,15.87,,,,,,,,,,,,,,,61302.38,0.0,0.0,0.0,0.0,,61302.38,,,,,,,175990.98,0.0,0.0,0.0,0.0,,175990.98,
2025-01-31,238.3,241.82,228.24,231.77,2942165.57,-2.74,235.55,231.31,228.24,True,29.05,23.33,15.1,,,,,,,,,,,,,,,61302.38,0.0,0.0,0.0,0.0,,61302.38,,,,,,,175990.98,0.0,0.0,0.0,0.0,,175990.98,
2025-02-01,231.77,236.46,212.74,213.03,2849748.65,-8.09,232.08,229.57,227.11,True,27.34,21.37,19.32,,,,,,,,,,,,,,,61302.38,0.0,0.0,0.0,0.0,,61302.38,,,,,,,175990.98,0.0,0.0,0.0,0.0,,175990.98,
2025-02-02,213.03,218.9,192.31,203.51,7255500.33,-4.47,227.69,227.09,225.36,True,26.23,19.4,24.61,,,,,,,,,,,,,,,61302.38,0.0,0.0,0.0,0.0,,61302.38,,,,,,,175990.98,0.0,0.0,0.0,0.0,,175990.98,
2025-02-03,203.52,218.7,175.89,216.28,12836970.26,6.27,225.93,226.06,224.69,True,25.97,16.73,26.5,,,,,,175.89,LL,,,,,,,,61302.38,0.0,0.0,0.0,0.0,,61302.38,,,,,,,175990.98,0.0,0.0,0.0,0.0,,175990.98,
2025-02-04,216.27,219.97,201.87,206.64,6024194.39,-4.46,222.96,224.21,223.35,False,25.64,16.16,24.94,,,,,219.97,,LH,,,,,,,,61302.38,0.0,0.0,0.0,0.0,,61302.38,,,,,,,175990.98,0.0,0.0,0.0,0.0,,175990.98,
2025-02-05,206.64,209.39,195.14,196.12,3154802.04,-5.09,218.83,221.53,221.33,False,25.64,15.39,26.0,,,,,,,,,,,,,,,61302.38,0.0,0.0,0.0,0.0,,61302.38,,,,,,,175990.98,0.0,0.0,0.0,0.0,,175990.98,
2025-02-06,196.12,203.98,187.39,189.54,3444767.15,-3.36,214.33,218.49,218.98,False,25.97,14.53,27.17,,,,,,187.39,HL,,,,,,,,61302.38,0.0,0.0,0.0,0.0,,61302.38,,,,,,,175990.98,0.0,0.0,0.0,0.0,,175990.98,
2025-02-07,189.53,203.42,188.12,191.99,3925596.77,1.29,210.89,215.96,216.98,False,26.29,13.76,25.73,,,,,,,,,,,,,,,61302.38,0.0,0.0,0.0,0.0,,61302.38,,,,,,,175990.98,0.0,0.0,0.0,0.0,,175990.98,
2025-02-08,192.0,200.88,189.81,199.32,1967596.75,3.82,209.11,214.38,215.67,False,26.57,13.21,24.71,,,,,,,,,SMALL LL confirmed @ 175.89,,,,,,61302.38,0.0,0.0,0.0,0.0,,61302.38,,,,,,,175990.98,0.0,0.0,0.0,0.0,,175990.98,
2025-02-09,199.32,207.37,193.53,200.47,2879138.46,0.58,207.78,213.05,214.55,False,26.26,14.92,23.46,,,,,,,,,SMALL LH confirmed @ 219.97,,,,,,61302.38,0.0,0.0,0.0,0.0,,61302.38,,,,,,,175990.98,0.0,0.0,0.0,0.0,,175990.98,
2025-02-10,200.47,209.05,195.85,200.47,4040840.55,0.0,206.66,211.85,213.5,False,25.83,14.81,22.3,,,,,209.05,,LH,,,,,,,,61302.38,0.0,0.0,0.0,0.0,,61302.38,,,,,,,175990.98,0.0,0.0,0.0,0.0,,175990.98,
2025-02-11,200.47,206.18,195.12,197.96,3930238.34,-1.25,205.32,210.53,212.35,False,25.47,14.18,21.63,,,,,,,,,SMALL HL confirmed @ 187.39,,,,,,61302.38,0.0,0.0,0.0,0.0,,61302.38,,,,,,,175990.98,0.0,0.0,0.0,0.0,,175990.98,
2025-02-12,197.95,198.56,188.48,196.78,3898533.32,-0.6,204.01,209.22,211.2,False,25.54,13.61,23.41,,,,,,,,,,,,,,,61302.38,0.0,0.0,0.0,0.0,,61302.38,,,,,,,175990.98,0.0,0.0,0.0,0.0,,175990.98,
2025-02-13,196.78,198.47,188.78,194.25,2427771.88,-1.29,202.5,207.8,209.94,False,25.61,13.06,22.47,,,,,,,,,,,,,,,61302.38,0.0,0.0,0.0,0.0,,61302.38,,,,,,,175990.98,0.0,0.0,0.0,0.0,,175990.98,
2025-02-14,194.24,205.34,194.11,199.39,3727686.06,2.65,202.03,206.99,209.16,False,24.96,15.35,21.4,,,,,,,,,,,,,,,61302.38,0.0,0.0,0.0,0.0,,61302.38,,,,,,,175990.98,0.0,0.0,0.0,0.0,,175990.98,
2025-02-15,199.4,200.27,192.61,194.48,1633300.4,-2.46,200.86,205.8,208.07,False,24.46,14.83,21.34,,,,,,,,,SMALL LH confirmed @ 209.05,,,,,,61302.38,0.0,0.0,0.0,0.0,,61302.38,,,,,,,175990.98,0.0,0.0,0.0,0.0,,175990.98,
2025-02-16,194.47,196.24,186.3,188.27,2009380.86,-3.19,198.93,204.13,206.61,False,24.45,14.16,23.24,,,,,,,,,,,,,,,61302.38,0.0,0.0,0.0,0.0,,61302.38,,,,,,,175990.98,0.0,0.0,0.0,0.0,,175990.98,
2025-02-17,188.26,189.72,174.63,177.53,4287573.73,-5.7,195.64,201.6,204.45,False,25.15,13.19,26.95,,,,,,,,BEAR_BOS,SMALL BEAR BOS @ 177.53 (level 187.39),,,,,,61302.38,0.0,0.0,0.0,0.0,,61302.38,,,,,,,175990.98,0.0,0.0,0.0,0.0,,175990.98,
2025-02-18,177.53,179.09,160.88,169.32,6319186.17,-4.62,191.59,198.53,201.85,False,26.47,12.11,30.92,,,,,,160.88,LL,,,,,,,,61302.38,0.0,0.0,0.0,0.0,,61302.38,,,,,,,175990.98,0.0,0.0,0.0,0.0,,175990.98,
2025-02-19,169.32,174.3,163.75,168.93,3478319.26,-0.23,188.1,195.71,199.41,False,27.71,11.52,29.42,,,,,,,,,,,,,,,61302.38,0.0,0.0,0.0,0.0,,61302.38,,,,,,,175990.98,0.0,0.0,0.0,0.0,,175990.98,
2025-02-20,168.94,176.65,167.66,176.0,2938753.34,4.19,186.24,193.83,197.68,False,28.56,12.15,28.16,,,,,,,,,,,,,,,61302.38,0.0,0.0,0.0,0.0,,61302.38,,,,,,,175990.98,0.0,0.0,0.0,0.0,,175990.98,
2025-02-21,176.0,180.52,167.15,168.94,4103682.86,-4.01,183.58,191.46,195.55,False,28.9,13.22,26.36,,,,,180.52,,LH,,,,,,,,61302.38,0.0,0.0,0.0,0.0,,61302.38,,,,,,,175990.98,0.0,0.0,0.0,0.0,,175990.98,
2025-02-22,168.94,174.68,168.07,172.07,1886813.46,1.85,181.81,189.61,193.81,False,29.2,12.79,25.49,,,,,,,,,,,,,,,61302.38,0.0,0.0,0.0,0.0,,61302.38,,,,,,,175990.98,0.0,0.0,0.0,0.0,,175990.98,
2025-02-23,172.07,173.07,166.42,167.94,1488310.76,-2.4,179.67,187.55,191.89,False,29.6,12.35,25.47,,,,,,,,,SMALL LL confirmed @ 160.88,,,,,,61302.38,0.0,0.0,0.0,0.0,,61302.38,,,,,,,175990.98,0.0,0.0,0.0,0.0,,175990.98,
2025-02-24,167.94,169.69,138.0,141.81,7997237.92,-15.56,173.85,183.19,188.18,False,31.34,10.49,35.12,,,,,,,,BEAR_BOS,SMALL BEAR BOS @ 141.81 (level 160.88),,,,,,61302.38,0.0,0.0,0.0,0.0,,61302.38,,,,,,,175990.98,0.0,0.0,0.0,0.0,,175990.98,
2025-02-25,141.81,147.09,131.91,144.33,11747010.14,1.78,169.31,179.49,184.94,False,33.17,9.74,35.48,,,,,,,,,,,,,,,61302.38,0.0,0.0,0.0,0.0,,61302.38,,,,,,,175990.98,0.0,0.0,0.0,0.0,,175990.98,
2025-02-26,144.33,145.19,130.65,135.32,5368401.06,-6.24,164.08,175.28,181.26,False,34.91,9.06,33.63,,,,,,,,,SMALL LH confirmed @ 180.52,,,,,,61302.38,0.0,0.0,0.0,0.0,,61302.38,,,,,,,175990.98,0.0,0.0,0.0,0.0,,175990.98,
2025-02-27,135.33,142.9,134.71,137.68,4322990.46,1.74,160.02,171.7,178.03,False,36.52,8.7,32.27,,,,,,,,,,,,,,,61302.38,0.0,0.0,0.0,0.0,,61302.38,,,,,,,175990.98,0.0,0.0,0.0,0.0,,175990.98,
2025-02-28,137.68,148.72,125.55,148.18,10039960.61,7.63,158.2,169.46,175.82,False,38.35,7.75,33.07,,,,,,125.55,LL,,,,,,,,61302.38,0.0,0.0,0.0,0.0,,61302.38,,,,,,,175990.98,0.0,0.0,0.0,0.0,,175990.98,
2025-03-01,148.18,151.25,138.57,143.66,4151855.76,-3.05,155.96,167.01,173.44,False,39.69,8.49,31.07,,,,,,,,,,,,,,,61302.38,0.0,0.0,0.0,0.0,,61302.38,,,,,,,175990.98,0.0,0.0,0.0,0.0,,175990.98,
2025-03-02,143.66,179.85,140.04,178.71,13474639.85,24.4,159.46,168.12,173.83,False,37.89,19.24,25.8,,,,,179.85,,LH,,,,,,,,61302.38,0.0,0.0,0.0,0.0,,61302.38,,,,,,,175990.98,0.0,0.0,0.0,0.0,,175990.98,
2025-03-03,178.72,179.47,139.21,142.16,11096202.04,-20.45,156.8,165.65,171.48,False,36.28,16.24,22.09,,,,,,,,,,,,,,,61302.38,0.0,0.0,0.0,0.0,,61302.38,,,,,,,175990.98,0.0,0.0,0.0,0.0,,175990.98,
2025-03-04,142.16,147.0,130.66,144.79,10389598.33,1.85,154.95,163.66,169.51,False,35.29,15.2,24.02,,,,,,,,,,,,,,,61302.38,0.0,0.0,0.0,0.0,,61302.38,,,,,,,175990.98,0.0,0.0,0.0,0.0,,175990.98,
2025-03-05,144.8,149.73,140.18,146.28,4895520.58,1.03,153.62,162.01,167.79,False,34.13,15.72,23.1,,,,,,,,,SMALL LL confirmed @ 125.55,,,,,,61302.38,0.0,0.0,0.0,0.0,,61302.38,,,,,,,175990.98,0.0,0.0,0.0,0.0,,175990.98,
2025-03-06,146.27,152.9,142.44,143.31,4451879.66,-2.03,152.03,160.23,165.97,False,32.76,16.35,22.09,,,,,,,,,,,,,,,61302.38,0.0,0.0,0.0,0.0,,61302.38,,,,,,,175990.98,0.0,0.0,0.0,0.0,,175990.98,
2025-03-07,143.3,150.88,135.04,139.39,7267412.77,-2.74,150.09,158.24,164.0,False,31.97,15.27,23.72,,,,,,,,,SMALL LH confirmed @ 179.85,,,,,,61302.38,0.0,0.0,0.0,0.0,,61302.38,,,,,,,175990.98,0.0,0.0,0.0,0.0,,175990.98,
2025-03-08,139.39,141.09,135.29,137.01,2135751.39,-1.71,148.07,156.22,162.0,False,31.23,14.88,23.12,,,,,,,,,,,,,,,61302.38,0.0,0.0,0.0,0.0,,61302.38,,,,,,,175990.98,0.0,0.0,0.0,0.0,,175990.98,
2025-03-09,137.01,139.88,125.41,126.51,3909495.65,-7.66,144.76,153.39,159.37,False,31.16,13.93,26.01,,,,,,,,,,,,,,,61302.38,0.0,0.0,0.0,0.0,,61302.38,,,,,,,175990.98,0.0,0.0,0.0,0.0,,175990.98,
2025-03-10,126.52,131.57,115.47,118.32,6654109.33,-6.47,140.69,150.05,156.33,False,31.63,12.93,28.56,,,,BEAR_CHOCH,,,,BEAR_BOS,BIG BEAR CHOCH @ 118.32 (level 120.00) | SMALL BEAR BOS @ 118.32 (level 125.55),,,,,,61302.38,0.0,0.0,0.0,0.0,,61302.38,,,,,,,175990.98,0.0,0.0,0.0,0.0,,175990.98,
2025-03-11,118.32,128.43,112.0,125.35,6435277.86,5.94,138.33,147.7,154.04,False,32.23,11.99,28.02,,,,,,112.0,LL,,,,,,,,61302.38,0.0,0.0,0.0,0.0,,61302.38,,,,,,,175990.98,0.0,0.0,0.0,0.0,,175990.98,
2025-03-12,125.35,131.33,121.22,126.62,4410502.14,1.01,136.53,145.69,152.01,False,32.45,12.76,26.73,,,,,,,,,,,,,,,61302.38,0.0,0.0,0.0,0.0,,61302.38,,,,,,,175990.98,0.0,0.0,0.0,0.0,,175990.98,
2025-03-13,126.61,128.76,120.76,123.37,2824584.96,-2.57,134.5,143.56,149.89,False,32.69,12.28,25.94,,,,,,,,,,,,,,,61302.38,0.0,0.0,0.0,0.0,,61302.38,,,,,,,175990.98,0.0,0.0,0.0,0.0,,175990.98,
2025-03-14,123.36,136.03,122.98,133.54,3607725.49,8.24,134.36,142.61,148.68,False,32.06,14.98,24.33,,,,,,,,,,,,,,,61302.38,0.0,0.0,0.0,0.0,,61302.38,,,,,,,175990.98,0.0,0.0,0.0,0.0,,175990.98,
2025-03-15,133.53,136.53,132.44,135.86,1918077.49,1.74,134.59,141.97,147.73,False,31.41,14.92,23.83,,,,,,,,,,,,,,,61302.38,0.0,0.0,0.0,0.0,,61302.38,,,,,,,175990.98,0.0,0.0,0.0,0.0,,175990.98,
2025-03-16,135.86,136.71,125.21,126.13,2764260.89,-7.16,133.29,140.46,146.13,False,31.31,14.05,26.12,,,,,136.71,,LH,,SMALL LL confirmed @ 112.00,,,,,,61302.38,0.0,0.0,0.0,0.0,,61302.38,,,,,,,175990.98,0.0,0.0,0.0,0.0,,175990.98,
2025-03-17,126.13,130.64,125.55,128.01,2707611.09,1.49,132.47,139.27,144.78,False,31.22,13.66,25.41,,,,,,,,,,,,,,,61302.38,0.0,0.0,0.0,0.0,,61302.38,,,,,,,175990.98,0.0,0.0,0.0,0.0,,175990.98,
2025-03-18,128.01,128.19,121.76,125.33,3181789.7,-2.09,131.38,137.95,143.34,False,31.4,13.18,26.6,,,,,,121.76,HL,,,,,,,,61302.38,0.0,0.0,0.0,0.0,,61302.38,,,,,,,175990.98,0.0,0.0,0.0,0.0,,175990.98,
2025-03-19,125.33,136.08,124.2,135.33,4170497.99,7.98,131.98,137.7,142.75,False,30.56,16.7,24.84,,,,,,,,,,,,,,,61302.38,0.0,0.0,0.0,0.0,,61302.38,,,,,,,175990.98,0.0,0.0,0.0,0.0,,175990.98,
2025-03-20,135.33,136.12,126.65,127.6,2593287.99,-5.71,131.31,136.73,141.63,False,29.77,15.83,23.51,,,,,,,,,,,,,,,61302.38,0.0,0.0,0.0,0.0,,61302.38,,,,,,,175990.98,0.0,0.0,0.0,0.0,,175990.98,
2025-03-21,127.6,130.18,124.81,128.48,2400422.35,0.69,130.87,135.95,140.65,False,29.2,15.32,23.85,,,,,,,,,SMALL LH confirmed @ 136.71,,,,,,61302.38,0.0,0.0,0.0,0.0,,61302.38,,,,,,,175990.98,0.0,0.0,0.0,0.0,,175990.98,
2025-03-22,128.47,131.84,127.8,128.51,1498168.2,0.02,130.51,135.24,139.75,False,28.44,15.97,23.25,,,,,,,,,,,,,,,61302.38,0.0,0.0,0.0,0.0,,61302.38,,,,,,,175990.98,0.0,0.0,0.0,0.0,,175990.98,
2025-03-23,128.5,134.06,128.21,132.84,1763485.99,3.37,130.87,135.01,139.24,False,27.43,16.8,22.37,,,,,,,,,SMALL HL confirmed @ 121.76,,,,,,61302.38,0.0,0.0,0.0,0.0,,61302.38,,,,,,,175990.98,0.0,0.0,0.0,0.0,,175990.98,
2025-03-24,132.85,144.96,132.04,141.01,4554131.64,6.15,132.43,135.58,139.37,False,25.77,22.35,20.53,,,,,,,,BULL_CHOCH,SMALL BULL CHOCH @ 141.01 (level 136.71),70.5,-50.0,1.0,434.737835,61302.38,61302.38,0.0,0.0,30651.19,30651.19,0.0,30651.19,"ENTRY @ 141.01 (small green CHoCH, margin $30651.19 [50% of bank] @ 2x [ADX 25.8, zone red], 434.737835 units)",70.5,-50.0,1.0,1248.074438,175990.98,175990.98,0.0,0.0,87995.49,87995.49,0.0,87995.49,"ENTRY @ 141.01 (small green CHoCH, margin $87995.49 [50% of bank] @ 2x [ADX 25.8, zone red], 1248.074438 units)"
2025-03-25,141.01,147.48,138.17,143.64,3529958.67,1.87,134.15,136.35,139.69,False,24.5,22.64,19.3,,,,,147.48,,HH,,,70.5,-50.92,1.0,434.737835,62445.74,62445.74,1143.36,1.87,31794.55,31222.87,571.68,30651.19,,70.5,-50.92,1.0,1248.074438,179273.41,179273.41,3282.44,1.87,91277.92,89636.71,1641.22,87995.49,
2025-03-26,143.64,145.49,135.89,137.34,3099523.29,-4.39,134.64,136.44,139.52,False,23.03,21.22,19.58,,,,,,,,,,70.5,-48.66,1.0,434.737835,59706.89,59706.89,-2738.85,-4.39,29055.7,29853.45,-797.74,30651.19,,70.5,-48.66,1.0,1248.074438,171410.54,171410.54,-7862.87,-4.39,83415.06,85705.27,-2290.22,87995.49,
2025-03-27,137.35,140.22,135.63,138.43,2466162.68,0.79,135.23,136.63,139.43,False,21.64,20.56,19.15,,,,,,,,,,70.5,-49.07,1.0,434.737835,60180.76,60180.76,473.86,0.79,29529.57,30090.38,-560.81,30651.19,,70.5,-49.07,1.0,1248.074438,172770.94,172770.94,1360.4,0.79,84775.46,86385.47,-1610.02,87995.49,
2025-03-28,138.44,139.05,127.69,129.49,3892191.36,-6.46,134.34,135.95,138.7,False,20.79,18.98,23.04,,,,,,,,,,70.5,-45.55,1.0,434.737835,56294.2,56294.2,-3886.56,-6.46,25643.01,28147.1,-2504.09,30651.19,,70.5,-45.55,1.0,1248.074438,161613.16,161613.16,-11157.79,-6.46,73617.67,80806.58,-7188.91,87995.49,
2025-03-29,129.5,130.54,122.68,124.58,2610065.52,-3.79,132.84,134.87,137.65,False,20.5,17.96,25.24,,,,,,,,,,70.5,-43.41,1.0,434.737835,54159.64,54159.64,-2134.56,-3.79,23508.45,27079.82,-3571.37,30651.19,,70.5,-43.41,1.0,1248.074438,155485.11,155485.11,-6128.05,-3.79,67489.63,77742.56,-10252.93,87995.49,
2025-03-30,124.58,127.08,123.0,124.82,1743775.3,0.19,131.61,133.91,136.7,False,20.24,17.43,24.5,,,,,,,,,SMALL HH confirmed @ 147.48,70.5,-43.51,1.0,434.737835,54263.98,54263.98,104.34,0.19,23612.79,27131.99,-3519.2,30651.19,,70.5,-43.51,1.0,1248.074438,155784.65,155784.65,299.54,0.19,67789.16,77892.33,-10103.16,87995.49,
2025-03-31,124.83,127.81,122.75,124.54,3730628.85,-0.22,130.52,133.02,135.8,False,19.89,17.32,23.57,,,,,,,,,,70.5,-43.39,1.0,434.737835,54142.25,54142.25,-121.73,-0.22,23491.06,27071.12,-3580.07,30651.19,,70.5,-43.39,1.0,1248.074438,155435.19,155435.19,-349.46,-0.22,67439.7,77717.6,-10277.89,87995.49,
2025-04-01,124.53,130.55,123.74,126.67,3554277.85,1.71,129.93,132.42,135.12,False,19.14,18.51,22.35,,,,,,,,,,70.5,-44.34,1.0,434.737835,55068.24,55068.24,925.99,1.71,24417.05,27534.12,-3117.07,30651.19,,70.5,-44.34,1.0,1248.074438,158093.59,158093.59,2658.4,1.71,70098.1,79046.79,-8948.69,87995.49,
2025-04-02,126.68,136.21,117.0,117.42,6288908.68,-7.3,128.0,130.99,133.81,False,19.22,15.99,24.08,,,,,,,,BEAR_CHOCH,SMALL BEAR CHOCH @ 117.42 (level 121.76),,,,,,51046.92,-4021.32,-7.3,0.0,0.0,,51046.92,"EXIT @ 117.42 (small red CHoCH, realized -10255.47)",,,,,,146548.9,-11544.69,-7.3,0.0,0.0,,146548.9,"EXIT @ 117.42 (small red CHoCH, realized -29442.08)"
2025-04-03,117.42,120.94,112.24,117.17,5854867.28,-0.21,126.34,129.67,132.58,False,19.76,15.0,25.99,,,,,,,,,,,,,,,51046.92,0.0,0.0,0.0,0.0,,51046.92,,,,,,,146548.9,0.0,0.0,0.0,0.0,,146548.9,
2025-04-04,117.17,124.0,113.25,122.79,5721072.32,4.8,125.79,129.02,131.86,False,19.77,16.02,24.0,,,,,,,,,,,,,,,51046.92,0.0,0.0,0.0,0.0,,51046.92,,,,,,,146548.9,0.0,0.0,0.0,0.0,,146548.9,
2025-04-05,122.8,122.85,117.15,120.32,1784381.3,-2.01,124.95,128.19,131.0,False,19.78,15.35,23.0,,,,,,,,,,,,,,,51046.92,0.0,0.0,0.0,0.0,,51046.92,,,,,,,146548.9,0.0,0.0,0.0,0.0,,146548.9,
2025-04-06,120.33,121.13,103.81,105.91,4934346.99,-11.98,122.02,126.07,129.14,False,21.03,13.51,29.5,,,,,,,,,,,,,,,51046.92,0.0,0.0,0.0,0.0,,51046.92,,,,,,,146548.9,0.0,0.0,0.0,0.0,,146548.9,
2025-04-07,105.9,113.0,95.26,106.99,12630664.99,1.02,119.71,124.25,127.5,False,22.76,11.92,31.69,,95.26,LL,,,95.26,LL,,,,,,,,51046.92,0.0,0.0,0.0,0.0,,51046.92,,,,,,,146548.9,0.0,0.0,0.0,0.0,,146548.9,
2025-04-08,106.98,112.58,102.96,105.4,5839129.78,-1.49,117.51,122.45,125.86,False,24.37,11.16,29.66,,,,,,,,,,,,,,,51046.92,0.0,0.0,0.0,0.0,,51046.92,,,,,,,146548.9,0.0,0.0,0.0,0.0,,146548.9,
2025-04-09,105.4,121.0,101.26,119.05,9334586.14,12.95,117.74,122.13,125.36,False,24.53,15.07,25.98,,,,,,,,,,,,,,,51046.92,0.0,0.0,0.0,0.0,,51046.92,,,,,,,146548.9,0.0,0.0,0.0,0.0,,146548.9,
2025-04-10,119.05,119.3,108.21,112.81,5566324.63,-5.24,116.99,121.24,124.43,False,24.68,14.01,24.17,,,,,,,,,,,,,,,51046.92,0.0,0.0,0.0,0.0,,51046.92,,,,,,,146548.9,0.0,0.0,0.0,0.0,,146548.9,
2025-04-11,112.8,122.65,112.16,121.41,4344066.89,7.62,117.67,121.26,124.21,False,24.31,15.2,22.57,,,,,,,,,,,,,,,51046.92,0.0,0.0,0.0,0.0,,51046.92,,,,,,,146548.9,0.0,0.0,0.0,0.0,,146548.9,
2025-04-12,121.41,134.11,119.41,132.24,4620265.86,8.92,119.91,122.3,124.8,False,22.64,20.92,20.51,,,,,,,,,SMALL LL confirmed @ 95.26,,,,,,51046.92,0.0,0.0,0.0,0.0,,51046.92,,,,,,,146548.9,0.0,0.0,0.0,0.0,,146548.9,
2025-04-13,132.24,133.96,125.32,128.38,4054370.6,-2.92,121.21,122.88,125.07,False,21.1,19.78,19.39,,,,,,,,,,,,,,,51046.92,0.0,0.0,0.0,0.0,,51046.92,,,,,,,146548.9,0.0,0.0,0.0,0.0,,146548.9,
2025-04-14,128.38,136.13,127.98,129.42,4150251.45,0.81,122.47,123.51,125.39,False,19.92,20.14,18.38,,,,,,,,,,,,,,,51046.92,0.0,0.0,0.0,0.0,,51046.92,,,,,,,146548.9,0.0,0.0,0.0,0.0,,146548.9,
2025-04-15,129.41,134.45,125.82,126.11,3431482.5,-2.56,123.03,123.75,125.44,False,18.54,19.0,18.75,,,,,,,,,,,,,,,51046.92,0.0,0.0,0.0,0.0,,51046.92,,,,,,,146548.9,0.0,0.0,0.0,0.0,,146548.9,
2025-04-16,126.1,133.91,123.49,131.33,5320768.99,4.14,124.31,124.48,125.88,False,17.47,17.7,19.0,,,,,,,,,,,,,,,51046.92,0.0,0.0,0.0,0.0,,51046.92,,,,,,,146548.9,0.0,0.0,0.0,0.0,,146548.9,
2025-04-17,131.33,136.2,129.5,134.83,3817459.72,2.67,125.93,125.46,126.54,False,16.28,18.45,18.14,,,,,,,,,,,,,,,51046.92,0.0,0.0,0.0,0.0,,51046.92,,,,,,,146548.9,0.0,0.0,0.0,0.0,,146548.9,
2025-04-18,134.84,136.02,132.47,134.04,2556341.87,-0.59,127.18,126.28,127.1,True,15.18,17.98,17.68,,,,,,,,,,,,,,,51046.92,0.0,0.0,0.0,0.0,,51046.92,,,,,,,146548.9,0.0,0.0,0.0,0.0,,146548.9,
2025-04-19,134.05,140.5,133.58,139.87,2816038.07,4.35,129.13,127.57,128.04,True,14.77,20.33,16.8,,,,,,,,,,,,,,,51046.92,0.0,0.0,0.0,0.0,,51046.92,,,,,,,146548.9,0.0,0.0,0.0,0.0,,146548.9,
2025-04-20,139.86,141.96,135.64,137.86,3498098.62,-1.44,130.47,128.55,128.77,True,14.59,20.46,16.01,,,,,,,,,,,,,,,51046.92,0.0,0.0,0.0,0.0,,51046.92,,,,,,,146548.9,0.0,0.0,0.0,0.0,,146548.9,
2025-04-21,137.86,143.25,133.82,136.56,4657400.5,-0.94,131.41,129.32,129.35,True,14.11,19.02,16.24,,,,,,,,,,,,,,,51046.92,0.0,0.0,0.0,0.0,,51046.92,,,,,,,146548.9,0.0,0.0,0.0,0.0,,146548.9,
2025-04-22,136.57,150.23,134.68,148.79,5078409.54,8.96,134.08,131.17,130.79,True,14.57,21.89,14.44,,,,,,,,BULL_CHOCH,SMALL BULL CHOCH @ 148.79 (level 147.48),133.91,-10.0,5.0,1715.401458,255234.58,51046.92,0.0,0.0,25523.46,25523.46,0.0,25523.46,"ENTRY @ 148.79 (small green CHoCH, margin $25523.46 [50% of bank] @ 10x [ADX 14.6, zone green], 1715.401458 units)",133.91,-10.0,5.0,4924.689177,732744.5,146548.9,0.0,0.0,73274.45,73274.45,0.0,73274.45,"ENTRY @ 148.79 (small green CHoCH, margin $73274.45 [50% of bank] @ 10x [ADX 14.6, zone green], 4924.689177 units)"
2025-04-23,148.78,154.21,147.13,151.1,4801378.47,1.55,136.7,133.07,132.29,True,15.43,23.66,13.69,,,,,,,,,,133.91,-11.38,4.71,1715.401458,259197.16,55009.49,3962.58,7.76,29486.04,25919.72,3566.32,25523.46,,133.91,-11.38,4.71,4924.689177,744120.53,157924.93,11376.03,7.76,84650.48,74412.05,10238.43,73274.45,
2025-04-24,151.1,152.9,144.87,152.55,3535860.48,0.96,139.14,134.92,133.79,True,15.82,22.26,14.55,,,,,,,,,,133.91,-12.22,4.55,1715.401458,261684.49,57496.83,2487.33,4.52,31973.37,26168.45,5804.92,25523.46,,133.91,-12.22,4.55,4924.689177,751261.33,165065.73,7140.8,4.52,91791.28,75126.13,16665.15,73274.45,
2025-04-25,152.55,157.0,149.87,150.82,4226767.97,-1.13,140.94,136.44,135.05,True,16.65,24.15,13.77,,,,,157.0,,HH,,,133.91,-11.21,4.74,1715.401458,258716.85,54529.18,-2967.64,-5.16,29005.72,25871.68,3134.04,25523.46,,133.91,-11.21,4.74,4924.689177,742741.62,156546.02,-8519.71,-5.16,83271.57,74274.16,8997.41,73274.45,
2025-04-26,150.82,153.17,147.75,149.21,1766805.88,-1.07,142.21,137.65,136.1,True,17.02,23.13,14.84,,,,,,,,,,133.91,-10.25,4.94,1715.401458,255955.05,51767.39,-2761.8,-5.06,26243.93,25595.51,648.42,25523.46,,133.91,-10.25,4.94,4924.689177,734812.87,148617.27,-7928.75,-5.06,75342.82,73481.29,1861.53,73274.45,
2025-04-27,149.22,150.41,145.51,147.98,1599977.89,-0.82,143.1,138.64,136.98,True,16.96,22.22,16.05,,,,,,,,,,133.91,-9.51,5.11,1715.401458,253845.11,49657.44,-2109.94,-4.08,24133.98,25384.51,-1250.53,25523.46,,133.91,-9.51,5.11,4924.689177,728755.5,142559.9,-6057.37,-4.08,69285.45,72875.55,-3590.1,73274.45,
2025-04-28,147.97,153.4,144.63,147.84,3507950.44,-0.09,143.83,139.51,137.79,True,17.28,23.06,14.92,,,,,,,,,,133.91,-9.42,5.13,1715.401458,253604.95,49417.29,-240.16,-0.48,23893.83,25360.5,-1466.67,25523.46,,133.91,-9.42,5.13,4924.689177,728066.05,141870.45,-689.46,-0.48,68596.0,72806.6,-4210.61,73274.45,
2025-04-29,147.84,150.39,145.0,146.31,2498992.49,-1.03,144.21,140.16,138.42,True,17.57,22.03,14.25,,,,,,,,,,133.91,-8.47,5.36,1715.401458,250980.39,46792.72,-2624.56,-5.31,21269.26,25098.04,-3828.78,25523.46,,133.91,-8.47,5.36,4924.689177,720531.27,134335.67,-7534.77,-5.31,61061.22,72053.13,-10991.91,73274.45,
2025-04-30,146.3,148.67,140.32,147.54,2780816.36,0.84,144.72,140.86,139.09,True,16.95,20.51,17.15,,,,,,140.32,HL,,SMALL HH confirmed @ 157.00,133.91,-9.24,5.18,1715.401458,253090.33,48902.66,2109.94,4.51,23379.21,25309.03,-1929.83,25523.46,,133.91,-9.24,5.18,4924.689177,726588.64,140393.04,6057.37,4.51,67118.59,72658.86,-5540.28,73274.45,
2025-05-01,147.54,153.99,147.54,150.85,3037281.45,2.24,145.66,141.81,139.96,True,17.11,23.88,16.21,,,,,153.99,,LH,,,133.91,-11.23,4.74,1715.401458,258768.31,54580.64,5677.98,11.61,29057.19,25876.83,3180.35,25523.46,,133.91,-11.23,4.74,4924.689177,742889.36,156693.76,16300.72,11.61,83419.31,74288.94,9130.37,73274.45,
2025-05-02,150.85,151.91,147.3,148.05,2216263.07,-1.86,146.03,142.41,140.56,True,17.21,22.92,15.77,,,,,,,,,,133.91,-9.55,5.1,1715.401458,253965.19,49777.52,-4803.12,-8.8,24254.06,25396.52,-1142.46,25523.46,,133.91,-9.55,5.1,4924.689177,729100.23,142904.63,-13789.13,-8.8,69630.18,72910.02,-3279.84,73274.45,
2025-05-03,148.04,149.05,145.82,146.71,1406583.56,-0.91,146.14,142.82,141.02,True,17.0,22.24,16.66,,,,,,,,,,133.91,-8.72,5.3,1715.401458,251666.55,47478.88,-2298.64,-4.62,21955.42,25166.65,-3211.23,25523.46,,133.91,-8.72,5.3,4924.689177,722501.15,136305.55,-6599.08,-4.62,63031.1,72250.11,-9219.02,73274.45,
2025-05-04,146.71,147.81,143.5,143.95,1613358.55,-1.88,145.8,142.93,141.24,True,16.36,21.34,18.16,,,,,,,,,,133.91,-6.97,5.78,1715.401458,246932.04,42744.37,-4734.51,-9.97,17220.92,24693.2,-7472.29,25523.46,,133.91,-6.97,5.78,4924.689177,708909.01,122713.4,-13592.14,-9.97,49438.95,70890.9,-21451.95,73274.45,
2025-05-05,143.94,147.73,142.5,146.72,2030995.8,1.92,145.94,143.29,141.64,True,15.58,20.27,18.21,,,,,,,,,SMALL HL confirmed @ 140.32,133.91,-8.73,5.3,1715.401458,251683.7,47496.04,4751.66,11.12,21972.58,25168.37,-3195.79,25523.46,,133.91,-8.73,5.3,4924.689177,722550.4,136354.79,13641.39,11.12,63080.34,72255.04,-9174.7,73274.45,
2025-05-06,146.72,147.23,141.41,146.88,2352310.94,0.11,146.09,143.63,142.03,True,14.63,19.11,18.24,,,,,,141.41,HL,,SMALL LH confirmed @ 153.99,133.91,-8.83,5.27,1715.401458,251958.17,47770.5,274.46,0.58,22247.04,25195.82,-2948.78,25523.46,,133.91,-8.83,5.27,4924.689177,723338.35,137142.74,787.95,0.58,63868.29,72333.83,-8465.54,73274.45,
2025-05-07,146.89,149.54,144.68,147.32,2440566.28,0.3,146.28,143.98,142.42,True,14.18,20.5,17.35,,,,,,,,,,133.91,-9.1,5.21,1715.401458,252712.94,48525.28,754.78,1.58,23001.82,25271.29,-2269.48,25523.46,,133.91,-9.1,5.21,4924.689177,725505.21,139309.61,2166.86,1.58,66035.16,72550.52,-6515.36,73274.45,
2025-05-08,147.32,164.6,147.08,164.46,6040622.62,11.63,149.07,145.93,144.05,True,15.73,30.91,14.59,,,,,,,,BULL_BOS,SMALL BULL BOS @ 164.46 (level 153.99),133.91,-18.58,3.62,1715.401458,282114.92,77927.26,29401.98,60.59,52403.8,28211.49,24192.31,25523.46,,133.91,-18.58,3.62,4924.689177,809914.38,223718.78,84409.17,60.59,150444.33,80991.44,69452.89,73274.45,
2025-05-09,164.46,176.15,161.07,172.78,6318574.65,5.06,152.72,148.49,146.18,True,18.07,36.78,12.72,,,,,,,,,,133.91,-22.5,3.21,1715.401458,296387.06,92199.4,14272.14,18.31,66675.94,29638.71,37037.23,25523.46,,133.91,-22.5,3.21,4924.689177,850887.8,264692.19,40973.41,18.31,191417.74,85088.78,106328.96,73274.45,
2025-05-10,172.77,178.98,168.72,177.89,3339701.18,2.96,156.59,151.29,148.53,True,20.44,35.98,11.62,,,,,,,,,,133.91,-24.72,3.02,1715.401458,305152.77,100965.1,8765.7,9.51,75441.64,30515.28,44926.36,25523.46,,133.91,-24.72,3.02,4924.689177,876052.96,289857.36,25165.16,9.51,216582.91,87605.3,128977.61,73274.45,
2025-05-11,177.89,180.26,169.35,173.19,3210729.52,-2.64,159.15,153.37,150.36,True,22.72,33.81,10.58,,,,,,,,,SMALL HL confirmed @ 141.41,133.91,-22.68,3.2,1715.401458,297090.38,92902.71,-8062.39,-7.99,67379.25,29709.04,37670.22,25523.46,,133.91,-22.68,3.2,4924.689177,852906.92,266711.32,-23146.04,-7.99,193436.87,85290.69,108146.17,73274.45,
2025-05-12,173.2,181.46,168.31,174.22,6245732.98,0.59,161.47,155.36,152.13,True,24.91,31.24,9.48,,,,,,,,,,133.91,-23.14,3.16,1715.401458,298857.24,94669.58,1766.86,1.9,69146.12,29885.72,39260.39,25523.46,,133.91,-23.14,3.16,4924.689177,857979.35,271783.75,5072.43,1.9,198509.3,85797.93,112711.36,73274.45,
2025-05-13,174.22,184.83,166.18,183.75,4587043.4,5.47,164.89,158.06,154.47,True,27.17,29.43,8.18,,,,,,,,,,133.91,-27.12,2.84,1715.401458,315205.02,111017.35,16347.78,17.27,85493.89,31520.5,53973.39,25523.46,,133.91,-27.12,2.84,4924.689177,904911.64,318716.03,46932.29,17.27,245441.58,90491.16,154950.42,73274.45,
2025-05-14,183.75,184.88,173.23,176.64,3619155.25,-3.87,166.7,159.83,156.11,True,29.27,26.97,7.48,,,,,184.88,,HH,,,133.91,-24.19,3.07,1715.401458,303008.51,98820.85,-12196.5,-10.99,73297.39,30300.85,42996.54,25523.46,,133.91,-24.19,3.07,4924.689177,869897.1,283701.49,-35014.54,-10.99,210427.04,86989.71,123437.33,73274.45,
2025-05-15,176.63,178.33,166.7,169.16,3546037.72,-4.23,167.08,160.72,157.08,True,29.77,24.72,11.54,,,,,,,,,,133.91,-20.84,3.37,1715.401458,290177.31,85989.64,-12831.2,-12.98,60466.19,29017.73,31448.45,25523.46,,133.91,-20.84,3.37,4924.689177,833060.42,246864.82,-36836.68,-12.98,173590.37,83306.04,90284.33,73274.45,
2025-05-16,169.16,174.21,166.36,167.4,2766386.67,-1.04,167.13,161.36,157.84,True,30.17,23.31,11.13,,,,,,,,,,133.91,-20.01,3.46,1715.401458,287158.2,82970.54,-3019.11,-3.51,57447.08,28715.82,28731.26,25523.46,,133.91,-20.01,3.46,4924.689177,824392.97,238197.37,-8667.45,-3.51,164922.92,82439.3,82483.62,73274.45,
2025-05-17,167.4,169.99,164.01,165.94,2262121.71,-0.87,166.95,161.79,158.44,True,30.05,22.27,12.39,,,,,,,,,,133.91,-19.3,3.54,1715.401458,284653.72,80466.05,-2504.49,-3.02,54942.59,28465.37,26477.22,25523.46,,133.91,-19.3,3.54,4924.689177,817202.92,231007.32,-7190.05,-3.02,157732.87,81720.29,76012.58,73274.45,
2025-05-18,165.94,176.77,164.54,173.3,3194610.94,4.44,167.92,162.89,159.54,True,30.64,25.25,11.28,,,,,,,,,,133.91,-22.73,3.19,1715.401458,297279.07,93091.41,12625.35,15.69,67567.95,29727.91,37840.04,25523.46,,133.91,-22.73,3.19,4924.689177,853448.63,267253.03,36245.71,15.69,193978.58,85344.86,108633.72,73274.45,
2025-05-19,173.3,173.94,159.44,166.86,4076352.74,-3.72,167.76,163.27,160.08,True,30.2,22.65,13.74,,,,,,159.44,HL,,SMALL HH confirmed @ 184.88,133.91,-19.75,3.49,1715.401458,286231.89,82044.22,-11047.19,-11.87,56520.76,28623.19,27897.57,25523.46,,133.91,-19.75,3.49,4924.689177,821733.64,235538.03,-31715.0,-11.87,162263.58,82173.36,80090.22,73274.45,
2025-05-20,166.87,173.11,164.51,168.59,3135420.43,1.04,167.89,163.77,160.71,True,29.79,21.25,12.89,,,,,,,,,,133.91,-20.57,3.4,1715.401458,289199.53,85011.87,2967.64,3.62,59488.41,28919.95,30568.45,25523.46,,133.91,-20.57,3.4,4924.689177,830253.35,244057.75,8519.71,3.62,170783.3,83025.33,87757.96,73274.45,
2025-05-21,168.59,175.99,165.51,173.53,4400610.4,2.93,168.76,164.7,161.66,True,29.74,21.72,11.92,,,,,,,,,,133.91,-22.83,3.18,1715.401458,297673.61,93485.95,8474.08,9.97,67962.49,29767.36,38195.13,25523.46,,133.91,-22.83,3.18,4924.689177,854581.31,268385.71,24327.96,9.97,195111.26,85458.13,109653.13,73274.45,
2025-05-22,173.54,180.87,172.59,179.68,3608222.86,3.54,170.44,166.13,163.0,True,30.21,23.95,11.21,,,,,,,,,,133.91,-25.47,2.96,1715.401458,308223.33,104035.67,10549.72,11.28,78512.21,30822.33,47689.88,25523.46,,133.91,-25.47,2.96,4924.689177,884868.15,298672.55,30286.84,11.28,225398.1,88486.82,136911.28,73274.45,
2025-05-23,179.68,187.71,173.23,174.01,6112910.78,-3.16,170.99,166.88,163.81,True,31.24,26.31,10.08,187.71,,LH,,187.71,,HH,,,133.91,-23.04,3.17,1715.401458,298497.01,94309.34,-9726.33,-9.35,68785.88,29849.7,38936.18,25523.46,,133.91,-23.04,3.17,4924.689177,856945.16,270749.56,-27922.99,-9.35,197475.11,85694.52,111780.59,73274.45,
2025-05-24,174.0,178.33,172.5,175.87,2317965.02,1.07,171.74,167.74,164.71,True,32.04,25.2,10.18,,,,,,,,,SMALL HL confirmed @ 159.44,133.91,-23.86,3.09,1715.401458,301687.65,97499.99,3190.65,3.38,71976.53,30168.77,41807.76,25523.46,,133.91,-23.86,3.09,4924.689177,866105.09,279909.48,9159.92,3.38,206635.03,86610.51,120024.52,73274.45,
2025-05-25,175.87,176.88,169.14,175.74,2530363.86,-0.07,172.35,168.5,165.52,True,32.08,23.77,12.06,,,,,,,,,,133.91,-23.8,3.1,1715.401458,301464.65,97276.99,-223.0,-0.23,71753.53,30146.47,41607.06,25523.46,,133.91,-23.8,3.1,4924.689177,865464.88,279269.27,-640.21,-0.23,205994.82,86546.49,119448.34,73274.45,
2025-05-26,175.75,179.02,173.48,174.91,2214724.8,-0.47,172.75,169.11,166.22,True,32.34,24.39,11.56,,,,,,,,,,133.91,-23.44,3.13,1715.401458,300040.87,95853.2,-1423.78,-1.46,70329.74,30004.09,40325.66,25523.46,,133.91,-23.44,3.13,4924.689177,861377.38,275181.78,-4087.49,-1.46,201907.33,86137.74,115769.59,73274.45,
2025-05-27,174.92,179.41,171.24,176.71,2568509.37,1.03,173.36,169.83,167.0,True,32.11,22.87,12.55,,,,,,,,,BIG LL confirmed @ 95.26,133.91,-24.22,3.06,1715.401458,303128.59,98940.93,3087.72,3.22,73417.47,30312.86,43104.61,25523.46,,133.91,-24.22,3.06,4924.689177,870241.82,284046.22,8864.44,3.22,210771.77,87024.18,123747.59,73274.45,
2025-05-28,176.72,177.45,168.92,172.21,2534660.88,-2.55,173.18,170.06,167.38,True,31.43,21.37,13.51,,,,,,,,,SMALL HH confirmed @ 187.71,133.91,-22.24,3.24,1715.401458,295409.29,91221.62,-7719.31,-7.8,65698.16,29540.93,36157.23,25523.46,,133.91,-22.24,3.24,4924.689177,848080.72,261885.12,-22161.1,-7.8,188610.67,84808.07,103802.6,73274.45,
2025-05-29,172.22,175.34,165.96,166.71,2641789.97,-3.19,172.18,169.74,167.33,True,30.22,19.83,14.81,,,,,,,,,,133.91,-19.67,3.5,1715.401458,285974.58,81786.91,-9434.71,-10.34,56263.45,28597.46,27665.99,25523.46,,133.91,-19.67,3.5,4924.689177,820994.93,234799.33,-27085.79,-10.34,161524.88,82099.49,79425.39,73274.45,
2025-05-30,166.71,167.51,155.22,156.2,3770279.51,-6.3,169.73,168.45,166.51,True,28.69,18.0,21.51,,,,,,,,BEAR_CHOCH,SMALL BEAR CHOCH @ 156.20 (level 159.44),,,,,,63758.04,-18028.87,-22.04,0.0,0.0,,63758.04,"EXIT @ 156.20 (small red CHoCH, realized +12711.12)",,,,,,183040.85,-51758.48,-22.04,0.0,0.0,,183040.85,"EXIT @ 156.20 (small red CHoCH, realized +36491.95)"
2025-05-31,156.2,158.01,152.14,156.45,2352257.75,0.16,167.68,167.31,165.76,True,27.67,17.19,22.91,,,,,,,,,,,,,,,63758.04,0.0,0.0,0.0,0.0,,63758.04,,,,,,,183040.85,0.0,0.0,0.0,0.0,,183040.85,
2025-06-01,156.45,157.92,150.59,157.68,2042131.04,0.79,166.14,166.39,165.16,True,26.9,16.2,22.81,,,,,,,,,,,,,,,63758.04,0.0,0.0,0.0,0.0,,63758.04,,,,,,,183040.85,0.0,0.0,0.0,0.0,,183040.85,
2025-06-02,157.68,158.93,151.67,156.83,2502052.19,-0.54,164.71,165.48,164.55,True,26.01,16.07,21.49,,,,,,,,,,,,,,,63758.04,0.0,0.0,0.0,0.0,,63758.04,,,,,,,183040.85,0.0,0.0,0.0,0.0,,183040.85,
2025-06-03,156.83,163.64,154.14,155.19,2849585.14,-1.05,163.25,164.5,163.85,False,24.39,18.59,19.88,,,,,,,,,,,,,,,63758.04,0.0,0.0,0.0,0.0,,63758.04,,,,,,,183040.85,0.0,0.0,0.0,0.0,,183040.85,
2025-06-04,155.19,157.97,152.94,153.26,1990646.42,-1.24,161.71,163.43,163.07,False,23.07,17.82,20.04,,,,,,,,,,,,,,,63758.04,0.0,0.0,0.0,0.0,,63758.04,,,,,,,183040.85,0.0,0.0,0.0,0.0,,183040.85,
2025-06-05,153.27,154.61,141.53,144.29,4258041.08,-5.85,159.03,161.61,161.68,False,23.25,15.98,26.98,,,,,,141.53,LL,,,,,,,,63758.04,0.0,0.0,0.0,0.0,,63758.04,,,,,,,183040.85,0.0,0.0,0.0,0.0,,183040.85,
2025-06-06,144.28,152.39,144.11,147.83,2167791.11,2.45,157.31,160.29,160.65,False,23.42,14.93,25.2,,,,,,,,,,,,,,,63758.04,0.0,0.0,0.0,0.0,,63758.04,,,,,,,183040.85,0.0,0.0,0.0,0.0,,183040.85,
2025-06-07,147.82,152.84,146.84,150.06,1408204.62,1.51,156.19,159.32,159.87,False,23.49,14.57,23.97,,,,,,,,,,,,,,,63758.04,0.0,0.0,0.0,0.0,,63758.04,,,,,,,183040.85,0.0,0.0,0.0,0.0,,183040.85,
2025-06-08,150.07,155.3,147.88,152.45,1564000.37,1.59,155.62,158.67,159.32,False,23.08,15.7,22.51,,,,,,,,,,,,,,,63758.04,0.0,0.0,0.0,0.0,,63758.04,,,,,,,183040.85,0.0,0.0,0.0,0.0,,183040.85,
2025-06-09,152.45,161.73,149.58,161.16,3079728.26,5.71,156.47,158.9,159.45,False,21.61,19.32,20.32,,,,,,,,,,,,,,,63758.04,0.0,0.0,0.0,0.0,,63758.04,,,,,,,183040.85,0.0,0.0,0.0,0.0,,183040.85,
2025-06-10,161.16,165.67,156.32,165.12,3589559.16,2.46,157.8,159.5,159.87,False,20.47,21.02,18.81,,,,,,,,,SMALL LL confirmed @ 141.53,,,,,,63758.04,0.0,0.0,0.0,0.0,,63758.04,,,,,,,183040.85,0.0,0.0,0.0,0.0,,183040.85,
2025-06-11,165.12,168.36,159.21,160.97,4019425.0,-2.51,158.29,159.64,159.96,False,19.77,21.63,17.44,,,,,168.36,,LH,,,,,,,,63758.04,0.0,0.0,0.0,0.0,,63758.04,,,,,,,183040.85,0.0,0.0,0.0,0.0,,183040.85,
2025-06-12,160.98,161.28,152.02,152.32,2883476.68,-5.37,157.37,158.94,159.39,False,18.67,20.04,21.87,,,,,,,,,,,,,,,63758.04,0.0,0.0,0.0,0.0,,63758.04,,,,,,,183040.85,0.0,0.0,0.0,0.0,,183040.85,
2025-06-13,152.32,152.59,140.21,148.6,5339782.78,-2.44,156.02,157.95,158.59,False,18.97,18.12,28.91,,,,,,140.21,LL,,,,,,,,63758.04,0.0,0.0,0.0,0.0,,63758.04,,,,,,,183040.85,0.0,0.0,0.0,0.0,,183040.85,
2025-06-14,148.6,148.7,141.97,144.64,1679994.75,-2.66,154.27,156.69,157.56,False,19.26,17.16,27.37,,,,,,,,,,,,,,,63758.04,0.0,0.0,0.0,0.0,,63758.04,,,,,,,183040.85,0.0,0.0,0.0,0.0,,183040.85,
2025-06-15,144.65,153.54,144.22,152.97,2831999.62,5.76,154.07,156.33,157.22,False,18.78,19.71,25.36,,,,,,,,,,,,,,,63758.04,0.0,0.0,0.0,0.0,,63758.04,,,,,,,183040.85,0.0,0.0,0.0,0.0,,183040.85,
2025-06-16,152.97,158.8,150.3,150.72,3573196.78,-1.47,153.55,155.8,156.74,False,17.61,22.55,23.66,,,,,158.8,,LH,,SMALL LH confirmed @ 168.36,,,,,,63758.04,0.0,0.0,0.0,0.0,,63758.04,,,,,,,183040.85,0.0,0.0,0.0,0.0,,183040.85,
2025-06-17,150.73,154.33,145.61,147.57,3395648.86,-2.09,152.63,155.01,156.06,False,17.08,20.99,25.74,,,,,,,,,,,,,,,63758.04,0.0,0.0,0.0,0.0,,63758.04,,,,,,,183040.85,0.0,0.0,0.0,0.0,,183040.85,
2025-06-18,147.58,149.28,143.65,146.34,2800908.98,-0.83,151.67,154.19,155.34,False,16.81,20.02,26.16,,,,,,,,,SMALL LL confirmed @ 140.21,,,,,,63758.04,0.0,0.0,0.0,0.0,,63758.04,,,,,,,183040.85,0.0,0.0,0.0,0.0,,183040.85,
2025-06-19,146.35,147.9,142.92,147.04,2285335.73,0.48,150.95,153.51,154.72,False,16.64,19.19,25.68,,,,,,,,,,,,,,,63758.04,0.0,0.0,0.0,0.0,,63758.04,,,,,,,183040.85,0.0,0.0,0.0,0.0,,183040.85,
2025-06-20,147.04,148.81,135.69,140.11,3393327.21,-4.71,149.29,152.23,153.64,False,17.26,17.15,28.8,,,,,,,,BEAR_BOS,SMALL BEAR BOS @ 140.11 (level 140.21),,,,,,63758.04,0.0,0.0,0.0,0.0,,63758.04,,,,,,,183040.85,0.0,0.0,0.0,0.0,,183040.85,
2025-06-21,140.11,142.6,130.9,135.43,2826424.14,-3.34,147.15,150.63,152.29,False,18.28,15.56,29.92,,,,,,,,,SMALL LH confirmed @ 158.80,,,,,,63758.04,0.0,0.0,0.0,0.0,,63758.04,,,,,,,183040.85,0.0,0.0,0.0,0.0,,183040.85,
2025-06-22,135.43,137.62,126.0,131.71,4252120.02,-2.75,144.78,148.83,150.77,False,19.64,14.16,31.03,,126.0,HL,,,126.0,LL,,,,,,,,63758.04,0.0,0.0,0.0,0.0,,63758.04,,,,,,,183040.85,0.0,0.0,0.0,0.0,,183040.85,
2025-06-23,131.71,146.92,130.68,144.51,4573147.67,9.72,144.74,148.42,150.3,False,19.47,19.31,27.32,,,,,,,,,,,,,,,63758.04,0.0,0.0,0.0,0.0,,63758.04,,,,,,,183040.85,0.0,0.0,0.0,0.0,,183040.85,
2025-06-24,144.51,146.77,142.31,145.92,2741809.09,0.98,144.92,148.18,149.98,False,19.31,18.65,26.39,,,,,,,,,,,,,,,63758.04,0.0,0.0,0.0,0.0,,63758.04,,,,,,,183040.85,0.0,0.0,0.0,0.0,,183040.85,
2025-06-25,145.93,147.95,142.25,143.57,2233601.91,-1.61,144.71,147.74,149.5,False,18.98,18.74,25.21,,,,,,,,,,,,,,,63758.04,0.0,0.0,0.0,0.0,,63758.04,,,,,,,183040.85,0.0,0.0,0.0,0.0,,183040.85,
2025-06-26,143.57,148.0,138.62,139.06,2522507.94,-3.14,143.84,146.91,148.73,False,19.07,17.36,26.2,,,,,,,,,,,,,,,63758.04,0.0,0.0,0.0,0.0,,63758.04,,,,,,,183040.85,0.0,0.0,0.0,0.0,,183040.85,
2025-06-27,139.05,144.85,137.14,142.09,2471847.15,2.18,143.57,146.45,148.24,False,19.32,16.3,25.77,,,,,,,,,SMALL LL confirmed @ 126.00,,,,,,63758.04,0.0,0.0,0.0,0.0,,63758.04,,,,,,,183040.85,0.0,0.0,0.0,0.0,,183040.85,
2025-06-28,142.09,152.7,141.13,150.72,2657836.68,6.07,144.67,146.86,148.42,False,18.34,20.94,23.46,,,,,,,,,,,,,,,63758.04,0.0,0.0,0.0,0.0,,63758.04,,,,,,,183040.85,0.0,0.0,0.0,0.0,,183040.85,
2025-06-29,150.73,154.77,149.36,153.32,2150026.17,1.73,146.0,147.48,148.79,False,17.16,21.69,22.44,,,,,,,,,,,,,,,63758.04,0.0,0.0,0.0,0.0,,63758.04,,,,,,,183040.85,0.0,0.0,0.0,0.0,,183040.85,
2025-06-30,153.32,159.99,149.45,154.81,3871390.34,0.97,147.36,148.17,149.23,False,16.48,24.01,20.57,,,,,159.99,,HH,,,,,,,,63758.04,0.0,0.0,0.0,0.0,,63758.04,,,,,,,183040.85,0.0,0.0,0.0,0.0,,183040.85,
2025-07-01,154.82,155.64,144.85,146.88,2770862.17,-5.12,147.28,148.05,149.06,False,15.37,21.99,22.43,,,,,,144.85,HL,,,,,,,,63758.04,0.0,0.0,0.0,0.0,,63758.04,,,,,,,183040.85,0.0,0.0,0.0,0.0,,183040.85,
2025-07-02,146.87,154.47,145.85,152.27,2652574.28,3.67,148.05,148.45,149.3,False,14.35,20.5,20.91,,,,,,,,,,,,,,,63758.04,0.0,0.0,0.0,0.0,,63758.04,,,,,,,183040.85,0.0,0.0,0.0,0.0,,183040.85,
2025-07-03,152.28,156.35,149.86,152.36,2686218.2,0.06,148.71,148.83,149.52,False,13.52,20.94,19.83,,,,,156.35,,LH,,,,,,,,63758.04,0.0,0.0,0.0,0.0,,63758.04,,,,,,,183040.85,0.0,0.0,0.0,0.0,,183040.85,
2025-07-04,152.35,153.88,145.22,147.7,2308086.74,-3.06,148.56,148.72,149.39,False,13.01,19.49,22.17,,,,,,145.22,HL,,,,,,,,63758.04,0.0,0.0,0.0,0.0,,63758.04,,,,,,,183040.85,0.0,0.0,0.0,0.0,,183040.85,
2025-07-05,147.69,148.7,145.9,147.55,1173963.86,-0.1,148.4,148.61,149.25,False,12.54,19.03,21.65,,,,,,,,,SMALL HH confirmed @ 159.99,,,,,,63758.04,0.0,0.0,0.0,0.0,,63758.04,,,,,,,183040.85,0.0,0.0,0.0,0.0,,183040.85,
2025-07-06,147.55,153.89,146.78,151.86,2486859.72,2.92,148.93,148.92,149.44,False,11.98,22.3,20.33,,,,,,,,,SMALL HL confirmed @ 144.85,,,,,,63758.04,0.0,0.0,0.0,0.0,,63758.04,,,,,,,183040.85,0.0,0.0,0.0,0.0,,183040.85,
2025-07-07,151.86,153.6,147.7,148.88,2174727.72,-1.96,148.93,148.91,149.4,False,11.45,21.15,19.29,,,,,,,,,,,,,,,63758.04,0.0,0.0,0.0,0.0,,63758.04,,,,,,,183040.85,0.0,0.0,0.0,0.0,,183040.85,
2025-07-08,148.89,152.88,147.85,151.67,2712869.32,1.87,149.35,149.18,149.57,False,10.96,20.2,18.42,,,,,,,,,SMALL LH confirmed @ 156.35,,,,,,63758.04,0.0,0.0,0.0,0.0,,63758.04,,,,,,,183040.85,0.0,0.0,0.0,0.0,,183040.85,
2025-07-09,151.68,157.93,150.53,157.05,2907219.75,3.55,150.53,149.93,150.12,True,11.27,23.4,17.19,,,,,,,,BULL_CHOCH,SMALL HL confirmed @ 145.22 | SMALL BULL CHOCH @ 157.05 (level 156.35),141.34,-10.0,5.0,2029.864418,318790.21,63758.04,0.0,0.0,31879.02,31879.02,0.0,31879.02,"ENTRY @ 157.05 (small green CHoCH, margin $31879.02 [50% of bank] @ 10x [ADX 11.3, zone green], 2029.864418 units)",141.34,-10.0,5.0,5827.470466,915204.24,183040.85,0.0,0.0,91520.42,91520.42,0.0,91520.42,"ENTRY @ 157.05 (small green CHoCH, margin $91520.42 [50% of bank] @ 10x [ADX 11.3, zone green], 5827.470466 units)"
2025-07-10,157.06,165.43,155.64,164.34,3428382.35,4.64,152.66,151.3,151.18,True,12.48,28.01,15.7,,,,,,,,,,141.34,-13.99,4.25,2029.864418,333587.92,78555.75,14797.71,23.21,46676.73,33358.79,13317.94,31879.02,,141.34,-13.99,4.25,5827.470466,957686.5,225523.11,42482.26,23.21,134002.68,95768.65,38234.03,91520.42,
2025-07-11,164.33,168.2,159.54,162.93,4354179.71,-0.86,154.24,152.41,152.05,True,13.89,28.32,14.51,,,,,,,,,,141.34,-13.25,4.37,2029.864418,330725.81,75693.64,-2862.11,-3.64,43814.62,33072.58,10742.04,31879.02,,141.34,-13.25,4.37,5827.470466,949469.76,217306.37,-8216.73,-3.64,125785.95,94946.98,30838.97,91520.42,
2025-07-12,162.92,163.9,157.74,160.69,2043211.94,-1.37,155.23,153.2,152.69,True,14.84,26.75,15.32,,,,,,,,,BIG LH confirmed @ 187.71,141.34,-12.04,4.58,2029.864418,326178.91,71146.75,-4546.9,-6.01,39267.73,32617.89,6649.84,31879.02,,141.34,-12.04,4.58,5827.470466,936416.23,204252.84,-13053.53,-6.01,112732.42,93641.62,19090.79,91520.42,
2025-07-13,160.7,164.19,159.63,161.15,1929745.85,0.29,156.14,153.95,153.32,True,15.75,25.89,14.67,,,,,,,,,,141.34,-12.29,4.54,2029.864418,327112.65,72080.49,933.74,1.31,40201.46,32711.27,7490.2,31879.02,,141.34,-12.29,4.54,5827.470466,939096.87,206933.48,2680.64,1.31,115413.05,93909.69,21503.37,91520.42,
2025-07-14,161.15,168.65,160.61,162.21,3973706.53,0.66,157.07,154.74,153.97,True,17.11,28.09,13.58,,,,,,,,,,141.34,-12.86,4.44,2029.864418,329264.31,74232.14,2151.66,2.99,42353.12,32926.43,9426.69,31879.02,,141.34,-12.86,4.44,5827.470466,945273.98,213110.59,6177.12,2.99,121590.17,94527.4,27062.77,91520.42,
2025-07-15,162.21,164.26,157.23,163.98,3665295.75,1.09,158.14,155.62,154.72,True,17.66,26.25,15.83,,,,,,,,,,141.34,-13.8,4.28,2029.864418,332857.17,77825.0,3592.86,4.84,45945.98,33285.72,12660.26,31879.02,,141.34,-13.8,4.28,5827.470466,955588.61,223425.22,10314.62,4.84,131904.79,95558.86,36345.93,91520.42,
2025-07-16,163.98,176.0,161.51,173.63,5020288.12,5.88,160.52,157.33,156.12,True,19.34,33.18,13.83,,,,,,,,,,141.34,-18.59,3.62,2029.864418,352445.36,97413.19,19588.19,25.17,65534.17,35244.54,30289.64,31879.02,,141.34,-18.59,3.62,5827.470466,1011823.7,279660.31,56235.09,25.17,188139.88,101182.37,86957.51,91520.42,
2025-07-17,173.62,178.19,168.71,175.87,4491555.73,1.29,162.88,159.1,157.58,True,21.07,32.36,12.7,,,,,,,,,,141.34,-19.63,3.5,2029.864418,356992.26,101960.09,4546.9,4.67,70081.07,35699.23,34381.84,31879.02,,141.34,-19.63,3.5,5827.470466,1024877.23,292713.84,13053.53,4.67,201193.42,102487.72,98705.69,91520.42,
2025-07-18,175.88,184.67,173.24,177.28,5191853.17,0.8,165.1,160.83,159.04,True,23.16,34.69,11.48,,,,,,,,,,141.34,-20.27,3.43,2029.864418,359854.36,104822.2,2862.11,2.81,72943.18,35985.44,36957.74,31879.02,,141.34,-20.27,3.43,5827.470466,1033093.96,300930.57,8216.73,2.81,209410.15,103309.4,106100.75,91520.42,
2025-07-19,177.28,178.61,174.0,176.96,2059315.01,-0.18,166.92,162.37,160.37,True,25.1,33.3,11.02,,,,,,,,,,141.34,-20.13,3.45,2029.864418,359204.81,104172.64,-649.56,-0.62,72293.62,35920.48,36373.14,31879.02,,141.34,-20.13,3.45,5827.470466,1031229.17,299065.78,-1864.79,-0.62,207545.36,103122.92,104422.44,91520.42,
2025-07-20,176.97,183.66,176.33,181.43,3694854.92,2.53,169.15,164.18,161.93,True,27.24,35.59,10.31,,,,,,,,,,141.34,-22.09,3.25,2029.864418,368278.3,113246.14,9073.49,8.71,81367.12,36827.83,44539.29,31879.02,,141.34,-22.09,3.25,5827.470466,1057277.97,325114.58,26048.79,8.71,233594.15,105727.8,127866.36,91520.42,
2025-07-21,181.44,199.28,178.25,195.72,6495907.18,7.88,173.24,167.19,164.43,True,30.0,41.99,8.61,,,,BULL_CHOCH,,,,,BIG BULL CHOCH @ 195.72 (level 187.71),141.34,-27.78,2.79,2029.864418,397285.06,142252.9,29006.76,25.61,110373.88,39728.51,70645.37,31879.02,,141.34,-27.78,2.79,5827.470466,1140552.52,408389.13,83274.55,25.61,316868.71,114055.25,202813.45,91520.42,
2025-07-22,195.72,206.3,193.75,205.7,8635627.17,5.1,178.23,170.85,167.49,True,32.83,43.33,7.78,,,,,206.3,,HH,,,141.34,-31.29,2.57,2029.864418,417543.11,162510.95,20258.05,14.24,130631.92,41754.31,88877.61,31879.02,,141.34,-31.29,2.57,5827.470466,1198710.67,466547.29,58158.16,14.24,375026.86,119871.07,255155.79,91520.42,
2025-07-23,205.7,205.75,183.97,189.4,5548137.5,-7.92,179.95,172.62,169.11,True,33.8,36.73,13.43,,,,,,,,,,141.34,-25.37,2.97,2029.864418,384456.32,129424.16,-33086.79,-20.36,97545.13,38445.63,59099.5,31879.02,,141.34,-25.37,2.97,5827.470466,1103722.91,371559.52,-94987.77,-20.36,280039.09,110372.29,169666.8,91520.42,
2025-07-24,189.4,191.87,179.21,182.87,5217064.87,-3.45,180.4,173.6,170.13,True,34.01,33.53,15.54,,,,,,,,,,141.34,-22.71,3.2,2029.864418,371201.31,116169.14,-13255.01,-10.24,84290.12,37120.13,47169.99,31879.02,,141.34,-22.71,3.2,5827.470466,1065669.52,333506.13,-38053.38,-10.24,241985.71,106566.95,135418.76,91520.42,
2025-07-25,182.88,186.85,175.63,186.76,4481310.44,2.13,181.38,174.85,171.36,True,33.7,30.96,16.79,,,,,,,,,,141.34,-24.32,3.06,2029.864418,379097.48,124065.31,7896.17,6.8,92186.29,37909.75,54276.54,31879.02,,141.34,-24.32,3.06,5827.470466,1088338.38,356174.99,22668.86,6.8,264654.57,108833.84,155820.73,91520.42,
2025-07-26,186.75,189.78,184.29,184.88,1773453.88,-1.01,181.92,175.81,172.36,True,33.63,31.83,16.14,,,,,,,,,,141.34,-23.55,3.12,2029.864418,375281.33,120249.17,-3816.15,-3.08,88370.15,37528.13,50842.01,31879.02,,141.34,-23.55,3.12,5827.470466,1077382.74,345219.35,-10955.64,-3.08,253698.93,107738.27,145960.65,91520.42,
2025-07-27,184.89,190.7,184.53,188.64,2233060.13,2.03,182.95,177.03,173.57,True,33.63,31.07,15.41,,,,,,,,,SMALL HH confirmed @ 206.30,141.34,-25.07,2.99,2029.864418,382913.62,127881.46,7632.29,6.35,96002.44,38291.36,57711.08,31879.02,,141.34,-25.07,2.99,5827.470466,1099294.03,367130.64,21911.29,6.35,275610.22,109929.4,165680.81,91520.42,
2025-07-28,188.64,195.26,182.16,183.11,4067872.13,-2.93,182.98,177.61,174.28,True,33.97,31.42,13.98,,,,,,,,,,141.34,-22.81,3.19,2029.864418,371688.47,116656.31,-11225.15,-8.78,84777.29,37168.85,47608.44,31879.02,,141.34,-22.81,3.19,5827.470466,1067068.12,334904.73,-32225.91,-8.78,243384.3,106706.81,136677.49,91520.42,
2025-07-29,183.1,186.68,178.3,181.48,2541912.04,-0.89,182.75,177.98,174.81,True,33.69,29.53,15.91,,,,,,,,,,141.34,-22.12,3.25,2029.864418,368379.79,113347.63,-3308.68,-2.84,81468.61,36837.98,44630.63,31879.02,,141.34,-22.12,3.25,5827.470466,1057569.34,325405.95,-9498.78,-2.84,233885.53,105756.93,128128.59,91520.42,
2025-07-30,181.47,182.56,170.29,177.77,3297250.19,-2.04,181.98,177.96,175.03,True,32.31,26.96,20.2,,,,,,,,,,141.34,-20.49,3.41,2029.864418,360849.0,105816.83,-7530.8,-6.64,73937.81,36084.9,37852.91,31879.02,,141.34,-20.49,3.41,5827.470466,1035949.42,303786.04,-21619.92,-6.64,212265.61,103594.94,108670.67,91520.42,
2025-07-31,177.77,182.7,171.44,172.22,2624841.78,-3.12,180.48,177.41,174.82,True,31.04,24.93,18.6,,,,,,,,,,141.34,-17.93,3.7,2029.864418,349583.25,94551.08,-11265.75,-10.65,62672.06,34958.33,27713.74,31879.02,,141.34,-17.93,3.7,5827.470466,1003606.96,271443.57,-32342.46,-10.65,179923.15,100360.7,79562.45,91520.42,
2025-08-01,172.22,172.26,159.2,162.71,4317529.32,-5.52,177.75,176.01,173.92,True,29.21,22.69,25.35,,,,,,,,,,141.34,-13.13,4.39,2029.864418,330279.24,75247.07,-19304.01,-20.42,43368.05,33027.92,10340.13,31879.02,,141.34,-13.13,4.39,5827.470466,948187.72,216024.33,-55419.24,-20.42,124503.91,94818.77,29685.13,91520.42,
2025-08-02,162.71,165.3,155.83,158.48,2208175.08,-2.6,174.78,174.34,172.78,True,27.86,21.21,26.02,,,,,,155.83,HL,,,141.34,-10.81,4.83,2029.864418,321692.91,66660.75,-8586.33,-11.41,34781.73,32169.29,2612.44,31879.02,,141.34,-10.81,4.83,5827.470466,923537.52,191374.13,-24650.2,-11.41,99853.71,92353.75,7499.95,91520.42,
2025-08-03,158.49,163.14,156.28,161.97,2297909.31,2.2,172.81,173.16,171.98,True,26.59,20.17,24.75,,,,,,,,,,141.34,-12.73,4.46,2029.864418,328777.14,73744.97,7084.23,10.63,41865.95,32877.71,8988.24,31879.02,,141.34,-12.73,4.46,5827.470466,943875.39,211712.0,20337.87,10.63,120191.58,94387.54,25804.04,91520.42,
2025-08-04,161.98,169.8,161.26,169.55,2688954.16,4.68,172.31,172.82,171.8,True,24.77,23.71,23.24,,,,,,,,,,141.34,-16.64,3.86,2029.864418,344163.51,89131.35,15386.37,20.86,57252.33,34416.35,22835.97,31879.02,,141.34,-16.64,3.86,5827.470466,988047.62,255884.23,44172.23,20.86,164363.8,98804.76,65559.04,91520.42,
2025-08-05,169.55,171.73,161.3,164.09,2554958.01,-3.22,171.04,171.99,171.23,False,23.29,23.33,21.51,,,,,,,,,,141.34,-13.86,4.27,2029.864418,333080.45,78048.29,-11083.06,-12.43,46169.27,33308.05,12861.22,31879.02,,141.34,-13.86,4.27,5827.470466,956229.63,224066.24,-31817.99,-12.43,132545.82,95622.96,36922.85,91520.42,
2025-08-06,164.09,169.93,161.13,168.09,1797491.43,2.44,170.59,171.62,171.0,False,21.89,21.85,20.27,,,,,,,,,,141.34,-15.91,3.96,2029.864418,341199.91,86167.74,8119.46,10.4,54288.72,34119.99,20168.73,31879.02,,141.34,-15.91,3.96,5827.470466,979539.51,247376.12,23309.88,10.4,155855.7,97953.95,57901.75,91520.42,
2025-08-07,168.1,175.51,166.7,175.36,3014663.0,4.33,171.32,171.97,171.32,True,21.24,24.5,18.97,,,,,,,,,SMALL HL confirmed @ 155.83,141.34,-19.4,3.53,2029.864418,355957.02,100924.86,14757.11,17.13,69045.84,35595.7,33450.14,31879.02,,141.34,-19.4,3.53,5827.470466,1021905.22,289741.83,42365.71,17.13,198221.41,102190.52,96030.89,91520.42,
2025-08-08,175.37,179.66,173.43,176.78,3678790.66,0.81,172.16,172.43,171.72,True,21.06,26.46,18.09,,,,,,,,,,141.34,-20.04,3.46,2029.864418,358839.43,103807.27,2882.41,2.86,71928.25,35883.94,36044.3,31879.02,,141.34,-20.04,3.46,5827.470466,1030180.23,298016.84,8275.01,2.86,206496.42,103018.02,103478.39,91520.42,
2025-08-09,176.79,183.45,176.64,179.95,3325504.39,1.79,173.36,173.15,172.33,True,21.27,27.97,17.15,,,,,,,,,,141.34,-21.45,3.31,2029.864418,365274.1,110241.94,6434.67,6.2,78362.92,36527.41,41835.51,31879.02,,141.34,-21.45,3.31,5827.470466,1048653.31,316489.92,18473.08,6.2,224969.5,104865.33,120104.17,91520.42,
2025-08-10,179.96,186.18,177.51,182.66,4197287.29,1.51,174.79,174.05,173.1,True,21.72,28.21,16.01,,,,,,,,,,141.34,-22.62,3.2,2029.864418,370775.03,115742.87,5500.93,4.99,83863.85,37077.5,46786.34,31879.02,,141.34,-22.62,3.2,5827.470466,1064445.76,332282.37,15792.44,4.99,240761.94,106444.58,134317.37,91520.42,
2025-08-11,182.67,186.8,173.43,174.84,3960743.53,-4.28,174.8,174.13,173.23,True,21.5,25.4,17.45,,,,,,,,,BIG HL confirmed @ 126.00,141.34,-19.16,3.55,2029.864418,354901.49,99869.33,-15873.54,-13.71,67990.31,35490.15,32500.16,31879.02,,141.34,-19.16,3.55,5827.470466,1018874.94,286711.55,-45570.82,-13.71,195191.12,101887.49,93303.63,91520.42,
2025-08-12,174.83,193.76,173.6,191.78,5074348.16,9.69,177.41,175.81,174.6,True,21.96,26.67,15.03,,,,,,,,,,141.34,-26.3,2.9,2029.864418,389287.4,134255.23,34385.9,34.43,102376.21,38928.74,63447.47,31879.02,,141.34,-26.3,2.9,5827.470466,1117592.29,385428.9,98717.35,34.43,293908.47,111759.23,182149.24,91520.42,
2025-08-13,191.77,204.96,191.48,201.51,7148726.28,5.07,181.12,178.26,176.59,True,23.24,31.8,13.66,,,,,,,,,,141.34,-29.86,2.66,2029.864418,409037.98,154005.81,19750.58,14.71,122126.79,40903.8,81222.99,31879.02,,141.34,-29.86,2.66,5827.470466,1174293.57,442130.18,56701.29,14.71,350609.76,117429.36,233180.4,91520.42,
2025-08-14,201.51,209.86,186.68,192.47,8965607.31,-4.49,182.87,179.61,177.77,True,24.74,30.26,11.69,,,,,209.86,,HH,,,141.34,-26.56,2.88,2029.864418,390688.0,135655.84,-18349.97,-11.92,103776.82,39068.8,64708.02,31879.02,,141.34,-26.56,2.88,5827.470466,1121613.24,389449.85,-52680.33,-11.92,297929.43,112161.32,185768.1,91520.42,
2025-08-15,192.46,198.07,183.3,185.72,4360287.4,-3.51,183.3,180.19,178.36,True,25.61,27.54,12.7,,,,,,,,,,141.34,-23.89,3.09,2029.864418,376986.42,121954.25,-13701.58,-10.1,90075.23,37698.64,52376.59,31879.02,,141.34,-23.89,3.09,5827.470466,1082277.81,350114.43,-39335.43,-10.1,258594.0,108227.78,150366.22,91520.42,
2025-08-16,185.71,190.06,185.2,189.6,2099818.45,2.09,184.27,181.09,179.19,True,26.41,26.69,12.31,,,,,,,,,,141.34,-25.45,2.96,2029.864418,384862.29,129830.13,7875.87,6.46,97951.11,38486.23,59464.88,31879.02,,141.34,-25.45,2.96,5827.470466,1104888.4,372725.01,22610.59,6.46,281204.59,110488.84,170715.75,91520.42,
2025-08-17,189.61,195.89,187.35,190.99,2261555.56,0.73,185.31,182.03,180.07,True,27.58,28.99,11.63,,,,,,,,,,141.34,-25.99,2.92,2029.864418,387683.81,132651.64,2821.51,2.17,100772.62,38768.38,62004.24,31879.02,,141.34,-25.99,2.92,5827.470466,1112988.58,380825.19,8100.18,2.17,289304.77,111298.86,178005.91,91520.42,
2025-08-18,191.0,191.33,180.0,182.94,3374074.7,-4.21,184.94,182.12,180.28,True,27.52,26.87,15.52,,,,,,,,,,141.34,-22.74,3.19,2029.864418,371343.4,116311.23,-16340.41,-12.32,84432.21,37134.34,47297.87,31879.02,,141.34,-22.74,3.19,5827.470466,1066077.45,333914.06,-46911.14,-12.32,242393.63,106607.74,135785.89,91520.42,
2025-08-19,182.94,185.87,175.69,176.22,3260089.96,-3.67,183.6,181.56,179.98,True,26.87,25.09,17.3,,,,,,175.69,HL,,SMALL HH confirmed @ 209.86,141.34,-19.79,3.48,2029.864418,357702.71,102670.54,-13640.69,-11.73,70791.52,35770.27,35021.25,31879.02,,141.34,-19.79,3.48,5827.470466,1026916.85,294753.46,-39160.6,-11.73,203233.03,102691.68,100541.35,91520.42,
2025-08-20,176.22,187.97,176.04,187.94,3464957.67,6.65,184.27,182.16,180.57,True,26.46,24.51,15.96,,,,,,,,,,141.34,-24.79,3.02,2029.864418,381492.72,126460.55,23790.01,23.17,94581.53,38149.27,56432.26,31879.02,,141.34,-24.79,3.02,5827.470466,1095214.8,363051.41,68297.95,23.17,271530.99,109521.48,162009.51,91520.42,
2025-08-21,187.95,190.1,179.43,180.29,2914511.6,-4.07,183.66,181.99,180.55,True,26.27,24.2,14.86,,,,,,,,,,141.34,-21.6,3.3,2029.864418,365964.26,110932.09,-15528.46,-12.28,79053.07,36596.43,42456.64,31879.02,,141.34,-21.6,3.3,5827.470466,1050634.65,318471.26,-44580.15,-12.28,226950.84,105063.47,121887.37,91520.42,
2025-08-22,180.3,202.4,177.27,200.69,6594118.39,11.32,186.28,183.77,182.04,True,27.08,27.89,12.65,,,,,,,,,,141.34,-29.57,2.67,2029.864418,407373.49,152341.32,41409.23,37.33,120462.3,40737.35,79724.95,31879.02,,141.34,-29.57,2.67,5827.470466,1169515.05,437351.66,118880.4,37.33,345831.23,116951.5,228879.73,91520.42,
2025-08-23,200.69,208.62,195.26,204.14,4788640.76,1.72,189.02,185.71,183.68,True,28.23,29.35,11.65,,,,,,,,,,141.34,-30.76,2.6,2029.864418,414376.52,159344.36,7003.03,4.6,127465.34,41437.65,86027.68,31879.02,,141.34,-30.76,2.6,5827.470466,1189619.82,457456.43,20104.77,4.6,365936.01,118961.98,246974.03,91520.42,
2025-08-24,204.15,211.99,201.09,205.98,7165649.24,0.9,191.63,187.64,185.33,True,29.5,29.46,10.9,,,,,,,,,SMALL HL confirmed @ 175.69,141.34,-31.38,2.56,2029.864418,418111.47,163079.31,3734.95,2.34,131200.29,41811.15,89389.14,31879.02,,141.34,-31.38,2.56,5827.470466,1200342.37,468178.98,10722.55,2.34,376658.55,120034.24,256624.32,91520.42,
2025-08-25,205.99,213.6,185.33,187.2,7953100.75,-9.12,190.95,187.6,185.47,True,28.6,24.95,17.76,,,,,,,,,,141.34,-24.5,3.04,2029.864418,379990.62,124958.45,-38120.85,-23.38,93079.43,37999.06,55080.37,31879.02,,141.34,-24.5,3.04,5827.470466,1090902.47,358739.08,-109439.9,-23.38,267218.66,109090.25,158128.41,91520.42,
2025-08-26,187.19,198.1,185.58,195.86,4734419.52,4.63,191.71,188.38,186.24,True,27.76,23.26,16.55,,,,,,,,,,141.34,-27.83,2.79,2029.864418,397569.24,142537.08,17578.63,14.07,110658.06,39756.92,70901.13,31879.02,,141.34,-27.83,2.79,5827.470466,1141368.37,409204.98,50465.89,14.07,317684.55,114136.84,203547.72,91520.42,
2025-08-27,195.85,212.08,193.78,202.95,7835140.15,3.62,193.44,189.77,187.47,True,27.99,28.39,14.95,,,,,,,,,,141.34,-30.35,2.63,2029.864418,411960.98,156928.82,14391.74,10.1,125049.8,41196.1,83853.7,31879.02,,141.34,-30.35,2.63,5827.470466,1182685.13,450521.74,41316.77,10.1,359001.32,118268.51,240732.8,91520.42,
2025-08-28,202.95,216.89,201.72,214.43,7247306.55,5.66,196.67,192.12,189.47,True,28.5,28.66,13.76,,,,,,,,BULL_BOS,SMALL BULL BOS @ 214.43 (level 209.86),141.34,-34.08,2.42,2029.864418,435263.83,180231.66,23302.84,14.85,148352.64,43526.38,104826.26,31879.02,,141.34,-34.08,2.42,5827.470466,1249584.49,517421.1,66899.36,14.85,425900.68,124958.45,300942.23,91520.42,
2025-08-29,214.43,218.0,199.85,205.08,8607486.6,-4.36,197.96,193.35,190.63,True,28.74,26.0,13.44,,,,,218.0,,HH,,,141.34,-31.08,2.58,2029.864418,416284.59,161252.43,-18979.23,-10.53,129373.41,41628.46,87744.95,31879.02,,141.34,-31.08,2.58,5827.470466,1195097.64,462934.25,-54486.85,-10.53,371413.83,119509.76,251904.07,91520.42,
2025-08-30,205.09,207.06,197.52,202.7,3894576.12,-1.16,198.69,194.24,191.52,True,28.66,24.7,13.99,,,,,,,,,,141.34,-30.27,2.63,2029.864418,411453.52,156421.35,-4831.08,-3.0,124542.33,41145.35,83396.98,31879.02,,141.34,-30.27,2.63,5827.470466,1181228.26,449064.87,-13869.38,-3.0,357544.45,118122.83,239421.62,91520.42,
2025-08-31,202.7,206.66,200.28,200.62,3303223.95,-1.03,198.99,194.85,192.2,True,28.59,23.84,13.5,,,,,,,,,,141.34,-29.55,2.68,2029.864418,407231.4,152199.23,-4222.12,-2.7,120320.21,40723.14,79597.07,31879.02,,141.34,-29.55,2.68,5827.470466,1169107.12,436943.74,-12121.14,-2.7,345423.31,116910.71,228512.6,91520.42,
2025-09-01,200.62,204.58,194.19,197.32,4464767.77,-1.64,198.73,195.09,192.58,True,27.73,22.47,16.09,,,,,,194.19,HL,,,141.34,-28.37,2.75,2029.864418,400532.85,145500.68,-6698.55,-4.4,113621.66,40053.28,73568.38,31879.02,,141.34,-28.37,2.75,5827.470466,1149876.47,417713.08,-19230.65,-4.4,326192.66,114987.65,211205.01,91520.42,
2025-09-02,197.32,209.68,196.77,209.65,4894637.55,6.25,200.41,196.47,193.84,True,27.37,23.69,14.95,,,,,,,,,,141.34,-32.58,2.5,2029.864418,425561.08,170528.91,25028.23,17.2,138649.89,42556.11,96093.78,31879.02,,141.34,-32.58,2.5,5827.470466,1221729.18,489565.79,71852.71,17.2,398045.37,122172.92,275872.45,91520.42,
2025-09-03,209.64,213.02,207.42,210.77,4063191.68,0.53,202.0,197.83,195.09,True,27.3,24.85,14.46,,,,,,,,,SMALL HH confirmed @ 218.00,141.34,-32.94,2.48,2029.864418,427834.52,172802.36,2273.45,1.33,140923.34,42783.45,98139.88,31879.02,,141.34,-32.94,2.48,5827.470466,1228255.95,496092.56,6526.77,1.33,404572.14,122825.6,281746.54,91520.42,
2025-09-04,210.77,211.94,201.84,202.32,2726779.28,-4.01,202.05,198.26,195.63,True,26.5,23.38,16.87,,,,,,,,,,141.34,-30.14,2.64,2029.864418,410682.17,155650.0,-17152.35,-9.93,123770.98,41068.22,82702.77,31879.02,,141.34,-30.14,2.64,5827.470466,1179013.82,446850.44,-49242.13,-9.93,355330.01,117901.38,237428.63,91520.42,
2025-09-05,202.32,210.0,200.95,203.36,4121395.26,0.51,202.25,198.75,196.2,True,25.65,22.12,16.49,,,,,,,,,,141.34,-30.5,2.62,2029.864418,412793.23,157761.06,2111.06,1.36,125882.04,41279.32,84602.72,31879.02,,141.34,-30.5,2.62,5827.470466,1185074.39,452911.0,6060.57,1.36,361390.58,118507.44,242883.14,91520.42,
2025-09-06,203.37,204.68,199.32,200.16,1481501.0,-1.57,201.93,198.88,196.5,True,24.65,21.39,16.95,,,,,,,,,SMALL HL confirmed @ 194.19,141.34,-29.38,2.69,2029.864418,406297.66,151265.5,-6495.57,-4.12,119386.48,40629.77,78756.71,31879.02,,141.34,-29.38,2.69,5827.470466,1166426.49,434263.1,-18647.91,-4.12,342742.68,116642.65,226100.03,91520.42,
2025-09-07,200.17,207.95,200.12,206.35,2217510.76,3.09,202.61,199.59,197.23,True,24.05,22.4,16.11,,,,,,,,,,141.34,-31.5,2.56,2029.864418,418862.52,163830.36,12564.86,8.31,131951.34,41886.25,90065.08,31879.02,,141.34,-31.5,2.56,5827.470466,1202498.53,470335.14,36072.04,8.31,378814.72,120249.85,258564.86,91520.42,
2025-09-08,206.35,217.11,205.59,214.11,5729678.94,3.76,204.38,200.98,198.48,True,24.34,26.56,14.94,,,,,,,,,,141.34,-33.98,2.42,2029.864418,434614.27,179582.11,15751.75,9.61,147703.08,43461.43,104241.66,31879.02,,141.34,-33.98,2.42,5827.470466,1247719.7,515556.31,45221.17,9.61,424035.89,124771.97,299263.92,91520.42,
2025-09-09,214.11,219.79,210.79,217.21,4979304.71,1.45,206.35,202.52,199.86,True,24.82,26.75,14.07,,,,,,,,,,141.34,-34.93,2.37,2029.864418,440906.85,185874.68,6292.58,3.5,153995.66,44090.69,109904.98,31879.02,,141.34,-34.93,2.37,5827.470466,1265784.86,533621.47,18065.16,3.5,442101.05,126578.49,315522.56,91520.42,
2025-09-10,217.22,226.0,215.09,224.07,4824185.21,3.16,209.08,204.57,201.66,True,25.73,28.86,13.09,,,,,,,,BULL_BOS,SMALL BULL BOS @ 224.07 (level 218.00),141.34,-36.92,2.28,2029.864418,454831.72,199799.55,13924.87,7.49,167920.53,45483.17,122437.36,31879.02,,141.34,-36.92,2.28,5827.470466,1305761.31,573597.92,39976.45,7.49,482077.49,130576.13,351501.36,91520.42,
2025-09-11,224.06,228.95,221.72,228.73,4352357.0,2.08,212.1,206.87,203.66,True,26.79,29.43,12.46,,,,,,,,,,141.34,-38.2,2.22,2029.864418,464290.89,209258.72,9459.17,4.73,177379.7,46429.09,130950.61,31879.02,,141.34,-38.2,2.22,5827.470466,1332917.32,600753.93,27156.01,4.73,509233.51,133291.73,375941.77,91520.42,
2025-09-12,228.73,244.04,228.11,242.18,5891653.93,5.88,216.73,210.24,206.52,True,28.63,36.07,11.2,,,,,,,,,,141.34,-41.64,2.08,2029.864418,491592.56,236560.4,27301.68,13.05,204681.38,49159.26,155522.12,31879.02,,141.34,-41.64,2.08,5827.470466,1411296.8,679133.41,78379.48,13.05,587612.98,141129.68,446483.3,91520.42,
2025-09-13,242.18,244.14,235.73,242.38,3305661.26,0.08,220.68,213.3,209.17,True,30.35,34.16,10.58,,,,,,,,,,141.34,-41.68,2.08,2029.864418,491998.54,236966.37,405.97,0.17,205087.35,49199.85,155887.5,31879.02,,141.34,-41.68,2.08,5827.470466,1412462.29,680298.9,1165.49,0.17,588778.48,141246.23,447532.25,91520.42,
2025-09-14,242.38,249.6,239.23,239.76,4165171.13,-1.08,223.61,215.82,211.44,True,32.21,35.41,9.87,,,,,,,,,,141.34,-41.05,2.1,2029.864418,486680.29,231648.13,-5318.24,-2.24,199769.11,48668.03,151101.08,31879.02,,141.34,-41.05,2.1,5827.470466,1397194.32,665030.93,-15267.97,-2.24,573510.51,139719.43,433791.07,91520.42,
2025-09-15,239.75,244.0,230.15,234.31,4733589.62,-2.27,225.26,217.58,213.13,True,32.56,32.27,14.8,,,,,,,,,,141.34,-39.68,2.16,2029.864418,475617.53,220585.37,-11062.76,-4.78,188706.35,47561.75,141144.59,31879.02,,141.34,-39.68,2.16,5827.470466,1365434.6,633271.22,-31759.71,-4.78,541750.79,136543.46,405207.33,91520.42,
2025-09-16,234.32,240.95,231.26,236.96,3181627.06,1.13,227.06,219.43,214.9,True,32.89,30.25,13.88,,,,,,,,,,141.34,-40.35,2.13,2029.864418,480996.67,225964.51,5379.14,2.44,194085.49,48099.67,145985.82,31879.02,,141.34,-40.35,2.13,5827.470466,1380877.4,648714.01,15442.8,2.44,557193.59,138087.74,419105.85,91520.42,
2025-09-17,236.96,246.62,232.23,244.84,4771529.49,3.33,229.79,221.85,217.12,True,33.56,31.09,12.62,,,,,,,,,,141.34,-42.27,2.05,2029.864418,496992.0,241959.84,15995.33,7.08,210080.82,49699.2,160381.62,31879.02,,141.34,-42.27,2.05,5827.470466,1426797.87,694634.48,45920.47,7.08,603114.06,142679.79,460434.27,91520.42,
2025-09-18,244.84,253.51,242.58,247.5,3916890.91,1.09,232.52,224.29,219.37,True,34.58,33.3,11.74,253.51,,HH,,253.51,,HH,,,141.34,-42.89,2.03,2029.864418,502391.44,247359.28,5399.44,2.23,215480.26,50239.14,165241.11,31879.02,,141.34,-42.89,2.03,5827.470466,1442298.94,710135.55,15501.07,2.23,618615.13,144229.89,474385.23,91520.42,
2025-09-19,247.5,248.57,235.12,238.53,3384985.7,-3.62,233.44,225.65,220.79,True,34.45,30.5,15.42,,,,,,,,,,141.34,-40.74,2.11,2029.864418,484183.56,229151.39,-18207.88,-7.36,197272.37,48418.36,148854.02,31879.02,,141.34,-40.74,2.11,5827.470466,1390026.53,657863.14,-52272.41,-7.36,566342.72,139002.65,427340.06,91520.42,
2025-09-20,238.53,241.22,236.91,239.48,1550489.22,0.4,234.37,226.96,222.17,True,34.34,29.64,14.98,,,,,,,,,,141.34,-40.98,2.1,2029.864418,486111.93,231079.77,1928.37,0.84,199200.74,48611.19,150589.55,31879.02,,141.34,-40.98,2.1,5827.470466,1395562.63,663399.24,5536.1,0.84,571878.81,139556.26,432322.55,91520.42,
2025-09-21,239.48,241.82,235.32,236.16,1392437.98,-1.39,234.65,227.84,223.21,True,34.0,28.34,15.4,,,,,,,,,,141.34,-40.15,2.14,2029.864418,479372.78,224340.62,-6739.15,-2.92,192461.59,47937.28,144524.32,31879.02,,141.34,-40.15,2.14,5827.470466,1376215.43,644052.04,-19347.2,-2.92,552531.61,137621.54,414910.07,91520.42,
2025-09-22,236.16,236.96,214.5,220.38,5836593.7,-6.68,232.45,227.13,223.0,True,31.83,24.37,26.23,,,,,,,,,,141.34,-35.86,2.33,2029.864418,447341.52,192309.35,-32031.26,-14.28,160430.33,44734.15,115696.18,31879.02,,141.34,-35.86,2.33,5827.470466,1284257.94,552094.55,-91957.48,-14.28,460574.13,128425.79,332148.33,91520.42,
2025-09-23,220.39,221.71,212.34,213.3,3448908.47,-3.21,229.51,225.81,222.28,True,30.01,22.93,26.04,,,,,,,,,SMALL HH confirmed @ 253.51,141.34,-33.73,2.43,2029.864418,432970.08,177937.91,-14371.44,-7.47,146058.89,43297.01,102761.89,31879.02,,141.34,-33.73,2.43,5827.470466,1242999.45,510836.06,-41258.49,-7.47,419315.64,124299.95,295015.69,91520.42,
2025-09-24,213.29,216.45,204.81,211.6,4427457.53,-0.8,226.75,224.46,221.49,True,28.96,21.24,28.88,,,,,,,,,,141.34,-33.2,2.46,2029.864418,429519.31,174487.15,-3450.77,-1.94,142608.12,42951.93,99656.19,31879.02,,141.34,-33.2,2.46,5827.470466,1233092.75,500929.36,-9906.7,-1.94,409408.94,123309.28,286099.66,91520.42,
2025-09-25,211.61,212.44,191.32,192.74,6761257.29,-8.91,221.52,221.44,219.36,True,28.91,18.58,33.27,,,,,,,,BEAR_CHOCH,SMALL BEAR CHOCH @ 192.74 (level 194.19),,,,,,136203.9,-38283.24,-21.94,0.0,0.0,,136203.9,"EXIT @ 192.74 (small red CHoCH, realized +72445.86)",,,,,,391023.27,-109906.09,-21.94,0.0,0.0,,391023.27,"EXIT @ 192.74 (small red CHoCH, realized +207982.42)"
2025-09-26,192.73,205.52,190.8,205.17,5623202.87,6.45,219.0,219.89,218.31,True,28.91,16.98,30.71,,,,,,190.8,LL,,,,,,,,136203.9,0.0,0.0,0.0,0.0,,136203.9,,,,,,,391023.27,0.0,0.0,0.0,0.0,,391023.27,
2025-09-27,205.16,205.43,199.88,203.46,2104933.42,-0.83,216.61,218.32,217.21,False,28.9,16.41,29.67,,,,,,,,,,,,,,,136203.9,0.0,0.0,0.0,0.0,,136203.9,,,,,,,391023.27,0.0,0.0,0.0,0.0,,391023.27,
2025-09-28,203.47,211.0,198.0,210.83,2194260.07,3.62,215.72,217.61,216.74,False,28.22,18.48,27.34,,,,,,,,,,,,,,,136203.9,0.0,0.0,0.0,0.0,,136203.9,,,,,,,391023.27,0.0,0.0,0.0,0.0,,391023.27,
2025-09-29,210.83,214.74,204.58,212.75,3213098.85,0.91,215.27,217.15,216.44,False,27.15,19.62,25.65,,,,,,,,,,,,,,,136203.9,0.0,0.0,0.0,0.0,,136203.9,,,,,,,391023.27,0.0,0.0,0.0,0.0,,391023.27,
2025-09-30,212.74,213.67,204.29,208.68,3264781.48,-1.91,214.25,216.34,215.87,False,26.19,18.48,24.34,,,,,,,,,,,,,,,136203.9,0.0,0.0,0.0,0.0,,136203.9,,,,,,,391023.27,0.0,0.0,0.0,0.0,,391023.27,
