date,open,high,low,close,volume,pct_change,ema12,ema20,ema26,az_bullish,adx14,di_plus,di_minus,big_swing_high,big_swing_low,big_pivot_label,big_break,small_swing_high,small_swing_low,small_pivot_label,small_break,structure_action,a_liquidate_price,a_pct_liquidate,a_leverage,a_position_size,a_notional,a_total,a_pnl,a_pct_pnl,a_margin,a_position,a_unrealized,a_realized,a_action,b_liquidate_price,b_pct_liquidate,b_leverage,b_position_size,b_notional,b_total,b_pnl,b_pct_pnl,b_margin,b_position,b_unrealized,b_realized,b_action
2022-07-01,19942.21,20918.35,18975.0,19279.8,111844.59,-3.32,20735.39,21895.67,22805.09,False,45.81,12.02,30.87,,,,,20918.35,,LH,,SMALL LH confirmed @ 21888.00,,,,,,2000.0,0.0,0.0,0.0,0.0,,2000.0,,,,,,,2000.0,0.0,0.0,0.0,0.0,,2000.0,
2022-07-02,19279.8,19467.39,18977.01,19252.81,46180.3,-0.14,20507.3,21643.97,22541.95,False,45.68,11.73,30.13,,,,,,,,,,,,,,,2000.0,0.0,0.0,0.0,0.0,,2000.0,,,,,,,2000.0,0.0,0.0,0.0,0.0,,2000.0,
2022-07-03,19252.82,19647.63,18781.0,19315.83,51087.47,0.33,20323.99,21422.24,22302.98,False,45.65,11.22,29.81,,,,,,18781.0,HL,,,,,,,,2000.0,0.0,0.0,0.0,0.0,,2000.0,,,,,,,2000.0,0.0,0.0,0.0,0.0,,2000.0,
2022-07-04,19315.83,20354.01,19055.31,20236.71,74814.05,4.77,20310.57,21309.33,22149.92,False,44.74,14.05,27.85,,,,,,,,,,,,,,,2000.0,0.0,0.0,0.0,0.0,,2000.0,,,,,,,2000.0,0.0,0.0,0.0,0.0,,2000.0,
2022-07-05,20236.71,20750.0,19304.4,20175.83,96041.14,-0.3,20289.84,21201.38,22003.7,False,43.44,15.02,25.82,,,,,,,,,SMALL HL confirmed @ 18626.00,,,,,,2000.0,0.0,0.0,0.0,0.0,,2000.0,,,,,,,2000.0,0.0,0.0,0.0,0.0,,2000.0,
2022-07-06,20175.84,20675.22,19761.25,20564.51,82439.58,1.93,20332.09,21140.73,21897.09,False,42.22,14.31,24.6,,,,,,,,,SMALL LH confirmed @ 20918.35,,,,,,2000.0,0.0,0.0,0.0,0.0,,2000.0,,,,,,,2000.0,0.0,0.0,0.0,0.0,,2000.0,
2022-07-07,20564.51,21838.1,20251.68,21624.98,85014.58,5.16,20531.0,21186.85,21876.93,False,39.81,19.1,22.6,,,,,,,,BULL_CHOCH,SMALL BULL CHOCH @ 21624.98 (level 20918.35),10812.49,-50.0,1.0,0.092486,2000.0,2000.0,0.0,0.0,1000.0,1000.0,0.0,1000.0,"ENTRY @ 21624.98 (small green CHoCH, margin $1000.00 [50% of bank] @ 2x [ADX 39.8, zone red], 0.092486 units)",,,,,,2000.0,0.0,0.0,0.0,0.0,,2000.0,
2022-07-08,21624.99,22527.37,21189.26,21594.75,403081.57,-0.14,20694.65,21225.69,21856.03,False,37.01,21.33,21.05,,,,,22527.37,,HH,,SMALL HL confirmed @ 18781.00,10812.49,-49.93,1.0,0.092486,1997.2,1997.2,-2.8,-0.14,997.2,998.6,-1.4,1000.0,,,,,,,2000.0,0.0,0.0,0.0,0.0,,2000.0,
2022-07-09,21594.75,21980.0,21322.12,21591.83,178417.84,-0.01,20832.68,21260.56,21836.46,False,34.41,20.58,20.31,,,,,,,,,,10812.49,-49.92,1.0,0.092486,1996.93,1996.93,-0.27,-0.01,996.93,998.47,-1.53,1000.0,,,,,,,2000.0,0.0,0.0,0.0,0.0,,2000.0,
2022-07-10,21592.15,21607.65,20655.0,20862.47,192188.22,-3.38,20837.26,21222.65,21764.31,False,32.52,19.51,22.89,,,,,,,,,,10812.49,-48.17,1.0,0.092486,1929.48,1929.48,-67.46,-3.38,929.48,964.74,-35.26,1000.0,,,,,,,2000.0,0.0,0.0,0.0,0.0,,2000.0,
2022-07-11,20861.11,20868.48,19875.23,19963.61,137535.41,-4.31,20702.86,21102.74,21630.93,False,31.41,18.44,25.95,,,,,,,,,,10812.49,-45.84,1.0,0.092486,1846.35,1846.35,-83.13,-4.31,846.35,923.17,-76.83,1000.0,,,,,,,2000.0,0.0,0.0,0.0,0.0,,2000.0,
2022-07-12,19963.61,20059.42,19240.0,19328.75,139506.46,-3.18,20491.45,20933.79,21460.4,False,30.84,17.58,28.36,,,,,,,,,,10812.49,-44.06,1.0,0.092486,1787.63,1787.63,-58.72,-3.18,787.63,893.82,-106.18,1000.0,,,,,,,2000.0,0.0,0.0,0.0,0.0,,2000.0,
2022-07-13,19331.28,20366.61,18910.94,20234.87,209250.25,4.69,20451.98,20867.23,21369.62,False,30.55,16.14,27.89,,,,,,18910.94,HL,,SMALL HH confirmed @ 22527.37,10812.49,-46.57,1.0,0.092486,1871.43,1871.43,83.8,4.69,871.43,935.72,-64.28,1000.0,,,,,,,2000.0,0.0,0.0,0.0,0.0,,2000.0,
2022-07-14,20234.87,20900.0,19616.07,20588.84,174809.22,1.75,20473.04,20840.71,21311.78,False,29.65,17.97,25.87,,,,,,,,,,10812.49,-47.48,1.0,0.092486,1904.17,1904.17,32.74,1.75,904.17,952.09,-47.91,1000.0,,,,,,,2000.0,0.0,0.0,0.0,0.0,,2000.0,
2022-07-15,20588.84,21200.0,20382.29,20830.04,143343.3,1.17,20527.96,20839.7,21276.1,False,28.48,18.86,24.65,,,,,,,,,,10812.49,-48.09,1.0,0.092486,1926.48,1926.48,22.31,1.17,926.48,963.24,-36.76,1000.0,,,,,,,2000.0,0.0,0.0,0.0,0.0,,2000.0,
2022-07-16,20830.04,21588.94,20478.61,21195.6,121011.67,1.75,20630.67,20873.59,21270.13,False,26.98,19.9,23.06,,,,,,,,,,10812.49,-48.99,1.0,0.092486,1960.29,1960.29,33.81,1.75,960.29,980.14,-19.86,1000.0,,,,,,,2000.0,0.0,0.0,0.0,0.0,,2000.0,
2022-07-17,21195.6,21684.54,20750.01,20798.16,118229.45,-1.88,20656.44,20866.41,21235.17,False,25.47,19.37,21.79,,,,,,,,,,10812.49,-48.01,1.0,0.092486,1923.53,1923.53,-36.76,-1.88,923.53,961.77,-38.23,1000.0,,,,,,,2000.0,0.0,0.0,0.0,0.0,,2000.0,
2022-07-18,20799.58,22777.63,20762.45,22432.58,239942.73,7.86,20929.69,21015.57,21323.87,False,24.32,23.33,19.31,,,,,,,,,SMALL HL confirmed @ 18910.94,10812.49,-51.8,1.0,0.092486,2074.69,2074.69,151.16,7.86,1074.69,1037.35,37.35,1000.0,,,,,,,2000.0,0.0,0.0,0.0,0.0,,2000.0,
2022-07-19,22432.58,23800.0,21579.54,23396.62,263770.77,4.3,21309.22,21242.33,21477.41,False,24.08,26.03,17.01,,,,,,,,BULL_BOS,SMALL BULL BOS @ 23396.62 (level 22527.37),10812.49,-53.79,1.0,0.092486,2163.85,2163.85,89.16,4.3,1163.85,1081.93,81.93,1000.0,,,,,,,2000.0,0.0,0.0,0.0,0.0,,2000.0,
2022-07-20,23398.48,24276.74,22906.19,23223.3,238762.17,-0.74,21603.69,21431.0,21606.73,False,24.2,26.67,15.77,,,,,24276.74,,HH,,,10812.49,-53.44,1.0,0.092486,2147.82,2147.82,-16.03,-0.74,1147.82,1073.91,73.91,1000.0,,,,,,,2000.0,0.0,0.0,0.0,0.0,,2000.0,
2022-07-21,23223.3,23442.77,22341.46,23152.19,184817.68,-0.31,21841.92,21594.92,21721.21,True,23.67,25.08,17.88,,,,,,,,,,10812.49,-53.3,1.0,0.092486,2141.24,2141.24,-6.58,-0.31,1141.24,1070.62,70.62,1000.0,,,,,,,2000.0,0.0,0.0,0.0,0.0,,2000.0,
2022-07-22,23152.19,23756.49,22500.0,22684.83,171598.44,-2.02,21971.6,21698.72,21792.59,True,23.42,25.08,16.66,,,,,,,,,,10812.49,-52.34,1.0,0.092486,2098.02,2098.02,-43.22,-2.02,1098.02,1049.01,49.01,1000.0,,,,,,,2000.0,0.0,0.0,0.0,0.0,,2000.0,
2022-07-23,22684.83,23000.77,21934.57,22451.07,122137.77,-1.03,22045.37,21770.37,21841.37,True,22.55,23.6,18.8,,,,,,,,,,10812.49,-51.84,1.0,0.092486,2076.4,2076.4,-21.62,-1.03,1076.4,1038.2,38.2,1000.0,,,,,,,2000.0,0.0,0.0,0.0,0.0,,2000.0,
2022-07-24,22448.58,23014.64,22257.15,22579.68,115189.67,0.57,22127.57,21847.45,21896.06,True,21.76,22.67,17.99,,,,,,,,,,10812.49,-52.11,1.0,0.092486,2088.3,2088.3,11.89,0.57,1088.3,1044.15,44.15,1000.0,,,,,,,2000.0,0.0,0.0,0.0,0.0,,2000.0,
2022-07-25,22577.13,22666.0,21250.0,21310.9,180344.77,-5.62,22001.93,21796.35,21852.71,True,20.43,20.86,22.22,,,,,,,,,SMALL HH confirmed @ 24276.74,10812.49,-49.26,1.0,0.092486,1970.95,1970.95,-117.34,-5.62,970.95,985.48,-14.52,1000.0,,,,,,,2000.0,0.0,0.0,0.0,0.0,,2000.0,
2022-07-26,21310.9,21347.82,20706.5,21254.67,177817.24,-0.26,21886.96,21744.76,21808.41,True,19.69,20.08,24.56,,,,,,20706.5,HL,,,10812.49,-49.13,1.0,0.092486,1965.75,1965.75,-5.2,-0.26,965.75,982.88,-17.12,1000.0,,,,,,,2000.0,0.0,0.0,0.0,0.0,,2000.0,
2022-07-27,21254.67,23112.63,21042.53,22952.45,210971.2,7.99,22050.89,21859.78,21893.16,True,19.13,27.58,21.73,,,,,,,,,,10812.49,-52.89,1.0,0.092486,2122.77,2122.77,157.02,7.99,1122.77,1061.39,61.39,1000.0,,,,,,,2000.0,0.0,0.0,0.0,0.0,,2000.0,
2022-07-28,22954.31,24199.72,22582.13,23842.93,236029.07,3.88,22326.58,22048.65,22037.58,True,19.35,31.08,19.82,,,,,,,,,,10812.49,-54.65,1.0,0.092486,2205.13,2205.13,82.36,3.88,1205.13,1102.56,102.56,1000.0,,,,,,,2000.0,0.0,0.0,0.0,0.0,,2000.0,
2022-07-29,23845.25,24442.66,23414.03,23773.75,198298.51,-0.29,22549.23,22212.95,22166.19,True,19.7,30.65,18.69,,,,,,,,,,10812.49,-54.52,1.0,0.092486,2198.73,2198.73,-6.4,-0.29,1198.73,1099.37,99.37,1000.0,,,,,,,2000.0,0.0,0.0,0.0,0.0,,2000.0,
2022-07-30,23777.28,24668.0,23502.25,23643.51,151060.13,-0.55,22717.58,22349.19,22275.62,True,20.16,29.91,17.47,,,,,24668.0,,HH,,,10812.49,-54.27,1.0,0.092486,2186.69,2186.69,-12.05,-0.55,1186.69,1093.34,93.34,1000.0,,,,,,,2000.0,0.0,0.0,0.0,0.0,,2000.0,
2022-07-31,23644.64,24194.82,23227.31,23293.32,127743.32,-1.48,22806.15,22439.11,22351.0,True,20.3,28.27,18.07,,,,,,,,,SMALL HL confirmed @ 20706.50,10812.49,-53.58,1.0,0.092486,2154.3,2154.3,-32.39,-1.48,1154.3,1077.15,77.15,1000.0,,,,,,,2000.0,0.0,0.0,0.0,0.0,,2000.0,
2022-08-01,23296.36,23509.68,22850.0,23268.01,144210.16,-0.11,22877.21,22518.05,22418.93,True,20.01,27.18,19.59,,,,,,,,,,10812.49,-53.53,1.0,0.092486,2151.96,2151.96,-2.34,-0.11,1151.96,1075.98,75.98,1000.0,,,,,,,2000.0,0.0,0.0,0.0,0.0,,2000.0,
2022-08-02,23266.9,23459.89,22654.37,22987.79,158073.28,-1.2,22894.22,22562.79,22461.07,True,19.52,25.86,19.82,,,,,,,,,,10812.49,-52.96,1.0,0.092486,2126.04,2126.04,-25.92,-1.2,1126.04,1063.02,63.02,1000.0,,,,,,,2000.0,0.0,0.0,0.0,0.0,,2000.0,
2022-08-03,22985.93,23647.68,22681.22,22818.37,145948.81,-0.74,22882.55,22587.13,22487.54,True,19.23,25.48,18.65,,,,,,,,,,10812.49,-52.61,1.0,0.092486,2110.37,2110.37,-15.67,-0.74,1110.37,1055.19,55.19,1000.0,,,,,,,2000.0,0.0,0.0,0.0,0.0,,2000.0,
2022-08-04,22816.91,23223.32,22400.0,22622.98,154854.67,-0.86,22842.62,22590.54,22497.57,True,18.63,24.17,19.44,,,,,,22400.0,HL,,SMALL HH confirmed @ 24668.00,10812.49,-52.21,1.0,0.092486,2092.3,2092.3,-18.07,-0.86,1092.3,1046.15,46.15,1000.0,,,,,,,2000.0,0.0,0.0,0.0,0.0,,2000.0,
2022-08-05,22622.41,23472.86,22586.95,23312.42,175251.7,3.05,22914.89,22659.29,22557.93,True,18.31,24.39,18.35,,,,,,,,,,10812.49,-53.62,1.0,0.092486,2156.06,2156.06,63.76,3.05,1156.06,1078.03,78.03,1000.0,,,,,,,2000.0,0.0,0.0,0.0,0.0,,2000.0,
2022-08-06,23313.56,23354.36,22909.52,22954.21,83911.8,-1.54,22920.94,22687.38,22587.28,True,18.01,23.68,17.81,,,,,,,,,,10812.49,-52.9,1.0,0.092486,2122.93,2122.93,-33.13,-1.54,1122.93,1061.47,61.47,1000.0,,,,,,,2000.0,0.0,0.0,0.0,0.0,,2000.0,
2022-08-07,22954.21,23402.0,22844.62,23174.39,88890.01,0.96,22959.93,22733.76,22630.77,True,17.64,22.77,17.58,,,,,,,,,BIG LL confirmed @ 17622.00,10812.49,-53.34,1.0,0.092486,2143.3,2143.3,20.36,0.96,1143.3,1071.65,71.65,1000.0,,,,,,,2000.0,0.0,0.0,0.0,0.0,,2000.0,
2022-08-08,23174.39,24245.0,23154.25,23810.0,170958.44,2.74,23090.71,22836.26,22718.12,True,18.14,26.84,16.27,,,,,,,,,,10812.49,-54.59,1.0,0.092486,2202.08,2202.08,58.78,2.74,1202.08,1101.04,101.04,1000.0,,,,,,,2000.0,0.0,0.0,0.0,0.0,,2000.0,
2022-08-09,23810.98,23933.25,22865.0,23149.95,143182.51,-2.77,23099.83,22866.14,22750.11,True,18.17,24.88,17.05,,,,,,,,,SMALL HL confirmed @ 22400.00,10812.49,-53.29,1.0,0.092486,2141.04,2141.04,-61.05,-2.77,1141.04,1070.52,70.52,1000.0,,,,,,,2000.0,0.0,0.0,0.0,0.0,,2000.0,
2022-08-10,23151.32,24226.0,22664.69,23954.05,208916.55,3.47,23231.25,22969.75,22839.29,True,18.49,24.25,15.3,,,,,,,,,,10812.49,-54.86,1.0,0.092486,2215.41,2215.41,74.37,3.47,1215.41,1107.7,107.7,1000.0,,,,,,,2000.0,0.0,0.0,0.0,0.0,,2000.0,
2022-08-11,23954.05,24918.54,23852.13,23934.39,249759.8,-0.08,23339.42,23061.62,22920.41,True,19.4,27.11,14.22,,,,,,,,,,10812.49,-54.82,1.0,0.092486,2213.59,2213.59,-1.82,-0.08,1213.59,1106.79,106.79,1000.0,,,,,,,2000.0,0.0,0.0,0.0,0.0,,2000.0,
2022-08-12,23933.09,24456.5,23583.0,24403.68,174207.57,1.96,23503.15,23189.43,23030.28,True,19.83,25.53,15.19,,,,,,,,,,10812.49,-55.69,1.0,0.092486,2256.99,2256.99,43.4,1.96,1256.99,1128.49,128.49,1000.0,,,,,,,2000.0,0.0,0.0,0.0,0.0,,2000.0,
2022-08-13,24401.7,24888.0,24291.22,24441.38,152852.25,0.15,23647.5,23308.67,23134.81,True,20.6,27.46,14.56,,,,,,,,,,10812.49,-55.76,1.0,0.092486,2260.48,2260.48,3.49,0.15,1260.48,1130.24,130.24,1000.0,,,,,,,2000.0,0.0,0.0,0.0,0.0,,2000.0,
2022-08-14,24443.06,25047.56,24144.0,24305.24,151206.14,-0.56,23748.69,23403.58,23221.5,True,21.46,26.84,13.65,,,,,,,,,,10812.49,-55.51,1.0,0.092486,2247.89,2247.89,-12.59,-0.56,1247.89,1123.94,123.94,1000.0,,,,,,,2000.0,0.0,0.0,0.0,0.0,,2000.0,
2022-08-15,24305.25,25211.32,23773.22,24094.82,242539.55,-0.87,23801.94,23469.41,23286.19,True,21.64,24.22,14.83,25211.32,,LH,,25211.32,,HH,,,10812.49,-55.13,1.0,0.092486,2228.42,2228.42,-19.46,-0.87,1228.42,1114.21,114.21,1000.0,,,,,,,2000.0,0.0,0.0,0.0,0.0,,2000.0,
2022-08-16,24093.04,24247.49,23671.22,23854.74,179324.95,-1.0,23810.06,23506.11,23328.31,True,21.65,23.25,14.95,,,,,,,,,,10812.49,-54.67,1.0,0.092486,2206.22,2206.22,-22.2,-1.0,1206.22,1103.11,103.11,1000.0,,,,,,,2000.0,0.0,0.0,0.0,0.0,,2000.0,
2022-08-17,23856.15,24446.71,23180.4,23342.66,210668.69,-2.15,23738.15,23490.54,23329.37,True,20.89,21.22,17.02,,,,,,,,,,10812.49,-53.68,1.0,0.092486,2158.86,2158.86,-47.36,-2.15,1158.86,1079.43,79.43,1000.0,,,,,,,2000.0,0.0,0.0,0.0,0.0,,2000.0,
2022-08-18,23342.66,23600.0,23111.04,23191.2,144185.97,-0.65,23654.01,23462.03,23319.14,True,20.07,20.48,16.92,,,,,,,,,,10812.49,-53.38,1.0,0.092486,2144.85,2144.85,-14.01,-0.65,1144.85,1072.43,72.43,1000.0,,,,,,,2000.0,0.0,0.0,0.0,0.0,,2000.0,
2022-08-19,23191.45,23208.67,20783.57,20834.39,283995.88,-10.16,23220.22,23211.78,23135.08,True,20.5,17.25,29.37,,,,,,,,BEAR_CHOCH,SMALL BEAR CHOCH @ 20834.39 (level 22400.00),,,,,,1926.88,-217.97,-10.16,0.0,0.0,,1926.88,"EXIT @ 20834.39 (small red CHoCH, realized -73.12)",,,,,,2000.0,0.0,0.0,0.0,0.0,,2000.0,
2022-08-20,20834.39,21382.85,20761.9,21140.07,183041.68,1.47,22900.2,23014.48,22987.3,False,20.91,16.53,28.29,,,,,,20761.9,LL,,SMALL HH confirmed @ 25211.32,,,,,,1926.88,0.0,0.0,0.0,0.0,,1926.88,,,,,,,2000.0,0.0,0.0,0.0,0.0,,2000.0,
2022-08-21,21140.07,21800.0,21069.11,21515.61,159200.68,1.78,22687.18,22871.73,22878.29,False,20.72,18.56,26.88,,,,,,,,,,,,,,,1926.88,0.0,0.0,0.0,0.0,,1926.88,,,,,,,2000.0,0.0,0.0,0.0,0.0,,2000.0,
2022-08-22,21516.7,21548.71,20890.18,21399.83,222222.05,-0.54,22489.13,22731.55,22768.77,False,20.71,17.7,26.89,,,,,,,,,,,,,,,1926.88,0.0,0.0,0.0,0.0,,1926.88,,,,,,,2000.0,0.0,0.0,0.0,0.0,,2000.0,
2022-08-23,21400.75,21684.87,20890.14,21529.12,200967.77,0.6,22341.44,22617.03,22676.95,False,20.51,17.67,25.36,,,,,,,,,,,,,,,1926.88,0.0,0.0,0.0,0.0,,1926.88,,,,,,,2000.0,0.0,0.0,0.0,0.0,,2000.0,
2022-08-24,21529.11,21900.0,21145.0,21368.08,174383.22,-0.75,22191.69,22498.08,22579.99,False,20.01,18.27,23.97,,,,,21900.0,,LH,,,,,,,,1926.88,0.0,0.0,0.0,0.0,,1926.88,,,,,,,2000.0,0.0,0.0,0.0,0.0,,2000.0,
2022-08-25,21368.05,21819.88,21310.15,21559.04,169915.78,0.89,22094.36,22408.65,22504.37,False,19.54,17.56,23.05,,,,,,,,,SMALL LL confirmed @ 20761.90,,,,,,1926.88,0.0,0.0,0.0,0.0,,1926.88,,,,,,,2000.0,0.0,0.0,0.0,0.0,,2000.0,
2022-08-26,21559.04,21886.77,20107.9,20241.05,273811.62,-6.11,21809.23,22202.21,22336.71,False,20.31,15.35,28.67,,,,,,,,BEAR_BOS,SMALL BEAR BOS @ 20241.05 (level 20761.90),,,,,,1926.88,0.0,0.0,0.0,0.0,,1926.88,,,,,,,2000.0,0.0,0.0,0.0,0.0,,2000.0,
2022-08-27,20239.14,20402.93,19800.0,20037.6,162582.46,-1.01,21536.67,21996.06,22166.41,False,21.27,14.67,29.65,,,,,,,,,,,,,,,1926.88,0.0,0.0,0.0,0.0,,1926.88,,,,,,,2000.0,0.0,0.0,0.0,0.0,,2000.0,
2022-08-28,20037.6,20171.18,19520.0,19555.61,139307.96,-2.41,21231.9,21763.63,21973.02,False,22.39,13.96,30.3,,,,,,19520.0,LL,,,,,,,,1926.88,0.0,0.0,0.0,0.0,,1926.88,,,,,,,2000.0,0.0,0.0,0.0,0.0,,2000.0,
2022-08-29,19555.61,20433.62,19550.79,20285.73,210509.5,3.73,21086.33,21622.88,21848.03,False,22.98,15.0,28.29,,,,,,,,,SMALL LH confirmed @ 21900.00,,,,,,1926.88,0.0,0.0,0.0,0.0,,1926.88,,,,,,,2000.0,0.0,0.0,0.0,0.0,,2000.0,
2022-08-30,20287.2,20576.25,19540.0,19811.66,256634.36,-2.34,20890.23,21450.38,21697.19,False,23.29,14.91,26.1,,,,,20576.25,,LH,,,,,,,,1926.88,0.0,0.0,0.0,0.0,,1926.88,,,,,,,2000.0,0.0,0.0,0.0,0.0,,2000.0,
2022-08-31,19813.03,20490.0,19797.94,20050.02,276946.61,1.2,20760.97,21317.02,21575.18,False,23.58,14.12,24.72,,,,,,,,,,,,,,,1926.88,0.0,0.0,0.0,0.0,,1926.88,,,,,,,2000.0,0.0,0.0,0.0,0.0,,2000.0,
2022-09-01,20048.44,20208.37,19565.66,20131.46,245289.97,0.41,20664.12,21204.11,21468.24,False,24.08,13.41,25.3,,,,,,,,,,,,,,,1926.88,0.0,0.0,0.0,0.0,,1926.88,,,,,,,2000.0,0.0,0.0,0.0,0.0,,2000.0,
2022-09-02,20132.64,20441.26,19755.29,19951.86,245986.6,-0.89,20554.54,21084.84,21355.91,False,24.11,14.53,23.92,,,,,,,,,SMALL LL confirmed @ 19520.00,,,,,,1926.88,0.0,0.0,0.0,0.0,,1926.88,,,,,,,2000.0,0.0,0.0,0.0,0.0,,2000.0,
2022-09-03,19950.98,20055.93,19652.72,19831.9,146639.03,-0.6,20443.36,20965.52,21243.02,False,24.25,14.05,23.97,,,,,,,,,,,,,,,1926.88,0.0,0.0,0.0,0.0,,1926.88,,,,,,,2000.0,0.0,0.0,0.0,0.0,,2000.0,
2022-09-04,19832.45,20029.23,19583.1,20000.3,145588.78,0.85,20375.2,20873.59,21150.97,False,24.47,13.51,23.65,,,,,,,,,SMALL LH confirmed @ 20576.25,,,,,,1926.88,0.0,0.0,0.0,0.0,,1926.88,,,,,,,2000.0,0.0,0.0,0.0,0.0,,2000.0,
2022-09-05,20000.3,20057.27,19633.83,19796.84,222543.01,-1.02,20286.22,20771.04,21050.66,False,24.6,13.25,22.76,,,,,,,,,,,,,,,1926.88,0.0,0.0,0.0,0.0,,1926.88,,,,,,,2000.0,0.0,0.0,0.0,0.0,,2000.0,
2022-09-06,19795.34,20180.0,18649.51,18790.61,356315.06,-5.08,20056.13,20582.43,20883.25,False,25.82,11.56,28.06,,,,,,,,BEAR_BOS,SMALL BEAR BOS @ 18790.61 (level 19520.00),,,,,,1926.88,0.0,0.0,0.0,0.0,,1926.88,,,,,,,2000.0,0.0,0.0,0.0,0.0,,2000.0,
2022-09-07,18790.61,19464.06,18510.77,19292.84,287394.78,2.67,19938.7,20459.61,20765.44,False,27.08,10.65,27.0,,,,,,18510.77,LL,,,,,,,,1926.88,0.0,0.0,0.0,0.0,,1926.88,,,,,,,2000.0,0.0,0.0,0.0,0.0,,2000.0,
2022-09-08,19292.85,19458.25,19012.0,19319.77,262813.28,0.14,19843.48,20351.06,20658.36,False,28.25,10.24,25.97,,,,,,,,,,,,,,,1926.88,0.0,0.0,0.0,0.0,,1926.88,,,,,,,2000.0,0.0,0.0,0.0,0.0,,2000.0,
2022-09-09,19320.54,21597.22,19291.75,21360.11,428919.75,10.56,20076.81,20447.16,20710.34,False,26.74,24.72,21.41,,,,,,,,BULL_CHOCH,SMALL BULL CHOCH @ 21360.11 (level 20576.25),10680.06,-50.0,1.0,0.090209,1926.88,1926.88,0.0,0.0,963.44,963.44,0.0,963.44,"ENTRY @ 21360.11 (small green CHoCH, margin $963.44 [50% of bank] @ 2x [ADX 26.7, zone red], 0.090209 units)",,,,,,2000.0,0.0,0.0,0.0,0.0,,2000.0,
2022-09-10,21361.62,21810.8,21111.13,21648.34,307997.34,1.35,20318.58,20561.55,20779.82,False,25.58,25.03,20.25,,,,,,,,,,10680.06,-50.67,1.0,0.090209,1952.88,1952.88,26.0,1.35,989.44,976.44,13.0,963.44,,,,,,,2000.0,0.0,0.0,0.0,0.0,,2000.0,
2022-09-11,21647.21,21860.0,21350.0,21826.87,280702.55,0.82,20550.63,20682.06,20857.38,False,24.57,24.41,19.42,,,,,,,,,,10680.06,-51.07,1.0,0.090209,1968.99,1968.99,16.11,0.82,1005.55,984.49,21.05,963.44,,,,,,,2000.0,0.0,0.0,0.0,0.0,,2000.0,
2022-09-12,21826.87,22488.0,21538.51,22395.74,395395.62,2.61,20834.49,20845.27,20971.33,False,24.32,27.56,17.95,,,,,,,,,SMALL LL confirmed @ 18510.77,10680.06,-52.31,1.0,0.090209,2020.31,2020.31,51.32,2.61,1056.86,1010.15,46.71,963.44,,,,,,,2000.0,0.0,0.0,0.0,0.0,,2000.0,
2022-09-13,22395.44,22799.0,19860.0,20173.57,431915.03,-9.92,20732.81,20781.3,20912.24,False,23.16,22.01,25.84,,,,,22799.0,,HH,,,10680.06,-47.06,1.0,0.090209,1819.84,1819.84,-200.46,-9.92,856.4,909.92,-53.52,963.44,,,,,,,2000.0,0.0,0.0,0.0,0.0,,2000.0,
2022-09-14,20173.62,20541.48,19617.62,20226.71,340826.4,0.26,20654.95,20728.48,20861.46,False,22.31,20.61,25.87,,,,,,,,,,10680.06,-47.2,1.0,0.090209,1824.64,1824.64,4.79,0.26,861.2,912.32,-51.12,963.44,,,,,,,2000.0,0.0,0.0,0.0,0.0,,2000.0,
2022-09-15,20227.17,20330.24,19497.0,19701.88,333069.76,-2.59,20508.32,20630.71,20775.56,False,21.64,19.4,25.2,,,,,,,,,,10680.06,-45.79,1.0,0.090209,1777.29,1777.29,-47.34,-2.59,813.85,888.65,-74.79,963.44,,,,,,,2000.0,0.0,0.0,0.0,0.0,,2000.0,
2022-09-16,19701.88,19890.0,19320.01,19803.3,283791.07,0.51,20399.86,20551.91,20703.54,False,21.21,18.6,25.44,,,,,,,,,,10680.06,-46.07,1.0,0.090209,1786.44,1786.44,9.15,0.51,823.0,893.22,-70.22,963.44,,,,,,,2000.0,0.0,0.0,0.0,0.0,,2000.0,
2022-09-17,19803.3,20189.0,19748.08,20113.62,179350.24,1.57,20355.82,20510.17,20659.85,False,20.39,20.24,24.6,,,,,,,,,,10680.06,-46.9,1.0,0.090209,1814.44,1814.44,27.99,1.57,851.0,907.22,-56.22,963.44,,,,,,,2000.0,0.0,0.0,0.0,0.0,,2000.0,
2022-09-18,20112.61,20117.26,19335.62,19416.18,254217.47,-3.47,20211.26,20405.98,20567.72,False,20.07,19.03,26.28,,,,,,,,,SMALL HH confirmed @ 22799.00,10680.06,-44.99,1.0,0.090209,1751.52,1751.52,-62.92,-3.47,788.08,875.76,-87.68,963.44,,,,,,,2000.0,0.0,0.0,0.0,0.0,,2000.0,
2022-09-19,19417.45,19686.2,18232.56,19537.02,380512.4,0.62,20107.53,20323.22,20491.37,False,20.78,17.0,31.57,,,,,,,,,,10680.06,-45.33,1.0,0.090209,1762.42,1762.42,10.9,0.62,798.98,881.21,-82.23,963.44,,,,,,,2000.0,0.0,0.0,0.0,0.0,,2000.0,
2022-09-20,19537.02,19634.62,18711.87,18875.0,324098.33,-3.39,19917.91,20185.29,20371.64,False,21.44,15.85,29.42,,,,,,,,,,10680.06,-43.42,1.0,0.090209,1702.7,1702.7,-59.72,-3.39,739.26,851.35,-112.09,963.44,,,,,,,2000.0,0.0,0.0,0.0,0.0,,2000.0,
2022-09-21,18874.31,19956.0,18125.98,18461.36,385034.1,-2.19,19693.83,20021.11,20230.14,False,22.52,13.84,29.75,,,,,,,,BEAR_CHOCH,SMALL BEAR CHOCH @ 18461.36 (level 18510.77),,,,,,1665.39,-37.31,-2.19,0.0,0.0,,1665.39,"EXIT @ 18461.36 (small red CHoCH, realized -261.49)",,,,,,2000.0,0.0,0.0,0.0,0.0,,2000.0,
2022-09-22,18461.36,19550.17,18356.39,19401.63,379321.72,5.09,19648.87,19962.11,20168.77,False,23.52,12.71,27.32,,,,,,18356.39,LL,,,,,,,,1665.39,0.0,0.0,0.0,0.0,,1665.39,,,,,,,2000.0,0.0,0.0,0.0,0.0,,2000.0,
2022-09-23,19401.63,19500.0,18531.42,19289.91,385886.92,-0.58,19593.65,19898.09,20103.67,False,24.44,11.86,25.5,,,,,,,,,,,,,,,1665.39,0.0,0.0,0.0,0.0,,1665.39,,,,,,,2000.0,0.0,0.0,0.0,0.0,,2000.0,
2022-09-24,19288.57,19316.14,18805.34,18920.5,239496.57,-1.92,19490.09,19804.99,20016.03,False,25.3,11.43,24.57,,,,,,,,,,,,,,,1665.39,0.0,0.0,0.0,0.0,,1665.39,,,,,,,2000.0,0.0,0.0,0.0,0.0,,2000.0,
2022-09-25,18921.99,19180.21,18629.2,18807.38,191191.45,-0.6,19385.05,19709.98,19926.5,False,26.27,10.96,24.87,,,,,,,,,,,,,,,1665.39,0.0,0.0,0.0,0.0,,1665.39,,,,,,,2000.0,0.0,0.0,0.0,0.0,,2000.0,
2022-09-26,18809.13,19318.96,18680.72,19227.82,439239.22,2.24,19360.86,19664.06,19874.74,False,26.87,11.48,23.67,,,,,,,,,,,,,,,1665.39,0.0,0.0,0.0,0.0,,1665.39,,,,,,,2000.0,0.0,0.0,0.0,0.0,,2000.0,
2022-09-27,19226.68,20385.86,18816.32,19079.13,593260.74,-0.77,19317.52,19608.35,19815.81,False,25.52,17.89,20.98,,,,,20385.86,,LH,,SMALL LL confirmed @ 18356.39,,,,,,1665.39,0.0,0.0,0.0,0.0,,1665.39,,,,,,,2000.0,0.0,0.0,0.0,0.0,,2000.0,
2022-09-28,19078.1,19790.0,18471.28,19412.82,521385.46,1.75,19332.18,19589.73,19785.96,False,24.69,16.22,21.47,,,,,,18471.28,HL,,,,,,,,1665.39,0.0,0.0,0.0,0.0,,1665.39,,,,,,,2000.0,0.0,0.0,0.0,0.0,,2000.0,
2022-09-29,19412.82,19645.52,18843.01,19591.51,406424.93,0.92,19372.08,19589.9,19771.55,False,23.92,15.29,20.23,,,,,,,,,,,,,,,1665.39,0.0,0.0,0.0,0.0,,1665.39,,,,,,,2000.0,0.0,0.0,0.0,0.0,,2000.0,
2022-09-30,19590.54,20185.0,19155.36,19422.61,444322.95,-0.86,19379.85,19573.97,19745.71,False,22.35,18.02,18.74,,,,,,,,,,,,,,,1665.39,0.0,0.0,0.0,0.0,,1665.39,,,,,,,2000.0,0.0,0.0,0.0,0.0,,2000.0,
2022-10-01,19422.61,19484.0,19159.42,19310.95,165625.14,-0.57,19369.25,19548.92,19713.5,False,20.9,17.58,18.29,,,,,,,,,,,,,,,1665.39,0.0,0.0,0.0,0.0,,1665.39,,,,,,,2000.0,0.0,0.0,0.0,0.0,,2000.0,
2022-10-02,19312.24,19395.91,18920.35,19056.8,206812.47,-1.32,19321.18,19502.05,19664.86,False,19.9,16.93,19.47,,,,,,,,,SMALL LH confirmed @ 20385.86,,,,,,1665.39,0.0,0.0,0.0,0.0,,1665.39,,,,,,,2000.0,0.0,0.0,0.0,0.0,,2000.0,
2022-10-03,19057.74,19719.1,18959.68,19629.08,293585.75,3.0,19368.55,19514.15,19662.21,False,18.51,18.46,18.31,,,,,,,,,SMALL HL confirmed @ 18471.28,,,,,,1665.39,0.0,0.0,0.0,0.0,,1665.39,,,,,,,2000.0,0.0,0.0,0.0,0.0,,2000.0,
2022-10-04,19629.08,20475.0,19490.6,20337.82,327012.0,3.61,19517.67,19592.59,19712.25,False,18.28,22.96,16.89,,,,,20475.0,,HH,,BIG LH confirmed @ 25211.32,,,,,,1665.39,0.0,0.0,0.0,0.0,,1665.39,,,,,,,2000.0,0.0,0.0,0.0,0.0,,2000.0,
2022-10-05,20337.82,20365.6,19730.0,20158.26,312239.75,-0.88,19616.22,19646.47,19745.29,False,18.06,21.79,16.03,,,,,,,,,,,,,,,1665.39,0.0,0.0,0.0,0.0,,1665.39,,,,,,,2000.0,0.0,0.0,0.0,0.0,,2000.0,
2022-10-06,20158.26,20456.6,19853.0,19960.67,320122.17,-0.98,19669.21,19676.39,19761.24,False,17.98,21.46,15.24,,,,,,,,,,,,,,,1665.39,0.0,0.0,0.0,0.0,,1665.39,,,,,,,2000.0,0.0,0.0,0.0,0.0,,2000.0,
2022-10-07,19960.67,20068.82,19320.0,19530.09,220874.84,-2.16,19647.81,19662.46,19744.12,False,16.96,20.13,18.71,,,,,,,,,,,,,,,1665.39,0.0,0.0,0.0,0.0,,1665.39,,,,,,,2000.0,0.0,0.0,0.0,0.0,,2000.0,
2022-10-08,19530.09,19627.38,19237.14,19417.96,102480.1,-0.57,19612.45,19639.17,19719.96,False,15.87,19.45,18.79,,,,,,,,,,,,,,,1665.39,0.0,0.0,0.0,0.0,,1665.39,,,,,,,2000.0,0.0,0.0,0.0,0.0,,2000.0,
2022-10-09,19416.52,19558.0,19316.04,19439.02,113900.83,0.11,19585.77,19620.11,19699.15,False,14.86,19.03,18.38,,,,,,,,,SMALL HH confirmed @ 20475.00,,,,,,1665.39,0.0,0.0,0.0,0.0,,1665.39,,,,,,,2000.0,0.0,0.0,0.0,0.0,,2000.0,
2022-10-10,19439.96,19525.0,19020.25,19131.87,212509.1,-1.58,19515.94,19573.61,19657.13,False,14.19,18.13,20.27,,,,,,,,,,,,,,,1665.39,0.0,0.0,0.0,0.0,,1665.39,,,,,,,2000.0,0.0,0.0,0.0,0.0,,2000.0,
2022-10-11,19131.87,19268.09,18860.0,19060.0,243473.84,-0.38,19445.79,19524.69,19612.9,False,13.85,17.42,21.02,,,,,,,,,,,,,,,1665.39,0.0,0.0,0.0,0.0,,1665.39,,,,,,,2000.0,0.0,0.0,0.0,0.0,,2000.0,
2022-10-12,19060.0,19238.31,18965.88,19155.53,213826.27,0.5,19401.14,19489.54,19579.02,False,13.53,16.94,20.44,,,,,,,,,,,,,,,1665.39,0.0,0.0,0.0,0.0,,1665.39,,,,,,,2000.0,0.0,0.0,0.0,0.0,,2000.0,
2022-10-13,19155.1,19513.79,18190.0,19375.13,399756.68,1.15,19397.14,19478.64,19563.92,False,14.42,14.81,25.24,,,,,,18190.0,LL,,,,,,,,1665.39,0.0,0.0,0.0,0.0,,1665.39,,,,,,,2000.0,0.0,0.0,0.0,0.0,,2000.0,
2022-10-14,19375.58,19951.87,19070.37,19176.93,351634.33,-1.02,19363.26,19449.91,19535.25,False,14.35,17.7,23.15,,,,,19951.87,,LH,,,,,,,,1665.39,0.0,0.0,0.0,0.0,,1665.39,,,,,,,2000.0,0.0,0.0,0.0,0.0,,2000.0,
2022-10-15,19176.93,19227.68,18975.18,19069.39,113847.64,-0.56,19318.05,19413.67,19500.74,False,14.42,17.25,23.52,,,,,,,,,,,,,,,1665.39,0.0,0.0,0.0,0.0,,1665.39,,,,,,,2000.0,0.0,0.0,0.0,0.0,,2000.0,
2022-10-16,19068.4,19425.84,19063.74,19262.98,131894.62,1.02,19309.58,19399.32,19483.13,False,14.08,18.64,22.65,,,,,,,,,,,,,,,1665.39,0.0,0.0,0.0,0.0,,1665.39,,,,,,,2000.0,0.0,0.0,0.0,0.0,,2000.0,
2022-10-17,19262.98,19676.96,19152.03,19549.86,222813.88,1.49,19346.54,19413.65,19488.07,False,13.28,20.24,21.41,,,,,,,,,,,,,,,1665.39,0.0,0.0,0.0,0.0,,1665.39,,,,,,,2000.0,0.0,0.0,0.0,0.0,,2000.0,
2022-10-18,19548.48,19706.66,19091.0,19327.44,260313.08,-1.14,19343.6,19405.44,19476.17,False,12.64,18.93,20.67,,,,,,,,,SMALL LL confirmed @ 18190.00,,,,,,1665.39,0.0,0.0,0.0,0.0,,1665.39,,,,,,,2000.0,0.0,0.0,0.0,0.0,,2000.0,
2022-10-19,19327.44,19360.16,19065.97,19123.97,186137.3,-1.05,19309.81,19378.64,19450.09,False,12.1,18.32,20.28,,,,,,,,,SMALL LH confirmed @ 19951.87,,,,,,1665.39,0.0,0.0,0.0,0.0,,1665.39,,,,,,,2000.0,0.0,0.0,0.0,0.0,,2000.0,
2022-10-20,19123.35,19347.82,18900.0,19041.92,223530.13,-0.43,19268.6,19346.57,19419.85,False,11.93,17.4,21.12,,,,,,,,,,,,,,,1665.39,0.0,0.0,0.0,0.0,,1665.39,,,,,,,2000.0,0.0,0.0,0.0,0.0,,2000.0,
2022-10-21,19041.92,19250.0,18650.0,19164.37,269310.76,0.64,19252.56,19329.21,19400.93,False,12.23,16.23,22.5,,,,,,18650.0,HL,,,,,,,,1665.39,0.0,0.0,0.0,0.0,,1665.39,,,,,,,2000.0,0.0,0.0,0.0,0.0,,2000.0,
2022-10-22,19164.37,19257.0,19112.72,19204.35,110403.91,0.21,19245.15,19317.32,19386.37,False,12.49,16.04,22.11,,,,,,,,,,,,,,,1665.39,0.0,0.0,0.0,0.0,,1665.39,,,,,,,2000.0,0.0,0.0,0.0,0.0,,2000.0,
2022-10-23,19204.29,19695.0,19070.11,19570.4,167057.2,1.91,19295.19,19341.43,19400.0,False,11.68,20.04,20.48,,,,,,,,,,,,,,,1665.39,0.0,0.0,0.0,0.0,,1665.39,,,,,,,2000.0,0.0,0.0,0.0,0.0,,2000.0,
2022-10-24,19570.4,19601.15,19157.0,19329.72,256168.14,-1.23,19300.5,19340.31,19394.79,False,10.92,18.97,19.38,,,,,,,,,,,,,,,1665.39,0.0,0.0,0.0,0.0,,1665.39,,,,,,,2000.0,0.0,0.0,0.0,0.0,,2000.0,
2022-10-25,19330.6,20415.87,19237.0,20080.07,326370.67,3.88,19420.43,19410.76,19445.55,False,11.63,25.63,16.8,,,,,,,,BULL_CHOCH,SMALL BULL CHOCH @ 20080.07 (level 19951.87),10040.04,-50.0,1.0,0.082937,1665.39,1665.39,0.0,0.0,832.69,832.69,0.0,832.69,"ENTRY @ 20080.07 (small green CHoCH, margin $832.69 [50% of bank] @ 2x [ADX 11.6, zone red], 0.082937 units)",,,,,,2000.0,0.0,0.0,0.0,0.0,,2000.0,
2022-10-26,20079.02,21020.0,20050.41,20771.59,380492.7,3.44,19628.3,19540.37,19543.78,True,13.12,29.5,15.03,,,,,,,,,SMALL HL confirmed @ 18650.00,10040.04,-51.66,1.0,0.082937,1722.74,1722.74,57.35,3.44,890.05,861.37,28.68,832.69,,,,,,,2000.0,0.0,0.0,0.0,0.0,,2000.0,
2022-10-27,20771.61,20872.21,20200.0,20295.11,328643.58,-2.29,19730.89,19612.25,19599.43,True,14.5,27.34,13.94,,,,,,,,,,10040.04,-50.53,1.0,0.082937,1683.22,1683.22,-39.52,-2.29,850.53,841.61,8.92,832.69,,,,,,,2000.0,0.0,0.0,0.0,0.0,,2000.0,
2022-10-28,20295.11,20750.0,20000.09,20591.84,287039.95,1.46,19863.34,19705.54,19672.94,True,15.28,25.14,14.96,,,,,,,,,,10040.04,-51.24,1.0,0.082937,1707.83,1707.83,24.61,1.46,875.14,853.92,21.22,832.69,,,,,,,2000.0,0.0,0.0,0.0,0.0,,2000.0,
2022-10-29,20591.84,21085.0,20554.01,20809.67,254881.78,1.06,20008.93,19810.7,19757.15,True,16.47,27.34,14.1,,,,,21085.0,,HH,,,10040.04,-51.75,1.0,0.082937,1725.9,1725.9,18.07,1.06,893.2,862.95,30.26,832.69,,,,,,,2000.0,0.0,0.0,0.0,0.0,,2000.0,
2022-10-30,20809.68,20931.21,20515.0,20627.48,192795.61,-0.88,20104.09,19888.49,19821.62,True,17.47,26.06,13.88,,,,,,,,,,10040.04,-51.33,1.0,0.082937,1710.79,1710.79,-15.11,-0.88,878.09,855.39,22.7,832.69,,,,,,,2000.0,0.0,0.0,0.0,0.0,,2000.0,
2022-10-31,20627.48,20845.92,20237.95,20490.74,303567.62,-0.66,20163.58,19945.84,19871.18,True,17.69,24.29,16.04,,,,,,,,,,10040.04,-51.0,1.0,0.082937,1699.45,1699.45,-11.34,-0.66,866.75,849.72,17.03,832.69,,,,,,,2000.0,0.0,0.0,0.0,0.0,,2000.0,
2022-11-01,20490.74,20700.0,20330.74,20483.62,279932.44,-0.03,20212.81,19997.06,19916.55,True,17.88,23.25,15.35,,,,,,,,,,10040.04,-50.99,1.0,0.082937,1698.86,1698.86,-0.59,-0.03,866.16,849.43,16.73,832.69,,,,,,,2000.0,0.0,0.0,0.0,0.0,,2000.0,
2022-11-02,20482.81,20800.0,20048.04,20151.84,373716.27,-1.62,20203.43,20011.8,19933.98,True,17.35,21.26,17.26,,,,,,,,,,10040.04,-50.18,1.0,0.082937,1671.34,1671.34,-27.52,-1.62,838.65,835.67,2.98,832.69,,,,,,,2000.0,0.0,0.0,0.0,0.0,,2000.0,
2022-11-03,20151.84,20393.32,20031.24,20207.82,319185.15,0.28,20204.11,20030.47,19954.26,True,16.81,20.35,16.72,,,,,,,,,SMALL HH confirmed @ 21085.00,10040.04,-50.32,1.0,0.082937,1675.98,1675.98,4.64,0.28,843.29,837.99,5.3,832.69,,,,,,,2000.0,0.0,0.0,0.0,0.0,,2000.0,
2022-11-04,20207.12,21302.05,20180.96,21148.52,453694.39,4.66,20349.4,20136.95,20042.72,True,17.83,27.89,14.64,,,,,,,,BULL_BOS,SMALL BULL BOS @ 21148.52 (level 21085.00),10040.04,-52.53,1.0,0.082937,1754.0,1754.0,78.02,4.66,921.31,877.0,44.31,832.69,,,,,,,2000.0,0.0,0.0,0.0,0.0,,2000.0,
2022-11-05,21148.52,21480.65,21080.65,21299.37,245621.99,0.71,20495.55,20247.66,20135.81,True,19.02,28.66,13.98,,,,,,,,,,10040.04,-52.86,1.0,0.082937,1766.51,1766.51,12.51,0.71,933.82,883.26,50.56,832.69,,,,,,,2000.0,0.0,0.0,0.0,0.0,,2000.0,
2022-11-06,21299.37,21365.27,20886.13,20905.58,230036.97,-1.85,20558.63,20310.32,20192.83,True,19.61,27.07,15.46,,,,,,,,,,10040.04,-51.97,1.0,0.082937,1733.85,1733.85,-32.66,-1.85,901.16,866.93,34.23,832.69,,,,,,,2000.0,0.0,0.0,0.0,0.0,,2000.0,
2022-11-07,20905.58,21069.77,20384.89,20591.13,386977.6,-1.5,20563.63,20337.06,20222.33,True,18.99,24.94,20.0,,,,,,,,,,10040.04,-51.24,1.0,0.082937,1707.77,1707.77,-26.08,-1.5,875.08,853.89,21.19,832.69,,,,,,,2000.0,0.0,0.0,0.0,0.0,,2000.0,
2022-11-08,20590.67,20700.88,17166.83,18547.23,760705.36,-9.93,20253.42,20166.6,20098.25,True,20.58,17.35,41.63,,,,,,,,BEAR_CHOCH,SMALL BEAR CHOCH @ 18547.23 (level 18650.00),,,,,,1538.26,-169.52,-9.93,0.0,0.0,,1538.26,"EXIT @ 18547.23 (small red CHoCH, realized -127.13)",,,,,,2000.0,0.0,0.0,0.0,0.0,,2000.0,
2022-11-09,18545.38,18587.76,15588.0,15922.81,731926.93,-14.15,19587.17,19762.43,19788.96,False,22.88,13.57,44.02,,,,BEAR_BOS,,,,,BIG BEAR BOS @ 15922.81 (level 17622.00),,,,,,1538.26,0.0,0.0,0.0,0.0,,1538.26,,,,,,,2000.0,0.0,0.0,0.0,0.0,,2000.0,
2022-11-10,15922.68,18199.0,15754.26,17601.15,608448.36,10.54,19281.63,19556.59,19626.9,False,25.03,11.39,36.96,,,,,,,,,,,,,,,1538.26,0.0,0.0,0.0,0.0,,1538.26,,,,,,,2000.0,0.0,0.0,0.0,0.0,,2000.0,
2022-11-11,17602.45,17695.0,16361.6,17070.31,393552.86,-3.02,18941.43,19319.8,19437.52,False,27.02,10.41,33.78,,,,,,,,,,,,,,,1538.26,0.0,0.0,0.0,0.0,,1538.26,,,,,,,2000.0,0.0,0.0,0.0,0.0,,2000.0,
2022-11-12,17069.98,17119.1,16631.39,16812.08,167819.96,-1.51,18613.83,19080.97,19243.04,False,28.86,10.07,32.67,,,,,,,,,,,,,,,1538.26,0.0,0.0,0.0,0.0,,1538.26,,,,,,,2000.0,0.0,0.0,0.0,0.0,,2000.0,
2022-11-13,16813.16,16954.28,16229.0,16329.85,184960.79,-2.87,18262.45,18818.96,19027.25,False,30.79,9.57,33.81,,,,,,,,,,,,,,,1538.26,0.0,0.0,0.0,0.0,,1538.26,,,,,,,2000.0,0.0,0.0,0.0,0.0,,2000.0,
2022-11-14,16331.78,17190.0,15815.21,16619.46,380210.78,1.77,18009.68,18609.49,18848.9,False,32.79,8.68,33.47,,,,,,,,,,,,,,,1538.26,0.0,0.0,0.0,0.0,,1538.26,,,,,,,2000.0,0.0,0.0,0.0,0.0,,2000.0,
2022-11-15,16617.72,17134.69,16527.72,16900.57,282461.84,1.69,17839.05,18446.73,18704.58,False,34.65,8.32,32.06,,,,,,,,,,,,,,,1538.26,0.0,0.0,0.0,0.0,,1538.26,,,,,,,2000.0,0.0,0.0,0.0,0.0,,2000.0,
2022-11-16,16900.57,17015.92,16378.61,16662.76,261493.41,-1.41,17658.08,18276.83,18553.33,False,36.45,7.94,31.66,,,,,,,,,,,,,,,1538.26,0.0,0.0,0.0,0.0,,1538.26,,,,,,,2000.0,0.0,0.0,0.0,0.0,,2000.0,
2022-11-17,16661.61,16751.0,16410.74,16692.56,228038.98,0.18,17509.54,18125.95,18415.5,False,38.13,7.74,30.86,,,,,,,,,,,,,,,1538.26,0.0,0.0,0.0,0.0,,1538.26,,,,,,,2000.0,0.0,0.0,0.0,0.0,,2000.0,
2022-11-18,16692.56,17011.0,16546.04,16700.45,214224.18,0.05,17385.07,17990.19,18288.46,False,39.1,9.48,29.74,,,,,,,,,,,,,,,1538.26,0.0,0.0,0.0,0.0,,1538.26,,,,,,,2000.0,0.0,0.0,0.0,0.0,,2000.0,
2022-11-19,16699.43,16822.41,16553.53,16700.68,104963.16,0.0,17279.78,17867.38,18170.84,False,39.99,9.27,29.09,,,,,,,,,,,,,,,1538.26,0.0,0.0,0.0,0.0,,1538.26,,,,,,,2000.0,0.0,0.0,0.0,0.0,,2000.0,
2022-11-20,16700.68,16753.33,16180.0,16280.23,154842.13,-2.52,17126.0,17716.22,18030.8,False,41.1,8.82,30.82,,,,,,,,,,,,,,,1538.26,0.0,0.0,0.0,0.0,,1538.26,,,,,,,2000.0,0.0,0.0,0.0,0.0,,2000.0,
2022-11-21,16279.5,16319.0,15476.0,15781.29,324097.0,-3.06,16919.12,17531.94,17864.17,False,42.57,8.2,34.55,,15476.0,LL,,,15476.0,LL,,,,,,,,1538.26,0.0,0.0,0.0,0.0,,1538.26,,,,,,,2000.0,0.0,0.0,0.0,0.0,,2000.0,
2022-11-22,15781.29,16315.0,15616.63,16226.94,239548.07,2.82,16812.63,17407.65,17742.89,False,43.93,7.71,32.5,,,,,,,,,,,,,,,1538.26,0.0,0.0,0.0,0.0,,1538.26,,,,,,,2000.0,0.0,0.0,0.0,0.0,,2000.0,
2022-11-23,16227.96,16706.0,16160.2,16603.11,264927.7,2.32,16780.4,17331.03,17658.46,False,44.25,10.76,30.95,,,,,,,,,,,,,,,1538.26,0.0,0.0,0.0,0.0,,1538.26,,,,,,,2000.0,0.0,0.0,0.0,0.0,,2000.0,
2022-11-24,16603.11,16812.63,16458.05,16598.95,206565.92,-0.03,16752.48,17261.31,17579.98,False,44.3,11.38,29.95,,,,,16812.63,,LH,,,,,,,,1538.26,0.0,0.0,0.0,0.0,,1538.26,,,,,,,2000.0,0.0,0.0,0.0,0.0,,2000.0,
2022-11-25,16599.55,16666.0,16342.81,16522.14,182089.5,-0.46,16717.05,17190.91,17501.62,False,44.45,11.03,30.13,,,,,,,,,,,,,,,1538.26,0.0,0.0,0.0,0.0,,1538.26,,,,,,,2000.0,0.0,0.0,0.0,0.0,,2000.0,
2022-11-26,16521.35,16701.99,16385.0,16458.57,181804.82,-0.38,16677.28,17121.16,17424.36,False,44.5,11.04,29.18,,,,,,,,,SMALL LL confirmed @ 15476.00,,,,,,1538.26,0.0,0.0,0.0,0.0,,1538.26,,,,,,,2000.0,0.0,0.0,0.0,0.0,,2000.0,
2022-11-27,16457.61,16600.0,16401.0,16428.78,162025.48,-0.18,16639.05,17055.22,17350.61,False,44.54,10.81,28.58,,,,,,,,,,,,,,,1538.26,0.0,0.0,0.0,0.0,,1538.26,,,,,,,2000.0,0.0,0.0,0.0,0.0,,2000.0,
2022-11-28,16428.77,16487.04,15995.27,16212.91,252695.4,-1.31,16573.49,16975.0,17266.34,False,44.99,10.24,31.4,,,,,,15995.27,HL,,,,,,,,1538.26,0.0,0.0,0.0,0.0,,1538.26,,,,,,,2000.0,0.0,0.0,0.0,0.0,,2000.0,
2022-11-29,16212.18,16548.71,16100.0,16442.53,248106.25,1.42,16553.34,16924.29,17205.32,False,45.22,10.42,29.87,,,,,,,,,SMALL LH confirmed @ 16812.63,,,,,,1538.26,0.0,0.0,0.0,0.0,,1538.26,,,,,,,2000.0,0.0,0.0,0.0,0.0,,2000.0,
2022-11-30,16442.91,17249.0,16428.3,17163.64,303019.81,4.39,16647.23,16947.09,17202.23,False,43.65,17.0,27.24,,,,,,,,BULL_CHOCH,SMALL BULL CHOCH @ 17163.64 (level 16812.63),8581.82,-50.0,1.0,0.089623,1538.26,1538.26,0.0,0.0,769.13,769.13,0.0,769.13,"ENTRY @ 17163.64 (small green CHoCH, margin $769.13 [50% of bank] @ 2x [ADX 43.6, zone red], 0.089623 units)",,,,,,2000.0,0.0,0.0,0.0,0.0,,2000.0,
2022-12-01,17165.53,17324.0,16855.01,16977.37,232818.18,-1.09,16698.02,16949.97,17185.57,False,42.01,16.95,25.84,,,,,,,,,,8581.82,-49.45,1.0,0.089623,1521.56,1521.56,-16.69,-1.09,752.43,760.78,-8.35,769.13,,,,,,,2000.0,0.0,0.0,0.0,0.0,,2000.0,
2022-12-02,16978.0,17105.73,16787.85,17092.74,202372.21,0.68,16758.75,16963.57,17178.7,False,40.6,16.34,25.67,,,,,,,,,,8581.82,-49.79,1.0,0.089623,1531.9,1531.9,10.34,0.68,762.77,765.95,-3.18,769.13,,,,,,,2000.0,0.0,0.0,0.0,0.0,,2000.0,
2022-12-03,17092.13,17188.98,16858.74,16885.2,154542.57,-1.21,16778.2,16956.1,17156.96,False,39.08,16.68,24.67,,,,,,,,,SMALL HL confirmed @ 15995.27,8581.82,-49.18,1.0,0.089623,1513.3,1513.3,-18.6,-1.21,744.17,756.65,-12.48,769.13,,,,,,,2000.0,0.0,0.0,0.0,0.0,,2000.0,
2022-12-04,16885.2,17202.84,16878.25,17105.7,178619.13,1.31,16828.59,16970.35,17153.16,False,37.63,16.19,23.7,,,,,,,,,,8581.82,-49.83,1.0,0.089623,1533.06,1533.06,19.76,1.31,763.94,766.53,-2.6,769.13,,,,,,,2000.0,0.0,0.0,0.0,0.0,,2000.0,
2022-12-05,17106.65,17424.25,16867.0,16966.35,233703.29,-0.81,16849.78,16969.97,17139.32,False,35.71,17.8,22.09,,,,,17424.25,,HH,,,8581.82,-49.42,1.0,0.089623,1520.58,1520.58,-12.49,-0.81,751.45,760.29,-8.84,769.13,,,,,,,2000.0,0.0,0.0,0.0,0.0,,2000.0,
2022-12-06,16966.35,17107.01,16906.37,17088.96,218730.77,0.72,16886.58,16981.3,17135.59,False,33.93,17.34,21.52,,,,,,,,,,8581.82,-49.78,1.0,0.089623,1531.56,1531.56,10.99,0.72,762.44,765.78,-3.35,769.13,,,,,,,2000.0,0.0,0.0,0.0,0.0,,2000.0,
2022-12-07,17088.96,17142.21,16678.83,16836.64,220657.41,-1.48,16878.9,16967.53,17113.45,False,32.75,16.3,23.18,,,,,,16678.83,HL,,,8581.82,-49.03,1.0,0.089623,1508.95,1508.95,-22.61,-1.48,739.82,754.48,-14.65,769.13,,,,,,,2000.0,0.0,0.0,0.0,0.0,,2000.0,
2022-12-08,16836.64,17299.0,16733.49,17224.1,236417.98,2.3,16932.0,16991.96,17121.64,False,31.21,17.13,21.48,,,,,,,,,,8581.82,-50.18,1.0,0.089623,1543.68,1543.68,34.73,2.3,774.55,771.84,2.71,769.13,,,,,,,2000.0,0.0,0.0,0.0,0.0,,2000.0,
2022-12-09,17224.1,17360.0,17058.21,17128.56,238422.06,-0.55,16962.24,17004.97,17122.15,False,29.62,17.26,20.61,,,,,,,,,,8581.82,-49.9,1.0,0.089623,1535.11,1535.11,-8.56,-0.55,765.98,767.56,-1.57,769.13,,,,,,,2000.0,0.0,0.0,0.0,0.0,,2000.0,
2022-12-10,17128.56,17227.72,17092.0,17127.49,140573.98,-0.01,16987.67,17016.64,17122.55,False,28.14,16.93,20.22,,,,,,,,,SMALL HH confirmed @ 17424.25,8581.82,-49.89,1.0,0.089623,1535.02,1535.02,-0.1,-0.01,765.89,767.51,-1.62,769.13,,,,,,,2000.0,0.0,0.0,0.0,0.0,,2000.0,
2022-12-11,17127.49,17270.99,17071.0,17085.05,155286.48,-0.25,17002.65,17023.15,17119.77,False,26.62,17.07,19.62,,,,,,,,,,8581.82,-49.77,1.0,0.089623,1531.21,1531.21,-3.8,-0.25,762.09,765.61,-3.52,769.13,,,,,,,2000.0,0.0,0.0,0.0,0.0,,2000.0,
2022-12-12,17085.05,17241.89,16871.85,17209.83,226227.5,0.73,17034.52,17040.93,17126.44,False,25.75,16.12,21.52,,,,,,,,,SMALL HL confirmed @ 16678.83,8581.82,-50.13,1.0,0.089623,1542.4,1542.4,11.18,0.73,773.27,771.2,2.07,769.13,,,,,,,2000.0,0.0,0.0,0.0,0.0,,2000.0,
2022-12-13,17208.93,18000.0,17080.14,17774.7,284462.91,3.28,17148.4,17110.82,17174.46,False,24.89,24.7,18.73,,,,,,,,BULL_BOS,SMALL BULL BOS @ 17774.70 (level 17424.25),8581.82,-51.72,1.0,0.089623,1593.02,1593.02,50.63,3.28,823.89,796.51,27.38,769.13,,,,,,,2000.0,0.0,0.0,0.0,0.0,,2000.0,
2022-12-14,17775.82,18387.95,17660.94,17803.15,266681.22,0.16,17249.13,17176.75,17221.03,True,24.83,27.55,16.87,,,,,18387.95,,HH,,,8581.82,-51.8,1.0,0.089623,1595.57,1595.57,2.55,0.16,826.44,797.79,28.66,769.13,,,,,,,2000.0,0.0,0.0,0.0,0.0,,2000.0,
2022-12-15,17804.01,17854.82,17275.51,17356.34,223701.97,-2.51,17265.62,17193.86,17231.05,True,23.77,25.39,20.77,,,,,,,,,,8581.82,-50.56,1.0,0.089623,1555.53,1555.53,-40.04,-2.51,786.4,777.76,8.64,769.13,,,,,,,2000.0,0.0,0.0,0.0,0.0,,2000.0,
2022-12-16,17356.96,17531.73,16527.32,16632.12,253379.04,-4.17,17168.16,17140.36,17186.69,False,22.86,22.14,27.64,,,,,,,,BEAR_CHOCH,SMALL BEAR CHOCH @ 16632.12 (level 16678.83),,,,,,1490.62,-64.91,-4.17,0.0,0.0,,1490.62,"EXIT @ 16632.12 (small red CHoCH, realized -47.64)",,,,,,2000.0,0.0,0.0,0.0,0.0,,2000.0,
2022-12-17,16631.5,16796.82,16579.85,16776.52,144825.67,0.87,17107.91,17105.71,17156.31,False,22.02,21.5,26.84,,,,,,,,,,,,,,,1490.62,0.0,0.0,0.0,0.0,,1490.62,,,,,,,2000.0,0.0,0.0,0.0,0.0,,2000.0,
2022-12-18,16777.54,16863.26,16663.07,16738.21,112619.32,-0.23,17051.03,17070.71,17125.34,False,21.08,21.83,26.09,,,,,,,,,,,,,,,1490.62,0.0,0.0,0.0,0.0,,1490.62,,,,,,,2000.0,0.0,0.0,0.0,0.0,,2000.0,
2022-12-19,16739.0,16815.99,16256.3,16438.88,179094.28,-1.79,16956.85,17010.53,17074.49,False,20.95,20.14,29.7,,,,,,16256.3,LL,,SMALL HH confirmed @ 18387.95,,,,,,1490.62,0.0,0.0,0.0,0.0,,1490.62,,,,,,,2000.0,0.0,0.0,0.0,0.0,,2000.0,
2022-12-20,16438.88,17061.27,16397.2,16895.56,248808.92,2.78,16947.42,16999.58,17061.23,False,20.24,21.65,27.03,,,,,17061.27,,LH,,,,,,,,1490.62,0.0,0.0,0.0,0.0,,1490.62,,,,,,,2000.0,0.0,0.0,0.0,0.0,,2000.0,
2022-12-21,16896.15,16925.0,16723.0,16824.67,156810.96,-0.42,16928.54,16982.92,17043.71,False,19.58,21.03,26.25,,,,,,,,,,,,,,,1490.62,0.0,0.0,0.0,0.0,,1490.62,,,,,,,2000.0,0.0,0.0,0.0,0.0,,2000.0,
2022-12-22,16824.68,16868.52,16559.85,16821.43,176044.27,-0.02,16912.06,16967.54,17027.25,False,19.29,20.08,27.45,,,,,,16559.85,HL,,,,,,,,1490.62,0.0,0.0,0.0,0.0,,1490.62,,,,,,,2000.0,0.0,0.0,0.0,0.0,,2000.0,
2022-12-23,16821.9,16955.14,16731.13,16778.5,161612.01,-0.26,16891.51,16949.54,17008.82,False,18.79,20.71,26.52,,,,,,,,,,,,,,,1490.62,0.0,0.0,0.0,0.0,,1490.62,,,,,,,2000.0,0.0,0.0,0.0,0.0,,2000.0,
2022-12-24,16778.52,16869.99,16776.62,16836.12,100224.29,0.34,16882.99,16938.74,16996.03,False,18.33,20.4,26.12,,,,,,,,,SMALL LL confirmed @ 16256.30,,,,,,1490.62,0.0,0.0,0.0,0.0,,1490.62,,,,,,,2000.0,0.0,0.0,0.0,0.0,,2000.0,
2022-12-25,16835.73,16857.96,16721.0,16832.11,125441.07,-0.02,16875.16,16928.58,16983.89,False,18.02,19.93,26.45,,,,,,,,,SMALL LH confirmed @ 17061.27,,,,,,1490.62,0.0,0.0,0.0,0.0,,1490.62,,,,,,,2000.0,0.0,0.0,0.0,0.0,,2000.0,
2022-12-26,16832.11,16944.52,16791.0,16919.39,124564.01,0.52,16881.97,16927.71,16979.11,False,17.47,20.92,25.73,,,,,,,,,,,,,,,1490.62,0.0,0.0,0.0,0.0,,1490.62,,,,,,,2000.0,0.0,0.0,0.0,0.0,,2000.0,
2022-12-27,16919.39,16972.83,16592.37,16706.36,173749.59,-1.26,16854.95,16906.63,16958.9,False,17.44,19.5,27.53,,,,,16972.83,,LH,,SMALL HL confirmed @ 16559.85,,,,,,1490.62,0.0,0.0,0.0,0.0,,1490.62,,,,,,,2000.0,0.0,0.0,0.0,0.0,,2000.0,
2022-12-28,16706.06,16785.19,16465.33,16547.31,193037.57,-0.95,16807.62,16872.41,16928.42,False,17.71,18.38,28.23,,,,,,,,BEAR_BOS,SMALL BEAR BOS @ 16547.31 (level 16559.85),,,,,,1490.62,0.0,0.0,0.0,0.0,,1490.62,,,,,,,2000.0,0.0,0.0,0.0,0.0,,2000.0,
2022-12-29,16547.32,16664.41,16488.91,16633.47,160998.47,0.52,16780.83,16849.65,16906.57,False,17.95,17.77,27.3,,,,,,,,,,,,,,,1490.62,0.0,0.0,0.0,0.0,,1490.62,,,,,,,2000.0,0.0,0.0,0.0,0.0,,2000.0,
2022-12-30,16633.47,16677.35,16333.0,16607.48,164916.31,-0.16,16754.16,16826.59,16884.41,False,18.55,16.61,28.47,,,,,,16333.0,LL,,,,,,,,1490.62,0.0,0.0,0.0,0.0,,1490.62,,,,,,,2000.0,0.0,0.0,0.0,0.0,,2000.0,
2022-12-31,16607.48,16644.09,16470.0,16542.4,114490.43,-0.39,16721.58,16799.52,16859.08,False,19.11,16.04,27.5,,,,,,,,,,,,,,,1490.62,0.0,0.0,0.0,0.0,,1490.62,,,,,,,2000.0,0.0,0.0,0.0,0.0,,2000.0,
2023-01-01,16541.77,16628.0,16499.01,16616.75,96925.41,0.45,16705.45,16782.11,16841.13,False,19.62,15.61,26.76,,,,,,,,,SMALL LH confirmed @ 16972.83,,,,,,1490.62,0.0,0.0,0.0,0.0,,1490.62,,,,,,,2000.0,0.0,0.0,0.0,0.0,,2000.0,
2023-01-02,16617.17,16799.23,16548.7,16672.87,121888.57,0.34,16700.44,16771.71,16828.66,False,19.35,18.4,25.35,,,,,,,,,,,,,,,1490.62,0.0,0.0,0.0,0.0,,1490.62,,,,,,,2000.0,0.0,0.0,0.0,0.0,,2000.0,
2023-01-03,16672.78,16778.4,16605.28,16675.18,159541.54,0.01,16696.55,16762.52,16817.3,False,19.11,17.7,24.39,,,,,,,,,,,,,,,1490.62,0.0,0.0,0.0,0.0,,1490.62,,,,,,,2000.0,0.0,0.0,0.0,0.0,,2000.0,
2023-01-04,16675.65,16991.87,16652.66,16850.36,220362.19,1.05,16720.22,16770.88,16819.74,False,18.0,21.04,22.59,,,,,,,,,SMALL LL confirmed @ 16333.00,,,,,,1490.62,0.0,0.0,0.0,0.0,,1490.62,,,,,,,2000.0,0.0,0.0,0.0,0.0,,2000.0,
2023-01-05,16850.36,16879.82,16753.0,16831.85,163473.57,-0.11,16737.39,16776.69,16820.64,False,16.96,20.43,21.94,,,,,,,,,,,,,,,1490.62,0.0,0.0,0.0,0.0,,1490.62,,,,,,,2000.0,0.0,0.0,0.0,0.0,,2000.0,
2023-01-06,16831.85,17041.0,16679.0,16950.65,207401.28,0.71,16770.2,16793.26,16830.27,False,16.13,22.4,20.15,,,,,,,,,,,,,,,1490.62,0.0,0.0,0.0,0.0,,1490.62,,,,,,,2000.0,0.0,0.0,0.0,0.0,,2000.0,
2023-01-07,16950.31,16981.91,16908.0,16943.57,104526.57,-0.04,16796.87,16807.57,16838.66,False,15.36,22.0,19.79,,,,,,,,,,,,,,,1490.62,0.0,0.0,0.0,0.0,,1490.62,,,,,,,2000.0,0.0,0.0,0.0,0.0,,2000.0,
2023-01-08,16943.83,17176.99,16911.0,17127.83,135155.9,1.09,16847.79,16838.07,16860.08,False,15.36,25.29,18.53,,,,,,,,BULL_CHOCH,SMALL BULL CHOCH @ 17127.83 (level 16972.83),8563.92,-50.0,1.0,0.087029,1490.62,1490.62,0.0,0.0,745.31,745.31,0.0,745.31,"ENTRY @ 17127.83 (small green CHoCH, margin $745.31 [50% of bank] @ 2x [ADX 15.4, zone red], 0.087029 units)",8563.92,-50.0,1.0,0.116769,2000.0,2000.0,0.0,0.0,1000.0,1000.0,0.0,1000.0,"ENTRY @ 17127.83 (small green CHoCH, margin $1000.00 [50% of bank] @ 2x [ADX 15.4, zone red], 0.116769 units)"
2023-01-09,17127.83,17398.8,17104.66,17178.26,266211.53,0.29,16898.63,16870.47,16883.65,True,16.06,28.83,17.22,,,,,,,,,,8563.92,-50.15,1.0,0.087029,1495.01,1495.01,4.39,0.29,749.7,747.51,2.19,745.31,,8563.92,-50.15,1.0,0.116769,2005.89,2005.89,5.89,0.29,1005.89,1002.94,2.94,1000.0,
2023-01-10,17179.04,17499.0,17146.34,17440.66,221382.43,1.53,16982.02,16924.78,16924.91,True,17.0,28.8,15.78,,,,,,,,,BIG LL confirmed @ 15476.00,8563.92,-50.9,1.0,0.087029,1517.85,1517.85,22.84,1.53,772.54,758.92,13.61,745.31,,8563.92,-50.9,1.0,0.116769,2036.53,2036.53,30.64,1.53,1036.53,1018.26,18.26,1000.0,
2023-01-11,17440.64,18000.0,17315.6,17943.26,262221.61,2.88,17129.9,17021.77,17000.35,True,19.0,35.41,13.43,,,,,,,,,,8563.92,-52.27,1.0,0.087029,1561.59,1561.59,43.74,2.88,816.28,780.79,35.48,745.31,,8563.92,-52.27,1.0,0.116769,2095.22,2095.22,58.69,2.88,1095.22,1047.61,47.61,1000.0,
2023-01-12,17943.26,19117.04,17892.05,18846.62,454568.32,5.03,17394.01,17195.57,17137.11,True,22.23,47.84,10.43,,,,,,,,,,8563.92,-54.56,1.0,0.087029,1640.21,1640.21,78.62,5.03,894.9,820.1,74.79,745.31,,8563.92,-54.56,1.0,0.116769,2200.7,2200.7,105.48,5.03,1200.7,1100.35,100.35,1000.0,
2023-01-13,18846.62,20000.0,18714.12,19930.01,368615.88,5.75,17784.17,17455.99,17343.99,True,25.81,52.03,8.33,,,,,,,,,,8563.92,-57.03,1.0,0.087029,1734.49,1734.49,94.29,5.75,989.18,867.25,121.94,745.31,,8563.92,-57.03,1.0,0.116769,2327.21,2327.21,126.51,5.75,1327.21,1163.6,163.6,1000.0,
2023-01-14,19930.01,21258.0,19888.05,20954.92,393913.75,5.14,18271.97,17789.22,17611.46,True,29.65,59.5,6.77,,,,,,,,,,8563.92,-59.13,1.0,0.087029,1823.69,1823.69,89.2,5.14,1078.38,911.84,166.53,745.31,,8563.92,-59.13,1.0,0.116769,2446.89,2446.89,119.68,5.14,1446.89,1223.44,223.44,1000.0,
2023-01-15,20952.76,21050.74,20551.01,20871.5,178542.23,-0.4,18671.9,18082.77,17852.95,True,33.22,55.42,6.31,,,,,,,,,,8563.92,-58.97,1.0,0.087029,1816.43,1816.43,-7.26,-0.4,1071.12,908.21,162.9,745.31,,8563.92,-58.97,1.0,0.116769,2437.14,2437.14,-9.74,-0.4,1437.14,1218.57,218.57,1000.0,
2023-01-16,20872.99,21474.05,20611.48,21185.65,293078.08,1.51,19058.63,18378.29,18099.82,True,36.66,54.7,5.59,,,,,,,,,,8563.92,-59.58,1.0,0.087029,1843.77,1843.77,27.34,1.51,1098.46,921.89,176.57,745.31,,8563.92,-59.58,1.0,0.116769,2473.83,2473.83,36.68,1.51,1473.83,1236.91,236.91,1000.0,
2023-01-17,21185.65,21647.45,20841.31,21134.81,275407.74,-0.24,19378.04,18640.81,18324.63,True,39.91,51.31,5.02,,,,,,,,,,8563.92,-59.48,1.0,0.087029,1839.35,1839.35,-4.42,-0.24,1094.03,919.67,174.36,745.31,,8563.92,-59.48,1.0,0.116769,2467.89,2467.89,-5.94,-0.24,1467.89,1233.95,233.95,1000.0,
2023-01-18,21132.29,21650.0,20407.15,20677.47,350916.02,-2.16,19577.96,18834.78,18498.91,True,41.69,43.86,9.36,,,,,,,,,,8563.92,-58.58,1.0,0.087029,1799.54,1799.54,-39.8,-2.16,1054.23,899.77,154.46,745.31,,8563.92,-58.58,1.0,0.116769,2414.49,2414.49,-53.4,-2.16,1414.49,1207.24,207.24,1000.0,
2023-01-19,20677.47,21192.0,20659.19,21071.59,251385.85,1.91,19807.75,19047.81,18689.48,True,43.35,41.1,8.77,,,,,,,,,,8563.92,-59.36,1.0,0.087029,1833.84,1833.84,34.3,1.91,1088.53,916.92,171.61,745.31,,8563.92,-59.36,1.0,0.116769,2460.51,2460.51,46.02,1.91,1460.51,1230.25,230.25,1000.0,
2023-01-20,21071.59,22755.93,20861.28,22667.21,338079.14,7.57,20247.66,19392.51,18984.13,True,45.59,49.14,7.07,,,,,,,,,,8563.92,-62.22,1.0,0.087029,1972.71,1972.71,138.87,7.57,1227.4,986.35,241.04,745.31,,8563.92,-62.22,1.0,0.116769,2646.83,2646.83,186.32,7.57,1646.83,1323.41,323.41,1000.0,
2023-01-21,22666.0,23371.8,22422.0,22783.55,346445.48,0.51,20637.8,19715.47,19265.57,True,47.88,50.63,6.4,,,,,,,,,,8563.92,-62.41,1.0,0.087029,1982.83,1982.83,10.12,0.51,1237.52,991.42,246.11,745.31,,8563.92,-62.41,1.0,0.116769,2660.41,2660.41,13.58,0.51,1660.41,1330.21,330.21,1000.0,
2023-01-22,22783.35,23078.71,22292.37,22707.88,253577.75,-0.33,20956.27,20000.46,19520.55,True,49.69,46.68,7.19,,,,,,,,,,8563.92,-62.29,1.0,0.087029,1976.25,1976.25,-6.59,-0.33,1230.94,988.12,242.81,745.31,,8563.92,-62.29,1.0,0.116769,2651.58,2651.58,-8.84,-0.33,1651.58,1325.79,325.79,1000.0,
2023-01-23,22706.02,23180.0,22500.0,22916.45,293588.38,0.92,21257.84,20278.17,19772.1,True,51.42,44.53,6.7,,,,,,,,,,8563.92,-62.63,1.0,0.087029,1994.4,1994.4,18.15,0.92,1249.09,997.2,251.89,745.31,,8563.92,-62.63,1.0,0.116769,2675.93,2675.93,24.35,0.92,1675.93,1337.97,337.97,1000.0,
2023-01-24,22917.81,23162.2,22462.93,22632.89,293158.78,-1.24,21469.39,20502.43,19984.01,True,52.92,41.43,6.6,,,,,,,,,,8563.92,-62.16,1.0,0.087029,1969.72,1969.72,-24.68,-1.24,1224.41,984.86,239.55,745.31,,8563.92,-62.16,1.0,0.116769,2642.82,2642.82,-33.11,-1.24,1642.82,1321.41,321.41,1000.0,
2023-01-25,22631.94,23816.73,22300.0,23060.94,346042.83,1.89,21714.24,20746.1,20211.93,True,54.57,41.67,5.68,,,,,,,,,,8563.92,-62.86,1.0,0.087029,2006.98,2006.98,37.25,1.89,1261.66,1003.49,258.18,745.31,,8563.92,-62.86,1.0,0.116769,2692.8,2692.8,49.98,1.89,1692.8,1346.4,346.4,1000.0,
2023-01-26,23060.42,23282.47,22850.01,23009.65,288924.44,-0.22,21913.53,20961.68,20419.17,True,56.1,39.95,5.45,,,,,,,,,,8563.92,-62.78,1.0,0.087029,2002.51,2002.51,-4.46,-0.22,1257.2,1001.26,255.95,745.31,,8563.92,-62.78,1.0,0.116769,2686.81,2686.81,-5.99,-0.22,1686.81,1343.41,343.41,1000.0,
2023-01-27,23009.65,23500.0,22534.88,23074.16,280833.86,0.28,22092.09,21162.87,20615.84,True,56.69,36.35,7.9,,,,,,,,,,8563.92,-62.89,1.0,0.087029,2008.13,2008.13,5.61,0.28,1262.81,1004.06,258.75,745.31,,8563.92,-62.89,1.0,0.116769,2694.35,2694.35,7.53,0.28,1694.35,1347.17,347.17,1000.0,
2023-01-28,23074.16,23189.0,22878.46,23022.6,148115.71,-0.22,22235.25,21339.98,20794.12,True,57.23,35.25,7.66,,,,,,,,,,8563.92,-62.8,1.0,0.087029,2003.64,2003.64,-4.49,-0.22,1258.33,1001.82,256.51,745.31,,8563.92,-62.8,1.0,0.116769,2688.33,2688.33,-6.02,-0.22,1688.33,1344.16,344.16,1000.0,
2023-01-29,23021.4,23960.54,22967.76,23742.3,295688.79,3.13,22467.1,21568.77,21012.5,True,58.14,39.26,6.94,,,,,,,,,,8563.92,-63.93,1.0,0.087029,2066.27,2066.27,62.63,3.13,1320.96,1033.14,287.83,745.31,,8563.92,-63.93,1.0,0.116769,2772.37,2772.37,84.04,3.13,1772.37,1386.18,386.18,1000.0,
2023-01-30,23743.37,23800.51,22500.0,22826.15,302405.9,-3.86,22522.34,21688.52,21146.84,True,57.85,34.65,10.35,,,,,,,,,,8563.92,-62.48,1.0,0.087029,1986.54,1986.54,-79.73,-3.86,1241.23,993.27,247.96,745.31,,8563.92,-62.48,1.0,0.116769,2665.39,2665.39,-106.98,-3.86,1665.39,1332.69,332.69,1000.0,
2023-01-31,22827.38,23320.0,22714.77,23125.13,264649.35,1.31,22615.08,21825.34,21293.38,True,57.57,32.72,9.77,,,,,,,,,,8563.92,-62.97,1.0,0.087029,2012.56,2012.56,26.02,1.31,1267.25,1006.28,260.97,745.31,,8563.92,-62.97,1.0,0.116769,2700.3,2700.3,34.91,1.31,1700.3,1350.15,350.15,1000.0,
2023-02-01,23125.13,23812.66,22760.23,23732.66,310790.42,2.63,22787.01,22006.99,21474.07,True,57.66,34.05,8.85,,,,,,,,,,8563.92,-63.92,1.0,0.087029,2065.43,2065.43,52.87,2.63,1320.12,1032.72,287.41,745.31,,8563.92,-63.92,1.0,0.116769,2771.24,2771.24,70.94,2.63,1771.24,1385.62,385.62,1000.0,
2023-02-02,23731.41,24255.0,23363.27,23488.94,364177.21,-1.03,22895.0,22148.13,21623.32,True,58.0,35.28,8.15,,,,,24255.0,,HH,,,8563.92,-63.54,1.0,0.087029,2044.22,2044.22,-21.21,-1.03,1298.91,1022.11,276.8,745.31,,8563.92,-63.54,1.0,0.116769,2742.78,2742.78,-28.46,-1.03,1742.78,1371.39,371.39,1000.0,
2023-02-03,23489.33,23715.7,23204.62,23431.9,332571.03,-0.24,22977.6,22270.39,21757.29,True,57.93,33.64,9.22,,,,,,,,,,8563.92,-63.45,1.0,0.087029,2039.26,2039.26,-4.96,-0.24,1293.95,1019.63,274.32,745.31,,8563.92,-63.45,1.0,0.116769,2736.12,2736.12,-6.66,-0.24,1736.12,1368.06,368.06,1000.0,
2023-02-04,23431.9,23587.78,23253.96,23326.84,166126.47,-0.45,23031.33,22371.01,21873.55,True,57.86,32.57,8.92,,,,,,,,,,8563.92,-63.29,1.0,0.087029,2030.12,2030.12,-9.14,-0.45,1284.81,1015.06,269.75,745.31,,8563.92,-63.29,1.0,0.116769,2723.85,2723.85,-12.27,-0.45,1723.85,1361.93,361.93,1000.0,
2023-02-05,23327.66,23433.33,22743.0,22932.91,209251.34,-1.69,23016.19,22424.52,21952.02,True,56.54,30.42,13.22,,,,,,,,,,8563.92,-62.66,1.0,0.087029,1995.83,1995.83,-34.28,-1.69,1250.52,997.92,252.61,745.31,,8563.92,-62.66,1.0,0.116769,2677.85,2677.85,-46.0,-1.69,1677.85,1338.93,338.93,1000.0,
2023-02-06,22932.91,23158.25,22628.13,22762.52,265371.61,-0.74,22977.16,22456.71,22012.06,True,55.05,28.84,13.66,,,,,,,,,,8563.92,-62.38,1.0,0.087029,1981.0,1981.0,-14.83,-0.74,1235.69,990.5,245.19,745.31,,8563.92,-62.38,1.0,0.116769,2657.96,2657.96,-19.9,-0.74,1657.96,1328.98,328.98,1000.0,
2023-02-07,22762.52,23350.25,22745.78,23240.46,308006.72,2.1,23017.67,22531.36,22103.05,True,53.88,29.02,12.84,,,,,,,,,SMALL HH confirmed @ 24255.00,8563.92,-63.15,1.0,0.087029,2022.6,2022.6,41.59,2.1,1277.29,1011.3,265.99,745.31,,8563.92,-63.15,1.0,0.116769,2713.77,2713.77,55.81,2.1,1713.77,1356.88,356.88,1000.0,
2023-02-08,23242.42,23452.0,22665.85,22963.0,280056.31,-1.19,23009.26,22572.46,22166.75,True,52.9,27.77,11.85,,,,,,,,,,8563.92,-62.71,1.0,0.087029,1998.45,1998.45,-24.15,-1.19,1253.14,999.23,253.92,745.31,,8563.92,-62.71,1.0,0.116769,2681.37,2681.37,-32.4,-1.19,1681.37,1340.68,340.68,1000.0,
2023-02-09,22961.85,23011.39,21688.0,21796.35,402894.7,-5.08,22822.66,22498.55,22139.32,True,49.92,24.36,19.48,,,,,,,,,,8563.92,-60.71,1.0,0.087029,1896.92,1896.92,-101.53,-5.08,1151.61,948.46,203.15,745.31,,8563.92,-60.71,1.0,0.116769,2545.14,2545.14,-136.23,-5.08,1545.14,1272.57,272.57,1000.0,
2023-02-10,21797.83,21938.16,21451.0,21625.19,338591.94,-0.79,22638.43,22415.37,22101.23,True,46.74,23.23,20.83,,,,,,,,,,8563.92,-60.4,1.0,0.087029,1882.02,1882.02,-14.9,-0.79,1136.71,941.01,195.7,745.31,,8563.92,-60.4,1.0,0.116769,2525.15,2525.15,-19.99,-0.79,1525.15,1262.58,262.58,1000.0,
2023-02-11,21625.19,21906.32,21599.78,21862.55,177021.58,1.1,22519.07,22362.72,22083.55,True,43.79,22.52,20.2,,,,,,,,,,8563.92,-60.83,1.0,0.087029,1902.68,1902.68,20.66,1.1,1157.37,951.34,206.03,745.31,,8563.92,-60.83,1.0,0.116769,2552.87,2552.87,27.72,1.1,1552.87,1276.43,276.43,1000.0,
2023-02-12,21862.02,22090.0,21630.0,21783.54,204435.65,-0.36,22405.91,22307.56,22061.33,True,41.35,23.34,19.25,,,,,,,,,,8563.92,-60.69,1.0,0.087029,1895.8,1895.8,-6.88,-0.36,1150.49,947.9,202.59,745.31,,8563.92,-60.69,1.0,0.116769,2543.64,2543.64,-9.23,-0.36,1543.64,1271.82,271.82,1000.0,
2023-02-13,21782.37,21894.99,21351.07,21773.97,295730.77,-0.04,22308.69,22256.74,22040.04,True,38.56,22.02,21.06,,,,,,21351.07,HL,,,8563.92,-60.67,1.0,0.087029,1894.97,1894.97,-0.83,-0.04,1149.66,947.49,202.17,745.31,,8563.92,-60.67,1.0,0.116769,2542.53,2542.53,-1.12,-0.04,1542.53,1271.26,271.26,1000.0,
2023-02-14,21774.63,22319.08,21532.77,22199.84,361958.4,1.96,22291.94,22251.32,22051.88,True,36.65,24.6,19.35,,,,,,,,,,8563.92,-61.42,1.0,0.087029,1932.03,1932.03,37.06,1.96,1186.72,966.02,220.71,745.31,,8563.92,-61.42,1.0,0.116769,2592.25,2592.25,49.73,1.96,1592.25,1296.13,296.13,1000.0,
2023-02-15,22199.84,24380.0,22047.28,24324.05,375669.16,9.57,22604.57,22448.73,22220.19,True,37.04,37.68,15.38,,,,,,,,BULL_BOS,SMALL BULL BOS @ 24324.05 (level 24255.00),8563.92,-64.79,1.0,0.087029,2116.9,2116.9,184.87,9.57,1371.59,1058.45,313.14,745.31,,8563.92,-64.79,1.0,0.116769,2840.3,2840.3,248.04,9.57,1840.3,1420.15,420.15,1000.0,
2023-02-16,24322.87,25250.0,23505.25,23517.72,450080.68,-3.31,22745.06,22550.54,22316.3,True,37.95,39.41,13.2,,,,,,,,,,8563.92,-63.59,1.0,0.087029,2046.73,2046.73,-70.17,-3.31,1301.42,1023.36,278.05,745.31,,8563.92,-63.59,1.0,0.116769,2746.14,2746.14,-94.15,-3.31,1746.14,1373.07,373.07,1000.0,
2023-02-17,23517.72,25021.11,23339.37,24569.97,496813.21,4.47,23025.81,22742.86,22483.24,True,38.51,34.35,12.77,,,,,,,,,,8563.92,-65.14,1.0,0.087029,2138.3,2138.3,91.58,4.47,1392.99,1069.15,323.84,745.31,,8563.92,-65.14,1.0,0.116769,2869.01,2869.01,122.87,4.47,1869.01,1434.51,434.51,1000.0,
2023-02-18,24568.24,24877.0,24430.0,24631.95,216917.25,0.25,23272.91,22922.78,22642.4,True,39.03,33.13,12.32,,,,,,,,,SMALL HL confirmed @ 21351.07,8563.92,-65.23,1.0,0.087029,2143.7,2143.7,5.39,0.25,1398.39,1071.85,326.54,745.31,,8563.92,-65.23,1.0,0.116769,2876.25,2876.25,7.24,0.25,1876.25,1438.12,438.12,1000.0,
2023-02-19,24632.05,25192.0,24192.57,24271.76,300396.0,-1.46,23426.58,23051.25,22763.1,True,39.73,33.01,11.35,,,,,,,,,,8563.92,-64.72,1.0,0.087029,2112.35,2112.35,-31.35,-1.46,1367.04,1056.18,310.87,745.31,,8563.92,-64.72,1.0,0.116769,2834.19,2834.19,-42.06,-1.46,1834.19,1417.09,417.09,1000.0,
2023-02-20,24272.51,25121.23,23840.83,24842.2,346938.57,2.35,23644.37,23221.82,22917.1,True,39.71,29.78,12.93,,,,,,,,,,8563.92,-65.53,1.0,0.087029,2162.0,2162.0,49.64,2.35,1416.69,1081.0,335.69,745.31,,8563.92,-65.53,1.0,0.116769,2900.8,2900.8,66.61,2.35,1900.8,1450.4,450.4,1000.0,
2023-02-21,24843.89,25250.0,24148.34,24452.16,376000.83,-1.57,23768.64,23338.99,23030.81,True,39.8,28.27,11.85,,,,,25250.0,,HH,,,8563.92,-64.98,1.0,0.087029,2128.05,2128.05,-33.94,-1.57,1382.74,1064.03,318.72,745.31,,8563.92,-64.98,1.0,0.116769,2855.25,2855.25,-45.54,-1.57,1855.25,1427.63,427.63,1000.0,
2023-02-22,24450.67,24476.05,23574.69,24182.21,379425.75,-1.1,23832.27,23419.3,23116.1,True,38.83,26.34,15.39,,,,,,,,,,8563.92,-64.59,1.0,0.087029,2104.56,2104.56,-23.49,-1.1,1359.25,1052.28,306.97,745.31,,8563.92,-64.59,1.0,0.116769,2823.73,2823.73,-31.52,-1.1,1823.73,1411.87,411.87,1000.0,
2023-02-23,24182.21,24599.59,23608.0,23940.2,398400.45,-1.0,23848.87,23468.91,23177.15,True,38.05,25.3,14.24,,,,,,,,,,8563.92,-64.23,1.0,0.087029,2083.5,2083.5,-21.06,-1.0,1338.19,1041.75,296.44,745.31,,8563.92,-64.23,1.0,0.116769,2795.47,2795.47,-28.26,-1.0,1795.47,1397.74,397.74,1000.0,
2023-02-24,23940.2,24132.35,22841.19,23185.29,343582.57,-3.15,23746.78,23441.9,23177.75,True,36.09,22.9,18.52,,,,,,,,,,8563.92,-63.06,1.0,0.087029,2017.8,2017.8,-65.7,-3.15,1272.49,1008.9,263.59,745.31,,8563.92,-63.06,1.0,0.116769,2707.32,2707.32,-88.15,-3.15,1707.32,1353.66,353.66,1000.0,
2023-02-25,23184.04,23219.13,22722.0,23157.07,191311.81,-0.12,23656.06,23414.77,23176.22,True,34.09,22.03,18.73,,,,,,22722.0,HL,,,8563.92,-63.02,1.0,0.087029,2015.34,2015.34,-2.46,-0.12,1270.03,1007.67,262.36,745.31,,8563.92,-63.02,1.0,0.116769,2704.03,2704.03,-3.3,-0.12,1704.03,1352.01,352.01,1000.0,
2023-02-26,23157.07,23689.99,23059.18,23554.85,202323.74,1.72,23640.49,23428.11,23204.26,True,32.8,24.62,17.81,,,,,,,,,SMALL HH confirmed @ 25250.00,8563.92,-63.64,1.0,0.087029,2049.96,2049.96,34.62,1.72,1304.65,1024.98,279.67,745.31,,8563.92,-63.64,1.0,0.116769,2750.48,2750.48,46.45,1.72,1750.48,1375.24,375.24,1000.0,
2023-02-27,23554.85,23897.99,23106.77,23492.09,283706.09,-0.27,23617.66,23434.2,23225.58,True,31.85,24.73,16.7,,,,,,,,,,8563.92,-63.55,1.0,0.087029,2044.5,2044.5,-5.46,-0.27,1299.19,1022.25,276.94,745.31,,8563.92,-63.55,1.0,0.116769,2743.15,2743.15,-7.33,-0.27,1743.15,1371.57,371.57,1000.0,
2023-02-28,23492.09,23600.0,23020.97,23141.57,264141.0,-1.49,23544.41,23406.33,23219.36,True,30.81,23.57,16.61,,,,,,,,,,8563.92,-62.99,1.0,0.087029,2013.99,2013.99,-30.51,-1.49,1268.68,1007.0,261.69,745.31,,8563.92,-62.99,1.0,0.116769,2702.22,2702.22,-40.93,-1.49,1702.22,1351.11,351.11,1000.0,
2023-03-01,23141.57,24000.0,23020.03,23628.97,315287.42,2.11,23557.42,23427.54,23249.7,True,30.32,24.93,15.3,,,,,24000.0,,LH,,,8563.92,-63.76,1.0,0.087029,2056.41,2056.41,42.42,2.11,1311.1,1028.21,282.89,745.31,,8563.92,-63.76,1.0,0.116769,2759.13,2759.13,56.91,2.11,1759.13,1379.57,379.57,1000.0,
2023-03-02,23629.76,23796.93,23195.9,23465.32,239315.45,-0.69,23543.25,23431.14,23265.67,True,29.86,23.7,14.55,,,,,,,,,SMALL HL confirmed @ 22722.00,8563.92,-63.5,1.0,0.087029,2042.17,2042.17,-14.24,-0.69,1296.86,1021.08,275.77,745.31,,8563.92,-63.5,1.0,0.116769,2740.02,2740.02,-19.11,-0.69,1740.02,1370.01,370.01,1000.0,
2023-03-03,23465.32,23476.95,21971.13,22354.34,319954.2,-4.73,23360.34,23328.58,23198.17,True,27.97,20.91,22.4,,,,,,,,BEAR_CHOCH,SMALL BEAR CHOCH @ 22354.34 (level 22722.00),,,,,,1945.48,-96.69,-4.73,0.0,0.0,,1945.48,"EXIT @ 22354.34 (small red CHoCH, realized +454.86)",,,,,,2610.29,-129.73,-4.73,0.0,0.0,,2610.29,"EXIT @ 22354.34 (small red CHoCH, realized +610.29)"
2023-03-04,22354.34,22410.0,22157.08,22346.57,121257.38,-0.03,23204.38,23235.06,23135.09,True,26.22,20.47,21.93,,,,,,,,,,,,,,,1945.48,0.0,0.0,0.0,0.0,,1945.48,,,,,,,2610.29,0.0,0.0,0.0,0.0,,2610.29,
2023-03-05,22346.57,22662.09,22189.22,22430.24,154841.76,0.37,23085.28,23158.41,23082.88,True,24.47,21.8,21.05,,,,,,,,,,,,,,,1945.48,0.0,0.0,0.0,0.0,,1945.48,,,,,,,2610.29,0.0,0.0,0.0,0.0,,2610.29,
2023-03-06,22430.24,22602.19,22258.0,22410.0,203751.83,-0.09,22981.39,23087.13,23033.03,False,22.85,21.13,20.41,,,,,,,,,SMALL LH confirmed @ 24000.00,,,,,,1945.48,0.0,0.0,0.0,0.0,,1945.48,,,,,,,2610.29,0.0,0.0,0.0,0.0,,2610.29,
2023-03-07,22409.41,22557.91,21927.0,22197.96,292519.81,-0.95,22860.86,23002.45,22971.18,False,21.61,19.93,22.23,,,,,,,,,,,,,,,1945.48,0.0,0.0,0.0,0.0,,1945.48,,,,,,,2610.29,0.0,0.0,0.0,0.0,,2610.29,
2023-03-08,22198.56,22287.0,21580.0,21705.44,301460.57,-2.22,22683.11,22878.92,22877.42,False,20.95,18.65,23.96,,,,,,,,,,,,,,,1945.48,0.0,0.0,0.0,0.0,,1945.48,,,,,,,2610.29,0.0,0.0,0.0,0.0,,2610.29,
2023-03-09,21704.37,21834.99,20042.72,20362.22,443658.29,-6.19,22326.05,22639.24,22691.11,False,21.98,15.86,33.19,,,,,,,,,,,,,,,1945.48,0.0,0.0,0.0,0.0,,1945.48,,,,,,,2610.29,0.0,0.0,0.0,0.0,,2610.29,
2023-03-10,20362.21,20367.78,19549.09,20150.69,618456.47,-1.04,21991.38,22402.23,22502.93,False,23.31,14.78,35.04,,,,,,19549.09,LL,,,,,,,,1945.48,0.0,0.0,0.0,0.0,,1945.48,,,,,,,2610.29,0.0,0.0,0.0,0.0,,2610.29,
2023-03-11,20150.69,20686.51,19765.03,20455.73,427831.82,1.51,21755.12,22216.85,22351.28,False,24.01,16.29,32.36,,,,,,,,,,,,,,,1945.48,0.0,0.0,0.0,0.0,,1945.48,,,,,,,2610.29,0.0,0.0,0.0,0.0,,2610.29,
2023-03-12,20455.73,22150.0,20270.6,21997.11,430944.94,7.54,21792.35,22195.92,22325.05,False,22.64,25.16,27.7,,,,,,,,,,,,,,,1945.48,0.0,0.0,0.0,0.0,,1945.48,,,,,,,2610.29,0.0,0.0,0.0,0.0,,2610.29,
2023-03-13,21998.05,24500.0,21813.88,24113.48,687889.31,9.62,22149.45,22378.55,22457.52,False,22.68,36.47,22.67,,,,,,,,BULL_CHOCH,SMALL BULL CHOCH @ 24113.48 (level 24000.00),12056.74,-50.0,1.0,0.08068,1945.48,1945.48,0.0,0.0,972.74,972.74,0.0,972.74,"ENTRY @ 24113.48 (small green CHoCH, margin $972.74 [50% of bank] @ 2x [ADX 22.7, zone red], 0.080680 units)",12056.74,-50.0,1.0,0.10825,2610.29,2610.29,0.0,0.0,1305.15,1305.15,0.0,1305.15,"ENTRY @ 24113.48 (small green CHoCH, margin $1305.15 [50% of bank] @ 2x [ADX 22.7, zone red], 0.108250 units)"
2023-03-14,24112.27,26386.87,23976.42,24670.41,699360.93,2.31,22537.29,22596.82,22621.44,False,23.76,42.7,19.29,,,,,,,,,,12056.74,-51.13,1.0,0.08068,1990.41,1990.41,44.93,2.31,1017.67,995.21,22.47,972.74,,12056.74,-51.13,1.0,0.10825,2670.58,2670.58,60.29,2.31,1365.44,1335.29,30.14,1305.15,
2023-03-15,24670.41,25196.97,23896.95,24285.66,581450.73,-1.56,22806.27,22757.66,22744.72,True,24.68,39.3,18.24,,,,,,,,,SMALL LL confirmed @ 19549.09,12056.74,-50.35,1.0,0.08068,1959.37,1959.37,-31.04,-1.56,986.63,979.69,6.95,972.74,,12056.74,-50.35,1.0,0.10825,2628.93,2628.93,-41.65,-1.56,1323.79,1314.47,9.32,1305.15,
2023-03-16,24285.66,25167.4,24123.0,24998.78,439421.33,2.94,23143.58,22971.1,22911.69,True,25.53,36.76,17.06,,,,,,,,,,12056.74,-51.77,1.0,0.08068,2016.91,2016.91,57.53,2.94,1044.17,1008.45,35.71,972.74,,12056.74,-51.77,1.0,0.10825,2706.13,2706.13,77.2,2.94,1400.98,1353.06,47.92,1305.15,
2023-03-17,24998.78,27756.84,24890.0,27395.13,624460.68,9.59,23797.66,23392.44,23243.79,True,27.42,45.34,14.33,,,,BULL_CHOCH,,,,,BIG BULL CHOCH @ 27395.13 (level 25211.32),12056.74,-55.99,1.0,0.08068,2210.24,2210.24,193.34,9.59,1237.5,1105.12,132.38,972.74,,12056.74,-55.99,1.0,0.10825,2965.53,2965.53,259.41,9.59,1660.39,1482.77,177.62,1305.15,
2023-03-18,27395.13,27724.85,26578.0,26907.49,371238.97,-1.78,24276.1,23727.21,23515.18,True,29.17,42.42,13.41,,,,,,,,,,12056.74,-55.19,1.0,0.08068,2170.9,2170.9,-39.34,-1.78,1198.16,1085.45,112.71,972.74,,12056.74,-55.19,1.0,0.10825,2912.75,2912.75,-52.79,-1.78,1607.6,1456.37,151.23,1305.15,
2023-03-19,26907.49,28390.1,26827.22,27972.87,372066.99,3.96,24844.83,24131.55,23845.38,True,31.03,42.43,12.25,,,,,,,,,,12056.74,-56.9,1.0,0.08068,2256.86,2256.86,85.96,3.96,1284.12,1128.43,155.69,972.74,,12056.74,-56.9,1.0,0.10825,3028.08,3028.08,115.33,3.96,1722.93,1514.04,208.89,1305.15,
2023-03-20,27972.87,28472.0,27124.47,27717.01,477378.23,-0.91,25286.71,24473.03,24132.16,True,32.79,39.72,11.33,,,,,,,,,,12056.74,-56.5,1.0,0.08068,2236.21,2236.21,-20.64,-0.91,1263.47,1118.11,145.37,972.74,,12056.74,-56.5,1.0,0.10825,3000.38,3000.38,-27.7,-0.91,1695.23,1500.19,195.04,1305.15,
2023-03-21,27717.01,28438.55,27303.1,28105.47,420929.74,1.4,25720.36,24818.97,24426.48,True,34.42,37.21,10.62,,,,,,,,,,12056.74,-57.1,1.0,0.08068,2267.55,2267.55,31.34,1.4,1294.81,1133.78,161.04,972.74,,12056.74,-57.1,1.0,0.10825,3042.43,3042.43,42.05,1.4,1737.28,1521.21,216.07,1305.15,
2023-03-22,28107.81,28868.05,26601.8,27250.97,224113.41,-3.04,25955.84,25050.59,24635.7,True,35.03,32.76,13.05,,,,,28868.05,,HH,,,12056.74,-55.76,1.0,0.08068,2198.61,2198.61,-68.94,-3.04,1225.87,1099.31,126.57,972.74,,12056.74,-55.76,1.0,0.10825,2949.93,2949.93,-92.5,-3.04,1644.78,1474.96,169.82,1305.15,
2023-03-23,27250.97,28750.0,27105.0,28295.41,128649.61,3.83,26315.77,25359.62,24906.79,True,35.6,29.96,11.93,,,,,,,,,,12056.74,-57.39,1.0,0.08068,2282.88,2282.88,84.27,3.83,1310.14,1141.44,168.7,972.74,,12056.74,-57.39,1.0,0.10825,3062.99,3062.99,113.06,3.83,1757.84,1531.5,226.35,1305.15,
2023-03-24,28295.42,28374.3,27000.0,27454.47,86242.07,-2.97,26490.96,25559.13,25095.51,True,35.99,27.82,11.63,,,,,,,,,,12056.74,-56.08,1.0,0.08068,2215.03,2215.03,-67.85,-2.97,1242.29,1107.52,134.78,972.74,,12056.74,-56.08,1.0,0.10825,2971.96,2971.96,-91.03,-2.97,1666.81,1485.98,180.83,1305.15,
2023-03-25,27454.46,27787.33,27156.09,27462.95,50844.08,0.03,26640.5,25740.45,25270.88,True,36.35,26.87,11.23,,,,,,,,,,12056.74,-56.1,1.0,0.08068,2215.72,2215.72,0.68,0.03,1242.98,1107.86,135.12,972.74,,12056.74,-56.1,1.0,0.10825,2972.88,2972.88,0.92,0.03,1667.73,1486.44,181.29,1305.15,
2023-03-26,27462.96,28194.4,27417.76,27968.05,49671.7,1.84,26844.73,25952.6,25470.67,True,36.93,27.97,10.74,,,,,,,,,,12056.74,-56.89,1.0,0.08068,2256.47,2256.47,40.75,1.84,1283.73,1128.23,155.49,972.74,,12056.74,-56.89,1.0,0.10825,3027.55,3027.55,54.68,1.84,1722.41,1513.78,208.63,1305.15,
2023-03-27,27968.05,28023.86,26508.14,27124.91,88039.47,-3.01,26887.84,26064.25,25593.2,True,36.2,25.64,14.85,,,,,,26508.14,HL,,SMALL HH confirmed @ 28868.05,12056.74,-55.55,1.0,0.08068,2188.44,2188.44,-68.02,-3.01,1215.7,1094.22,121.48,972.74,,12056.74,-55.55,1.0,0.10825,2936.28,2936.28,-91.27,-3.01,1631.14,1468.14,162.99,1305.15,
2023-03-28,27124.9,27520.0,26631.78,27261.07,78602.44,0.5,26945.26,26178.23,25716.75,True,35.52,24.36,14.11,,,,,,,,,,12056.74,-55.77,1.0,0.08068,2199.43,2199.43,10.99,0.5,1226.69,1099.71,126.97,972.74,,12056.74,-55.77,1.0,0.10825,2951.02,2951.02,14.74,0.5,1645.88,1475.51,170.36,1305.15,
2023-03-29,27261.06,28650.0,27240.1,28348.6,89486.16,3.99,27161.16,26384.93,25911.7,True,35.68,28.75,13.0,,,,,,,,,,12056.74,-57.47,1.0,0.08068,2287.17,2287.17,87.74,3.99,1314.43,1143.59,170.85,972.74,,12056.74,-57.47,1.0,0.10825,3068.75,3068.75,117.73,3.99,1763.6,1534.37,229.23,1305.15,
2023-03-30,28348.6,29184.68,27686.0,28028.53,98865.43,-1.13,27294.6,26541.47,26068.5,True,36.14,29.32,11.92,,,,,29184.68,,HH,,,12056.74,-56.98,1.0,0.08068,2261.35,2261.35,-25.82,-1.13,1288.61,1130.67,157.93,972.74,,12056.74,-56.98,1.0,0.10825,3034.1,3034.1,-34.65,-1.13,1728.95,1517.05,211.9,1305.15,
2023-03-31,28028.53,28656.69,27511.71,28465.36,78198.12,1.56,27474.72,26724.69,26246.05,True,36.32,27.46,12.13,,,,,,,,,,12056.74,-57.64,1.0,0.08068,2296.59,2296.59,35.24,1.56,1323.85,1148.3,175.56,972.74,,12056.74,-57.64,1.0,0.10825,3081.39,3081.39,47.29,1.56,1776.24,1540.69,235.55,1305.15,
2023-04-01,28465.36,28819.71,28220.27,28452.73,30238.45,-0.04,27625.18,26889.27,26409.51,True,36.6,27.45,11.71,,,,,,,,,SMALL HL confirmed @ 26508.14,12056.74,-57.63,1.0,0.08068,2295.57,2295.57,-1.02,-0.04,1322.83,1147.79,175.05,972.74,,12056.74,-57.63,1.0,0.10825,3080.02,3080.02,-1.37,-0.04,1774.87,1540.01,234.86,1305.15,
2023-04-02,28452.74,28530.0,27856.43,28171.87,37365.66,-0.99,27709.29,27011.42,26540.05,True,36.31,26.34,13.42,,,,,,,,,,12056.74,-57.2,1.0,0.08068,2272.91,2272.91,-22.66,-0.99,1300.17,1136.46,163.72,972.74,,12056.74,-57.2,1.0,0.10825,3049.62,3049.62,-30.4,-0.99,1744.47,1524.81,219.66,1305.15,
2023-04-03,28171.87,28500.99,27200.24,27800.0,79180.01,-1.32,27723.24,27086.52,26633.38,True,35.13,24.31,16.28,,,,,,27200.24,HL,,,12056.74,-56.63,1.0,0.08068,2242.91,2242.91,-30.0,-1.32,1270.17,1121.45,148.71,972.74,,12056.74,-56.63,1.0,0.10825,3009.36,3009.36,-40.26,-1.32,1704.21,1504.68,199.53,1305.15,
2023-04-04,27800.0,28444.44,27662.79,28165.47,49722.56,1.31,27791.28,27189.28,26746.87,True,34.03,23.15,15.5,,,,,,,,,SMALL HH confirmed @ 29184.68,12056.74,-57.19,1.0,0.08068,2272.4,2272.4,29.49,1.31,1299.66,1136.2,163.46,972.74,,12056.74,-57.19,1.0,0.10825,3048.92,3048.92,39.56,1.31,1743.78,1524.46,219.31,1305.15,
2023-04-05,28165.47,28775.0,27805.1,28170.01,60737.65,0.02,27849.54,27282.68,26852.29,True,33.32,23.8,14.57,,,,,,,,,,12056.74,-57.2,1.0,0.08068,2272.76,2272.76,0.37,0.02,1300.02,1136.38,163.64,972.74,,12056.74,-57.2,1.0,0.10825,3049.42,3049.42,0.49,0.02,1744.27,1524.71,219.56,1305.15,
2023-04-06,28170.01,28182.05,27711.0,28033.82,40118.95,-0.48,27877.89,27354.22,26939.81,True,32.51,23.08,14.74,,,,,,,,,,12056.74,-56.99,1.0,0.08068,2261.77,2261.77,-10.99,-0.48,1289.03,1130.89,158.15,972.74,,12056.74,-56.99,1.0,0.10825,3034.67,3034.67,-14.74,-0.48,1729.53,1517.34,212.19,1305.15,
2023-04-07,28033.83,28100.0,27766.94,27906.33,24762.09,-0.45,27882.27,27406.8,27011.4,True,31.77,22.56,14.41,,,,,,,,,,12056.74,-56.8,1.0,0.08068,2251.49,2251.49,-10.29,-0.45,1278.75,1125.74,153.0,972.74,,12056.74,-56.8,1.0,0.10825,3020.87,3020.87,-13.8,-0.45,1715.72,1510.44,205.29,1305.15,
2023-04-08,27906.34,28154.99,27859.02,27938.38,19479.97,0.11,27890.9,27457.43,27080.07,True,31.13,22.48,14.1,,,,,,,,,SMALL HL confirmed @ 27200.24,12056.74,-56.85,1.0,0.08068,2254.07,2254.07,2.59,0.11,1281.33,1127.04,154.3,972.74,,12056.74,-56.85,1.0,0.10825,3024.34,3024.34,3.47,0.11,1719.19,1512.17,207.02,1305.15,
2023-04-09,27938.38,28530.0,27800.0,28323.76,32531.16,1.38,27957.49,27539.94,27172.19,True,30.95,24.01,13.35,,,,,,,,,,12056.74,-57.43,1.0,0.08068,2285.17,2285.17,31.09,1.38,1312.43,1142.58,169.84,972.74,,12056.74,-57.43,1.0,0.10825,3066.06,3066.06,41.72,1.38,1760.91,1533.03,227.88,1305.15,
2023-04-10,28323.76,29770.0,28170.0,29637.34,67754.06,4.64,28215.93,27739.69,27354.8,True,31.83,29.98,11.86,,,,,,,,BULL_BOS,SMALL BULL BOS @ 29637.34 (level 29184.68),12056.74,-59.32,1.0,0.08068,2391.15,2391.15,105.98,4.64,1418.41,1195.57,222.83,972.74,,12056.74,-59.32,1.0,0.10825,3208.25,3208.25,142.2,4.64,1903.11,1604.13,298.98,1305.15,
2023-04-11,29637.35,30550.0,29590.0,30200.42,67990.08,1.9,28521.24,27974.04,27565.58,True,33.15,33.43,11.06,,,,,,,,,,12056.74,-60.08,1.0,0.08068,2436.58,2436.58,45.43,1.9,1463.84,1218.29,245.55,972.74,,12056.74,-60.08,1.0,0.10825,3269.21,3269.21,60.95,1.9,1964.06,1634.6,329.46,1305.15,
2023-04-12,30200.43,30486.0,29637.4,29888.07,62049.48,-1.03,28731.52,28156.33,27737.62,True,34.37,31.42,10.4,,,,,,,,,,12056.74,-59.66,1.0,0.08068,2411.38,2411.38,-25.2,-1.03,1438.64,1205.69,232.95,972.74,,12056.74,-59.66,1.0,0.10825,3235.4,3235.4,-33.81,-1.03,1930.25,1617.7,312.55,1305.15,
2023-04-13,29888.07,30595.0,29854.59,30373.84,51934.12,1.63,28984.18,28367.52,27932.89,True,35.57,30.52,9.84,,,,,,,,,,12056.74,-60.31,1.0,0.08068,2450.57,2450.57,39.19,1.63,1477.83,1225.28,252.54,972.74,,12056.74,-60.31,1.0,0.10825,3287.98,3287.98,52.58,1.63,1982.83,1643.99,338.84,1305.15,
2023-04-14,30373.84,31000.0,29966.0,30466.93,75984.19,0.31,29212.3,28567.47,28120.6,True,36.94,31.17,9.11,31000.0,,HH,,31000.0,,HH,,,12056.74,-60.43,1.0,0.08068,2458.08,2458.08,7.51,0.31,1485.34,1229.04,256.3,972.74,,12056.74,-60.43,1.0,0.10825,3298.06,3298.06,10.08,0.31,1992.91,1649.03,343.88,1305.15,
2023-04-15,30466.93,30595.6,30202.0,30295.09,25429.81,-0.56,29378.88,28732.0,28281.67,True,38.22,30.24,8.84,,,,,,,,,,12056.74,-60.2,1.0,0.08068,2444.21,2444.21,-13.86,-0.56,1471.47,1222.11,249.37,972.74,,12056.74,-60.2,1.0,0.10825,3279.46,3279.46,-18.6,-0.56,1974.31,1639.73,334.58,1305.15,
2023-04-16,30295.1,30549.99,30120.0,30304.65,26431.99,0.03,29521.31,28881.78,28431.52,True,39.21,29.23,9.18,,,,,,,,,,12056.74,-60.21,1.0,0.08068,2444.99,2444.99,0.77,0.03,1472.24,1222.49,249.75,972.74,,12056.74,-60.21,1.0,0.10825,3280.49,3280.49,1.03,0.03,1975.34,1640.25,335.1,1305.15,
2023-04-17,30304.66,30316.06,29240.65,29430.27,56441.81,-2.89,29507.3,28934.02,28505.51,True,38.38,26.79,15.22,,,,,,,,,,12056.74,-59.03,1.0,0.08068,2374.44,2374.44,-70.55,-2.89,1401.7,1187.22,214.48,972.74,,12056.74,-59.03,1.0,0.10825,3185.84,3185.84,-94.65,-2.89,1880.69,1592.92,287.77,1305.15,
2023-04-18,29430.27,30485.0,29096.78,30380.01,62004.89,3.23,29641.57,29071.73,28644.36,True,37.78,25.28,13.64,,,,,,,,,,12056.74,-60.31,1.0,0.08068,2451.07,2451.07,76.63,3.23,1478.33,1225.53,252.79,972.74,,12056.74,-60.31,1.0,0.10825,3288.65,3288.65,102.81,3.23,1983.5,1644.32,339.18,1305.15,
2023-04-19,30380.01,30413.53,28520.0,28797.1,86575.49,-5.21,29511.65,29045.57,28655.67,True,36.22,21.94,15.86,,,,,,,,,SMALL HH confirmed @ 31000.00,12056.74,-58.13,1.0,0.08068,2323.36,2323.36,-127.71,-5.21,1350.62,1161.68,188.94,972.74,,12056.74,-58.13,1.0,0.10825,3117.3,3117.3,-171.35,-5.21,1812.15,1558.65,253.5,1305.15,
2023-04-20,28797.1,29088.3,28010.0,28243.65,76879.09,-1.92,29316.57,28969.2,28625.15,True,34.02,20.3,18.22,,,,,,,,,,12056.74,-57.31,1.0,0.08068,2278.7,2278.7,-44.65,-1.92,1305.96,1139.35,166.61,972.74,,12056.74,-57.31,1.0,0.10825,3057.39,3057.39,-59.91,-1.92,1752.24,1528.69,223.55,1305.15,
2023-04-21,28243.65,28374.02,27125.0,27262.84,77684.77,-3.47,29000.61,28806.69,28524.24,True,32.31,18.56,22.72,,,,,,,,,,12056.74,-55.78,1.0,0.08068,2199.57,2199.57,-79.13,-3.47,1226.83,1099.79,127.05,972.74,,12056.74,-55.78,1.0,0.10825,2951.21,2951.21,-106.17,-3.47,1646.07,1475.61,170.46,1305.15,
2023-04-22,27262.84,27882.72,27140.35,27816.85,36023.7,2.03,28818.5,28712.42,28471.84,True,30.72,17.6,21.54,,,,,,,,,,12056.74,-56.66,1.0,0.08068,2244.27,2244.27,44.7,2.03,1271.53,1122.13,149.39,972.74,,12056.74,-56.66,1.0,0.10825,3011.19,3011.19,59.97,2.03,1706.04,1505.59,200.45,1305.15,
2023-04-23,27816.85,27816.85,27311.25,27590.6,34812.1,-0.81,28629.59,28605.58,28406.56,True,29.25,16.95,20.75,,,,,,,,,,12056.74,-56.3,1.0,0.08068,2226.02,2226.02,-18.25,-0.81,1253.27,1113.01,140.27,972.74,,12056.74,-56.3,1.0,0.10825,2986.69,2986.69,-24.49,-0.81,1681.55,1493.35,188.2,1305.15,
2023-04-24,27590.59,28000.0,26942.82,27510.93,53111.57,-0.29,28457.49,28501.33,28340.22,True,28.34,15.66,21.83,,,,,,26942.82,LL,,,12056.74,-56.17,1.0,0.08068,2219.59,2219.59,-6.43,-0.29,1246.85,1109.79,137.05,972.74,,12056.74,-56.17,1.0,0.10825,2978.07,2978.07,-8.62,-0.29,1672.92,1489.03,183.89,1305.15,
2023-04-25,27510.93,28399.99,27192.0,28300.79,52325.15,2.87,28433.38,28482.23,28337.3,True,26.85,17.16,19.95,,,,,,,,,,12056.74,-57.4,1.0,0.08068,2283.31,2283.31,63.73,2.87,1310.57,1141.66,168.92,972.74,,12056.74,-57.4,1.0,0.10825,3063.57,3063.57,85.5,2.87,1758.43,1531.79,226.64,1305.15,
2023-04-26,28300.8,30036.0,27235.0,28415.29,129228.4,0.4,28430.6,28475.85,28343.08,True,26.33,24.43,16.43,,,,,30036.0,,LH,,,12056.74,-57.57,1.0,0.08068,2292.55,2292.55,9.24,0.4,1319.81,1146.28,173.54,972.74,,12056.74,-57.57,1.0,0.10825,3075.97,3075.97,12.39,0.4,1770.82,1537.98,232.84,1305.15,
2023-04-27,28415.29,29890.0,28378.86,29472.77,95430.82,3.72,28590.93,28570.8,28426.76,True,25.85,22.16,14.91,,,,,,,,,,12056.74,-59.09,1.0,0.08068,2377.87,2377.87,85.32,3.72,1405.13,1188.93,216.19,972.74,,12056.74,-59.09,1.0,0.10825,3190.44,3190.44,114.47,3.72,1885.29,1595.22,290.07,1305.15,
2023-04-28,29472.77,29599.54,28891.0,29311.7,54298.17,-0.55,28701.82,28641.36,28492.31,True,25.4,21.17,14.24,,,,,,,,,,12056.74,-58.87,1.0,0.08068,2364.87,2364.87,-13.0,-0.55,1392.13,1182.44,209.7,972.74,,12056.74,-58.87,1.0,0.10825,3173.0,3173.0,-17.44,-0.55,1867.86,1586.5,281.35,1305.15,
2023-04-29,29311.69,29448.88,29031.0,29230.45,20466.83,-0.28,28783.15,28697.46,28546.99,True,24.98,20.58,13.84,,,,,,,,,SMALL LL confirmed @ 26942.82,12056.74,-58.75,1.0,0.08068,2358.32,2358.32,-6.56,-0.28,1385.58,1179.16,206.42,972.74,,12056.74,-58.75,1.0,0.10825,3164.21,3164.21,-8.8,-0.28,1859.06,1582.1,276.96,1305.15,
2023-04-30,29230.45,29969.39,29079.59,29233.21,39752.54,0.01,28852.39,28748.49,28597.82,True,25.16,22.85,13.02,,,,,,,,,,12056.74,-58.76,1.0,0.08068,2358.54,2358.54,0.22,0.01,1385.8,1179.27,206.53,972.74,,12056.74,-58.76,1.0,0.10825,3164.51,3164.51,0.3,0.01,1859.36,1582.25,277.11,1305.15,
2023-05-01,29233.2,29337.34,27666.95,28068.26,64433.66,-3.99,28731.75,28683.7,28558.59,True,23.42,20.39,20.72,,,,,,27666.95,HL,,SMALL LH confirmed @ 30036.00,12056.74,-57.04,1.0,0.08068,2264.55,2264.55,-93.99,-3.99,1291.81,1132.28,159.54,972.74,,12056.74,-57.04,1.0,0.10825,3038.4,3038.4,-126.11,-3.99,1733.25,1519.2,214.05,1305.15,
2023-05-02,28068.26,28879.88,27872.0,28669.86,50824.52,2.14,28722.23,28682.39,28566.83,True,21.8,19.05,19.37,,,,,,,,,,12056.74,-57.95,1.0,0.08068,2313.09,2313.09,48.54,2.14,1340.35,1156.54,183.8,972.74,,12056.74,-57.95,1.0,0.10825,3103.52,3103.52,65.12,2.14,1798.38,1551.76,246.62,1305.15,
2023-05-03,28669.85,29266.66,28113.69,29026.16,64615.79,1.24,28768.99,28715.13,28600.86,True,20.66,20.13,17.92,,,,,,,,,,12056.74,-58.46,1.0,0.08068,2341.84,2341.84,28.75,1.24,1369.1,1170.92,198.18,972.74,,12056.74,-58.46,1.0,0.10825,3142.09,3142.09,38.57,1.24,1836.95,1571.05,265.9,1305.15,
2023-05-04,29026.16,29379.83,28663.64,28838.16,42575.48,-0.65,28779.63,28726.84,28618.44,True,19.74,19.93,17.07,,,,,,,,,,12056.74,-58.19,1.0,0.08068,2326.67,2326.67,-15.17,-0.65,1353.93,1163.33,190.59,972.74,,12056.74,-58.19,1.0,0.10825,3121.74,3121.74,-20.35,-0.65,1816.6,1560.87,255.72,1305.15,
2023-05-05,28838.16,29677.0,28800.0,29505.61,58415.83,2.31,28891.32,28801.01,28684.15,True,19.24,20.75,16.07,,,,,,,,,,12056.74,-59.14,1.0,0.08068,2380.52,2380.52,53.85,2.31,1407.78,1190.26,217.52,972.74,,12056.74,-59.14,1.0,0.10825,3193.99,3193.99,72.25,2.31,1888.85,1597.0,291.85,1305.15,
2023-05-06,29505.6,29820.0,28300.0,28848.2,49249.28,-2.23,28884.69,28805.51,28696.3,True,18.05,18.69,17.73,,,,,29820.0,,LH,,SMALL HL confirmed @ 27666.95,12056.74,-58.21,1.0,0.08068,2327.48,2327.48,-53.04,-2.23,1354.74,1163.74,191.0,972.74,,12056.74,-58.21,1.0,0.10825,3122.83,3122.83,-71.16,-2.23,1817.68,1561.41,256.27,1305.15,
2023-05-07,28848.19,29138.29,28395.23,28430.1,30003.41,-1.45,28814.75,28769.75,28676.58,True,16.95,17.77,16.85,,,,,,,,,,12056.74,-57.59,1.0,0.08068,2293.75,2293.75,-33.73,-1.45,1321.01,1146.87,174.13,972.74,,12056.74,-57.59,1.0,0.10825,3077.57,3077.57,-45.26,-1.45,1772.42,1538.79,233.64,1305.15,
2023-05-08,28430.09,28631.01,27262.0,27668.79,68244.36,-2.68,28638.45,28664.9,28601.93,True,16.95,16.17,22.76,,,,,,,,,,12056.74,-56.42,1.0,0.08068,2232.32,2232.32,-61.42,-2.68,1259.58,1116.16,143.42,972.74,,12056.74,-56.42,1.0,0.10825,2995.16,2995.16,-82.41,-2.68,1690.01,1497.58,192.43,1305.15,
2023-05-09,27668.8,27818.0,27353.0,27628.27,40113.31,-0.15,28483.04,28566.17,28529.81,False,16.94,15.66,22.04,,,,,,,,BEAR_CHOCH,SMALL BEAR CHOCH @ 27628.27 (level 27666.95),,,,,,2229.05,-3.27,-0.15,0.0,0.0,,2229.05,"EXIT @ 27628.27 (small red CHoCH, realized +283.57)",,,,,,2990.77,-4.39,-0.15,0.0,0.0,,2990.77,"EXIT @ 27628.27 (small red CHoCH, realized +380.48)"
2023-05-10,27628.28,28331.42,26777.0,27598.75,71155.11,-0.11,28346.99,28474.04,28460.84,False,17.54,14.05,23.58,,,,,,,,,,,,,,,2229.05,0.0,0.0,0.0,0.0,,2229.05,,,,,,,2990.77,0.0,0.0,0.0,0.0,,2990.77,
2023-05-11,27598.74,27630.14,26702.05,26968.62,47635.31,-2.28,28134.93,28330.66,28350.31,False,18.17,13.19,22.62,,,,,,,,,SMALL LH confirmed @ 29820.00,,,,,,2229.05,0.0,0.0,0.0,0.0,,2229.05,,,,,,,2990.77,0.0,0.0,0.0,0.0,,2990.77,
2023-05-12,26968.61,27091.12,25811.46,26795.01,67207.93,-0.64,27928.79,28184.41,28235.1,False,19.55,12.08,26.57,,,,,,25811.46,LL,,,,,,,,2229.05,0.0,0.0,0.0,0.0,,2229.05,,,,,,,2990.77,0.0,0.0,0.0,0.0,,2990.77,
2023-05-13,26795.01,27045.45,26692.03,26775.28,22814.9,-0.07,27751.33,28050.21,28126.97,False,20.83,11.78,25.92,,,,,,,,,,,,,,,2229.05,0.0,0.0,0.0,0.0,,2229.05,,,,,,,2990.77,0.0,0.0,0.0,0.0,,2990.77,
2023-05-14,26775.27,27200.0,26560.53,26917.62,21594.8,0.53,27623.07,27942.34,28037.38,False,21.74,12.34,24.75,,,,,,,,,,,,,,,2229.05,0.0,0.0,0.0,0.0,,2229.05,,,,,,,2990.77,0.0,0.0,0.0,0.0,,2990.77,
2023-05-15,26917.61,27663.59,26726.0,27162.14,40430.08,0.91,27552.15,27868.04,27972.55,False,21.74,14.83,23.09,,,,,27663.59,,LH,,,,,,,,2229.05,0.0,0.0,0.0,0.0,,2229.05,,,,,,,2990.77,0.0,0.0,0.0,0.0,,2990.77,
2023-05-16,27162.15,27296.89,26852.11,27033.84,33270.45,-0.47,27472.41,27788.59,27903.02,False,21.74,14.34,22.33,,,,,,,,,,,,,,,2229.05,0.0,0.0,0.0,0.0,,2229.05,,,,,,,2990.77,0.0,0.0,0.0,0.0,,2990.77,
2023-05-17,27033.85,27500.0,26544.71,27405.61,42958.98,1.38,27462.14,27752.12,27866.17,False,22.1,13.32,23.03,,,,,,,,,SMALL LL confirmed @ 25811.46,,,,,,2229.05,0.0,0.0,0.0,0.0,,2229.05,,,,,,,2990.77,0.0,0.0,0.0,0.0,,2990.77,
2023-05-18,27405.62,27485.33,26361.2,26821.28,49198.65,-2.13,27363.54,27663.46,27788.77,False,22.63,12.22,22.47,,,,,,26361.2,HL,,,,,,,,2229.05,0.0,0.0,0.0,0.0,,2229.05,,,,,,,2990.77,0.0,0.0,0.0,0.0,,2990.77,
2023-05-19,26821.28,27183.6,26630.0,26880.26,28754.14,0.22,27289.19,27588.87,27721.48,False,23.13,11.71,21.53,,,,,,,,,,,,,,,2229.05,0.0,0.0,0.0,0.0,,2229.05,,,,,,,2990.77,0.0,0.0,0.0,0.0,,2990.77,
2023-05-20,26880.26,27150.0,26825.11,27102.43,14434.55,0.83,27260.46,27542.55,27675.62,False,23.59,11.4,20.98,,,,,,,,,SMALL LH confirmed @ 27663.59,,,,,,2229.05,0.0,0.0,0.0,0.0,,2229.05,,,,,,,2990.77,0.0,0.0,0.0,0.0,,2990.77,
2023-05-21,27102.42,27277.55,26666.03,26747.78,21347.87,-1.31,27181.59,27466.85,27606.89,False,24.22,10.84,21.23,,,,,,,,,,,,,,,2229.05,0.0,0.0,0.0,0.0,,2229.05,,,,,,,2990.77,0.0,0.0,0.0,0.0,,2990.77,
2023-05-22,26747.78,27099.89,26538.21,26849.27,26458.84,0.38,27130.46,27408.04,27550.77,False,24.96,10.33,21.3,,,,,,,,,,,,,,,2229.05,0.0,0.0,0.0,0.0,,2229.05,,,,,,,2990.77,0.0,0.0,0.0,0.0,,2990.77,
2023-05-23,26849.28,27495.83,26798.11,27219.61,38700.84,1.38,27144.18,27390.09,27526.24,False,24.69,13.07,20.04,,,,,,,,,SMALL HL confirmed @ 26361.20,,,,,,2229.05,0.0,0.0,0.0,0.0,,2229.05,,,,,,,2990.77,0.0,0.0,0.0,0.0,,2990.77,
2023-05-24,27219.61,27219.61,26080.5,26329.01,54393.07,-3.27,27018.77,27289.04,27437.56,False,25.36,11.84,24.08,,,,,,,,BEAR_BOS,SMALL BEAR BOS @ 26329.01 (level 26361.20),,,,,,2229.05,0.0,0.0,0.0,0.0,,2229.05,,,,,,,2990.77,0.0,0.0,0.0,0.0,,2990.77,
2023-05-25,26329.0,26631.98,25871.89,26473.79,37435.45,0.55,26934.92,27211.39,27366.17,False,26.21,11.09,24.29,,,,,,,,,,,,,,,2229.05,0.0,0.0,0.0,0.0,,2229.05,,,,,,,2990.77,0.0,0.0,0.0,0.0,,2990.77,
2023-05-26,26473.8,26932.16,26327.24,26705.92,35061.19,0.88,26899.69,27163.25,27317.26,False,26.31,13.07,23.04,,,,,,,,,,,,,,,2229.05,0.0,0.0,0.0,0.0,,2229.05,,,,,,,2990.77,0.0,0.0,0.0,0.0,,2990.77,
2023-05-27,26705.93,26895.0,26551.0,26854.27,15095.69,0.56,26892.7,27133.83,27282.96,False,26.4,12.67,22.34,,,,,,,,,,,,,,,2229.05,0.0,0.0,0.0,0.0,,2229.05,,,,,,,2990.77,0.0,0.0,0.0,0.0,,2990.77,
2023-05-28,26854.28,28261.32,26764.36,28065.0,43916.01,4.51,27073.06,27222.51,27340.89,False,25.02,22.52,19.54,,,,,,,,BULL_CHOCH,SMALL BULL CHOCH @ 28065.00 (level 27663.59),14032.5,-50.0,1.0,0.079425,2229.05,2229.05,0.0,0.0,1114.53,1114.53,0.0,1114.53,"ENTRY @ 28065.00 (small green CHoCH, margin $1114.53 [50% of bank] @ 2x [ADX 25.0, zone red], 0.079425 units)",14032.5,-50.0,1.0,0.106566,2990.77,2990.77,0.0,0.0,1495.39,1495.39,0.0,1495.39,"ENTRY @ 28065.00 (small green CHoCH, margin $1495.39 [50% of bank] @ 2x [ADX 25.0, zone red], 0.106566 units)"
2023-05-29,28065.01,28447.14,27524.6,27736.4,42385.42,-1.17,27175.11,27271.45,27370.19,False,23.99,22.34,18.04,,,,,28447.14,,HH,,,14032.5,-49.41,1.0,0.079425,2202.96,2202.96,-26.1,-1.17,1088.43,1101.48,-13.05,1114.53,,14032.5,-49.41,1.0,0.106566,2955.75,2955.75,-35.02,-1.17,1460.37,1477.88,-17.51,1495.39,
2023-05-30,27736.39,28038.59,27554.0,27694.4,32686.75,-0.15,27255.0,27311.73,27394.21,False,23.04,21.41,17.29,,,,,,,,,,14032.5,-49.33,1.0,0.079425,2199.62,2199.62,-3.34,-0.15,1085.09,1099.81,-14.72,1114.53,,14032.5,-49.33,1.0,0.106566,2951.28,2951.28,-4.48,-0.15,1455.89,1475.64,-19.75,1495.39,
2023-05-31,27694.39,27835.51,26839.01,27210.35,46588.81,-1.75,27248.13,27302.08,27380.59,False,21.79,19.6,21.89,,,,,,,,,,14032.5,-48.43,1.0,0.079425,2161.17,2161.17,-38.45,-1.75,1046.65,1080.59,-33.94,1114.53,,14032.5,-48.43,1.0,0.106566,2899.7,2899.7,-51.58,-1.75,1404.31,1449.85,-45.54,1495.39,
2023-06-01,27210.36,27350.0,26605.05,26817.93,39217.81,-1.44,27181.95,27255.97,27338.91,False,20.95,18.35,22.49,,,,,,,,,,14032.5,-47.67,1.0,0.079425,2130.01,2130.01,-31.17,-1.44,1015.48,1065.0,-49.52,1114.53,,14032.5,-47.67,1.0,0.106566,2857.88,2857.88,-41.82,-1.44,1362.49,1428.94,-66.45,1495.39,
2023-06-02,26817.93,27300.0,26505.0,27242.59,36380.9,1.58,27191.28,27254.69,27331.77,False,20.32,17.1,21.82,,,,,,,,,,14032.5,-48.49,1.0,0.079425,2163.73,2163.73,33.73,1.58,1049.21,1081.87,-32.66,1114.53,,14032.5,-48.49,1.0,0.106566,2903.13,2903.13,45.25,1.58,1407.75,1451.57,-43.82,1495.39,
2023-06-03,27242.59,27333.29,26914.93,27069.22,16595.34,-0.64,27172.5,27237.03,27312.33,False,19.67,16.76,21.01,,,,,,,,,BIG HH confirmed @ 31000.00 | SMALL HH confirmed @ 28447.14,14032.5,-48.16,1.0,0.079425,2149.96,2149.96,-13.77,-0.64,1035.44,1074.98,-39.54,1114.53,,14032.5,-48.16,1.0,0.106566,2884.66,2884.66,-18.48,-0.64,1389.27,1442.33,-53.06,1495.39,
2023-06-04,27069.22,27455.02,26951.0,27115.21,19258.41,0.17,27163.68,27225.43,27297.72,False,18.83,17.1,20.04,,,,,,,,,,14032.5,-48.25,1.0,0.079425,2153.62,2153.62,3.65,0.17,1039.09,1076.81,-37.72,1114.53,,14032.5,-48.25,1.0,0.106566,2889.56,2889.56,4.9,0.17,1394.17,1444.78,-50.61,1495.39,
2023-06-05,27115.2,27129.33,25388.0,25728.2,65805.6,-5.12,26942.84,27082.83,27181.46,False,19.98,14.6,30.23,,,,,,,,,,14032.5,-45.46,1.0,0.079425,2043.45,2043.45,-110.16,-5.12,928.93,1021.73,-92.8,1114.53,,14032.5,-45.46,1.0,0.106566,2741.75,2741.75,-147.81,-5.12,1246.36,1370.87,-124.51,1495.39,
2023-06-06,25728.2,27355.33,25351.02,27230.08,68392.6,5.84,26987.03,27096.86,27185.06,False,20.62,14.09,25.59,,,,,,25351.02,LL,,,14032.5,-48.47,1.0,0.079425,2162.74,2162.74,119.29,5.84,1048.21,1081.37,-33.16,1114.53,,14032.5,-48.47,1.0,0.106566,2901.8,2901.8,160.05,5.84,1406.41,1450.9,-44.49,1495.39,
2023-06-07,27230.07,27391.77,26125.01,26339.34,59619.44,-3.27,26887.39,27024.71,27122.42,False,21.15,13.03,23.17,,,,,27391.77,,LH,,,14032.5,-46.72,1.0,0.079425,2091.99,2091.99,-70.75,-3.27,977.47,1046.0,-68.53,1114.53,,14032.5,-46.72,1.0,0.106566,2806.88,2806.88,-94.92,-3.27,1311.49,1403.44,-91.95,1495.39,
2023-06-08,26339.34,26810.0,26210.0,26498.61,31075.51,0.6,26827.57,26974.61,27076.21,False,21.64,12.43,22.11,,,,,,,,,,14032.5,-47.04,1.0,0.079425,2104.64,2104.64,12.65,0.6,990.12,1052.32,-62.21,1114.53,,14032.5,-47.04,1.0,0.106566,2823.85,2823.85,16.97,0.6,1328.46,1411.92,-83.46,1495.39,
2023-06-09,26498.62,26783.33,26269.91,26477.81,27934.71,-0.08,26773.76,26927.29,27031.88,False,22.09,11.93,21.21,,,,,,,,,,14032.5,-47.0,1.0,0.079425,2102.99,2102.99,-1.65,-0.08,988.47,1051.5,-63.03,1114.53,,14032.5,-47.0,1.0,0.106566,2821.63,2821.63,-2.22,-0.08,1326.25,1410.82,-84.57,1495.39,
2023-06-10,26477.8,26533.87,25358.0,25841.21,64944.6,-2.4,26630.29,26823.86,26943.69,False,23.49,10.84,26.34,,,,,,,,,,14032.5,-45.7,1.0,0.079425,2052.43,2052.43,-50.56,-2.4,937.9,1026.22,-88.31,1114.53,,14032.5,-45.7,1.0,0.106566,2753.79,2753.79,-67.84,-2.4,1258.41,1376.9,-118.49,1495.39,
2023-06-11,25841.22,26206.88,25634.7,25925.55,30014.3,0.33,26521.87,26738.3,26868.27,False,24.79,10.35,25.14,,,,,,,,,SMALL LL confirmed @ 25351.02,14032.5,-45.87,1.0,0.079425,2059.13,2059.13,6.7,0.33,944.6,1029.56,-84.96,1114.53,,14032.5,-45.87,1.0,0.106566,2762.78,2762.78,8.99,0.33,1267.39,1381.39,-114.0,1495.39,
2023-06-12,25925.54,26106.48,25602.11,25905.19,29900.51,-0.08,26427.0,26658.96,26796.93,False,26.03,9.92,24.37,,,,,,,,,SMALL LH confirmed @ 27391.77,14032.5,-45.83,1.0,0.079425,2057.51,2057.51,-1.62,-0.08,942.98,1028.76,-85.77,1114.53,,14032.5,-45.83,1.0,0.106566,2760.61,2760.61,-2.17,-0.08,1265.22,1380.3,-115.08,1495.39,
2023-06-13,25905.2,26433.21,25712.57,25934.25,41065.61,0.11,26351.19,26589.94,26733.03,False,26.39,12.04,22.91,,,,,,,,,,14032.5,-45.89,1.0,0.079425,2059.82,2059.82,2.31,0.11,945.29,1029.91,-84.62,1114.53,,14032.5,-45.89,1.0,0.106566,2763.71,2763.71,3.1,0.11,1268.32,1381.85,-113.53,1495.39,
2023-06-14,25934.24,26098.0,24820.56,25128.6,45077.32,-3.11,26163.1,26450.76,26614.18,False,27.64,10.8,27.73,,,,,,,,BEAR_CHOCH,SMALL BEAR CHOCH @ 25128.60 (level 25351.02),,,,,,1995.83,-63.99,-3.11,0.0,0.0,,1995.83,"EXIT @ 25128.60 (small red CHoCH, realized -233.22)",,,,,,2677.85,-85.85,-3.11,0.0,0.0,,2677.85,"EXIT @ 25128.60 (small red CHoCH, realized -312.92)"
2023-06-15,25128.6,25759.01,24800.0,25598.49,48664.86,1.87,26076.24,26369.6,26538.94,False,28.83,9.98,25.77,,24800.0,HL,,,24800.0,LL,,,,,,,,1995.83,0.0,0.0,0.0,0.0,,1995.83,,,,,,,2677.85,0.0,0.0,0.0,0.0,,2677.85,
2023-06-16,25598.49,26518.0,25175.56,26345.0,51596.92,2.92,26117.59,26367.25,26524.58,False,28.33,14.8,23.09,,,,,,,,,,,,,,,1995.83,0.0,0.0,0.0,0.0,,1995.83,,,,,,,2677.85,0.0,0.0,0.0,0.0,,2677.85,
2023-06-17,26345.01,26839.99,26181.0,26516.99,27842.22,0.65,26179.03,26381.51,26524.02,False,27.29,16.57,21.89,,,,,,,,,,,,,,,1995.83,0.0,0.0,0.0,0.0,,1995.83,,,,,,,2677.85,0.0,0.0,0.0,0.0,,2677.85,
2023-06-18,26516.99,26700.0,26255.85,26339.97,21538.31,-0.67,26203.79,26377.56,26510.38,False,26.33,15.97,21.1,,,,,,,,,,,,,,,1995.83,0.0,0.0,0.0,0.0,,1995.83,,,,,,,2677.85,0.0,0.0,0.0,0.0,,2677.85,
2023-06-19,26339.98,27068.09,26256.61,26844.35,35872.66,1.91,26302.34,26422.01,26535.12,False,24.79,17.93,19.69,,,,,,,,,,,,,,,1995.83,0.0,0.0,0.0,0.0,,1995.83,,,,,,,2677.85,0.0,0.0,0.0,0.0,,2677.85,
2023-06-20,26844.35,28402.74,26652.0,28307.99,69666.96,5.45,26610.9,26601.63,26666.44,False,24.47,25.76,17.05,,,,,,,,BULL_CHOCH,SMALL LL confirmed @ 24800.00 | SMALL BULL CHOCH @ 28307.99 (level 27391.77),14154.0,-50.0,1.0,0.070504,1995.83,1995.83,0.0,0.0,997.92,997.92,0.0,997.92,"ENTRY @ 28307.99 (small green CHoCH, margin $997.92 [50% of bank] @ 2x [ADX 24.5, zone red], 0.070504 units)",14154.0,-50.0,1.0,0.094597,2677.85,2677.85,0.0,0.0,1338.93,1338.93,0.0,1338.93,"ENTRY @ 28307.99 (small green CHoCH, margin $1338.93 [50% of bank] @ 2x [ADX 24.5, zone red], 0.094597 units)"
2023-06-21,28308.0,30800.0,28257.99,29993.89,108926.4,5.96,27131.36,26924.7,26912.92,True,25.97,37.65,14.09,,,,,,,,,,14154.0,-52.81,1.0,0.070504,2114.69,2114.69,118.86,5.96,1116.78,1057.35,59.43,997.92,,14154.0,-52.81,1.0,0.094597,2837.33,2837.33,159.48,5.96,1498.41,1418.67,79.74,1338.93,
2023-06-22,29993.89,30500.0,29525.61,29884.92,59054.56,-0.36,27554.99,27206.63,27133.07,True,27.37,35.13,13.15,,,,,,,,,,14154.0,-52.64,1.0,0.070504,2107.01,2107.01,-7.68,-0.36,1109.1,1053.51,55.59,997.92,,14154.0,-52.64,1.0,0.094597,2827.02,2827.02,-10.31,-0.36,1488.1,1413.51,74.59,1338.93,
2023-06-23,29884.92,31431.94,29800.0,30688.5,73931.9,2.69,28037.06,27538.24,27396.44,True,29.15,37.5,11.73,,,,,31431.94,,HH,,,14154.0,-53.88,1.0,0.070504,2163.67,2163.67,56.66,2.69,1165.75,1081.83,83.92,997.92,,14154.0,-53.88,1.0,0.094597,2903.04,2903.04,76.02,2.69,1564.12,1451.52,112.59,1338.93,
2023-06-24,30688.51,30800.0,30250.0,30527.43,30513.3,-0.52,28420.2,27822.92,27628.36,True,30.81,36.09,11.29,,,,,,,,,,14154.0,-53.64,1.0,0.070504,2152.31,2152.31,-11.36,-0.52,1154.4,1076.16,78.24,997.92,,14154.0,-53.64,1.0,0.094597,2887.8,2887.8,-15.24,-0.52,1548.88,1443.9,104.98,1338.93,
2023-06-25,30527.44,31046.01,30277.49,30462.66,30223.45,-0.21,28734.42,28074.32,27838.31,True,32.47,35.87,10.69,,,,,,,,,,14154.0,-53.54,1.0,0.070504,2147.74,2147.74,-4.57,-0.21,1149.83,1073.87,75.96,997.92,,14154.0,-53.54,1.0,0.094597,2881.68,2881.68,-6.13,-0.21,1542.75,1440.84,101.91,1338.93,
2023-06-26,30462.67,30666.0,29930.0,30267.99,45180.41,-0.64,28970.36,28283.24,28018.29,True,33.43,33.99,12.6,,,,,,,,,,14154.0,-53.24,1.0,0.070504,2134.02,2134.02,-13.73,-0.64,1136.1,1067.01,69.09,997.92,,14154.0,-53.24,1.0,0.094597,2863.26,2863.26,-18.42,-0.64,1524.34,1431.63,92.71,1338.93,
2023-06-27,30267.99,30994.97,30226.17,30692.44,42699.64,1.4,29235.29,28512.69,28216.37,True,34.52,34.48,11.9,,,,,,,,,,14154.0,-53.88,1.0,0.070504,2163.95,2163.95,29.93,1.4,1166.03,1081.97,84.06,997.92,,14154.0,-53.88,1.0,0.094597,2903.41,2903.41,40.15,1.4,1564.49,1451.71,112.78,1338.93,
2023-06-28,30692.44,30709.74,29858.8,30077.41,40463.52,-2.0,29364.85,28661.71,28354.23,True,34.92,32.34,13.84,,,,,,,,,SMALL HH confirmed @ 31431.94,14154.0,-52.94,1.0,0.070504,2120.58,2120.58,-43.36,-2.0,1122.67,1060.29,62.38,997.92,,14154.0,-52.94,1.0,0.094597,2845.23,2845.23,-58.18,-2.0,1506.31,1422.62,83.69,1338.93,
2023-06-29,30077.4,30843.98,30049.98,30447.31,36330.63,1.23,29531.38,28831.77,28509.27,True,35.38,31.43,13.03,,,,,,,,,,14154.0,-53.51,1.0,0.070504,2146.66,2146.66,26.08,1.23,1148.75,1073.33,75.42,997.92,,14154.0,-53.51,1.0,0.094597,2880.23,2880.23,34.99,1.23,1541.3,1440.11,101.19,1338.93,
2023-06-30,30447.31,31282.0,29500.0,30472.0,89419.08,0.08,29676.09,28987.98,28654.66,True,34.9,27.52,15.25,,,,,,29500.0,HL,,,14154.0,-53.55,1.0,0.070504,2148.4,2148.4,1.74,0.08,1150.49,1074.2,76.29,997.92,,14154.0,-53.55,1.0,0.094597,2882.56,2882.56,2.34,0.08,1543.63,1441.28,102.35,1338.93,
2023-07-01,30471.99,30661.6,30320.57,30585.9,17501.75,0.37,29816.06,29140.16,28797.71,True,34.46,26.84,14.87,,,,,,,,,,14154.0,-53.72,1.0,0.070504,2156.43,2156.43,8.03,0.37,1158.52,1078.22,80.3,997.92,,14154.0,-53.72,1.0,0.094597,2893.34,2893.34,10.77,0.37,1554.41,1446.67,107.74,1338.93,
2023-07-02,30585.9,30791.0,30155.0,30617.03,23286.41,0.1,29939.29,29280.82,28932.48,True,33.77,25.55,15.4,,,,,,,,,,14154.0,-53.77,1.0,0.070504,2158.63,2158.63,2.19,0.1,1160.71,1079.31,81.4,997.92,,14154.0,-53.77,1.0,0.094597,2896.28,2896.28,2.94,0.1,1557.35,1448.14,109.21,1338.93,
2023-07-03,30617.02,31380.0,30570.27,31156.2,43761.64,1.76,30126.51,29459.43,29097.2,True,33.69,28.46,14.45,,,,BULL_BOS,,,,,BIG BULL BOS @ 31156.20 (level 31000.00),14154.0,-54.57,1.0,0.070504,2196.64,2196.64,38.01,1.76,1198.73,1098.32,100.41,997.92,,14154.0,-54.57,1.0,0.094597,2947.28,2947.28,51.0,1.76,1608.36,1473.64,134.72,1338.93,
2023-07-04,31156.2,31350.69,30620.0,30766.51,33206.12,-1.25,30224.97,29583.91,29220.85,True,33.61,26.85,13.64,,,,,,,,,,14154.0,-54.0,1.0,0.070504,2169.17,2169.17,-27.47,-1.25,1171.25,1084.58,86.67,997.92,,14154.0,-54.0,1.0,0.094597,2910.42,2910.42,-36.86,-1.25,1571.49,1455.21,116.28,1338.93,
2023-07-05,30766.52,30878.07,30200.0,30504.81,33215.67,-0.85,30268.02,29671.62,29315.96,True,32.79,25.42,16.21,,,,,,,,,SMALL HL confirmed @ 29500.00,14154.0,-53.6,1.0,0.070504,2150.72,2150.72,-18.45,-0.85,1152.8,1075.36,77.44,997.92,,14154.0,-53.6,1.0,0.094597,2885.66,2885.66,-24.76,-0.85,1546.74,1442.83,103.91,1338.93,
2023-07-06,30504.8,31500.0,29850.45,29895.43,71319.63,-2.0,30210.7,29692.93,29358.88,True,32.65,26.92,14.23,,,,,31500.0,,HH,,,14154.0,-52.65,1.0,0.070504,2107.75,2107.75,-42.96,-2.0,1109.84,1053.88,55.96,997.92,,14154.0,-52.65,1.0,0.094597,2828.02,2828.02,-57.65,-2.0,1489.09,1414.01,75.08,1338.93,
2023-07-07,29895.42,30449.0,29701.02,30344.7,34070.54,1.5,30231.31,29755.0,29431.9,True,32.26,25.4,14.55,,,,,,29701.02,HL,,,14154.0,-53.36,1.0,0.070504,2139.43,2139.43,31.68,1.5,1141.51,1069.71,71.8,997.92,,14154.0,-53.36,1.0,0.094597,2870.52,2870.52,42.5,1.5,1531.59,1435.26,96.33,1338.93,
2023-07-08,30344.7,30386.81,30044.47,30284.63,13094.59,-0.2,30239.52,29805.44,29495.07,True,31.9,24.72,14.16,,,,,,,,,,14154.0,-53.26,1.0,0.070504,2135.19,2135.19,-4.24,-0.2,1137.28,1067.6,69.68,997.92,,14154.0,-53.26,1.0,0.094597,2864.84,2864.84,-5.68,-0.2,1525.91,1432.42,93.49,1338.93,
2023-07-09,30284.63,30445.52,30061.12,30160.71,15388.5,-0.41,30227.39,29839.28,29544.38,True,31.62,24.42,13.71,,,,,,,,,,14154.0,-53.07,1.0,0.070504,2126.46,2126.46,-8.74,-0.41,1128.54,1063.23,65.31,997.92,,14154.0,-53.07,1.0,0.094597,2853.11,2853.11,-11.72,-0.41,1514.19,1426.56,87.63,1338.93,
2023-07-10,30160.71,31045.78,29950.0,30411.57,41262.88,0.83,30255.73,29893.78,29608.61,True,32.0,27.11,12.49,,,,,,,,,,14154.0,-53.46,1.0,0.070504,2144.14,2144.14,17.69,0.83,1146.23,1072.07,74.16,997.92,,14154.0,-53.46,1.0,0.094597,2876.84,2876.84,23.73,0.83,1537.92,1438.42,99.5,1338.93,
2023-07-11,30411.57,30813.63,30300.0,30622.1,28476.83,0.69,30312.09,29963.15,29683.69,True,32.35,25.95,11.96,,,,,,,,,SMALL HH confirmed @ 31500.00,14154.0,-53.78,1.0,0.070504,2158.99,2158.99,14.84,0.69,1161.07,1079.49,81.58,997.92,,14154.0,-53.78,1.0,0.094597,2896.76,2896.76,19.92,0.69,1557.83,1448.38,109.45,1338.93,
2023-07-12,30622.1,30983.25,30210.0,30380.0,38109.0,-0.79,30322.54,30002.85,29735.26,True,32.85,25.69,11.18,,,,,,,,,SMALL HL confirmed @ 29701.02,14154.0,-53.41,1.0,0.070504,2141.92,2141.92,-17.07,-0.79,1144.0,1070.96,73.04,997.92,,14154.0,-53.41,1.0,0.094597,2873.86,2873.86,-22.9,-0.79,1534.93,1436.93,98.0,1338.93,
2023-07-13,30380.0,31804.2,30251.0,31454.23,70772.52,3.54,30496.65,30141.07,29862.6,True,34.04,29.04,9.8,31804.2,,HH,,31804.2,,HH,,,14154.0,-55.0,1.0,0.070504,2217.65,2217.65,75.74,3.54,1219.74,1108.83,110.91,997.92,,14154.0,-55.0,1.0,0.094597,2975.48,2975.48,101.62,3.54,1636.55,1487.74,148.81,1338.93,
2023-07-14,31454.23,31630.0,29900.0,30312.01,60749.48,-3.63,30468.24,30157.35,29895.89,True,34.38,25.3,11.15,,,,,,,,,,14154.0,-53.31,1.0,0.070504,2137.12,2137.12,-80.53,-3.63,1139.21,1068.56,70.65,997.92,,14154.0,-53.31,1.0,0.094597,2867.43,2867.43,-108.05,-3.63,1528.5,1433.71,94.79,1338.93,
2023-07-15,30312.0,30390.9,30200.0,30289.52,14118.55,-0.07,30440.75,30169.94,29925.04,True,34.7,24.91,10.98,,,,,,,,,,14154.0,-53.27,1.0,0.070504,2135.54,2135.54,-1.59,-0.07,1137.62,1067.77,69.85,997.92,,14154.0,-53.27,1.0,0.094597,2865.3,2865.3,-2.13,-0.07,1526.37,1432.65,93.72,1338.93,
2023-07-16,30289.52,30441.46,30064.29,30231.99,15760.13,-0.19,30408.63,30175.85,29947.78,True,34.68,24.14,11.76,,,,,,,,,,14154.0,-53.18,1.0,0.070504,2131.48,2131.48,-4.06,-0.19,1133.57,1065.74,67.83,997.92,,14154.0,-53.18,1.0,0.094597,2859.86,2859.86,-5.44,-0.19,1520.93,1429.93,91.0,1338.93,
2023-07-17,30232.0,30336.96,29659.2,30138.0,30882.77,-0.31,30366.99,30172.25,29961.87,True,33.8,22.77,14.48,,,,,,,,,,14154.0,-53.04,1.0,0.070504,2124.85,2124.85,-6.63,-0.31,1126.94,1062.43,64.51,997.92,,14154.0,-53.04,1.0,0.094597,2850.97,2850.97,-8.89,-0.31,1512.04,1425.48,86.56,1338.93,
2023-07-18,30138.01,30239.78,29512.0,29859.13,30003.86,-0.93,30288.86,30142.43,29954.26,True,32.67,21.37,14.84,,,,,,29512.0,LL,,SMALL HH confirmed @ 31804.20,14154.0,-52.6,1.0,0.070504,2105.19,2105.19,-19.66,-0.93,1107.28,1052.6,54.68,997.92,,14154.0,-52.6,1.0,0.094597,2824.59,2824.59,-26.38,-0.93,1485.66,1412.29,73.37,1338.93,
2023-07-19,29859.14,30189.09,29761.96,29909.21,25657.36,0.17,30230.45,30120.21,29950.92,True,31.62,20.57,14.28,,,,,,,,,,14154.0,-52.68,1.0,0.070504,2108.72,2108.72,3.53,0.17,1110.81,1054.36,56.45,997.92,,14154.0,-52.68,1.0,0.094597,2829.32,2829.32,4.74,0.17,1490.4,1414.66,75.74,1338.93,
2023-07-20,29909.21,30417.46,29570.96,29800.0,37540.68,-0.37,30164.23,30089.72,29939.74,True,31.0,21.04,13.22,,,,,30417.46,,LH,,,14154.0,-52.5,1.0,0.070504,2101.02,2101.02,-7.7,-0.37,1103.11,1050.51,52.6,997.92,,14154.0,-52.5,1.0,0.094597,2818.99,2818.99,-10.33,-0.37,1480.07,1409.5,70.57,1338.93,
2023-07-21,29800.0,30061.7,29726.34,29901.72,23881.41,0.34,30123.84,30071.81,29936.93,True,30.41,20.4,12.82,,,,,,,,,,14154.0,-52.66,1.0,0.070504,2108.2,2108.2,7.17,0.34,1110.28,1054.1,56.18,997.92,,14154.0,-52.66,1.0,0.094597,2828.61,2828.61,9.62,0.34,1489.69,1414.31,75.38,1338.93,
2023-07-22,29901.72,29999.0,29625.1,29794.0,14660.4,-0.36,30073.1,30045.35,29926.34,True,29.61,19.68,13.33,,,,,,,,,,14154.0,-52.49,1.0,0.070504,2100.6,2100.6,-7.59,-0.36,1102.69,1050.3,52.38,997.92,,14154.0,-52.49,1.0,0.094597,2818.42,2818.42,-10.19,-0.36,1479.5,1409.21,70.29,1338.93,
2023-07-23,29793.99,30350.0,29730.0,30083.75,18292.79,0.97,30074.74,30049.01,29938.0,True,29.44,21.87,12.53,,,,,,,,,SMALL LL confirmed @ 29512.00,14154.0,-52.95,1.0,0.070504,2121.03,2121.03,20.43,0.97,1123.11,1060.52,62.6,997.92,,14154.0,-52.95,1.0,0.094597,2845.83,2845.83,27.41,0.97,1506.91,1422.92,83.99,1338.93,
2023-07-24,30083.75,30099.58,28861.9,29176.5,39629.0,-3.02,29936.55,29965.91,29881.59,True,27.39,19.39,19.07,,,,,,,,BEAR_CHOCH,SMALL BEAR CHOCH @ 29176.50 (level 29512.00),,,,,,2057.07,-63.96,-3.02,0.0,0.0,,2057.07,"EXIT @ 29176.50 (small red CHoCH, realized +61.23)",,,,,,2760.01,-85.82,-3.02,0.0,0.0,,2760.01,"EXIT @ 29176.50 (small red CHoCH, realized +82.16)"
2023-07-25,29176.5,29376.0,29047.65,29228.91,21565.75,0.18,29827.68,29895.72,29833.25,False,25.5,18.78,18.47,,,,,,,,,SMALL LH confirmed @ 30417.46,,,,,,2057.07,0.0,0.0,0.0,0.0,,2057.07,,,,,,,2760.01,0.0,0.0,0.0,0.0,,2760.01,
2023-07-26,29228.91,29690.0,29096.94,29351.96,33931.63,0.42,29754.49,29843.94,29797.59,False,24.3,20.75,17.41,,,,,,,,,,,,,,,2057.07,0.0,0.0,0.0,0.0,,2057.07,,,,,,,2760.01,0.0,0.0,0.0,0.0,,2760.01,
2023-07-27,29351.95,29567.49,29083.85,29222.78,22476.48,-0.44,29672.69,29784.78,29755.02,False,23.16,19.75,16.7,,,,,,,,,,,,,,,2057.07,0.0,0.0,0.0,0.0,,2057.07,,,,,,,2760.01,0.0,0.0,0.0,0.0,,2760.01,
2023-07-28,29222.78,29542.22,29123.12,29314.14,23993.62,0.31,29617.53,29739.96,29722.36,False,22.11,18.9,15.98,,,,,,,,,,,,,,,2057.07,0.0,0.0,0.0,0.0,,2057.07,,,,,,,2760.01,0.0,0.0,0.0,0.0,,2760.01,
2023-07-29,29314.14,29406.92,29256.18,29352.9,10851.37,0.13,29576.82,29703.09,29694.99,False,21.13,18.59,15.72,,,,,,,,,,,,,,,2057.07,0.0,0.0,0.0,0.0,,2057.07,,,,,,,2760.01,0.0,0.0,0.0,0.0,,2760.01,
2023-07-30,29352.9,29449.0,29033.24,29281.09,15706.97,-0.24,29531.32,29662.9,29664.33,False,19.67,17.73,17.48,,,,,,,,,,,,,,,2057.07,0.0,0.0,0.0,0.0,,2057.07,,,,,,,2760.01,0.0,0.0,0.0,0.0,,2760.01,
2023-07-31,29281.09,29530.0,29101.8,29232.25,22605.49,-0.17,29485.31,29621.89,29632.33,False,18.51,17.79,16.62,,,,,,,,,,,,,,,2057.07,0.0,0.0,0.0,0.0,,2057.07,,,,,,,2760.01,0.0,0.0,0.0,0.0,,2760.01,
2023-08-01,29232.26,29739.25,28585.7,29705.99,44719.65,1.62,29519.26,29629.9,29637.78,False,18.09,15.58,20.12,,,,,,28585.7,LL,,,,,,,,2057.07,0.0,0.0,0.0,0.0,,2057.07,,,,,,,2760.01,0.0,0.0,0.0,0.0,,2760.01,
2023-08-02,29705.99,30047.5,28927.5,29186.01,48181.65,-1.75,29467.99,29587.62,29604.32,False,16.98,16.95,17.8,,,,,30047.5,,LH,,,,,,,,2057.07,0.0,0.0,0.0,0.0,,2057.07,,,,,,,2760.01,0.0,0.0,0.0,0.0,,2760.01,
2023-08-03,29186.0,29433.33,28968.0,29193.64,26476.92,0.03,29425.78,29550.1,29573.9,False,15.94,16.12,16.93,,,,,,,,,,,,,,,2057.07,0.0,0.0,0.0,0.0,,2057.07,,,,,,,2760.01,0.0,0.0,0.0,0.0,,2760.01,
2023-08-04,29193.65,29333.08,28807.54,29113.99,23551.95,-0.27,29377.81,29508.57,29539.83,False,15.34,15.22,17.7,,,,,,,,,BIG HL confirmed @ 24800.00,,,,,,2057.07,0.0,0.0,0.0,0.0,,2057.07,,,,,,,2760.01,0.0,0.0,0.0,0.0,,2760.01,
2023-08-05,29114.0,29152.23,28978.64,29072.13,11645.52,-0.14,29330.79,29467.0,29505.19,False,14.78,14.92,17.35,,,,,,,,,,,,,,,2057.07,0.0,0.0,0.0,0.0,,2057.07,,,,,,,2760.01,0.0,0.0,0.0,0.0,,2760.01,
2023-08-06,29072.13,29205.09,28991.88,29088.42,13178.2,0.06,29293.5,29430.95,29474.31,False,14.11,15.17,16.91,,,,,,,,,SMALL LL confirmed @ 28585.70,,,,,,2057.07,0.0,0.0,0.0,0.0,,2057.07,,,,,,,2760.01,0.0,0.0,0.0,0.0,,2760.01,
2023-08-07,29088.43,29276.78,28701.03,29211.06,30966.88,0.42,29280.82,29410.0,29454.81,False,14.19,14.13,19.21,,,,,,28701.03,HL,,SMALL LH confirmed @ 30047.50,,,,,,2057.07,0.0,0.0,0.0,0.0,,2057.07,,,,,,,2760.01,0.0,0.0,0.0,0.0,,2760.01,
2023-08-08,29211.06,30244.0,29146.45,29770.42,45700.53,1.91,29356.14,29444.33,29478.19,False,14.32,23.25,16.84,,,,,30244.0,,HH,,,,,,,,2057.07,0.0,0.0,0.0,0.0,,2057.07,,,,,,,2760.01,0.0,0.0,0.0,0.0,,2760.01,
2023-08-09,29770.41,30160.0,29376.67,29581.99,38003.89,-0.63,29390.89,29457.44,29485.88,False,14.44,21.23,15.39,,,,,,,,,,,,,,,2057.07,0.0,0.0,0.0,0.0,,2057.07,,,,,,,2760.01,0.0,0.0,0.0,0.0,,2760.01,
2023-08-10,29581.99,29738.0,29320.2,29455.75,23463.45,-0.43,29400.87,29457.28,29483.65,False,14.4,20.23,15.3,,,,,,,,,,,,,,,2057.07,0.0,0.0,0.0,0.0,,2057.07,,,,,,,2760.01,0.0,0.0,0.0,0.0,,2760.01,
2023-08-11,29455.76,29564.52,29252.45,29426.03,20637.04,-0.1,29404.74,29454.3,29479.38,False,14.18,19.49,15.53,,,,,,,,,,,,,,,2057.07,0.0,0.0,0.0,0.0,,2057.07,,,,,,,2760.01,0.0,0.0,0.0,0.0,,2760.01,
2023-08-12,29426.02,29481.35,29381.56,29430.17,8971.48,0.01,29408.65,29452.0,29475.74,False,13.97,19.24,15.34,,,,,,,,,SMALL HL confirmed @ 28701.03,,,,,,2057.07,0.0,0.0,0.0,0.0,,2057.07,,,,,,,2760.01,0.0,0.0,0.0,0.0,,2760.01,
2023-08-13,29430.18,29474.65,29272.32,29303.84,11101.71,-0.43,29392.52,29437.89,29463.0,False,13.45,18.73,16.37,,,,,,,,,SMALL HH confirmed @ 30244.00,,,,,,2057.07,0.0,0.0,0.0,0.0,,2057.07,,,,,,,2760.01,0.0,0.0,0.0,0.0,,2760.01,
2023-08-14,29303.85,29695.32,29102.45,29430.93,31443.12,0.43,29398.43,29437.23,29460.63,False,13.52,20.16,15.1,,,,,,,,,,,,,,,2057.07,0.0,0.0,0.0,0.0,,2057.07,,,,,,,2760.01,0.0,0.0,0.0,0.0,,2760.01,
2023-08-15,29430.92,29499.26,29059.6,29200.0,27503.88,-0.78,29367.91,29414.64,29441.32,False,13.44,18.99,14.79,,,,,,,,,,,,,,,2057.07,0.0,0.0,0.0,0.0,,2057.07,,,,,,,2760.01,0.0,0.0,0.0,0.0,,2760.01,
2023-08-16,29200.01,29259.85,28723.08,28730.51,32996.7,-1.61,29269.84,29349.48,29388.67,False,12.59,17.64,18.19,,,,,,,,,,,,,,,2057.07,0.0,0.0,0.0,0.0,,2057.07,,,,,,,2760.01,0.0,0.0,0.0,0.0,,2760.01,
2023-08-17,28730.51,28783.48,25166.0,26623.41,100271.54,-7.33,28862.7,29089.86,29183.83,False,15.92,11.65,45.43,,,,,,,,BEAR_BOS,SMALL BEAR BOS @ 26623.41 (level 28701.03),,,,,,2057.07,0.0,0.0,0.0,0.0,,2057.07,,,,,,,2760.01,0.0,0.0,0.0,0.0,,2760.01,
2023-08-18,26623.41,26832.6,25619.0,26054.0,69790.66,-2.14,28430.59,28800.73,28951.99,False,19.01,10.37,40.46,,,,,,,,,,,,,,,2057.07,0.0,0.0,0.0,0.0,,2057.07,,,,,,,2760.01,0.0,0.0,0.0,0.0,,2760.01,
2023-08-19,26054.0,26281.0,25801.09,26100.01,26160.75,0.18,28072.04,28543.52,28740.74,False,21.88,9.91,38.66,,,,,,,,,,,,,,,2057.07,0.0,0.0,0.0,0.0,,2057.07,,,,,,,2760.01,0.0,0.0,0.0,0.0,,2760.01,
2023-08-20,26100.01,26299.0,25971.05,26189.99,19056.91,0.34,27782.5,28319.37,28551.79,False,24.5,9.77,37.43,,,,,,,,,,,,,,,2057.07,0.0,0.0,0.0,0.0,,2057.07,,,,,,,2760.01,0.0,0.0,0.0,0.0,,2760.01,
2023-08-21,26190.0,26258.42,25812.0,26126.92,30267.24,-0.24,27527.79,28110.57,28372.17,False,27.04,9.34,37.35,,,,,,,,,,,,,,,2057.07,0.0,0.0,0.0,0.0,,2057.07,,,,,,,2760.01,0.0,0.0,0.0,0.0,,2760.01,
2023-08-22,26126.92,26139.42,25300.0,26056.0,34247.07,-0.27,27301.36,27914.89,28200.6,False,29.69,8.57,39.3,,,,,,25300.0,LL,,,,,,,,2057.07,0.0,0.0,0.0,0.0,,2057.07,,,,,,,2760.01,0.0,0.0,0.0,0.0,,2760.01,
2023-08-23,26055.99,26819.27,25812.82,26432.72,44023.7,1.45,27167.72,27773.73,28069.65,False,30.62,14.25,35.52,,,,,26819.27,,LH,,,,,,,,2057.07,0.0,0.0,0.0,0.0,,2057.07,,,,,,,2760.01,0.0,0.0,0.0,0.0,,2760.01,
2023-08-24,26432.71,26577.87,25864.0,26180.05,30205.22,-0.96,27015.77,27621.95,27929.68,False,31.49,13.27,33.09,,,,,,,,,,,,,,,2057.07,0.0,0.0,0.0,0.0,,2057.07,,,,,,,2760.01,0.0,0.0,0.0,0.0,,2760.01,
2023-08-25,26180.05,26314.05,25777.15,26060.01,27753.34,-0.46,26868.73,27473.2,27791.19,False,32.37,12.57,32.2,,,,,,25777.15,HL,,,,,,,,2057.07,0.0,0.0,0.0,0.0,,2057.07,,,,,,,2760.01,0.0,0.0,0.0,0.0,,2760.01,
2023-08-26,26060.0,26125.77,25985.92,26017.37,10022.22,-0.16,26737.75,27334.55,27659.79,False,33.19,12.39,31.73,,,,,,,,,,,,,,,2057.07,0.0,0.0,0.0,0.0,,2057.07,,,,,,,2760.01,0.0,0.0,0.0,0.0,,2760.01,
2023-08-27,26017.38,26182.23,25966.11,26101.77,12099.64,0.32,26639.91,27217.14,27544.38,False,33.81,12.71,30.98,,,,,,,,,SMALL LL confirmed @ 25300.00,,,,,,2057.07,0.0,0.0,0.0,0.0,,2057.07,,,,,,,2760.01,0.0,0.0,0.0,0.0,,2760.01,
2023-08-28,26101.78,26253.99,25864.5,26120.0,22692.63,0.07,26559.92,27112.65,27438.87,False,34.49,12.16,30.76,,,,,,,,,SMALL LH confirmed @ 26819.27,,,,,,2057.07,0.0,0.0,0.0,0.0,,2057.07,,,,,,,2760.01,0.0,0.0,0.0,0.0,,2760.01,
2023-08-29,26120.0,28142.85,25922.0,27716.34,74251.99,6.11,26737.83,27170.14,27459.43,False,32.49,27.62,24.24,,,,,28142.85,,HH,BULL_CHOCH,SMALL BULL CHOCH @ 27716.34 (level 26819.27),13858.17,-50.0,1.0,0.074218,2057.07,2057.07,0.0,0.0,1028.53,1028.53,0.0,1028.53,"ENTRY @ 27716.34 (small green CHoCH, margin $1028.53 [50% of bank] @ 2x [ADX 32.5, zone red], 0.074218 units)",13858.17,-50.0,1.0,0.099581,2760.01,2760.01,0.0,0.0,1380.01,1380.01,0.0,1380.01,"ENTRY @ 27716.34 (small green CHoCH, margin $1380.01 [50% of bank] @ 2x [ADX 32.5, zone red], 0.099581 units)"
2023-08-30,27716.34,27768.57,27017.24,27299.99,35448.26,-1.5,26824.32,27182.51,27447.62,False,30.63,25.63,22.5,,,,,,,,,SMALL HL confirmed @ 25777.15,13858.17,-49.24,1.0,0.074218,2026.16,2026.16,-30.9,-1.5,997.63,1013.08,-15.45,1028.53,,13858.17,-49.24,1.0,0.099581,2718.55,2718.55,-41.46,-1.5,1338.54,1359.27,-20.73,1380.01,
2023-08-31,27299.99,27587.51,25655.01,25940.78,51032.8,-4.98,26688.39,27064.25,27336.0,False,29.7,21.39,30.46,,,,,,,,,,13858.17,-46.58,1.0,0.074218,1925.29,1925.29,-100.88,-4.98,896.75,962.64,-65.89,1028.53,,13858.17,-46.58,1.0,0.099581,2583.2,2583.2,-135.35,-4.98,1203.19,1291.6,-88.41,1380.01,
2023-09-01,25940.77,26156.0,25333.75,25805.05,41032.15,-0.52,26552.49,26944.33,27222.59,False,29.14,19.88,31.06,,,,,,,,,BIG HH confirmed @ 31804.20,13858.17,-46.3,1.0,0.074218,1915.21,1915.21,-10.07,-0.52,886.68,957.61,-70.93,1028.53,,13858.17,-46.3,1.0,0.099581,2569.68,2569.68,-13.52,-0.52,1189.68,1284.84,-95.16,1380.01,
2023-09-02,25805.04,25987.5,25752.47,25869.51,16250.78,0.25,26447.42,26841.96,27122.37,False,28.63,19.45,30.4,,,,,,,,,,13858.17,-46.43,1.0,0.074218,1920.0,1920.0,4.78,0.25,891.46,960.0,-68.53,1028.53,,13858.17,-46.43,1.0,0.099581,2576.1,2576.1,6.42,0.25,1196.1,1288.05,-91.95,1380.01,
2023-09-03,25869.52,26135.0,25800.0,25971.21,17474.48,0.39,26374.16,26759.03,27037.1,False,27.91,20.23,29.44,,,,,,,,,SMALL HH confirmed @ 28142.85,13858.17,-46.64,1.0,0.074218,1927.54,1927.54,7.55,0.39,899.01,963.77,-64.76,1028.53,,13858.17,-46.64,1.0,0.099581,2586.23,2586.23,10.13,0.39,1206.22,1293.11,-86.89,1380.01,
2023-09-04,25971.21,26108.02,25631.21,25826.02,21777.6,-0.56,26289.83,26670.18,26947.39,False,27.43,19.3,29.72,,,,,,,,,,13858.17,-46.34,1.0,0.074218,1916.77,1916.77,-10.78,-0.56,888.24,958.38,-70.15,1028.53,,13858.17,-46.34,1.0,0.099581,2571.77,2571.77,-14.46,-0.56,1191.77,1285.89,-94.12,1380.01,
2023-09-05,25826.03,25915.49,25562.62,25792.1,21323.39,-0.13,26213.25,26586.55,26861.81,False,27.07,18.61,29.35,,,,,,,,,,13858.17,-46.27,1.0,0.074218,1914.25,1914.25,-2.52,-0.13,885.72,957.13,-71.41,1028.53,,13858.17,-46.27,1.0,0.099581,2568.39,2568.39,-3.38,-0.13,1188.39,1284.2,-95.81,1380.01,
2023-09-06,25792.11,26040.0,25372.51,25759.95,27262.52,-0.12,26143.51,26507.83,26780.19,False,26.97,17.35,29.29,,,,,,,,BEAR_CHOCH,SMALL BEAR CHOCH @ 25759.95 (level 25777.15),,,,,,1911.86,-2.39,-0.12,0.0,0.0,,1911.86,"EXIT @ 25759.95 (small red CHoCH, realized -145.20)",,,,,,2565.19,-3.2,-0.12,0.0,0.0,,2565.19,"EXIT @ 25759.95 (small red CHoCH, realized -194.82)"
2023-09-07,25759.95,26443.14,25615.38,26255.0,27687.5,1.92,26160.67,26483.75,26741.29,False,26.1,19.95,26.87,,,,,,,,,,,,,,,1911.86,0.0,0.0,0.0,0.0,,1911.86,,,,,,,2565.19,0.0,0.0,0.0,0.0,,2565.19,
2023-09-08,26255.0,26445.5,25647.26,25910.5,28999.76,-1.31,26122.18,26429.15,26679.75,False,25.29,18.39,24.75,,,,,,,,,,,,,,,1911.86,0.0,0.0,0.0,0.0,,1911.86,,,,,,,2565.19,0.0,0.0,0.0,0.0,,2565.19,
2023-09-09,25910.5,25945.09,25796.64,25901.61,10980.62,-0.03,26088.25,26378.91,26622.11,False,24.53,18.11,24.36,,,,,,,,,,,,,,,1911.86,0.0,0.0,0.0,0.0,,1911.86,,,,,,,2565.19,0.0,0.0,0.0,0.0,,2565.19,
2023-09-10,25901.6,26033.66,25570.57,25841.61,18738.27,-0.23,26050.3,26327.74,26564.29,False,24.18,17.2,25.58,,,,,,,,,,,,,,,1911.86,0.0,0.0,0.0,0.0,,1911.86,,,,,,,2565.19,0.0,0.0,0.0,0.0,,2565.19,
2023-09-11,25841.6,25900.69,24901.0,25162.52,41682.32,-2.63,25913.72,26216.77,26460.46,False,24.73,15.42,29.87,,24901.0,HL,,,24901.0,LL,,,,,,,,1911.86,0.0,0.0,0.0,0.0,,1911.86,,,,,,,2565.19,0.0,0.0,0.0,0.0,,2565.19,
2023-09-12,25162.53,26567.0,25131.48,25840.1,56434.39,2.69,25902.39,26180.89,26414.51,False,23.91,19.7,25.74,,,,,,,,,,,,,,,1911.86,0.0,0.0,0.0,0.0,,1911.86,,,,,,,2565.19,0.0,0.0,0.0,0.0,,2565.19,
2023-09-13,25840.1,26405.22,25764.17,26222.0,31610.83,1.48,25951.56,26184.81,26400.25,False,23.15,18.48,24.14,,,,,,,,,,,,,,,1911.86,0.0,0.0,0.0,0.0,,1911.86,,,,,,,2565.19,0.0,0.0,0.0,0.0,,2565.19,
2023-09-14,26222.0,26860.49,26126.77,26522.73,38333.17,1.15,26039.44,26216.99,26409.32,False,21.64,21.58,22.42,,,,,,,,,,,,,,,1911.86,0.0,0.0,0.0,0.0,,1911.86,,,,,,,2565.19,0.0,0.0,0.0,0.0,,2565.19,
2023-09-15,26522.73,26888.0,26224.0,26600.0,26227.29,0.29,26125.68,26253.47,26423.44,False,20.18,20.45,20.96,,,,,,,,,,,,,,,1911.86,0.0,0.0,0.0,0.0,,1911.86,,,,,,,2565.19,0.0,0.0,0.0,0.0,,2565.19,
2023-09-16,26599.99,26777.0,26445.0,26559.67,13960.93,-0.15,26192.44,26282.63,26433.53,False,18.82,19.76,20.25,,,,,,,,,SMALL LL confirmed @ 24901.00,,,,,,1911.86,0.0,0.0,0.0,0.0,,1911.86,,,,,,,2565.19,0.0,0.0,0.0,0.0,,2565.19,
2023-09-17,26559.67,26623.25,26399.0,26527.51,12998.1,-0.12,26243.99,26305.95,26440.5,False,17.66,19.28,20.26,,,,,,,,,,,,,,,1911.86,0.0,0.0,0.0,0.0,,1911.86,,,,,,,2565.19,0.0,0.0,0.0,0.0,,2565.19,
2023-09-18,26527.5,27409.0,26377.35,26762.51,43000.43,0.89,26323.76,26349.43,26464.35,False,17.58,25.33,18.1,,,,,,,,,,,,,,,1911.86,0.0,0.0,0.0,0.0,,1911.86,,,,,,,2565.19,0.0,0.0,0.0,0.0,,2565.19,
2023-09-19,26762.5,27483.57,26667.79,27210.26,36190.52,1.67,26460.15,26431.42,26519.6,False,17.63,23.99,16.6,,,,,27483.57,,LH,,,,,,,,1911.86,0.0,0.0,0.0,0.0,,1911.86,,,,,,,2565.19,0.0,0.0,0.0,0.0,,2565.19,
2023-09-20,27210.25,27388.63,26800.0,27125.0,34207.22,-0.31,26562.43,26497.47,26564.45,False,17.67,22.53,15.6,,,,,,,,,,,,,,,1911.86,0.0,0.0,0.0,0.0,,1911.86,,,,,,,2565.19,0.0,0.0,0.0,0.0,,2565.19,
2023-09-21,27125.01,27159.6,26377.7,26568.08,34476.83,-2.05,26563.3,26504.2,26564.71,False,16.78,20.74,18.66,,,,,,,,,,,,,,,1911.86,0.0,0.0,0.0,0.0,,1911.86,,,,,,,2565.19,0.0,0.0,0.0,0.0,,2565.19,
2023-09-22,26568.08,26743.38,26468.77,26580.14,18198.23,0.05,26565.89,26511.43,26565.86,True,15.96,20.13,18.11,,,,,,,,,,,,,,,1911.86,0.0,0.0,0.0,0.0,,1911.86,,,,,,,2565.19,0.0,0.0,0.0,0.0,,2565.19,
2023-09-23,26580.14,26632.81,26509.0,26575.96,9440.7,-0.02,26567.44,26517.58,26566.61,True,15.2,19.85,17.86,,,,,,,,,,,,,,,1911.86,0.0,0.0,0.0,0.0,,1911.86,,,,,,,2565.19,0.0,0.0,0.0,0.0,,2565.19,
2023-09-24,26575.97,26738.54,26122.08,26248.38,15706.66,-1.23,26518.36,26491.94,26543.03,False,14.57,18.46,21.0,,,,,,,,,SMALL LH confirmed @ 27483.57,,,,,,1911.86,0.0,0.0,0.0,0.0,,1911.86,,,,,,,2565.19,0.0,0.0,0.0,0.0,,2565.19,
2023-09-25,26248.39,26446.15,25990.46,26304.81,26266.2,0.21,26485.5,26474.12,26525.39,False,14.25,17.49,21.41,,,,,,25990.46,HL,,,,,,,,1911.86,0.0,0.0,0.0,0.0,,1911.86,,,,,,,2565.19,0.0,0.0,0.0,0.0,,2565.19,
2023-09-26,26304.8,26397.46,26088.34,26221.67,18495.35,-0.32,26444.91,26450.07,26502.89,False,13.95,16.84,20.62,,,,,,,,,,,,,,,1911.86,0.0,0.0,0.0,0.0,,1911.86,,,,,,,2565.19,0.0,0.0,0.0,0.0,,2565.19,
2023-09-27,26221.68,26850.0,26112.06,26372.99,34771.58,0.58,26433.85,26442.73,26493.27,False,13.3,20.71,18.83,,,,,,,,,,,,,,,1911.86,0.0,0.0,0.0,0.0,,1911.86,,,,,,,2565.19,0.0,0.0,0.0,0.0,,2565.19,
2023-09-28,26373.0,27308.48,26342.4,27021.39,44517.83,2.46,26524.24,26497.84,26532.39,False,13.56,23.63,16.77,,,,,,,,,,,,,,,1911.86,0.0,0.0,0.0,0.0,,1911.86,,,,,,,2565.19,0.0,0.0,0.0,0.0,,2565.19,
2023-09-29,27021.39,27244.89,26665.16,26906.96,28478.76,-0.42,26583.12,26536.81,26560.13,True,13.81,22.07,15.66,,,,,,,,,,,,,,,1911.86,0.0,0.0,0.0,0.0,,1911.86,,,,,,,2565.19,0.0,0.0,0.0,0.0,,2565.19,
2023-09-30,26906.96,27094.99,26886.31,26962.56,12804.62,0.21,26641.49,26577.35,26589.94,True,14.04,21.52,15.27,,,,,,,,,SMALL HL confirmed @ 25990.46,,,,,,1911.86,0.0,0.0,0.0,0.0,,1911.86,,,,,,,2565.19,0.0,0.0,0.0,0.0,,2565.19,
2023-10-01,26962.57,28065.51,26954.09,27992.57,24602.81,3.82,26849.35,26712.14,26693.84,True,15.75,29.76,13.36,,,,,,,,BULL_CHOCH,SMALL BULL CHOCH @ 27992.57 (level 27483.57),25193.31,-10.0,5.0,0.341495,9559.32,1911.86,0.0,0.0,955.93,955.93,0.0,955.93,"ENTRY @ 27992.57 (small green CHoCH, margin $955.93 [50% of bank] @ 10x [ADX 15.7, zone green], 0.341495 units)",25193.31,-10.0,5.0,0.458192,12825.96,2565.19,0.0,0.0,1282.6,1282.6,0.0,1282.6,"ENTRY @ 27992.57 (small green CHoCH, margin $1282.60 [50% of bank] @ 10x [ADX 15.7, zone green], 0.458192 units)"
2023-10-02,27992.58,28580.0,27281.44,27494.51,57071.14,-1.78,26948.61,26786.65,26753.15,True,17.9,31.1,11.54,,,,,28580.0,,HH,,,25193.31,-8.37,5.39,0.341495,9389.24,1741.78,-170.09,-8.9,785.85,938.92,-153.08,955.93,,25193.31,-8.37,5.39,0.458192,12597.75,2336.98,-228.21,-8.9,1054.39,1259.78,-205.39,1282.6,
2023-10-03,27494.51,27676.52,27160.5,27426.46,28928.97,-0.25,27022.12,26847.58,26803.02,True,19.58,29.39,12.2,,,,,,27160.5,HL,,,25193.31,-8.14,5.45,0.341495,9366.0,1718.54,-23.24,-1.33,762.61,936.6,-173.99,955.93,,25193.31,-8.14,5.45,0.458192,12566.57,2305.8,-31.18,-1.33,1023.21,1256.66,-233.45,1282.6,
2023-10-04,27426.45,27839.72,27202.0,27778.57,29816.14,1.28,27138.5,26936.25,26875.29,True,21.31,29.13,11.36,,,,,,,,,,25193.31,-9.31,5.16,0.341495,9486.24,1838.78,120.24,7.0,882.85,948.62,-65.77,955.93,,25193.31,-9.31,5.16,0.458192,12727.91,2467.14,161.33,7.0,1184.54,1272.79,-88.25,1282.6,
2023-10-05,27778.57,28120.39,27352.0,27410.39,30681.5,-1.33,27180.33,26981.4,26914.92,True,23.22,29.73,10.44,,,,,,,,,,25193.31,-8.09,5.46,0.341495,9360.51,1713.05,-125.73,-6.84,757.12,936.05,-178.93,955.93,,25193.31,-8.09,5.46,0.458192,12559.21,2298.44,-168.7,-6.84,1015.85,1255.92,-240.07,1282.6,
2023-10-06,27410.39,28295.0,27175.94,27931.09,37983.24,1.9,27295.83,27071.85,26990.2,True,24.49,26.37,11.04,,,,,28295.0,,LH,,,25193.31,-9.8,5.04,0.341495,9538.33,1890.87,177.82,10.38,934.94,953.83,-18.9,955.93,,25193.31,-9.8,5.04,0.458192,12797.79,2537.02,238.58,10.38,1254.43,1279.78,-25.35,1282.6,
2023-10-07,27931.1,28029.67,27842.08,27956.67,13348.84,0.09,27397.5,27156.12,27061.79,True,25.67,25.84,10.82,,,,,,,,,SMALL HH confirmed @ 28580.00,25193.31,-9.88,5.03,0.341495,9547.06,1899.61,8.74,0.46,943.67,954.71,-11.03,955.93,,25193.31,-9.88,5.03,0.458192,12809.51,2548.74,11.72,0.46,1266.15,1280.95,-14.8,1282.6,
2023-10-08,27956.67,28095.14,27687.5,27917.05,19693.57,-0.14,27477.43,27228.59,27125.14,True,26.29,24.68,12.03,,,,,,,,,SMALL HL confirmed @ 27160.50,25193.31,-9.76,5.05,0.341495,9533.53,1886.08,-13.53,-0.71,930.14,953.35,-23.21,955.93,,25193.31,-9.76,5.05,0.458192,12791.36,2530.59,-18.15,-0.71,1247.99,1279.14,-31.14,1282.6,
2023-10-09,27917.06,27987.93,27260.0,27590.12,31534.75,-1.17,27494.77,27263.02,27159.58,True,25.72,22.73,15.73,,,,,,,,,,25193.31,-8.69,5.31,0.341495,9421.89,1774.43,-111.64,-5.92,818.5,942.19,-123.69,955.93,,25193.31,-8.69,5.31,0.458192,12641.56,2380.79,-149.8,-5.92,1098.2,1264.16,-165.96,1282.6,
2023-10-10,27590.12,27735.0,27298.0,27390.12,22776.84,-0.72,27478.67,27275.13,27176.66,True,25.18,21.62,14.96,,,,,,,,,,25193.31,-8.02,5.48,0.341495,9353.59,1706.13,-68.3,-3.85,750.2,935.36,-185.16,955.93,,25193.31,-8.02,5.48,0.458192,12549.92,2289.15,-91.64,-3.85,1006.56,1254.99,-248.43,1282.6,
2023-10-11,27390.12,27477.39,26538.66,26875.52,37349.45,-1.88,27385.88,27237.07,27154.35,True,23.77,19.43,21.64,,,,,,26538.66,LL,BEAR_CHOCH,SMALL LH confirmed @ 28295.00 | SMALL BEAR CHOCH @ 26875.52 (level 27160.50),,,,,,1530.4,-175.73,-10.3,0.0,0.0,,1530.4,"EXIT @ 26875.52 (small red CHoCH, realized -381.47)",,,,,,2053.37,-235.79,-10.3,0.0,0.0,,2053.37,"EXIT @ 26875.52 (small red CHoCH, realized -511.82)"
2023-10-12,26875.52,26947.04,26555.0,26759.63,23428.64,-0.43,27289.53,27191.6,27125.11,True,22.45,18.58,20.7,,,,,,,,,,,,,,,1530.4,0.0,0.0,0.0,0.0,,1530.4,,,,,,,2053.37,0.0,0.0,0.0,0.0,,2053.37,
2023-10-13,26759.63,27130.0,26685.0,26862.0,24115.76,0.38,27223.76,27160.21,27105.62,True,20.86,19.72,19.65,,,,,,,,,,,,,,,1530.4,0.0,0.0,0.0,0.0,,1530.4,,,,,,,2053.37,0.0,0.0,0.0,0.0,,2053.37,
2023-10-14,26862.0,26989.58,26789.0,26852.48,10417.26,-0.04,27166.64,27130.9,27086.87,True,19.38,19.25,19.18,,,,,,,,,,,,,,,1530.4,0.0,0.0,0.0,0.0,,1530.4,,,,,,,2053.37,0.0,0.0,0.0,0.0,,2053.37,
2023-10-15,26852.48,27293.33,26808.25,27154.15,15274.69,1.12,27164.72,27133.11,27091.86,True,18.67,21.8,18.05,,,,,,,,,,,,,,,1530.4,0.0,0.0,0.0,0.0,,1530.4,,,,,,,2053.37,0.0,0.0,0.0,0.0,,2053.37,
2023-10-16,27154.14,30000.0,27112.66,28500.78,78399.22,4.96,27370.26,27263.37,27196.22,True,21.05,41.48,13.12,,,,,,,,BULL_CHOCH,SMALL LL confirmed @ 26538.66 | SMALL BULL CHOCH @ 28500.78 (level 28295.00),25650.7,-10.0,5.0,0.268483,7651.99,1530.4,0.0,0.0,765.2,765.2,-0.0,765.2,"ENTRY @ 28500.78 (small green CHoCH, margin $765.20 [50% of bank] @ 10x [ADX 21.0, zone green], 0.268483 units)",25650.7,-10.0,5.0,0.36023,10266.84,2053.37,0.0,0.0,1026.68,1026.68,0.0,1026.68,"ENTRY @ 28500.78 (small green CHoCH, margin $1026.68 [50% of bank] @ 10x [ADX 21.0, zone green], 0.360230 units)"
2023-10-17,28500.77,28613.65,28069.32,28395.91,38428.45,-0.37,27528.06,27371.23,27285.09,True,23.25,39.29,12.43,,,,,,,,,,25650.7,-9.67,5.07,0.268483,7623.83,1502.24,-28.16,-1.84,737.04,762.38,-25.34,765.2,,25650.7,-9.67,5.07,0.36023,10229.07,2015.59,-37.78,-1.84,988.91,1022.91,-34.0,1026.68,
2023-10-18,28395.91,28982.36,28142.87,28320.0,32162.48,-0.27,27649.89,27461.59,27361.75,True,25.54,39.67,11.43,,,,,,,,,,25650.7,-9.43,5.13,0.268483,7603.45,1481.86,-20.38,-1.36,716.66,760.35,-43.68,765.2,,25650.7,-9.43,5.13,0.36023,10201.72,1988.25,-27.35,-1.36,961.56,1020.17,-58.61,1026.68,
2023-10-19,28320.0,28916.89,28100.66,28713.71,35895.5,1.39,27813.56,27580.84,27461.89,True,27.57,36.59,10.94,,,,,,,,,,25650.7,-10.67,4.86,0.268483,7709.16,1587.57,105.7,7.13,822.37,770.92,51.45,765.2,,25650.7,-10.67,4.86,0.36023,10343.55,2130.07,141.83,7.13,1103.39,1034.35,69.03,1026.68,
2023-10-20,28713.71,30207.55,28578.29,29669.04,59422.1,3.33,28099.02,27779.71,27625.38,True,30.17,42.68,9.38,,,,,,,,,,25650.7,-13.54,4.32,0.268483,7965.65,1844.06,256.49,16.16,1078.86,796.56,282.29,765.2,,25650.7,-13.54,4.32,0.36023,10687.69,2474.21,344.14,16.16,1447.53,1068.77,378.76,1026.68,
2023-10-21,29669.05,30379.99,29464.77,29909.8,27517.52,0.81,28377.6,27982.58,27794.6,True,32.66,40.79,8.63,,,,,,,,,,25650.7,-14.24,4.21,0.268483,8030.29,1908.7,64.64,3.51,1143.5,803.03,340.47,765.2,,25650.7,-14.24,4.21,0.36023,10774.42,2560.94,86.73,3.51,1534.26,1077.44,456.81,1026.68,
2023-10-22,29909.8,30248.0,29640.0,29992.46,22852.55,0.28,28626.04,28174.0,27957.41,True,34.98,38.59,8.17,,,,,,,,,,25650.7,-14.48,4.17,0.268483,8052.48,1930.89,22.19,1.16,1165.69,805.25,360.44,765.2,,25650.7,-14.48,4.17,0.36023,10804.19,2590.72,29.78,1.16,1564.03,1080.42,483.61,1026.68,
2023-10-23,29992.46,34741.91,29883.6,33069.99,93513.64,10.26,29309.72,28640.28,28336.12,True,38.32,55.67,5.58,,,,BULL_BOS,,,,,BIG BULL BOS @ 33069.99 (level 31804.20),25650.7,-22.44,3.22,0.268483,8878.75,2757.16,826.27,42.79,1991.96,887.87,1104.08,765.2,,25650.7,-22.44,3.22,0.36023,11912.81,3699.34,1108.62,42.79,2672.65,1191.28,1481.37,1026.68,
2023-10-24,33069.99,35280.0,32832.34,33922.73,115265.02,2.58,30019.42,29143.37,28749.94,True,41.5,50.73,4.76,,,,,35280.0,,HH,,,25650.7,-24.38,3.05,0.268483,9107.69,2986.1,228.95,8.3,2220.9,910.77,1310.13,765.2,,25650.7,-24.38,3.05,0.36023,12220.0,4006.52,307.18,8.3,2979.84,1222.0,1757.84,1026.68,
2023-10-25,33922.73,35132.85,33679.05,34496.05,54887.03,1.69,30708.13,29653.15,29175.58,True,44.45,46.38,4.35,,,,,,,,,,25650.7,-25.64,2.95,0.268483,9261.62,3140.03,153.93,5.15,2374.83,926.16,1448.67,765.2,,25650.7,-25.64,2.95,0.36023,12426.52,4213.05,206.53,5.15,3186.36,1242.65,1943.71,1026.68,
2023-10-26,34496.05,34824.13,33751.0,34151.66,39744.66,-1.0,31237.9,30081.58,29544.18,True,47.2,43.42,4.07,,,,,,,,,,25650.7,-24.89,3.01,0.268483,9169.16,3047.57,-92.46,-2.94,2282.37,916.92,1365.45,765.2,,25650.7,-24.89,3.01,0.36023,12302.46,4088.99,-124.06,-2.94,3062.3,1230.25,1832.06,1026.68,
2023-10-27,34151.66,34245.0,33390.95,33892.02,32330.4,-0.76,31646.23,30444.48,29866.24,True,49.14,41.16,6.05,,,,,,33390.95,HL,,,25650.7,-24.32,3.06,0.268483,9099.45,2977.86,-69.71,-2.29,2212.66,909.94,1302.71,765.2,,25650.7,-24.32,3.06,0.36023,12208.93,3995.46,-93.53,-2.29,2968.77,1220.89,1747.88,1026.68,
2023-10-28,33892.01,34493.33,33860.0,34081.0,16880.13,0.56,32020.81,30790.81,30178.44,True,51.0,41.09,5.81,,,,,,,,,,25650.7,-24.74,3.02,0.268483,9150.19,3028.59,50.74,1.7,2263.4,915.02,1348.38,765.2,,25650.7,-24.74,3.02,0.36023,12277.01,4063.53,68.08,1.7,3036.85,1227.7,1809.15,1026.68,
2023-10-29,34081.01,34750.11,33930.0,34525.89,20685.52,1.31,32406.21,31146.54,30500.48,True,52.79,40.57,5.5,,,,,,,,,SMALL HH confirmed @ 35280.00,25650.7,-25.71,2.94,0.268483,9269.63,3148.04,119.45,3.94,2382.84,926.96,1455.88,765.2,,25650.7,-25.71,2.94,0.36023,12437.27,4223.8,160.26,3.94,3197.11,1243.73,1953.38,1026.68,
2023-10-30,34525.88,34856.0,34062.84,34474.73,33657.96,-0.15,32724.44,31463.51,30794.86,True,54.49,39.16,5.22,,,,,,,,,,25650.7,-25.6,2.95,0.268483,9255.9,3134.3,-13.74,-0.44,2369.11,925.59,1443.52,765.2,,25650.7,-25.6,2.95,0.36023,12418.84,4205.37,-18.43,-0.44,3178.68,1241.88,1936.8,1026.68,
2023-10-31,34474.74,34720.49,34025.0,34639.77,32737.9,0.48,33019.11,31766.01,31079.67,True,55.98,37.33,5.23,,,,,,,,,BIG HL confirmed @ 24901.00,25650.7,-25.95,2.93,0.268483,9300.21,3178.62,44.31,1.41,2413.42,930.02,1483.4,765.2,,25650.7,-25.95,2.93,0.36023,12478.29,4264.82,59.45,1.41,3238.13,1247.83,1990.31,1026.68,
2023-11-01,34639.78,35582.0,34097.39,35421.43,53473.28,2.26,33388.69,32114.14,31401.28,True,57.6,39.34,4.72,,,,,,,,BULL_BOS,SMALL HL confirmed @ 33390.95 | SMALL BULL BOS @ 35421.43 (level 35280.00),25650.7,-27.58,2.81,0.268483,9510.07,3388.48,209.86,6.6,2623.28,951.01,1672.27,765.2,,25650.7,-27.58,2.81,0.36023,12759.87,4546.4,281.58,6.6,3519.71,1275.99,2243.73,1026.68,
2023-11-02,35421.43,35984.99,34300.0,34941.59,48015.58,-1.35,33627.6,32383.42,31663.53,True,59.19,37.7,4.22,,,,,35984.99,,HH,,,25650.7,-26.59,2.88,0.268483,9381.24,3259.65,-128.83,-3.8,2494.45,938.12,1556.33,765.2,,25650.7,-26.59,2.88,0.36023,12587.02,4373.54,-172.85,-3.8,3346.86,1258.7,2088.16,1026.68,
2023-11-03,34941.58,34946.5,34120.0,34716.78,39071.21,-0.64,33795.17,32605.65,31889.7,True,60.3,35.7,5.15,,,,,,34120.0,HL,,,25650.7,-26.11,2.91,0.268483,9320.88,3199.29,-60.36,-1.85,2434.09,932.09,1502.0,765.2,,25650.7,-26.11,2.91,0.36023,12506.04,4292.56,-80.98,-1.85,3265.88,1250.6,2015.27,1026.68,
2023-11-04,34716.78,35255.0,34585.18,35062.07,18377.56,0.99,33990.08,32839.59,32124.69,True,61.42,36.16,4.92,,,,,,,,,,25650.7,-26.84,2.86,0.268483,9413.59,3292.0,92.7,2.9,2526.8,941.36,1585.44,765.2,,25650.7,-26.84,2.86,0.36023,12630.42,4416.94,124.38,2.9,3390.26,1263.04,2127.22,1026.68,
2023-11-05,35062.06,35380.0,34448.0,35011.88,24528.73,-0.14,34147.28,33046.48,32338.55,True,62.18,33.91,5.53,,,,,,,,,,25650.7,-26.74,2.87,0.268483,9400.11,3278.52,-13.48,-0.41,2513.32,940.01,1573.31,765.2,,25650.7,-26.74,2.87,0.36023,12612.34,4398.86,-18.08,-0.41,3372.18,1261.23,2110.95,1026.68,
2023-11-06,35011.89,35276.33,34725.9,35046.09,22346.47,0.1,34285.56,33236.92,32539.11,True,62.87,32.63,5.32,,,,,,,,,,25650.7,-26.81,2.86,0.268483,9409.3,3287.71,9.18,0.28,2522.51,940.93,1581.58,765.2,,25650.7,-26.81,2.86,0.36023,12624.66,4411.19,12.32,0.28,3384.5,1262.47,2122.04,1026.68,
2023-11-07,35046.09,35888.0,34523.06,35399.12,38688.74,1.01,34456.87,33442.84,32750.96,True,63.74,33.75,4.83,,,,,,,,,SMALL HH confirmed @ 35984.99,25650.7,-27.54,2.81,0.268483,9504.08,3382.49,94.78,2.88,2617.29,950.41,1666.88,765.2,,25650.7,-27.54,2.81,0.36023,12751.84,4538.36,127.17,2.88,3511.68,1275.18,2236.49,1026.68,
2023-11-08,35399.13,36106.0,35100.0,35624.72,33401.34,0.64,34636.54,33650.64,32963.83,True,64.61,32.93,4.5,,,,,,,,,SMALL HL confirmed @ 34120.00,25650.7,-28.0,2.78,0.268483,9564.65,3443.06,60.57,1.79,2677.86,956.46,1721.39,765.2,,25650.7,-28.0,2.78,0.36023,12833.1,4619.63,81.27,1.79,3592.94,1283.31,2309.63,1026.68,
2023-11-09,35624.72,37972.24,35534.05,36701.09,82537.89,3.02,34954.16,33941.16,33240.67,True,65.88,39.51,3.82,,,,,37972.24,,HH,BULL_BOS,SMALL BULL BOS @ 36701.09 (level 35984.99),25650.7,-30.11,2.64,0.268483,9853.64,3732.05,288.99,8.39,2966.85,985.36,1981.48,765.2,,25650.7,-30.11,2.64,0.36023,13220.84,5007.37,387.74,8.39,3980.68,1322.08,2658.6,1026.68,
2023-11-10,36701.1,37526.0,36324.71,37301.63,43414.05,1.64,35315.31,34261.2,33541.48,True,67.05,36.58,3.54,,,,,,,,,,25650.7,-31.23,2.57,0.268483,10014.87,3893.28,161.24,4.32,3128.08,1001.49,2126.59,765.2,,25650.7,-31.23,2.57,0.36023,13437.18,5223.7,216.33,4.32,4197.02,1343.72,2853.3,1026.68,
2023-11-11,37301.63,37408.26,36666.93,37130.0,22984.97,-0.46,35594.5,34534.42,33807.3,True,68.15,34.86,3.37,,,,,,,,,,25650.7,-30.92,2.59,0.268483,9968.79,3847.2,-46.08,-1.18,3082.0,996.88,2085.12,765.2,,25650.7,-30.92,2.59,0.36023,13375.35,5161.88,-61.83,-1.18,4135.19,1337.54,2797.66,1026.68,
2023-11-12,37129.99,37222.22,36731.1,37064.13,17687.19,-0.18,35820.59,34775.35,34048.54,True,69.16,33.73,3.26,,,,,,,,,,25650.7,-30.79,2.6,0.268483,9951.11,3829.52,-17.69,-0.46,3064.32,995.11,2069.21,765.2,,25650.7,-30.79,2.6,0.36023,13351.62,5138.15,-23.73,-0.46,4111.46,1335.16,2776.3,1026.68,
2023-11-13,37064.13,37417.99,36333.0,36462.93,32798.18,-1.62,35919.41,34936.07,34227.39,True,69.18,31.31,5.66,,,,,,,,,,25650.7,-29.65,2.67,0.268483,9789.69,3668.1,-161.41,-4.21,2902.9,978.97,1923.94,765.2,,25650.7,-29.65,2.67,0.36023,13135.05,4921.58,-216.57,-4.21,3894.89,1313.51,2581.39,1026.68,
2023-11-14,36462.93,36744.0,34800.0,35551.19,45503.68,-2.5,35862.76,34994.65,34325.45,True,66.44,27.51,14.55,,,,,,34800.0,HL,,SMALL HH confirmed @ 37972.24,25650.7,-27.85,2.79,0.268483,9544.91,3423.32,-244.79,-6.67,2658.12,954.49,1703.63,765.2,,25650.7,-27.85,2.79,0.36023,12806.62,4593.14,-328.44,-6.67,3566.46,1280.66,2285.79,1026.68,
2023-11-15,35551.2,37980.0,35360.0,37858.2,53569.13,6.49,36169.75,35267.37,34587.13,True,64.71,30.46,12.37,,,,,37980.0,,HH,,,25650.7,-32.25,2.51,0.268483,10164.3,4042.71,619.39,18.09,3277.51,1016.43,2261.08,765.2,,25650.7,-32.25,2.51,0.36023,13637.67,5424.2,831.05,18.09,4397.51,1363.77,3033.74,1026.68,
2023-11-16,37858.2,37929.54,35500.0,36163.51,47490.4,-4.48,36168.79,35352.72,34703.9,True,63.1,26.49,10.76,,,,,,,,,,25650.7,-29.07,2.71,0.268483,9709.31,3587.71,-455.0,-11.25,2822.52,970.93,1851.58,765.2,,25650.7,-29.07,2.71,0.36023,13027.19,4813.72,-610.48,-11.25,3787.03,1302.72,2484.31,1026.68,
2023-11-17,36163.51,36800.0,35861.1,36613.92,38283.61,1.25,36237.27,35472.83,34845.38,True,61.61,25.13,10.21,,,,,,,,,,25650.7,-29.94,2.65,0.268483,9830.23,3708.64,120.93,3.37,2943.44,983.02,1960.42,765.2,,25650.7,-29.94,2.65,0.36023,13189.44,4975.97,162.25,3.37,3949.28,1318.94,2630.34,1026.68,
2023-11-18,36613.91,36845.49,36178.58,36568.1,17102.24,-0.13,36288.17,35577.14,34972.99,True,60.26,24.44,9.82,,,,,,,,,,25650.7,-29.85,2.66,0.268483,9817.93,3696.34,-12.3,-0.33,2931.14,981.79,1949.35,765.2,,25650.7,-29.85,2.66,0.36023,13172.94,4959.46,-16.51,-0.33,3932.78,1317.29,2615.48,1026.68,
2023-11-19,36568.11,37500.0,36384.02,37359.86,21246.35,2.17,36453.05,35746.93,35149.8,True,59.43,26.62,9.19,,,,,,,,,SMALL HL confirmed @ 34800.00,25650.7,-31.34,2.57,0.268483,10030.51,3908.91,212.57,5.75,3143.72,1003.05,2140.67,765.2,,25650.7,-31.34,2.57,0.36023,13458.15,5244.68,285.22,5.75,4217.99,1345.82,2872.18,1026.68,
2023-11-20,37359.85,37750.0,36677.0,37448.78,36022.7,0.24,36606.24,35909.01,35320.09,True,58.81,26.42,8.62,,,,,,,,,SMALL HH confirmed @ 37980.00,25650.7,-31.5,2.56,0.268483,10054.38,3932.79,23.87,0.61,3167.59,1005.44,2162.15,765.2,,25650.7,-31.5,2.56,0.36023,13490.19,5276.71,32.03,0.61,4250.03,1349.02,2901.01,1026.68,
2023-11-21,37448.79,37649.44,35735.0,35741.65,47646.55,-4.56,36473.22,35893.07,35351.32,True,56.7,23.6,12.94,,,,,,,,,,25650.7,-28.23,2.76,0.268483,9596.04,3474.45,-458.34,-11.65,2709.25,959.6,1749.65,765.2,,25650.7,-28.23,2.76,0.36023,12875.23,4661.75,-614.96,-11.65,3635.07,1287.52,2347.54,1026.68,
2023-11-22,35741.65,37861.1,35632.01,37408.34,45051.31,4.66,36617.09,36037.38,35503.69,True,54.9,21.94,11.42,,,,,,35632.01,HL,,,25650.7,-31.43,2.56,0.268483,10043.52,3921.93,447.48,12.88,3156.73,1004.35,2152.38,765.2,,25650.7,-31.43,2.56,0.36023,13475.62,5262.14,600.39,12.88,4235.46,1347.56,2887.9,1026.68,
2023-11-23,37408.35,37653.44,36870.0,37294.28,23827.93,-0.3,36721.27,36157.08,35636.33,True,53.23,21.01,10.93,,,,,,,,,,25650.7,-31.22,2.57,0.268483,10012.9,3891.31,-30.62,-0.78,3126.11,1001.29,2124.82,765.2,,25650.7,-31.22,2.57,0.36023,13434.53,5221.05,-41.09,-0.78,4194.37,1343.45,2850.92,1026.68,
2023-11-24,37294.27,38414.0,37251.51,37713.57,44680.81,1.12,36873.93,36305.32,35790.2,True,52.28,23.84,10.23,,,,,,,,,,25650.7,-31.99,2.53,0.268483,10125.47,4003.88,112.57,2.89,3238.68,1012.55,2226.13,765.2,,25650.7,-31.99,2.53,0.36023,13585.57,5372.1,151.04,2.89,4345.41,1358.56,2986.85,1026.68,
2023-11-25,37713.57,37888.0,37591.1,37780.67,11396.14,0.18,37013.43,36445.83,35937.64,True,51.4,23.43,10.06,,,,,,,,,,25650.7,-32.11,2.52,0.268483,10143.49,4021.89,18.02,0.45,3256.7,1014.35,2242.35,765.2,,25650.7,-32.11,2.52,0.36023,13609.74,5396.27,24.17,0.45,4369.58,1360.97,3008.61,1026.68,
2023-11-26,37780.67,37814.63,37150.0,37447.43,21264.54,-0.88,37080.2,36541.22,36049.48,True,49.82,22.5,12.31,,,,,,,,,,25650.7,-31.5,2.56,0.268483,10054.02,3932.43,-89.47,-2.22,3167.23,1005.4,2161.82,765.2,,25650.7,-31.5,2.56,0.36023,13489.7,5276.22,-120.04,-2.22,4249.54,1348.97,2900.57,1026.68,
2023-11-27,37447.42,37569.23,36707.0,37242.7,30001.07,-0.55,37105.2,36608.03,36137.86,True,47.65,21.31,14.37,,,,,,,,,SMALL HL confirmed @ 35632.01,25650.7,-31.13,2.58,0.268483,9999.05,3877.46,-54.97,-1.4,3112.26,999.9,2112.36,765.2,,25650.7,-31.13,2.58,0.36023,13415.95,5202.47,-73.75,-1.4,4175.79,1341.59,2834.19,1026.68,
2023-11-28,37242.7,38377.0,36868.41,37818.87,37544.47,1.55,37214.99,36723.35,36262.38,True,46.38,24.23,13.07,,,,,,,,,,25650.7,-32.17,2.52,0.268483,10153.74,4032.15,154.69,3.99,3266.95,1015.37,2251.58,765.2,,25650.7,-32.17,2.52,0.36023,13623.5,5410.03,207.55,3.99,4383.34,1362.35,3020.99,1026.68,
2023-11-29,37818.88,38450.0,37570.0,37854.64,32994.19,0.09,37313.4,36831.09,36380.33,True,45.27,23.37,12.37,,,,,,,,,,25650.7,-32.24,2.51,0.268483,10163.35,4041.75,9.6,0.24,3276.56,1016.33,2260.22,765.2,,25650.7,-32.24,2.51,0.36023,13636.39,5422.91,12.89,0.24,4396.23,1363.64,3032.59,1026.68,
2023-11-30,37854.65,38145.85,37500.0,37723.96,24740.29,-0.35,37376.56,36916.12,36479.86,True,44.12,22.41,12.3,,,,,,,,,,25650.7,-32.0,2.53,0.268483,10128.26,4006.67,-35.09,-0.87,3241.47,1012.83,2228.64,765.2,,25650.7,-32.0,2.53,0.36023,13589.31,5375.84,-47.07,-0.87,4349.15,1358.93,2990.22,1026.68,
2023-12-01,37723.97,38999.0,37615.86,38682.52,43415.66,2.54,37577.48,37084.35,36643.02,True,43.77,25.79,11.25,,,,,,,,BULL_BOS,SMALL BULL BOS @ 38682.52 (level 37980.00),25650.7,-33.69,2.44,0.268483,10385.62,4264.03,257.36,6.42,3498.83,1038.56,2460.27,765.2,,25650.7,-33.69,2.44,0.36023,13934.62,5721.14,345.3,6.42,4694.46,1393.46,3300.99,1026.68,
2023-12-02,38682.51,39717.14,38641.61,39450.35,26696.92,1.98,37865.61,37309.69,36850.97,True,43.95,28.55,10.49,,,,,,,,,,25650.7,-34.98,2.37,0.268483,10591.77,4470.18,206.15,4.83,3704.98,1059.18,2645.8,765.2,,25650.7,-34.98,2.37,0.36023,14211.21,5997.74,276.6,4.83,4971.05,1421.12,3549.93,1026.68,
2023-12-03,39450.35,40250.0,39274.86,39972.26,26710.65,1.32,38189.71,37563.26,37082.17,True,44.44,30.15,9.84,,,,,,,,,,25650.7,-35.83,2.33,0.268483,10731.89,4610.3,140.12,3.13,3845.1,1073.19,2771.91,765.2,,25650.7,-35.83,2.33,0.36023,14399.22,6185.74,188.01,3.13,5159.06,1439.92,3719.14,1026.68,
2023-12-04,39972.26,42420.0,39972.26,41991.1,79272.33,5.05,38774.54,37984.96,37445.8,True,45.84,38.5,8.44,,,,,,,,,,25650.7,-38.91,2.19,0.268483,11273.92,5152.33,542.03,11.76,4387.13,1127.39,3259.74,765.2,,25650.7,-38.91,2.19,0.36023,15126.47,6912.99,727.25,11.76,5886.31,1512.65,4373.66,1026.68,
2023-12-05,41991.1,44488.0,41414.0,44073.32,67490.75,4.96,39589.74,38564.81,37936.72,True,47.69,43.15,7.07,,,,,,,,,,25650.7,-41.8,2.07,0.268483,11832.96,5711.37,559.04,10.85,4946.17,1183.3,3762.87,765.2,,25650.7,-41.8,2.07,0.36023,15876.55,7663.07,750.08,10.85,6636.39,1587.65,5048.73,1026.68,
2023-12-06,44073.82,44297.21,43335.28,43762.69,51431.1,-0.7,40231.73,39059.84,38368.28,True,49.42,40.92,6.71,,,,,,,,,,25650.7,-41.39,2.09,0.268483,11749.56,5627.97,-83.4,-1.46,4862.77,1174.96,3687.81,765.2,,25650.7,-41.39,2.09,0.36023,15764.65,7551.17,-111.9,-1.46,6524.49,1576.46,4948.02,1026.68,
2023-12-07,43762.69,44047.33,42821.1,43273.14,47103.27,-1.12,40699.64,39461.11,38731.6,True,50.3,38.21,9.04,,,,,,,,,,25650.7,-40.72,2.11,0.268483,11618.12,5496.53,-131.44,-2.34,4731.33,1161.81,3569.52,765.2,,25650.7,-40.72,2.11,0.36023,15588.3,7374.82,-176.35,-2.34,6348.14,1558.83,4789.31,1026.68,
2023-12-08,43273.15,44700.0,43081.1,44170.99,42900.38,2.07,41233.69,39909.67,39134.52,True,51.32,38.39,8.26,,,,,44700.0,,HH,,,25650.7,-41.93,2.07,0.268483,11859.18,5737.59,241.06,4.39,4972.39,1185.92,3786.47,765.2,,25650.7,-41.93,2.07,0.36023,15911.73,7698.25,323.43,4.39,6671.57,1591.17,5080.4,1026.68,
2023-12-09,44171.0,44358.02,43584.51,43713.6,24925.97,-1.04,41615.22,40271.95,39473.71,True,52.26,36.76,7.91,,,,,,,,,,25650.7,-41.32,2.09,0.268483,11736.38,5614.79,-122.8,-2.14,4849.59,1173.64,3675.95,765.2,,25650.7,-41.32,2.09,0.36023,15746.96,7533.49,-164.77,-2.14,6506.8,1574.7,4932.11,1026.68,
2023-12-10,43713.59,44049.0,43563.0,43789.51,18956.62,0.17,41949.72,40606.95,39793.4,True,53.11,35.74,7.82,,,,,,,,,,25650.7,-41.42,2.09,0.268483,11756.76,5635.17,20.38,0.36,4869.97,1175.68,3694.29,765.2,,25650.7,-41.42,2.09,0.36023,15774.31,7560.83,27.35,0.36,6534.15,1577.43,4956.72,1026.68,
2023-12-11,43789.5,43804.5,40222.0,41253.4,76663.9,-5.79,41842.6,40668.52,39901.55,True,50.12,29.26,23.31,,,,,,,,,,25650.7,-37.82,2.24,0.268483,11075.86,4954.27,-680.9,-12.08,4189.07,1107.59,3081.48,765.2,,25650.7,-37.82,2.24,0.36023,14860.72,6647.25,-913.58,-12.08,5620.56,1486.07,4134.49,1026.68,
2023-12-12,41253.41,42104.12,40680.0,41492.39,42722.7,0.58,41788.72,40746.98,40019.39,True,47.35,27.15,21.63,,,,,,,,,,25650.7,-38.18,2.22,0.268483,11140.02,5018.43,64.16,1.3,4253.23,1114.0,3139.23,765.2,,25650.7,-38.18,2.22,0.36023,14946.82,6733.34,86.09,1.3,5706.66,1494.68,4211.97,1026.68,
2023-12-13,41492.38,43475.2,40555.0,42869.03,45866.0,3.32,41954.92,40949.08,40230.47,True,45.62,29.87,18.66,,,,,,,,,SMALL HH confirmed @ 44700.00,25650.7,-40.16,2.14,0.268483,11509.63,5388.04,369.61,7.36,4622.84,1150.96,3471.87,765.2,,25650.7,-40.16,2.14,0.36023,15442.72,7229.25,495.91,7.36,6202.56,1544.27,4658.29,1026.68,
2023-12-14,42869.03,43420.0,41400.0,43022.26,42047.06,0.36,42119.13,41146.53,40437.27,True,44.01,27.1,16.93,,,,,,,,,,25650.7,-40.38,2.13,0.268483,11550.77,5429.18,41.14,0.76,4663.98,1155.08,3508.9,765.2,,25650.7,-40.38,2.13,0.36023,15497.92,7284.45,55.2,0.76,6257.76,1549.79,4707.97,1026.68,
2023-12-15,43022.26,43080.81,41666.0,41940.3,33421.79,-2.51,42091.62,41222.13,40548.61,True,42.52,25.32,15.82,,,,,,,,,,25650.7,-38.84,2.19,0.268483,11260.28,5138.69,-290.49,-5.35,4373.49,1126.03,3247.46,765.2,,25650.7,-38.84,2.19,0.36023,15108.17,6894.69,-389.75,-5.35,5868.01,1510.82,4357.19,1026.68,
2023-12-16,41940.29,42724.43,41605.0,42278.03,24118.86,0.81,42120.29,41322.69,40676.71,True,41.06,23.99,15.28,,,,,,,,,,25650.7,-39.33,2.17,0.268483,11350.95,5229.36,90.67,1.76,4464.16,1135.1,3329.07,765.2,,25650.7,-39.33,2.17,0.36023,15229.83,7016.35,121.66,1.76,5989.67,1522.98,4466.68,1026.68,
2023-12-17,42278.02,42424.07,41252.0,41374.65,27722.11,-2.14,42005.58,41327.64,40728.41,True,39.33,22.64,16.11,,,,,,,,,,25650.7,-38.0,2.23,0.268483,11108.41,4986.82,-242.54,-4.64,4221.62,1110.84,3110.78,765.2,,25650.7,-38.0,2.23,0.36023,14904.4,6690.93,-325.42,-4.64,5664.24,1490.44,4173.8,1026.68,
2023-12-18,41374.64,42757.81,40542.93,42657.8,46734.09,3.1,42105.92,41454.32,40871.33,True,37.01,20.32,17.74,,,,,,40542.93,HL,,,25650.7,-39.87,2.15,0.268483,11452.91,5331.32,344.5,6.91,4566.12,1145.29,3420.83,765.2,,25650.7,-39.87,2.15,0.36023,15366.63,7153.16,462.23,6.91,6126.47,1536.66,4589.81,1026.68,
2023-12-19,42657.8,43497.0,41811.1,42275.99,40927.86,-0.9,42132.09,41532.57,40975.38,True,35.44,22.14,16.37,,,,,,,,,,25650.7,-39.33,2.17,0.268483,11350.41,5228.81,-102.51,-1.92,4463.62,1135.04,3328.57,765.2,,25650.7,-39.33,2.17,0.36023,15229.09,7015.62,-137.54,-1.92,5988.93,1522.91,4466.02,1026.68,
2023-12-20,42275.99,44283.0,42206.0,43668.93,48710.29,3.29,42368.52,41736.04,41174.9,True,34.53,23.61,14.84,,,,,,,,,,25650.7,-41.26,2.09,0.268483,11724.39,5602.8,373.98,7.15,4837.6,1172.44,3665.16,765.2,,25650.7,-41.26,2.09,0.36023,15730.87,7517.4,501.78,7.15,6490.71,1573.09,4917.62,1026.68,
2023-12-21,43668.92,44242.35,43286.72,43861.8,34624.29,0.44,42598.26,41938.49,41373.93,True,33.7,22.56,14.18,,,,,,,,,,25650.7,-41.52,2.08,0.268483,11776.17,5654.58,51.78,0.92,4889.38,1177.62,3711.76,765.2,,25650.7,-41.52,2.08,0.36023,15800.35,7586.87,69.48,0.92,6560.19,1580.03,4980.15,1026.68,
2023-12-22,43861.79,44398.26,43412.54,43969.04,32783.2,0.24,42809.15,42131.88,41566.16,True,33.03,22.25,13.52,,,,,44398.26,,LH,,,25650.7,-41.66,2.08,0.268483,11804.96,5683.37,28.79,0.51,4918.17,1180.5,3737.68,765.2,,25650.7,-41.66,2.08,0.36023,15838.98,7625.5,38.63,0.51,6598.82,1583.9,5014.92,1026.68,
2023-12-23,43969.04,43988.68,43291.1,43702.16,16557.13,-0.61,42946.53,42281.43,41724.38,True,32.27,21.48,13.65,,,,,,,,,SMALL HL confirmed @ 40542.93,25650.7,-41.31,2.09,0.268483,11733.31,5611.72,-71.65,-1.26,4846.52,1173.33,3673.19,765.2,,25650.7,-41.31,2.09,0.36023,15742.84,7529.37,-96.14,-1.26,6502.68,1574.28,4928.4,1026.68,
2023-12-24,43702.15,43946.0,42500.0,42991.5,25144.33,-1.63,42953.45,42349.05,41818.24,True,30.62,19.95,16.58,,,,,,,,,,25650.7,-40.34,2.13,0.268483,11542.51,5420.92,-190.8,-3.4,4655.72,1154.25,3501.47,765.2,,25650.7,-40.34,2.13,0.36023,15486.84,7273.37,-256.0,-3.4,6246.68,1548.68,4698.0,1026.68,
2023-12-25,42991.5,43802.32,42720.43,43576.13,27021.24,1.36,43049.25,42465.92,41948.46,True,29.09,18.86,15.68,,,,,,,,,,25650.7,-41.14,2.1,0.268483,11699.47,5577.88,156.96,2.9,4812.68,1169.95,3642.73,765.2,,25650.7,-41.14,2.1,0.36023,15697.44,7483.97,210.6,2.9,6457.28,1569.74,4887.54,1026.68,
2023-12-26,43576.12,43592.68,41637.6,42508.93,41010.04,-2.45,42966.12,42470.01,41989.97,True,27.49,17.06,19.48,,,,,,,,,,25650.7,-39.66,2.16,0.268483,11412.95,5291.35,-286.53,-5.14,4526.16,1141.29,3384.86,765.2,,25650.7,-39.66,2.16,0.36023,15313.0,7099.53,-384.44,-5.14,6072.84,1531.3,4541.54,1026.68,
2023-12-27,42508.93,43677.0,42098.69,43428.85,36191.21,2.16,43037.31,42561.33,42096.56,True,25.9,16.16,17.99,,,,,,,,,SMALL LH confirmed @ 44398.26,25650.7,-40.94,2.11,0.268483,11659.93,5538.34,246.98,4.67,4773.14,1165.99,3607.15,765.2,,25650.7,-40.94,2.11,0.36023,15644.39,7430.91,331.38,4.67,6404.23,1564.44,4839.79,1026.68,
2023-12-28,43428.86,43787.57,42241.79,42563.76,35150.52,-1.99,42964.46,42561.56,42131.16,True,24.31,15.48,16.64,,,,,,,,,,25650.7,-39.74,2.15,0.268483,11427.67,5306.08,-232.26,-4.19,4540.88,1142.77,3398.11,765.2,,25650.7,-39.74,2.15,0.36023,15332.76,7119.28,-311.63,-4.19,6092.6,1533.28,4559.32,1026.68,
2023-12-29,42563.76,43111.0,41300.0,42066.95,42597.19,-1.17,42826.38,42514.46,42126.41,True,23.74,14.15,19.69,,,,,,,,,,25650.7,-39.02,2.18,0.268483,11294.28,5172.69,-133.39,-2.51,4407.49,1129.43,3278.06,765.2,,25650.7,-39.02,2.18,0.36023,15153.79,6940.31,-178.97,-2.51,5913.63,1515.38,4398.25,1026.68,
2023-12-30,42066.94,42612.32,41520.3,42140.28,22906.58,0.17,42720.83,42478.82,42127.44,True,23.22,13.39,18.65,,,,,,,,,,25650.7,-39.13,2.18,0.268483,11313.97,5192.38,19.69,0.38,4427.18,1131.4,3295.78,765.2,,25650.7,-39.13,2.18,0.36023,15180.21,6966.73,26.42,0.38,5940.05,1518.02,4422.03,1026.68,
2023-12-31,42140.29,42899.0,41965.84,42283.58,23585.92,0.34,42653.56,42460.23,42139.0,True,22.36,14.2,17.78,,,,,,,,,,25650.7,-39.34,2.17,0.268483,11352.44,5230.85,38.47,0.74,4465.65,1135.24,3330.41,765.2,,25650.7,-39.34,2.17,0.36023,15231.83,7018.35,51.62,0.74,5991.67,1523.18,4468.48,1026.68,
2024-01-01,42283.58,44184.1,42180.77,44179.55,27174.3,4.48,42888.33,42623.97,42290.15,True,21.38,19.06,16.05,,,,,,,,,,25650.7,-41.94,2.07,0.268483,11861.48,5739.89,509.04,9.73,4974.69,1186.15,3788.54,765.2,,25650.7,-41.94,2.07,0.36023,15914.81,7701.34,682.99,9.73,6674.65,1591.48,5083.17,1026.68,
2024-01-02,44179.55,45879.63,44148.34,44946.91,65146.41,1.74,43205.03,42845.2,42486.95,True,21.78,25.61,14.72,,,,,,,,BULL_BOS,SMALL BULL BOS @ 44946.91 (level 44398.26),25650.7,-42.93,2.03,0.268483,12067.5,5945.91,206.02,3.59,5180.71,1206.75,3973.96,765.2,,25650.7,-42.93,2.03,0.36023,16191.24,7977.76,276.43,3.59,6951.08,1619.12,5331.96,1026.68,
2024-01-03,44946.91,45500.0,40750.0,42845.23,81194.55,-4.68,43149.68,42845.21,42513.49,True,21.04,20.56,25.91,,,,,,40750.0,HL,,,25650.7,-40.13,2.14,0.268483,11503.24,5381.65,-564.27,-9.49,4616.45,1150.32,3466.12,765.2,,25650.7,-40.13,2.14,0.36023,15434.15,7220.67,-757.09,-9.49,6193.99,1543.42,4650.58,1026.68,
2024-01-04,42845.23,44729.58,42613.77,44151.1,48038.06,3.05,43303.74,42969.58,42634.79,True,20.36,18.79,23.67,,,,,,,,,,25650.7,-41.9,2.07,0.268483,11853.84,5732.25,350.6,6.51,4967.05,1185.38,3781.67,765.2,,25650.7,-41.9,2.07,0.36023,15904.56,7691.09,470.41,6.51,6664.4,1590.46,5073.95,1026.68,
2024-01-05,44151.1,44357.46,42450.0,44145.11,48075.25,-0.01,43433.18,43081.53,42746.67,True,19.83,17.34,22.51,,,,,,,,,,25650.7,-41.89,2.07,0.268483,11852.23,5730.64,-1.61,-0.03,4965.44,1185.22,3780.22,765.2,,25650.7,-41.89,2.07,0.36023,15902.41,7688.93,-2.16,-0.03,6662.25,1590.24,5072.01,1026.68,
2024-01-06,44145.12,44214.42,43397.05,43968.32,17835.06,-0.4,43515.51,43165.99,42837.16,True,19.34,16.74,21.73,,,,,,,,,,25650.7,-41.66,2.08,0.268483,11804.77,5683.18,-47.47,-0.83,4917.98,1180.48,3737.5,765.2,,25650.7,-41.66,2.08,0.36023,15838.72,7625.25,-63.69,-0.83,6598.56,1583.87,5014.69,1026.68,
2024-01-07,43968.32,44480.59,43572.09,43929.02,23023.85,-0.09,43579.13,43238.66,42918.04,True,18.64,17.24,20.87,,,,,,,,,,25650.7,-41.61,2.08,0.268483,11794.22,5672.63,-10.55,-0.19,4907.43,1179.42,3728.0,765.2,,25650.7,-41.61,2.08,0.36023,15824.56,7611.09,-14.16,-0.19,6584.4,1582.46,5001.95,1026.68,
2024-01-08,43929.01,47248.99,43175.0,46951.04,72814.58,6.88,44097.88,43592.22,43216.78,True,18.62,25.38,17.52,,,,,,,,,SMALL HL confirmed @ 40750.00,25650.7,-45.37,1.94,0.268483,12605.58,6483.99,811.36,14.3,5718.79,1260.56,4458.23,765.2,,25650.7,-45.37,1.94,0.36023,16913.19,8699.71,1088.62,14.3,7673.03,1691.32,5981.71,1026.68,
2024-01-09,46951.04,47972.0,44748.67,46110.0,69927.67,-1.79,44407.44,43832.01,43431.09,True,18.99,25.03,15.41,,,,,,,,,,25650.7,-44.37,1.98,0.268483,12379.77,6258.18,-225.81,-3.48,5492.98,1237.98,4255.01,765.2,,25650.7,-44.37,1.98,0.36023,16610.22,8396.74,-302.97,-3.48,7370.06,1661.02,5709.04,1026.68,
2024-01-10,46110.0,47695.93,44300.36,46653.99,89911.41,1.18,44753.06,44100.77,43669.83,True,18.95,22.02,15.14,,,,,,,,,,25650.7,-45.02,1.96,0.268483,12525.83,6404.23,146.05,2.33,5639.04,1252.58,4386.45,765.2,,25650.7,-45.02,1.96,0.36023,16806.18,8592.71,195.96,2.33,7566.02,1680.62,5885.4,1026.68,
2024-01-11,46654.0,48969.48,45606.06,46339.16,87470.33,-0.67,44997.08,44313.95,43867.55,True,19.59,23.82,13.42,,,,,48969.48,,HH,,,25650.7,-44.65,1.97,0.268483,12441.3,6319.71,-84.53,-1.32,5554.51,1244.13,4310.38,765.2,,25650.7,-44.65,1.97,0.36023,16692.77,8479.29,-113.41,-1.32,7452.61,1669.28,5783.33,1026.68,
2024-01-12,46339.16,46515.53,41500.0,42782.73,86327.94,-7.67,44656.41,44168.12,43787.2,True,18.82,20.14,23.98,,,,,,,,,,25650.7,-40.04,2.14,0.268483,11486.46,5364.87,-954.84,-15.11,4599.67,1148.65,3451.02,765.2,,25650.7,-40.04,2.14,0.36023,15411.64,7198.16,-1281.13,-15.11,6171.48,1541.16,4630.31,1026.68,
2024-01-13,42782.74,43257.0,42436.12,42847.99,36118.47,0.15,44378.19,44042.39,43717.63,True,18.09,19.61,23.35,,,,,,,,,,25650.7,-40.14,2.14,0.268483,11503.98,5382.39,17.52,0.33,4617.19,1150.4,3466.79,765.2,,25650.7,-40.14,2.14,0.36023,15435.14,7221.67,23.51,0.33,6194.98,1543.51,4651.47,1026.68,
2024-01-14,42847.99,43079.0,41720.0,41732.35,28228.41,-2.6,43971.14,43822.39,43570.57,True,17.78,18.73,24.67,,,,,,,,,,25650.7,-38.54,2.2,0.268483,11204.45,5082.86,-299.53,-5.57,4317.66,1120.44,3197.21,765.2,,25650.7,-38.54,2.2,0.36023,15033.26,6819.78,-401.89,-5.57,5793.1,1503.33,4289.77,1026.68,
2024-01-15,41732.35,43400.43,41718.05,42511.1,40269.89,1.87,43746.52,43697.5,43492.09,True,17.28,18.75,23.27,,,,,,,,,,25650.7,-39.66,2.16,0.268483,11413.53,5291.94,209.08,4.11,4526.74,1141.35,3385.39,765.2,,25650.7,-39.66,2.16,0.36023,15313.79,7100.31,280.53,4.11,6073.63,1531.38,4542.25,1026.68,
2024-01-16,42511.1,43578.01,42050.0,43137.95,45045.75,1.47,43652.89,43644.21,43465.86,True,16.69,18.37,22.05,,,,,,,,,SMALL HH confirmed @ 48969.48,25650.7,-40.54,2.12,0.268483,11581.83,5460.24,168.3,3.18,4695.04,1158.18,3536.85,765.2,,25650.7,-40.54,2.12,0.36023,15539.6,7326.12,225.81,3.18,6299.44,1553.96,4745.48,1026.68,
2024-01-17,43137.94,43198.0,42200.69,42776.1,33266.21,-0.84,43518.0,43561.53,43414.76,True,16.15,17.72,21.27,,,,,,,,,,25650.7,-40.03,2.14,0.268483,11484.68,5363.09,-97.15,-1.78,4597.89,1148.47,3449.42,765.2,,25650.7,-40.03,2.14,0.36023,15409.25,7195.77,-130.35,-1.78,6169.09,1540.92,4628.16,1026.68,
2024-01-18,42776.09,42930.0,40683.28,41327.5,43907.52,-3.39,43181.0,43348.77,43260.15,False,16.49,16.31,24.94,,,,,,,,,,25650.7,-37.93,2.23,0.268483,11095.75,4974.16,-388.93,-7.25,4208.96,1109.58,3099.39,765.2,,25650.7,-37.93,2.23,0.36023,14887.42,6673.94,-521.83,-7.25,5647.26,1488.74,4158.52,1026.68,
2024-01-19,41327.51,42196.86,40280.0,41659.03,48342.75,0.8,42946.85,43187.84,43141.55,False,17.01,15.2,24.68,,,,,,,,,,25650.7,-38.43,2.21,0.268483,11184.76,5063.17,89.01,1.79,4297.97,1118.48,3179.5,765.2,,25650.7,-38.43,2.21,0.36023,15006.85,6793.37,119.43,1.79,5766.68,1500.68,4266.0,1026.68,
2024-01-20,41659.03,41872.56,41456.3,41696.04,15923.99,0.09,42754.42,43045.77,43034.48,False,17.49,14.96,24.29,,,,,,,,,,25650.7,-38.48,2.21,0.268483,11194.7,5073.11,9.94,0.2,4307.91,1119.47,3188.44,765.2,,25650.7,-38.48,2.21,0.36023,15020.18,6806.7,13.33,0.2,5780.02,1502.02,4278.0,1026.68,
2024-01-21,41696.05,41881.39,41500.98,41580.33,11730.16,-0.28,42573.79,42906.2,42926.76,False,17.93,14.77,23.92,,,,,,,,,,25650.7,-38.31,2.21,0.268483,11163.63,5042.04,-31.07,-0.61,4276.84,1116.36,3160.48,765.2,,25650.7,-38.31,2.21,0.36023,14978.5,6765.02,-41.68,-0.61,5738.33,1497.85,4240.49,1026.68,
2024-01-22,41580.32,41689.65,39431.58,39568.02,55426.2,-4.84,42111.36,42588.28,42677.97,False,19.36,13.46,29.92,,,,,,,,BEAR_CHOCH,SMALL BEAR CHOCH @ 39568.02 (level 40750.00),,,,,,4501.77,-540.27,-10.72,0.0,0.0,,4501.77,"EXIT @ 39568.02 (small red CHoCH, realized +2971.37)",,,,,,6040.12,-724.9,-10.72,0.0,0.0,,6040.12,"EXIT @ 39568.02 (small red CHoCH, realized +3986.76)"
2024-01-23,39568.02,40176.74,38555.0,39897.6,57956.63,0.83,41770.78,42332.02,42472.01,False,21.04,12.6,31.46,,,,,,38555.0,LL,,,,,,,,4501.77,0.0,0.0,0.0,0.0,,4501.77,,,,,,,6040.12,0.0,0.0,0.0,0.0,,6040.12,
2024-01-24,39897.59,40555.0,39484.19,40084.88,39293.83,0.47,41511.41,42118.01,42295.19,False,22.23,13.59,30.09,,,,,,,,,,,,,,,4501.77,0.0,0.0,0.0,0.0,,4501.77,,,,,,,6040.12,0.0,0.0,0.0,0.0,,6040.12,
2024-01-25,40084.89,40300.24,39550.0,39961.09,31022.12,-0.31,41272.9,41912.59,42122.29,False,23.34,13.16,29.13,,,,,,,,,,,,,,,4501.77,0.0,0.0,0.0,0.0,,4501.77,,,,,,,6040.12,0.0,0.0,0.0,0.0,,6040.12,
2024-01-26,39961.09,42246.82,39822.52,41823.51,47384.97,4.66,41357.61,41904.1,42100.16,False,22.66,19.85,26.23,,,,,,,,,,,,,,,4501.77,0.0,0.0,0.0,0.0,,4501.77,,,,,,,6040.12,0.0,0.0,0.0,0.0,,6040.12,
2024-01-27,41823.51,42200.0,41394.34,42120.63,16224.42,0.71,41475.0,41924.73,42101.68,False,22.03,19.17,25.33,,,,,,,,,,,,,,,4501.77,0.0,0.0,0.0,0.0,,4501.77,,,,,,,6040.12,0.0,0.0,0.0,0.0,,6040.12,
2024-01-28,42120.63,42842.68,41620.81,42031.06,27295.0,-0.21,41560.55,41934.85,42096.45,False,20.94,20.95,23.98,,,,,,,,,SMALL LL confirmed @ 38555.00,,,,,,4501.77,0.0,0.0,0.0,0.0,,4501.77,,,,,,,6040.12,0.0,0.0,0.0,0.0,,6040.12,
2024-01-29,42031.05,43333.0,41804.88,43302.7,31542.74,3.03,41828.57,42065.12,42185.8,False,19.55,21.7,22.37,,,,,,,,,,,,,,,4501.77,0.0,0.0,0.0,0.0,,4501.77,,,,,,,6040.12,0.0,0.0,0.0,0.0,,6040.12,
2024-01-30,43302.71,43882.36,42683.99,42941.1,37619.25,-0.84,41999.73,42148.55,42241.75,False,18.45,22.99,21.17,,,,,43882.36,,LH,,,,,,,,4501.77,0.0,0.0,0.0,0.0,,4501.77,,,,,,,6040.12,0.0,0.0,0.0,0.0,,6040.12,
2024-01-31,42941.1,43745.11,42276.84,42580.0,39871.14,-0.84,42089.0,42189.64,42266.8,False,17.16,21.47,21.61,,,,,,,,,,,,,,,4501.77,0.0,0.0,0.0,0.0,,4501.77,,,,,,,6040.12,0.0,0.0,0.0,0.0,,6040.12,
2024-02-01,42580.0,43285.13,41884.28,43082.94,35231.05,1.18,42241.92,42274.72,42327.26,False,16.25,20.11,22.01,,,,,,41884.28,HL,,,,,,,,4501.77,0.0,0.0,0.0,0.0,,4501.77,,,,,,,6040.12,0.0,0.0,0.0,0.0,,6040.12,
2024-02-02,43082.95,43488.0,42546.79,43200.0,29672.14,0.27,42389.31,42362.84,42391.9,False,15.24,20.17,21.05,,,,,,,,,,,,,,,4501.77,0.0,0.0,0.0,0.0,,4501.77,,,,,,,6040.12,0.0,0.0,0.0,0.0,,6040.12,
2024-02-03,43199.99,43380.01,42880.0,43011.09,12033.41,-0.44,42484.97,42424.58,42437.77,True,14.31,19.68,20.53,,,,,,,,,,,,,,,4501.77,0.0,0.0,0.0,0.0,,4501.77,,,,,,,6040.12,0.0,0.0,0.0,0.0,,6040.12,
2024-02-04,43011.1,43119.04,42222.0,42582.88,17066.89,-1.0,42500.03,42439.65,42448.52,True,13.99,18.79,22.92,,,,,,,,,SMALL LH confirmed @ 43882.36,,,,,,4501.77,0.0,0.0,0.0,0.0,,4501.77,,,,,,,6040.12,0.0,0.0,0.0,0.0,,6040.12,
2024-02-05,42582.88,43569.76,42258.1,42708.7,29467.76,0.3,42532.14,42465.28,42467.79,True,13.26,19.82,21.4,,,,,,,,,,,,,,,4501.77,0.0,0.0,0.0,0.0,,4501.77,,,,,,,6040.12,0.0,0.0,0.0,0.0,,6040.12,
2024-02-06,42708.7,43399.98,42574.0,43098.95,24675.85,0.91,42619.34,42525.63,42514.54,True,12.59,18.97,20.47,,,,,,,,,SMALL HL confirmed @ 41884.28,,,,,,4501.77,0.0,0.0,0.0,0.0,,4501.77,,,,,,,6040.12,0.0,0.0,0.0,0.0,,6040.12,
2024-02-07,43098.96,44396.5,42788.0,44349.6,34392.6,2.9,42885.53,42699.34,42650.47,True,12.34,22.53,18.77,,,,,,,,BULL_CHOCH,SMALL BULL CHOCH @ 44349.60 (level 43882.36),39914.64,-10.0,5.0,0.507532,22508.84,4501.77,0.0,0.0,2250.88,2250.88,-0.0,2250.88,"ENTRY @ 44349.60 (small green CHoCH, margin $2250.88 [50% of bank] @ 10x [ADX 12.3, zone green], 0.507532 units)",39914.64,-10.0,5.0,0.680967,30200.62,6040.12,0.0,0.0,3020.06,3020.06,0.0,3020.06,"ENTRY @ 44349.60 (small green CHoCH, margin $3020.06 [50% of bank] @ 10x [ADX 12.3, zone green], 0.680967 units)"
2024-02-08,44349.6,45614.3,44331.1,45288.65,45439.62,2.12,43255.24,42945.94,42845.89,True,13.02,27.35,17.53,,,,,,,,,,39914.64,-11.87,4.62,0.507532,22985.44,4978.37,476.6,10.59,2727.48,2298.54,428.94,2250.88,,39914.64,-11.87,4.62,0.680967,30840.08,6679.59,639.46,10.59,3659.52,3084.01,575.52,3020.06,
2024-02-09,45288.66,48200.0,45242.12,47132.77,73503.48,4.07,43851.79,43344.69,43163.44,True,15.01,35.86,15.04,,,,,,,,,,39914.64,-15.31,4.04,0.507532,23921.39,5914.32,935.95,18.8,3663.43,2392.14,1271.29,2250.88,,39914.64,-15.31,4.04,0.680967,32095.87,7935.37,1255.79,18.8,4915.31,3209.59,1705.72,3020.06,
2024-02-10,47132.78,48170.0,46800.0,47751.09,24802.36,1.31,44451.68,43764.34,43503.27,True,16.86,33.49,14.05,,,,,,,,,,39914.64,-16.41,3.89,0.507532,24235.21,6228.13,313.82,5.31,3977.25,2423.52,1553.73,2250.88,,39914.64,-16.41,3.89,0.680967,32516.92,8356.43,421.06,5.31,5336.37,3251.69,2084.67,3020.06,
2024-02-11,47751.08,48592.66,47557.16,48299.99,29958.81,1.15,45043.73,44196.31,43858.58,True,18.77,33.87,13.33,,,,,,,,,,39914.64,-17.36,3.77,0.507532,24513.79,6506.72,278.58,4.47,4255.83,2451.38,1804.45,2250.88,,39914.64,-17.36,3.77,0.680967,32890.71,8730.21,373.78,4.47,5710.15,3289.07,2421.08,3020.06,
2024-02-12,48300.0,50334.82,47710.01,49917.27,59009.97,3.35,45793.5,44741.16,44307.37,True,21.19,37.84,11.7,,,,,,,,,,39914.64,-20.04,3.46,0.507532,25334.62,7327.54,820.82,12.61,5076.66,2533.46,2543.19,2250.88,,39914.64,-20.04,3.46,0.680967,33992.02,9831.52,1101.31,12.61,6811.46,3399.2,3412.26,3020.06,
2024-02-13,49917.28,50368.61,48300.95,49699.59,55551.57,-0.44,46394.44,45213.39,44706.79,True,23.46,34.44,10.6,,,,,,,,,,39914.64,-19.69,3.5,0.507532,25224.14,7217.06,-110.48,-1.51,4966.18,2522.41,2443.76,2250.88,,39914.64,-19.69,3.5,0.680967,33843.79,9683.29,-148.23,-1.51,6663.23,3384.38,3278.85,3020.06,
2024-02-14,49699.6,52043.71,49225.01,51795.17,57046.37,4.22,47225.32,45840.23,45231.86,True,26.08,37.47,9.32,,,,,,,,,,39914.64,-22.94,3.17,0.507532,26287.71,8280.63,1063.57,14.74,6029.75,2628.77,3400.98,2250.88,,39914.64,-22.94,3.17,0.680967,35270.81,11110.31,1427.02,14.74,8090.25,3527.08,4563.17,3020.06,
2024-02-15,51795.17,52816.62,51314.0,51880.0,53816.03,0.16,47941.43,46415.45,45724.31,True,28.72,38.38,8.71,,,,,,,,,,39914.64,-23.06,3.16,0.507532,26330.76,8323.69,43.05,0.52,6072.8,2633.08,3439.73,2250.88,,39914.64,-23.06,3.16,0.680967,35328.58,11168.08,57.77,0.52,8148.02,3532.86,4615.16,3020.06,
2024-02-16,51880.01,52572.08,51566.0,52124.11,37772.25,0.47,48584.92,46959.13,46198.37,True,31.17,36.66,8.32,,,,,,,,,,39914.64,-23.42,3.13,0.507532,26454.66,8447.58,123.89,1.49,6196.7,2645.47,3551.23,2250.88,,39914.64,-23.42,3.13,0.680967,35494.81,11334.31,166.23,1.49,8314.25,3549.48,4764.77,3020.06,
2024-02-17,52124.1,52162.82,50625.0,51642.64,25674.01,-0.92,49055.33,47405.18,46601.65,True,32.38,34.14,11.95,,,,,,,,,,39914.64,-22.71,3.2,0.507532,26210.3,8203.22,-244.36,-2.89,5952.34,2621.03,3331.31,2250.88,,39914.64,-22.71,3.2,0.680967,35166.94,11006.44,-327.87,-2.89,7986.38,3516.69,4469.69,3020.06,
2024-02-18,51642.64,52377.0,51163.28,52137.67,21992.1,0.96,49529.54,47855.89,47011.73,True,33.58,33.23,11.29,,,,,,,,,,39914.64,-23.44,3.13,0.507532,26461.54,8454.46,251.24,3.06,6203.58,2646.15,3557.43,2250.88,,39914.64,-23.44,3.13,0.680967,35504.04,11343.54,337.1,3.06,8323.48,3550.4,4773.08,3020.06,
2024-02-19,52137.68,52488.77,51677.0,51774.73,29534.99,-0.7,49874.95,48229.11,47364.54,True,34.75,32.49,10.86,,,,,,,,,,39914.64,-22.91,3.18,0.507532,26277.34,8270.26,-184.2,-2.18,6019.38,2627.73,3391.64,2250.88,,39914.64,-22.91,3.18,0.680967,35256.89,11096.39,-247.15,-2.18,8076.33,3525.69,4550.64,3020.06,
2024-02-20,51774.74,52985.0,50760.37,52258.82,49614.47,0.93,50241.7,48612.9,47727.08,True,34.79,29.19,13.94,,,,,52985.0,,HH,,,39914.64,-23.62,3.11,0.507532,26523.03,8515.95,245.69,2.97,6265.07,2652.3,3612.76,2250.88,,39914.64,-23.62,3.11,0.680967,35586.54,11426.04,329.65,2.97,8405.98,3558.65,4847.33,3020.06,
2024-02-21,52258.82,52366.8,50625.0,51849.39,43079.4,-0.78,50489.04,48921.13,48032.44,True,34.69,26.89,13.45,,,,,,,,,,39914.64,-23.02,3.17,0.507532,26315.23,8308.15,-207.8,-2.44,6057.27,2631.52,3425.75,2250.88,,39914.64,-23.02,3.17,0.680967,35307.73,11147.23,-278.81,-2.44,8127.17,3530.77,4596.4,3020.06,
2024-02-22,51849.38,52065.78,50940.78,51288.42,35309.45,-1.08,50612.02,49146.59,48273.62,True,34.59,25.5,12.75,,,,,,,,,,39914.64,-22.18,3.24,0.507532,26030.52,8023.44,-284.71,-3.43,5772.56,2603.05,3169.51,2250.88,,39914.64,-22.18,3.24,0.680967,34925.73,10765.23,-382.0,-3.43,7745.17,3492.57,4252.6,3020.06,
2024-02-23,51288.42,51548.54,50521.0,50744.15,30545.8,-1.06,50632.35,49298.74,48456.62,True,34.01,24.26,14.12,,,,,,50521.0,HL,,,39914.64,-21.34,3.32,0.507532,25754.28,7747.21,-276.23,-3.44,5496.32,2575.43,2920.9,2250.88,,39914.64,-21.34,3.32,0.680967,34555.1,10394.6,-370.63,-3.44,7374.54,3455.51,3919.03,3020.06,
2024-02-24,50744.15,51698.0,50585.0,51568.22,16560.42,1.62,50776.33,49514.88,48687.11,True,33.57,23.68,13.36,,,,,,,,,,39914.64,-22.6,3.21,0.507532,26172.53,8165.45,418.24,5.4,5914.57,2617.25,3297.31,2250.88,,39914.64,-22.6,3.21,0.680967,35116.26,10955.77,561.16,5.4,7935.71,3511.63,4424.08,3020.06,
2024-02-25,51568.21,51958.55,51279.8,51728.85,18721.63,0.31,50922.87,49725.73,48912.43,True,33.34,24.18,12.91,,,,,,,,,SMALL HH confirmed @ 52985.00,39914.64,-22.84,3.18,0.507532,26254.05,8246.97,81.52,1.0,5996.09,2625.41,3370.69,2250.88,,39914.64,-22.84,3.18,0.680967,35225.65,11065.15,109.38,1.0,8045.09,3522.56,4522.52,3020.06,
2024-02-26,51728.85,54910.0,50901.44,54476.47,51256.72,5.31,51469.58,50178.18,49324.58,True,34.62,32.98,10.61,,,,,,,,BULL_BOS,SMALL BULL BOS @ 54476.47 (level 52985.00),39914.64,-26.73,2.87,0.507532,27648.56,9641.48,1394.51,16.91,7390.6,2764.86,4625.74,2250.88,,39914.64,-26.73,2.87,0.680967,37096.69,12936.19,1871.04,16.91,9916.13,3709.67,6206.46,3020.06,
2024-02-27,54476.48,57588.15,54450.13,57037.34,67194.99,4.7,52326.16,50831.44,49895.89,True,36.61,39.81,9.23,,,,,,,,,,39914.64,-30.02,2.65,0.507532,28948.28,10941.2,1299.72,13.48,8690.32,2894.83,5795.49,2250.88,,39914.64,-30.02,2.65,0.680967,38840.56,14680.06,1743.87,13.48,11660.0,3884.06,7775.94,3020.06,
2024-02-28,57037.35,64000.0,56691.85,62432.1,118763.47,9.46,53880.92,51936.26,50824.5,True,39.44,51.62,6.95,,,,,,,,,SMALL HL confirmed @ 50521.00,39914.64,-36.07,2.32,0.507532,31686.29,13679.22,2738.01,25.02,11428.33,3168.63,8259.7,2250.88,,39914.64,-36.07,2.32,0.680967,42514.21,18353.71,3673.65,25.02,15333.65,4251.42,11082.23,3020.06,
2024-02-29,62432.11,63676.35,60364.7,61130.98,78425.08,-2.08,54996.31,52811.95,51587.94,True,42.07,46.08,6.21,,,,,,,,,,39914.64,-34.71,2.38,0.507532,31025.93,13018.86,-660.36,-4.83,10767.97,3102.59,7665.38,2250.88,,39914.64,-34.71,2.38,0.680967,41628.19,17467.69,-886.02,-4.83,14447.63,4162.82,10284.81,3020.06,
2024-03-01,61130.99,63114.23,60777.0,62387.9,47737.93,2.06,56133.48,53723.94,52387.94,True,44.51,42.6,5.74,,,,,,,,,,39914.64,-36.02,2.32,0.507532,31663.86,13656.78,637.93,4.9,11405.9,3166.39,8239.51,2250.88,,39914.64,-36.02,2.32,0.680967,42484.11,18323.61,855.92,4.9,15303.55,4248.41,11055.14,3020.06,
2024-03-02,62387.9,62433.19,61561.12,61987.28,25534.74,-0.64,57034.06,54510.93,53099.0,True,46.78,41.35,5.57,,,,,,,,,,39914.64,-35.61,2.34,0.507532,31460.53,13453.46,-203.33,-1.49,11202.57,3146.05,8056.52,2250.88,,39914.64,-35.61,2.34,0.680967,42211.3,18050.81,-272.81,-1.49,15030.74,4221.13,10809.61,3020.06,
2024-03-03,61987.28,63231.88,61320.0,63113.97,28994.91,1.82,57969.43,55330.27,53840.85,True,48.98,41.38,5.21,,,,,,,,,,39914.64,-36.76,2.28,0.507532,32032.36,14025.29,571.83,4.25,11774.4,3203.24,8571.17,2250.88,,39914.64,-36.76,2.28,0.680967,42978.54,18818.04,767.24,4.25,15797.98,4297.85,11500.13,3020.06,
2024-03-04,63113.97,68499.0,62300.0,68245.71,84835.16,8.13,59550.4,56560.31,54907.88,True,51.5,49.43,4.24,,,,,,,,,,39914.64,-41.51,2.08,0.507532,34636.89,16629.81,2604.52,18.57,14378.93,3463.69,10915.24,2250.88,,39914.64,-41.51,2.08,0.680967,46473.09,22312.59,3494.55,18.57,19292.53,4647.31,14645.22,3020.06,
2024-03-05,68245.71,69000.0,59005.0,63724.01,132696.78,-6.63,60192.49,57242.57,55560.93,True,51.67,37.42,11.22,,,,,,,,,,39914.64,-37.36,2.26,0.507532,32341.98,14334.9,-2294.91,-13.8,12084.02,3234.2,8849.82,2250.88,,39914.64,-37.36,2.26,0.680967,43393.96,19233.46,-3079.13,-13.8,16213.4,4339.4,11874.0,3020.06,
2024-03-06,63724.01,67641.1,62779.14,66074.04,78738.85,3.69,61097.35,58083.66,56339.67,True,51.82,33.2,9.96,,,,,,,,,,39914.64,-39.59,2.16,0.507532,33534.69,15527.62,1192.72,8.32,13276.73,3353.47,9923.27,2250.88,,39914.64,-39.59,2.16,0.680967,44994.25,20833.75,1600.29,8.32,17813.69,4499.43,13314.27,3020.06,
2024-03-07,66074.04,67980.0,65551.0,66823.17,53059.89,1.13,61978.24,58915.99,57116.23,True,52.03,32.09,9.39,,,,,,,,,,39914.64,-40.27,2.13,0.507532,33914.9,15907.83,380.21,2.45,13656.94,3391.49,10265.45,2250.88,,39914.64,-40.27,2.13,0.680967,45504.38,21343.89,510.13,2.45,18323.83,4550.44,13773.39,3020.06,
2024-03-08,66823.18,69990.0,66082.66,68124.19,74261.93,1.95,62923.77,59792.96,57931.63,True,52.58,33.84,8.54,,,,,,,,,,39914.64,-41.41,2.09,0.507532,34575.21,16568.14,660.31,4.15,14317.25,3457.52,10859.73,2250.88,,39914.64,-41.41,2.09,0.680967,46390.34,22229.84,885.95,4.15,19209.78,4639.03,14570.74,3020.06,
2024-03-09,68124.2,68541.1,67861.1,68313.27,19872.9,0.28,63752.93,60604.42,58700.64,True,53.09,33.28,8.4,,,,,,,,,,39914.64,-41.57,2.08,0.507532,34671.18,16664.1,95.96,0.58,14413.22,3467.12,10946.1,2250.88,,39914.64,-41.57,2.08,0.680967,46519.09,22358.6,128.76,0.58,19338.53,4651.91,14686.63,3020.06,
2024-03-10,68313.28,69887.61,68094.75,68955.88,38404.67,0.94,64553.38,61399.8,59460.29,True,53.79,35.16,8.02,,,,,,,,,,39914.64,-42.12,2.06,0.507532,34997.32,16990.25,326.15,1.96,14739.36,3499.73,11239.63,2250.88,,39914.64,-42.12,2.06,0.680967,46956.69,22796.19,437.6,1.96,19776.13,4695.67,15080.46,3020.06,
2024-03-11,68955.88,72800.0,67024.96,72078.1,75292.83,4.53,65711.03,62416.78,60394.94,True,54.84,37.23,6.93,,,,,,,,,,39914.64,-44.62,1.97,0.507532,36581.95,18574.87,1584.63,9.33,16323.99,3658.19,12665.79,2250.88,,39914.64,-44.62,1.97,0.680967,49082.82,24922.32,2126.13,9.33,21902.26,4908.28,16993.98,3020.06,
2024-03-12,72078.1,73000.0,68620.82,71452.01,68783.55,-0.87,66594.26,63277.28,61213.99,True,55.85,33.98,6.24,,,,,,,,,,39914.64,-44.14,1.99,0.507532,36264.19,18257.11,-317.76,-1.71,16006.23,3626.42,12379.81,2250.88,,39914.64,-44.14,1.99,0.680967,48656.47,24495.98,-426.35,-1.71,21475.91,4865.65,16610.27,3020.06,
2024-03-13,71452.0,73650.25,71333.31,73072.41,52659.71,2.27,67590.9,64210.15,62092.39,True,56.87,33.66,5.91,,,,,,,,,,39914.64,-45.38,1.94,0.507532,37086.59,19079.52,822.4,4.5,16828.63,3708.66,13119.97,2250.88,,39914.64,-45.38,1.94,0.680967,49759.91,25599.41,1103.44,4.5,22579.35,4975.99,17603.36,3020.06,
2024-03-14,73072.4,73777.0,68555.0,71388.94,71757.63,-2.3,68175.21,64893.84,62781.02,True,56.01,29.78,11.36,73777.0,,HH,,73777.0,,HH,,,39914.64,-44.09,1.99,0.507532,36232.18,18225.1,-854.42,-4.48,15974.22,3623.22,12351.0,2250.88,,39914.64,-44.09,1.99,0.680967,48613.52,24453.03,-1146.39,-4.48,21432.96,4861.35,16571.61,3020.06,
2024-03-15,71388.94,72419.71,65600.0,69499.85,103334.04,-2.65,68379.0,65332.51,63278.71,True,53.7,25.63,15.82,,,,,,,,,,39914.64,-42.57,2.04,0.507532,35273.4,17266.33,-958.77,-5.26,15015.44,3527.34,11488.1,2250.88,,39914.64,-42.57,2.04,0.680967,47327.12,23166.62,-1286.41,-5.26,20146.56,4732.71,15413.84,3020.06,
2024-03-16,69499.84,70043.0,64780.0,65300.63,55926.95,-6.04,67905.41,65329.47,63428.48,True,51.19,22.97,15.79,,,,,,,,,,39914.64,-38.88,2.19,0.507532,33142.16,15135.09,-2131.24,-12.34,12884.2,3314.22,9569.99,2250.88,,39914.64,-38.88,2.19,0.680967,44467.58,20307.09,-2859.53,-12.34,17287.03,4446.76,12840.27,3020.06,
2024-03-17,65300.64,68904.4,64533.0,68393.48,49742.22,4.74,67980.49,65621.28,63796.26,True,48.74,21.02,14.93,,,,,,,,,,39914.64,-41.64,2.08,0.507532,34711.88,16704.81,1569.72,10.37,14453.92,3471.19,10982.74,2250.88,,39914.64,-41.64,2.08,0.680967,46573.71,22413.22,2106.13,10.37,19393.15,4657.37,14735.78,3020.06,
2024-03-18,68393.47,68956.0,66565.2,67609.99,55691.08,-1.15,67923.49,65810.68,64078.76,True,46.49,20.12,14.22,,,,,,,,,,39914.64,-40.96,2.1,0.507532,34314.24,16307.16,-397.65,-2.38,14056.28,3431.42,10624.85,2250.88,,39914.64,-40.96,2.1,0.680967,46040.18,21879.69,-533.53,-2.38,18859.62,4604.02,14255.61,3020.06,
2024-03-19,67610.0,68124.11,61555.0,61937.4,101005.32,-8.39,67002.56,65441.8,63920.14,True,43.93,17.63,21.89,,,,,,,,,SMALL HH confirmed @ 73777.00,39914.64,-35.56,2.34,0.507532,31435.22,13428.14,-2879.02,-17.65,11177.26,3143.52,8033.74,2250.88,,39914.64,-35.56,2.34,0.680967,42177.34,18016.84,-3862.85,-17.65,14996.78,4217.73,10779.04,3020.06,
2024-03-20,61937.41,68100.0,60775.0,67840.51,90420.59,9.53,67131.47,65670.25,64210.54,True,41.81,15.35,20.44,,,,,,60775.0,HL,,,39914.64,-41.16,2.1,0.507532,34431.23,16424.16,2996.02,22.31,14173.27,3443.12,10730.15,2250.88,,39914.64,-41.16,2.1,0.680967,46197.16,22036.66,4019.82,22.31,19016.6,4619.72,14396.88,3020.06,
2024-03-21,67840.51,68240.47,64529.01,65501.27,53357.48,-3.45,66880.67,65654.16,64306.15,True,39.78,14.59,19.09,,,,,,,,,,39914.64,-39.06,2.18,0.507532,33244.0,15236.92,-1187.24,-7.23,12986.04,3324.4,9661.64,2250.88,,39914.64,-39.06,2.18,0.680967,44604.21,20443.72,-1592.95,-7.23,17423.65,4460.42,12963.23,3020.06,
2024-03-22,65501.28,66649.62,62260.0,63796.64,51482.38,-2.6,66406.21,65477.25,64268.41,True,38.6,13.46,21.61,,,,,,,,,,39914.64,-37.43,2.25,0.507532,32378.84,14371.77,-865.15,-5.68,12120.88,3237.88,8883.0,2250.88,,39914.64,-37.43,2.25,0.680967,43443.42,19282.92,-1160.8,-5.68,16262.86,4344.34,11918.52,3020.06,
2024-03-23,63796.64,65999.0,63000.0,63990.01,26410.11,0.3,66034.48,65335.61,64247.78,True,37.5,12.73,20.45,,,,,,,,,,39914.64,-37.62,2.24,0.507532,32476.98,14469.91,98.14,0.68,12219.02,3247.7,8971.32,2250.88,,39914.64,-37.62,2.24,0.680967,43575.1,19414.6,131.68,0.68,16394.54,4357.51,12037.03,3020.06,
2024-03-24,63990.02,67628.69,63772.29,67209.99,31395.78,5.03,66215.33,65514.12,64467.21,True,35.72,14.78,19.03,,,,,,,,,,39914.64,-40.61,2.12,0.507532,34111.23,16104.15,1634.24,11.29,13853.27,3411.12,10442.14,2250.88,,39914.64,-40.61,2.12,0.680967,45767.8,21607.3,2192.7,11.29,18587.24,4576.78,14010.46,3020.06,
2024-03-25,67210.0,71150.0,66385.06,69880.01,53431.14,3.97,66779.13,65929.92,64868.16,True,33.62,19.79,17.42,,,,,,,,,SMALL HL confirmed @ 60775.00,39914.64,-42.88,2.03,0.507532,35466.35,17459.27,1355.12,8.41,15208.39,3546.63,11661.75,2250.88,,39914.64,-42.88,2.03,0.680967,47585.99,23425.49,1818.2,8.41,20405.43,4758.6,15646.83,3020.06,
2024-03-26,69880.0,71561.1,69280.0,69988.0,38934.38,0.15,67272.8,66316.4,65247.4,True,31.81,19.71,16.69,,,,,,,,,,39914.64,-42.97,2.03,0.507532,35521.16,17514.08,54.81,0.31,15263.19,3552.12,11711.08,2250.88,,39914.64,-42.97,2.03,0.680967,47659.53,23499.03,73.54,0.31,20478.97,4765.95,15713.02,3020.06,
2024-03-27,69987.99,71769.54,68359.18,69469.99,49119.36,-0.74,67610.83,66616.74,65560.19,True,29.77,18.47,17.34,,,,,71769.54,,LH,,,39914.64,-42.54,2.04,0.507532,35258.25,17251.17,-262.91,-1.5,15000.29,3525.82,11474.46,2250.88,,39914.64,-42.54,2.04,0.680967,47306.78,23146.28,-352.75,-1.5,20126.22,4730.68,15395.54,3020.06,
2024-03-28,69469.99,71552.06,68903.62,70780.6,35439.03,1.89,68098.49,67013.3,65946.88,True,27.87,17.54,16.47,,,,,,,,,,39914.64,-43.61,2.01,0.507532,35923.42,17916.35,665.18,3.86,15665.46,3592.34,12073.12,2250.88,,39914.64,-43.61,2.01,0.680967,48199.26,24038.77,892.48,3.86,21018.71,4819.93,16198.78,3020.06,
2024-03-29,70780.6,70916.16,69009.0,69850.54,25445.08,-1.31,68368.03,67283.52,66236.04,True,26.1,16.89,15.86,,,,,,,,,,39914.64,-42.86,2.03,0.507532,35451.39,17444.31,-472.04,-2.63,15193.43,3545.14,11648.29,2250.88,,39914.64,-42.86,2.03,0.680967,47565.92,23405.43,-633.34,-2.63,20385.36,4756.59,15628.77,3020.06,
2024-03-30,69850.53,70321.1,69540.0,69582.18,13644.61,-0.38,68554.82,67502.44,66483.91,True,24.46,16.61,15.6,,,,,,,,,,39914.64,-42.64,2.04,0.507532,35315.19,17308.11,-136.2,-0.78,15057.23,3531.52,11525.71,2250.88,,39914.64,-42.64,2.04,0.680967,47383.18,23222.68,-182.74,-0.78,20202.62,4738.32,15464.3,3020.06,
2024-03-31,69582.17,71366.0,69562.99,71280.01,19396.34,2.44,68974.08,67862.2,66839.17,True,23.41,18.22,14.99,,,,,,,,,,39914.64,-44.0,1.99,0.507532,36176.89,18169.82,861.7,4.98,15918.93,3617.69,12301.24,2250.88,,39914.64,-44.0,1.99,0.680967,48539.35,24378.85,1156.17,4.98,21358.79,4853.93,16504.85,3020.06,
2024-04-01,71280.0,71288.23,68062.86,69649.8,41445.32,-2.29,69078.04,68032.45,67047.37,True,21.78,16.95,17.18,,,,,,,,,SMALL LH confirmed @ 71769.54,39914.64,-42.69,2.04,0.507532,35349.51,17342.43,-827.38,-4.55,15091.55,3534.95,11556.6,2250.88,,39914.64,-42.69,2.04,0.680967,47429.23,23268.73,-1110.12,-4.55,20248.67,4742.92,15505.74,3020.06,
2024-04-02,69649.81,69674.23,64550.0,65463.99,71799.83,-6.01,68522.03,67787.84,66930.08,True,21.64,15.15,22.64,,,,,,,,,,39914.64,-39.03,2.18,0.507532,33225.07,15218.0,-2124.43,-12.25,12967.11,3322.51,9644.61,2250.88,,39914.64,-39.03,2.18,0.680967,44578.83,20418.33,-2850.4,-12.25,17398.27,4457.88,12940.39,3020.06,
2024-04-03,65463.99,66903.63,64493.07,65963.28,39887.22,0.76,68128.38,67614.07,66858.47,True,21.53,14.38,21.61,,,,,,64493.07,HL,,,39914.64,-39.49,2.16,0.507532,33478.48,15471.4,253.41,1.67,13220.52,3347.85,9872.67,2250.88,,39914.64,-39.49,2.16,0.680967,44918.83,20758.33,340.0,1.67,17738.27,4491.88,13246.39,3020.06,
2024-04-04,65963.27,69309.91,65064.52,68487.79,41510.48,3.83,68183.67,67697.28,66979.16,True,20.3,18.11,19.7,,,,,,,,,,39914.64,-41.72,2.07,0.507532,34759.75,16752.67,1281.27,8.28,14501.79,3475.98,11025.82,2250.88,,39914.64,-41.72,2.07,0.680967,46637.94,22477.44,1719.11,8.28,19457.38,4663.79,14793.58,3020.06,
2024-04-05,68487.8,68756.67,65952.56,67820.62,37915.23,-0.97,68127.82,67709.03,67041.49,True,19.15,17.04,18.53,,,,,,,,,,39914.64,-41.15,2.1,0.507532,34421.14,16414.06,-338.61,-2.02,14163.18,3442.11,10721.07,2250.88,,39914.64,-41.15,2.1,0.680967,46183.61,22023.12,-454.32,-2.02,19003.06,4618.36,14384.69,3020.06,
2024-04-06,67820.63,69692.0,67447.83,68896.0,20134.29,1.59,68246.0,67822.07,67178.86,True,17.9,18.24,17.64,,,,,,,,,,39914.64,-42.07,2.06,0.507532,34966.93,16959.85,545.79,3.33,14708.97,3496.69,11212.28,2250.88,,39914.64,-42.07,2.06,0.680967,46915.91,22755.42,732.3,3.33,19735.35,4691.59,15043.76,3020.06,
2024-04-07,68896.0,70326.29,68824.0,69360.39,21534.74,0.67,68417.44,67968.58,67340.45,True,17.02,19.05,17.04,,,,,,,,,,39914.64,-42.45,2.05,0.507532,35202.62,17195.55,235.69,1.39,14944.66,3520.26,11424.4,2250.88,,39914.64,-42.45,2.05,0.680967,47232.15,23071.65,316.23,1.39,20051.59,4723.21,15328.37,3020.06,
2024-04-08,69360.38,72797.99,69043.24,71620.0,45723.88,3.26,68910.15,68316.33,67657.46,True,17.16,22.94,15.62,,,,,72797.99,,HH,,SMALL HL confirmed @ 64493.07,39914.64,-44.27,1.98,0.507532,36349.45,18342.37,1146.82,6.67,16091.49,3634.94,12456.54,2250.88,,39914.64,-44.27,1.98,0.680967,48770.87,24610.37,1538.72,6.67,21590.31,4877.09,16713.22,3020.06,
2024-04-09,71620.0,71758.19,68210.0,69146.0,39293.9,-3.45,68946.43,68395.35,67767.72,True,16.87,21.15,16.23,,,,,,,,,,39914.64,-42.27,2.05,0.507532,35093.81,17086.74,-1255.63,-6.85,14835.85,3509.38,11326.47,2250.88,,39914.64,-42.27,2.05,0.680967,47086.16,22925.66,-1684.71,-6.85,19905.6,4708.62,15196.98,3020.06,
2024-04-10,69146.0,71172.08,67518.0,70631.08,42006.02,2.15,69205.61,68608.28,67979.82,True,16.27,19.46,16.45,,,,,,,,,,39914.64,-43.49,2.01,0.507532,35847.54,17840.46,753.73,4.41,15589.58,3584.75,12004.82,2250.88,,39914.64,-43.49,2.01,0.680967,48097.45,23936.95,1011.29,4.41,20916.89,4809.74,16107.14,3020.06,
2024-04-11,70631.08,71305.89,69567.21,70006.23,31917.26,-0.88,69328.78,68741.41,68129.92,True,15.76,19.0,15.8,,,,,,,,,,39914.64,-42.98,2.03,0.507532,35530.41,17523.33,-317.13,-1.78,15272.45,3553.04,11719.41,2250.88,,39914.64,-42.98,2.03,0.680967,47671.94,23511.45,-425.5,-1.78,20491.38,4767.19,15724.19,3020.06,
2024-04-12,70006.22,71227.46,65086.86,67116.52,56072.86,-4.13,68988.43,68586.66,68054.86,True,15.84,16.53,23.23,,,,,,,,,,39914.64,-40.53,2.12,0.507532,34063.79,16056.71,-1466.62,-8.37,13805.83,3406.38,10399.45,2250.88,,39914.64,-40.53,2.12,0.680967,45704.15,21543.65,-1967.8,-8.37,18523.59,4570.41,13953.17,3020.06,
2024-04-13,67116.52,67929.0,60660.57,63924.51,71395.22,-4.76,68209.37,68142.65,67748.91,True,17.11,14.18,28.59,,,,,,,,BEAR_CHOCH,SMALL HH confirmed @ 72797.99 | SMALL BEAR CHOCH @ 63924.51 (level 64493.07),,,,,,14436.66,-1620.05,-10.09,0.0,0.0,,14436.66,"EXIT @ 63924.51 (small red CHoCH, realized +9934.89)",,,,,,19370.0,-2173.65,-10.09,0.0,0.0,,19370.0,"EXIT @ 63924.51 (small red CHoCH, realized +13329.87)"
2024-04-14,63924.52,65840.0,62134.0,65661.84,61599.18,2.72,67817.44,67906.38,67594.31,True,18.29,13.16,26.52,,,,,,,,,,,,,,,14436.66,0.0,0.0,0.0,0.0,,14436.66,,,,,,,19370.0,0.0,0.0,0.0,0.0,,19370.0,
2024-04-15,65661.85,66867.07,62274.4,63419.99,52389.53,-3.41,67140.91,67479.11,67285.1,False,18.9,13.97,24.18,,,,,,,,,,,,,,,14436.66,0.0,0.0,0.0,0.0,,14436.66,,,,,,,19370.0,0.0,0.0,0.0,0.0,,19370.0,
2024-04-16,63419.99,64365.0,61600.0,63793.39,53435.29,0.59,66625.91,67128.08,67026.45,False,19.65,13.21,24.19,,,,,,,,,,,,,,,14436.66,0.0,0.0,0.0,0.0,,14436.66,,,,,,,19370.0,0.0,0.0,0.0,0.0,,19370.0,
2024-04-17,63793.4,64499.0,59678.16,61277.37,50610.55,-3.94,65803.05,66570.87,66600.6,False,20.83,12.0,25.64,,,,,,,,,,,,,,,14436.66,0.0,0.0,0.0,0.0,,14436.66,,,,,,,19370.0,0.0,0.0,0.0,0.0,,19370.0,
2024-04-18,61277.38,64117.09,60803.35,63470.08,43601.61,3.58,65444.14,66275.56,66368.71,False,21.93,11.23,24.0,,,,,,,,,,,,,,,14436.66,0.0,0.0,0.0,0.0,,14436.66,,,,,,,19370.0,0.0,0.0,0.0,0.0,,19370.0,
2024-04-19,63470.09,65450.0,59600.01,63818.01,69774.3,0.55,65193.96,66041.51,66179.77,False,22.25,12.48,21.4,,,,,,59600.01,LL,,,,,,,,14436.66,0.0,0.0,0.0,0.0,,14436.66,,,,,,,19370.0,0.0,0.0,0.0,0.0,,19370.0,
2024-04-20,63818.01,65419.0,63090.07,64940.59,23137.43,1.76,65154.98,65936.66,66087.97,False,22.54,11.93,20.45,,,,,,,,,,,,,,,14436.66,0.0,0.0,0.0,0.0,,14436.66,,,,,,,19370.0,0.0,0.0,0.0,0.0,,19370.0,
2024-04-21,64940.58,65695.56,64237.5,64941.15,19316.42,0.0,65122.08,65841.85,66003.02,False,22.66,12.13,19.86,,,,,,,,,,,,,,,14436.66,0.0,0.0,0.0,0.0,,14436.66,,,,,,,19370.0,0.0,0.0,0.0,0.0,,19370.0,
2024-04-22,64941.15,67232.35,64500.0,66819.32,31397.99,2.89,65383.2,65934.94,66063.49,False,21.93,14.57,18.76,,,,,67232.35,,LH,,,,,,,,14436.66,0.0,0.0,0.0,0.0,,14436.66,,,,,,,19370.0,0.0,0.0,0.0,0.0,,19370.0,
2024-04-23,66819.32,67183.01,65765.81,66414.0,22599.9,-0.61,65541.78,65980.57,66089.45,False,21.27,14.14,18.2,,,,,,,,,,,,,,,14436.66,0.0,0.0,0.0,0.0,,14436.66,,,,,,,19370.0,0.0,0.0,0.0,0.0,,19370.0,
2024-04-24,66414.0,67070.43,63606.06,64289.59,33595.7,-3.2,65349.14,65819.52,65956.13,False,21.47,13.1,21.43,,,,,,,,,SMALL LL confirmed @ 59600.01,,,,,,14436.66,0.0,0.0,0.0,0.0,,14436.66,,,,,,,19370.0,0.0,0.0,0.0,0.0,,19370.0,
2024-04-25,64289.58,65297.94,62794.0,64498.34,31341.46,0.32,65218.25,65693.69,65848.15,False,21.93,12.4,22.02,,,,,,,,,,,,,,,14436.66,0.0,0.0,0.0,0.0,,14436.66,,,,,,,19370.0,0.0,0.0,0.0,0.0,,19370.0,
2024-04-26,64498.33,64820.01,63297.48,63770.01,27085.19,-1.13,64995.44,65510.49,65694.21,False,22.36,11.97,21.27,,,,,,,,,,,,,,,14436.66,0.0,0.0,0.0,0.0,,14436.66,,,,,,,19370.0,0.0,0.0,0.0,0.0,,19370.0,
2024-04-27,63770.0,63923.41,62391.24,63461.98,20933.06,-0.48,64759.52,65315.39,65528.86,False,23.08,11.55,22.62,,,,,,,,,SMALL LH confirmed @ 67232.35,,,,,,14436.66,0.0,0.0,0.0,0.0,,14436.66,,,,,,,19370.0,0.0,0.0,0.0,0.0,,19370.0,
2024-04-28,63461.98,64370.0,62781.0,63118.62,16949.2,-0.54,64507.08,65106.17,65350.32,False,23.45,12.18,21.75,,,,,,,,,,,,,,,14436.66,0.0,0.0,0.0,0.0,,14436.66,,,,,,,19370.0,0.0,0.0,0.0,0.0,,19370.0,
2024-04-29,63118.62,64228.35,61765.53,63866.0,28150.23,1.18,64408.45,64988.06,65240.37,False,24.16,11.45,22.92,,,,,,,,,,,,,,,14436.66,0.0,0.0,0.0,0.0,,14436.66,,,,,,,19370.0,0.0,0.0,0.0,0.0,,19370.0,
2024-04-30,63866.0,64734.0,59191.6,60672.0,54947.66,-5.0,63833.61,64577.01,64901.98,False,25.6,9.99,25.91,,,,,,,,,,,,,,,14436.66,0.0,0.0,0.0,0.0,,14436.66,,,,,,,19370.0,0.0,0.0,0.0,0.0,,19370.0,
2024-05-01,60672.01,60841.63,56552.82,58364.97,81166.47,-3.8,62992.28,63985.39,64417.75,False,27.55,9.04,29.32,,56552.82,HL,,,56552.82,LL,BEAR_BOS,SMALL BEAR BOS @ 58364.97 (level 59600.01),,,,,,14436.66,0.0,0.0,0.0,0.0,,14436.66,,,,,,,19370.0,0.0,0.0,0.0,0.0,,19370.0,
2024-05-02,58364.97,59625.0,56911.84,59060.61,47583.82,1.19,62387.41,63516.36,64020.93,False,29.36,8.49,27.52,,,,,,,,,,,,,,,14436.66,0.0,0.0,0.0,0.0,,14436.66,,,,,,,19370.0,0.0,0.0,0.0,0.0,,19370.0,
2024-05-03,59060.6,63333.0,58811.32,62882.01,43628.4,6.47,62463.5,63455.95,63936.56,False,28.85,15.76,24.8,,,,,,,,,BIG HH confirmed @ 73777.00,,,,,,14436.66,0.0,0.0,0.0,0.0,,14436.66,,,,,,,19370.0,0.0,0.0,0.0,0.0,,19370.0,
2024-05-04,62882.01,64540.0,62541.03,63892.04,24368.69,1.61,62683.28,63497.48,63933.27,False,27.81,17.77,23.68,,,,,,,,,,,,,,,14436.66,0.0,0.0,0.0,0.0,,14436.66,,,,,,,19370.0,0.0,0.0,0.0,0.0,,19370.0,
2024-05-05,63892.03,64646.0,62822.17,64012.0,18526.75,0.19,62887.7,63546.48,63939.1,False,26.79,17.26,22.68,,,,,,,,,,,,,,,14436.66,0.0,0.0,0.0,0.0,,14436.66,,,,,,,19370.0,0.0,0.0,0.0,0.0,,19370.0,
2024-05-06,64012.0,65500.0,62700.0,63165.19,34674.92,-1.32,62930.39,63510.17,63881.77,False,25.43,18.13,21.2,,,,,65500.0,,LH,,SMALL LL confirmed @ 56552.82,,,,,,14436.66,0.0,0.0,0.0,0.0,,14436.66,,,,,,,19370.0,0.0,0.0,0.0,0.0,,19370.0,
2024-05-07,63165.18,64422.41,62261.0,62312.08,25598.79,-1.35,62835.26,63396.06,63765.5,False,24.35,17.19,21.15,,,,,,,,,,,,,,,14436.66,0.0,0.0,0.0,0.0,,14436.66,,,,,,,19370.0,0.0,0.0,0.0,0.0,,19370.0,
2024-05-08,62312.07,63020.22,60888.0,61193.03,26121.19,-1.8,62582.61,63186.25,63574.94,False,23.89,16.3,23.4,,,,,,,,,,,,,,,14436.66,0.0,0.0,0.0,0.0,,14436.66,,,,,,,19370.0,0.0,0.0,0.0,0.0,,19370.0,
2024-05-09,61193.03,63429.03,60630.0,63074.01,30660.81,3.07,62658.21,63175.56,63537.84,False,23.24,16.19,21.8,,,,,,,,,,,,,,,14436.66,0.0,0.0,0.0,0.0,,14436.66,,,,,,,19370.0,0.0,0.0,0.0,0.0,,19370.0,
2024-05-10,63074.0,63469.13,60187.12,60799.99,36529.34,-3.61,62372.33,62949.32,63335.03,False,22.82,14.9,21.14,,,,,,60187.12,HL,,,,,,,,14436.66,0.0,0.0,0.0,0.0,,14436.66,,,,,,,19370.0,0.0,0.0,0.0,0.0,,19370.0,
2024-05-11,60799.99,61515.0,60487.09,60825.99,13374.57,0.04,62134.43,62747.09,63149.18,False,22.42,14.51,20.58,,,,,,,,,SMALL LH confirmed @ 65500.00,,,,,,14436.66,0.0,0.0,0.0,0.0,,14436.66,,,,,,,19370.0,0.0,0.0,0.0,0.0,,19370.0,
2024-05-12,60825.99,61888.0,60610.0,61483.99,12753.13,1.08,62034.36,62626.8,63025.83,False,21.82,15.0,19.89,,,,,,,,,,,,,,,14436.66,0.0,0.0,0.0,0.0,,14436.66,,,,,,,19370.0,0.0,0.0,0.0,0.0,,19370.0,
2024-05-13,61484.0,63450.0,60749.21,62940.08,32733.42,2.37,62173.71,62656.64,63019.48,False,20.34,18.06,18.47,,,,,,,,,,,,,,,14436.66,0.0,0.0,0.0,0.0,,14436.66,,,,,,,19370.0,0.0,0.0,0.0,0.0,,19370.0,
2024-05-14,62940.09,63118.36,61142.77,61577.49,29088.72,-2.16,62081.98,62553.86,62912.67,False,18.97,17.1,17.48,,,,,,,,,,,,,,,14436.66,0.0,0.0,0.0,0.0,,14436.66,,,,,,,19370.0,0.0,0.0,0.0,0.0,,19370.0,
2024-05-15,61577.49,66444.16,61319.47,66206.5,43559.75,7.52,62716.52,62901.73,63156.65,False,19.11,23.29,15.22,,,,,,,,BULL_CHOCH,SMALL HL confirmed @ 60187.12 | SMALL BULL CHOCH @ 66206.50 (level 65500.00),33103.25,-50.0,1.0,0.218055,14436.66,14436.66,0.0,0.0,7218.33,7218.33,0.0,7218.33,"ENTRY @ 66206.50 (small green CHoCH, margin $7218.33 [50% of bank] @ 2x [ADX 19.1, zone red], 0.218055 units)",33103.25,-50.0,1.0,0.292569,19370.0,19370.0,0.0,0.0,9685.0,9685.0,0.0,9685.0,"ENTRY @ 66206.50 (small green CHoCH, margin $9685.00 [50% of bank] @ 2x [ADX 19.1, zone red], 0.292569 units)"
2024-05-16,66206.51,66752.01,64602.77,65235.21,31106.37,-1.47,63104.01,63123.97,63310.62,False,19.36,22.8,14.38,,,,,,,,,,33103.25,-49.26,1.0,0.218055,14224.87,14224.87,-211.79,-1.47,7006.54,7112.43,-105.9,7218.33,,33103.25,-49.26,1.0,0.292569,19085.83,19085.83,-284.17,-1.47,9400.83,9542.91,-142.08,9685.0,
2024-05-17,65235.21,67451.2,65106.38,67024.0,26292.23,2.74,63707.09,63495.4,63585.69,True,19.87,23.23,13.5,,,,,,,,,,33103.25,-50.61,1.0,0.218055,14614.92,14614.92,390.05,2.74,7396.59,7307.46,89.13,7218.33,,33103.25,-50.61,1.0,0.292569,19609.17,19609.17,523.35,2.74,9924.17,9804.59,119.59,9685.0,
2024-05-18,67024.0,67400.01,66600.0,66915.2,14441.26,-0.16,64200.64,63821.09,63832.32,True,20.34,22.72,13.21,,,,,,,,,,33103.25,-50.53,1.0,0.218055,14591.2,14591.2,-23.72,-0.16,7372.87,7295.6,77.27,7218.33,,33103.25,-50.53,1.0,0.292569,19577.34,19577.34,-31.83,-0.16,9892.34,9788.67,103.67,9685.0,
2024-05-19,66915.2,67700.0,65857.25,66274.01,18025.3,-0.96,64519.62,64054.7,64013.18,True,20.26,21.55,14.6,,,,,,,,,,33103.25,-50.05,1.0,0.218055,14451.38,14451.38,-139.81,-0.96,7233.05,7225.69,7.36,7218.33,,33103.25,-50.05,1.0,0.292569,19389.75,19389.75,-187.59,-0.96,9704.75,9694.87,9.88,9685.0,
2024-05-20,66274.0,71515.56,66060.31,71446.62,50816.7,7.8,65585.31,64758.7,64563.81,True,21.58,28.38,12.54,,,,,,,,,,33103.25,-53.67,1.0,0.218055,15579.3,15579.3,1127.91,7.8,8360.97,7789.65,571.32,7218.33,,33103.25,-53.67,1.0,0.292569,20903.09,20903.09,1513.35,7.8,11218.1,10451.55,766.55,9685.0,
2024-05-21,71446.62,71979.0,69162.94,70148.34,49607.43,-1.82,66287.32,65272.0,64977.48,True,22.94,27.51,11.63,,,,,71979.0,,HH,,,33103.25,-52.81,1.0,0.218055,15296.2,15296.2,-283.1,-1.82,8077.87,7648.1,429.77,7218.33,,33103.25,-52.81,1.0,0.292569,20523.26,20523.26,-379.84,-1.82,10838.26,10261.63,576.63,9685.0,
2024-05-22,70148.34,70666.0,68842.19,69166.62,27673.18,-1.4,66730.29,65642.91,65287.78,True,23.97,26.18,11.92,,,,,,,,,,33103.25,-52.14,1.0,0.218055,15082.13,15082.13,-214.07,-1.4,7863.8,7541.07,322.73,7218.33,,33103.25,-52.14,1.0,0.292569,20236.04,20236.04,-287.22,-1.4,10551.04,10118.02,433.02,9685.0,
2024-05-23,69166.62,70096.12,66312.16,67969.65,40513.17,-1.73,66920.96,65864.51,65486.44,True,23.37,23.63,17.27,,,,,,66312.16,HL,,,33103.25,-51.3,1.0,0.218055,14821.13,14821.13,-261.01,-1.73,7602.8,7410.56,192.23,7218.33,,33103.25,-51.3,1.0,0.292569,19885.84,19885.84,-350.2,-1.73,10200.84,9942.92,257.92,9685.0,
2024-05-24,67969.66,69250.0,66600.12,68549.99,28095.84,0.85,67171.58,66120.27,65713.37,True,22.81,22.01,16.09,,,,,,,,,,33103.25,-51.71,1.0,0.218055,14947.67,14947.67,126.55,0.85,7729.34,7473.84,255.5,7218.33,,33103.25,-51.71,1.0,0.292569,20055.63,20055.63,169.79,0.85,10370.63,10027.81,342.82,9685.0,
2024-05-25,68549.99,69610.0,68500.0,69290.57,12130.39,1.08,67497.58,66422.2,65978.35,True,22.45,22.33,15.61,,,,,,,,,,33103.25,-52.23,1.0,0.218055,15109.16,15109.16,161.49,1.08,7890.83,7554.58,336.25,7218.33,,33103.25,-52.23,1.0,0.292569,20272.3,20272.3,216.67,1.08,10587.3,10136.15,451.15,9685.0,
2024-05-26,69290.56,69562.23,68128.01,68507.67,11872.12,-1.13,67652.98,66620.82,66165.71,True,21.88,21.43,16.02,,,,,,,,,SMALL HH confirmed @ 71979.00,33103.25,-51.68,1.0,0.218055,14938.45,14938.45,-170.72,-1.13,7720.11,7469.22,250.89,7218.33,,33103.25,-51.68,1.0,0.292569,20043.25,20043.25,-229.05,-1.13,10358.25,10021.62,336.63,9685.0,
2024-05-27,68507.67,70687.56,68250.0,69436.43,23136.93,1.36,67927.35,66888.97,66407.98,True,21.85,23.12,14.93,,,,,70687.56,,LH,,,33103.25,-52.33,1.0,0.218055,15140.97,15140.97,202.52,1.36,7922.63,7570.48,352.15,7218.33,,33103.25,-52.33,1.0,0.292569,20314.97,20314.97,271.73,1.36,10629.98,10157.49,472.49,9685.0,
2024-05-28,69436.43,69591.81,67277.91,68398.39,32622.97,-1.49,67999.82,67032.72,66555.42,True,21.21,21.61,16.69,,,,,,,,,SMALL HL confirmed @ 66312.16,33103.25,-51.6,1.0,0.218055,14914.62,14914.62,-226.35,-1.49,7696.28,7457.31,238.98,7218.33,,33103.25,-51.6,1.0,0.292569,20011.27,20011.27,-303.7,-1.49,10326.28,10005.64,320.64,9685.0,
2024-05-29,68398.4,68935.68,67124.65,67652.42,23159.83,-1.09,67946.37,67091.74,66636.68,True,20.52,20.49,16.26,,,,,,,,,,33103.25,-51.07,1.0,0.218055,14751.95,14751.95,-162.66,-1.09,7533.62,7375.98,157.65,7218.33,,33103.25,-51.07,1.0,0.292569,19793.03,19793.03,-218.25,-1.09,10108.03,9896.51,211.52,9685.0,
2024-05-30,67652.41,69500.0,67128.0,68352.17,28478.22,1.03,68008.8,67211.78,66763.75,True,20.16,20.71,15.15,,,,,,,,,,33103.25,-51.57,1.0,0.218055,14904.54,14904.54,152.58,1.03,7686.21,7452.27,233.94,7218.33,,33103.25,-51.57,1.0,0.292569,19997.75,19997.75,204.73,1.03,10312.75,9998.88,313.88,9685.0,
2024-05-31,68352.17,69044.1,66670.0,67540.01,26690.32,-1.19,67936.68,67243.04,66821.25,True,19.51,19.29,15.43,,,,,,66670.0,HL,,,33103.25,-50.99,1.0,0.218055,14727.44,14727.44,-177.1,-1.19,7509.11,7363.72,145.39,7218.33,,33103.25,-50.99,1.0,0.292569,19760.14,19760.14,-237.61,-1.19,10075.14,9880.07,195.07,9685.0,
2024-06-01,67540.01,67900.0,67428.44,67766.85,8837.66,0.34,67910.55,67292.93,66891.3,True,18.91,19.01,15.21,,,,,,,,,SMALL LH confirmed @ 70687.56,33103.25,-51.15,1.0,0.218055,14776.91,14776.91,49.46,0.34,7558.57,7388.45,170.12,7218.33,,33103.25,-51.15,1.0,0.292569,19826.51,19826.51,66.37,0.34,10141.51,9913.25,228.26,9685.0,
2024-06-02,67766.84,68460.0,67257.47,67765.63,15426.33,-0.0,67888.26,67337.95,66956.06,True,18.68,20.06,14.63,,,,,,,,,,33103.25,-51.15,1.0,0.218055,14776.64,14776.64,-0.27,-0.0,7558.31,7388.32,169.99,7218.33,,33103.25,-51.15,1.0,0.292569,19826.15,19826.15,-0.36,-0.0,10141.15,9913.07,228.08,9685.0,
2024-06-03,67765.62,70288.0,67612.48,68809.9,29633.37,1.54,68030.05,67478.13,67093.38,True,19.39,24.12,13.4,,,,,,,,,,33103.25,-51.89,1.0,0.218055,15004.35,15004.35,227.71,1.54,7786.02,7502.17,283.84,7218.33,,33103.25,-51.89,1.0,0.292569,20131.67,20131.67,305.52,1.54,10446.67,10065.84,380.84,9685.0,
2024-06-04,68809.89,71063.45,68567.32,70537.84,29619.78,2.51,68415.86,67769.54,67348.53,True,20.37,24.66,12.36,,,,,,,,,,33103.25,-53.07,1.0,0.218055,15381.13,15381.13,376.79,2.51,8162.8,7690.57,472.24,7218.33,,33103.25,-53.07,1.0,0.292569,20637.21,20637.21,505.54,2.51,10952.21,10318.61,633.61,9685.0,
2024-06-05,70537.83,71758.0,70383.66,71108.0,28703.18,0.81,68830.04,68087.48,67627.01,True,21.58,25.8,11.81,,,,,,,,BULL_BOS,SMALL HL confirmed @ 66670.00 | SMALL BULL BOS @ 71108.00 (level 70687.56),33103.25,-53.45,1.0,0.218055,15505.46,15505.46,124.33,0.81,8287.13,7752.73,534.4,7218.33,,33103.25,-53.45,1.0,0.292569,20804.02,20804.02,166.81,0.81,11119.03,10402.01,717.01,9685.0,
2024-06-06,71108.0,71700.0,70117.64,70799.06,21842.0,-0.43,69132.96,68345.73,67861.97,True,22.46,24.46,12.07,,,,,,,,,,33103.25,-53.24,1.0,0.218055,15438.09,15438.09,-67.37,-0.43,8219.76,7719.05,500.72,7218.33,,33103.25,-53.24,1.0,0.292569,20713.64,20713.64,-90.39,-0.43,11028.64,10356.82,671.82,9685.0,
2024-06-07,70799.06,71997.02,68420.0,69355.6,35598.45,-2.04,69167.22,68441.91,67972.61,True,21.93,21.72,16.04,71997.02,,LH,,71997.02,,HH,,,33103.25,-52.27,1.0,0.218055,15123.34,15123.34,-314.75,-2.04,7905.01,7561.67,343.34,7218.33,,33103.25,-52.27,1.0,0.292569,20291.33,20291.33,-422.31,-2.04,10606.33,10145.66,460.67,9685.0,
2024-06-08,69355.6,69582.2,69168.02,69310.46,9773.83,-0.07,69189.25,68524.63,68071.71,True,21.44,21.42,15.82,,,,,,,,,,33103.25,-52.24,1.0,0.218055,15113.5,15113.5,-9.84,-0.07,7895.17,7556.75,338.42,7218.33,,33103.25,-52.24,1.0,0.292569,20278.12,20278.12,-13.21,-0.07,10593.12,10139.06,454.06,9685.0,
2024-06-09,69310.46,69857.14,69130.24,69648.14,9890.57,0.49,69259.85,68631.63,68188.49,True,21.14,21.84,15.42,,,,,,,,,,33103.25,-52.47,1.0,0.218055,15187.13,15187.13,73.63,0.49,7968.8,7593.57,375.23,7218.33,,33103.25,-52.47,1.0,0.292569,20376.91,20376.91,98.79,0.49,10691.92,10188.46,503.46,9685.0,
2024-06-10,69648.15,70195.94,69172.29,69540.0,17122.67,-0.16,69302.95,68718.14,68288.6,True,21.05,22.25,14.84,,,,,,,,,,33103.25,-52.4,1.0,0.218055,15163.55,15163.55,-23.58,-0.16,7945.22,7581.78,363.44,7218.33,,33103.25,-52.4,1.0,0.292569,20345.28,20345.28,-31.64,-0.16,10660.28,10172.64,487.64,9685.0,
2024-06-11,69540.0,69590.01,66051.0,67314.24,41436.02,-3.2,68997.0,68584.44,68216.42,True,20.24,19.56,23.74,,,,,,,,,,33103.25,-50.82,1.0,0.218055,14678.21,14678.21,-485.34,-3.2,7459.88,7339.11,120.77,7218.33,,33103.25,-50.82,1.0,0.292569,19694.09,19694.09,-651.19,-3.2,10009.09,9847.04,162.05,9685.0,
2024-06-12,67314.23,69999.0,66905.0,68263.99,37175.32,1.41,68884.23,68553.92,68219.95,True,19.22,18.91,21.31,,,,,,,,,SMALL HH confirmed @ 71997.02,33103.25,-51.51,1.0,0.218055,14885.31,14885.31,207.1,1.41,7666.98,7442.65,224.32,7218.33,,33103.25,-51.51,1.0,0.292569,19971.95,19971.95,277.87,1.41,10286.96,9985.98,300.98,9685.0,
2024-06-13,68263.98,68449.3,66251.78,66773.01,29079.56,-2.18,68559.42,68384.31,68112.77,True,18.64,17.53,21.92,,,,,,,,,,33103.25,-50.42,1.0,0.218055,14560.19,14560.19,-325.12,-2.18,7341.86,7280.1,61.77,7218.33,,33103.25,-50.42,1.0,0.292569,19535.74,19535.74,-436.22,-2.18,9850.74,9767.87,82.87,9685.0,
2024-06-14,66773.01,67370.24,65078.0,66043.99,28408.19,-1.09,68172.43,68161.42,67959.52,True,18.71,16.21,24.13,,,,,,,,BEAR_CHOCH,SMALL BEAR CHOCH @ 66043.99 (level 66670.00),,,,,,14401.23,-158.97,-1.09,0.0,0.0,,14401.23,"EXIT @ 66043.99 (small red CHoCH, realized -35.44)",,,,,,19322.45,-213.29,-1.09,0.0,0.0,,19322.45,"EXIT @ 66043.99 (small red CHoCH, realized -47.55)"
2024-06-15,66043.99,66478.48,65857.1,66228.25,11451.8,0.28,67873.33,67977.31,67831.28,True,18.78,15.86,23.61,,,,,,,,,,,,,,,14401.23,0.0,0.0,0.0,0.0,,14401.23,,,,,,,19322.45,0.0,0.0,0.0,0.0,,19322.45,
2024-06-16,66228.25,66998.7,66034.5,66676.87,9392.52,0.68,67689.26,67853.46,67745.77,False,18.44,17.18,22.79,,,,,,,,,,,,,,,14401.23,0.0,0.0,0.0,0.0,,14401.23,,,,,,,19322.45,0.0,0.0,0.0,0.0,,19322.45,
2024-06-17,66676.86,67298.81,65130.0,66504.33,27386.17,-0.26,67506.96,67724.97,67653.81,False,18.62,15.85,24.26,,,,,,,,,,,,,,,14401.23,0.0,0.0,0.0,0.0,,14401.23,,,,,,,19322.45,0.0,0.0,0.0,0.0,,19322.45,
2024-06-18,66504.33,66588.23,64060.0,65175.32,42350.1,-2.0,67148.25,67482.14,67470.22,False,19.32,14.44,25.86,,,,,,,,,,,,,,,14401.23,0.0,0.0,0.0,0.0,,14401.23,,,,,,,19322.45,0.0,0.0,0.0,0.0,,19322.45,
2024-06-19,65175.32,65727.54,64666.0,64974.37,20060.8,-0.31,66813.8,67243.31,67285.34,False,19.96,13.88,24.86,,,,,,,,,,,,,,,14401.23,0.0,0.0,0.0,0.0,,14401.23,,,,,,,19322.45,0.0,0.0,0.0,0.0,,19322.45,
2024-06-20,64974.37,66482.94,64559.15,64869.99,24265.29,-0.16,66514.76,67017.28,67106.43,False,19.91,15.66,23.12,,,,,,,,,BIG HL confirmed @ 56552.82,,,,,,14401.23,0.0,0.0,0.0,0.0,,14401.23,,,,,,,19322.45,0.0,0.0,0.0,0.0,,19322.45,
2024-06-21,64869.99,65066.66,63379.35,64143.56,25993.56,-1.12,66149.96,66743.59,66886.95,False,20.48,14.69,26.03,,,,,,,,,,,,,,,14401.23,0.0,0.0,0.0,0.0,,14401.23,,,,,,,19322.45,0.0,0.0,0.0,0.0,,19322.45,
2024-06-22,64143.56,64546.81,63943.82,64262.01,7308.96,0.18,65859.5,66507.25,66692.51,False,21.0,14.35,25.42,,,,,,,,,,,,,,,14401.23,0.0,0.0,0.0,0.0,,14401.23,,,,,,,19322.45,0.0,0.0,0.0,0.0,,19322.45,
2024-06-23,64262.01,64521.0,63178.32,63210.01,8224.45,-1.64,65451.89,66193.23,66434.55,False,21.87,13.59,27.1,,,,,,,,,,,,,,,14401.23,0.0,0.0,0.0,0.0,,14401.23,,,,,,,19322.45,0.0,0.0,0.0,0.0,,19322.45,
2024-06-24,63210.01,63369.8,58402.0,60293.3,52161.35,-4.61,64658.26,65631.33,65979.64,False,24.27,11.22,39.14,,,,,,,,,,,,,,,14401.23,0.0,0.0,0.0,0.0,,14401.23,,,,,,,19322.45,0.0,0.0,0.0,0.0,,19322.45,
2024-06-25,60293.3,62420.0,60257.06,61806.01,31189.24,2.51,64219.45,65267.01,65670.49,False,26.5,10.37,36.18,,,,,,,,,,,,,,,14401.23,0.0,0.0,0.0,0.0,,14401.23,,,,,,,19322.45,0.0,0.0,0.0,0.0,,19322.45,
2024-06-26,61806.01,62487.81,60712.0,60864.99,22485.66,-1.52,63703.38,64847.77,65314.52,False,28.51,9.96,33.91,,,,,,,,,,,,,,,14401.23,0.0,0.0,0.0,0.0,,14401.23,,,,,,,19322.45,0.0,0.0,0.0,0.0,,19322.45,
2024-06-27,60864.98,62389.22,60606.63,61706.47,18344.29,1.38,63396.16,64548.6,65047.26,False,30.4,9.33,32.14,,,,,,,,,,,,,,,14401.23,0.0,0.0,0.0,0.0,,14401.23,,,,,,,19322.45,0.0,0.0,0.0,0.0,,19322.45,
2024-06-28,61706.46,62225.31,60063.0,60427.84,24821.19,-2.07,62939.5,64156.15,64705.08,False,32.31,8.61,31.6,,,,,,,,,,,,,,,14401.23,0.0,0.0,0.0,0.0,,14401.23,,,,,,,19322.45,0.0,0.0,0.0,0.0,,19322.45,
2024-06-29,60427.84,61224.0,60383.77,60986.68,11509.56,0.92,62639.07,63854.29,64429.64,False,34.09,8.35,30.62,,,,,,,,,,,,,,,14401.23,0.0,0.0,0.0,0.0,,14401.23,,,,,,,19322.45,0.0,0.0,0.0,0.0,,19322.45,
2024-06-30,60986.68,63058.76,60712.21,62772.01,17326.3,2.93,62659.52,63751.22,64306.86,False,33.97,14.31,28.01,,,,,,,,,,,,,,,14401.23,0.0,0.0,0.0,0.0,,14401.23,,,,,,,19322.45,0.0,0.0,0.0,0.0,,19322.45,
2024-07-01,62772.01,63861.76,62497.2,62899.99,24547.11,0.2,62696.51,63670.15,64202.64,False,33.2,16.57,26.59,,,,,,,,,,,,,,,14401.23,0.0,0.0,0.0,0.0,,14401.23,,,,,,,19322.45,0.0,0.0,0.0,0.0,,19322.45,
2024-07-02,62900.0,63288.83,61806.28,62135.47,18573.12,-1.22,62610.2,63523.99,64049.52,False,32.82,15.64,27.71,,,,,,,,,,,,,,,14401.23,0.0,0.0,0.0,0.0,,14401.23,,,,,,,19322.45,0.0,0.0,0.0,0.0,,19322.45,
2024-07-03,62135.46,62285.94,59400.0,60208.58,32160.11,-3.1,62240.72,63208.24,63765.01,False,33.41,13.99,33.56,,,,,,,,,,,,,,,14401.23,0.0,0.0,0.0,0.0,,14401.23,,,,,,,19322.45,0.0,0.0,0.0,0.0,,19322.45,
2024-07-04,60208.57,60498.19,56771.0,57050.01,54568.77,-5.25,61442.15,62621.74,63267.6,False,34.71,12.21,38.28,,,,,,,,,,,,,,,14401.23,0.0,0.0,0.0,0.0,,14401.23,,,,,,,19322.45,0.0,0.0,0.0,0.0,,19322.45,
2024-07-05,57050.02,57546.0,53485.93,56628.79,81348.25,-0.74,60701.63,62050.98,62775.83,False,36.59,10.62,43.83,,,,,,53485.93,LL,,,,,,,,14401.23,0.0,0.0,0.0,0.0,,14401.23,,,,,,,19322.45,0.0,0.0,0.0,0.0,,19322.45,
2024-07-06,56628.79,58475.0,56018.0,58230.13,21651.32,2.83,60321.4,61687.09,62439.12,False,37.69,12.75,40.4,,,,,,,,,,,,,,,14401.23,0.0,0.0,0.0,0.0,,14401.23,,,,,,,19322.45,0.0,0.0,0.0,0.0,,19322.45,
2024-07-07,58230.13,58449.46,55724.37,55857.81,19118.94,-4.07,59634.69,61131.92,61951.61,False,38.78,11.66,37.87,,,,BEAR_CHOCH,,,,,BIG BEAR CHOCH @ 55857.81 (level 56552.82),,,,,,14401.23,0.0,0.0,0.0,0.0,,14401.23,,,,,,,19322.45,0.0,0.0,0.0,0.0,,19322.45,
2024-07-08,55857.81,58236.73,54260.16,56714.62,48090.2,1.53,59185.45,60711.23,61563.69,False,40.1,10.28,37.75,,,,,,,,,,,,,,,14401.23,0.0,0.0,0.0,0.0,,14401.23,,,,,,,19322.45,0.0,0.0,0.0,0.0,,19322.45,
2024-07-09,56714.61,58296.0,56289.45,58050.0,27732.21,2.35,59010.77,60457.78,61303.41,False,41.27,9.83,35.46,,,,,,,,,,,,,,,14401.23,0.0,0.0,0.0,0.0,,14401.23,,,,,,,19322.45,0.0,0.0,0.0,0.0,,19322.45,
2024-07-10,58050.0,59470.0,57157.79,57725.85,24951.74,-0.56,58813.09,60197.59,61038.41,False,41.5,12.69,32.99,,,,,,,,,SMALL LL confirmed @ 53485.93,,,,,,14401.23,0.0,0.0,0.0,0.0,,14401.23,,,,,,,19322.45,0.0,0.0,0.0,0.0,,19322.45,
2024-07-11,57725.85,59650.0,57050.0,57339.89,29761.06,-0.67,58586.44,59925.43,60764.44,False,41.58,12.24,30.42,,,,,,,,,,,,,,,14401.23,0.0,0.0,0.0,0.0,,14401.23,,,,,,,19322.45,0.0,0.0,0.0,0.0,,19322.45,
2024-07-12,57339.89,58526.68,56542.47,57889.1,23652.46,0.96,58479.16,59731.49,60551.46,False,41.8,11.51,30.13,,,,,,,,,,,,,,,14401.23,0.0,0.0,0.0,0.0,,14401.23,,,,,,,19322.45,0.0,0.0,0.0,0.0,,19322.45,
2024-07-13,57889.09,59850.0,57756.63,59204.02,15357.75,2.27,58590.68,59681.26,60451.65,False,41.04,14.81,28.2,,,,,,,,,,,,,,,14401.23,0.0,0.0,0.0,0.0,,14401.23,,,,,,,19322.45,0.0,0.0,0.0,0.0,,19322.45,
2024-07-14,59204.01,61420.69,59194.01,60797.91,21178.34,2.69,58930.25,59787.61,60477.29,False,39.33,18.62,26.28,,,,,,,,,,,,,,,14401.23,0.0,0.0,0.0,0.0,,14401.23,,,,,,,19322.45,0.0,0.0,0.0,0.0,,19322.45,
2024-07-15,60797.91,64900.0,60632.3,64724.14,38690.98,6.46,59821.62,60257.75,60791.88,False,37.0,26.39,23.03,,,,,,,,,,,,,,,14401.23,0.0,0.0,0.0,0.0,,14401.23,,,,,,,19322.45,0.0,0.0,0.0,0.0,,19322.45,
2024-07-16,64724.06,65388.97,62373.24,65043.99,42530.53,0.49,60625.06,60713.58,61106.85,False,35.05,25.52,21.05,,,,,,,,,,,,,,,14401.23,0.0,0.0,0.0,0.0,,14401.23,,,,,,,19322.45,0.0,0.0,0.0,0.0,,19322.45,
2024-07-17,65044.0,66128.63,63854.0,64087.99,29567.53,-1.47,61157.82,61034.96,61327.67,False,33.53,25.97,19.68,,,,,,,,,,,,,,,14401.23,0.0,0.0,0.0,0.0,,14401.23,,,,,,,19322.45,0.0,0.0,0.0,0.0,,19322.45,
2024-07-18,64087.99,65133.3,63238.48,63987.92,22568.72,-0.16,61593.22,61316.19,61524.73,True,31.79,24.54,20.38,,,,,,,,,,,,,,,14401.23,0.0,0.0,0.0,0.0,,14401.23,,,,,,,19322.45,0.0,0.0,0.0,0.0,,19322.45,
2024-07-19,63987.92,67386.0,63300.67,66660.0,35634.73,4.18,62372.72,61825.13,61905.12,True,31.07,28.02,18.07,,,,,,,,,,,,,,,14401.23,0.0,0.0,0.0,0.0,,14401.23,,,,,,,19322.45,0.0,0.0,0.0,0.0,,19322.45,
2024-07-20,66660.01,67598.0,66222.46,67139.96,14386.92,0.72,63106.14,62331.3,62292.88,True,30.47,27.52,17.35,,,,,,,,,,,,,,,14401.23,0.0,0.0,0.0,0.0,,14401.23,,,,,,,19322.45,0.0,0.0,0.0,0.0,,19322.45,
2024-07-21,67139.97,68366.66,65777.0,68165.34,21819.11,1.53,63884.48,62886.92,62727.88,True,30.19,27.68,16.06,,,,,,,,,,,,,,,14401.23,0.0,0.0,0.0,0.0,,14401.23,,,,,,,19322.45,0.0,0.0,0.0,0.0,,19322.45,
2024-07-22,68165.35,68474.55,66559.97,67532.01,21451.04,-0.93,64445.64,63329.31,63083.74,True,29.97,26.45,15.16,,,,,,,,,,,,,,,14401.23,0.0,0.0,0.0,0.0,,14401.23,,,,,,,19322.45,0.0,0.0,0.0,0.0,,19322.45,
2024-07-23,67532.0,67750.98,65441.08,65936.01,31406.15,-2.36,64674.93,63577.57,63295.02,True,29.06,24.66,17.41,,,,,,,,,,,,,,,14401.23,0.0,0.0,0.0,0.0,,14401.23,,,,,,,19322.45,0.0,0.0,0.0,0.0,,19322.45,
2024-07-24,65936.0,67102.01,65111.0,65376.0,23082.56,-0.85,64782.79,63748.85,63449.17,True,28.01,23.2,17.37,,,,,,,,,,,,,,,14401.23,0.0,0.0,0.0,0.0,,14401.23,,,,,,,19322.45,0.0,0.0,0.0,0.0,,19322.45,
2024-07-25,65376.01,66175.49,63456.7,65799.95,35126.43,0.65,64939.27,63944.19,63623.3,True,26.09,21.34,20.84,,,,,,,,,,,,,,,14401.23,0.0,0.0,0.0,0.0,,14401.23,,,,,,,19322.45,0.0,0.0,0.0,0.0,,19322.45,
2024-07-26,65799.95,68200.0,65722.63,67907.99,24244.36,3.2,65396.0,64321.7,63940.68,True,25.25,25.74,19.33,,,,,,,,,,,,,,,14401.23,0.0,0.0,0.0,0.0,,14401.23,,,,,,,19322.45,0.0,0.0,0.0,0.0,,19322.45,
2024-07-27,67908.0,69399.99,66650.0,67896.5,31710.22,-0.02,65780.69,64662.15,64233.71,True,24.93,27.17,17.78,,,,,,,,,BIG LH confirmed @ 71997.02,,,,,,14401.23,0.0,0.0,0.0,0.0,,14401.23,,,,,,,19322.45,0.0,0.0,0.0,0.0,,19322.45,
2024-07-28,67896.49,68318.43,67066.66,68249.88,10868.69,0.52,66160.57,65003.84,64531.2,True,24.65,26.15,17.11,,,,,,,,,,,,,,,14401.23,0.0,0.0,0.0,0.0,,14401.23,,,,,,,19322.45,0.0,0.0,0.0,0.0,,19322.45,
2024-07-29,68249.88,70079.99,66428.0,66784.69,36467.3,-2.15,66256.58,65173.45,64698.13,True,25.04,28.49,15.29,,,,,70079.99,,LH,,,,,,,,14401.23,0.0,0.0,0.0,0.0,,14401.23,,,,,,,19322.45,0.0,0.0,0.0,0.0,,19322.45,
2024-07-30,66784.68,67000.0,65302.67,66188.0,23132.25,-0.89,66246.03,65270.07,64808.49,True,24.71,27.05,17.86,,,,,,,,,,,,,,,14401.23,0.0,0.0,0.0,0.0,,14401.23,,,,,,,19322.45,0.0,0.0,0.0,0.0,,19322.45,
2024-07-31,66188.0,66849.24,64530.0,64628.0,22625.44,-2.36,65997.11,65208.92,64795.12,True,23.96,25.18,18.93,,,,,,,,,,,,,,,14401.23,0.0,0.0,0.0,0.0,,14401.23,,,,,,,19322.45,0.0,0.0,0.0,0.0,,19322.45,
2024-08-01,64628.01,65659.78,62302.0,65354.02,35542.27,1.12,65898.17,65222.74,64836.52,True,22.37,22.74,23.54,,,,,,,,,,,,,,,14401.23,0.0,0.0,0.0,0.0,,14401.23,,,,,,,19322.45,0.0,0.0,0.0,0.0,,19322.45,
2024-08-02,65354.02,65596.14,61230.01,61498.33,38820.43,-5.9,65221.27,64868.03,64589.25,True,21.37,20.01,23.66,,,,,,,,,,,,,,,14401.23,0.0,0.0,0.0,0.0,,14401.23,,,,,,,19322.45,0.0,0.0,0.0,0.0,,19322.45,
2024-08-03,61498.34,62198.22,59850.0,60697.99,28034.72,-1.3,64525.38,64470.89,64301.0,True,21.0,18.71,25.94,,,,,,,,,SMALL LH confirmed @ 70079.99,,,,,,14401.23,0.0,0.0,0.0,0.0,,14401.23,,,,,,,19322.45,0.0,0.0,0.0,0.0,,19322.45,
2024-08-04,60697.99,61117.63,57122.77,58161.0,31616.52,-4.18,63546.25,63869.95,63846.19,False,21.58,16.73,30.44,,,,,,,,,,,,,,,14401.23,0.0,0.0,0.0,0.0,,14401.23,,,,,,,19322.45,0.0,0.0,0.0,0.0,,19322.45,
2024-08-05,58161.0,58305.59,49000.0,54018.81,162065.59,-7.12,62080.49,62931.74,63118.24,False,23.79,13.21,42.4,,49000.0,LL,,,49000.0,LL,,,,,,,,14401.23,0.0,0.0,0.0,0.0,,14401.23,,,,,,,19322.45,0.0,0.0,0.0,0.0,,19322.45,
2024-08-06,54018.82,57040.99,53950.0,56022.01,55884.78,3.71,61148.41,62273.67,62592.59,False,25.84,12.28,39.43,,,,,,,,,,,,,,,14401.23,0.0,0.0,0.0,0.0,,14401.23,,,,,,,19322.45,0.0,0.0,0.0,0.0,,19322.45,
2024-08-07,56022.0,57736.05,54558.62,55134.16,44269.38,-1.58,60223.14,61593.72,62040.11,False,27.4,12.97,36.6,,,,,,,,,,,,,,,14401.23,0.0,0.0,0.0,0.0,,14401.23,,,,,,,19322.45,0.0,0.0,0.0,0.0,,19322.45,
2024-08-08,55133.76,62745.14,54730.0,61685.99,48349.53,11.88,60448.2,61602.51,62013.88,False,26.76,21.07,30.61,,,,,62745.14,,LH,,,,,,,,14401.23,0.0,0.0,0.0,0.0,,14401.23,,,,,,,19322.45,0.0,0.0,0.0,0.0,,19322.45,
2024-08-09,61686.0,61744.37,59535.0,60837.99,30972.48,-1.37,60508.16,61529.7,61926.78,False,26.17,20.09,29.2,,,,,,,,,,,,,,,14401.23,0.0,0.0,0.0,0.0,,14401.23,,,,,,,19322.45,0.0,0.0,0.0,0.0,,19322.45,
2024-08-10,60837.99,61470.58,60242.0,60923.51,9995.21,0.14,60572.06,61471.96,61852.46,False,25.62,19.55,28.41,,,,,,,,,SMALL LL confirmed @ 49000.00,,,,,,14401.23,0.0,0.0,0.0,0.0,,14401.23,,,,,,,19322.45,0.0,0.0,0.0,0.0,,19322.45,
2024-08-11,60923.51,61858.0,58286.73,58712.59,19189.85,-3.63,60285.99,61209.17,61619.88,False,25.62,18.03,30.46,,,,,,,,,,,,,,,14401.23,0.0,0.0,0.0,0.0,,14401.23,,,,,,,19322.45,0.0,0.0,0.0,0.0,,19322.45,
2024-08-12,58712.59,60711.09,57642.21,59346.64,37009.92,1.08,60141.48,61031.78,61451.49,False,25.78,16.82,29.83,,,,,,,,,,,,,,,14401.23,0.0,0.0,0.0,0.0,,14401.23,,,,,,,19322.45,0.0,0.0,0.0,0.0,,19322.45,
2024-08-13,59346.64,61578.1,58392.88,60587.15,27858.96,2.09,60210.04,60989.44,61387.47,False,25.55,17.54,27.74,,,,,,,,,SMALL LH confirmed @ 62745.14,,,,,,14401.23,0.0,0.0,0.0,0.0,,14401.23,,,,,,,19322.45,0.0,0.0,0.0,0.0,,19322.45,
2024-08-14,60587.16,61800.0,58433.18,58683.39,28422.76,-3.14,59975.17,60769.81,61187.16,False,25.23,16.74,25.7,,,,,,,,,,,,,,,14401.23,0.0,0.0,0.0,0.0,,14401.23,,,,,,,19322.45,0.0,0.0,0.0,0.0,,19322.45,
2024-08-15,58683.39,59849.38,56078.54,57541.06,37686.18,-1.95,59600.69,60462.31,60917.08,False,25.59,15.37,28.7,,,,,,56078.54,HL,,,,,,,,14401.23,0.0,0.0,0.0,0.0,,14401.23,,,,,,,19322.45,0.0,0.0,0.0,0.0,,19322.45,
2024-08-16,57541.05,59817.76,57098.62,58874.6,27610.84,2.32,59488.99,60311.1,60765.79,False,25.92,14.45,26.99,,,,,,,,,,,,,,,14401.23,0.0,0.0,0.0,0.0,,14401.23,,,,,,,19322.45,0.0,0.0,0.0,0.0,,19322.45,
2024-08-17,58874.59,59700.0,58785.05,59491.99,7721.73,1.05,59489.45,60233.09,60671.43,False,26.23,14.15,26.42,,,,,,,,,,,,,,,14401.23,0.0,0.0,0.0,0.0,,14401.23,,,,,,,19322.45,0.0,0.0,0.0,0.0,,19322.45,
2024-08-18,59491.99,60284.99,58408.92,58427.35,13634.86,-1.79,59326.05,60061.12,60505.2,False,26.19,14.91,25.24,,,,,,,,,,,,,,,14401.23,0.0,0.0,0.0,0.0,,14401.23,,,,,,,19322.45,0.0,0.0,0.0,0.0,,19322.45,
2024-08-19,58427.35,59617.63,57787.3,59438.5,22809.31,1.73,59343.35,60001.82,60426.19,False,26.36,14.24,25.63,,,,,,,,,,,,,,,14401.23,0.0,0.0,0.0,0.0,,14401.23,,,,,,,19322.45,0.0,0.0,0.0,0.0,,19322.45,
2024-08-20,59438.5,61400.0,58548.23,59013.8,31477.45,-0.71,59292.65,59907.72,60321.57,False,25.55,17.61,23.84,,,,,,,,,SMALL HL confirmed @ 56078.54,,,,,,14401.23,0.0,0.0,0.0,0.0,,14401.23,,,,,,,19322.45,0.0,0.0,0.0,0.0,,19322.45,
2024-08-21,59013.8,61820.93,58783.47,61156.03,27983.64,3.63,59579.32,60026.61,60383.38,False,24.59,17.33,22.07,,,,,,,,,,,,,,,14401.23,0.0,0.0,0.0,0.0,,14401.23,,,,,,,19322.45,0.0,0.0,0.0,0.0,,19322.45,
2024-08-22,61156.03,61400.0,59724.87,60375.84,21241.21,-1.28,59701.86,60059.87,60382.82,False,23.69,16.6,21.14,,,,,,,,,,,,,,,14401.23,0.0,0.0,0.0,0.0,,14401.23,,,,,,,19322.45,0.0,0.0,0.0,0.0,,19322.45,
2024-08-23,60375.83,64955.0,60342.14,64037.24,38118.07,6.06,60368.84,60438.67,60653.52,False,22.77,23.33,18.79,,,,,,,,BULL_CHOCH,SMALL BULL CHOCH @ 64037.24 (level 62745.14),32018.62,-50.0,1.0,0.224888,14401.23,14401.23,0.0,0.0,7200.61,7200.61,0.0,7200.61,"ENTRY @ 64037.24 (small green CHoCH, margin $7200.61 [50% of bank] @ 2x [ADX 22.8, zone red], 0.224888 units)",32018.62,-50.0,1.0,0.301738,19322.45,19322.45,0.0,0.0,9661.22,9661.22,0.0,9661.22,"ENTRY @ 64037.24 (small green CHoCH, margin $9661.22 [50% of bank] @ 2x [ADX 22.8, zone red], 0.301738 units)"
2024-08-24,64037.24,64494.5,63531.0,64157.01,15857.16,0.19,60951.64,60792.79,60913.04,True,21.91,22.76,18.33,,,,,,,,,,32018.62,-50.09,1.0,0.224888,14428.16,14428.16,26.93,0.19,7227.55,7214.08,13.47,7200.61,,32018.62,-50.09,1.0,0.301738,19358.59,19358.59,36.14,0.19,9697.36,9679.29,18.07,9661.22,
2024-08-25,64157.02,65000.0,63773.27,64220.0,12305.48,0.1,61454.46,61119.19,61158.0,True,21.32,23.36,17.74,,,,,65000.0,,HH,,,32018.62,-50.14,1.0,0.224888,14442.33,14442.33,14.17,0.1,7241.71,7221.16,20.55,7200.61,,32018.62,-50.14,1.0,0.301738,19377.6,19377.6,19.01,0.1,9716.37,9688.8,27.57,9661.22,
2024-08-26,64219.99,64481.0,62800.0,62834.0,19470.05,-2.16,61666.7,61282.51,61282.14,True,20.26,22.29,19.57,,,,,,,,,,32018.62,-49.04,1.0,0.224888,14130.63,14130.63,-311.7,-2.16,6930.02,7065.32,-135.3,7200.61,,32018.62,-49.04,1.0,0.301738,18959.39,18959.39,-418.21,-2.16,9298.16,9479.69,-181.53,9661.22,
2024-08-27,62834.0,63212.0,58034.01,59415.0,35135.94,-5.44,61320.29,61104.65,61143.84,True,20.25,19.36,29.09,,,,,,,,,,32018.62,-46.11,1.0,0.224888,13361.74,13361.74,-768.89,-5.44,6161.13,6680.87,-519.74,7200.61,,32018.62,-46.11,1.0,0.301738,17927.75,17927.75,-1031.64,-5.44,8266.52,8963.87,-697.35,9661.22,
2024-08-28,59415.0,60234.98,57860.0,59034.9,36868.54,-0.64,60968.69,60907.53,60987.62,False,20.29,18.18,27.76,,,,,,,,,,32018.62,-45.76,1.0,0.224888,13276.26,13276.26,-85.48,-0.64,6075.65,6638.13,-562.48,7200.61,,32018.62,-45.76,1.0,0.301738,17813.05,17813.05,-114.69,-0.64,8151.83,8906.53,-754.7,9661.22,
2024-08-29,59034.9,61166.99,58713.09,59359.01,27020.91,0.55,60721.04,60760.05,60866.98,False,19.88,19.44,26.0,,,,,,,,,,32018.62,-46.06,1.0,0.224888,13349.15,13349.15,72.89,0.55,6148.53,6674.57,-526.04,7200.61,,32018.62,-46.06,1.0,0.301738,17910.85,17910.85,97.8,0.55,8249.63,8955.43,-705.8,9661.22,
2024-08-30,59359.0,59944.07,57701.1,59123.99,28519.32,-0.4,60475.34,60604.24,60737.87,False,19.85,18.29,27.13,,,,,,,,,SMALL HH confirmed @ 65000.00,32018.62,-45.84,1.0,0.224888,13296.29,13296.29,-52.85,-0.4,6095.68,6648.15,-552.47,7200.61,,32018.62,-45.84,1.0,0.301738,17839.94,17839.94,-70.91,-0.4,8178.71,8919.97,-741.26,9661.22,
2024-08-31,59123.99,59462.38,58744.0,58973.99,8798.41,-0.25,60244.37,60448.98,60607.21,False,19.82,17.93,26.59,,,,,,,,,,32018.62,-45.71,1.0,0.224888,13262.56,13262.56,-33.73,-0.25,6061.95,6631.28,-569.33,7200.61,,32018.62,-45.71,1.0,0.301738,17794.68,17794.68,-45.26,-0.25,8133.45,8897.34,-763.89,9661.22,
2024-09-01,58974.0,59076.59,57201.0,57301.86,20705.16,-2.84,59791.67,60149.25,60362.37,False,20.33,16.98,29.54,,,,,,,,,,32018.62,-44.12,1.0,0.224888,12886.52,12886.52,-376.04,-2.84,5685.91,6443.26,-757.35,7200.61,,32018.62,-44.12,1.0,0.301738,17290.13,17290.13,-504.54,-2.84,7628.91,8645.07,-1016.16,9661.22,
2024-09-02,57301.77,59425.69,57128.0,59132.13,22895.01,3.19,59690.2,60052.38,60271.24,False,20.6,16.86,27.61,,,,,,,,,,32018.62,-45.85,1.0,0.224888,13298.13,13298.13,411.61,3.19,6097.51,6649.06,-551.55,7200.61,,32018.62,-45.85,1.0,0.301738,17842.39,17842.39,552.26,3.19,8181.17,8921.2,-740.03,9661.22,
2024-09-03,59132.12,59809.65,57415.0,57487.73,22828.18,-2.78,59351.36,59808.13,60065.06,False,20.63,16.81,25.72,,,,,,,,,,32018.62,-44.3,1.0,0.224888,12928.32,12928.32,-369.81,-2.78,5727.71,6464.16,-736.45,7200.61,,32018.62,-44.3,1.0,0.301738,17346.22,17346.22,-496.18,-2.78,7684.99,8673.11,-988.12,9661.22,
2024-09-04,57487.74,58519.0,55606.0,57970.9,35560.82,0.84,59138.98,59633.16,59909.93,False,21.3,15.43,28.71,,,,,,,,,,32018.62,-44.77,1.0,0.224888,13036.98,13036.98,108.66,0.84,5836.36,6518.49,-682.12,7200.61,,32018.62,-44.77,1.0,0.301738,17492.01,17492.01,145.79,0.84,7830.78,8746.0,-915.22,9661.22,
2024-09-05,57970.9,58327.07,55643.65,56180.0,27806.91,-3.09,58683.76,59304.28,59633.64,False,21.93,14.26,26.55,,,,,,,,,,32018.62,-43.01,1.0,0.224888,12634.23,12634.23,-402.75,-3.09,5433.61,6317.11,-883.5,7200.61,,32018.62,-43.01,1.0,0.301738,16951.62,16951.62,-540.38,-3.09,7290.4,8475.81,-1185.41,9661.22,
2024-09-06,56180.0,57008.0,52550.0,53962.97,54447.77,-3.95,57957.48,58795.59,59213.59,False,23.45,12.57,31.64,,,,,,52550.0,LL,BEAR_CHOCH,SMALL BEAR CHOCH @ 53962.97 (level 56078.54),,,,,,12135.64,-498.58,-3.95,0.0,0.0,,12135.64,"EXIT @ 53962.97 (small red CHoCH, realized -2265.59)",,,,,,16282.66,-668.96,-3.95,0.0,0.0,,16282.66,"EXIT @ 53962.97 (small red CHoCH, realized -3039.79)"
2024-09-07,53962.97,54850.0,53745.54,54160.86,16694.05,0.37,57373.39,58354.18,58839.32,False,24.85,12.18,30.66,,,,,,,,,,,,,,,12135.64,0.0,0.0,0.0,0.0,,12135.64,,,,,,,16282.66,0.0,0.0,0.0,0.0,,16282.66,
2024-09-08,54160.86,55318.0,53629.01,54869.95,16274.15,1.31,56988.24,58022.35,58545.29,False,25.83,12.93,29.19,,,,,,,,,,,,,,,12135.64,0.0,0.0,0.0,0.0,,12135.64,,,,,,,16282.66,0.0,0.0,0.0,0.0,,16282.66,
2024-09-09,54869.95,58088.0,54591.96,57042.0,32384.52,3.96,56996.51,57928.99,58433.93,False,25.08,19.36,26.36,,,,,,,,,,,,,,,12135.64,0.0,0.0,0.0,0.0,,12135.64,,,,,,,16282.66,0.0,0.0,0.0,0.0,,16282.66,
2024-09-10,57042.01,58044.36,56386.4,57635.99,23626.78,1.04,57094.89,57901.08,58374.83,False,24.38,18.45,25.11,,,,,,,,,,,,,,,12135.64,0.0,0.0,0.0,0.0,,12135.64,,,,,,,16282.66,0.0,0.0,0.0,0.0,,16282.66,
2024-09-11,57635.99,57981.71,55545.19,57338.0,33026.57,-0.52,57132.29,57847.45,58298.03,False,24.07,17.16,25.77,,,,,,,,,SMALL LL confirmed @ 52550.00,,,,,,12135.64,0.0,0.0,0.0,0.0,,12135.64,,,,,,,16282.66,0.0,0.0,0.0,0.0,,16282.66,
2024-09-12,57338.0,58588.0,57324.0,58132.32,31074.41,1.39,57286.14,57874.58,58285.75,False,23.43,18.31,24.81,,,,,,,,,,,,,,,12135.64,0.0,0.0,0.0,0.0,,12135.64,,,,,,,16282.66,0.0,0.0,0.0,0.0,,16282.66,
2024-09-13,58132.31,60625.0,57632.62,60498.0,29825.23,4.07,57780.28,58124.43,58449.62,False,21.76,22.64,22.65,,,,,,,,,,,,,,,12135.64,0.0,0.0,0.0,0.0,,12135.64,,,,,,,16282.66,0.0,0.0,0.0,0.0,,16282.66,
2024-09-14,60497.99,60610.45,59400.0,59993.03,12137.91,-0.83,58120.7,58302.4,58563.95,False,20.2,21.82,21.82,,,,,,,,,,,,,,,12135.64,0.0,0.0,0.0,0.0,,12135.64,,,,,,,16282.66,0.0,0.0,0.0,0.0,,16282.66,
2024-09-15,59993.02,60395.8,58691.05,59132.0,13757.92,-1.44,58276.28,58381.41,58606.03,False,19.12,20.67,22.86,,,,,,,,,,,,,,,12135.64,0.0,0.0,0.0,0.0,,12135.64,,,,,,,16282.66,0.0,0.0,0.0,0.0,,16282.66,
2024-09-16,59132.0,59210.7,57493.3,58213.99,26477.56,-1.55,58266.7,58365.46,58576.99,False,18.68,19.56,25.38,,,,,,,,,,,,,,,12135.64,0.0,0.0,0.0,0.0,,12135.64,,,,,,,16282.66,0.0,0.0,0.0,0.0,,16282.66,
2024-09-17,58213.99,61320.0,57610.01,60313.99,33116.26,3.61,58581.67,58551.04,58705.65,False,17.52,23.71,22.56,,,,,,,,,,,,,,,12135.64,0.0,0.0,0.0,0.0,,12135.64,,,,,,,16282.66,0.0,0.0,0.0,0.0,,16282.66,
2024-09-18,60313.99,61786.24,59174.8,61759.99,36087.02,2.4,59070.64,58856.65,58931.9,True,16.67,23.25,20.8,,,,,,,,,,,,,,,12135.64,0.0,0.0,0.0,0.0,,12135.64,,,,,,,16282.66,0.0,0.0,0.0,0.0,,16282.66,
2024-09-19,61759.98,63850.0,61555.0,62947.99,34332.53,1.92,59667.16,59246.3,59229.39,True,16.76,27.83,19.37,,,,,,,,,,,,,,,12135.64,0.0,0.0,0.0,0.0,,12135.64,,,,,,,16282.66,0.0,0.0,0.0,0.0,,16282.66,
2024-09-20,62948.0,64133.32,62350.0,63201.05,25466.38,0.4,60210.83,59622.94,59523.59,True,16.95,27.18,18.32,,,,,,,,,,,,,,,12135.64,0.0,0.0,0.0,0.0,,12135.64,,,,,,,16282.66,0.0,0.0,0.0,0.0,,16282.66,
2024-09-21,63201.05,63559.9,62758.0,63348.96,8375.35,0.23,60693.62,59977.8,59806.95,True,17.13,26.48,17.85,,,,,,,,,,,,,,,12135.64,0.0,0.0,0.0,0.0,,12135.64,,,,,,,16282.66,0.0,0.0,0.0,0.0,,16282.66,
2024-09-22,63348.97,64000.0,62357.93,63578.76,14242.2,0.36,61137.49,60320.75,60086.34,True,17.49,26.5,16.9,,,,,,,,,,,,,,,12135.64,0.0,0.0,0.0,0.0,,12135.64,,,,,,,16282.66,0.0,0.0,0.0,0.0,,16282.66,
2024-09-23,63578.76,64745.88,62538.75,63339.99,24078.05,-0.38,61476.33,60608.3,60327.35,True,18.13,27.02,15.69,,,,,,,,,,,,,,,12135.64,0.0,0.0,0.0,0.0,,12135.64,,,,,,,16282.66,0.0,0.0,0.0,0.0,,16282.66,
2024-09-24,63339.99,64688.0,62700.0,64262.7,23185.05,1.46,61905.01,60956.34,60618.86,True,18.74,25.26,14.66,,,,,,,,,BIG LL confirmed @ 49000.00,,,,,,12135.64,0.0,0.0,0.0,0.0,,12135.64,,,,,,,16282.66,0.0,0.0,0.0,0.0,,16282.66,
2024-09-25,64262.7,64817.99,62947.08,63152.01,17813.11,-1.73,62096.85,61165.45,60806.5,True,19.35,24.13,13.76,,,,,,,,,,,,,,,12135.64,0.0,0.0,0.0,0.0,,12135.64,,,,,,,16282.66,0.0,0.0,0.0,0.0,,16282.66,
2024-09-26,63152.01,65839.0,62670.0,65173.99,28373.31,3.2,62570.26,61547.21,61130.02,True,20.38,24.95,12.36,,,,,,,,BULL_CHOCH,SMALL BULL CHOCH @ 65173.99 (level 65000.00),58656.59,-10.0,5.0,0.931019,60678.21,12135.64,0.0,0.0,6067.82,6067.82,0.0,6067.82,"ENTRY @ 65173.99 (small green CHoCH, margin $6067.82 [50% of bank] @ 10x [ADX 20.4, zone green], 0.931019 units)",58656.59,-10.0,5.0,1.249169,81413.31,16282.66,0.0,0.0,8141.33,8141.33,0.0,8141.33,"ENTRY @ 65173.99 (small green CHoCH, margin $8141.33 [50% of bank] @ 10x [ADX 20.4, zone green], 1.249169 units)"
2024-09-27,65173.99,66498.0,64819.9,65769.95,22048.8,0.91,63062.52,61949.38,61473.72,True,21.61,25.73,11.68,,,,,66498.0,,HH,,,58656.59,-10.82,4.83,0.931019,61233.06,12690.49,554.85,4.57,6622.67,6123.31,499.36,6067.82,,58656.59,-10.82,4.83,1.249169,82157.77,17027.12,744.45,4.57,8885.79,8215.78,670.01,8141.33,
2024-09-28,65769.95,66260.0,65422.23,65858.0,9127.23,0.13,63492.59,62321.63,61798.48,True,22.75,25.0,11.35,,,,,,,,,,58656.59,-10.93,4.8,0.931019,61315.04,12772.47,81.98,0.65,6704.65,6131.5,573.14,6067.82,,58656.59,-10.93,4.8,1.249169,82267.76,17137.11,109.99,0.65,8995.78,8226.78,769.0,8141.33,
2024-09-29,65858.0,66076.12,65432.0,65602.01,8337.74,-0.39,63817.12,62634.05,62080.22,True,23.8,24.42,11.09,,,,,,,,,,58656.59,-10.59,4.87,0.931019,61076.7,12534.14,-238.33,-1.87,6466.32,6107.67,358.65,6067.82,,58656.59,-10.59,4.87,1.249169,81947.98,16817.33,-319.77,-1.87,8676.0,8194.8,481.2,8141.33,
2024-09-30,65602.01,65618.8,62856.3,63327.59,30011.09,-3.47,63741.81,62700.1,62172.62,True,22.64,22.07,19.01,,,,,,,,,,58656.59,-7.38,5.66,0.931019,58959.18,10416.61,-2117.53,-16.89,4348.79,5895.92,-1547.13,6067.82,,58656.59,-7.38,5.66,1.249169,79106.85,13976.2,-2841.13,-16.89,5834.87,7910.68,-2075.82,8141.33,
2024-10-01,63327.6,64130.63,60164.0,60805.78,43671.48,-3.98,63290.11,62519.69,62071.37,True,22.01,19.2,25.35,,,,,,,,,,58656.59,-3.53,7.02,0.931019,56611.32,8068.76,-2347.85,-22.54,2000.94,5661.13,-3660.2,6067.82,,58656.59,-3.53,7.02,1.249169,75956.68,10826.03,-3150.17,-22.54,2684.7,7595.67,-4910.97,8141.33,
2024-10-02,60804.92,62390.31,60000.0,60649.28,31534.7,-0.26,62883.83,62341.55,61966.03,True,21.5,17.71,23.92,,,,,,,,,SMALL HH confirmed @ 66498.00,58656.59,-3.29,7.13,0.931019,56465.62,7923.05,-145.7,-1.81,1855.23,5646.56,-3791.33,6067.82,,58656.59,-3.29,7.13,1.249169,75761.19,10630.54,-195.49,-1.81,2489.2,7576.12,-5086.91,8141.33,
2024-10-03,60649.27,61477.19,59828.11,60752.71,26221.43,0.17,62555.96,62190.23,61876.16,True,21.11,16.74,23.18,,,,,,59828.11,HL,,,58656.59,-3.45,7.05,0.931019,56561.91,8019.35,96.3,1.22,1951.53,5656.19,-3704.67,6067.82,,58656.59,-3.45,7.05,1.249169,75890.39,10759.74,129.2,1.22,2618.41,7589.04,-4970.63,8141.33,
2024-10-04,60752.72,62484.85,60459.9,62086.0,21294.66,2.19,62483.66,62180.31,61891.7,True,20.07,18.97,21.62,,,,,,,,,,58656.59,-5.52,6.24,0.931019,57803.23,9260.67,1241.32,15.48,3192.84,5780.32,-2587.48,6067.82,,58656.59,-5.52,6.24,1.249169,77555.89,12425.24,1665.5,15.48,4283.91,7755.59,-3471.68,8141.33,
2024-10-05,62086.0,62370.56,61689.26,62058.0,7807.46,-0.05,62418.18,62168.66,61904.02,True,19.11,18.51,21.11,,,,,,,,,,58656.59,-5.48,6.26,0.931019,57777.16,9234.6,-26.07,-0.28,3166.78,5777.72,-2610.94,6067.82,,58656.59,-5.48,6.26,1.249169,77520.92,12390.27,-34.98,-0.28,4248.93,7752.09,-3503.16,8141.33,
2024-10-06,62058.01,62975.0,61798.97,62819.91,8906.86,1.23,62479.98,62230.68,61971.86,True,17.8,19.91,20.21,,,,,,,,,,58656.59,-6.63,5.88,0.931019,58486.52,9943.95,709.35,7.68,3876.13,5848.65,-1972.52,6067.82,,58656.59,-6.63,5.88,1.249169,78472.67,13342.02,951.75,7.68,5200.69,7847.27,-2646.58,8141.33,
2024-10-07,62819.91,64478.19,62128.0,62224.0,25966.19,-0.95,62440.6,62230.05,61990.54,True,17.39,23.59,18.52,,,,,64478.19,,LH,,,58656.59,-5.73,6.17,0.931019,57931.71,9389.15,-554.8,-5.58,3321.32,5793.17,-2471.85,6067.82,,58656.59,-5.73,6.17,1.249169,77728.28,12597.63,-744.39,-5.58,4456.3,7772.83,-3316.53,8141.33,
2024-10-08,62224.01,63200.0,61860.31,62160.49,19702.22,-0.1,62397.51,62223.42,62003.13,True,16.81,22.44,18.59,,,,,,,,,SMALL HL confirmed @ 59828.11,58656.59,-5.64,6.2,0.931019,57872.58,9330.02,-59.13,-0.63,3262.2,5787.26,-2525.06,6067.82,,58656.59,-5.64,6.2,1.249169,77648.94,12518.29,-79.33,-0.63,4376.96,7764.89,-3387.93,8141.33,
2024-10-09,62160.5,62543.75,60301.0,60636.02,20011.16,-2.45,62126.51,62072.24,61901.86,True,15.96,20.62,22.71,,,,,,,,,,58656.59,-3.26,7.14,0.931019,56453.27,7910.71,-1419.31,-15.21,1842.89,5645.33,-3802.44,6067.82,,58656.59,-3.26,7.14,1.249169,75744.62,10613.97,-1904.32,-15.21,2472.64,7574.46,-5101.82,8141.33,
2024-10-10,60636.01,61321.68,58946.0,60326.39,23967.92,-0.51,61849.57,61905.97,61785.16,True,15.9,18.88,25.61,,,,,,58946.0,LL,,,58656.59,-2.77,7.37,0.931019,56165.0,7622.44,-288.27,-3.64,1554.61,5616.5,-4061.89,6067.82,,58656.59,-2.77,7.37,1.249169,75357.84,10227.19,-386.78,-3.64,2085.86,7535.78,-5449.92,8141.33,
2024-10-11,60326.4,63417.56,60087.64,62540.0,23641.35,3.67,61955.79,61966.35,61841.07,True,14.94,23.86,22.72,,,,,,,,,,58656.59,-6.21,6.01,0.931019,58225.91,9683.35,2060.91,27.04,3615.53,5822.59,-2207.06,6067.82,,58656.59,-6.21,6.01,1.249169,78123.01,12992.36,2765.17,27.04,4851.03,7812.3,-2961.27,8141.33,
2024-10-12,62539.99,63480.0,62487.23,63206.22,10911.3,1.07,62148.16,62084.44,61942.2,True,14.08,23.25,21.92,,,,,,,,,SMALL LH confirmed @ 64478.19,58656.59,-7.2,5.71,0.931019,58846.18,10303.61,620.26,6.41,4235.79,5884.62,-1648.83,6067.82,,58656.59,-7.2,5.71,1.249169,78955.24,13824.59,832.22,6.41,5683.25,7895.52,-2212.27,8141.33,
2024-10-13,63206.23,63285.72,62050.0,62870.02,11909.22,-0.53,62259.22,62159.25,62010.92,True,13.13,22.21,22.52,,,,,,,,,,58656.59,-6.7,5.86,0.931019,58533.17,9990.6,-313.01,-3.04,3922.78,5853.32,-1930.54,6067.82,,58656.59,-6.7,5.86,1.249169,78535.27,13404.62,-419.97,-3.04,5263.28,7853.53,-2590.24,8141.33,
2024-10-14,62870.02,66500.0,62457.81,66083.99,37669.95,5.11,62847.64,62533.04,62312.63,True,13.72,30.03,19.45,,,,,,,,BULL_BOS,SMALL BULL BOS @ 66083.99 (level 64478.19),58656.59,-11.24,4.74,0.931019,61525.44,12982.87,2992.27,29.95,6915.05,6152.54,762.5,6067.82,,58656.59,-11.24,4.74,1.249169,82550.06,17419.41,4014.79,29.95,9278.07,8255.01,1023.07,8141.33,
2024-10-15,66084.0,67950.0,64800.01,67074.14,43683.95,1.5,63497.87,62965.52,62665.34,True,14.8,31.67,17.45,,,,,,,,,SMALL LL confirmed @ 58946.00,58656.59,-12.55,4.49,0.931019,62447.28,13904.72,921.85,7.1,7836.9,6244.73,1592.17,6067.82,,58656.59,-12.55,4.49,1.249169,83786.92,18656.27,1236.86,7.1,10514.94,8378.69,2136.25,8141.33,
2024-10-16,67074.14,68424.0,66750.49,67620.01,29938.26,0.81,64132.05,63408.81,63032.35,True,15.98,31.49,16.48,,,,,,,,,,58656.59,-13.26,4.37,0.931019,62955.5,14412.93,508.22,3.65,8345.11,6295.55,2049.56,6067.82,,58656.59,-13.26,4.37,1.249169,84468.8,19338.15,681.88,3.65,11196.82,8446.88,2749.94,8141.33,
2024-10-17,67620.0,67939.4,66666.0,67421.78,25328.23,-0.29,64638.16,63791.0,63357.49,True,17.01,30.11,16.05,,,,,,,,,,58656.59,-13.0,4.41,0.931019,62770.94,14228.38,-184.56,-1.28,8160.56,6277.09,1883.46,6067.82,,58656.59,-13.0,4.41,1.249169,84221.18,19090.53,-247.62,-1.28,10949.2,8422.12,2527.08,8141.33,
2024-10-18,67421.78,69000.0,67192.36,68428.0,28725.64,1.49,65221.21,64232.62,63733.09,True,18.36,31.9,15.05,,,,,,,,,,58656.59,-14.28,4.2,0.931019,63707.75,15165.19,936.81,6.58,9097.37,6370.78,2726.59,6067.82,,58656.59,-14.28,4.2,1.249169,85478.12,20347.47,1256.94,6.58,12206.14,8547.81,3658.33,8141.33,
2024-10-19,68427.99,68693.26,68010.0,68378.0,8193.67,-0.07,65706.87,64627.41,64077.15,True,19.61,31.11,14.68,,,,,,,,,,58656.59,-14.22,4.21,0.931019,63661.2,15118.64,-46.55,-0.31,9050.81,6366.12,2684.69,6067.82,,58656.59,-14.22,4.21,1.249169,85415.66,20285.01,-62.46,-0.31,12143.68,8541.57,3602.11,8141.33,
2024-10-20,68377.99,69400.0,68100.0,69031.99,12442.47,0.96,66218.43,65046.9,64444.18,True,21.03,32.23,13.97,,,,,,,,,,58656.59,-15.03,4.09,0.931019,64270.08,15727.51,608.88,4.03,9659.69,6427.01,3232.68,6067.82,,58656.59,-15.03,4.09,1.249169,86232.61,21101.96,816.94,4.03,12960.62,8623.26,4337.36,8141.33,
2024-10-21,69032.0,69519.52,66840.67,67377.5,31374.42,-2.4,66396.75,65268.86,64661.46,True,21.37,29.11,17.17,,,,,69519.52,,HH,,,58656.59,-12.94,4.42,0.931019,62729.72,14187.15,-1540.36,-9.79,8119.33,6272.97,1846.36,6067.82,,58656.59,-12.94,4.42,1.249169,84165.87,19035.22,-2066.74,-9.79,10893.89,8416.59,2477.3,8141.33,
2024-10-22,67377.5,67836.01,66571.42,67426.0,24598.96,0.07,66555.09,65474.3,64866.24,True,21.49,27.74,17.36,,,,,,,,,,58656.59,-13.01,4.41,0.931019,62774.87,14232.31,45.15,0.32,8164.48,6277.49,1887.0,6067.82,,58656.59,-13.01,4.41,1.249169,84226.45,19095.8,60.58,0.32,10954.47,8422.65,2531.83,8141.33,
2024-10-23,67426.01,67472.83,65260.0,66668.65,25530.24,-1.12,66572.56,65588.05,64999.75,True,20.69,25.49,20.76,,,,,,65260.0,HL,,,58656.59,-12.02,4.59,0.931019,62069.77,13527.2,-705.11,-4.95,7459.38,6206.98,1252.4,6067.82,,58656.59,-12.02,4.59,1.249169,83280.4,18149.75,-946.06,-4.95,10008.41,8328.04,1680.37,8141.33,
2024-10-24,66668.65,68850.0,66510.0,68198.28,22589.84,2.29,66822.67,65836.64,65236.68,True,20.61,28.32,19.01,,,,,,,,,,58656.59,-13.99,4.25,0.931019,63493.88,14951.31,1424.11,10.53,8883.49,6349.39,2534.1,6067.82,,58656.59,-13.99,4.25,1.249169,85191.16,20060.51,1910.77,10.53,11919.18,8519.12,3400.06,8141.33,
2024-10-25,68198.27,68771.49,65596.29,66698.33,34479.71,-2.2,66803.54,65918.71,65344.95,True,19.95,25.2,20.08,,,,,,,,,,58656.59,-12.06,4.58,0.931019,62097.4,13554.83,-1396.48,-9.34,7487.01,6209.74,1277.27,6067.82,,58656.59,-12.06,4.58,1.249169,83317.47,18186.82,-1873.69,-9.34,10045.49,8331.75,1713.74,8141.33,
2024-10-26,66698.32,67454.55,66439.9,67092.76,11842.91,0.59,66848.04,66030.52,65474.42,True,19.33,24.28,19.35,,,,,,,,,SMALL HH confirmed @ 69519.52,58656.59,-12.57,4.49,0.931019,62464.62,13922.05,367.22,2.71,7854.23,6246.46,1607.77,6067.82,,58656.59,-12.57,4.49,1.249169,83810.18,18679.53,492.71,2.71,10538.2,8381.02,2157.18,8141.33,
2024-10-27,67092.76,68332.05,66913.73,68021.7,8653.2,1.38,67028.6,66220.16,65663.11,True,19.22,26.24,18.34,,,,,,,,,,58656.59,-13.77,4.28,0.931019,63329.48,14786.91,864.86,6.21,8719.09,6332.95,2386.14,6067.82,,58656.59,-13.77,4.28,1.249169,84970.58,19839.93,1160.4,6.21,11698.6,8497.06,3201.54,8141.33,
2024-10-28,68021.69,70270.0,67618.0,69962.21,29046.75,2.85,67479.93,66576.54,65981.56,True,19.97,30.68,16.6,,,,,,,,BULL_BOS,SMALL HL confirmed @ 65260.00 | SMALL BULL BOS @ 69962.21 (level 69519.52),58656.59,-16.16,3.93,0.931019,65136.13,16593.56,1806.65,12.22,10525.74,6513.61,4012.13,6067.82,,58656.59,-16.16,3.93,1.249169,87394.61,22263.96,2424.02,12.22,14122.63,8739.46,5383.17,8141.33,
2024-10-29,69962.21,73620.12,69760.0,72736.42,50128.61,3.97,68288.62,67163.2,66481.92,True,21.75,37.95,14.45,,,,BULL_CHOCH,73620.12,,HH,,BIG BULL CHOCH @ 72736.42 (level 71997.02),58656.59,-19.36,3.53,0.931019,67718.97,19176.41,2582.84,15.57,13108.59,6771.9,6336.69,6067.82,,58656.59,-19.36,3.53,1.249169,90860.06,25729.41,3465.46,15.57,17588.08,9086.01,8502.08,8141.33,
2024-10-30,72736.41,72961.0,71436.0,72344.74,26885.99,-0.54,68912.64,67656.68,66916.2,True,23.4,35.97,13.7,,,,,,,,,,58656.59,-18.92,3.58,0.931019,67354.31,18811.74,-364.66,-1.9,12743.92,6735.43,6008.49,6067.82,,58656.59,-18.92,3.58,1.249169,90370.79,25240.14,-489.27,-1.9,17098.81,9037.08,8061.73,8141.33,
2024-10-31,72344.75,72700.0,69685.76,70292.01,29352.1,-2.84,69124.85,67907.66,67166.26,True,23.74,32.37,18.13,,,,,,,,,,58656.59,-16.55,3.87,0.931019,65443.18,16900.61,-1911.13,-10.16,10832.79,6544.32,4288.48,6067.82,,58656.59,-16.55,3.87,1.249169,87806.58,22675.93,-2564.21,-10.16,14534.6,8780.66,5753.94,8141.33,
2024-11-01,70292.01,71632.95,68820.14,69496.01,38301.87,-1.13,69181.95,68058.93,67338.84,True,23.53,29.41,19.29,,,,,,,,,,58656.59,-15.6,4.0,0.931019,64702.09,16159.52,-741.09,-4.38,10091.7,6470.21,3621.49,6067.82,,58656.59,-15.6,4.0,1.249169,86812.24,21681.59,-994.34,-4.38,13540.26,8681.22,4859.04,8141.33,
2024-11-02,69496.0,69914.37,69000.14,69374.74,10521.67,-0.17,69211.61,68184.25,67489.64,True,23.33,28.5,18.69,,,,,,,,,,58656.59,-15.45,4.03,0.931019,64589.19,16046.62,-112.9,-0.7,9978.8,6458.92,3519.88,6067.82,,58656.59,-15.45,4.03,1.249169,86660.76,21530.11,-151.49,-0.7,13388.78,8666.08,4722.7,8141.33,
2024-11-03,69374.74,69391.0,67478.73,68775.99,24995.7,-0.86,69144.59,68240.61,67584.93,True,22.24,26.64,22.66,,,,,,,,,SMALL HH confirmed @ 73620.12,58656.59,-14.71,4.13,0.931019,64031.74,15489.17,-557.45,-3.47,9421.35,6403.17,3018.18,6067.82,,58656.59,-14.71,4.13,1.249169,85912.82,20782.17,-747.94,-3.47,12640.84,8591.28,4049.56,8141.33,
2024-11-04,68775.99,69500.0,66835.0,67850.01,29800.39,-1.35,68945.43,68203.41,67604.56,True,20.88,24.26,22.8,,,,,,66835.0,HL,,,58656.59,-13.55,4.32,0.931019,63169.63,14627.07,-862.1,-5.57,8559.25,6316.96,2242.28,6067.82,,58656.59,-13.55,4.32,1.249169,84756.11,19625.46,-1156.71,-5.57,11484.13,8475.61,3008.52,8141.33,
2024-11-05,67850.01,70577.91,67476.63,69372.01,33355.07,2.24,69011.05,68314.7,67735.49,True,20.14,25.32,20.5,,,,,,,,,,58656.59,-15.45,4.03,0.931019,64586.64,16044.08,1417.01,9.69,9976.26,6458.66,3517.59,6067.82,,58656.59,-15.45,4.03,1.249169,86657.35,21526.7,1901.23,9.69,13385.37,8665.73,4719.63,8141.33,
2024-11-06,69372.01,76400.0,69298.0,75571.99,104126.99,8.94,70020.43,69005.87,68315.97,True,21.41,36.58,16.43,,,,,,,,BULL_BOS,SMALL BULL BOS @ 75571.99 (level 73620.12),58656.59,-22.38,3.23,0.931019,70358.94,21816.38,5772.3,35.98,15748.55,7035.89,8712.66,6067.82,,58656.59,-22.38,3.23,1.249169,94402.17,29271.52,7744.82,35.98,21130.19,9440.22,11689.97,8141.33,
2024-11-07,75571.99,76849.99,74416.0,75857.89,44869.42,0.38,70918.5,69658.44,68874.63,True,22.71,35.34,15.31,,,,,,,,,,58656.59,-22.68,3.2,0.931019,70625.12,22082.55,266.18,1.22,16014.73,7062.51,8952.22,6067.82,,58656.59,-22.68,3.2,1.249169,94759.31,29628.66,357.14,1.22,21487.33,9475.93,12011.39,8141.33,
2024-11-08,75857.89,77199.99,75555.0,76509.78,36521.1,0.86,71778.7,70310.95,69440.2,True,24.0,34.67,14.58,,,,,,,,,,58656.59,-23.33,3.14,0.931019,71232.04,22689.48,606.92,2.75,16621.65,7123.2,9498.45,6067.82,,58656.59,-23.33,3.14,1.249169,95573.63,30442.98,814.32,2.75,22301.65,9557.36,12744.28,8141.33,
2024-11-09,76509.78,76900.0,75714.66,76677.46,16942.08,0.22,72532.35,70917.29,69976.29,True,25.2,33.45,14.07,,,,,,,,,SMALL HL confirmed @ 66835.00,58656.59,-23.5,3.12,0.931019,71388.16,22845.59,156.11,0.69,16777.77,7138.82,9638.95,6067.82,,58656.59,-23.5,3.12,1.249169,95783.09,30652.44,209.46,0.69,22511.11,9578.31,12932.8,8141.33,
2024-11-10,76677.46,81500.0,76492.0,80370.01,61830.1,4.82,73738.15,71817.55,70746.19,True,27.32,41.56,12.11,,,,,,,,,,58656.59,-27.02,2.85,0.931019,74825.99,26283.42,3437.83,15.05,20215.6,7482.6,12733.0,6067.82,,58656.59,-27.02,2.85,1.249169,100395.71,35265.06,4612.62,15.05,27123.72,10039.57,17084.15,8141.33,
2024-11-11,80370.01,89530.54,80216.01,88647.99,82323.67,10.3,76031.97,73420.45,72072.25,True,30.28,51.28,9.48,,,,,,,,,,58656.59,-33.83,2.43,0.931019,82532.94,33990.38,7706.95,29.32,27922.56,8253.29,19669.26,6067.82,,58656.59,-33.83,2.43,1.249169,110736.3,45605.65,10340.59,29.32,37464.32,11073.63,26390.69,8141.33,
2024-11-12,88648.0,89940.0,85072.0,87952.01,97299.89,-0.79,77865.82,74804.4,73248.53,True,33.07,46.6,8.44,,,,,,,,,,58656.59,-33.31,2.46,0.931019,81884.97,33342.41,-647.97,-1.91,27274.59,8188.5,19086.09,6067.82,,58656.59,-33.31,2.46,1.249169,109866.9,44736.25,-869.4,-1.91,36594.92,10986.69,25608.23,8141.33,
2024-11-13,87952.0,93265.64,86127.99,90375.2,86763.85,2.76,79790.34,76287.34,74517.17,True,35.94,46.6,7.2,,,,,93265.64,,HH,,,58656.59,-35.1,2.36,0.931019,84141.01,35598.44,2256.04,6.77,29530.62,8414.1,21116.52,6067.82,,58656.59,-35.1,2.36,1.249169,112893.88,47763.23,3026.97,6.77,39621.9,11289.39,28332.51,8141.33,
2024-11-14,90375.21,91790.0,86668.21,87325.59,56729.51,-3.37,80949.61,77338.6,75465.95,True,38.6,41.85,6.47,,,,,,86668.21,HL,,,58656.59,-32.83,2.48,0.931019,81301.76,32759.2,-2839.24,-7.98,26691.38,8130.18,18561.2,6067.82,,58656.59,-32.83,2.48,1.249169,109084.4,43953.75,-3809.48,-7.98,35812.42,10908.44,24903.98,8141.33,
2024-11-15,87325.59,91850.0,87073.38,91032.07,47927.95,4.24,82500.76,78642.74,76618.99,True,41.08,38.07,5.87,,,,,,,,,,58656.59,-35.56,2.34,0.931019,84752.57,36210.0,3450.8,10.53,30142.18,8475.26,21666.92,6067.82,,58656.59,-35.56,2.34,1.249169,113714.42,48583.77,4630.02,10.53,40442.44,11371.44,29071.0,8141.33,
2024-11-16,91032.08,91779.66,90056.17,90586.92,22717.88,-0.49,83744.78,79780.28,77653.65,True,43.38,36.75,5.66,,,,,,,,,,58656.59,-35.25,2.36,0.931019,84338.12,35795.56,-414.44,-1.14,29727.74,8433.81,21293.92,6067.82,,58656.59,-35.25,2.36,1.249169,113158.35,48027.7,-556.07,-1.14,39886.37,11315.84,28570.53,8141.33,
2024-11-17,90587.98,91449.99,88722.0,89855.99,23867.56,-0.81,84684.97,80739.87,78557.53,True,44.73,34.69,8.09,,,,,,,,,,58656.59,-34.72,2.38,0.931019,83657.61,35115.05,-680.51,-1.9,29047.23,8365.76,20681.47,6067.82,,58656.59,-34.72,2.38,1.249169,112245.3,47114.65,-913.05,-1.9,38973.31,11224.53,27748.79,8141.33,
2024-11-18,89855.98,92594.0,89376.9,90464.08,46545.03,0.68,85574.06,81665.99,79439.5,True,46.12,34.74,7.55,,,,,,,,,SMALL HH confirmed @ 93265.64,58656.59,-35.16,2.36,0.931019,84223.76,35681.19,566.14,1.61,29613.37,8422.38,21190.99,6067.82,,58656.59,-35.16,2.36,1.249169,113004.9,47874.25,759.61,1.61,39732.92,11300.49,28432.43,8141.33,
2024-11-19,90464.07,93905.51,90357.0,92310.79,43660.05,2.04,86610.48,82679.78,80392.93,True,47.59,34.91,7.0,,,,,,,,,SMALL HL confirmed @ 86668.21,58656.59,-36.46,2.3,0.931019,85943.08,37400.51,1719.32,4.82,31332.69,8594.31,22738.38,6067.82,,58656.59,-36.46,2.3,1.249169,115311.76,50181.11,2306.85,4.82,42039.77,11531.18,30508.6,8141.33,
2024-11-20,92310.8,94831.97,91500.0,94286.56,42203.2,2.14,87791.42,83785.19,81422.08,True,49.06,34.42,6.51,,,,,,,,BULL_BOS,SMALL BULL BOS @ 94286.56 (level 93265.64),58656.59,-37.79,2.24,0.931019,87782.56,39239.99,1839.48,4.92,33172.17,8778.26,24393.91,6067.82,,58656.59,-37.79,2.24,1.249169,117779.83,52649.18,2468.07,4.92,44507.84,11777.98,32729.86,8141.33,
2024-11-21,94286.56,98988.0,94040.0,98317.12,69228.36,4.27,89410.76,85169.18,82673.57,True,50.84,39.34,5.87,,,,,,,,,,58656.59,-40.34,2.13,0.931019,91535.09,42992.52,3752.53,9.56,36924.7,9153.51,27771.19,6067.82,,58656.59,-40.34,2.13,1.249169,122814.68,57684.03,5034.85,9.56,49542.69,12281.47,37261.23,8141.33,
2024-11-22,98317.12,99588.01,97122.11,98892.0,46189.31,0.58,90869.41,86476.11,83874.93,True,52.55,38.58,5.57,,,,,99588.01,,HH,,,58656.59,-40.69,2.12,0.931019,92070.31,43527.74,535.22,1.24,37459.92,9207.03,28252.89,6067.82,,58656.59,-40.69,2.12,1.249169,123532.8,58402.15,718.12,1.24,50260.82,12353.28,37907.54,8141.33,
2024-11-23,98892.0,98908.85,97136.0,97672.4,24757.84,-1.23,91916.02,87542.43,84896.97,True,54.14,37.13,5.36,,,,,,,,,,58656.59,-39.95,2.15,0.931019,90934.84,42392.27,-1135.47,-2.61,36324.45,9093.48,27230.97,6067.82,,58656.59,-39.95,2.15,1.249169,122009.31,56878.66,-1523.49,-2.61,48737.33,12200.93,36536.4,8141.33,
2024-11-24,97672.4,98564.0,95734.77,97900.04,31200.98,0.23,92836.64,88528.87,85860.16,True,54.74,34.87,8.05,,,,,,,,,,58656.59,-40.09,2.14,0.931019,91146.78,42604.21,211.94,0.5,36536.39,9114.68,27421.71,6067.82,,58656.59,-40.09,2.14,1.249169,122293.67,57163.02,284.36,0.5,49021.69,12229.37,36792.32,8141.33,
2024-11-25,97900.05,98871.8,92600.19,93010.01,50847.45,-4.99,92863.31,88955.64,86389.78,True,53.61,30.45,13.36,,,,,,,,,,58656.59,-36.94,2.28,0.931019,86594.07,38051.5,-4552.71,-10.69,31983.68,8659.41,23324.27,6067.82,,58656.59,-36.94,2.28,1.249169,116185.2,51054.55,-6108.47,-10.69,42913.22,11618.52,31294.7,8141.33,
2024-11-26,93010.01,94973.37,90791.1,91965.16,57858.73,-1.12,92725.14,89242.26,86802.77,True,51.75,27.9,15.86,,,,,,90791.1,HL,,,58656.59,-36.22,2.31,0.931019,85621.29,37078.72,-972.77,-2.56,31010.9,8562.13,22448.77,6067.82,,58656.59,-36.22,2.31,1.249169,114880.01,49749.36,-1305.19,-2.56,41608.02,11488.0,30120.02,8141.33,
2024-11-27,91965.16,97208.21,91792.14,95863.11,41153.43,4.24,93207.9,89872.82,87473.9,True,50.53,29.3,14.21,,,,,,,,,SMALL HH confirmed @ 99588.01,58656.59,-38.81,2.19,0.931019,89250.36,40707.79,3629.06,9.79,34639.97,8925.04,25714.93,6067.82,,58656.59,-38.81,2.19,1.249169,119749.2,54618.55,4869.2,9.79,46477.22,11974.92,34502.3,8141.33,
2024-11-28,95863.11,96564.0,94640.0,95643.98,28814.54,-0.23,93582.68,90422.45,88079.1,True,49.4,28.17,13.66,,,,,,,,,,58656.59,-38.67,2.2,0.931019,89046.34,40503.77,-204.01,-0.5,34435.95,8904.63,25531.32,6067.82,,58656.59,-38.67,2.2,1.249169,119475.47,54344.82,-273.73,-0.5,46203.49,11947.55,34255.94,8141.33,
2024-11-29,95643.99,98619.99,95364.99,97460.0,27701.78,1.9,94179.19,91092.7,88773.98,True,48.79,30.46,12.77,,,,,,,,,,58656.59,-39.81,2.15,0.931019,90737.09,42194.52,1690.75,4.17,36126.7,9073.71,27052.99,6067.82,,58656.59,-39.81,2.15,1.249169,121743.99,56613.34,2268.52,4.17,48472.01,12174.4,36297.61,8141.33,
2024-11-30,97460.0,97463.95,96092.01,96407.99,14503.83,-1.08,94522.08,91598.92,89339.46,True,48.23,29.58,12.4,,,,,,,,,,58656.59,-39.16,2.18,0.931019,89757.65,41215.08,-979.44,-2.32,35147.26,8975.76,26171.5,6067.82,,58656.59,-39.16,2.18,1.249169,120429.85,55299.2,-1314.14,-2.32,47157.87,12042.98,35114.88,8141.33,
2024-12-01,96407.99,97836.0,95693.88,97185.18,16938.6,0.81,94931.79,92130.94,89920.62,True,47.5,28.22,12.69,,,,,,,,,SMALL HL confirmed @ 90791.10,58656.59,-39.64,2.16,0.931019,90481.23,41938.66,723.58,1.76,35870.84,9048.12,26822.72,6067.82,,58656.59,-39.64,2.16,1.249169,121400.69,56270.04,970.84,1.76,48128.71,12140.07,35988.64,8141.33,
2024-12-02,97185.17,98130.0,94395.0,95840.62,37958.67,-1.38,95071.61,92484.24,90359.14,True,46.14,25.96,14.45,,,,,,,,,,58656.59,-38.8,2.19,0.931019,89229.42,40686.85,-1251.81,-2.98,34619.03,8922.94,25696.09,6067.82,,58656.59,-38.8,2.19,1.249169,119721.11,54590.46,-1679.58,-2.98,46449.13,11972.11,34477.02,8141.33,
2024-12-03,95840.61,96305.52,93578.17,95849.69,35827.32,0.01,95191.32,92804.76,90765.85,True,44.47,24.43,15.36,,,,,,,,,,58656.59,-38.8,2.19,0.931019,89237.86,40695.29,8.44,0.02,34627.47,8923.79,25703.69,6067.82,,58656.59,-38.8,2.19,1.249169,119732.44,54601.79,11.33,0.02,46460.46,11973.24,34487.21,8141.33,
2024-12-04,95849.69,99000.0,94587.83,98587.32,43850.54,2.86,95713.78,93355.48,91345.22,True,43.67,27.85,13.93,,,,,,,,,,58656.59,-40.5,2.12,0.931019,91786.65,43244.08,2548.78,6.26,37176.26,9178.66,27997.59,6067.82,,58656.59,-40.5,2.12,1.249169,123152.2,58021.55,3419.76,6.26,49880.22,12315.22,37565.0,8141.33,
2024-12-05,98587.32,104088.0,90500.0,96945.63,109921.73,-1.67,95903.29,93697.4,91760.06,True,43.97,30.12,10.64,,,,,104088.0,,HH,,,58656.59,-39.5,2.16,0.931019,90258.2,41715.64,-1528.44,-3.53,35647.81,9025.82,26621.99,6067.82,,58656.59,-39.5,2.16,1.249169,121101.45,55970.8,-2050.75,-3.53,47829.47,12110.15,35719.33,8141.33,
2024-12-06,96945.63,101898.99,95981.72,99740.84,45049.53,2.88,96493.69,94272.97,92351.23,True,44.24,27.11,9.58,,,,,,,,BULL_BOS,SMALL BULL BOS @ 99740.84 (level 99588.01),58656.59,-41.19,2.1,0.931019,92860.6,44318.03,2602.39,6.24,38250.21,9286.06,28964.15,6067.82,,58656.59,-41.19,2.1,1.249169,124593.14,59462.49,3491.69,6.24,51321.16,12459.31,38861.85,8141.33,
2024-12-07,99740.84,100439.18,98844.0,99831.99,14931.95,0.09,97007.27,94802.4,92905.36,True,44.49,26.35,9.31,,,,,,,,,,58656.59,-41.24,2.09,0.931019,92945.46,44402.89,84.86,0.19,38335.07,9294.55,29040.52,6067.82,,58656.59,-41.24,2.09,1.249169,124707.0,59576.35,113.86,0.19,51435.02,12470.7,38964.32,8141.33,
2024-12-08,99831.99,101351.0,98657.7,101109.59,14613.0,1.28,97638.4,95403.08,93513.08,True,44.9,26.71,8.86,,,,,,,,,,58656.59,-41.99,2.06,0.931019,94134.93,45592.36,1189.47,2.68,39524.54,9413.49,30111.05,6067.82,,58656.59,-41.99,2.06,1.249169,126302.94,61172.29,1595.94,2.68,53030.96,12630.29,40400.67,8141.33,
2024-12-09,101109.6,101215.93,94150.05,97276.47,53949.12,-3.79,97582.72,95581.5,93791.85,True,43.16,23.48,15.5,,,,,,94150.05,HL,,,58656.59,-39.7,2.16,0.931019,90566.22,42023.65,-3568.71,-7.83,35955.83,9056.62,26899.21,6067.82,,58656.59,-39.7,2.16,1.249169,121514.73,56384.08,-4788.21,-7.83,48242.75,12151.47,36091.27,8141.33,
2024-12-10,97276.48,98270.0,94256.54,96593.0,51708.69,-0.7,97430.45,95677.83,93999.34,True,41.54,21.87,14.43,,,,,,,,,SMALL HH confirmed @ 104088.00,58656.59,-39.27,2.17,0.931019,89929.9,41387.33,-636.32,-1.51,35319.51,8992.99,26326.52,6067.82,,58656.59,-39.27,2.17,1.249169,120660.96,55530.31,-853.77,-1.51,47388.98,12066.1,35322.88,8141.33,
2024-12-11,96593.0,101888.0,95658.24,101125.0,37753.78,4.69,97998.84,96196.61,94527.17,True,40.92,25.6,12.94,,,,,,,,,,58656.59,-42.0,2.06,0.931019,94149.27,45606.71,4219.38,10.19,39538.89,9414.93,30123.96,6067.82,,58656.59,-42.0,2.06,1.249169,126322.19,61191.54,5661.23,10.19,53050.21,12632.22,40417.99,8141.33,
2024-12-12,101125.0,102540.0,99311.64,100004.29,29232.09,-1.11,98307.37,96559.25,94932.88,True,40.48,25.31,12.24,,,,,,,,,,58656.59,-41.35,2.09,0.931019,93105.87,44563.31,-1043.4,-2.29,38495.48,9310.59,29184.9,6067.82,,58656.59,-41.35,2.09,1.249169,124922.24,59791.59,-1399.96,-2.29,51650.25,12492.22,39158.03,8141.33,
2024-12-13,100004.29,101895.26,99205.0,101424.25,21904.04,1.42,98786.89,97022.58,95413.73,True,40.03,24.13,11.85,,,,,,,,,,58656.59,-42.17,2.06,0.931019,94427.88,45885.31,1322.01,2.97,39817.49,9442.79,30374.71,6067.82,,58656.59,-42.17,2.06,1.249169,126696.0,61565.35,1773.77,2.97,53424.02,12669.6,40754.42,8141.33,
2024-12-14,101424.24,102650.0,100609.41,101420.0,14191.7,-0.0,99191.99,97441.38,95858.63,True,39.78,24.6,11.42,,,,,,,,,SMALL HL confirmed @ 94150.05,58656.59,-42.16,2.06,0.931019,94423.93,45881.36,-3.96,-0.01,39813.54,9442.39,30371.14,6067.82,,58656.59,-42.16,2.06,1.249169,126690.7,61560.05,-5.31,-0.01,53418.71,12669.07,40749.65,8141.33,
2024-12-15,101420.0,105250.0,101237.14,104463.99,22228.92,3.0,100003.06,98110.2,96496.07,True,40.11,27.5,10.59,,,,,,,,BULL_BOS,SMALL BULL BOS @ 104463.99 (level 104088.00),58656.59,-43.85,2.0,0.931019,97257.94,48715.37,2834.01,6.18,42647.55,9725.79,32921.76,6067.82,,58656.59,-43.85,2.0,1.249169,130493.15,65362.5,3802.46,6.18,57221.17,13049.32,44171.86,8141.33,
2024-12-16,104463.99,107793.07,103333.0,106058.66,41302.4,1.53,100934.69,98867.2,97204.41,True,40.87,29.84,9.75,,,,,,,,,,58656.59,-44.69,1.97,0.931019,98742.61,50200.04,1484.67,3.05,44132.22,9874.26,34257.96,6067.82,,58656.59,-44.69,1.97,1.249169,132485.17,67354.52,1992.01,3.05,59213.18,13248.52,45964.67,8141.33,
2024-12-17,106058.65,108353.0,105321.49,106133.74,29064.94,0.07,101734.55,99559.25,97865.84,True,41.67,29.22,9.22,,,,,108353.0,,HH,,,58656.59,-44.73,1.97,0.931019,98812.51,50269.94,69.9,0.14,44202.12,9881.25,34320.87,6067.82,,58656.59,-44.73,1.97,1.249169,132578.95,67448.3,93.79,0.14,59306.97,13257.9,46049.08,8141.33,
2024-12-18,106133.74,106524.98,100000.0,100204.01,50308.0,-5.59,101499.08,99620.66,98039.04,True,40.1,25.92,17.39,,,,,,,,,,58656.59,-41.46,2.08,0.931019,93291.82,44749.25,-5520.69,-10.98,38681.43,9329.18,29352.25,6067.82,,58656.59,-41.46,2.08,1.249169,125171.72,60041.07,-7407.23,-10.98,51899.74,12517.17,39382.57,8141.33,
2024-12-19,100204.01,102800.11,95700.0,97461.86,55147.4,-2.74,100877.97,99415.06,97996.28,True,37.31,22.89,22.43,,,,,,,,,,58656.59,-39.82,2.15,0.931019,90738.82,42196.26,-2552.99,-5.71,36128.43,9073.88,27054.55,6067.82,,58656.59,-39.82,2.15,1.249169,121746.31,56615.66,-3425.41,-5.71,48474.33,12174.63,36299.7,8141.33,
2024-12-20,97461.86,98233.0,92232.54,97805.44,62884.14,0.35,100405.27,99261.76,97982.15,True,35.43,20.69,25.83,,,,,,92232.54,LL,,,58656.59,-40.03,2.14,0.931019,91058.7,42516.13,319.88,0.76,36448.31,9105.87,27342.44,6067.82,,58656.59,-40.03,2.14,1.249169,122175.5,57044.85,429.19,0.76,48903.52,12217.55,36685.97,8141.33,
2024-12-21,97805.44,99540.61,96398.39,97291.99,23483.54,-0.52,99926.31,99074.16,97931.02,True,33.33,21.76,24.51,,,,,,,,,,58656.59,-39.71,2.15,0.931019,90580.67,42038.1,-478.03,-1.12,35970.28,9058.07,26912.22,6067.82,,58656.59,-39.71,2.15,1.249169,121534.11,56403.46,-641.39,-1.12,48262.13,12153.41,36108.72,8141.33,
2024-12-22,97292.0,97448.08,94250.35,95186.27,19353.83,-2.16,99197.07,98703.89,97727.71,True,31.88,20.6,26.78,,,,,,,,,SMALL HH confirmed @ 108353.00,58656.59,-38.38,2.21,0.931019,88620.21,40077.64,-1960.46,-4.66,34009.82,8862.02,25147.8,6067.82,,58656.59,-38.38,2.21,1.249169,118903.72,53773.07,-2630.4,-4.66,45631.73,11890.37,33741.36,8141.33,
2024-12-23,95186.28,96538.92,92520.0,94881.47,32810.77,-0.32,98533.13,98339.85,97516.88,True,30.91,19.21,27.88,,,,,,,,,,58656.59,-38.18,2.22,0.931019,88336.43,39793.86,-283.77,-0.71,33726.04,8833.64,24892.4,6067.82,,58656.59,-38.18,2.22,1.249169,118522.97,53392.32,-380.75,-0.71,45250.99,11852.3,33398.69,8141.33,
2024-12-24,94881.47,99487.99,93569.02,98663.58,23674.22,3.99,98553.2,98370.68,97601.82,True,29.16,22.17,25.19,,,,,,,,,,58656.59,-40.55,2.12,0.931019,91857.65,43315.08,3521.22,8.85,37247.26,9185.76,28061.49,6067.82,,58656.59,-40.55,2.12,1.249169,123247.46,58116.81,4724.49,8.85,49975.48,12324.75,37650.73,8141.33,
2024-12-25,98663.58,99569.15,97632.02,99429.6,14474.17,0.78,98688.03,98471.53,97737.21,True,27.51,21.58,24.36,,,,,,,,,SMALL LL confirmed @ 92232.54,58656.59,-41.01,2.1,0.931019,92570.83,44028.26,713.18,1.65,37960.44,9257.08,28703.35,6067.82,,58656.59,-41.01,2.1,1.249169,124204.35,59073.7,956.89,1.65,50932.37,12420.44,38511.93,8141.33,
2024-12-26,99429.61,99963.7,95199.14,95791.6,21192.37,-3.66,98242.43,98216.3,97593.09,True,26.57,19.85,26.5,,,,,99963.7,,LH,,,58656.59,-38.77,2.19,0.931019,89183.78,40641.21,-3387.05,-7.69,34573.39,8918.38,25655.01,6067.82,,58656.59,-38.77,2.19,1.249169,119659.87,54529.22,-4544.48,-7.69,46387.89,11965.99,34421.91,8141.33,
2024-12-27,95791.6,97544.58,93500.01,94299.03,26501.26,-1.56,97635.75,97843.22,97349.09,True,26.08,18.49,27.56,,,,,,,,,,58656.59,-37.8,2.24,0.931019,87794.17,39251.6,-1389.61,-3.42,33183.78,8779.42,24404.36,6067.82,,58656.59,-37.8,2.24,1.249169,117795.4,52664.75,-1864.47,-3.42,44523.42,11779.54,32743.88,8141.33,
2024-12-28,94299.03,95733.99,94135.66,95300.0,8385.89,1.06,97276.4,97601.01,97197.3,True,25.62,17.97,26.78,,,,,,,,,,58656.59,-38.45,2.21,0.931019,88726.09,40183.52,931.92,2.37,34115.7,8872.61,25243.09,6067.82,,58656.59,-38.45,2.21,1.249169,119045.78,53915.13,1250.38,2.37,45773.8,11904.58,33869.22,8141.33,
2024-12-29,95300.0,95340.0,93009.52,93738.2,13576.01,-1.64,96732.06,97233.13,96941.07,False,25.46,17.21,27.7,,,,,,,,,,58656.59,-37.43,2.25,0.931019,87272.03,38729.46,-1454.07,-3.62,32661.64,8727.2,23934.43,6067.82,,58656.59,-37.43,2.25,1.249169,117094.83,51964.18,-1950.95,-3.62,43822.85,11709.48,32113.37,8141.33,
2024-12-30,93738.19,95024.5,91530.45,92792.05,27619.42,-1.01,96125.91,96810.17,96633.74,False,25.64,16.1,28.63,,,,,,91530.45,LL,,,58656.59,-36.79,2.28,0.931019,86391.14,37848.57,-880.88,-2.27,31780.75,8639.11,23141.64,6067.82,,58656.59,-36.79,2.28,1.249169,115912.93,50782.28,-1181.9,-2.27,42640.95,11591.29,31049.66,8141.33,
2024-12-31,92792.05,96250.0,92033.73,93576.0,19612.03,0.84,95733.61,96502.15,96407.24,False,25.34,17.1,26.43,,,,,,,,,SMALL LH confirmed @ 99963.70,58656.59,-37.32,2.26,0.931019,87121.01,38578.45,729.87,1.93,32510.63,8712.1,23798.52,6067.82,,58656.59,-37.32,2.26,1.249169,116892.22,51761.57,979.29,1.93,43620.23,11689.22,31931.01,8141.33,
2025-01-01,93576.0,95151.15,92888.0,94591.79,10373.33,1.09,95557.95,96320.21,96272.76,False,25.06,16.37,25.3,,,,,,,,,,58656.59,-37.99,2.23,0.931019,88066.73,39524.17,945.72,2.45,33456.35,8806.67,24649.67,6067.82,,58656.59,-37.99,2.23,1.249169,118161.11,53030.46,1268.89,2.45,44889.13,11816.11,33073.02,8141.33,
2025-01-02,94591.78,97839.5,94392.0,96984.79,21970.49,2.53,95777.46,96383.5,96325.5,False,23.8,20.4,23.65,,,,,,,,,,58656.59,-39.52,2.16,0.931019,90294.66,41752.09,2227.93,5.64,35684.27,9029.47,26654.81,6067.82,,58656.59,-39.52,2.16,1.249169,121150.37,56019.72,2989.26,5.64,47878.39,12115.04,35763.35,8141.33,
2025-01-03,96984.79,98976.91,96100.01,98174.18,15253.83,1.23,96146.19,96554.04,96462.44,False,22.24,21.46,22.34,,,,,,,,,,58656.59,-40.25,2.13,0.931019,91402.01,42859.44,1107.34,2.65,36791.62,9140.2,27651.42,6067.82,,58656.59,-40.25,2.13,1.249169,122636.12,57505.47,1485.75,2.65,49364.14,12263.61,37100.53,8141.33,
2025-01-04,98174.17,98778.43,97514.79,98220.5,8990.06,0.05,96465.31,96712.75,96592.67,False,20.8,20.91,21.77,,,,,,,,,SMALL LL confirmed @ 91530.45,58656.59,-40.28,2.13,0.931019,91445.13,42902.56,43.12,0.1,36834.74,9144.51,27690.23,6067.82,,58656.59,-40.28,2.13,1.249169,122693.98,57563.33,57.86,0.1,49422.0,12269.4,37152.6,8141.33,
2025-01-05,98220.51,98836.85,97276.79,98363.61,8095.64,0.15,96757.36,96869.98,96723.85,True,19.54,20.22,21.56,,,,,,,,,,58656.59,-40.37,2.13,0.931019,91578.37,43035.8,133.24,0.31,36967.98,9157.84,27810.14,6067.82,,58656.59,-40.37,2.13,1.249169,122872.75,57742.1,178.77,0.31,49600.77,12287.27,37313.49,8141.33,
2025-01-06,98363.61,102480.0,97920.0,102235.6,25263.43,3.94,97600.17,97380.99,97132.13,True,19.14,25.81,19.54,,,,,,,,BULL_BOS,SMALL BULL BOS @ 102235.60 (level 99963.70),58656.59,-42.63,2.04,0.931019,95183.26,46640.7,3604.9,8.38,40572.88,9518.33,31054.55,6067.82,,58656.59,-42.63,2.04,1.249169,127709.52,62578.87,4836.77,8.38,54437.54,12770.95,41666.58,8141.33,
2025-01-07,102235.6,102724.38,96181.81,96954.61,32059.88,-5.17,97500.85,97340.38,97118.98,True,18.12,22.55,20.43,,,,,102724.38,,HH,,,58656.59,-39.5,2.16,0.931019,90266.56,41724.0,-4916.7,-10.54,35656.18,9026.66,26629.52,6067.82,,58656.59,-39.5,2.16,1.249169,121112.67,55982.02,-6596.85,-10.54,47840.69,12111.27,35729.42,8141.33,
2025-01-08,96954.6,97268.65,92500.9,95060.61,33704.68,-1.95,97125.43,97123.26,96966.51,True,17.61,20.51,25.55,,,,,,,,,,58656.59,-38.3,2.21,0.931019,88503.21,39960.65,-1763.35,-4.23,33892.83,8850.32,25042.5,6067.82,,58656.59,-38.3,2.21,1.249169,118746.74,53616.09,-2365.93,-4.23,45474.76,11874.67,33600.09,8141.33,
2025-01-09,95060.61,95382.32,91203.67,92552.49,34544.84,-2.64,96421.9,96687.95,96639.54,False,17.48,18.9,25.98,,,,,,,,,,58656.59,-36.62,2.29,0.931019,86168.11,37625.54,-2335.11,-5.84,31557.72,8616.81,22940.91,6067.82,,58656.59,-36.62,2.29,1.249169,115613.68,50483.03,-3133.07,-5.84,42341.7,11561.37,30780.33,8141.33,
2025-01-10,92552.49,95836.0,92206.02,94726.11,31482.86,2.35,96161.01,96501.11,96497.81,False,17.19,18.46,24.21,,,,,,,,,,58656.59,-38.08,2.22,0.931019,88191.79,39649.22,2023.68,5.38,33581.4,8819.18,24762.22,6067.82,,58656.59,-38.08,2.22,1.249169,118328.9,53198.25,2715.22,5.38,45056.92,11832.89,33224.03,8141.33,
2025-01-11,94726.1,95050.94,93831.73,94599.99,7047.9,-0.13,95920.85,96320.05,96357.23,False,16.92,18.02,23.62,,,,,,,,,,58656.59,-38.0,2.23,0.931019,88074.37,39531.8,-117.42,-0.3,33463.98,8807.44,24656.54,6067.82,,58656.59,-38.0,2.23,1.249169,118171.35,53040.7,-157.55,-0.3,44899.37,11817.14,33082.24,8141.33,
2025-01-12,94599.99,95450.1,93711.19,94545.06,8606.87,-0.06,95709.19,96151.0,96222.99,False,16.51,18.19,22.78,,,,,,,,,SMALL HH confirmed @ 102724.38,58656.59,-37.96,2.23,0.931019,88023.23,39480.66,-51.14,-0.13,33412.84,8802.32,24610.52,6067.82,,58656.59,-37.96,2.23,1.249169,118102.74,52972.09,-68.62,-0.13,44830.75,11810.27,33020.48,8141.33,
2025-01-13,94545.07,95940.0,89256.69,94536.1,42619.56,-0.01,95528.72,95997.2,96098.04,False,17.37,15.85,28.44,,,,,,89256.69,LL,,,58656.59,-37.95,2.23,0.931019,88014.89,39472.32,-8.34,-0.02,33404.5,8801.49,24603.01,6067.82,,58656.59,-37.95,2.23,1.249169,118091.54,52960.89,-11.19,-0.02,44819.56,11809.15,33010.41,8141.33,
2025-01-14,94536.11,97371.0,94346.22,96560.86,27846.62,2.14,95687.51,96050.88,96132.32,False,17.58,17.71,26.75,,,,,,,,,,58656.59,-39.25,2.17,0.931019,89899.97,41357.41,1885.09,4.78,35289.59,8990.0,26299.59,6067.82,,58656.59,-39.25,2.17,1.249169,120620.81,55490.16,2529.27,4.78,47348.83,12062.08,35286.75,8141.33,
2025-01-15,96560.85,100681.94,96500.0,100497.35,30509.99,4.08,96427.48,96474.36,96455.66,False,16.61,22.68,24.59,,,,,,,,,,58656.59,-41.63,2.08,0.931019,93564.92,45022.35,3664.95,8.86,38954.53,9356.49,29598.04,6067.82,,58656.59,-41.63,2.08,1.249169,125538.15,60407.5,4917.34,8.86,52266.17,12553.82,39712.35,8141.33,
2025-01-16,100497.35,100866.66,97335.13,99987.3,27832.85,-0.51,96975.15,96808.92,96717.26,True,15.65,21.49,22.9,,,,,,,,,,58656.59,-41.34,2.09,0.931019,93090.05,44547.49,-474.87,-1.05,38479.67,9309.01,29170.66,6067.82,,58656.59,-41.34,2.09,1.249169,124901.01,59770.36,-637.14,-1.05,51629.03,12490.1,39138.93,8141.33,
2025-01-17,99987.3,105865.22,99950.77,104077.48,39171.85,4.09,98067.81,97501.17,97262.46,True,15.71,28.42,20.38,,,,,,,,BULL_BOS,SMALL BULL BOS @ 104077.48 (level 102724.38),58656.59,-43.64,2.0,0.931019,96898.09,48355.52,3808.03,8.55,42287.7,9689.81,32597.89,6067.82,,58656.59,-43.64,2.0,1.249169,130010.34,64879.69,5109.33,8.55,56738.36,13001.03,43737.32,8141.33,
2025-01-18,104077.47,104988.88,102277.55,104556.23,24307.83,0.46,99066.03,98173.08,97802.74,True,15.77,26.96,19.33,,,,,,,,,SMALL LL confirmed @ 89256.69,58656.59,-43.9,1.99,0.931019,97343.81,48801.25,445.73,0.92,42733.43,9734.38,32999.04,6067.82,,58656.59,-43.9,1.99,1.249169,130608.38,65477.73,598.04,0.92,57336.4,13060.84,44275.56,8141.33,
2025-01-19,104556.23,106422.43,99651.6,101331.57,43397.28,-3.08,99414.58,98473.89,98064.14,True,14.95,23.68,21.7,,,,,,,,,,58656.59,-42.11,2.06,0.931019,94341.6,45799.03,-3002.22,-6.15,39731.21,9434.16,30297.05,6067.82,,58656.59,-42.11,2.06,1.249169,126580.23,61449.58,-4028.14,-6.15,53308.25,12658.02,40650.23,8141.33,
2025-01-20,101331.57,109588.0,99550.0,102260.01,89529.23,0.92,99852.34,98834.47,98374.94,True,15.01,24.96,18.17,109588.0,,HH,,109588.0,,HH,,,58656.59,-42.64,2.04,0.931019,95205.99,46663.42,864.4,1.89,40595.6,9520.6,31075.0,6067.82,,58656.59,-42.64,2.04,1.249169,127740.01,62609.36,1159.78,1.89,54468.03,12774.0,41694.03,8141.33,
2025-01-21,102260.0,107240.81,100119.04,106143.82,45941.02,3.8,100820.26,99530.6,98950.41,True,15.06,22.2,16.16,,,,,,,,,,58656.59,-44.74,1.97,0.931019,98821.89,50279.32,3615.9,7.75,44211.5,9882.19,34329.31,6067.82,,58656.59,-44.74,1.97,1.249169,132591.54,67460.89,4851.53,7.75,59319.56,13259.15,46060.41,8141.33,
2025-01-22,106143.82,106394.46,103339.12,103706.66,22248.69,-2.3,101264.32,99928.32,99302.73,True,15.11,21.12,15.37,,,,,,,,,,58656.59,-43.44,2.01,0.931019,96552.85,48010.28,-2269.04,-4.51,41942.46,9655.28,32287.18,6067.82,,58656.59,-43.44,2.01,1.249169,129547.12,64416.47,-3044.42,-4.51,56275.14,12954.71,43320.43,8141.33,
2025-01-23,103706.66,106850.0,101262.28,103910.34,53953.12,0.2,101671.4,100307.56,99644.03,True,14.42,19.27,17.28,,,,,,,,,,58656.59,-43.55,2.01,0.931019,96742.48,48199.91,189.63,0.39,42132.09,9674.25,32457.84,6067.82,,58656.59,-43.55,2.01,1.249169,129801.55,64670.9,254.43,0.39,56529.57,12980.16,43549.41,8141.33,
2025-01-24,103910.35,107120.0,102750.0,104870.5,23609.24,0.92,102163.57,100742.12,100031.18,True,13.86,18.37,16.09,,,,,,,,,,58656.59,-44.07,1.99,0.931019,97636.41,49093.84,893.93,1.85,43026.02,9763.64,33262.38,6067.82,,58656.59,-44.07,1.99,1.249169,131000.95,65870.3,1199.4,1.85,57728.97,13100.1,44628.88,8141.33,
2025-01-25,104870.51,105286.52,104106.09,104746.85,9068.32,-0.12,102561.0,101123.53,100380.49,True,13.34,18.02,15.78,,,,,,,,,SMALL HH confirmed @ 109588.00,58656.59,-44.0,1.99,0.931019,97521.29,48978.72,-115.12,-0.23,42910.9,9752.13,33158.77,6067.82,,58656.59,-44.0,1.99,1.249169,130846.49,65715.84,-154.46,-0.23,57574.51,13084.65,44489.86,8141.33,
2025-01-26,104746.86,105500.0,102520.44,102620.0,9812.51,-2.03,102570.07,101266.05,100546.38,True,12.51,17.11,17.67,,,,,,,,,,58656.59,-42.84,2.03,0.931019,95541.15,46998.58,-1980.14,-4.04,40930.76,9554.11,31376.64,6067.82,,58656.59,-42.84,2.03,1.249169,128189.7,63059.05,-2656.79,-4.04,54917.72,12818.97,42098.75,8141.33,
2025-01-27,102620.01,103260.0,97777.77,102082.83,50758.13,-0.52,102495.11,101343.84,100660.19,True,13.13,15.55,23.93,,,,,,97777.77,HL,,,58656.59,-42.54,2.04,0.931019,95041.03,46498.47,-500.12,-1.06,40430.64,9504.1,30926.54,6067.82,,58656.59,-42.54,2.04,1.249169,127518.68,62388.03,-671.02,-1.06,54246.7,12751.87,41494.83,8141.33,
2025-01-28,102082.83,103800.0,100272.68,101335.52,22022.06,-0.73,102316.71,101343.04,100710.21,True,13.5,15.54,22.51,,,,,,,,,,58656.59,-42.12,2.06,0.931019,94345.27,45802.71,-695.76,-1.5,39734.88,9434.53,30300.36,6067.82,,58656.59,-42.12,2.06,1.249169,126585.17,61454.52,-933.52,-1.5,53313.18,12658.52,40654.67,8141.33,
2025-01-29,101335.52,104782.68,101328.01,103733.24,23155.36,2.37,102534.64,101570.68,100934.14,True,13.47,16.3,21.18,,,,,,,,,,58656.59,-43.45,2.01,0.931019,96577.6,48035.03,2232.32,4.87,41967.21,9657.76,32309.45,6067.82,,58656.59,-43.45,2.01,1.249169,129580.32,64449.67,2995.16,4.87,56308.34,12958.03,43350.31,8141.33,
2025-01-30,103733.25,106457.44,103278.54,104722.94,19374.07,0.95,102871.3,101870.9,101214.79,True,12.82,18.3,20.02,,,,,106457.44,,LH,,,58656.59,-43.99,1.99,0.931019,97499.02,48956.46,921.43,1.92,42888.64,9749.9,33138.73,6067.82,,58656.59,-43.99,1.99,1.249169,130816.63,65685.98,1236.3,1.92,57544.64,13081.66,44462.98,8141.33,
2025-01-31,104722.94,106012.0,101560.0,102429.56,21983.18,-2.19,102803.34,101924.1,101304.78,True,12.76,16.9,21.44,,,,,,,,,,58656.59,-42.73,2.04,0.931019,95363.84,46821.28,-2135.18,-4.36,40753.46,9536.38,31217.07,6067.82,,58656.59,-42.73,2.04,1.249169,127951.81,62821.16,-2864.82,-4.36,54679.83,12795.18,41884.64,8141.33,
2025-02-01,102429.56,102783.71,100279.51,100635.65,12290.96,-1.75,102469.85,101801.39,101255.21,True,13.06,16.15,22.76,,,,,,,,,SMALL HL confirmed @ 97777.77,58656.59,-41.71,2.08,0.931019,93693.68,45151.11,-1670.16,-3.57,39083.29,9369.37,29713.92,6067.82,,58656.59,-41.71,2.08,1.249169,125710.91,60580.26,-2240.9,-3.57,52438.93,12571.09,39867.84,8141.33,
2025-02-02,100635.66,101456.6,96150.0,97700.59,34619.5,-2.92,101736.12,101410.84,100991.91,True,14.34,14.66,27.83,,,,,,,,BEAR_CHOCH,SMALL BEAR CHOCH @ 97700.59 (level 97777.77),,,,,,42418.52,-2732.6,-6.05,0.0,0.0,,42418.52,"EXIT @ 97700.59 (small red CHoCH, realized +30282.88)",,,,,,56913.88,-3666.39,-6.05,0.0,0.0,,56913.88,"EXIT @ 97700.59 (small red CHoCH, realized +40631.21)"
2025-02-03,97700.59,102500.01,91231.0,101328.52,75164.74,3.71,101673.41,101403.0,101016.84,True,16.4,12.11,30.58,,,,,,,,,,,,,,,42418.52,0.0,0.0,0.0,0.0,,42418.52,,,,,,,56913.88,0.0,0.0,0.0,0.0,,56913.88,
2025-02-04,101328.51,101732.31,96150.0,97763.13,40267.99,-3.52,101071.83,101056.35,100775.82,True,18.32,11.09,27.98,,,,,,,,,SMALL LH confirmed @ 106457.44,,,,,,42418.52,0.0,0.0,0.0,0.0,,42418.52,,,,,,,56913.88,0.0,0.0,0.0,0.0,,56913.88,
2025-02-05,97763.14,99149.0,96155.0,96612.43,26233.3,-1.18,100385.77,100633.12,100467.42,False,20.1,10.57,26.67,,,,,,,,,,,,,,,42418.52,0.0,0.0,0.0,0.0,,42418.52,,,,,,,56913.88,0.0,0.0,0.0,0.0,,56913.88,
2025-02-06,96612.44,99120.0,95676.64,96554.35,23515.2,-0.06,99796.32,100244.66,100177.57,False,21.84,9.99,25.97,,,,,,,,,,,,,,,42418.52,0.0,0.0,0.0,0.0,,42418.52,,,,,,,56913.88,0.0,0.0,0.0,0.0,,56913.88,
2025-02-07,96554.35,100137.99,95620.34,96506.8,31794.22,-0.05,99290.24,99888.68,99905.66,False,22.98,10.89,24.11,,,,,,,,,,,,,,,42418.52,0.0,0.0,0.0,0.0,,42418.52,,,,,,,56913.88,0.0,0.0,0.0,0.0,,56913.88,
2025-02-08,96506.8,96880.0,95688.0,96444.74,10147.24,-0.06,98852.47,99560.68,99649.29,False,24.04,10.67,23.63,,,,,,,,,,,,,,,42418.52,0.0,0.0,0.0,0.0,,42418.52,,,,,,,56913.88,0.0,0.0,0.0,0.0,,56913.88,
2025-02-09,96444.75,97323.09,94713.0,96462.75,14120.92,0.02,98484.82,99265.64,99413.25,False,25.23,10.19,24.25,,,,,,,,,,,,,,,42418.52,0.0,0.0,0.0,0.0,,42418.52,,,,,,,56913.88,0.0,0.0,0.0,0.0,,56913.88,
2025-02-10,96462.75,98345.0,95256.0,97430.82,20572.88,1.0,98322.67,99090.9,99266.41,False,25.82,11.43,22.93,,,,,,,,,,,,,,,42418.52,0.0,0.0,0.0,0.0,,42418.52,,,,,,,56913.88,0.0,0.0,0.0,0.0,,56913.88,
2025-02-11,97430.82,98478.42,94876.88,95778.2,18647.76,-1.7,97931.21,98775.4,99008.02,False,26.47,10.7,22.14,,,,,,,,,,,,,,,42418.52,0.0,0.0,0.0,0.0,,42418.52,,,,,,,56913.88,0.0,0.0,0.0,0.0,,56913.88,
2025-02-12,95778.21,98119.99,94088.23,97869.99,29151.17,2.18,97921.79,98689.17,98923.72,False,27.27,9.94,21.96,,,,,,94088.23,LL,,,,,,,,42418.52,0.0,0.0,0.0,0.0,,42418.52,,,,,,,56913.88,0.0,0.0,0.0,0.0,,56913.88,
2025-02-13,97870.0,98083.91,95217.36,96608.14,19921.78,-1.29,97719.69,98490.98,98752.2,False,28.01,9.42,20.82,,,,,,,,,,,,,,,42418.52,0.0,0.0,0.0,0.0,,42418.52,,,,,,,56913.88,0.0,0.0,0.0,0.0,,56913.88,
2025-02-14,96608.13,98826.0,96252.82,97500.48,18173.03,0.92,97685.97,98396.64,98659.48,False,28.25,10.35,19.83,,,,,98826.0,,LH,,,,,,,,42418.52,0.0,0.0,0.0,0.0,,42418.52,,,,,,,56913.88,0.0,0.0,0.0,0.0,,56913.88,
2025-02-15,97500.47,97972.26,97223.58,97569.66,7349.38,0.07,97668.07,98317.88,98578.75,False,28.48,10.2,19.53,,,,,,,,,,,,,,,42418.52,0.0,0.0,0.0,0.0,,42418.52,,,,,,,56913.88,0.0,0.0,0.0,0.0,,56913.88,
2025-02-16,97569.67,97704.47,96046.18,96118.12,8191.42,-1.49,97429.62,98108.38,98396.48,False,29.06,9.85,21.28,,,,,,,,,,,,,,,42418.52,0.0,0.0,0.0,0.0,,42418.52,,,,,,,56913.88,0.0,0.0,0.0,0.0,,56913.88,
2025-02-17,96118.12,97046.59,95205.0,95780.0,16492.05,-0.35,97175.83,97886.63,98202.67,False,29.86,9.47,22.23,,,,,,,,,SMALL LL confirmed @ 94088.23,,,,,,42418.52,0.0,0.0,0.0,0.0,,42418.52,,,,,,,56913.88,0.0,0.0,0.0,0.0,,56913.88,
2025-02-18,95780.01,96753.91,93388.09,95671.74,23368.19,-0.11,96944.43,97675.69,98015.19,False,31.1,8.79,24.5,,,,,,93388.09,LL,,,,,,,,42418.52,0.0,0.0,0.0,0.0,,42418.52,,,,,,,56913.88,0.0,0.0,0.0,0.0,,56913.88,
2025-02-19,95671.74,96899.99,95029.99,96644.37,16438.51,1.02,96898.27,97577.47,97913.65,False,32.14,8.75,23.49,,,,,,,,,SMALL LH confirmed @ 98826.00,,,,,,42418.52,0.0,0.0,0.0,0.0,,42418.52,,,,,,,56913.88,0.0,0.0,0.0,0.0,,56913.88,
2025-02-20,96644.37,98711.36,96415.09,98305.0,17057.39,1.72,97114.69,97646.76,97942.64,False,31.9,12.35,22.29,,,,,,,,,,,,,,,42418.52,0.0,0.0,0.0,0.0,,42418.52,,,,,,,56913.88,0.0,0.0,0.0,0.0,,56913.88,
2025-02-21,98305.01,99475.0,94871.95,96181.98,32249.28,-2.16,96971.2,97507.26,97812.22,False,32.16,11.12,23.41,,,,,99475.0,,HH,,,,,,,,42418.52,0.0,0.0,0.0,0.0,,42418.52,,,,,,,56913.88,0.0,0.0,0.0,0.0,,56913.88,
2025-02-22,96181.99,96980.0,95770.49,96551.01,11268.18,0.38,96906.55,97416.18,97718.8,False,32.41,10.82,22.77,,,,,,,,,,,,,,,42418.52,0.0,0.0,0.0,0.0,,42418.52,,,,,,,56913.88,0.0,0.0,0.0,0.0,,56913.88,
2025-02-23,96551.01,96650.0,95227.94,96258.0,10884.85,-0.3,96806.77,97305.88,97610.59,False,32.81,10.45,23.28,,,,,,,,,SMALL LL confirmed @ 93388.09,,,,,,42418.52,0.0,0.0,0.0,0.0,,42418.52,,,,,,,56913.88,0.0,0.0,0.0,0.0,,56913.88,
2025-02-24,96258.0,96500.0,91349.26,91552.88,31550.1,-4.89,95998.48,96757.98,97161.87,False,34.18,9.24,29.31,,,,,,,,BEAR_BOS,SMALL BEAR BOS @ 91552.88 (level 93388.09),,,,,,42418.52,0.0,0.0,0.0,0.0,,42418.52,,,,,,,56913.88,0.0,0.0,0.0,0.0,,56913.88,
2025-02-25,91552.88,92540.69,86050.99,88680.4,78333.11,-3.14,94872.62,95988.68,96533.61,False,36.31,7.99,36.42,,,,,,,,,,,,,,,42418.52,0.0,0.0,0.0,0.0,,42418.52,,,,,,,56913.88,0.0,0.0,0.0,0.0,,56913.88,
2025-02-26,88680.39,89414.15,82256.01,84250.09,56893.54,-5.0,93238.39,94870.72,95623.72,False,38.71,6.88,38.72,,,,,,,,,SMALL HH confirmed @ 99475.00,,,,,,42418.52,0.0,0.0,0.0,0.0,,42418.52,,,,,,,56913.88,0.0,0.0,0.0,0.0,,56913.88,
2025-02-27,84250.09,87078.46,82716.49,84708.58,42505.45,0.54,91926.11,93902.9,94815.19,False,40.93,6.3,35.49,,,,,,,,,,,,,,,42418.52,0.0,0.0,0.0,0.0,,42418.52,,,,,,,56913.88,0.0,0.0,0.0,0.0,,56913.88,
2025-02-28,84708.57,85120.0,78258.52,84349.94,83648.04,-0.42,90760.55,92993.09,94039.99,False,43.39,5.52,39.14,,,,,,78258.52,LL,,,,,,,,42418.52,0.0,0.0,0.0,0.0,,42418.52,,,,,,,56913.88,0.0,0.0,0.0,0.0,,56913.88,
2025-03-01,84349.95,86558.0,83824.78,86064.53,25785.05,2.03,90038.08,92333.23,93449.21,False,44.93,7.9,37.17,,,,,,,,,,,,,,,42418.52,0.0,0.0,0.0,0.0,,42418.52,,,,,,,56913.88,0.0,0.0,0.0,0.0,,56913.88,
2025-03-02,86064.54,95000.0,85050.6,94270.0,54889.09,9.53,90689.15,92517.68,93510.01,False,43.16,20.62,31.02,,,,,95000.0,,LH,,,,,,,,42418.52,0.0,0.0,0.0,0.0,,42418.52,,,,,,,56913.88,0.0,0.0,0.0,0.0,,56913.88,
2025-03-03,94269.99,94416.46,85117.11,86220.61,59171.1,-8.54,90001.68,91917.96,92970.06,False,41.51,17.68,26.6,,,,,,,,,,,,,,,42418.52,0.0,0.0,0.0,0.0,,42418.52,,,,,,,56913.88,0.0,0.0,0.0,0.0,,56913.88,
2025-03-04,86221.16,88967.52,81500.0,87281.98,55609.11,1.23,89583.26,91476.44,92548.72,False,40.67,15.74,29.0,,,,,,,,,,,,,,,42418.52,0.0,0.0,0.0,0.0,,42418.52,,,,,,,56913.88,0.0,0.0,0.0,0.0,,56913.88,
2025-03-05,87281.98,91000.0,86334.53,90606.01,38264.01,3.81,89740.61,91393.54,92404.81,False,39.26,17.65,27.0,,,,,,,,,SMALL LL confirmed @ 78258.52,,,,,,42418.52,0.0,0.0,0.0,0.0,,42418.52,,,,,,,56913.88,0.0,0.0,0.0,0.0,,56913.88,
2025-03-06,90606.0,92810.64,87836.0,89931.89,34342.45,-0.74,89770.04,91254.34,92221.63,False,37.43,19.02,25.03,,,,,,,,,,,,,,,42418.52,0.0,0.0,0.0,0.0,,42418.52,,,,,,,56913.88,0.0,0.0,0.0,0.0,,56913.88,
2025-03-07,89931.88,91283.02,84667.03,86801.75,57980.36,-3.48,89313.38,90830.28,91820.16,False,36.36,17.22,27.2,,,,,,,,,SMALL LH confirmed @ 95000.00,,,,,,42418.52,0.0,0.0,0.0,0.0,,42418.52,,,,,,,56913.88,0.0,0.0,0.0,0.0,,56913.88,
2025-03-08,86801.74,86897.25,85218.47,86222.45,12989.23,-0.67,88837.85,90391.44,91405.52,False,35.37,16.78,26.51,,,,,,,,,,,,,,,42418.52,0.0,0.0,0.0,0.0,,42418.52,,,,,,,56913.88,0.0,0.0,0.0,0.0,,56913.88,
2025-03-09,86222.46,86500.0,80000.0,80734.37,26115.39,-6.37,87591.16,89471.72,90615.06,False,35.35,15.18,31.64,,,,,,,,,,,,,,,42418.52,0.0,0.0,0.0,0.0,,42418.52,,,,,,,56913.88,0.0,0.0,0.0,0.0,,56913.88,
2025-03-10,80734.48,84123.46,77459.91,78595.86,47633.38,-2.65,86207.27,88435.92,89724.75,False,35.7,13.74,32.25,,,,,,,,,,,,,,,42418.52,0.0,0.0,0.0,0.0,,42418.52,,,,,,,56913.88,0.0,0.0,0.0,0.0,,56913.88,
2025-03-11,78595.86,83617.4,76606.0,82932.99,48770.07,5.52,85703.53,87911.83,89221.66,False,36.15,12.4,30.3,,,,,,76606.0,LL,,BIG HH confirmed @ 109588.00,,,,,,42418.52,0.0,0.0,0.0,0.0,,42418.52,,,,,,,56913.88,0.0,0.0,0.0,0.0,,56913.88,
2025-03-12,82932.99,84539.85,80607.65,83680.12,31933.99,0.9,85392.24,87508.81,88811.17,False,36.24,13.01,28.61,,,,,,,,,,,,,,,42418.52,0.0,0.0,0.0,0.0,,42418.52,,,,,,,56913.88,0.0,0.0,0.0,0.0,,56913.88,
2025-03-13,83680.12,84336.33,79939.9,81115.78,27546.27,-3.06,84734.32,86899.95,88241.14,False,36.44,12.2,27.77,,,,,,,,,,,,,,,42418.52,0.0,0.0,0.0,0.0,,42418.52,,,,,,,56913.88,0.0,0.0,0.0,0.0,,56913.88,
2025-03-14,81115.78,85309.71,80818.84,83983.2,26858.53,3.53,84618.76,86622.17,87925.74,False,36.26,12.81,25.98,,,,,,,,,,,,,,,42418.52,0.0,0.0,0.0,0.0,,42418.52,,,,,,,56913.88,0.0,0.0,0.0,0.0,,56913.88,
2025-03-15,83983.19,84676.28,83618.0,84338.44,11324.73,0.42,84575.64,86404.67,87660.01,False,36.1,12.6,25.56,,,,,,,,,,,,,,,42418.52,0.0,0.0,0.0,0.0,,42418.52,,,,,,,56913.88,0.0,0.0,0.0,0.0,,56913.88,
2025-03-16,84338.44,85117.04,81981.12,82574.53,17596.13,-2.09,84267.78,86039.89,87283.31,False,36.25,11.99,26.86,,,,,,,,,SMALL LL confirmed @ 76606.00,,,,,,42418.52,0.0,0.0,0.0,0.0,,42418.52,,,,,,,56913.88,0.0,0.0,0.0,0.0,,56913.88,
2025-03-17,82574.52,84756.83,82456.0,84010.03,17214.74,1.74,84228.12,85846.57,87040.85,False,36.4,11.54,25.87,,,,,,,,,,,,,,,42418.52,0.0,0.0,0.0,0.0,,42418.52,,,,,,,56913.88,0.0,0.0,0.0,0.0,,56913.88,
2025-03-18,84010.02,84021.74,81134.66,82715.03,17610.9,-1.54,83995.34,85548.33,86720.42,False,36.79,10.99,26.82,,,,,,,,,,,,,,,42418.52,0.0,0.0,0.0,0.0,,42418.52,,,,,,,56913.88,0.0,0.0,0.0,0.0,,56913.88,
2025-03-19,82715.03,87000.0,82547.16,86845.94,28151.05,4.99,84433.89,85671.91,86729.71,False,35.9,15.1,24.84,,,,,,,,,,,,,,,42418.52,0.0,0.0,0.0,0.0,,42418.52,,,,,,,56913.88,0.0,0.0,0.0,0.0,,56913.88,
2025-03-20,86845.93,87453.67,83655.23,84223.39,22090.3,-3.02,84401.51,85533.96,86544.06,False,34.9,14.9,23.27,,,,,,,,,,,,,,,42418.52,0.0,0.0,0.0,0.0,,42418.52,,,,,,,56913.88,0.0,0.0,0.0,0.0,,56913.88,
2025-03-21,84223.38,84850.33,83175.25,84088.79,11956.97,-0.16,84353.4,85396.32,86362.19,False,34.1,14.47,23.43,,,,,,,,,,,,,,,42418.52,0.0,0.0,0.0,0.0,,42418.52,,,,,,,56913.88,0.0,0.0,0.0,0.0,,56913.88,
2025-03-22,84088.79,84539.17,83625.1,83840.59,5420.22,-0.3,84274.5,85248.16,86175.4,False,33.35,14.22,23.03,,,,,,,,,,,,,,,42418.52,0.0,0.0,0.0,0.0,,42418.52,,,,,,,56913.88,0.0,0.0,0.0,0.0,,56913.88,
2025-03-23,83840.59,86129.64,83809.75,86082.5,8461.98,2.67,84552.66,85327.62,86168.52,False,31.97,16.62,22.01,,,,,,,,,,,,,,,42418.52,0.0,0.0,0.0,0.0,,42418.52,,,,,,,56913.88,0.0,0.0,0.0,0.0,,56913.88,
2025-03-24,86082.5,88765.43,85519.09,87498.16,30115.62,1.64,85005.81,85534.34,86267.01,False,29.68,20.64,20.64,,,,,88765.43,,LH,,,,,,,,42418.52,0.0,0.0,0.0,0.0,,42418.52,,,,,,,56913.88,0.0,0.0,0.0,0.0,,56913.88,
2025-03-25,87498.16,88539.63,86310.0,87392.87,22643.25,-0.12,85373.05,85711.34,86350.41,False,27.56,19.73,19.73,,,,,,,,,,,,,,,42418.52,0.0,0.0,0.0,0.0,,42418.52,,,,,,,56913.88,0.0,0.0,0.0,0.0,,56913.88,
2025-03-26,87392.88,88275.0,85860.0,86909.17,18408.78,-0.55,85609.38,85825.42,86391.8,False,25.76,18.77,19.68,,,,,,,,,,,,,,,42418.52,0.0,0.0,0.0,0.0,,42418.52,,,,,,,56913.88,0.0,0.0,0.0,0.0,,56913.88,
2025-03-27,86909.17,87756.39,85800.0,87232.01,17098.04,0.37,85859.01,85959.38,86454.04,False,24.12,18.0,19.0,,,,,,,,,,,,,,,42418.52,0.0,0.0,0.0,0.0,,42418.52,,,,,,,56913.88,0.0,0.0,0.0,0.0,,56913.88,
2025-03-28,87232.01,87515.67,83585.0,84424.38,27182.73,-3.22,85638.3,85813.19,86303.69,False,23.41,16.54,22.04,,,,,,,,,,,,,,,42418.52,0.0,0.0,0.0,0.0,,42418.52,,,,,,,56913.88,0.0,0.0,0.0,0.0,,56913.88,
2025-03-29,84424.38,84624.73,81644.81,82648.54,11696.4,-2.1,85178.34,85511.8,86032.94,False,23.38,15.51,24.72,,,,,,,,,SMALL LH confirmed @ 88765.43,,,,,,42418.52,0.0,0.0,0.0,0.0,,42418.52,,,,,,,56913.88,0.0,0.0,0.0,0.0,,56913.88,
2025-03-30,82648.53,83534.64,81565.0,82389.99,9864.5,-0.31,84749.36,85214.48,85763.09,False,23.37,14.85,23.84,,,,,,,,,,,,,,,42418.52,0.0,0.0,0.0,0.0,,42418.52,,,,,,,56913.88,0.0,0.0,0.0,0.0,,56913.88,
2025-03-31,82390.0,83943.08,81278.52,82550.01,20569.14,0.19,84411.0,84960.72,85525.09,False,23.15,14.88,22.45,,,,,,,,,,,,,,,42418.52,0.0,0.0,0.0,0.0,,42418.52,,,,,,,56913.88,0.0,0.0,0.0,0.0,,56913.88,
2025-04-01,82550.0,85579.46,82432.74,85158.34,20190.4,3.16,84525.97,84979.54,85497.92,False,22.14,17.44,20.91,,,,,,,,,,,,,,,42418.52,0.0,0.0,0.0,0.0,,42418.52,,,,,,,56913.88,0.0,0.0,0.0,0.0,,56913.88,
2025-04-02,85158.35,88500.0,82320.0,82516.29,39931.46,-3.1,84216.79,84744.95,85277.06,False,21.1,21.23,18.25,,,,,,,,,,,,,,,42418.52,0.0,0.0,0.0,0.0,,42418.52,,,,,,,56913.88,0.0,0.0,0.0,0.0,,56913.88,
2025-04-03,82516.28,83998.02,81211.24,83213.09,27337.84,0.84,84062.38,84599.06,85124.17,False,19.68,20.0,19.5,,,,,,,,,,,,,,,42418.52,0.0,0.0,0.0,0.0,,42418.52,,,,,,,56913.88,0.0,0.0,0.0,0.0,,56913.88,
2025-04-04,83213.09,84720.0,81659.0,83889.87,32915.54,0.81,84035.84,84531.51,85032.74,False,18.64,20.23,18.24,,,,,,,,,,,,,,,42418.52,0.0,0.0,0.0,0.0,,42418.52,,,,,,,56913.88,0.0,0.0,0.0,0.0,,56913.88,
2025-04-05,83889.87,84266.0,82379.95,83537.99,9360.4,-0.42,83959.25,84436.89,84922.02,False,17.68,19.4,17.5,,,,,,,,,,,,,,,42418.52,0.0,0.0,0.0,0.0,,42418.52,,,,,,,56913.88,0.0,0.0,0.0,0.0,,56913.88,
2025-04-06,83537.99,83817.63,77153.83,78430.0,27942.71,-6.11,83108.59,83864.81,84441.13,False,17.92,16.78,25.72,,,,,,,,,,,,,,,42418.52,0.0,0.0,0.0,0.0,,42418.52,,,,,,,56913.88,0.0,0.0,0.0,0.0,,56913.88,
2025-04-07,78430.0,81243.58,74508.0,79163.24,78387.53,0.93,82501.61,83417.04,84050.17,False,18.81,14.63,27.45,,74508.0,HL,,,74508.0,LL,,,,,,,,42418.52,0.0,0.0,0.0,0.0,,42418.52,,,,,,,56913.88,0.0,0.0,0.0,0.0,,56913.88,
2025-04-08,79163.24,80867.99,76239.9,76322.42,35317.32,-3.59,81550.97,82741.36,83477.75,False,19.65,13.37,25.08,,,,,,,,BEAR_BOS,SMALL BEAR BOS @ 76322.42 (level 76606.00),,,,,,42418.52,0.0,0.0,0.0,0.0,,42418.52,,,,,,,56913.88,0.0,0.0,0.0,0.0,,56913.88,
2025-04-09,76322.42,83588.0,74620.0,82615.22,75488.29,8.25,81714.7,82729.35,83413.86,False,19.26,15.96,21.24,,,,,,,,,,,,,,,42418.52,0.0,0.0,0.0,0.0,,42418.52,,,,,,,56913.88,0.0,0.0,0.0,0.0,,56913.88,
2025-04-10,82615.22,82753.21,78464.36,79607.3,33284.81,-3.64,81390.48,82432.01,83131.89,False,18.9,14.8,19.69,,,,,,,,,,,,,,,42418.52,0.0,0.0,0.0,0.0,,42418.52,,,,,,,56913.88,0.0,0.0,0.0,0.0,,56913.88,
2025-04-11,79607.3,84300.0,78969.58,83423.84,34435.44,4.79,81703.31,82526.47,83153.52,False,17.94,16.06,17.94,,,,,,,,,,,,,,,42418.52,0.0,0.0,0.0,0.0,,42418.52,,,,,,,56913.88,0.0,0.0,0.0,0.0,,56913.88,
2025-04-12,83423.83,85905.0,82792.95,85276.9,18470.74,2.22,82253.09,82788.42,83310.8,False,16.85,17.95,16.98,,,,,,,,,SMALL LL confirmed @ 74508.00,,,,,,42418.52,0.0,0.0,0.0,0.0,,42418.52,,,,,,,56913.88,0.0,0.0,0.0,0.0,,56913.88,
2025-04-13,85276.91,86100.0,83034.23,83760.0,24680.04,-1.78,82484.92,82880.95,83344.08,False,15.92,17.33,16.08,,,,,,,,,,,,,,,42418.52,0.0,0.0,0.0,0.0,,42418.52,,,,,,,56913.88,0.0,0.0,0.0,0.0,,56913.88,
2025-04-14,83760.0,85799.99,83678.0,84591.58,28659.09,0.99,82809.02,83043.86,83436.49,False,15.05,16.67,15.47,,,,,,,,,,,,,,,42418.52,0.0,0.0,0.0,0.0,,42418.52,,,,,,,56913.88,0.0,0.0,0.0,0.0,,56913.88,
2025-04-15,84591.58,86496.42,83600.0,83643.99,20911.0,-1.12,82937.48,83101.02,83451.86,False,14.52,17.06,14.64,,,,,86496.42,,LH,,,,,,,,42418.52,0.0,0.0,0.0,0.0,,42418.52,,,,,,,56913.88,0.0,0.0,0.0,0.0,,56913.88,
2025-04-16,83643.99,85500.0,83111.64,84030.38,20867.25,0.46,83105.62,83189.53,83494.71,False,13.8,16.29,14.91,,,,,,83111.64,HL,,,,,,,,42418.52,0.0,0.0,0.0,0.0,,42418.52,,,,,,,56913.88,0.0,0.0,0.0,0.0,,56913.88,
2025-04-17,84030.38,85470.01,83736.26,84947.91,13728.85,1.09,83389.05,83356.99,83602.35,False,13.13,15.74,14.4,,,,,,,,,,,,,,,42418.52,0.0,0.0,0.0,0.0,,42418.52,,,,,,,56913.88,0.0,0.0,0.0,0.0,,56913.88,
2025-04-18,84947.92,85132.08,84303.96,84474.69,6529.96,-0.56,83556.07,83463.44,83666.97,False,12.51,15.46,14.15,,,,,,,,,,,,,,,42418.52,0.0,0.0,0.0,0.0,,42418.52,,,,,,,56913.88,0.0,0.0,0.0,0.0,,56913.88,
2025-04-19,84474.7,85677.99,84364.45,85077.01,9666.58,0.71,83790.06,83617.12,83771.42,True,12.2,16.21,13.75,,,,,,,,,,,,,,,42418.52,0.0,0.0,0.0,0.0,,42418.52,,,,,,,56913.88,0.0,0.0,0.0,0.0,,56913.88,
2025-04-20,85077.0,85320.76,83949.52,85179.24,8091.68,0.12,84003.78,83765.89,83875.7,True,11.67,15.71,14.26,,,,,,,,,SMALL LH confirmed @ 86496.42,,,,,,42418.52,0.0,0.0,0.0,0.0,,42418.52,,,,,,,56913.88,0.0,0.0,0.0,0.0,,56913.88,
2025-04-21,85179.24,88465.99,85144.76,87516.23,31773.37,2.74,84544.16,84123.06,84145.37,True,12.57,21.63,13.19,,,,,,,,BULL_CHOCH,SMALL HL confirmed @ 83111.64 | SMALL BULL CHOCH @ 87516.23 (level 86496.42),78764.61,-10.0,5.0,2.423466,212092.59,42418.52,0.0,0.0,21209.26,21209.26,0.0,21209.26,"ENTRY @ 87516.23 (small green CHoCH, margin $21209.26 [50% of bank] @ 10x [ADX 12.6, zone green], 2.423466 units)",78764.61,-10.0,5.0,3.251618,284569.38,56913.88,0.0,0.0,28456.94,28456.94,0.0,28456.94,"ENTRY @ 87516.23 (small green CHoCH, margin $28456.94 [50% of bank] @ 10x [ADX 12.6, zone green], 3.251618 units)"
2025-04-22,87516.22,93888.0,87076.03,93442.99,43872.75,6.77,85913.21,85010.68,84834.08,True,14.89,29.87,11.32,,,,,,,,,,78764.61,-15.71,3.99,2.423466,226455.89,56781.82,14363.3,33.86,35572.56,22645.59,12926.97,21209.26,,78764.61,-15.71,3.99,3.251618,303840.94,76185.44,19271.56,33.86,47728.5,30384.09,17344.41,28456.94,
2025-04-23,93442.99,94696.05,91935.41,93691.08,27404.17,0.27,87109.8,85837.38,85490.16,True,17.21,29.84,10.65,,,,,,,,,,78764.61,-15.93,3.96,2.423466,227057.13,57383.06,601.24,1.06,36173.8,22705.71,13468.08,21209.26,,78764.61,-15.93,3.96,3.251618,304647.63,76992.13,806.69,1.06,48535.19,30464.76,18070.43,28456.94,
2025-04-24,93691.07,94005.0,91660.01,93980.47,19497.06,0.31,88166.83,86612.91,86119.07,True,19.21,28.32,10.71,,,,,,,,,,78764.61,-16.19,3.92,2.423466,227758.45,58084.38,701.33,1.22,36875.12,22775.85,14099.28,21209.26,,78764.61,-16.19,3.92,3.251618,305588.62,77933.12,940.99,1.22,49476.18,30558.86,18917.32,28456.94,
2025-04-25,93980.47,95758.04,92855.96,94638.68,27500.67,0.7,89162.5,87377.27,86750.15,True,21.43,30.36,10.03,,,,,95758.04,,HH,,,78764.61,-16.77,3.84,2.423466,229353.6,59679.53,1595.15,2.75,38470.27,22935.36,15534.91,21209.26,,78764.61,-16.77,3.84,3.251618,307728.86,80073.36,2140.25,2.75,51616.43,30772.89,20843.54,28456.94,
2025-04-26,94638.68,95199.0,93870.69,94628.0,9415.07,-0.01,90003.35,88067.82,87333.7,True,23.49,29.44,9.73,,,,,,,,,,78764.61,-16.76,3.84,2.423466,229327.72,59653.65,-25.88,-0.04,38444.39,22932.77,15511.62,21209.26,,78764.61,-16.76,3.84,3.251618,307694.14,80038.64,-34.73,-0.04,51581.7,30769.41,20812.29,28456.94,
2025-04-27,94628.0,95369.0,93602.58,93749.3,11162.84,-0.93,90579.65,88608.91,87808.93,True,25.23,28.21,9.95,,,,,,,,,,78764.61,-15.98,3.95,2.423466,227198.22,57524.15,-2129.5,-3.57,36314.89,22719.82,13595.07,21209.26,,78764.61,-15.98,3.95,3.251618,304836.94,77181.44,-2857.2,-3.57,48724.5,30483.69,18240.81,28456.94,
2025-04-28,93749.29,95630.0,92800.01,95011.18,22157.53,1.35,91261.42,89218.65,88342.43,True,26.31,26.33,11.19,,,,,,92800.01,HL,,,78764.61,-17.1,3.8,2.423466,230256.34,60582.27,3058.12,5.32,39373.01,23025.63,16347.38,21209.26,,78764.61,-17.1,3.8,3.251618,308940.09,81284.59,4103.15,5.32,52827.65,30894.01,21933.64,28456.94,
2025-04-29,95011.18,95461.53,93742.54,94256.82,16955.34,-0.79,91722.25,89698.48,88780.53,True,27.32,25.22,10.72,,,,,,,,,,78764.61,-16.44,3.89,2.423466,228428.18,58754.11,-1828.17,-3.02,37544.85,22842.82,14702.03,21209.26,,78764.61,-16.44,3.89,3.251618,306487.2,78831.7,-2452.89,-3.02,50374.76,30648.72,19726.04,28456.94,
2025-04-30,94256.82,95228.45,92910.0,94172.0,17661.28,-0.09,92099.14,90124.53,89179.9,True,27.67,23.77,12.16,,,,,,,,,SMALL HH confirmed @ 95758.04,78764.61,-16.36,3.9,2.423466,228222.62,58548.55,-205.56,-0.35,37339.29,22822.26,14517.03,21209.26,,78764.61,-16.36,3.9,3.251618,306211.4,78555.9,-275.8,-0.35,50098.96,30621.14,19477.82,28456.94,
2025-05-01,94172.0,97424.02,94130.43,96489.91,21380.45,2.46,92774.64,90730.75,89721.38,True,28.68,27.24,11.18,,,,,,,,BULL_BOS,SMALL BULL BOS @ 96489.91 (level 95758.04),78764.61,-18.37,3.64,2.423466,233839.99,64165.92,5617.38,9.59,42956.67,23384.0,19572.67,21209.26,,78764.61,-18.37,3.64,3.251618,313748.36,86092.86,7536.96,9.59,57635.92,31374.84,26261.08,28456.94,
2025-05-02,96489.9,97895.68,96350.0,96887.14,14905.75,0.41,93407.33,91317.08,90252.18,True,29.75,27.37,10.74,,,,,97895.68,,HH,,,78764.61,-18.7,3.61,2.423466,234802.67,65128.6,962.67,1.5,43919.34,23480.27,20439.07,21209.26,,78764.61,-18.7,3.61,3.251618,315040.0,87384.5,1291.64,1.5,58927.56,31504.0,27423.56,28456.94,
2025-05-03,96887.13,96935.67,95753.01,95856.42,9723.35,-1.06,93784.11,91749.39,90667.31,True,30.32,26.51,11.99,,,,,,,,,SMALL HL confirmed @ 92800.01,78764.61,-17.83,3.71,2.423466,232304.75,62630.68,-2497.91,-3.84,41421.42,23230.48,18190.95,21209.26,,78764.61,-17.83,3.71,3.251618,311688.49,84032.99,-3351.51,-3.84,55576.05,31168.85,24407.2,28456.94,
2025-05-04,95856.42,96304.48,94151.38,94277.62,11036.38,-1.65,93860.04,91990.18,90934.74,True,29.81,24.98,15.59,,,,,,,,,,78764.61,-16.45,3.89,2.423466,228478.58,58804.51,-3826.17,-6.11,37595.26,22847.86,14747.4,21209.26,,78764.61,-16.45,3.89,3.251618,306554.84,78899.33,-5133.65,-6.11,50442.4,30655.48,19786.91,28456.94,
2025-05-05,94277.61,95199.0,93514.1,94733.68,17251.18,0.48,93994.44,92251.46,91216.14,True,28.95,23.82,16.62,,,,,,,,,,78764.61,-16.86,3.83,2.423466,229583.83,59909.76,1105.25,1.88,38700.5,22958.38,15742.12,21209.26,,78764.61,-16.86,3.83,3.251618,308037.77,80382.27,1482.93,1.88,51925.33,30803.78,21121.55,28456.94,
2025-05-06,94733.68,96920.65,93377.0,96834.02,16122.65,2.22,94431.3,92687.9,91632.28,True,28.81,26.17,15.04,,,,,,93377.0,HL,,,78764.61,-18.66,3.61,2.423466,234673.93,64999.86,5090.1,8.5,43790.6,23467.39,20323.21,21209.26,,78764.61,-18.66,3.61,3.251618,314867.27,87211.77,6829.5,8.5,58754.83,31486.73,27268.11,28456.94,
2025-05-07,96834.02,97732.0,95784.61,97030.5,16644.84,0.2,94831.18,93101.48,92032.15,True,28.96,27.0,14.24,,,,,,,,,SMALL HH confirmed @ 97895.68,78764.61,-18.82,3.59,2.423466,235150.1,65476.03,476.16,0.73,44266.77,23515.01,20751.76,21209.26,,78764.61,-18.82,3.59,3.251618,315506.15,87850.65,638.88,0.73,59393.71,31550.62,27843.1,28456.94,
2025-05-08,97030.5,104145.76,96876.29,103261.6,34962.03,6.42,96128.17,94069.11,92863.96,True,30.65,37.81,11.73,,,,,,,,BULL_BOS,SMALL BULL BOS @ 103261.60 (level 97895.68),78764.61,-23.72,3.11,2.423466,250250.95,80576.88,15100.86,23.06,59367.62,25025.1,34342.53,21209.26,,78764.61,-23.72,3.11,3.251618,335767.31,108111.81,20261.16,23.06,79654.87,33576.73,46078.14,28456.94,
2025-05-09,103261.61,104361.3,102315.14,102971.99,27617.4,-0.28,97181.06,94917.0,93612.7,True,32.26,36.42,11.13,,,,,,,,,,78764.61,-23.51,3.12,2.423466,249549.09,79875.02,-701.86,-0.87,58665.76,24954.91,33710.85,21209.26,,78764.61,-23.51,3.12,3.251618,334825.61,107170.11,-941.7,-0.87,78713.17,33482.56,45230.61,28456.94,
2025-05-10,102971.99,104984.57,102818.76,104809.53,15324.79,1.78,98354.67,95859.15,94442.1,True,33.87,36.01,10.52,,,,,,,,,,78764.61,-24.85,3.01,2.423466,254002.31,84328.24,4453.22,5.58,63118.98,25400.23,37718.75,21209.26,,78764.61,-24.85,3.01,3.251618,340800.59,113145.09,5974.98,5.58,84688.15,34080.06,50608.09,28456.94,
2025-05-11,104809.53,104972.0,103345.06,104118.0,17987.12,-0.66,99241.34,96645.71,95158.83,True,35.36,34.48,10.08,,,,,,,,,SMALL HL confirmed @ 93377.00,78764.61,-24.35,3.05,2.423466,252326.41,82652.34,-1675.9,-1.99,61443.08,25232.64,36210.44,21209.26,,78764.61,-24.35,3.05,3.251618,338552.0,110896.49,-2248.59,-1.99,82439.56,33855.2,48584.36,28456.94,
2025-05-12,104118.0,105819.45,100718.37,102791.32,31272.78,-1.27,99787.49,97231.0,95724.2,True,35.18,30.16,15.26,,,,,105819.45,,HH,,,78764.61,-23.37,3.14,2.423466,249111.25,79437.18,-3215.16,-3.89,58227.92,24911.12,33316.79,21209.26,,78764.61,-23.37,3.14,3.251618,334238.14,106582.64,-4313.86,-3.89,78125.7,33423.81,44701.89,28456.94,
2025-05-13,102791.32,104976.25,101429.7,104103.72,21253.42,1.28,100451.53,97885.55,96344.9,True,35.01,27.58,13.95,,,,,,,,,,78764.61,-24.34,3.05,2.423466,252291.8,82617.73,3180.56,4.0,61408.47,25229.18,36179.29,21209.26,,78764.61,-24.34,3.05,3.251618,338505.56,110850.06,4267.42,4.0,82393.12,33850.56,48542.57,28456.94,
2025-05-14,104103.72,104356.95,102602.05,103507.82,16452.91,-0.57,100921.72,98421.0,96875.49,True,34.85,26.37,13.34,,,,,,,,,,78764.61,-23.9,3.09,2.423466,250847.66,81173.59,-1444.14,-1.75,59964.33,25084.77,34879.56,21209.26,,78764.61,-23.9,3.09,3.251618,336567.92,108912.42,-1937.64,-1.75,80455.48,33656.79,46798.69,28456.94,
2025-05-15,103507.83,104192.7,101383.07,103763.71,17998.99,0.25,101358.95,98929.83,97385.73,True,33.98,24.52,15.45,,,,,,101383.07,HL,,,78764.61,-24.09,3.07,2.423466,251467.8,81793.73,620.14,0.76,60584.47,25146.78,35437.69,21209.26,,78764.61,-24.09,3.07,3.251618,337399.98,109744.48,832.06,0.76,81287.54,33740.0,47547.54,28456.94,
2025-05-16,103763.71,104550.33,103100.49,103463.9,15683.88,-0.29,101682.79,99361.65,97835.96,True,33.31,24.53,14.87,,,,,,,,,,78764.61,-23.87,3.09,2.423466,250741.22,81067.15,-726.58,-0.89,59857.89,25074.12,34783.77,21209.26,,78764.61,-23.87,3.09,3.251618,336425.11,108769.61,-974.87,-0.89,80312.67,33642.51,46670.16,28456.94,
2025-05-17,103463.9,103709.86,102612.5,103126.65,11250.9,-0.33,101904.92,99720.22,98227.87,True,32.38,23.8,15.75,,,,,,,,,SMALL HH confirmed @ 105819.45,78764.61,-23.62,3.11,2.423466,249923.91,80249.84,-817.31,-1.01,59040.58,24992.39,34048.19,21209.26,,78764.61,-23.62,3.11,3.251618,335328.5,107673.0,-1096.61,-1.01,79216.07,33532.85,45683.21,28456.94,
2025-05-18,103126.65,106660.0,103105.09,106454.26,21599.99,3.23,102604.82,100361.56,98837.23,True,32.54,29.35,14.27,,,,,,,,BULL_BOS,SMALL BULL BOS @ 106454.26 (level 105819.45),78764.61,-26.01,2.92,2.423466,257988.26,88314.18,8064.35,10.05,67104.93,25798.83,41306.1,21209.26,,78764.61,-26.01,2.92,3.251618,346148.62,118493.12,10820.12,10.05,90036.18,34614.86,55421.32,28456.94,
2025-05-19,106454.27,107108.62,102000.0,105573.74,30260.04,-0.83,103061.58,100857.95,99336.23,True,32.04,25.63,15.2,,,,,,,,,,78764.61,-25.39,2.97,2.423466,255854.35,86180.27,-2133.91,-2.42,64971.02,25585.43,39385.58,21209.26,,78764.61,-25.39,2.97,3.251618,343285.51,115630.01,-2863.11,-2.42,87173.07,34328.55,52844.52,28456.94,
2025-05-20,105573.73,107320.0,104184.72,106849.99,23705.48,1.21,103644.41,101428.62,99892.81,True,31.65,24.17,14.03,,,,,,,,,SMALL HL confirmed @ 101383.07,78764.61,-26.28,2.9,2.423466,258947.29,89273.22,3092.95,3.59,68063.96,25894.73,42169.23,21209.26,,78764.61,-26.28,2.9,3.251618,347435.38,119779.88,4149.88,3.59,91322.95,34743.54,56579.41,28456.94,
2025-05-21,106850.0,110797.38,106100.01,109643.99,45531.04,2.61,104567.42,102211.04,100615.12,True,32.3,29.7,12.47,,,,BULL_BOS,,,,,BIG BULL BOS @ 109643.99 (level 109588.00),78764.61,-28.16,2.77,2.423466,265718.46,96044.39,6771.16,7.58,74835.13,26571.85,48263.28,21209.26,,78764.61,-28.16,2.77,3.251618,356520.41,128864.9,9085.02,7.58,100407.97,35652.04,64755.93,28456.94,
2025-05-22,109643.99,111980.0,109177.37,111696.21,31630.77,1.87,105664.16,103114.39,101435.94,True,33.19,30.53,11.65,,,,,111980.0,,HH,,,78764.61,-29.48,2.68,2.423466,270691.94,101017.87,4973.48,5.18,79808.61,27069.19,52739.42,21209.26,,78764.61,-29.48,2.68,3.251618,363193.44,135537.94,6673.04,5.18,107081.0,36319.34,70761.66,28456.94,
2025-05-23,111696.22,111800.0,106800.0,107318.3,31737.72,-3.92,105918.64,103514.76,101871.67,True,32.72,27.07,15.71,,,,,,,,,,78764.61,-26.61,2.88,2.423466,260082.23,90408.16,-10609.72,-10.5,69198.9,26008.22,43190.67,21209.26,,78764.61,-26.61,2.88,3.251618,348958.15,121302.65,-14235.29,-10.5,92845.71,34895.81,57949.9,28456.94,
2025-05-24,107318.3,109506.03,106875.41,107761.91,16782.53,0.41,106202.22,103919.25,102307.98,True,32.28,25.44,14.76,,,,,,,,,,78764.61,-26.91,2.85,2.423466,261157.3,91483.23,1075.07,1.19,70273.97,26115.73,44158.24,21209.26,,78764.61,-26.91,2.85,3.251618,350400.6,122745.1,1442.45,1.19,94288.16,35040.06,59248.1,28456.94,
2025-05-25,107761.9,109299.99,106600.64,109004.19,17710.05,1.15,106633.29,104403.53,102804.0,True,31.72,23.85,14.48,,,,,,,,,,78764.61,-27.74,2.8,2.423466,264167.92,94493.85,3010.62,3.29,73284.59,26416.79,46867.8,21209.26,,78764.61,-27.74,2.8,3.251618,354440.02,126784.52,4039.42,3.29,98327.58,35444.0,62883.58,28456.94,
2025-05-26,109004.2,110422.22,108670.58,109434.79,14649.12,0.4,107064.29,104882.7,103295.17,True,31.57,25.53,13.87,,,,,,,,,,78764.61,-28.03,2.78,2.423466,265211.47,95537.4,1043.54,1.1,74328.14,26521.15,47806.99,21209.26,,78764.61,-28.03,2.78,3.251618,355840.17,128184.67,1400.15,1.1,99727.73,35584.02,64143.71,28456.94,
2025-05-27,109434.78,110718.0,107516.57,108938.17,21276.66,-0.45,107352.58,105268.93,103713.17,True,30.78,23.59,15.56,,,,,,,,,BIG HL confirmed @ 74508.00 | SMALL HH confirmed @ 111980.00,78764.61,-27.7,2.8,2.423466,264007.93,94333.86,-1203.54,-1.26,73124.6,26400.79,46723.8,21209.26,,78764.61,-27.7,2.8,3.251618,354225.35,126569.85,-1614.82,-1.26,98112.91,35422.53,62690.38,28456.94,
2025-05-28,108938.17,109284.7,106769.43,107781.78,15633.79,-1.06,107418.61,105508.25,104014.55,True,29.64,22.16,16.41,,,,,,,,,,78764.61,-26.92,2.85,2.423466,261205.45,91531.38,-2802.47,-2.97,70322.13,26120.55,44201.58,21209.26,,78764.61,-26.92,2.85,3.251618,350465.21,122809.71,-3760.14,-2.97,94352.77,35046.52,59306.25,28456.94,
2025-05-29,107781.78,108891.91,105322.86,105589.75,19834.7,-2.03,107137.25,105516.02,104131.23,True,27.87,20.29,18.45,,,,,,,,,,78764.61,-25.41,2.97,2.423466,255893.14,86219.07,-5312.31,-5.8,65009.82,25589.31,39420.5,21209.26,,78764.61,-25.41,2.97,3.251618,343337.56,115682.06,-7127.64,-5.8,87225.13,34333.76,52891.37,28456.94,
2025-05-30,105589.75,106313.12,103621.0,103985.48,23706.5,-1.52,106652.36,105370.25,104120.43,True,26.29,18.98,21.33,,,,,,,,,,78764.61,-24.25,3.06,2.423466,252005.25,82331.18,-3887.89,-4.51,61121.92,25200.53,35921.4,21209.26,,78764.61,-24.25,3.06,3.251618,338121.09,110465.59,-5216.47,-4.51,82008.65,33812.11,48196.54,28456.94,
2025-05-31,103985.47,104900.0,103068.55,104591.88,11289.36,0.58,106335.36,105296.12,104155.35,True,25.06,18.13,21.73,,,,,,,,,,78764.61,-24.69,3.02,2.423466,253474.84,83800.77,1469.59,1.78,62591.51,25347.48,37244.03,21209.26,,78764.61,-24.69,3.02,3.251618,340092.87,112437.37,1971.78,1.78,83980.43,34009.29,49971.15,28456.94,
2025-06-01,104591.88,105866.91,103752.49,105642.93,9709.7,1.0,106228.84,105329.15,104265.54,True,23.44,19.59,20.58,,,,,,,,,,78764.61,-25.44,2.97,2.423466,256022.02,86347.95,2547.18,3.04,65138.7,25602.2,39536.49,21209.26,,78764.61,-25.44,2.97,3.251618,343510.49,115854.98,3417.61,3.04,87398.05,34351.05,53047.0,28456.94,
2025-06-02,105642.93,105935.63,103659.88,105857.99,13453.99,0.2,106171.78,105379.51,104383.5,True,21.99,18.46,19.62,,,,,,,,,,78764.61,-25.59,2.95,2.423466,256543.22,86869.15,521.19,0.6,65659.89,25654.32,40005.56,21209.26,,78764.61,-25.59,2.95,3.251618,344209.78,116554.28,699.29,0.6,88097.34,34420.98,53676.36,28456.94,
2025-06-03,105858.0,106794.67,104872.5,105376.89,13259.53,-0.45,106049.49,105379.26,104457.09,True,20.63,19.77,18.64,,,,,,,,,,78764.61,-25.25,2.98,2.423466,255377.29,85703.22,-1165.93,-1.34,64493.96,25537.73,38956.23,21209.26,,78764.61,-25.25,2.98,3.251618,342645.42,114989.92,-1564.35,-1.34,86532.99,34264.54,52268.44,28456.94,
2025-06-04,105376.9,106000.0,104179.0,104696.86,14034.89,-0.65,105841.39,105314.27,104474.85,True,19.3,18.81,19.59,,,,,,,,,,78764.61,-24.77,3.02,2.423466,253729.26,84055.19,-1648.03,-1.92,62845.93,25372.93,37473.0,21209.26,,78764.61,-24.77,3.02,3.251618,340434.23,112778.73,-2211.2,-1.92,84321.79,34043.42,50278.37,28456.94,
2025-06-05,104696.86,105909.71,100372.26,101508.68,22321.5,-3.05,105174.82,104951.84,104255.13,True,19.61,16.23,26.33,,,,,,100372.26,LL,,,78764.61,-22.41,3.22,2.423466,246002.81,76328.74,-7726.45,-9.19,55119.48,24600.28,30519.2,21209.26,,78764.61,-22.41,3.22,3.251618,330067.48,102411.98,-10366.74,-9.19,73955.04,33006.75,40948.3,28456.94,
2025-06-06,101508.69,105333.0,101095.8,104288.44,15839.07,2.74,105038.46,104888.66,104257.6,True,19.91,14.58,23.65,,,,,,,,,,78764.61,-24.47,3.04,2.423466,252739.46,83065.39,6736.65,8.83,61856.14,25273.95,36582.19,21209.26,,78764.61,-24.47,3.04,3.251618,339106.2,111450.7,9038.72,8.83,82993.76,33910.62,49083.14,28456.94,
2025-06-07,104288.43,105900.0,103871.09,105552.15,8344.93,1.21,105117.49,104951.85,104353.49,True,19.85,15.25,22.48,,,,,,,,,,78764.61,-25.38,2.97,2.423466,255802.02,86127.95,3062.56,3.69,64918.69,25580.2,39338.49,21209.26,,78764.61,-25.38,2.97,3.251618,343215.3,115559.8,4109.1,3.69,87102.87,34321.53,52781.33,28456.94,
2025-06-08,105552.15,106488.14,104964.14,105734.0,8048.06,0.17,105212.33,105026.34,104455.75,True,19.47,16.15,21.61,,,,,,,,,,78764.61,-25.51,2.96,2.423466,256242.73,86568.66,440.71,0.51,65359.4,25624.27,39735.13,21209.26,,78764.61,-25.51,2.96,3.251618,343806.61,116151.11,591.31,0.51,87694.17,34380.66,53313.51,28456.94,
2025-06-09,105734.01,110530.17,105318.37,110263.02,19975.37,4.28,105989.36,105525.07,104885.92,True,18.9,23.81,18.91,,,,,110530.17,,LH,,,78764.61,-28.57,2.74,2.423466,267218.65,97544.58,10975.92,12.68,76335.33,26721.87,49613.46,21209.26,,78764.61,-28.57,2.74,3.251618,358533.25,130877.75,14726.64,12.68,102420.82,35853.33,66567.49,28456.94,
2025-06-10,110263.02,110400.0,108331.03,110274.39,17071.83,0.01,106648.6,105977.38,105285.07,True,18.36,22.6,17.96,,,,,,,,,SMALL LL confirmed @ 100372.26,78764.61,-28.57,2.74,2.423466,267246.21,97572.14,27.55,0.03,76362.88,26724.62,49638.26,21209.26,,78764.61,-28.57,2.74,3.251618,358570.23,130914.72,36.97,0.03,102457.79,35857.02,66600.76,28456.94,
2025-06-11,110274.39,110392.01,108064.0,108645.12,13115.92,-1.48,106955.76,106231.45,105533.96,True,17.74,21.3,17.58,,,,,,,,,,78764.61,-27.5,2.81,2.423466,263297.73,93623.66,-3948.48,-4.05,72414.4,26329.77,46084.63,21209.26,,78764.61,-27.5,2.81,3.251618,353272.46,125616.96,-5297.76,-4.05,97160.02,35327.25,61832.78,28456.94,
2025-06-12,108645.13,108813.55,105671.72,105671.73,17778.67,-2.74,106758.21,106178.15,105544.16,True,16.89,19.65,22.12,,,,,,,,,,78764.61,-25.46,2.96,2.423466,256091.82,86417.75,-7205.91,-7.7,65208.49,25609.18,39599.31,21209.26,,78764.61,-25.46,2.96,3.251618,343604.13,115948.63,-9668.33,-7.7,87491.69,34360.41,53131.28,28456.94,
2025-06-13,105671.74,106179.53,102664.31,106066.59,26180.82,0.37,106651.81,106167.52,105582.86,True,17.19,17.97,27.53,,,,,,102664.31,HL,,,78764.61,-25.74,2.94,2.423466,257048.75,87374.68,956.93,1.11,66165.42,25704.88,40460.55,21209.26,,78764.61,-25.74,2.94,3.251618,344888.07,117232.57,1283.93,1.11,88775.63,34488.81,54286.82,28456.94,
2025-06-14,106066.59,106252.0,104300.0,105414.64,8798.94,-0.61,106461.48,106095.82,105570.4,True,17.42,17.28,26.2,,,,,,,,,SMALL LH confirmed @ 110530.17,78764.61,-25.28,2.98,2.423466,255468.77,85794.7,-1579.98,-1.81,64585.44,25546.88,39038.57,21209.26,,78764.61,-25.28,2.98,3.251618,342768.17,115112.67,-2119.89,-1.81,86655.74,34276.82,52378.92,28456.94,
2025-06-15,105414.63,106128.57,104494.53,105594.01,7164.2,0.17,106328.02,106048.03,105572.15,True,17.65,16.55,25.1,,,,,,,,,,78764.61,-25.41,2.97,2.423466,255903.47,86229.4,434.7,0.51,65020.14,25590.35,39429.79,21209.26,,78764.61,-25.41,2.97,3.251618,343351.42,115695.92,583.24,0.51,87238.98,34335.14,52903.84,28456.94,
2025-06-16,105594.02,108952.38,104980.37,106794.53,14922.67,1.14,106399.79,106119.12,105662.7,True,16.49,21.95,22.61,,,,,108952.38,,LH,,,78764.61,-26.25,2.9,2.423466,258812.89,89138.82,2909.42,3.37,67929.56,25881.29,42048.27,21209.26,,78764.61,-26.25,2.9,3.251618,347255.05,119599.55,3903.63,3.37,91142.61,34725.5,56417.11,28456.94,
2025-06-17,106794.53,107771.34,103371.02,104551.17,17866.33,-2.1,106115.39,105969.79,105580.36,True,16.04,19.63,24.09,,,,,,,,,,78764.61,-24.66,3.03,2.423466,253376.18,83702.11,-5436.71,-6.1,62492.85,25337.62,37155.23,21209.26,,78764.61,-24.66,3.03,3.251618,339960.5,112305.0,-7294.55,-6.1,83848.06,33996.05,49852.01,28456.94,
2025-06-18,104551.17,105550.27,103500.0,104886.78,13968.64,0.32,105926.37,105866.65,105528.99,True,15.62,18.64,22.88,,,,,,,,,SMALL HL confirmed @ 102664.31,78764.61,-24.91,3.01,2.423466,254189.52,84515.45,813.34,0.97,63306.19,25418.95,37887.24,21209.26,,78764.61,-24.91,3.01,3.251618,341051.77,113396.27,1091.28,0.97,84939.34,34105.18,50834.16,28456.94,
2025-06-19,104886.79,105226.17,103929.27,104658.59,7678.61,-0.22,105731.33,105751.6,105464.51,True,15.24,18.03,22.12,,,,,,,,,,78764.61,-24.74,3.02,2.423466,253636.51,83962.44,-553.01,-0.65,62753.18,25363.65,37389.53,21209.26,,78764.61,-24.74,3.02,3.251618,340309.79,112654.29,-741.99,-0.65,84197.35,34030.98,50166.37,28456.94,
2025-06-20,104658.59,106524.65,102345.0,103297.99,16419.06,-1.3,105356.97,105517.92,105304.03,True,15.5,16.17,23.75,,,,,,,,,,78764.61,-23.75,3.1,2.423466,250339.14,80665.07,-3297.37,-3.93,59455.81,25033.91,34421.9,21209.26,,78764.61,-23.75,3.1,3.251618,335885.64,108230.13,-4424.15,-3.93,79773.2,33588.56,46184.63,28456.94,
2025-06-21,103297.98,103982.64,100837.9,102120.01,11154.21,-1.14,104858.97,105194.31,105068.18,False,16.28,14.92,25.61,,,,,,,,BEAR_CHOCH,SMALL LH confirmed @ 108952.38 | SMALL BEAR CHOCH @ 102120.01 (level 102664.31),,,,,,77810.28,-2854.79,-3.54,0.0,0.0,,77810.28,"EXIT @ 102120.01 (small red CHoCH, realized +35391.76)",,,,,,104399.79,-3830.34,-3.54,0.0,0.0,,104399.79,"EXIT @ 102120.01 (small red CHoCH, realized +47485.92)"
2025-06-22,102120.02,103399.62,98200.0,100963.87,28746.41,-1.13,104259.73,104791.41,104764.15,False,17.77,13.12,28.65,,,,,,98200.0,LL,,,,,,,,77810.28,0.0,0.0,0.0,0.0,,77810.28,,,,,,,104399.79,0.0,0.0,0.0,0.0,,104399.79,
2025-06-23,100963.87,106074.2,99613.33,105333.93,27666.51,4.33,104424.99,104843.08,104806.36,False,17.81,17.05,24.66,,,,,,,,,,,,,,,77810.28,0.0,0.0,0.0,0.0,,77810.28,,,,,,,104399.79,0.0,0.0,0.0,0.0,,104399.79,
2025-06-24,105333.94,106290.0,104622.02,106083.0,14651.69,0.71,104680.07,104961.17,104900.92,False,17.74,16.9,23.74,,,,,,,,,,,,,,,77810.28,0.0,0.0,0.0,0.0,,77810.28,,,,,,,104399.79,0.0,0.0,0.0,0.0,,104399.79,
2025-06-25,106083.0,108135.3,105808.03,107340.58,16701.16,1.19,105089.38,105187.78,105081.64,True,16.85,20.2,22.48,,,,,,,,,,,,,,,77810.28,0.0,0.0,0.0,0.0,,77810.28,,,,,,,104399.79,0.0,0.0,0.0,0.0,,104399.79,
2025-06-26,107340.59,108272.45,106562.5,106947.06,10573.27,-0.37,105375.17,105355.33,105219.82,True,15.97,19.71,21.58,,,,,,,,,,,,,,,77810.28,0.0,0.0,0.0,0.0,,77810.28,,,,,,,104399.79,0.0,0.0,0.0,0.0,,104399.79,
2025-06-27,106947.06,107735.34,106356.76,107047.59,12232.44,0.09,105632.47,105516.5,105355.21,True,15.24,19.05,21.35,,,,,,,,,SMALL LL confirmed @ 98200.00,,,,,,77810.28,0.0,0.0,0.0,0.0,,77810.28,,,,,,,104399.79,0.0,0.0,0.0,0.0,,104399.79,
2025-06-28,107047.58,107577.75,106811.51,107296.79,3282.17,0.23,105888.52,105686.05,105499.03,True,14.56,18.67,20.93,,,,,,,,,,,,,,,77810.28,0.0,0.0,0.0,0.0,,77810.28,,,,,,,104399.79,0.0,0.0,0.0,0.0,,104399.79,
2025-06-29,107296.79,108528.5,107172.52,108356.93,6831.74,0.99,106268.27,105940.42,105710.73,True,13.58,20.54,20.17,,,,,,,,,,,,,,,77810.28,0.0,0.0,0.0,0.0,,77810.28,,,,,,,104399.79,0.0,0.0,0.0,0.0,,104399.79,
2025-06-30,108356.93,108789.99,106733.33,107146.5,9754.12,-1.12,106403.39,106055.28,105817.08,True,12.76,19.39,20.24,,,,,,,,,,,,,,,77810.28,0.0,0.0,0.0,0.0,,77810.28,,,,,,,104399.79,0.0,0.0,0.0,0.0,,104399.79,
2025-07-01,107146.51,107540.0,105250.85,105681.14,10505.62,-1.37,106292.27,106019.65,105807.01,True,12.7,18.17,23.04,,,,,,,,,,,,,,,77810.28,0.0,0.0,0.0,0.0,,77810.28,,,,,,,104399.79,0.0,0.0,0.0,0.0,,104399.79,
2025-07-02,105681.13,109730.0,105100.19,108849.6,17691.9,3.0,106685.71,106289.17,106032.39,True,12.03,21.68,20.26,,,,,,,,,,,,,,,77810.28,0.0,0.0,0.0,0.0,,77810.28,,,,,,,104399.79,0.0,0.0,0.0,0.0,,104399.79,
2025-07-03,108849.59,110529.18,108530.4,109584.78,13047.08,0.68,107131.72,106603.04,106295.53,True,11.77,22.66,19.18,,,,,110529.18,,HH,BULL_CHOCH,SMALL BULL CHOCH @ 109584.78 (level 108952.38),98626.3,-10.0,5.0,3.550232,389051.39,77810.28,0.0,0.0,38905.14,38905.14,0.0,38905.14,"ENTRY @ 109584.78 (small green CHoCH, margin $38905.14 [50% of bank] @ 10x [ADX 11.8, zone green], 3.550232 units)",98626.3,-10.0,5.0,4.763426,521998.97,104399.79,0.0,0.0,52199.9,52199.9,0.0,52199.9,"ENTRY @ 109584.78 (small green CHoCH, margin $52199.90 [50% of bank] @ 10x [ADX 11.8, zone green], 4.763426 units)"
2025-07-04,109584.77,109767.59,107245.0,107984.24,11793.87,-1.46,107262.88,106734.58,106420.62,True,10.96,21.13,21.32,,,,,,107245.0,HL,,,98626.3,-8.67,5.32,3.550232,383369.1,72127.99,-5682.29,-7.3,33222.85,38336.91,-5114.06,38905.14,,98626.3,-8.67,5.32,4.763426,514374.91,96775.74,-7624.05,-7.3,44575.84,51437.49,-6861.65,52199.9,
2025-07-05,107984.25,108420.56,107756.31,108198.12,3736.98,0.2,107406.76,106873.96,106552.28,True,10.21,20.73,20.92,,,,,,,,,,98626.3,-8.85,5.27,3.550232,384128.43,72887.31,759.32,1.05,33982.17,38412.84,-4430.67,38905.14,,98626.3,-8.85,5.27,4.763426,515393.72,97794.54,1018.8,1.05,45594.64,51539.37,-5944.73,52199.9,
2025-07-06,108198.12,109700.0,107800.01,109203.84,6447.61,0.93,107683.23,107095.86,106748.7,True,10.06,23.28,19.78,,,,,,,,,,98626.3,-9.69,5.07,3.550232,387698.97,76457.85,3570.54,4.9,37552.71,38769.9,-1217.18,38905.14,,98626.3,-9.69,5.07,4.763426,520184.39,102585.21,4790.67,4.9,50385.32,52018.44,-1633.12,52199.9,
2025-07-07,109203.85,109700.0,107513.2,108262.94,9405.38,-0.86,107772.42,107207.01,106860.86,True,9.76,21.8,19.36,,,,,,,,,,98626.3,-8.9,5.26,3.550232,384358.55,73117.44,-3340.41,-4.37,34212.3,38435.86,-4223.55,38905.14,,98626.3,-8.9,5.26,4.763426,515702.48,98103.31,-4481.91,-4.37,45903.41,51570.25,-5666.84,52199.9,
2025-07-08,108262.94,109216.56,107429.57,108922.98,9216.02,0.61,107949.43,107370.43,107013.61,True,9.44,20.65,18.59,,,,,,,,,SMALL HH confirmed @ 110529.18,98626.3,-9.45,5.12,3.550232,386701.85,75460.73,2343.3,3.2,36555.6,38670.18,-2114.59,38905.14,,98626.3,-9.45,5.12,4.763426,518846.53,101247.36,3144.05,3.2,49047.46,51884.65,-2837.19,52199.9,
2025-07-09,108922.99,111999.79,108324.53,111233.99,17282.29,2.12,108454.75,107738.39,107326.23,True,10.39,26.42,16.64,,,,,,,,BULL_BOS,SMALL HL confirmed @ 107245.00 | SMALL BULL BOS @ 111233.99 (level 110529.18),98626.3,-11.33,4.72,3.550232,394906.47,83665.36,8204.62,10.87,44760.22,39490.65,5269.57,38905.14,,98626.3,-11.33,4.72,4.763426,529854.86,112255.68,11008.32,10.87,60055.79,52985.49,7070.3,52199.9,
2025-07-10,111234.0,116868.0,110500.0,116010.0,24883.45,4.29,109617.09,108526.16,107969.47,True,12.69,34.6,13.92,,,,,,,,,,98626.3,-14.98,4.09,3.550232,411862.41,100621.3,16955.94,20.27,61716.16,41186.24,20529.92,38905.14,,98626.3,-14.98,4.09,4.763426,552605.03,135005.85,22750.17,20.27,82805.96,55260.5,27545.45,52199.9,
2025-07-11,116010.01,118869.98,115222.22,117527.66,25873.52,1.31,110834.1,109383.45,108677.49,True,15.25,36.45,12.64,,,,,,,,,,98626.3,-16.08,3.94,3.550232,417250.46,106009.35,5388.05,5.35,67104.21,41725.05,25379.16,38905.14,,98626.3,-16.08,3.94,4.763426,559834.29,142235.11,7229.26,5.35,90035.22,55983.43,34051.79,52199.9,
2025-07-12,117527.66,118200.0,116900.05,117420.0,8446.6,-0.09,111847.32,110148.84,109325.08,True,17.62,35.22,12.22,,,,,,,,,,98626.3,-16.01,3.95,3.550232,416868.24,105627.13,-382.22,-0.36,66721.99,41686.82,25035.16,38905.14,,98626.3,-16.01,3.95,4.763426,559321.46,141722.28,-512.83,-0.36,89522.39,55932.15,33590.24,52199.9,
2025-07-13,117420.0,119488.0,117224.79,119086.64,9550.79,1.42,112961.06,111000.05,110048.16,True,20.09,36.51,11.48,,,,,,,,,,98626.3,-17.18,3.79,3.550232,422785.2,111544.09,5916.96,5.6,72638.95,42278.52,30360.43,38905.14,,98626.3,-17.18,3.79,4.763426,567260.37,149661.2,7938.92,5.6,97461.3,56726.04,40735.26,52199.9,
2025-07-14,119086.65,123218.0,118905.18,119841.18,27269.35,0.63,114019.54,111842.07,110773.57,True,23.0,41.98,10.23,,,,,123218.0,,HH,,,98626.3,-17.7,3.72,3.550232,425463.99,114222.88,2678.79,2.4,75317.74,42546.4,32771.34,38905.14,,98626.3,-17.7,3.72,4.763426,570854.57,153255.39,3594.2,2.4,101055.5,57085.46,43970.04,52199.9,
2025-07-15,119841.17,119940.83,115736.92,117758.09,32018.46,-1.74,114594.7,112405.5,111290.94,True,24.07,37.66,16.94,,,,,,115736.92,HL,,,98626.3,-16.25,3.91,3.550232,418068.54,106827.43,-7395.45,-6.47,67922.29,41806.85,26115.43,38905.14,,98626.3,-16.25,3.91,4.763426,560931.92,143332.75,-9922.64,-6.47,91132.85,56093.19,35039.66,52199.9,
2025-07-16,117758.08,120063.84,117017.29,118630.43,17039.91,0.74,115215.58,112998.35,111834.61,True,25.09,35.16,15.68,,,,,,,,,,98626.3,-16.86,3.83,3.550232,421165.55,109924.43,3097.01,2.9,71019.3,42116.55,28902.74,38905.14,,98626.3,-16.86,3.83,4.763426,565087.25,147488.08,4155.33,2.9,95288.18,56508.73,38779.45,52199.9,
2025-07-17,118630.44,120998.71,117453.57,119177.56,15728.58,0.46,115825.12,113586.84,112378.53,True,26.23,34.41,14.34,,,,,120998.71,,LH,,,98626.3,-17.24,3.78,3.550232,423107.99,111866.87,1942.44,1.77,72961.73,42310.8,30650.94,38905.14,,98626.3,-17.24,3.78,4.763426,567693.46,150094.29,2606.21,1.77,97894.39,56769.35,41125.05,52199.9,
2025-07-18,119177.56,120820.71,116812.76,117924.84,19924.66,-1.05,116148.15,113999.99,112789.37,True,26.97,31.17,14.5,,,,,,,,,,98626.3,-16.37,3.9,3.550232,418660.54,107419.43,-4447.45,-3.98,68514.29,41866.05,26648.23,38905.14,,98626.3,-16.37,3.9,4.763426,561726.23,144127.05,-5967.24,-3.98,91927.15,56172.62,35754.53,52199.9,
2025-07-19,117924.84,118499.9,117277.34,117840.0,6635.8,-0.07,116408.44,114365.7,113163.49,True,27.65,30.23,14.06,,,,,,,,,SMALL HH confirmed @ 123218.00,98626.3,-16.3,3.91,3.550232,418359.34,107118.22,-301.2,-0.28,68213.09,41835.93,26377.15,38905.14,,98626.3,-16.3,3.91,4.763426,561322.1,143722.92,-404.13,-0.28,91523.02,56132.21,35390.82,52199.9,
2025-07-20,117840.01,118856.8,116467.02,117265.12,12962.93,-0.49,116540.23,114641.84,113467.31,True,27.83,28.44,15.24,,,,,,,,,SMALL HL confirmed @ 115736.92,98626.3,-15.89,3.96,3.550232,416318.38,105077.27,-2040.96,-1.91,66172.13,41631.84,24540.29,38905.14,,98626.3,-15.89,3.96,4.763426,558583.7,140984.52,-2738.4,-1.91,88784.63,55858.37,32926.26,52199.9,
2025-07-21,117265.11,119676.73,116515.0,117380.36,17107.33,0.1,116669.48,114902.65,113757.17,True,28.24,28.24,14.05,,,,,,,,,,98626.3,-15.98,3.95,3.550232,416727.51,105486.4,409.13,0.39,66581.26,41672.75,24908.51,38905.14,,98626.3,-15.98,3.95,4.763426,559132.64,141533.46,548.94,0.39,89333.56,55913.26,33420.3,52199.9,
2025-07-22,117380.36,120247.8,116128.0,119954.42,20959.13,2.19,117174.86,115383.77,114216.22,True,28.79,26.83,12.66,,,,,,,,,SMALL LH confirmed @ 120998.71,98626.3,-17.78,3.72,3.550232,425866.02,114624.91,9138.51,8.66,75719.77,42586.6,33133.16,38905.14,,98626.3,-17.78,3.72,4.763426,571393.98,153794.8,12261.34,8.66,101594.91,57139.4,44455.51,52199.9,
2025-07-23,119954.43,120090.0,117301.0,118755.99,14558.75,-1.0,117418.11,115704.93,114552.5,True,29.29,25.03,11.81,,,,,,,,,,98626.3,-16.95,3.82,3.550232,421611.32,110370.2,-4254.7,-3.71,71465.06,42161.13,29303.93,38905.14,,98626.3,-16.95,3.82,4.763426,565685.35,148086.17,-5708.63,-3.71,95886.28,56568.53,39317.74,52199.9,
2025-07-24,118756.0,119450.0,117103.1,118340.99,15806.89,-0.35,117560.09,115955.99,114833.13,True,29.63,23.59,11.62,,,,,,,,,,98626.3,-16.66,3.86,3.550232,420137.97,108896.86,-1473.35,-1.33,69991.72,42013.8,27977.92,38905.14,,98626.3,-16.66,3.86,4.763426,563708.52,146109.35,-1976.82,-1.33,93909.45,56370.85,37538.6,52199.9,
2025-07-25,118340.98,118451.57,114723.16,117614.31,38406.35,-0.61,117568.43,116113.92,115039.14,True,28.5,21.49,16.28,,,,,,114723.16,LL,,,98626.3,-16.14,3.93,3.550232,417558.09,106316.97,-2579.88,-2.37,67411.83,41755.81,25656.02,38905.14,,98626.3,-16.14,3.93,4.763426,560247.04,142647.86,-3461.49,-2.37,90447.97,56024.7,34423.26,52199.9,
2025-07-26,117614.31,118297.35,117138.38,117919.99,6991.67,0.26,117622.52,116285.93,115252.54,True,27.44,20.86,15.81,,,,,,,,,,98626.3,-16.36,3.9,3.550232,418643.32,107402.21,1085.23,1.02,68497.07,41864.33,26632.74,38905.14,,98626.3,-16.36,3.9,4.763426,561703.12,144103.95,1456.08,1.02,91904.05,56170.31,35733.74,52199.9,
2025-07-27,117919.99,119766.65,117825.5,119415.55,9328.31,1.27,117898.37,116583.99,115560.91,True,27.07,23.59,15.02,,,,,,,,,,98626.3,-17.41,3.76,3.550232,423952.91,112711.79,5309.58,4.94,73806.65,42395.29,31411.36,38905.14,,98626.3,-17.41,3.76,4.763426,568827.11,151227.94,7123.99,4.94,99028.04,56882.71,42145.33,52199.9,
2025-07-28,119415.56,119800.0,117427.5,118062.32,13961.75,-1.13,117923.59,116724.78,115746.2,True,26.48,22.14,15.13,,,,,119800.0,,LH,,,98626.3,-16.46,3.88,3.550232,419148.63,107907.51,-4804.28,-4.26,69002.37,41914.86,27087.51,38905.14,,98626.3,-16.46,3.88,4.763426,562381.1,144781.93,-6446.01,-4.26,92582.03,56238.11,36343.92,52199.9,
2025-07-29,118062.32,119273.36,116950.75,117950.76,15137.93,-0.09,117927.77,116841.54,115909.5,True,25.64,20.79,15.46,,,,,,,,,,98626.3,-16.38,3.89,3.550232,418752.56,107511.45,-396.06,-0.37,68606.31,41875.26,26731.05,38905.14,,98626.3,-16.38,3.89,4.763426,561849.69,144250.52,-531.41,-0.37,92050.62,56184.97,35865.65,52199.9,
2025-07-30,117950.75,118792.0,115796.23,117840.3,15586.74,-0.09,117914.31,116936.66,116052.52,True,24.18,19.17,17.26,,,,,,,,,SMALL LL confirmed @ 114723.16,98626.3,-16.31,3.91,3.550232,418360.4,107119.29,-392.16,-0.36,68214.15,41836.04,26378.11,38905.14,,98626.3,-16.31,3.91,4.763426,561323.53,143724.35,-526.17,-0.36,91524.45,56132.35,35392.1,52199.9,
2025-07-31,117840.29,118922.45,115500.0,115764.08,17010.01,-1.76,117583.51,116824.99,116031.16,True,22.66,17.49,16.51,,,,,,,,,,98626.3,-14.8,4.12,3.550232,410989.34,99748.23,-7371.06,-6.88,60843.09,41098.93,19744.15,38905.14,,98626.3,-14.8,4.12,4.763426,551433.61,133834.43,-9889.92,-6.88,81634.53,55143.36,26491.17,52199.9,
2025-08-01,115764.07,116052.0,112722.58,113297.93,24487.1,-2.13,116924.19,116489.08,115828.7,True,22.18,16.03,22.12,,,,,,,,BEAR_CHOCH,SMALL BEAR CHOCH @ 113297.93 (level 114723.16),,,,,,90992.82,-8755.4,-8.78,0.0,0.0,,90992.82,"EXIT @ 113297.93 (small red CHoCH, realized +13182.54)",,,,,,122087.11,-11747.32,-8.78,0.0,0.0,,122087.11,"EXIT @ 113297.93 (small red CHoCH, realized +17687.31)"
2025-08-02,113297.92,114063.49,112003.0,112546.35,11507.33,-0.66,116250.68,116113.58,115585.56,True,22.03,15.18,22.8,,,,,,,,,SMALL LH confirmed @ 119800.00,,,,,,90992.82,0.0,0.0,0.0,0.0,,90992.82,,,,,,,122087.11,0.0,0.0,0.0,0.0,,122087.11,
2025-08-03,112546.35,114799.97,111920.0,114208.8,7397.76,1.48,115936.54,115932.17,115483.58,True,21.46,15.94,21.12,,,,,,111920.0,LL,,,,,,,,90992.82,0.0,0.0,0.0,0.0,,90992.82,,,,,,,122087.11,0.0,0.0,0.0,0.0,,122087.11,
2025-08-04,114208.81,115720.0,114107.6,115055.03,9667.68,0.74,115800.92,115848.63,115451.83,True,20.4,17.7,20.22,,,,,,,,,,,,,,,90992.82,0.0,0.0,0.0,0.0,,90992.82,,,,,,,122087.11,0.0,0.0,0.0,0.0,,122087.11,
2025-08-05,115055.03,115127.81,112650.0,114129.75,12042.79,-0.8,115543.82,115684.93,115353.9,True,20.08,16.53,22.76,,,,,,,,,,,,,,,90992.82,0.0,0.0,0.0,0.0,,90992.82,,,,,,,122087.11,0.0,0.0,0.0,0.0,,122087.11,
2025-08-06,114129.75,115716.0,113355.13,114992.27,9761.15,0.76,115458.97,115618.96,115327.11,True,19.43,17.06,21.32,,,,,,,,,,,,,,,90992.82,0.0,0.0,0.0,0.0,,90992.82,,,,,,,122087.11,0.0,0.0,0.0,0.0,,122087.11,
2025-08-07,114992.27,117621.0,114259.0,117472.01,13468.56,2.16,115768.67,115795.44,115485.99,True,18.25,20.57,19.43,,,,,,,,,,,,,,,90992.82,0.0,0.0,0.0,0.0,,90992.82,,,,,,,122087.11,0.0,0.0,0.0,0.0,,122087.11,
2025-08-08,117472.02,117630.0,115878.71,116674.74,10045.31,-0.68,115908.06,115879.19,115574.05,True,17.15,19.62,18.51,,,,,,,,,SMALL LL confirmed @ 111920.00,,,,,,90992.82,0.0,0.0,0.0,0.0,,90992.82,,,,,,,122087.11,0.0,0.0,0.0,0.0,,122087.11,
2025-08-09,116674.74,117944.05,116299.13,116462.25,9514.13,-0.18,115993.32,115934.72,115639.84,True,16.3,19.6,17.67,,,,,,,,,,,,,,,90992.82,0.0,0.0,0.0,0.0,,90992.82,,,,,,,122087.11,0.0,0.0,0.0,0.0,,122087.11,
2025-08-10,116462.25,119311.11,116460.63,119294.01,14322.77,2.43,116501.12,116254.65,115910.52,True,16.17,21.82,16.28,,,,,,,,,,,,,,,90992.82,0.0,0.0,0.0,0.0,,90992.82,,,,,,,122087.11,0.0,0.0,0.0,0.0,,122087.11,
2025-08-11,119294.27,122335.16,118050.11,118686.0,26494.33,-0.51,116837.25,116486.21,116116.11,True,17.22,27.32,14.44,,,,,,,,,,,,,,,90992.82,0.0,0.0,0.0,0.0,,90992.82,,,,,,,122087.11,0.0,0.0,0.0,0.0,,122087.11,
2025-08-12,118686.0,120324.43,118207.47,120134.08,16720.11,1.22,117344.46,116833.62,116413.74,True,18.19,25.78,13.62,,,,,,,,BULL_CHOCH,SMALL BULL CHOCH @ 120134.08 (level 119800.00),108120.67,-10.0,5.0,3.787136,454964.11,90992.82,0.0,0.0,45496.41,45496.41,0.0,45496.41,"ENTRY @ 120134.08 (small green CHoCH, margin $45496.41 [50% of bank] @ 10x [ADX 18.2, zone green], 3.787136 units)",108120.67,-10.0,5.0,5.081285,610435.54,122087.11,0.0,0.0,61043.55,61043.55,0.0,61043.55,"ENTRY @ 120134.08 (small green CHoCH, margin $61043.55 [50% of bank] @ 10x [ADX 18.2, zone green], 5.081285 units)"
2025-08-13,120134.09,123667.79,118920.92,123306.43,23210.07,2.64,118261.69,117450.08,116924.31,True,20.07,31.15,11.99,,,,,,,,,,108120.67,-12.32,4.53,3.787136,466978.23,103006.94,12014.12,13.2,57510.53,46697.82,10812.71,45496.41,,108120.67,-12.32,4.53,5.081285,626555.16,138206.72,16119.62,13.2,77163.17,62655.52,14507.65,61043.55,
2025-08-14,123306.44,124474.0,117180.0,118295.09,27980.95,-4.06,118266.82,117530.56,117025.85,True,20.78,25.98,13.96,124474.0,,HH,,124474.0,,HH,,,108120.67,-8.6,5.33,3.787136,447999.61,84028.32,-18978.63,-18.42,38531.91,44799.96,-6268.05,45496.41,,108120.67,-8.6,5.33,5.081285,601091.11,112742.68,-25464.05,-18.42,51699.12,60109.11,-8409.99,61043.55,
2025-08-15,118295.09,119216.82,116803.99,117342.05,13623.34,-0.81,118124.55,117512.6,117049.27,True,21.24,24.53,14.05,,,,,,,,,,108120.67,-7.86,5.53,3.787136,444390.31,80419.02,-3609.29,-4.3,34922.61,44439.03,-9516.42,45496.41,,108120.67,-7.86,5.53,5.081285,596248.44,107900.01,-4842.67,-4.3,46856.45,59624.84,-12768.39,61043.55,
2025-08-16,117342.04,117898.99,117143.98,117380.66,6393.68,0.03,118010.11,117500.04,117073.82,True,21.66,24.07,13.79,,,,,,,,,,108120.67,-7.89,5.52,3.787136,444536.54,80565.25,146.22,0.18,35068.83,44453.65,-9384.82,45496.41,,108120.67,-7.89,5.52,5.081285,596444.63,108096.2,196.19,0.18,47052.64,59644.46,-12591.82,61043.55,
2025-08-17,117380.66,118575.0,117172.21,117405.01,5898.64,0.02,117917.01,117490.99,117098.35,True,22.29,24.93,13.3,,,,,,,,,,108120.67,-7.91,5.51,3.787136,444628.75,80657.46,92.22,0.11,35161.05,44462.88,-9301.82,45496.41,,108120.67,-7.91,5.51,5.081285,596568.36,108219.92,123.73,0.11,47176.37,59656.84,-12480.47,61043.55,
2025-08-18,117405.01,117543.75,114640.14,116227.05,17745.94,-1.0,117657.02,117370.61,117033.81,True,21.44,23.1,18.74,,,,,,,,,,108120.67,-6.97,5.78,3.787136,440167.66,76196.37,-4461.09,-5.53,30699.96,44016.77,-13316.81,45496.41,,108120.67,-6.97,5.78,5.081285,590582.81,102234.37,-5985.55,-5.53,41190.82,59058.28,-17867.46,61043.55,
2025-08-19,116227.05,116725.69,112732.58,112872.94,18065.47,-2.89,116921.01,116942.26,116725.6,True,20.04,20.83,21.59,,,,,,,,,SMALL HH confirmed @ 124474.00,108120.67,-4.21,6.73,3.787136,427465.19,63493.9,-12702.47,-16.67,17997.49,42746.52,-24749.03,45496.41,,108120.67,-4.21,6.73,5.081285,573539.62,85191.18,-17043.19,-16.67,24147.63,57353.96,-33206.33,61043.55,
2025-08-20,112872.95,114615.38,112380.0,114271.24,15636.34,1.24,116513.35,116687.88,116543.79,False,18.89,19.66,21.27,,,,,,,,,,108120.67,-5.38,6.29,3.787136,432760.74,68789.45,5295.55,8.34,23293.04,43276.07,-19983.04,45496.41,,108120.67,-5.38,6.29,5.081285,580644.78,92296.35,7105.16,8.34,31252.79,58064.48,-26811.69,61043.55,
2025-08-21,114271.23,114821.76,112015.67,112500.0,10839.69,-1.55,115895.91,116289.03,116244.25,False,17.98,18.28,20.68,,,,,,,,,,108120.67,-3.89,6.86,3.787136,426052.81,62081.52,-6707.93,-9.75,16585.11,42605.28,-26020.17,45496.41,,108120.67,-3.89,6.86,5.081285,571644.6,83296.17,-9000.18,-9.75,22252.62,57164.46,-34911.84,61043.55,
2025-08-22,112500.0,117429.05,111684.79,116935.99,23128.09,3.94,116055.92,116350.65,116295.49,False,17.41,21.92,17.91,,,,,,,,,,108120.67,-7.54,5.61,3.787136,442852.51,78881.22,16799.7,27.06,33384.81,44285.25,-10900.44,45496.41,,108120.67,-7.54,5.61,5.081285,594185.13,105836.7,22540.53,27.06,44793.15,59418.51,-14625.37,61043.55,
2025-08-23,116936.0,117030.0,114560.0,115438.05,11329.36,-1.28,115960.87,116263.73,116231.98,False,16.89,20.64,16.86,,,,,,,,,,108120.67,-6.34,5.97,3.787136,437179.61,73208.32,-5672.9,-7.19,27711.91,43717.96,-16006.05,45496.41,,108120.67,-6.34,5.97,5.081285,586573.67,98225.24,-7611.46,-7.19,37181.69,58657.37,-21475.68,61043.55,
2025-08-24,115438.06,115666.68,110680.0,113493.59,21175.98,-1.68,115581.29,115999.91,116029.14,False,16.61,18.31,23.74,,,,,,,,,,108120.67,-4.73,6.53,3.787136,429815.67,65844.38,-7363.93,-10.06,20347.97,42981.57,-22633.6,45496.41,,108120.67,-4.73,6.53,5.081285,576693.32,88344.88,-9880.36,-10.06,27301.33,57669.33,-30368.0,61043.55,
2025-08-25,113493.59,113667.28,109274.1,110111.98,25182.79,-2.98,114739.85,115439.16,115590.83,False,16.81,16.54,24.54,,,,,,,,BEAR_CHOCH,SMALL BEAR CHOCH @ 110111.98 (level 111920.00),,,,,,53037.77,-12806.62,-19.45,0.0,0.0,,53037.77,"EXIT @ 110111.98 (small red CHoCH, realized -37955.06)",,,,,,71161.96,-17182.93,-19.45,0.0,0.0,,71161.96,"EXIT @ 110111.98 (small red CHoCH, realized -50925.15)"
2025-08-26,110111.98,112371.0,108666.66,111763.22,18452.44,1.5,114281.91,115089.07,115307.3,False,17.2,15.2,23.88,,,,,,,,,,,,,,,53037.77,0.0,0.0,0.0,0.0,,53037.77,,,,,,,71161.96,0.0,0.0,0.0,0.0,,71161.96,
2025-08-27,111763.22,112625.0,110345.42,111262.01,13392.61,-0.45,113817.31,114724.59,115007.65,False,17.42,15.0,22.67,,,,,,,,,,,,,,,53037.77,0.0,0.0,0.0,0.0,,53037.77,,,,,,,71161.96,0.0,0.0,0.0,0.0,,71161.96,
2025-08-28,111262.01,113485.9,110862.42,112566.9,11104.28,1.17,113624.94,114519.09,114826.85,False,17.19,16.05,21.32,,,,,,,,,,,,,,,53037.77,0.0,0.0,0.0,0.0,,53037.77,,,,,,,71161.96,0.0,0.0,0.0,0.0,,71161.96,
2025-08-29,112566.9,112638.64,107463.9,108377.4,22580.31,-3.72,112817.63,113934.17,114349.12,False,18.08,14.26,26.28,,,,,,,,,,,,,,,53037.77,0.0,0.0,0.0,0.0,,53037.77,,,,,,,71161.96,0.0,0.0,0.0,0.0,,71161.96,
2025-08-30,108377.4,108926.15,107350.1,108816.33,10708.39,0.41,112202.04,113446.76,113939.28,False,18.94,13.75,25.61,,,,,,,,,,,,,,,53037.77,0.0,0.0,0.0,0.0,,53037.77,,,,,,,71161.96,0.0,0.0,0.0,0.0,,71161.96,
2025-08-31,108816.33,109480.02,108076.93,108246.35,9489.52,-0.52,111593.47,112951.48,113517.58,False,19.43,14.6,24.77,,,,,,,,,,,,,,,53037.77,0.0,0.0,0.0,0.0,,53037.77,,,,,,,71161.96,0.0,0.0,0.0,0.0,,71161.96,
2025-09-01,108246.36,109912.4,107255.0,109237.42,16053.6,0.92,111231.0,112597.76,113200.53,False,20.15,13.68,25.15,,,,,,107255.0,LL,,,,,,,,53037.77,0.0,0.0,0.0,0.0,,53037.77,,,,,,,71161.96,0.0,0.0,0.0,0.0,,71161.96,
2025-09-02,109237.43,111771.52,108393.39,111240.01,18510.29,1.83,111232.39,112468.45,113055.31,False,19.82,16.95,23.17,,,,,,,,,,,,,,,53037.77,0.0,0.0,0.0,0.0,,53037.77,,,,,,,71161.96,0.0,0.0,0.0,0.0,,71161.96,
2025-09-03,111240.01,112575.27,110528.71,111705.71,11773.72,0.42,111305.21,112395.81,112955.34,False,19.11,18.04,22.03,,,,,,,,,,,,,,,53037.77,0.0,0.0,0.0,0.0,,53037.77,,,,,,,71161.96,0.0,0.0,0.0,0.0,,71161.96,
2025-09-04,111705.72,112180.0,109329.12,110730.87,12203.14,-0.87,111216.85,112237.24,112790.56,False,18.92,16.81,23.4,,,,,,,,,,,,,,,53037.77,0.0,0.0,0.0,0.0,,53037.77,,,,,,,71161.96,0.0,0.0,0.0,0.0,,71161.96,
2025-09-05,110730.87,113384.62,110206.96,110659.99,21587.41,-0.06,111131.18,112087.03,112632.74,False,18.14,18.41,21.63,,,,,,,,,,,,,,,53037.77,0.0,0.0,0.0,0.0,,53037.77,,,,,,,71161.96,0.0,0.0,0.0,0.0,,71161.96,
2025-09-06,110660.0,111307.7,109977.0,110187.97,5000.3,-0.43,110986.07,111906.16,112451.65,False,17.52,17.8,21.48,,,,,,,,,SMALL LL confirmed @ 107255.00,,,,,,53037.77,0.0,0.0,0.0,0.0,,53037.77,,,,,,,71161.96,0.0,0.0,0.0,0.0,,71161.96,
2025-09-07,110187.98,111600.0,110180.0,111137.34,5681.3,0.86,111009.34,111832.94,112354.29,False,16.78,17.9,20.69,,,,,,,,,,,,,,,53037.77,0.0,0.0,0.0,0.0,,53037.77,,,,,,,71161.96,0.0,0.0,0.0,0.0,,71161.96,
2025-09-08,111137.35,112924.37,110621.78,112065.23,11582.4,0.83,111171.79,111855.07,112332.88,False,15.73,20.29,19.45,,,,,,,,,,,,,,,53037.77,0.0,0.0,0.0,0.0,,53037.77,,,,,,,71161.96,0.0,0.0,0.0,0.0,,71161.96,
2025-09-09,112065.23,113293.29,110766.66,111546.39,15379.28,-0.46,111229.42,111825.67,112274.62,False,14.94,19.91,18.16,,,,,,,,,,,,,,,53037.77,0.0,0.0,0.0,0.0,,53037.77,,,,,,,71161.96,0.0,0.0,0.0,0.0,,71161.96,
2025-09-10,111546.38,114313.13,110917.45,113960.0,17517.42,2.16,111649.51,112028.94,112399.46,False,14.68,20.8,16.56,,,,,,,,,,,,,,,53037.77,0.0,0.0,0.0,0.0,,53037.77,,,,,,,71161.96,0.0,0.0,0.0,0.0,,71161.96,
2025-09-11,113960.0,115488.09,113430.0,115482.69,13676.73,1.34,112239.23,112357.87,112627.85,False,14.95,22.76,15.67,,,,,,,,,,,,,,,53037.77,0.0,0.0,0.0,0.0,,53037.77,,,,,,,71161.96,0.0,0.0,0.0,0.0,,71161.96,
2025-09-12,115482.69,116665.63,114740.99,116029.42,15324.11,0.47,112822.33,112707.54,112879.82,False,15.67,24.75,14.86,,,,,,,,,,,,,,,53037.77,0.0,0.0,0.0,0.0,,53037.77,,,,,,,71161.96,0.0,0.0,0.0,0.0,,71161.96,
2025-09-13,116029.41,116298.78,115127.27,115918.29,8269.4,-0.1,113298.63,113013.32,113104.89,True,16.33,23.94,14.37,,,,,,,,,,,,,,,53037.77,0.0,0.0,0.0,0.0,,53037.77,,,,,,,71161.96,0.0,0.0,0.0,0.0,,71161.96,
2025-09-14,115918.29,116165.19,115135.0,115268.01,6707.6,-0.56,113601.62,113228.06,113265.12,True,16.95,23.22,13.94,,,,,,,,,,,,,,,53037.77,0.0,0.0,0.0,0.0,,53037.77,,,,,,,71161.96,0.0,0.0,0.0,0.0,,71161.96,
2025-09-15,115268.01,116757.99,114384.0,115349.71,13212.51,0.07,113870.55,113430.12,113419.54,True,16.99,21.6,15.17,,,,,,,,,,,,,,,53037.77,0.0,0.0,0.0,0.0,,53037.77,,,,,,,71161.96,0.0,0.0,0.0,0.0,,71161.96,
2025-09-16,115349.71,116964.27,114737.11,116788.96,10926.91,1.25,114319.54,113750.01,113669.12,True,17.13,20.79,14.17,,,,,,,,,,,,,,,53037.77,0.0,0.0,0.0,0.0,,53037.77,,,,,,,71161.96,0.0,0.0,0.0,0.0,,71161.96,
2025-09-17,116788.96,117286.73,114720.81,116447.59,16754.25,-0.29,114646.93,114006.92,113874.94,True,17.42,20.17,13.11,,,,,,,,,,,,,,,53037.77,0.0,0.0,0.0,0.0,,53037.77,,,,,,,71161.96,0.0,0.0,0.0,0.0,,71161.96,
2025-09-18,116447.6,117900.0,116092.76,117073.53,11657.23,0.54,115020.25,114298.98,114111.87,True,18.0,20.92,12.4,,,,,117900.0,,LH,,,,,,,,53037.77,0.0,0.0,0.0,0.0,,53037.77,,,,,,,71161.96,0.0,0.0,0.0,0.0,,71161.96,
2025-09-19,117073.53,117459.99,115100.0,115632.38,8992.09,-1.23,115114.43,114425.97,114224.5,True,17.76,19.44,14.49,,,,,,,,,,,,,,,53037.77,0.0,0.0,0.0,0.0,,53037.77,,,,,,,71161.96,0.0,0.0,0.0,0.0,,71161.96,
2025-09-20,115632.39,116121.81,115408.47,115685.63,4674.93,0.05,115202.3,114545.94,114332.73,True,17.53,19.0,14.17,,,,,,,,,,,,,,,53037.77,0.0,0.0,0.0,0.0,,53037.77,,,,,,,71161.96,0.0,0.0,0.0,0.0,,71161.96,
2025-09-21,115685.63,115819.06,115188.0,115232.29,4511.52,-0.39,115206.92,114611.3,114399.36,True,17.14,18.6,14.6,,,,,,,,,,,,,,,53037.77,0.0,0.0,0.0,0.0,,53037.77,,,,,,,71161.96,0.0,0.0,0.0,0.0,,71161.96,
2025-09-22,115232.29,115379.25,111800.0,112650.99,20781.71,-2.24,114813.7,114424.61,114269.86,True,17.2,16.49,23.69,,,,,,,,,,,,,,,53037.77,0.0,0.0,0.0,0.0,,53037.77,,,,,,,71161.96,0.0,0.0,0.0,0.0,,71161.96,
2025-09-23,112650.99,113290.5,111458.73,111998.8,12301.32,-0.58,114380.64,114193.58,114101.63,True,17.41,15.52,23.39,,,,,,,,,SMALL LH confirmed @ 117900.00,,,,,,53037.77,0.0,0.0,0.0,0.0,,53037.77,,,,,,,71161.96,0.0,0.0,0.0,0.0,,71161.96,
2025-09-24,111998.8,113940.0,111042.66,113307.0,12369.26,1.17,114215.46,114109.14,114042.77,True,17.14,16.15,21.26,,,,,,,,,,,,,,,53037.77,0.0,0.0,0.0,0.0,,53037.77,,,,,,,71161.96,0.0,0.0,0.0,0.0,,71161.96,
2025-09-25,113307.01,113510.23,108631.51,108994.49,21231.15,-3.81,113412.24,113622.03,113668.82,False,18.0,13.86,25.25,,,,,,,,,,,,,,,53037.77,0.0,0.0,0.0,0.0,,53037.77,,,,,,,71161.96,0.0,0.0,0.0,0.0,,71161.96,
2025-09-26,108994.49,110300.0,108620.07,109643.46,14243.02,0.6,112832.42,113243.12,113370.65,False,18.8,13.17,24.02,,,,,,108620.07,HL,,,,,,,,53037.77,0.0,0.0,0.0,0.0,,53037.77,,,,,,,71161.96,0.0,0.0,0.0,0.0,,71161.96,
2025-09-27,109643.46,109743.91,109064.4,109635.85,5501.79,-0.01,112340.64,112899.57,113093.99,False,19.54,12.89,23.51,,,,,,,,,,,,,,,53037.77,0.0,0.0,0.0,0.0,,53037.77,,,,,,,71161.96,0.0,0.0,0.0,0.0,,71161.96,
2025-09-28,109635.85,112350.0,109189.99,112163.95,7542.33,2.31,112313.46,112829.51,113025.1,False,18.43,19.59,21.25,,,,,,,,,,,,,,,53037.77,0.0,0.0,0.0,0.0,,53037.77,,,,,,,71161.96,0.0,0.0,0.0,0.0,,71161.96,
2025-09-29,112163.96,114400.0,111560.65,114311.96,15541.12,1.92,112620.92,112970.7,113120.43,False,17.88,24.08,19.43,,,,,,,,,,,,,,,53037.77,0.0,0.0,0.0,0.0,,53037.77,,,,,,,71161.96,0.0,0.0,0.0,0.0,,71161.96,
2025-09-30,114311.97,114792.0,112656.27,114048.93,15044.16,-0.23,112840.61,113073.39,113189.2,False,17.55,23.71,18.18,,,,,,,,,,,,,,,53037.77,0.0,0.0,0.0,0.0,,53037.77,,,,,,,71161.96,0.0,0.0,0.0,0.0,,71161.96,
