date,cash,total,pnl,pct_pnl,btc_close,btc_leverage,btc_position_size,btc_margin,btc_liquidate_price,btc_pct_liquidate,btc_action,eth_close,eth_leverage,eth_position_size,eth_margin,eth_liquidate_price,eth_pct_liquidate,eth_action,bnb_close,bnb_leverage,bnb_position_size,bnb_margin,bnb_liquidate_price,bnb_pct_liquidate,bnb_action,sol_close,sol_leverage,sol_position_size,sol_margin,sol_liquidate_price,sol_pct_liquidate,sol_action,xrp_close,xrp_leverage,xrp_position_size,xrp_margin,xrp_liquidate_price,xrp_pct_liquidate,xrp_action
2022-12-29,2000.0,2000.0,0.0,0.0,16633.47,,,,,,,1200.49,,,,,,,246.3,,,,,,,9.64,,,,,,,0.34,,,,,,
2022-12-30,2000.0,2000.0,0.0,0.0,16607.48,,,,,,,1199.99,,,,,,,245.8,,,,,,,9.9,,,,,,,0.35,,,,,,
2022-12-31,2000.0,2000.0,0.0,0.0,16542.4,,,,,,,1196.13,,,,,,,246.3,,,,,,,9.97,,,,,,,0.34,,,,,,
2023-01-01,2000.0,2000.0,0.0,0.0,16616.75,,,,,,,1200.34,,,,,,,244.4,,,,,,,9.99,,,,,,,0.34,,,,,,
2023-01-02,2000.0,2000.0,0.0,0.0,16672.87,,,,,,,1214.0,,,,,,,245.2,,,,,,,11.28,,,,,,,0.35,,,,,,
2023-01-03,2000.0,2000.0,0.0,0.0,16675.18,,,,,,,1214.55,,,,,,,246.1,,,,,,,13.37,,,,,,,0.34,,,,,,
2023-01-04,1600.0,2000.0,0.0,0.0,16850.36,,,,,,,1256.9,2.0,0.318243,200.0,628.45,-50.0,"ENTRY @ 1256.90 (small green CHoCH, margin $200.00 [10% of portfolio total $2000.00] @ 2x [ADX 23.7, zone red], 0.318243 units)",258.9,2.0,1.544998,200.0,129.45,-50.0,"ENTRY @ 258.90 (small green CHoCH, margin $200.00 [10% of portfolio total $2000.00] @ 2x [ADX 37.6, zone red], 1.544998 units)",13.43,,,,,,,0.35,,,,,,
2023-01-05,1600.0,1994.8,-5.2,-0.26,16831.85,,,,,,,1251.24,2.0,0.318243,198.2,628.45,-49.77,,256.7,2.0,1.544998,196.6,129.45,-49.57,,13.43,,,,,,,0.34,,,,,,
2023-01-06,1600.0,2005.44,10.64,0.53,16950.65,,,,,,,1269.14,2.0,0.318243,203.9,628.45,-50.48,,259.9,2.0,1.544998,201.54,129.45,-50.19,,13.5,,,,,,,0.34,,,,,,
2023-01-07,1600.0,2005.99,0.55,0.03,16943.57,,,,,,,1264.07,2.0,0.318243,202.28,628.45,-50.28,,261.3,2.0,1.544998,203.71,129.45,-50.46,,13.1,,,,,,,0.34,,,,,,
2023-01-08,989.41,2035.3,29.31,1.46,17127.83,2.0,0.047532,407.06,8563.92,-50.0,"ENTRY @ 17127.83 (small green CHoCH, margin $407.06 [20% of portfolio total $2035.30] @ 2x [ADX 15.4, zone red], 0.047532 units)",1290.16,2.0,0.318243,210.58,628.45,-51.29,,274.9,2.0,1.544998,224.72,129.45,-52.91,,14.45,5.0,70.42577,203.53,11.56,-20.0,"ENTRY @ 14.45 (small green CHoCH, margin $203.53 [10% of portfolio total $2035.30] @ 5x [ADX 31.8, zone green], 70.425770 units)",0.35,,,,,,
2023-01-09,989.41,2170.54,135.23,6.64,17178.26,2.0,0.047532,409.46,8563.92,-50.15,,1320.39,2.0,0.318243,220.21,628.45,-52.4,,272.6,2.0,1.544998,221.17,129.45,-52.51,,16.25,5.0,70.42577,330.3,11.56,-28.86,,0.35,,,,,,
2023-01-10,989.41,2191.29,20.75,0.96,17440.66,2.0,0.047532,421.93,8563.92,-50.9,,1335.62,2.0,0.318243,225.05,628.45,-52.95,,277.1,2.0,1.544998,228.12,129.45,-53.28,,16.2,5.0,70.42577,326.78,11.56,-28.64,,0.35,,,,,,
2023-01-11,763.86,2255.45,64.17,2.93,17943.26,2.0,0.047532,445.82,8563.92,-52.27,,1389.39,2.0,0.318243,242.16,628.45,-54.77,,284.8,2.0,1.544998,240.02,129.45,-54.55,,16.36,5.0,70.42577,338.04,11.56,-29.34,,0.37,2.0,1210.006348,225.55,0.19,-50.0,"ENTRY @ 0.37 (small green CHoCH, margin $225.55 [10% of portfolio total $2255.45] @ 2x [ADX 40.0, zone red], 1210.006348 units)"
2023-01-12,763.86,2329.93,74.48,3.3,18846.62,2.0,0.047532,488.76,8563.92,-54.56,,1415.92,2.0,0.318243,250.61,628.45,-55.62,,287.7,2.0,1.544998,244.5,129.45,-55.01,,16.59,5.0,70.42577,354.24,11.56,-30.32,,0.37,2.0,1210.006348,227.97,0.19,-50.27,
2023-01-13,763.86,2534.96,205.03,8.8,19930.01,2.0,0.047532,540.25,8563.92,-57.03,,1451.2,2.0,0.318243,261.83,628.45,-56.69,,293.7,2.0,1.544998,253.77,129.45,-55.92,,18.29,5.0,70.42577,473.97,11.56,-36.8,,0.39,2.0,1210.006348,241.28,0.19,-51.68,
2023-01-14,763.86,3063.23,528.27,20.84,20954.92,2.0,0.047532,588.97,8563.92,-59.13,,1549.9,2.0,0.318243,293.25,628.45,-59.45,,305.1,2.0,1.544998,271.38,129.45,-57.57,,24.24,5.0,70.42577,893.0,11.56,-52.31,,0.4,2.0,1210.006348,252.77,0.19,-52.85,
2023-01-15,763.86,2947.47,-115.75,-3.78,20871.5,2.0,0.047532,585.01,8563.92,-58.97,,1552.52,2.0,0.318243,294.08,628.45,-59.52,,302.2,2.0,1.544998,266.9,129.45,-57.16,,22.89,5.0,70.42577,797.92,11.56,-49.5,,0.38,2.0,1210.006348,239.7,0.19,-51.52,
2023-01-16,763.86,3015.04,67.56,2.29,21185.65,2.0,0.047532,599.94,8563.92,-59.58,,1576.94,2.0,0.318243,301.85,628.45,-60.15,,299.0,2.0,1.544998,261.95,129.45,-56.71,,23.58,5.0,70.42577,846.52,11.56,-50.98,,0.39,2.0,1210.006348,240.91,0.19,-51.65,
2023-01-17,763.86,2960.49,-54.55,-1.81,21134.81,2.0,0.047532,597.52,8563.92,-59.48,,1565.57,2.0,0.318243,298.23,628.45,-59.86,,299.4,2.0,1.544998,262.57,129.45,-56.76,,22.86,5.0,70.42577,795.81,11.56,-49.43,,0.39,2.0,1210.006348,242.49,0.19,-51.81,
2023-01-18,763.86,2745.71,-214.78,-7.25,20677.47,2.0,0.047532,575.78,8563.92,-58.58,,1511.43,2.0,0.318243,281.0,628.45,-58.42,,286.7,2.0,1.544998,242.95,129.45,-54.85,,20.79,5.0,70.42577,650.03,11.56,-44.4,,0.38,2.0,1210.006348,232.08,0.19,-50.71,
2023-01-19,763.86,2849.89,104.19,3.79,21071.59,2.0,0.047532,594.52,8563.92,-59.36,,1551.09,2.0,0.318243,293.62,628.45,-59.48,,294.6,2.0,1.544998,255.16,129.45,-56.06,,21.4,5.0,70.42577,692.99,11.56,-45.98,,0.39,2.0,1210.006348,249.75,0.19,-52.55,
2023-01-20,763.86,3289.92,440.03,15.44,22667.21,2.0,0.047532,670.36,8563.92,-62.22,,1658.52,2.0,0.318243,327.81,628.45,-62.11,,305.1,2.0,1.544998,271.38,129.45,-57.57,,25.51,5.0,70.42577,982.44,11.56,-54.68,,0.41,2.0,1210.006348,274.07,0.19,-54.86,
2023-01-21,763.86,3198.19,-91.73,-2.79,22783.55,2.0,0.047532,675.89,8563.92,-62.41,,1626.66,2.0,0.318243,317.67,628.45,-61.37,,299.0,2.0,1.544998,261.95,129.45,-56.71,,24.57,5.0,70.42577,916.24,11.56,-52.95,,0.4,2.0,1210.006348,262.57,0.19,-53.79,
2023-01-22,763.86,3172.04,-26.15,-0.82,22707.88,2.0,0.047532,672.29,8563.92,-62.29,,1627.44,2.0,0.318243,317.92,628.45,-61.38,,303.0,2.0,1.544998,268.13,129.45,-57.28,,24.21,5.0,70.42577,890.89,11.56,-52.25,,0.4,2.0,1210.006348,258.94,0.19,-53.45,
2023-01-23,763.86,3221.11,49.07,1.55,22916.45,2.0,0.047532,682.21,8563.92,-62.63,,1626.29,2.0,0.318243,317.56,628.45,-61.36,,305.1,2.0,1.544998,271.38,129.45,-57.57,,24.33,5.0,70.42577,899.34,11.56,-52.49,,0.42,2.0,1210.006348,286.77,0.19,-55.98,
2023-01-24,763.86,3049.8,-171.31,-5.32,22632.89,2.0,0.047532,668.73,8563.92,-62.16,,1555.97,2.0,0.318243,295.18,628.45,-59.61,,300.3,2.0,1.544998,263.96,129.45,-56.89,,22.78,5.0,70.42577,790.18,11.56,-49.25,,0.41,2.0,1210.006348,267.9,0.19,-54.29,
2023-01-25,763.86,3231.83,182.03,5.97,23060.94,2.0,0.047532,689.07,8563.92,-62.86,,1611.94,2.0,0.318243,312.99,628.45,-61.01,,306.9,2.0,1.544998,274.16,129.45,-57.82,,24.52,5.0,70.42577,912.72,11.56,-52.85,,0.42,2.0,1210.006348,279.03,0.19,-55.3,
2023-01-26,763.86,3199.72,-32.11,-0.99,23009.65,2.0,0.047532,686.64,8563.92,-62.78,,1601.09,2.0,0.318243,309.54,628.45,-60.75,,304.7,2.0,1.544998,270.76,129.45,-57.52,,24.33,5.0,70.42577,899.34,11.56,-52.49,,0.41,2.0,1210.006348,269.59,0.19,-54.45,
2023-01-27,763.86,3218.18,18.46,0.58,23074.16,2.0,0.047532,689.7,8563.92,-62.89,,1597.62,2.0,0.318243,308.43,628.45,-60.66,,308.0,2.0,1.544998,275.86,129.45,-57.97,,24.43,5.0,70.42577,906.38,11.56,-52.68,,0.41,2.0,1210.006348,273.95,0.19,-54.84,
2023-01-28,763.86,3168.34,-49.84,-1.55,23022.6,2.0,0.047532,687.25,8563.92,-62.8,,1572.1,2.0,0.318243,300.31,628.45,-60.02,,306.1,2.0,1.544998,272.92,129.45,-57.71,,24.0,5.0,70.42577,876.1,11.56,-51.83,,0.41,2.0,1210.006348,267.9,0.19,-54.29,
2023-01-29,763.86,3395.37,227.03,7.17,23742.3,2.0,0.047532,721.46,8563.92,-63.93,,1644.72,2.0,0.318243,323.42,628.45,-61.79,,317.2,2.0,1.544998,290.07,129.45,-59.19,,26.07,5.0,70.42577,1021.88,11.56,-55.66,,0.41,2.0,1210.006348,274.67,0.19,-54.91,
2023-01-30,763.86,3138.58,-256.78,-7.56,22826.15,2.0,0.047532,677.91,8563.92,-62.48,,1566.2,2.0,0.318243,298.43,628.45,-59.87,,307.2,2.0,1.544998,274.62,129.45,-57.86,,23.96,5.0,70.42577,873.28,11.56,-51.75,,0.39,2.0,1210.006348,250.47,0.19,-52.62,
2023-01-31,763.86,3178.37,39.78,1.27,23125.13,2.0,0.047532,692.13,8563.92,-62.97,,1585.33,2.0,0.318243,304.52,628.45,-60.36,,312.0,2.0,1.544998,282.04,129.45,-58.51,,23.92,5.0,70.42577,870.46,11.56,-51.67,,0.41,2.0,1210.006348,265.35,0.19,-54.05,
2023-02-01,763.86,3317.91,139.55,4.39,23732.66,2.0,0.047532,721.0,8563.92,-63.92,,1641.68,2.0,0.318243,322.45,628.45,-61.72,,317.0,2.0,1.544998,289.76,129.45,-59.16,,25.0,5.0,70.42577,946.52,11.56,-53.76,,0.41,2.0,1210.006348,274.31,0.19,-54.88,
2023-02-02,763.86,3264.95,-52.97,-1.6,23488.94,2.0,0.047532,709.42,8563.92,-63.54,,1643.12,2.0,0.318243,322.91,628.45,-61.75,,323.5,2.0,1.544998,299.81,129.45,-59.98,,24.32,5.0,70.42577,898.63,11.56,-52.47,,0.41,2.0,1210.006348,270.32,0.19,-54.51,
2023-02-03,763.86,3310.53,45.58,1.4,23431.9,2.0,0.047532,706.71,8563.92,-63.45,,1663.52,2.0,0.318243,329.4,628.45,-62.22,,332.2,2.0,1.544998,313.25,129.45,-61.03,,24.69,5.0,70.42577,924.69,11.56,-53.18,,0.41,2.0,1210.006348,272.61,0.19,-54.72,
2023-02-04,763.86,3277.68,-32.84,-0.99,23326.84,2.0,0.047532,701.71,8563.92,-63.29,,1666.38,2.0,0.318243,330.31,628.45,-62.29,,330.4,2.0,1.544998,310.47,129.45,-60.82,,24.34,5.0,70.42577,900.04,11.56,-52.51,,0.41,2.0,1210.006348,271.28,0.19,-54.6,
2023-02-05,763.86,3167.02,-110.66,-3.38,22932.91,2.0,0.047532,682.99,8563.92,-62.66,,1629.02,2.0,0.318243,318.42,628.45,-61.42,,327.8,2.0,1.544998,306.45,129.45,-60.51,,23.47,5.0,70.42577,838.77,11.56,-50.75,,0.4,2.0,1210.006348,256.52,0.19,-53.21,
2023-02-06,763.86,3084.04,-82.98,-2.62,22762.52,2.0,0.047532,674.89,8563.92,-62.38,,1614.29,2.0,0.318243,313.74,628.45,-61.07,,324.3,2.0,1.544998,301.04,129.45,-60.08,,22.66,5.0,70.42577,781.73,11.56,-48.98,,0.39,2.0,1210.006348,248.78,0.19,-52.45,
2023-02-07,763.86,3233.98,149.95,4.86,23240.46,2.0,0.047532,697.61,8563.92,-63.15,,1671.03,2.0,0.318243,331.79,628.45,-62.39,,333.0,2.0,1.544998,314.48,129.45,-61.13,,23.82,5.0,70.42577,863.42,11.56,-51.47,,0.4,2.0,1210.006348,262.81,0.19,-53.82,
2023-02-08,763.86,3157.19,-76.8,-2.37,22963.0,2.0,0.047532,684.42,8563.92,-62.71,,1650.43,2.0,0.318243,325.24,628.45,-61.92,,328.2,2.0,1.544998,307.07,129.45,-60.56,,23.22,5.0,70.42577,821.16,11.56,-50.22,,0.4,2.0,1210.006348,255.43,0.19,-53.11,
2023-02-09,1628.62,2822.46,-334.73,-10.6,21796.35,2.0,0.047532,628.97,8563.92,-60.71,,1545.35,2.0,0.318243,291.8,628.45,-59.33,,306.2,2.0,1.544998,273.08,129.45,-57.72,,20.48,,,,,,"EXIT @ 20.48 (small red CHoCH, realized +424.67)",0.38,,,,,,"EXIT @ 0.38 (small red CHoCH, realized +11.01)"
2023-02-10,1910.14,2803.43,-19.03,-0.67,21625.19,2.0,0.047532,620.83,8563.92,-60.4,,1513.06,,,,,,"EXIT @ 1513.06 (small red CHoCH, realized +81.52)",305.8,2.0,1.544998,272.46,129.45,-57.67,,20.11,,,,,,,0.38,,,,,,
2023-02-11,1910.14,2821.82,18.39,0.66,21862.55,2.0,0.047532,632.11,8563.92,-60.83,,1538.51,,,,,,,310.4,2.0,1.544998,279.57,129.45,-58.3,,20.81,,,,,,,0.38,,,,,,
2023-02-12,1910.14,2821.46,-0.36,-0.01,21783.54,2.0,0.047532,628.36,8563.92,-60.69,,1514.83,,,,,,,312.6,2.0,1.544998,282.97,129.45,-58.59,,21.49,,,,,,,0.37,,,,,,
2023-02-13,1910.14,2792.73,-28.73,-1.02,21773.97,2.0,0.047532,627.9,8563.92,-60.67,,1505.24,,,,,,,294.3,2.0,1.544998,254.69,129.45,-56.01,,20.77,,,,,,,0.37,,,,,,
2023-02-14,1910.14,2815.91,23.18,0.83,22199.84,2.0,0.047532,648.14,8563.92,-61.42,,1555.71,,,,,,,296.2,2.0,1.544998,257.63,129.45,-56.3,,21.84,,,,,,,0.38,,,,,,
2023-02-15,1910.14,2949.63,133.72,4.75,24324.05,2.0,0.047532,749.11,8563.92,-64.79,,1674.92,,,,,,,317.4,2.0,1.544998,290.38,129.45,-59.22,,23.86,,,,,,,0.4,,,,,,
2023-02-16,1910.14,2891.22,-58.41,-1.98,23517.72,2.0,0.047532,710.79,8563.92,-63.59,,1637.84,,,,,,,304.4,2.0,1.544998,270.3,129.45,-57.47,,22.24,,,,,,,0.38,,,,,,
2023-02-17,1910.14,2954.52,63.3,2.19,24569.97,2.0,0.047532,760.8,8563.92,-65.14,,1693.87,,,,,,,313.0,2.0,1.544998,283.58,129.45,-58.64,,23.14,,,,,,,0.4,,,,,,
2023-02-18,1910.14,2962.88,8.35,0.28,24631.95,2.0,0.047532,763.75,8563.92,-65.23,,1691.62,,,,,,,316.5,2.0,1.544998,288.99,129.45,-59.1,,23.45,,,,,,,0.39,,,,,,
2023-02-19,1910.14,2938.03,-24.85,-0.84,24271.76,2.0,0.047532,746.63,8563.92,-64.72,,1679.75,,,,,,,311.5,2.0,1.544998,281.27,129.45,-58.44,,24.84,,,,,,,0.39,,,,,,
2023-02-20,1910.14,2971.17,33.14,1.13,24842.2,2.0,0.047532,773.74,8563.92,-65.53,,1703.27,,,,,,,315.4,2.0,1.544998,287.29,129.45,-58.96,,26.26,,,,,,,0.4,,,,,,
2023-02-21,1910.14,2946.61,-24.56,-0.83,24452.16,2.0,0.047532,755.2,8563.92,-64.98,,1659.76,,,,,,,311.5,2.0,1.544998,281.27,129.45,-58.44,,24.98,,,,,,,0.39,,,,,,
2023-02-22,1910.14,2935.17,-11.44,-0.39,24182.21,2.0,0.047532,742.37,8563.92,-64.59,,1643.14,,,,,,,312.4,2.0,1.544998,282.66,129.45,-58.56,,24.16,,,,,,,0.4,,,,,,
2023-02-23,1910.14,2917.33,-17.84,-0.61,23940.2,2.0,0.047532,730.87,8563.92,-64.23,,1650.53,,,,,,,308.3,2.0,1.544998,276.32,129.45,-58.01,,23.91,,,,,,,0.39,,,,,,
2023-02-24,2177.19,2872.18,-45.15,-1.55,23185.29,2.0,0.047532,694.98,8563.92,-63.06,,1607.8,,,,,,,302.3,,,,,,"EXIT @ 302.30 (small red CHoCH, realized +67.05)",23.07,,,,,,,0.38,,,,,,
2023-02-25,2177.19,2870.84,-1.34,-0.05,23157.07,2.0,0.047532,693.64,8563.92,-63.02,,1594.58,,,,,,,302.4,,,,,,,22.37,,,,,,,0.38,,,,,,
2023-02-26,2177.19,2889.74,18.91,0.66,23554.85,2.0,0.047532,712.55,8563.92,-63.64,,1641.36,,,,,,,308.7,,,,,,,23.25,,,,,,,0.38,,,,,,
2023-02-27,2177.19,2886.76,-2.98,-0.1,23492.09,2.0,0.047532,709.57,8563.92,-63.55,,1633.45,,,,,,,304.6,,,,,,,22.68,,,,,,,0.38,,,,,,
2023-02-28,2177.19,2870.1,-16.66,-0.58,23141.57,2.0,0.047532,692.91,8563.92,-62.99,,1605.23,,,,,,,301.4,,,,,,,21.89,,,,,,,0.38,,,,,,
2023-03-01,2177.19,2893.27,23.17,0.81,23628.97,2.0,0.047532,716.07,8563.92,-63.76,,1665.22,,,,,,,302.7,,,,,,,22.51,,,,,,,0.38,,,,,,
2023-03-02,2177.19,2885.49,-7.78,-0.27,23465.32,2.0,0.047532,708.3,8563.92,-63.5,,1647.86,,,,,,,299.8,,,,,,,22.0,,,,,,,0.38,,,,,,
2023-03-03,2832.68,2832.68,-52.81,-1.83,22354.34,,,,,,"EXIT @ 22354.34 (small red CHoCH, realized +248.43)",1569.45,,,,,,,290.4,,,,,,,21.42,,,,,,,0.38,,,,,,
2023-03-04,2832.68,2832.68,0.0,0.0,22346.57,,,,,,,1566.73,,,,,,,289.6,,,,,,,20.98,,,,,,,0.37,,,,,,
2023-03-05,2832.68,2832.68,0.0,0.0,22430.24,,,,,,,1564.58,,,,,,,288.7,,,,,,,20.97,,,,,,,0.37,,,,,,
2023-03-06,2832.68,2832.68,0.0,0.0,22410.0,,,,,,,1565.84,,,,,,,287.8,,,,,,,20.63,,,,,,,0.37,,,,,,
2023-03-07,2832.68,2832.68,0.0,0.0,22197.96,,,,,,,1561.96,,,,,,,289.3,,,,,,,20.25,,,,,,,0.38,,,,,,
2023-03-08,2549.41,2832.68,0.0,0.0,21705.44,,,,,,,1532.38,,,,,,,287.1,,,,,,,18.41,,,,,,,0.39,2.0,1456.765037,283.27,0.19,-50.0,"ENTRY @ 0.39 (small green CHoCH, margin $283.27 [10% of portfolio total $2832.68] @ 2x [ADX 21.7, zone red], 1456.765037 units)"
2023-03-09,2549.41,2806.02,-26.66,-0.94,20362.22,,,,,,,1437.32,,,,,,,277.1,,,,,,,17.33,,,,,,,0.37,2.0,1456.765037,256.61,0.19,-47.53,
2023-03-10,2549.41,2805.15,-0.87,-0.03,20150.69,,,,,,,1426.44,,,,,,,277.4,,,,,,,18.17,,,,,,,0.37,2.0,1456.765037,255.74,0.19,-47.45,
2023-03-11,2549.41,2796.11,-9.03,-0.32,20455.73,,,,,,,1471.97,,,,,,,276.0,,,,,,,18.07,,,,,,,0.36,2.0,1456.765037,246.7,0.19,-46.55,
2023-03-12,2549.41,2807.19,11.07,0.4,21997.11,,,,,,,1580.33,,,,,,,288.1,,,,,,,20.2,,,,,,,0.37,2.0,1456.765037,257.77,0.19,-47.64,
2023-03-13,1987.68,2808.64,1.46,0.05,24113.48,2.0,0.04659,561.73,12056.74,-50.0,"ENTRY @ 24113.48 (small green CHoCH, margin $561.73 [20% of portfolio total $2808.64] @ 2x [ADX 22.7, zone red], 0.046590 units)",1673.45,,,,,,,307.9,,,,,,,20.4,,,,,,,0.37,2.0,1456.765037,259.23,0.19,-47.78,
2023-03-14,1704.22,2834.59,25.95,0.92,24670.41,2.0,0.04659,587.68,12056.74,-51.13,,1699.4,2.0,0.333599,283.46,849.7,-50.0,"ENTRY @ 1699.40 (small green CHoCH, margin $283.46 [10% of portfolio total $2834.59] @ 2x [ADX 18.3, zone red], 0.333599 units)",308.4,,,,,,,20.86,,,,,,,0.37,2.0,1456.765037,259.23,0.19,-47.78,
2023-03-15,1704.22,2780.51,-54.09,-1.91,24285.66,2.0,0.04659,569.75,12056.74,-50.35,,1649.96,2.0,0.333599,266.97,849.7,-48.5,,306.3,,,,,,,19.24,,,,,,,0.36,2.0,1456.765037,239.57,0.19,-45.82,
2023-03-16,1421.21,2830.11,49.6,1.78,24998.78,2.0,0.04659,602.98,12056.74,-51.77,,1673.73,2.0,0.333599,274.9,849.7,-49.23,,329.4,10.0,8.591709,283.01,296.46,-10.0,"ENTRY @ 329.40 (small green CHoCH, margin $283.01 [10% of portfolio total $2830.11] @ 10x [ADX 20.9, zone green], 8.591709 units)",19.67,,,,,,,0.36,2.0,1456.765037,248.01,0.19,-46.68,
2023-03-17,1421.21,3083.92,253.81,8.97,27395.13,2.0,0.04659,714.62,12056.74,-55.99,,1789.27,2.0,0.333599,313.44,849.7,-52.51,,338.9,10.0,8.591709,364.63,296.46,-12.52,,21.6,,,,,,,0.38,2.0,1456.765037,270.01,0.19,-48.8,
2023-03-18,1421.21,2974.58,-109.34,-3.55,26907.49,2.0,0.04659,691.9,12056.74,-55.19,,1758.84,2.0,0.333599,303.29,849.7,-51.69,,331.0,10.0,8.591709,296.76,296.46,-10.44,,21.2,,,,,,,0.37,2.0,1456.765037,261.42,0.19,-47.99,
2023-03-19,1421.21,3097.66,123.08,4.14,27972.87,2.0,0.04659,741.54,12056.74,-56.9,,1780.68,2.0,0.333599,310.57,849.7,-52.28,,336.7,10.0,8.591709,345.73,296.46,-11.95,,21.86,,,,,,,0.39,2.0,1456.765037,278.61,0.19,-49.59,
2023-03-20,1421.21,3015.76,-81.9,-2.64,27717.01,2.0,0.04659,729.62,12056.74,-56.5,,1732.78,2.0,0.333599,294.59,849.7,-50.96,,332.5,10.0,8.591709,309.65,296.46,-10.84,,22.13,,,,,,,0.37,2.0,1456.765037,260.69,0.19,-47.92,
2023-03-21,1421.21,3213.16,197.4,6.55,28105.47,2.0,0.04659,747.72,12056.74,-57.1,,1801.23,2.0,0.333599,317.43,849.7,-52.83,,334.4,10.0,8.591709,325.97,296.46,-11.35,,22.53,,,,,,,0.47,2.0,1456.765037,400.83,0.19,-58.59,
2023-03-22,1421.21,2966.4,-246.76,-7.68,27250.97,2.0,0.04659,707.91,12056.74,-55.76,,1734.33,2.0,0.333599,295.11,849.7,-51.01,,321.1,10.0,8.591709,211.7,296.46,-7.67,,21.42,,,,,,,0.42,2.0,1456.765037,330.47,0.19,-53.85,
2023-03-23,1421.21,3145.65,179.26,6.04,28295.41,2.0,0.04659,756.57,12056.74,-57.39,,1813.79,2.0,0.333599,321.62,849.7,-53.15,,329.4,10.0,8.591709,283.01,296.46,-10.0,,22.16,,,,,,,0.44,2.0,1456.765037,363.24,0.19,-56.19,
2023-03-24,1421.21,2996.26,-149.4,-4.75,27454.47,2.0,0.04659,717.39,12056.74,-56.08,,1749.57,2.0,0.333599,300.2,849.7,-51.43,,322.1,10.0,8.591709,220.29,296.46,-7.96,,20.66,,,,,,,0.43,2.0,1456.765037,337.17,0.19,-54.34,
2023-03-25,1421.21,3021.43,25.17,0.84,27462.95,2.0,0.04659,717.78,12056.74,-56.1,,1741.88,2.0,0.333599,297.63,849.7,-51.22,,322.4,10.0,8.591709,222.87,296.46,-8.05,,20.41,,,,,,,0.44,2.0,1456.765037,361.93,0.19,-56.1,
2023-03-26,1421.21,3116.19,94.76,3.14,27968.05,2.0,0.04659,741.31,12056.74,-56.89,,1773.88,2.0,0.333599,308.31,849.7,-52.1,,328.6,10.0,8.591709,276.14,296.46,-9.78,,20.94,,,,,,,0.45,2.0,1456.765037,369.22,0.19,-56.59,
2023-03-27,1421.21,2947.99,-168.2,-5.4,27124.91,2.0,0.04659,702.03,12056.74,-55.55,,1715.22,2.0,0.333599,288.74,849.7,-50.46,,310.6,10.0,8.591709,121.49,296.46,-4.55,,19.91,,,,,,,0.48,2.0,1456.765037,414.52,0.19,-59.41,
2023-03-28,1421.21,3047.52,99.52,3.38,27261.07,2.0,0.04659,708.38,12056.74,-55.77,,1772.99,2.0,0.333599,308.01,849.7,-52.08,,313.2,10.0,8.591709,143.83,296.46,-5.34,,20.45,,,,,,,0.51,2.0,1456.765037,466.09,0.19,-62.2,
2023-03-29,1421.21,3150.11,102.6,3.37,28348.6,2.0,0.04659,759.04,12056.74,-57.47,,1793.07,2.0,0.333599,314.71,849.7,-52.61,,313.7,10.0,8.591709,148.12,296.46,-5.5,,21.1,,,,,,,0.54,2.0,1456.765037,507.03,0.19,-64.16,
2023-03-30,1421.21,3143.14,-6.98,-0.22,28028.53,2.0,0.04659,744.13,12056.74,-56.98,,1793.61,2.0,0.333599,314.89,849.7,-52.63,,316.4,10.0,8.591709,171.32,296.46,-6.3,,20.55,,,,,,,0.53,2.0,1456.765037,491.59,0.19,-63.44,
2023-03-31,1421.21,3185.11,41.97,1.34,28465.36,2.0,0.04659,764.48,12056.74,-57.64,,1821.52,2.0,0.333599,324.2,849.7,-53.35,,316.9,10.0,8.591709,175.61,296.46,-6.45,,21.16,,,,,,,0.54,2.0,1456.765037,499.6,0.19,-63.82,
2023-04-01,1421.21,3126.45,-58.66,-1.84,28452.73,2.0,0.04659,763.9,12056.74,-57.63,,1820.79,2.0,0.333599,323.95,849.7,-53.33,,314.9,10.0,8.591709,158.43,296.46,-5.86,,21.08,,,,,,,0.51,2.0,1456.765037,458.95,0.19,-61.84,
2023-04-02,1421.21,3106.67,-19.78,-0.63,28171.87,2.0,0.04659,750.81,12056.74,-57.2,,1794.51,2.0,0.333599,315.19,849.7,-52.65,,313.7,10.0,8.591709,148.12,296.46,-5.5,,20.52,,,,,,,0.52,2.0,1456.765037,471.34,0.19,-62.46,
2023-04-03,1421.21,3020.39,-86.28,-2.78,27800.0,2.0,0.04659,733.49,12056.74,-56.63,,1810.51,2.0,0.333599,320.53,849.7,-53.07,,308.8,10.0,8.591709,106.02,296.46,-4.0,,20.45,,,,,,,0.5,2.0,1456.765037,439.14,0.19,-60.79,
2023-04-04,1421.21,3084.33,63.94,2.12,28165.47,2.0,0.04659,750.51,12056.74,-57.19,,1870.37,2.0,0.333599,340.49,849.7,-54.57,,310.8,10.0,8.591709,123.21,296.46,-4.61,,20.92,,,,,,,0.5,2.0,1456.765037,448.9,0.19,-61.31,
2023-04-05,1421.21,3128.18,43.85,1.42,28170.01,2.0,0.04659,750.72,12056.74,-57.2,,1908.69,2.0,0.333599,353.28,849.7,-55.48,,313.9,10.0,8.591709,149.84,296.46,-5.56,,20.97,,,,,,,0.51,2.0,1456.765037,453.13,0.19,-61.53,
2023-04-06,1421.21,3092.05,-36.13,-1.15,28033.82,2.0,0.04659,744.38,12056.74,-56.99,,1872.41,2.0,0.333599,341.18,849.7,-54.62,,312.3,10.0,8.591709,136.09,296.46,-5.07,,20.62,,,,,,,0.5,2.0,1456.765037,449.19,0.19,-61.33,
2023-04-07,1421.21,3080.31,-11.75,-0.38,27906.33,2.0,0.04659,738.44,12056.74,-56.8,,1863.72,2.0,0.333599,338.28,849.7,-54.41,,310.3,10.0,8.591709,118.91,296.46,-4.46,,20.44,,,,,,,0.51,2.0,1456.765037,463.47,0.19,-62.07,
2023-04-08,1421.21,3067.19,-13.12,-0.43,27938.38,2.0,0.04659,739.93,12056.74,-56.85,,1848.82,2.0,0.333599,333.31,849.7,-54.04,,310.5,10.0,8.591709,120.63,296.46,-4.52,,20.04,,,,,,,0.5,2.0,1456.765037,452.11,0.19,-61.48,
2023-04-09,1421.21,3109.14,41.96,1.37,28323.76,2.0,0.04659,757.89,12056.74,-57.43,,1858.92,2.0,0.333599,336.67,849.7,-54.29,,312.8,10.0,8.591709,140.39,296.46,-5.22,,20.28,,,,,,,0.51,2.0,1456.765037,452.98,0.19,-61.53,
2023-04-10,1421.21,3254.2,145.05,4.67,29637.34,2.0,0.04659,819.09,12056.74,-59.32,,1910.2,2.0,0.333599,353.78,849.7,-55.52,,318.5,10.0,8.591709,189.36,296.46,-6.92,,20.89,,,,,,,0.52,2.0,1456.765037,470.75,0.19,-62.43,
2023-04-11,1090.71,3304.98,50.79,1.56,30200.42,2.0,0.04659,845.32,12056.74,-60.08,,1889.86,2.0,0.333599,347.0,849.7,-55.04,,322.3,10.0,8.591709,222.01,296.46,-8.02,,22.98,10.0,143.819992,330.5,20.68,-10.0,"ENTRY @ 22.98 (small green CHoCH, margin $330.50 [10% of portfolio total $3304.98] @ 10x [ADX 12.2, zone green], 143.819992 units)",0.52,2.0,1456.765037,469.44,0.19,-62.37,
2023-04-12,1090.71,3379.74,74.75,2.26,29888.07,2.0,0.04659,830.77,12056.74,-59.66,,1917.39,2.0,0.333599,356.18,849.7,-55.68,,319.9,10.0,8.591709,201.39,296.46,-7.33,,23.8,10.0,143.819992,448.43,20.68,-13.1,,0.5,2.0,1456.765037,452.25,0.19,-61.49,
2023-04-13,1090.71,3576.85,197.12,5.83,30373.84,2.0,0.04659,853.4,12056.74,-60.31,,2012.01,2.0,0.333599,387.75,849.7,-57.77,,324.7,10.0,8.591709,242.63,296.46,-8.7,,24.43,10.0,143.819992,539.04,20.68,-15.34,,0.51,2.0,1456.765037,463.32,0.19,-62.06,
2023-04-14,1090.71,3701.75,124.9,3.49,30466.93,2.0,0.04659,857.74,12056.74,-60.43,,2099.99,2.0,0.333599,417.1,849.7,-59.54,,328.9,10.0,8.591709,278.72,296.46,-9.86,,24.71,10.0,143.819992,579.31,20.68,-16.3,,0.52,2.0,1456.765037,478.18,0.19,-62.8,
2023-04-15,1090.71,3625.82,-75.93,-2.05,30295.09,2.0,0.04659,849.73,12056.74,-60.2,,2090.6,2.0,0.333599,413.96,849.7,-59.36,,333.0,10.0,8.591709,313.94,296.46,-10.97,,24.05,10.0,143.819992,484.39,20.68,-14.0,,0.52,2.0,1456.765037,473.08,0.19,-62.55,
2023-04-16,1090.71,3949.93,324.11,8.94,30304.65,2.0,0.04659,850.18,12056.74,-60.21,,2118.67,2.0,0.333599,423.33,849.7,-59.89,,347.7,10.0,8.591709,440.24,296.46,-14.74,,25.34,10.0,143.819992,669.91,20.68,-18.38,,0.52,2.0,1456.765037,475.56,0.19,-62.67,
2023-04-17,1090.71,3704.27,-245.67,-6.22,29430.27,2.0,0.04659,809.44,12056.74,-59.03,,2074.0,2.0,0.333599,408.43,849.7,-59.03,,340.0,10.0,8.591709,374.08,296.46,-12.81,,24.58,10.0,143.819992,560.61,20.68,-15.86,,0.51,2.0,1456.765037,460.99,0.19,-61.94,
2023-04-18,1090.71,3850.83,146.56,3.96,30380.01,2.0,0.04659,853.69,12056.74,-60.31,,2103.5,2.0,0.333599,418.27,849.7,-59.61,,343.1,10.0,8.591709,400.72,296.46,-13.59,,24.82,10.0,143.819992,595.13,20.68,-16.67,,0.53,2.0,1456.765037,492.31,0.19,-63.48,
2023-04-19,1522.86,3171.78,-679.05,-17.63,28797.1,2.0,0.04659,779.94,12056.74,-58.13,,1933.73,2.0,0.333599,361.63,849.7,-56.06,,322.4,10.0,8.591709,222.87,296.46,-8.05,,22.66,10.0,143.819992,284.48,20.68,-8.73,,0.49,,,,,,"EXIT @ 0.49 (small red CHoCH, realized +148.88)"
2023-04-20,1522.86,3045.98,-125.8,-3.97,28243.65,2.0,0.04659,754.15,12056.74,-57.31,,1942.98,2.0,0.333599,364.72,849.7,-56.27,,318.1,10.0,8.591709,185.92,296.46,-6.8,,22.2,10.0,143.819992,218.32,20.68,-6.84,,0.48,,,,,,
2023-04-21,1522.86,2858.86,-187.12,-6.14,27262.84,2.0,0.04659,708.46,12056.74,-55.78,,1848.78,2.0,0.333599,333.29,849.7,-54.04,,321.2,10.0,8.591709,212.56,296.46,-7.7,,21.25,10.0,143.819992,81.69,20.68,-2.67,,0.45,,,,,,
2023-04-22,1522.86,3065.31,206.45,7.22,27816.85,2.0,0.04659,734.27,12056.74,-56.66,,1874.16,2.0,0.333599,341.76,849.7,-54.66,,332.2,10.0,8.591709,307.07,296.46,-10.76,,21.79,10.0,143.819992,159.35,20.68,-5.08,,0.47,,,,,,
2023-04-23,1522.86,2991.81,-73.51,-2.4,27590.6,2.0,0.04659,723.73,12056.74,-56.3,,1862.0,2.0,0.333599,337.7,849.7,-54.37,,330.7,10.0,8.591709,294.18,296.46,-10.35,,21.47,10.0,143.819992,113.33,20.68,-3.67,,0.46,,,,,,
2023-04-24,1522.86,2972.72,-19.09,-0.64,27510.93,2.0,0.04659,720.02,12056.74,-56.17,,1841.84,2.0,0.333599,330.98,849.7,-53.87,,331.2,10.0,8.591709,298.48,296.46,-10.49,,21.38,10.0,143.819992,100.39,20.68,-3.26,,0.46,,,,,,
2023-04-25,1522.86,3158.57,185.85,6.25,28300.79,2.0,0.04659,756.82,12056.74,-57.4,,1866.1,2.0,0.333599,339.07,849.7,-54.47,,338.4,10.0,8.591709,360.34,296.46,-12.39,,21.93,10.0,143.819992,179.49,20.68,-5.69,,0.47,,,,,,
2023-04-26,1522.86,2917.38,-241.2,-7.64,28415.29,2.0,0.04659,762.15,12056.74,-57.57,,1866.01,2.0,0.333599,339.04,849.7,-54.46,,330.6,10.0,8.591709,293.32,296.46,-10.33,,21.28,,,,,,"** LIQUIDATION EVENT ** @ 20.68 (margin wiped, realized -330.50)",0.46,,,,,,
2023-04-27,1522.86,2983.46,66.08,2.27,29472.77,2.0,0.04659,811.42,12056.74,-59.09,,1908.68,2.0,0.333599,353.27,849.7,-55.48,,330.9,10.0,8.591709,295.9,296.46,-10.41,,22.33,,,,,,,0.47,,,,,,
2023-04-28,1522.86,2911.61,-71.85,-2.41,29311.7,2.0,0.04659,803.92,12056.74,-58.87,,1890.94,2.0,0.333599,347.36,849.7,-55.06,,324.1,10.0,8.591709,237.47,296.46,-8.53,,23.34,,,,,,,0.48,,,,,,
2023-04-29,1522.86,2894.55,-17.06,-0.59,29230.45,2.0,0.04659,800.13,12056.74,-58.75,,1907.8,2.0,0.333599,352.98,849.7,-55.46,,321.9,10.0,8.591709,218.57,296.46,-7.9,,23.19,,,,,,,0.48,,,,,,
2023-04-30,1522.86,3016.13,121.58,4.2,29233.21,2.0,0.04659,800.26,12056.74,-58.76,,1870.09,2.0,0.333599,340.4,849.7,-54.56,,337.5,10.0,8.591709,352.6,296.46,-12.16,,22.74,,,,,,,0.47,,,,,,
2023-05-01,1522.86,2871.4,-144.73,-4.8,28068.26,2.0,0.04659,745.98,12056.74,-57.04,,1830.73,2.0,0.333599,327.27,849.7,-53.59,,328.5,10.0,8.591709,275.28,296.46,-9.75,,21.96,,,,,,,0.46,,,,,,
2023-05-02,1522.86,2852.41,-18.99,-0.66,28669.86,2.0,0.04659,774.01,12056.74,-57.95,,1870.08,2.0,0.333599,340.4,849.7,-54.56,,321.5,10.0,8.591709,215.14,296.46,-7.79,,22.25,,,,,,,0.46,,,,,,
2023-05-03,1522.86,2918.5,66.09,2.32,29026.16,2.0,0.04659,790.61,12056.74,-58.46,,1905.12,2.0,0.333599,352.09,849.7,-55.4,,325.9,10.0,8.591709,252.94,296.46,-9.03,,22.24,,,,,,,0.46,,,,,,
2023-05-04,1522.86,2882.34,-36.16,-1.24,28838.16,2.0,0.04659,781.85,12056.74,-58.19,,1877.07,2.0,0.333599,342.73,849.7,-54.73,,323.8,10.0,8.591709,234.9,296.46,-8.44,,21.74,,,,,,,0.46,,,,,,
2023-05-05,1522.86,2975.41,93.07,3.23,29505.61,2.0,0.04659,812.95,12056.74,-59.14,,1993.3,2.0,0.333599,381.5,849.7,-57.37,,326.5,10.0,8.591709,258.09,296.46,-9.2,,22.82,,,,,,,0.47,,,,,,
2023-05-06,1522.86,2872.91,-102.5,-3.44,28848.2,2.0,0.04659,782.32,12056.74,-58.21,,1896.33,2.0,0.333599,349.15,849.7,-55.19,,321.9,10.0,8.591709,218.57,296.46,-7.9,,21.91,,,,,,,0.46,,,,,,
2023-05-07,1522.86,2837.05,-35.86,-1.25,28430.1,2.0,0.04659,762.84,12056.74,-57.59,,1870.4,2.0,0.333599,340.5,849.7,-54.57,,321.0,10.0,8.591709,210.84,296.46,-7.64,,21.66,,,,,,,0.45,,,,,,
2023-05-08,1671.84,2732.1,-104.95,-3.7,27668.79,2.0,0.04659,727.37,12056.74,-56.42,,1847.56,2.0,0.333599,332.89,849.7,-54.01,,313.8,,,,,,"EXIT @ 313.80 (small red CHoCH, realized -134.03)",20.62,,,,,,,0.43,,,,,,
2023-05-09,2397.33,2729.87,-2.23,-0.08,27628.27,,,,,,"EXIT @ 27628.27 (small red CHoCH, realized +163.76)",1846.52,2.0,0.333599,332.54,849.7,-53.98,,312.1,,,,,,,20.65,,,,,,,0.43,,,,,,
2023-05-10,2397.33,2727.97,-1.89,-0.07,27598.75,,,,,,,1840.84,2.0,0.333599,330.64,849.7,-53.84,,314.3,,,,,,,20.91,,,,,,,0.43,,,,,,
2023-05-11,2712.45,2712.45,-15.53,-0.57,26968.62,,,,,,,1794.3,,,,,,"EXIT @ 1794.30 (small red CHoCH, realized +31.66)",307.5,,,,,,,20.17,,,,,,,0.42,,,,,,
2023-05-12,2712.45,2712.45,0.0,0.0,26795.01,,,,,,,1807.45,,,,,,,308.5,,,,,,,20.9,,,,,,,0.43,,,,,,
2023-05-13,2712.45,2712.45,0.0,0.0,26775.28,,,,,,,1795.11,,,,,,,310.7,,,,,,,20.84,,,,,,,0.42,,,,,,
2023-05-14,2712.45,2712.45,0.0,0.0,26917.62,,,,,,,1799.21,,,,,,,312.1,,,,,,,20.93,,,,,,,0.43,,,,,,
2023-05-15,2712.45,2712.45,0.0,0.0,27162.14,,,,,,,1816.2,,,,,,,313.4,,,,,,,20.99,,,,,,,0.43,,,,,,
2023-05-16,2712.45,2712.45,0.0,0.0,27033.84,,,,,,,1824.21,,,,,,,311.4,,,,,,,20.67,,,,,,,0.44,,,,,,
2023-05-17,2712.45,2712.45,0.0,0.0,27405.61,,,,,,,1822.12,,,,,,,314.3,,,,,,,21.06,,,,,,,0.45,,,,,,
2023-05-18,2712.45,2712.45,0.0,0.0,26821.28,,,,,,,1800.56,,,,,,,309.3,,,,,,,20.34,,,,,,,0.46,,,,,,
2023-05-19,2712.45,2712.45,0.0,0.0,26880.26,,,,,,,1812.32,,,,,,,308.9,,,,,,,20.36,,,,,,,0.47,,,,,,
2023-05-20,2712.45,2712.45,0.0,0.0,27102.43,,,,,,,1819.42,,,,,,,310.6,,,,,,,20.28,,,,,,,0.47,,,,,,
2023-05-21,2712.45,2712.45,0.0,0.0,26747.78,,,,,,,1804.91,,,,,,,306.4,,,,,,,19.61,,,,,,,0.46,,,,,,
2023-05-22,2712.45,2712.45,0.0,0.0,26849.27,,,,,,,1817.35,,,,,,,309.0,,,,,,,19.53,,,,,,,0.46,,,,,,
2023-05-23,2441.2,2712.45,0.0,0.0,27219.61,,,,,,,1854.05,2.0,0.292597,271.24,927.03,-50.0,"ENTRY @ 1854.05 (small green CHoCH, margin $271.24 [10% of portfolio total $2712.45] @ 2x [ADX 12.5, zone red], 0.292597 units)",313.5,,,,,,,20.02,,,,,,,0.47,,,,,,
2023-05-24,2441.2,2696.6,-15.85,-0.58,26329.01,,,,,,,1799.89,2.0,0.292597,255.4,927.03,-48.5,,306.0,,,,,,,19.22,,,,,,,0.45,,,,,,
2023-05-25,2441.2,2698.27,1.67,0.06,26473.79,,,,,,,1805.6,2.0,0.292597,257.07,927.03,-48.66,,304.5,,,,,,,19.25,,,,,,,0.45,,,,,,
2023-05-26,2441.2,2704.76,6.49,0.24,26705.92,,,,,,,1827.79,2.0,0.292597,263.56,927.03,-49.28,,306.8,,,,,,,19.35,,,,,,,0.47,,,,,,
2023-05-27,2441.2,2705.38,0.61,0.02,26854.27,,,,,,,1829.89,2.0,0.292597,264.18,927.03,-49.34,,307.4,,,,,,,20.43,,,,,,,0.47,,,,,,
2023-05-28,1622.68,2728.42,23.04,0.85,28065.0,2.0,0.038887,545.68,14032.5,-50.0,"ENTRY @ 28065.00 (small green CHoCH, margin $545.68 [20% of portfolio total $2728.42] @ 2x [ADX 25.0, zone red], 0.038887 units)",1908.64,2.0,0.292597,287.22,927.03,-51.43,,314.1,,,,,,,20.81,,,,,,,0.48,10.0,5660.620239,272.84,0.43,-10.0,"ENTRY @ 0.48 (small green CHoCH, margin $272.84 [10% of portfolio total $2728.42] @ 10x [ADX 15.8, zone green], 5660.620239 units)"
2023-05-29,1622.68,2782.27,53.85,1.97,27736.4,2.0,0.038887,532.91,14032.5,-49.41,,1892.6,2.0,0.292597,282.52,927.03,-51.02,,311.6,,,,,,,20.57,,,,,,,0.49,10.0,5660.620239,344.17,0.43,-12.29,
2023-05-30,1622.68,2929.59,147.31,5.29,27694.4,2.0,0.038887,531.27,14032.5,-49.33,,1900.59,2.0,0.292597,284.86,927.03,-51.22,,311.5,,,,,,,21.25,,,,,,,0.52,10.0,5660.620239,490.78,0.43,-16.66,
2023-05-31,1622.68,2880.8,-48.79,-1.67,27210.35,2.0,0.038887,512.45,14032.5,-48.43,,1873.63,2.0,0.292597,276.97,927.03,-50.52,,306.8,,,,,,,20.81,,,,,,,0.52,10.0,5660.620239,468.7,0.43,-16.03,
2023-06-01,1622.68,2804.9,-75.9,-2.63,26817.93,2.0,0.038887,497.19,14032.5,-47.67,,1861.78,2.0,0.292597,273.51,927.03,-50.21,,304.9,,,,,,,20.49,,,,,,,0.51,10.0,5660.620239,411.53,0.43,-14.35,
2023-06-02,1622.68,2935.87,130.98,4.67,27242.59,2.0,0.038887,513.7,14032.5,-48.49,,1906.68,2.0,0.292597,286.64,927.03,-51.38,,307.2,,,,,,,21.26,,,,,,,0.52,10.0,5660.620239,512.85,0.43,-17.28,
2023-06-03,1622.68,2893.16,-42.72,-1.46,27069.22,2.0,0.038887,506.96,14032.5,-48.16,,1892.06,2.0,0.292597,282.37,927.03,-51.0,,306.6,,,,,,,21.19,,,,,,,0.52,10.0,5660.620239,481.15,0.43,-16.38,
2023-06-04,1323.56,2991.14,97.99,3.39,27115.21,2.0,0.038887,508.75,14032.5,-48.25,,1890.01,2.0,0.292597,281.77,927.03,-50.95,,305.0,,,,,,,21.82,10.0,137.082525,299.11,19.64,-10.0,"ENTRY @ 21.82 (small green CHoCH, margin $299.11 [10% of portfolio total $2991.14] @ 10x [ADX 18.4, zone green], 137.082525 units)",0.54,10.0,5660.620239,577.95,0.43,-19.05,
2023-06-05,1323.56,2462.55,-528.59,-17.67,25728.2,2.0,0.038887,454.81,14032.5,-45.46,,1810.5,2.0,0.292597,258.5,927.03,-48.8,,276.9,,,,,,,20.0,,,,,,"** LIQUIDATION EVENT ** @ 19.64 (margin wiped, realized -299.11)",0.51,10.0,5660.620239,425.68,0.43,-14.77,
2023-06-06,1323.56,2661.52,198.97,8.08,27230.08,2.0,0.038887,513.22,14032.5,-48.47,,1884.64,2.0,0.292597,280.2,927.03,-50.81,,281.2,,,,,,,20.38,,,,,,,0.53,10.0,5660.620239,544.55,0.43,-18.15,
2023-06-07,1323.56,2545.29,-116.23,-4.37,26339.34,2.0,0.038887,478.58,14032.5,-46.72,,1832.13,2.0,0.292597,264.83,927.03,-49.4,,259.3,,,,,,,18.64,,,,,,,0.52,10.0,5660.620239,478.32,0.43,-16.3,
2023-06-08,1323.56,2585.44,40.15,1.58,26498.61,2.0,0.038887,484.77,14032.5,-47.04,,1845.64,2.0,0.292597,268.78,927.03,-49.77,,262.0,,,,,,,18.89,,,,,,,0.52,10.0,5660.620239,508.32,0.43,-17.15,
2023-06-09,1323.56,2664.6,79.16,3.06,26477.81,2.0,0.038887,483.96,14032.5,-47.0,,1840.37,2.0,0.292597,267.24,927.03,-49.63,,260.5,,,,,,,17.4,,,,,,,0.54,10.0,5660.620239,589.84,0.43,-19.37,
2023-06-10,1564.81,2436.68,-227.93,-8.55,25841.21,2.0,0.038887,459.21,14032.5,-45.7,,1751.53,,,,,,"EXIT @ 1751.53 (small red CHoCH, realized -30.00)",238.7,,,,,,,15.61,,,,,,,0.51,10.0,5660.620239,412.66,0.43,-14.39,
2023-06-11,1564.81,2519.77,83.09,3.41,25925.55,2.0,0.038887,462.49,14032.5,-45.87,,1752.76,,,,,,,235.4,,,,,,,15.55,,,,,,,0.52,10.0,5660.620239,492.47,0.43,-16.71,
2023-06-12,1564.81,2543.32,23.55,0.93,25905.19,2.0,0.038887,461.69,14032.5,-45.83,,1742.57,,,,,,,231.3,,,,,,,15.19,,,,,,,0.53,10.0,5660.620239,516.81,0.43,-17.39,
2023-06-13,1564.81,2511.05,-32.27,-1.27,25934.25,2.0,0.038887,462.83,14032.5,-45.89,,1740.12,,,,,,,244.2,,,,,,,15.04,,,,,,,0.52,10.0,5660.620239,483.42,0.43,-16.45,
2023-06-14,1996.3,2258.39,-252.66,-10.06,25128.6,,,,,,"EXIT @ 25128.60 (small red CHoCH, realized -114.19)",1650.95,,,,,,,237.9,,,,,,,14.48,,,,,,,0.48,10.0,5660.620239,262.09,0.43,-9.64,
2023-06-15,1996.3,2258.39,0.0,0.0,25598.49,,,,,,,1666.96,,,,,,,236.4,,,,,,,14.77,,,,,,,0.48,10.0,5660.620239,262.09,0.43,-9.64,
2023-06-16,1996.3,2234.62,-23.77,-1.05,26345.0,,,,,,,1717.92,,,,,,,239.3,,,,,,,15.31,,,,,,,0.48,10.0,5660.620239,238.31,0.43,-8.85,
2023-06-17,1996.3,2254.43,19.81,0.89,26516.99,,,,,,,1727.76,,,,,,,244.5,,,,,,,15.64,,,,,,,0.48,10.0,5660.620239,258.12,0.43,-9.51,
2023-06-18,1996.3,2296.32,41.89,1.86,26339.97,,,,,,,1720.95,,,,,,,244.1,,,,,,,15.45,,,,,,,0.49,10.0,5660.620239,300.01,0.43,-10.89,
2023-06-19,1996.3,2334.81,38.49,1.68,26844.35,,,,,,,1737.11,,,,,,,243.1,,,,,,,16.1,,,,,,,0.49,10.0,5660.620239,338.51,0.43,-12.12,
2023-06-20,1530.14,2330.85,-3.96,-0.17,28307.99,2.0,0.032936,466.17,14154.0,-50.0,"ENTRY @ 28307.99 (small green CHoCH, margin $466.17 [20% of portfolio total $2330.85] @ 2x [ADX 24.5, zone red], 0.032936 units)",1791.99,,,,,,,247.7,,,,,,,16.64,,,,,,,0.49,10.0,5660.620239,334.54,0.43,-11.99,
2023-06-21,1530.14,2426.0,95.15,4.08,29993.89,2.0,0.032936,521.7,14154.0,-52.81,,1889.11,,,,,,,248.8,,,,,,,17.23,,,,,,,0.5,10.0,5660.620239,374.17,0.43,-13.22,
2023-06-22,1530.14,2387.88,-38.12,-1.57,29884.92,2.0,0.032936,518.11,14154.0,-52.64,,1872.01,,,,,,,240.8,,,,,,,16.62,,,,,,,0.49,10.0,5660.620239,339.64,0.43,-12.15,
2023-06-23,1530.14,2427.36,39.49,1.65,30688.5,2.0,0.032936,544.57,14154.0,-53.88,,1892.63,,,,,,,244.3,,,,,,,17.13,,,,,,,0.5,10.0,5660.620239,352.66,0.43,-12.56,
2023-06-24,1530.14,2367.72,-59.65,-2.46,30527.43,2.0,0.032936,539.27,14154.0,-53.64,,1874.96,,,,,,,236.4,,,,,,,16.64,,,,,,,0.49,10.0,5660.620239,298.31,0.43,-10.83,
2023-06-25,1530.14,2387.1,19.38,0.82,30462.66,2.0,0.032936,537.13,14154.0,-53.54,,1898.8,,,,,,,238.8,,,,,,,16.96,,,,,,,0.49,10.0,5660.620239,319.83,0.43,-11.52,
2023-06-26,1530.14,2316.72,-70.38,-2.95,30267.99,2.0,0.032936,530.72,14154.0,-53.24,,1858.97,,,,,,,236.1,,,,,,,16.27,,,,,,,0.48,10.0,5660.620239,255.86,0.43,-9.44,
2023-06-27,1530.14,2357.87,41.15,1.78,30692.44,2.0,0.032936,544.7,14154.0,-53.88,,1889.58,,,,,,,237.5,,,,,,,16.63,,,,,,,0.48,10.0,5660.620239,283.03,0.43,-10.33,
2023-06-28,1530.14,2229.49,-128.37,-5.44,30077.41,2.0,0.032936,524.45,14154.0,-52.94,,1828.02,,,,,,,230.6,,,,,,,15.97,,,,,,,0.46,10.0,5660.620239,174.91,0.43,-6.65,
2023-06-29,1300.31,2298.28,68.79,3.09,30447.31,2.0,0.032936,536.63,14154.0,-53.51,,1851.99,,,,,,,233.1,,,,,,,17.99,2.0,25.550683,229.83,8.99,-50.0,"ENTRY @ 17.99 (small green CHoCH, margin $229.83 [10% of portfolio total $2298.28] @ 2x [ADX 26.0, zone red], 25.550683 units)",0.47,10.0,5660.620239,231.52,0.43,-8.62,
2023-06-30,1300.31,2311.14,12.85,0.56,30472.0,2.0,0.032936,537.44,14154.0,-53.55,,1933.79,,,,,,,240.3,,,,,,,18.86,2.0,25.550683,252.06,8.99,-52.31,,0.47,10.0,5660.620239,221.33,0.43,-8.27,
2023-07-01,1300.31,2312.5,1.36,0.06,30585.9,2.0,0.032936,541.19,14154.0,-53.72,,1924.5,,,,,,,247.9,,,,,,,18.7,2.0,25.550683,247.97,8.99,-51.9,,0.47,10.0,5660.620239,223.03,0.43,-8.33,
2023-07-02,1060.64,2396.65,84.15,3.64,30617.03,2.0,0.032936,542.22,14154.0,-53.77,,1937.48,10.0,1.236994,239.67,1743.73,-10.0,"ENTRY @ 1937.48 (small green CHoCH, margin $239.67 [10% of portfolio total $2396.65] @ 10x [ADX 19.3, zone green], 1.236994 units)",246.5,,,,,,,19.45,2.0,25.550683,267.13,8.99,-53.75,,0.48,10.0,5660.620239,286.99,0.43,-10.46,
2023-07-03,1060.64,2457.37,60.72,2.53,31156.2,2.0,0.032936,559.98,14154.0,-54.57,,1955.54,10.0,1.236994,262.01,1743.73,-10.83,,246.5,,,,,,,19.26,2.0,25.550683,262.28,8.99,-53.3,,0.49,10.0,5660.620239,312.47,0.43,-11.29,
2023-07-04,1060.64,2407.1,-50.27,-2.05,30766.51,2.0,0.032936,547.14,14154.0,-54.0,,1936.2,10.0,1.236994,238.08,1743.73,-9.94,,242.5,,,,,,,19.13,2.0,25.550683,258.96,8.99,-52.98,,0.49,10.0,5660.620239,302.28,0.43,-10.96,
2023-07-05,1060.64,2309.42,-97.68,-4.06,30504.81,2.0,0.032936,538.52,14154.0,-53.6,,1910.36,10.0,1.236994,206.12,1743.73,-8.72,,238.9,,,,,,,19.0,2.0,25.550683,255.63,8.99,-52.66,,0.48,10.0,5660.620239,248.5,0.43,-9.19,
2023-07-06,1060.64,2137.79,-171.63,-7.43,29895.43,2.0,0.032936,518.45,14154.0,-52.65,,1846.17,10.0,1.236994,126.72,1743.73,-5.55,,232.2,,,,,,,19.61,2.0,25.550683,271.22,8.99,-54.13,,0.46,10.0,5660.620239,160.76,0.43,-6.14,
2023-07-07,1060.64,2268.28,130.49,6.1,30344.7,2.0,0.032936,533.25,14154.0,-53.36,,1870.91,10.0,1.236994,157.32,1743.73,-6.8,,235.6,,,,,,,21.5,2.0,25.550683,319.51,8.99,-58.16,,0.47,10.0,5660.620239,197.56,0.43,-7.45,
2023-07-08,1060.64,2276.83,8.55,0.38,30284.63,2.0,0.032936,531.27,14154.0,-53.26,,1865.24,10.0,1.236994,150.3,1743.73,-6.51,,236.3,,,,,,,21.81,2.0,25.550683,327.43,8.99,-58.76,,0.47,10.0,5660.620239,207.18,0.43,-7.78,
2023-07-09,1060.64,2243.62,-33.2,-1.46,30160.71,2.0,0.032936,527.19,14154.0,-53.07,,1862.8,10.0,1.236994,147.29,1743.73,-6.39,,234.1,,,,,,,21.32,2.0,25.550683,314.91,8.99,-57.81,,0.47,10.0,5660.620239,193.59,0.43,-7.31,
2023-07-10,1060.64,2329.75,86.13,3.84,30411.57,2.0,0.032936,535.45,14154.0,-53.46,,1880.4,10.0,1.236994,169.06,1743.73,-7.27,,246.2,,,,,,,21.3,2.0,25.550683,314.4,8.99,-57.77,,0.48,10.0,5660.620239,250.2,0.43,-9.25,
2023-07-11,1060.64,2338.48,8.73,0.37,30622.1,2.0,0.032936,542.39,14154.0,-53.78,,1878.3,10.0,1.236994,166.46,1743.73,-7.16,,248.6,,,,,,,22.07,2.0,25.550683,334.08,8.99,-59.24,,0.48,10.0,5660.620239,234.92,0.43,-8.73,
2023-07-12,1060.64,2294.83,-43.65,-1.87,30380.0,2.0,0.032936,534.41,14154.0,-53.41,,1871.82,10.0,1.236994,158.44,1743.73,-6.84,,243.9,,,,,,,21.94,2.0,25.550683,330.75,8.99,-59.0,,0.47,10.0,5660.620239,210.58,0.43,-7.9,
2023-07-13,605.92,4547.26,2252.44,98.15,31454.23,2.0,0.032936,569.79,14154.0,-55.0,,2004.49,10.0,1.236994,322.56,1743.73,-13.01,,256.1,2.0,3.551161,454.73,128.05,-50.0,"ENTRY @ 256.10 (small green CHoCH, margin $454.73 [10% of portfolio total $4547.26] @ 2x [ADX 25.5, zone red], 3.551161 units)",26.01,2.0,25.550683,434.74,8.99,-65.42,,0.82,10.0,5660.620239,2159.53,0.43,-46.79,
2023-07-14,605.92,3864.29,-682.97,-15.02,30312.01,2.0,0.032936,532.17,14154.0,-53.31,,1937.83,10.0,1.236994,240.1,1743.73,-10.02,,248.1,2.0,3.551161,426.32,128.05,-48.39,,26.67,2.0,25.550683,451.61,8.99,-66.27,,0.72,10.0,5660.620239,1608.18,0.43,-39.57,
2023-07-15,605.92,3867.2,2.91,0.08,30289.52,2.0,0.032936,531.43,14154.0,-53.27,,1931.41,10.0,1.236994,232.16,1743.73,-9.72,,251.1,2.0,3.551161,436.97,128.05,-49.0,,27.46,2.0,25.550683,471.79,8.99,-67.24,,0.71,10.0,5660.620239,1588.94,0.43,-39.29,
2023-07-16,605.92,4004.37,137.17,3.55,30231.99,2.0,0.032936,529.54,14154.0,-53.18,,1922.11,10.0,1.236994,220.65,1743.73,-9.28,,242.3,2.0,3.551161,405.72,128.05,-47.15,,27.42,2.0,25.550683,470.77,8.99,-67.2,,0.75,10.0,5660.620239,1771.77,0.43,-41.91,
2023-07-17,605.92,3925.12,-79.25,-1.98,30138.0,2.0,0.032936,526.44,14154.0,-53.04,,1911.2,10.0,1.236994,207.16,1743.73,-8.76,,244.1,2.0,3.551161,412.11,128.05,-47.54,,26.8,2.0,25.550683,454.93,8.99,-66.44,,0.74,10.0,5660.620239,1718.56,0.43,-41.17,
2023-07-18,605.92,4081.84,156.72,3.99,29859.13,2.0,0.032936,517.26,14154.0,-52.6,,1897.21,10.0,1.236994,189.85,1743.73,-8.09,,240.2,2.0,3.551161,398.26,128.05,-46.69,,25.54,2.0,25.550683,422.74,8.99,-64.78,,0.78,10.0,5660.620239,1947.82,0.43,-44.23,
2023-07-19,605.92,4332.43,250.59,6.14,29909.21,2.0,0.032936,518.91,14154.0,-52.68,,1888.63,10.0,1.236994,179.24,1743.73,-7.67,,240.8,2.0,3.551161,400.39,128.05,-46.82,,26.31,2.0,25.550683,442.41,8.99,-65.81,,0.82,10.0,5660.620239,2185.57,0.43,-47.09,
2023-07-20,605.92,4170.36,-162.07,-3.74,29800.0,2.0,0.032936,515.31,14154.0,-52.5,,1891.59,10.0,1.236994,182.9,1743.73,-7.82,,242.8,2.0,3.551161,407.5,128.05,-47.26,,25.38,2.0,25.550683,418.65,8.99,-64.56,,0.79,10.0,5660.620239,2040.09,0.43,-45.38,
2023-07-21,605.92,4050.51,-119.84,-2.87,29901.72,2.0,0.032936,518.66,14154.0,-52.66,,1891.73,10.0,1.236994,183.07,1743.73,-7.82,,243.7,2.0,3.551161,410.69,128.05,-47.46,,25.5,2.0,25.550683,421.71,8.99,-64.73,,0.77,10.0,5660.620239,1910.46,0.43,-43.76,
2023-07-22,605.92,3765.27,-285.24,-7.04,29794.0,2.0,0.032936,515.11,14154.0,-52.49,,1866.52,10.0,1.236994,151.89,1743.73,-6.58,,241.1,2.0,3.551161,401.46,128.05,-46.89,,24.52,2.0,25.550683,396.67,8.99,-63.32,,0.73,10.0,5660.620239,1694.22,0.43,-40.83,
2023-07-23,605.92,3843.39,78.12,2.07,30083.75,2.0,0.032936,524.66,14154.0,-52.95,,1888.73,10.0,1.236994,179.36,1743.73,-7.68,,242.5,2.0,3.551161,406.43,128.05,-47.2,,24.76,2.0,25.550683,402.81,8.99,-63.67,,0.74,10.0,5660.620239,1724.22,0.43,-41.25,
2023-07-24,1100.69,3511.82,-331.57,-8.63,29176.5,,,,,,"EXIT @ 29176.50 (small red CHoCH, realized +28.60)",1850.0,10.0,1.236994,131.45,1743.73,-5.74,,238.9,2.0,3.551161,393.65,128.05,-46.4,,23.37,2.0,25.550683,367.29,8.99,-61.51,,0.7,10.0,5660.620239,1518.74,0.43,-38.21,
2023-07-25,1100.69,3552.98,41.15,1.17,29228.91,,,,,,,1857.66,10.0,1.236994,140.93,1743.73,-6.13,,237.7,2.0,3.551161,389.38,128.05,-46.13,,23.27,2.0,25.550683,364.74,8.99,-61.35,,0.71,10.0,5660.620239,1557.24,0.43,-38.81,
2023-07-26,1100.69,3664.63,111.66,3.14,29351.96,,,,,,,1872.0,10.0,1.236994,158.67,1743.73,-6.85,,239.0,2.0,3.551161,394.0,128.05,-46.42,,25.17,2.0,25.550683,413.28,8.99,-64.26,,0.72,10.0,5660.620239,1597.99,0.43,-39.42,
2023-07-27,1100.69,3642.81,-21.82,-0.6,29222.78,,,,,,,1861.28,10.0,1.236994,145.41,1743.73,-6.32,,240.6,2.0,3.551161,399.68,128.05,-46.78,,25.1,2.0,25.550683,411.49,8.99,-64.16,,0.71,10.0,5660.620239,1585.54,0.43,-39.24,
2023-07-28,1100.69,3645.49,2.68,0.07,29314.14,,,,,,,1874.19,10.0,1.236994,161.38,1743.73,-6.96,,241.9,2.0,3.551161,404.3,128.05,-47.06,,24.82,2.0,25.550683,404.34,8.99,-63.76,,0.71,10.0,5660.620239,1574.78,0.43,-39.07,
2023-07-29,1100.69,3664.53,19.04,0.52,29352.9,,,,,,,1880.46,10.0,1.236994,169.13,1743.73,-7.27,,242.4,2.0,3.551161,406.08,128.05,-47.17,,25.17,2.0,25.550683,413.28,8.99,-64.26,,0.71,10.0,5660.620239,1575.35,0.43,-39.08,
2023-07-30,1100.69,3575.83,-88.7,-2.42,29281.09,,,,,,,1861.79,10.0,1.236994,146.04,1743.73,-6.34,,242.5,2.0,3.551161,406.43,128.05,-47.2,,24.25,2.0,25.550683,389.78,8.99,-62.91,,0.7,10.0,5660.620239,1532.9,0.43,-38.43,
2023-07-31,1100.69,3510.6,-65.23,-1.82,29232.25,,,,,,,1856.14,10.0,1.236994,139.05,1743.73,-6.06,,241.0,2.0,3.551161,401.1,128.05,-46.87,,23.73,2.0,25.550683,376.49,8.99,-62.09,,0.7,10.0,5660.620239,1493.27,0.43,-37.82,
2023-08-01,1100.69,3616.65,106.05,3.02,29705.99,,,,,,,1873.47,10.0,1.236994,160.49,1743.73,-6.93,,247.7,2.0,3.551161,424.9,128.05,-48.3,,24.05,2.0,25.550683,384.67,8.99,-62.6,,0.71,10.0,5660.620239,1545.92,0.43,-38.63,
2023-08-02,1219.65,3403.31,-213.35,-5.9,29186.01,,,,,,,1839.9,,,,,,"EXIT @ 1839.90 (small red CHoCH, realized -120.71)",240.7,2.0,3.551161,400.04,128.05,-46.8,,23.15,2.0,25.550683,361.67,8.99,-61.14,,0.68,10.0,5660.620239,1421.95,0.43,-36.67,
2023-08-03,2865.96,3267.42,-135.89,-3.99,29193.64,,,,,,,1835.81,,,,,,,241.1,2.0,3.551161,401.46,128.05,-46.89,,22.65,,,,,,"EXIT @ 22.65 (small red CHoCH, realized +119.07)",0.66,,,,,,"EXIT @ 0.66 (small red CHoCH, realized +1024.57)"
2023-08-04,2865.96,3269.55,2.13,0.07,29113.99,,,,,,,1830.23,,,,,,,241.7,2.0,3.551161,403.59,128.05,-47.02,,22.8,,,,,,,0.64,,,,,,
2023-08-05,2865.96,3274.87,5.33,0.16,29072.13,,,,,,,1836.48,,,,,,,243.2,2.0,3.551161,408.92,128.05,-47.35,,22.65,,,,,,,0.63,,,,,,
2023-08-06,2865.96,3274.87,0.0,0.0,29088.42,,,,,,,1830.28,,,,,,,243.2,2.0,3.551161,408.92,128.05,-47.35,,23.2,,,,,,,0.62,,,,,,
2023-08-07,2865.96,3270.97,-3.91,-0.12,29211.06,,,,,,,1829.1,,,,,,,242.1,2.0,3.551161,405.01,128.05,-47.11,,23.12,,,,,,,0.62,,,,,,
2023-08-08,2865.96,3281.98,11.01,0.34,29770.42,,,,,,,1856.3,,,,,,,245.2,2.0,3.551161,416.02,128.05,-47.78,,24.22,,,,,,,0.64,,,,,,
2023-08-09,2865.96,3277.0,-4.97,-0.15,29581.99,,,,,,,1855.35,,,,,,,243.8,2.0,3.551161,411.05,128.05,-47.48,,24.38,,,,,,,0.64,,,,,,
2023-08-10,2865.96,3268.84,-8.17,-0.25,29455.75,,,,,,,1852.47,,,,,,,241.5,2.0,3.551161,402.88,128.05,-46.98,,24.62,,,,,,,0.63,,,,,,
2023-08-11,2865.96,3262.45,-6.39,-0.2,29426.03,,,,,,,1848.84,,,,,,,239.7,2.0,3.551161,396.49,128.05,-46.58,,24.62,,,,,,,0.63,,,,,,
2023-08-12,2865.96,3264.58,2.13,0.07,29430.17,,,,,,,1849.93,,,,,,,240.3,2.0,3.551161,398.62,128.05,-46.71,,24.91,,,,,,,0.63,,,,,,
2023-08-13,2865.96,3264.22,-0.36,-0.01,29303.84,,,,,,,1840.73,,,,,,,240.2,2.0,3.551161,398.26,128.05,-46.69,,24.23,,,,,,,0.63,,,,,,
2023-08-14,2865.96,3264.93,0.71,0.02,29430.93,,,,,,,1845.5,,,,,,,240.4,2.0,3.551161,398.97,128.05,-46.73,,25.18,,,,,,,0.63,,,,,,
2023-08-15,3251.79,3251.79,-13.14,-0.4,29200.0,,,,,,,1828.98,,,,,,,236.7,,,,,,"EXIT @ 236.70 (small red CHoCH, realized -68.89)",23.9,,,,,,,0.61,,,,,,
2023-08-16,3251.79,3251.79,0.0,0.0,28730.51,,,,,,,1807.81,,,,,,,232.0,,,,,,,22.82,,,,,,,0.59,,,,,,
2023-08-17,3251.79,3251.79,0.0,0.0,26623.41,,,,,,,1681.49,,,,,,,218.1,,,,,,,21.66,,,,,,,0.51,,,,,,
2023-08-18,3251.79,3251.79,0.0,0.0,26054.0,,,,,,,1661.59,,,,,,,216.1,,,,,,,21.34,,,,,,,0.51,,,,,,
2023-08-19,3251.79,3251.79,0.0,0.0,26100.01,,,,,,,1669.67,,,,,,,216.8,,,,,,,21.9,,,,,,,0.52,,,,,,
2023-08-20,3251.79,3251.79,0.0,0.0,26189.99,,,,,,,1685.24,,,,,,,216.5,,,,,,,21.77,,,,,,,0.54,,,,,,
2023-08-21,3251.79,3251.79,0.0,0.0,26126.92,,,,,,,1667.55,,,,,,,210.4,,,,,,,21.2,,,,,,,0.52,,,,,,
2023-08-22,3251.79,3251.79,0.0,0.0,26056.0,,,,,,,1634.99,,,,,,,210.9,,,,,,,20.59,,,,,,,0.52,,,,,,
2023-08-23,3251.79,3251.79,0.0,0.0,26432.72,,,,,,,1679.61,,,,,,,216.6,,,,,,,21.74,,,,,,,0.53,,,,,,
2023-08-24,3251.79,3251.79,0.0,0.0,26180.05,,,,,,,1661.16,,,,,,,219.0,,,,,,,21.06,,,,,,,0.52,,,,,,
2023-08-25,3251.79,3251.79,0.0,0.0,26060.01,,,,,,,1653.8,,,,,,,218.4,,,,,,,20.42,,,,,,,0.53,,,,,,
2023-08-26,3251.79,3251.79,0.0,0.0,26017.37,,,,,,,1647.04,,,,,,,216.5,,,,,,,20.29,,,,,,,0.52,,,,,,
2023-08-27,3251.79,3251.79,0.0,0.0,26101.77,,,,,,,1658.33,,,,,,,218.4,,,,,,,20.79,,,,,,,0.52,,,,,,
2023-08-28,3251.79,3251.79,0.0,0.0,26120.0,,,,,,,1653.08,,,,,,,218.8,,,,,,,20.56,,,,,,,0.52,,,,,,
2023-08-29,1951.07,3251.79,0.0,0.0,27716.34,2.0,0.04693,650.36,13858.17,-50.0,"ENTRY @ 27716.34 (small green CHoCH, margin $650.36 [20% of portfolio total $3251.79] @ 2x [ADX 32.5, zone red], 0.046930 units)",1729.42,2.0,0.376056,325.18,864.71,-50.0,"ENTRY @ 1729.42 (small green CHoCH, margin $325.18 [10% of portfolio total $3251.79] @ 2x [ADX 48.5, zone red], 0.376056 units)",226.9,,,,,,,21.79,,,,,,,0.54,2.0,1204.813505,325.18,0.27,-50.0,"ENTRY @ 0.54 (small green CHoCH, margin $325.18 [10% of portfolio total $3251.79] @ 2x [ADX 30.9, zone red], 1204.813505 units)"
2023-08-30,1951.07,3209.42,-42.37,-1.3,27299.99,2.0,0.04693,630.82,13858.17,-49.24,,1705.23,2.0,0.376056,316.08,864.71,-49.29,,223.8,,,,,,,20.82,,,,,,,0.53,2.0,1204.813505,311.44,0.27,-48.92,
2023-08-31,1951.07,3102.31,-107.11,-3.34,25940.78,2.0,0.04693,567.03,13858.17,-46.58,,1645.76,2.0,0.376056,293.72,864.71,-47.46,,216.7,,,,,,,19.74,,,,,,,0.51,2.0,1204.813505,290.48,0.27,-47.18,
2023-09-01,2225.89,3074.02,-28.29,-0.91,25805.05,2.0,0.04693,560.66,13858.17,-46.3,,1629.12,2.0,0.376056,287.46,864.71,-46.92,,213.7,,,,,,,19.33,,,,,,,0.5,,,,,,"EXIT @ 0.50 (small red CHoCH, realized -50.36)"
2023-09-02,2225.89,3080.02,6.0,0.2,25869.51,2.0,0.04693,563.69,13858.17,-46.43,,1637.03,2.0,0.376056,290.44,864.71,-47.18,,214.4,,,,,,,19.5,,,,,,,0.5,,,,,,
2023-09-03,2225.89,3084.34,4.33,0.14,25971.21,2.0,0.04693,568.46,13858.17,-46.64,,1635.84,2.0,0.376056,289.99,864.71,-47.14,,214.4,,,,,,,19.57,,,,,,,0.5,,,,,,
2023-09-04,2225.89,3075.52,-8.82,-0.29,25826.02,2.0,0.04693,561.65,13858.17,-46.34,,1630.51,2.0,0.376056,287.98,864.71,-46.97,,215.2,,,,,,,19.52,,,,,,,0.51,,,,,,
2023-09-05,2225.89,3075.41,-0.11,-0.0,25792.1,2.0,0.04693,560.05,13858.17,-46.27,,1634.45,2.0,0.376056,289.47,864.71,-47.09,,214.6,,,,,,,20.26,,,,,,,0.51,,,,,,
2023-09-06,2784.44,3073.41,-2.0,-0.06,25759.95,,,,,,"EXIT @ 25759.95 (small red CHoCH, realized -91.81)",1633.15,2.0,0.376056,288.98,864.71,-47.05,,215.2,,,,,,,19.64,,,,,,,0.5,,,,,,
2023-09-07,2784.44,3079.04,5.63,0.18,26255.0,,,,,,,1648.11,2.0,0.376056,294.6,864.71,-47.53,,217.1,,,,,,,19.92,,,,,,,0.5,,,,,,
2023-09-08,2784.44,3074.65,-4.39,-0.14,25910.5,,,,,,,1636.44,2.0,0.376056,290.21,864.71,-47.16,,214.7,,,,,,,19.61,,,,,,,0.5,,,,,,
2023-09-09,2784.44,3074.31,-0.34,-0.01,25901.61,,,,,,,1635.54,2.0,0.376056,289.88,864.71,-47.13,,214.1,,,,,,,19.44,,,,,,,0.5,,,,,,
2023-09-10,2784.44,3067.5,-6.81,-0.22,25841.61,,,,,,,1617.42,2.0,0.376056,283.06,864.71,-46.54,,212.4,,,,,,,18.24,,,,,,,0.5,,,,,,
2023-09-11,3042.84,3042.84,-24.66,-0.8,25162.52,,,,,,,1551.85,,,,,,"EXIT @ 1551.85 (small red CHoCH, realized -66.78)",206.1,,,,,,,17.72,,,,,,,0.47,,,,,,
2023-09-12,3042.84,3042.84,0.0,0.0,25840.1,,,,,,,1592.97,,,,,,,210.7,,,,,,,17.92,,,,,,,0.48,,,,,,
2023-09-13,3042.84,3042.84,0.0,0.0,26222.0,,,,,,,1607.62,,,,,,,212.5,,,,,,,18.4,,,,,,,0.48,,,,,,
2023-09-14,3042.84,3042.84,0.0,0.0,26522.73,,,,,,,1626.47,,,,,,,212.2,,,,,,,18.85,,,,,,,0.49,,,,,,
2023-09-15,3042.84,3042.84,0.0,0.0,26600.0,,,,,,,1641.29,,,,,,,214.1,,,,,,,19.14,,,,,,,0.5,,,,,,
2023-09-16,3042.84,3042.84,0.0,0.0,26559.67,,,,,,,1634.4,,,,,,,214.9,,,,,,,19.12,,,,,,,0.5,,,,,,
2023-09-17,3042.84,3042.84,0.0,0.0,26527.51,,,,,,,1622.48,,,,,,,216.5,,,,,,,18.81,,,,,,,0.49,,,,,,
2023-09-18,3042.84,3042.84,0.0,0.0,26762.51,,,,,,,1636.66,,,,,,,216.0,,,,,,,19.64,,,,,,,0.5,,,,,,
2023-09-19,2738.56,3042.84,0.0,0.0,27210.26,,,,,,,1643.12,,,,,,,217.2,,,,,,,20.03,,,,,,,0.51,2.0,1183.985071,304.28,0.26,-50.0,"ENTRY @ 0.51 (small green CHoCH, margin $304.28 [10% of portfolio total $3042.84] @ 2x [ADX 30.9, zone red], 1183.985071 units)"
2023-09-20,2738.56,3051.37,8.52,0.28,27125.0,,,,,,,1622.26,,,,,,,214.4,,,,,,,20.29,,,,,,,0.52,2.0,1183.985071,312.81,0.26,-50.69,
2023-09-21,2738.56,3034.67,-16.69,-0.55,26568.08,,,,,,,1583.94,,,,,,,210.8,,,,,,,19.46,,,,,,,0.51,2.0,1183.985071,296.11,0.26,-49.32,
2023-09-22,2738.56,3040.71,6.04,0.2,26580.14,,,,,,,1593.08,,,,,,,211.1,,,,,,,19.43,,,,,,,0.51,2.0,1183.985071,302.15,0.26,-49.82,
2023-09-23,2738.56,3035.26,-5.45,-0.18,26575.96,,,,,,,1593.86,,,,,,,210.5,,,,,,,19.49,,,,,,,0.51,2.0,1183.985071,296.71,0.26,-49.37,
2023-09-24,2738.56,3028.75,-6.51,-0.21,26248.38,,,,,,,1580.71,,,,,,,208.3,,,,,,,19.36,,,,,,,0.5,2.0,1183.985071,290.19,0.26,-48.81,
2023-09-25,2738.56,3032.9,4.14,0.14,26304.81,,,,,,,1588.33,,,,,,,209.9,,,,,,,19.39,,,,,,,0.51,2.0,1183.985071,294.34,0.26,-49.17,
2023-09-26,2738.56,3028.52,-4.38,-0.14,26221.67,,,,,,,1594.01,,,,,,,212.6,,,,,,,19.03,,,,,,,0.5,2.0,1183.985071,289.96,0.26,-48.79,
2023-09-27,2738.56,3025.44,-3.08,-0.1,26372.99,,,,,,,1598.64,,,,,,,212.0,,,,,,,19.14,,,,,,,0.5,2.0,1183.985071,286.88,0.26,-48.53,
2023-09-28,2738.56,3037.87,12.43,0.41,27021.39,,,,,,,1652.99,,,,,,,215.0,,,,,,,19.96,,,,,,,0.51,2.0,1183.985071,299.31,0.26,-49.59,
2023-09-29,2738.56,3051.72,13.85,0.46,26906.96,,,,,,,1667.45,,,,,,,215.2,,,,,,,20.28,,,,,,,0.52,2.0,1183.985071,313.16,0.26,-50.72,
2023-09-30,2129.78,3043.91,-7.81,-0.26,26962.56,,,,,,,1670.89,2.0,0.364346,304.39,835.44,-50.0,"ENTRY @ 1670.89 (small green CHoCH, margin $304.39 [10% of portfolio total $3043.91] @ 2x [ADX 32.4, zone red], 0.364346 units)",214.6,,,,,,,21.37,10.0,142.438335,304.39,19.23,-10.0,"ENTRY @ 21.37 (small green CHoCH, margin $304.39 [10% of portfolio total $3043.91] @ 10x [ADX 13.2, zone green], 142.438335 units)",0.51,2.0,1183.985071,305.35,0.26,-50.09,
2023-10-01,1443.01,3433.81,389.91,12.81,27992.57,10.0,0.245337,686.76,25193.31,-10.0,"ENTRY @ 27992.57 (small green CHoCH, margin $686.76 [20% of portfolio total $3433.81] @ 10x [ADX 15.7, zone green], 0.245337 units)",1733.79,2.0,0.364346,327.31,835.44,-51.81,,218.2,,,,,,,23.87,10.0,142.438335,660.49,19.23,-19.43,,0.52,2.0,1183.985071,316.24,0.26,-50.96,
2023-10-02,1443.01,3200.42,-233.39,-6.8,27494.51,10.0,0.245337,564.57,25193.31,-8.37,,1662.4,2.0,0.364346,301.3,835.44,-49.74,,214.6,,,,,,,23.37,10.0,142.438335,589.27,19.23,-17.7,,0.51,2.0,1183.985071,302.27,0.26,-49.83,
2023-10-03,1443.01,3246.09,45.67,1.43,27426.46,10.0,0.245337,547.87,25193.31,-8.14,,1656.88,2.0,0.364346,299.29,835.44,-49.58,,213.5,,,,,,,23.6,10.0,142.438335,622.03,19.23,-18.5,,0.54,2.0,1183.985071,333.88,0.26,-52.32,
2023-10-04,1443.01,3254.2,8.11,0.25,27778.57,10.0,0.245337,634.26,25193.31,-9.31,,1646.58,2.0,0.364346,295.53,835.44,-49.26,,213.4,,,,,,,23.13,10.0,142.438335,555.08,19.23,-16.85,,0.53,2.0,1183.985071,326.31,0.26,-51.75,
2023-10-05,1443.01,3078.22,-175.97,-5.41,27410.39,10.0,0.245337,543.93,25193.31,-8.09,,1611.79,2.0,0.364346,282.86,835.44,-48.17,,210.6,,,,,,,22.7,10.0,142.438335,493.83,19.23,-15.27,,0.52,2.0,1183.985071,314.58,0.26,-50.83,
2023-10-06,1443.01,3322.53,244.3,7.94,27931.09,10.0,0.245337,671.68,25193.31,-9.8,,1645.03,2.0,0.364346,294.97,835.44,-49.21,,213.4,,,,,,,23.41,10.0,142.438335,594.96,19.23,-17.84,,0.53,2.0,1183.985071,317.9,0.26,-51.09,
2023-10-07,1443.01,3304.34,-18.19,-0.55,27956.67,10.0,0.245337,677.95,25193.31,-9.88,,1633.57,2.0,0.364346,290.79,835.44,-48.86,,212.3,,,,,,,23.3,10.0,142.438335,579.3,19.23,-17.45,,0.52,2.0,1183.985071,313.28,0.26,-50.73,
2023-10-08,1443.01,3277.99,-26.35,-0.8,27917.05,10.0,0.245337,668.23,25193.31,-9.76,,1632.84,2.0,0.364346,290.53,835.44,-48.83,,211.4,,,,,,,23.22,10.0,142.438335,567.9,19.23,-17.17,,0.52,2.0,1183.985071,308.31,0.26,-50.33,
2023-10-09,1443.01,3001.64,-276.35,-8.43,27590.12,10.0,0.245337,588.03,25193.31,-8.69,,1580.13,2.0,0.364346,271.32,835.44,-47.13,,205.8,,,,,,,22.1,10.0,142.438335,408.37,19.23,-12.97,,0.5,2.0,1183.985071,290.91,0.26,-48.88,
2023-10-10,1443.01,2942.1,-59.54,-1.98,27390.12,10.0,0.245337,538.96,25193.31,-8.02,,1567.63,2.0,0.364346,266.77,835.44,-46.71,,208.6,,,,,,,22.11,10.0,142.438335,409.8,19.23,-13.01,,0.5,2.0,1183.985071,283.56,0.26,-48.24,
2023-10-11,2130.17,2792.21,-149.89,-5.09,26875.52,,,,,,"EXIT @ 26875.52 (small red CHoCH, realized -274.05)",1566.87,2.0,0.364346,266.49,835.44,-46.68,,206.6,,,,,,,22.01,10.0,142.438335,395.55,19.23,-12.62,,0.49,,,,,,"EXIT @ 0.49 (small red CHoCH, realized -29.84)"
2023-10-12,2386.73,2678.3,-113.91,-4.08,26759.63,,,,,,,1539.61,,,,,,"EXIT @ 1539.61 (small red CHoCH, realized -47.83)",205.1,,,,,,,21.28,10.0,142.438335,291.57,19.23,-9.62,,0.48,,,,,,
2023-10-13,2386.73,2758.07,79.77,2.98,26862.0,,,,,,,1552.16,,,,,,,206.1,,,,,,,21.84,10.0,142.438335,371.34,19.23,-11.94,,0.49,,,,,,
2023-10-14,2386.73,2780.86,22.79,0.83,26852.48,,,,,,,1554.94,,,,,,,206.5,,,,,,,22.0,10.0,142.438335,394.13,19.23,-12.58,,0.49,,,,,,
2023-10-15,2386.73,2770.89,-9.97,-0.36,27154.15,,,,,,,1557.77,,,,,,,209.7,,,,,,,21.93,10.0,142.438335,384.16,19.23,-12.3,,0.49,,,,,,
2023-10-16,1469.15,3058.61,287.73,10.38,28500.78,10.0,0.214633,611.72,25650.7,-10.0,"ENTRY @ 28500.78 (small green CHoCH, margin $611.72 [20% of portfolio total $3058.61] @ 10x [ADX 21.0, zone green], 0.214633 units)",1599.42,,,,,,,214.6,2.0,2.850522,305.86,107.3,-50.0,"ENTRY @ 214.60 (small green CHoCH, margin $305.86 [10% of portfolio total $3058.61] @ 2x [ADX 16.9, zone red], 2.850522 units)",23.95,10.0,142.438335,671.88,19.23,-19.7,,0.5,,,,,,
2023-10-17,1469.15,3024.13,-34.48,-1.13,28395.91,10.0,0.214633,589.21,25650.7,-9.67,,1565.01,,,,,,,211.4,2.0,2.850522,296.74,107.3,-49.24,,23.93,10.0,142.438335,669.03,19.23,-19.63,,0.49,,,,,,
2023-10-18,1469.15,2931.77,-92.36,-3.05,28320.0,10.0,0.214633,572.92,25650.7,-9.43,,1563.44,,,,,,,210.2,2.0,2.850522,293.32,107.3,-48.95,,23.42,10.0,142.438335,596.39,19.23,-17.88,,0.49,,,,,,
2023-10-19,1469.15,3234.21,302.44,10.32,28713.71,10.0,0.214633,657.42,25650.7,-10.67,,1566.57,,,,,,,211.2,2.0,2.850522,296.17,107.3,-49.2,,24.93,10.0,142.438335,811.47,19.23,-22.85,,0.52,,,,,,
2023-10-20,1469.15,3740.94,506.73,15.67,29669.04,10.0,0.214633,862.47,25650.7,-13.54,,1603.89,,,,,,,212.1,2.0,2.850522,298.73,107.3,-49.41,,27.03,10.0,142.438335,1110.59,19.23,-28.85,,0.51,,,,,,
2023-10-21,1469.15,4124.79,383.85,10.26,29909.8,10.0,0.214633,914.14,25650.7,-14.24,,1628.94,,,,,,,214.2,2.0,2.850522,304.72,107.3,-49.91,,29.32,10.0,142.438335,1436.78,19.23,-34.4,,0.52,,,,,,
2023-10-22,1469.15,4114.33,-10.45,-0.25,29992.46,10.0,0.214633,931.89,25650.7,-14.48,,1663.7,,,,,,,217.8,2.0,2.850522,314.98,107.3,-50.73,,29.05,10.0,142.438335,1398.32,19.23,-33.79,,0.52,,,,,,
2023-10-23,948.3,5208.47,1094.14,26.59,33069.99,10.0,0.214633,1592.43,25650.7,-22.44,,1765.46,5.0,1.475104,520.85,1412.37,-20.0,"ENTRY @ 1765.46 (small green CHoCH, margin $520.85 [10% of portfolio total $5208.47] @ 5x [ADX 22.7, zone green], 1.475104 units)",228.5,2.0,2.850522,345.48,107.3,-53.04,,31.88,10.0,142.438335,1801.42,19.23,-39.67,,0.55,,,,,,
2023-10-24,431.57,5167.32,-41.16,-0.79,33922.73,10.0,0.214633,1775.45,25650.7,-24.38,,1784.98,5.0,1.475104,549.64,1412.37,-20.87,,225.2,2.0,2.850522,336.08,107.3,-52.35,,30.17,10.0,142.438335,1557.85,19.23,-36.25,,0.56,5.0,4623.584953,516.73,0.45,-20.0,"ENTRY @ 0.56 (small green CHoCH, margin $516.73 [10% of portfolio total $5167.32] @ 5x [ADX 27.2, zone green], 4623.584953 units)"
2023-10-25,431.57,5591.43,424.11,8.21,34496.05,10.0,0.214633,1898.51,25650.7,-25.64,,1787.15,5.0,1.475104,552.84,1412.37,-20.97,,222.1,2.0,2.850522,327.24,107.3,-51.69,,32.44,10.0,142.438335,1881.18,19.23,-40.71,,0.56,5.0,4623.584953,500.09,0.45,-19.48,
2023-10-26,431.57,5582.81,-8.62,-0.15,34151.66,10.0,0.214633,1824.59,25650.7,-24.89,,1803.38,5.0,1.475104,576.78,1412.37,-21.68,,223.2,2.0,2.850522,330.38,107.3,-51.93,,32.77,10.0,142.438335,1928.19,19.23,-41.31,,0.55,5.0,4623.584953,491.3,0.45,-19.2,
2023-10-27,431.57,5298.51,-284.29,-5.09,33892.02,10.0,0.214633,1768.86,25650.7,-24.32,,1779.4,5.0,1.475104,541.41,1412.37,-20.63,,224.1,2.0,2.850522,332.94,107.3,-52.12,,31.73,10.0,142.438335,1780.05,19.23,-39.39,,0.54,5.0,4623.584953,443.68,0.45,-17.67,
2023-10-28,431.57,5332.07,33.56,0.63,34081.0,10.0,0.214633,1809.42,25650.7,-24.74,,1776.2,5.0,1.475104,536.69,1412.37,-20.48,,225.7,2.0,2.850522,337.5,107.3,-52.46,,31.63,10.0,142.438335,1765.81,19.23,-39.19,,0.54,5.0,4623.584953,451.08,0.45,-17.91,
2023-10-29,431.57,5683.58,351.51,6.59,34525.89,10.0,0.214633,1904.91,25650.7,-25.71,,1795.14,5.0,1.475104,564.63,1412.37,-21.32,,227.1,2.0,2.850522,341.49,107.3,-52.75,,32.83,10.0,142.438335,1936.73,19.23,-41.42,,0.56,5.0,4623.584953,504.25,0.45,-19.61,
2023-10-30,431.57,6097.47,413.89,7.28,34474.73,10.0,0.214633,1893.93,25650.7,-25.6,,1809.04,5.0,1.475104,585.13,1412.37,-21.93,,228.0,2.0,2.850522,344.06,107.3,-52.94,,34.94,10.0,142.438335,2237.28,19.23,-44.95,,0.58,5.0,4623.584953,605.5,0.45,-22.66,
2023-10-31,431.57,6728.78,631.3,10.35,34639.77,10.0,0.214633,1929.35,25650.7,-25.95,,1814.67,5.0,1.475104,593.44,1412.37,-22.17,,226.2,2.0,2.850522,338.93,107.3,-52.56,,38.4,10.0,142.438335,2730.12,19.23,-49.91,,0.6,5.0,4623.584953,705.37,0.45,-25.44,
2023-11-01,431.57,7381.92,653.15,9.71,35421.43,10.0,0.214633,2097.13,25650.7,-27.58,,1846.99,5.0,1.475104,641.11,1412.37,-23.53,,227.9,2.0,2.850522,343.77,107.3,-52.92,,41.15,10.0,142.438335,3121.82,19.23,-53.26,,0.61,5.0,4623.584953,746.52,0.45,-26.53,
2023-11-02,431.57,7076.82,-305.1,-4.13,34941.59,10.0,0.214633,1994.14,25650.7,-26.59,,1800.8,5.0,1.475104,572.98,1412.37,-21.57,,231.9,2.0,2.850522,355.18,107.3,-53.73,,40.23,10.0,142.438335,2990.78,19.23,-52.19,,0.61,5.0,4623.584953,732.19,0.45,-26.16,
2023-11-03,431.57,6990.67,-86.15,-1.22,34716.78,10.0,0.214633,1945.88,25650.7,-26.11,,1832.71,5.0,1.475104,620.05,1412.37,-22.94,,230.2,2.0,2.850522,350.33,107.3,-53.39,,39.45,10.0,142.438335,2879.68,19.23,-51.25,,0.61,5.0,4623.584953,763.17,0.45,-26.97,
2023-11-04,431.57,7552.69,562.02,8.04,35062.07,10.0,0.214633,2019.99,25650.7,-26.84,,1855.54,5.0,1.475104,653.72,1412.37,-23.88,,237.1,2.0,2.850522,370.0,107.3,-54.74,,42.41,10.0,142.438335,3301.29,19.23,-54.65,,0.61,5.0,4623.584953,776.11,0.45,-27.3,
2023-11-05,431.57,7647.23,94.54,1.25,35011.88,10.0,0.214633,2009.22,25650.7,-26.74,,1891.71,5.0,1.475104,707.08,1412.37,-25.34,,244.0,2.0,2.850522,389.67,107.3,-56.02,,41.15,10.0,142.438335,3121.82,19.23,-53.26,,0.66,5.0,4623.584953,987.88,0.45,-32.34,
2023-11-06,431.57,8093.84,446.61,5.84,35046.09,10.0,0.214633,2016.56,25650.7,-26.81,,1900.95,5.0,1.475104,720.71,1412.37,-25.7,,255.1,2.0,2.850522,421.31,107.3,-57.94,,42.16,10.0,142.438335,3265.68,19.23,-54.38,,0.71,5.0,4623.584953,1238.01,0.45,-37.46,
2023-11-07,431.57,8093.01,-0.83,-0.01,35399.12,10.0,0.214633,2092.34,25650.7,-27.54,,1885.27,5.0,1.475104,697.58,1412.37,-25.08,,246.2,2.0,2.850522,395.94,107.3,-56.42,,42.93,10.0,142.438335,3375.36,19.23,-55.2,,0.68,5.0,4623.584953,1100.23,0.45,-34.74,
2023-11-08,431.57,8184.33,91.32,1.13,35624.72,10.0,0.214633,2140.76,25650.7,-28.0,,1888.12,5.0,1.475104,701.78,1412.37,-25.2,,246.7,2.0,2.850522,397.36,107.3,-56.51,,43.13,10.0,142.438335,3403.85,19.23,-55.41,,0.69,5.0,4623.584953,1109.01,0.45,-34.92,
2023-11-09,431.57,8986.67,802.33,9.8,36701.09,10.0,0.214633,2371.78,25650.7,-30.11,,2121.32,5.0,1.475104,1045.78,1412.37,-33.42,,251.6,2.0,2.850522,411.33,107.3,-57.35,,45.29,10.0,142.438335,3711.52,19.23,-57.53,,0.67,5.0,4623.584953,1014.69,0.45,-32.93,
2023-11-10,431.57,10638.12,1651.45,18.38,37301.63,10.0,0.214633,2500.68,25650.7,-31.23,,2077.72,5.0,1.475104,981.46,1412.37,-32.02,,251.0,2.0,2.850522,409.62,107.3,-57.25,,56.67,10.0,142.438335,5332.46,19.23,-66.06,,0.66,5.0,4623.584953,982.33,0.45,-32.22,
2023-11-11,431.57,10533.82,-104.3,-0.98,37130.0,10.0,0.214633,2463.84,25650.7,-30.92,,2053.17,5.0,1.475104,945.25,1412.37,-31.21,,251.5,2.0,2.850522,411.05,107.3,-57.34,,56.34,10.0,142.438335,5285.46,19.23,-65.86,,0.66,5.0,4623.584953,996.66,0.45,-32.53,
2023-11-12,431.57,10480.92,-52.91,-0.5,37064.13,10.0,0.214633,2449.7,25650.7,-30.79,,2044.68,5.0,1.475104,932.73,1412.37,-30.92,,247.4,2.0,2.850522,399.36,107.3,-56.63,,56.28,10.0,142.438335,5276.91,19.23,-65.83,,0.66,5.0,4623.584953,990.65,0.45,-32.4,
2023-11-13,431.57,9721.69,-759.23,-7.24,36462.93,10.0,0.214633,2320.67,25650.7,-29.65,,2053.65,5.0,1.475104,945.96,1412.37,-31.23,,241.1,2.0,2.850522,381.4,107.3,-55.5,,51.6,10.0,142.438335,4610.3,19.23,-62.73,,0.67,5.0,4623.584953,1031.8,0.45,-33.3,
2023-11-14,431.57,9974.27,252.58,2.6,35551.19,10.0,0.214633,2124.98,25650.7,-27.85,,1979.39,5.0,1.475104,836.42,1412.37,-28.65,,242.3,2.0,2.850522,384.82,107.3,-55.72,,56.81,10.0,142.438335,5352.41,19.23,-66.15,,0.63,5.0,4623.584953,844.08,0.45,-29.0,
2023-11-15,431.57,11931.94,1957.68,19.63,37858.2,10.0,0.214633,2620.14,25650.7,-32.25,,2058.48,5.0,1.475104,953.08,1412.37,-31.39,,253.7,2.0,2.850522,417.32,107.3,-57.71,,65.43,10.0,142.438335,6580.22,19.23,-70.61,,0.65,5.0,4623.584953,929.62,0.45,-31.02,
2023-11-16,431.57,10140.02,-1791.93,-15.02,36163.51,10.0,0.214633,2256.4,25650.7,-29.07,,1961.77,5.0,1.475104,810.43,1412.37,-28.01,,242.7,2.0,2.850522,385.96,107.3,-55.79,,57.8,10.0,142.438335,5493.42,19.23,-66.72,,0.61,5.0,4623.584953,762.24,0.45,-26.94,
2023-11-17,431.57,10349.16,209.15,2.06,36613.92,10.0,0.214633,2353.07,25650.7,-29.94,,1960.82,5.0,1.475104,809.02,1412.37,-27.97,,244.9,2.0,2.850522,392.23,107.3,-56.19,,58.51,10.0,142.438335,5594.55,19.23,-67.13,,0.61,5.0,4623.584953,768.72,0.45,-27.11,
2023-11-18,431.57,10336.31,-12.86,-0.12,36568.1,10.0,0.214633,2343.24,25650.7,-29.85,,1962.6,5.0,1.475104,811.65,1412.37,-28.04,,244.8,2.0,2.850522,391.95,107.3,-56.17,,58.56,10.0,142.438335,5601.67,19.23,-67.16,,0.61,5.0,4623.584953,756.23,0.45,-26.79,
2023-11-19,431.57,11014.97,678.66,6.57,37359.86,10.0,0.214633,2513.18,25650.7,-31.34,,2011.47,5.0,1.475104,883.74,1412.37,-29.78,,246.4,2.0,2.850522,396.51,107.3,-56.45,,61.1,10.0,142.438335,5963.47,19.23,-68.52,,0.63,5.0,4623.584953,826.51,0.45,-28.57,
2023-11-20,431.57,10359.67,-655.29,-5.95,37448.78,10.0,0.214633,2532.26,25650.7,-31.5,,2021.4,5.0,1.475104,898.39,1412.37,-30.13,,253.1,2.0,2.850522,415.61,107.3,-57.61,,56.57,10.0,142.438335,5318.22,19.23,-66.0,,0.61,5.0,4623.584953,763.63,0.45,-26.98,
2023-11-21,768.5,8928.98,-1430.69,-13.81,35741.65,10.0,0.214633,2165.86,25650.7,-28.23,,1933.01,5.0,1.475104,768.0,1412.37,-26.93,,225.5,,,,,,"EXIT @ 225.50 (small red CHoCH, realized +31.07)",51.65,10.0,142.438335,4617.42,19.23,-62.76,,0.58,5.0,4623.584953,609.2,0.45,-22.76,
2023-11-22,768.5,10469.0,1540.01,17.25,37408.34,10.0,0.214633,2523.58,25650.7,-31.43,,2063.21,5.0,1.475104,960.06,1412.37,-31.55,,236.1,,,,,,,57.56,10.0,142.438335,5459.23,19.23,-66.59,,0.61,5.0,4623.584953,757.62,0.45,-26.82,
2023-11-23,768.5,10339.7,-129.3,-1.24,37294.28,10.0,0.214633,2499.1,25650.7,-31.22,,2062.2,5.0,1.475104,958.57,1412.37,-31.51,,233.8,,,,,,,56.51,10.0,142.438335,5309.67,19.23,-65.97,,0.62,5.0,4623.584953,803.86,0.45,-28.0,
2023-11-24,768.5,10508.43,168.73,1.63,37713.57,10.0,0.214633,2589.1,25650.7,-31.99,,2080.84,5.0,1.475104,986.07,1412.37,-32.13,,232.7,,,,,,,56.86,10.0,142.438335,5359.53,19.23,-66.17,,0.62,5.0,4623.584953,805.24,0.45,-28.04,
2023-11-25,768.5,10812.73,304.3,2.9,37780.67,10.0,0.214633,2603.5,25650.7,-32.11,,2083.09,5.0,1.475104,989.38,1412.37,-32.2,,234.4,,,,,,,58.82,10.0,142.438335,5638.71,19.23,-67.3,,0.62,5.0,4623.584953,812.64,0.45,-28.22,
2023-11-26,768.5,10499.7,-313.02,-2.89,37447.43,10.0,0.214633,2531.97,25650.7,-31.5,,2062.33,5.0,1.475104,958.76,1412.37,-31.52,,231.7,,,,,,,57.57,10.0,142.438335,5460.66,19.23,-66.59,,0.62,5.0,4623.584953,779.81,0.45,-27.39,
2023-11-27,768.5,9992.31,-507.4,-4.83,37242.7,10.0,0.214633,2488.03,25650.7,-31.13,,2027.5,5.0,1.475104,907.38,1412.37,-30.34,,227.2,,,,,,,55.06,10.0,142.438335,5103.14,19.23,-65.07,,0.6,5.0,4623.584953,725.26,0.45,-25.97,
2023-11-28,768.5,10622.27,629.96,6.3,37818.87,10.0,0.214633,2611.7,25650.7,-32.17,,2048.14,5.0,1.475104,937.83,1412.37,-31.04,,229.6,,,,,,,58.18,10.0,142.438335,5547.55,19.23,-66.94,,0.61,5.0,4623.584953,756.7,0.45,-26.8,
2023-11-29,768.5,10754.99,132.72,1.25,37854.64,10.0,0.214633,2619.37,25650.7,-32.24,,2028.81,5.0,1.475104,909.32,1412.37,-30.38,,227.3,,,,,,,59.31,10.0,142.438335,5708.5,19.23,-67.57,,0.61,5.0,4623.584953,749.3,0.45,-26.61,
2023-11-30,768.5,10746.72,-8.27,-0.08,37723.96,10.0,0.214633,2591.33,25650.7,-32.0,,2051.96,5.0,1.475104,943.46,1412.37,-31.17,,227.6,,,,,,,59.3,10.0,142.438335,5707.08,19.23,-67.57,,0.61,5.0,4623.584953,736.35,0.45,-26.27,
2023-12-01,768.5,11097.26,350.54,3.26,38682.52,10.0,0.214633,2797.06,25650.7,-33.69,,2087.24,5.0,1.475104,995.51,1412.37,-32.33,,228.5,,,,,,,59.75,10.0,142.438335,5771.17,19.23,-67.81,,0.61,5.0,4623.584953,765.02,0.45,-27.01,
2023-12-02,768.5,11971.69,874.43,7.88,39450.35,10.0,0.214633,2961.87,25650.7,-34.98,,2164.74,5.0,1.475104,1109.83,1412.37,-34.76,,229.0,,,,,,,63.66,10.0,142.438335,6328.11,19.23,-69.79,,0.62,5.0,4623.584953,803.39,0.45,-27.99,
2023-12-03,768.5,12038.18,66.48,0.56,39972.26,10.0,0.214633,3073.89,25650.7,-35.83,,2192.95,5.0,1.475104,1151.44,1412.37,-35.6,,228.1,,,,,,,62.98,10.0,142.438335,6231.25,19.23,-69.46,,0.62,5.0,4623.584953,813.1,0.45,-28.23,
2023-12-04,768.5,12362.39,324.22,2.69,41991.1,10.0,0.214633,3507.2,25650.7,-38.91,,2243.37,5.0,1.475104,1225.81,1412.37,-37.04,,233.5,,,,,,,61.64,10.0,142.438335,6040.38,19.23,-68.8,,0.62,5.0,4623.584953,820.5,0.45,-28.42,
2023-12-05,768.5,12779.93,417.54,3.38,44073.32,10.0,0.214633,3954.11,25650.7,-41.8,,2293.33,5.0,1.475104,1299.51,1412.37,-38.41,,231.2,,,,,,,61.03,10.0,142.438335,5953.5,19.23,-68.49,,0.62,5.0,4623.584953,804.32,0.45,-28.01,
2023-12-06,768.5,12828.47,48.54,0.38,43762.69,10.0,0.214633,3887.44,25650.7,-41.39,,2232.7,5.0,1.475104,1210.08,1412.37,-36.74,,229.4,,,,,,,61.85,10.0,142.438335,6070.29,19.23,-68.9,,0.64,5.0,4623.584953,892.17,0.45,-30.15,
2023-12-07,768.5,13758.64,930.17,7.25,43273.14,10.0,0.214633,3782.36,25650.7,-40.72,,2355.73,5.0,1.475104,1391.56,1412.37,-40.05,,232.6,,,,,,,67.74,10.0,142.438335,6909.26,19.23,-71.61,,0.64,5.0,4623.584953,906.96,0.45,-30.5,
2023-12-08,768.5,15114.94,1356.3,9.86,44170.99,10.0,0.214633,3975.07,25650.7,-41.93,,2358.72,5.0,1.475104,1395.97,1412.37,-40.12,,238.9,,,,,,,74.94,10.0,142.438335,7934.81,19.23,-74.34,,0.67,5.0,4623.584953,1040.58,0.45,-33.49,
2023-12-09,768.5,14550.49,-564.44,-3.73,43713.6,10.0,0.214633,3876.9,25650.7,-41.32,,2340.49,5.0,1.475104,1369.08,1412.37,-39.66,,237.7,,,,,,,72.3,10.0,142.438335,7558.78,19.23,-73.4,,0.66,5.0,4623.584953,977.24,0.45,-32.1,
2023-12-10,768.5,14965.66,415.17,2.85,43789.51,10.0,0.214633,3893.2,25650.7,-41.42,,2352.39,5.0,1.475104,1386.63,1412.37,-39.96,,239.8,,,,,,,74.87,10.0,142.438335,7924.84,19.23,-74.31,,0.66,5.0,4623.584953,992.5,0.45,-32.44,
2023-12-11,768.5,13376.71,-1588.95,-10.62,41253.4,10.0,0.214633,3348.86,25650.7,-37.82,,2225.12,5.0,1.475104,1198.89,1412.37,-36.53,,246.4,,,,,,,70.25,10.0,142.438335,7266.78,19.23,-72.62,,0.62,5.0,4623.584953,793.68,0.45,-27.75,
2023-12-12,768.5,13163.35,-213.37,-1.6,41492.39,10.0,0.214633,3400.16,25650.7,-38.18,,2203.46,5.0,1.475104,1166.94,1412.37,-35.9,,254.6,,,,,,,68.6,10.0,142.438335,7031.75,19.23,-71.96,,0.62,5.0,4623.584953,796.0,0.45,-27.8,
2023-12-13,768.5,13868.56,705.21,5.36,42869.03,10.0,0.214633,3695.63,25650.7,-40.16,,2260.16,5.0,1.475104,1250.58,1412.37,-37.51,,252.0,,,,,,,70.62,10.0,142.438335,7319.48,19.23,-72.77,,0.63,5.0,4623.584953,834.37,0.45,-28.76,
2023-12-14,768.5,14722.51,853.95,6.16,43022.26,10.0,0.214633,3728.52,25650.7,-40.38,,2315.32,5.0,1.475104,1331.95,1412.37,-39.0,,253.3,,,,,,,75.68,10.0,142.438335,8040.22,19.23,-74.59,,0.63,5.0,4623.584953,853.33,0.45,-29.22,
2023-12-15,768.5,13824.91,-897.6,-6.1,41940.3,10.0,0.214633,3496.29,25650.7,-38.84,,2220.5,5.0,1.475104,1192.08,1412.37,-36.39,,244.9,,,,,,,72.51,10.0,142.438335,7588.69,19.23,-73.48,,0.62,5.0,4623.584953,779.35,0.45,-27.38,
2023-12-16,768.5,14103.96,279.05,2.02,42278.03,10.0,0.214633,3568.78,25650.7,-39.33,,2228.96,5.0,1.475104,1204.56,1412.37,-36.64,,244.4,,,,,,,73.72,10.0,142.438335,7761.04,19.23,-73.91,,0.62,5.0,4623.584953,801.08,0.45,-27.93,
2023-12-17,768.5,13410.02,-693.93,-4.92,41374.65,10.0,0.214633,3374.89,25650.7,-38.0,,2196.52,5.0,1.475104,1156.71,1412.37,-35.7,,238.8,,,,,,,70.87,10.0,142.438335,7355.09,19.23,-72.86,,0.61,5.0,4623.584953,754.85,0.45,-26.75,
2023-12-18,768.5,14235.05,825.03,6.15,42657.8,10.0,0.214633,3650.29,25650.7,-39.87,,2219.43,5.0,1.475104,1190.5,1412.37,-36.36,,241.7,,,,,,,74.42,10.0,142.438335,7860.74,19.23,-74.16,,0.61,5.0,4623.584953,765.02,0.45,-27.01,
2023-12-19,768.5,13853.53,-381.52,-2.68,42275.99,10.0,0.214633,3568.34,25650.7,-39.33,,2177.91,5.0,1.475104,1129.25,1412.37,-35.15,,252.9,,,,,,,73.0,10.0,142.438335,7658.48,19.23,-73.65,,0.6,5.0,4623.584953,728.95,0.45,-26.07,
2023-12-20,-787.25,15557.48,1703.95,12.3,43668.93,10.0,0.214633,3867.31,25650.7,-41.26,,2202.17,5.0,1.475104,1165.04,1412.37,-35.86,,260.3,10.0,59.767495,1555.75,234.27,-10.0,"ENTRY @ 260.30 (small green CHoCH, margin $1555.75 [10% of portfolio total $15557.48] @ 10x [ADX 17.8, zone green], 59.767495 units)",82.21,10.0,142.438335,8970.34,19.23,-76.61,,0.62,5.0,4623.584953,786.29,0.45,-27.56,
2023-12-21,-787.25,18048.28,2490.8,16.01,43861.8,10.0,0.214633,3908.71,25650.7,-41.52,,2239.61,5.0,1.475104,1220.27,1412.37,-36.94,,272.1,10.0,59.767495,2261.0,234.27,-13.9,,93.84,10.0,142.438335,10626.9,19.23,-79.5,,0.62,5.0,4623.584953,818.65,0.45,-28.37,
2023-12-22,-787.25,18716.5,668.22,3.7,43969.04,10.0,0.214633,3931.73,25650.7,-41.66,,2324.54,5.0,1.475104,1345.55,1412.37,-39.24,,271.1,10.0,59.767495,2201.24,234.27,-13.59,,97.9,10.0,142.438335,11205.2,19.23,-80.35,,0.62,5.0,4623.584953,820.04,0.45,-28.4,
2023-12-23,-787.25,20028.02,1311.52,7.01,43702.16,10.0,0.214633,3874.45,25650.7,-41.31,,2308.2,5.0,1.475104,1321.45,1412.37,-38.81,,271.0,10.0,59.767495,2195.26,234.27,-13.55,,107.88,10.0,142.438335,12626.73,19.23,-82.17,,0.62,5.0,4623.584953,797.38,0.45,-27.84,
2023-12-24,-787.25,20038.6,10.58,0.05,42991.5,10.0,0.214633,3721.92,25650.7,-40.34,,2264.05,5.0,1.475104,1256.32,1412.37,-37.62,,264.5,10.0,59.767495,1806.77,234.27,-11.43,,112.45,10.0,142.438335,13277.67,19.23,-82.9,,0.61,5.0,4623.584953,763.17,0.45,-26.97,
2023-12-25,-787.25,21680.98,1642.38,8.2,43576.13,10.0,0.214633,3847.4,25650.7,-41.14,,2271.35,5.0,1.475104,1267.09,1412.37,-37.82,,266.9,10.0,59.767495,1950.21,234.27,-12.23,,120.91,10.0,142.438335,14482.7,19.23,-84.09,,0.65,5.0,4623.584953,920.83,0.45,-30.82,
2023-12-26,-787.25,21921.38,240.4,1.11,42508.93,10.0,0.214633,3618.34,25650.7,-39.66,,2230.88,5.0,1.475104,1207.39,1412.37,-36.69,,297.7,10.0,59.767495,3791.05,234.27,-21.31,,112.49,10.0,142.438335,13283.37,19.23,-82.9,,0.62,5.0,4623.584953,808.48,0.45,-28.12,
2023-12-27,-787.25,23175.37,1253.98,5.72,43428.85,10.0,0.214633,3815.79,25650.7,-40.94,,2378.35,5.0,1.475104,1424.92,1412.37,-40.62,,324.1,10.0,59.767495,5368.91,234.27,-27.72,,106.91,10.0,142.438335,12488.57,19.23,-82.01,,0.63,5.0,4623.584953,864.43,0.45,-29.49,
2023-12-28,-787.25,22124.5,-1050.86,-4.53,42563.76,10.0,0.214633,3630.11,25650.7,-39.74,,2344.15,5.0,1.475104,1374.48,1412.37,-39.75,,322.6,10.0,59.767495,5279.26,234.27,-27.38,,101.8,10.0,142.438335,11760.71,19.23,-81.11,,0.63,5.0,4623.584953,867.2,0.45,-29.56,
2023-12-29,-787.25,21988.46,-136.05,-0.61,42066.95,10.0,0.214633,3523.48,25650.7,-39.02,,2299.2,5.0,1.475104,1308.17,1412.37,-38.57,,313.7,10.0,59.767495,4747.33,234.27,-25.32,,106.17,10.0,142.438335,12383.16,19.23,-81.88,,0.62,5.0,4623.584953,813.57,0.45,-28.24,
2023-12-30,-787.25,21577.47,-410.99,-1.87,42140.28,10.0,0.214633,3539.22,25650.7,-39.13,,2291.68,5.0,1.475104,1297.08,1412.37,-38.37,,317.1,10.0,59.767495,4950.54,234.27,-26.12,,101.9,10.0,142.438335,11774.95,19.23,-81.13,,0.62,5.0,4623.584953,802.93,0.45,-27.98,
2023-12-31,-787.25,21227.76,-349.7,-1.62,42283.58,10.0,0.214633,3569.97,25650.7,-39.34,,2281.87,5.0,1.475104,1282.61,1412.37,-38.1,,311.8,10.0,59.767495,4633.77,234.27,-24.87,,101.72,10.0,142.438335,11749.31,19.23,-81.09,,0.62,5.0,4623.584953,779.35,0.45,-27.38,
2024-01-01,-787.25,23070.19,1842.43,8.68,44179.55,10.0,0.214633,3976.91,25650.7,-41.94,,2352.04,5.0,1.475104,1386.11,1412.37,-39.95,,313.5,10.0,59.767495,4735.38,234.27,-25.27,,109.91,10.0,142.438335,12915.88,19.23,-82.5,,0.63,5.0,4623.584953,843.16,0.45,-28.97,
2024-01-02,-787.25,22686.92,-383.28,-1.66,44946.91,10.0,0.214633,4141.61,25650.7,-42.93,,2355.34,5.0,1.475104,1390.98,1412.37,-40.04,,312.2,10.0,59.767495,4657.68,234.27,-24.96,,106.73,10.0,142.438335,12462.93,19.23,-81.98,,0.62,5.0,4623.584953,820.96,0.45,-28.43,
2024-01-03,-787.25,20871.19,-1815.73,-8.0,42845.23,10.0,0.214633,3690.52,25650.7,-40.13,,2209.72,5.0,1.475104,1176.18,1412.37,-36.08,,315.8,10.0,59.767495,4872.84,234.27,-25.82,,98.52,10.0,142.438335,11293.51,19.23,-80.48,,0.58,5.0,4623.584953,625.39,0.45,-23.23,
2024-01-04,-787.25,22639.28,1768.09,8.47,44151.1,10.0,0.214633,3970.8,25650.7,-41.9,,2267.11,5.0,1.475104,1260.83,1412.37,-37.7,,323.7,10.0,59.767495,5345.01,234.27,-27.63,,104.91,10.0,142.438335,12203.69,19.23,-81.67,,0.59,5.0,4623.584953,646.19,0.45,-23.82,
2024-01-05,-192.38,21510.66,-1128.62,-4.99,44145.11,10.0,0.214633,3969.52,25650.7,-41.89,,2268.78,5.0,1.475104,1263.3,1412.37,-37.75,,317.5,10.0,59.767495,4974.45,234.27,-26.21,,99.94,10.0,142.438335,11495.77,19.23,-80.76,,0.58,,,,,,"EXIT @ 0.58 (small red CHoCH, realized +78.14)"
2024-01-06,10424.55,19954.89,-1555.77,-7.23,43968.32,10.0,0.214633,3931.57,25650.7,-41.66,,2240.78,5.0,1.475104,1221.99,1412.37,-36.97,,307.5,10.0,59.767495,4376.77,234.27,-23.81,,93.77,,,,,,"EXIT @ 93.77 (small red CHoCH, realized +10312.54)",0.57,,,,,,
2024-01-07,10424.55,19613.08,-341.81,-1.71,43929.02,10.0,0.214633,3923.14,25650.7,-41.61,,2221.42,5.0,1.475104,1193.44,1412.37,-36.42,,302.4,10.0,59.767495,4071.96,234.27,-22.53,,89.44,,,,,,,0.55,,,,,,
2024-01-08,10424.55,20500.22,887.14,4.52,46951.04,10.0,0.214633,4571.77,25650.7,-45.37,,2330.44,5.0,1.475104,1354.25,1412.37,-39.39,,303.7,10.0,59.767495,4149.66,234.27,-22.86,,97.88,,,,,,,0.58,,,,,,
2024-01-09,10424.55,20184.74,-315.48,-1.54,46110.0,10.0,0.214633,4391.25,25650.7,-44.37,,2344.29,5.0,1.475104,1374.68,1412.37,-39.75,,301.1,10.0,59.767495,3994.26,234.27,-22.2,,99.36,,,,,,,0.57,,,,,,
2024-01-10,10424.55,20936.56,751.82,3.72,46653.99,10.0,0.214633,4508.01,25650.7,-45.02,,2584.38,5.0,1.475104,1728.84,1412.37,-45.35,,305.8,10.0,59.767495,4275.17,234.27,-23.39,,102.0,,,,,,,0.6,,,,,,
2024-01-11,10424.55,21062.04,125.48,0.6,46339.16,10.0,0.214633,4440.44,25650.7,-44.65,,2618.01,5.0,1.475104,1778.45,1412.37,-46.05,,308.2,10.0,59.767495,4418.61,234.27,-23.99,,99.9,,,,,,,0.6,,,,,,
2024-01-12,10424.55,19464.58,-1597.46,-7.58,42782.73,10.0,0.214633,3677.11,25650.7,-40.04,,2522.54,5.0,1.475104,1637.62,1412.37,-44.01,,296.6,10.0,59.767495,3725.31,234.27,-21.01,,92.12,,,,,,,0.57,,,,,,
2024-01-13,10424.55,19895.38,430.79,2.21,42847.99,10.0,0.214633,3691.11,25650.7,-40.14,,2578.19,5.0,1.475104,1719.71,1412.37,-45.22,,302.2,10.0,59.767495,4060.01,234.27,-22.48,,95.85,,,,,,,0.57,,,,,,
2024-01-14,10424.55,19339.19,-556.18,-2.8,41732.35,10.0,0.214633,3451.66,25650.7,-38.54,,2472.87,5.0,1.475104,1564.35,1412.37,-42.89,,299.5,10.0,59.767495,3898.63,234.27,-21.78,,93.81,,,,,,,0.58,,,,,,
2024-01-15,10424.55,20639.55,1300.36,6.72,42511.1,10.0,0.214633,3618.81,25650.7,-39.66,,2511.78,5.0,1.475104,1621.75,1412.37,-43.77,,317.5,10.0,59.767495,4974.45,234.27,-26.21,,94.36,,,,,,,0.58,,,,,,
2024-01-16,10424.55,20748.17,108.63,0.53,43137.95,10.0,0.214633,3753.35,25650.7,-40.54,,2587.4,5.0,1.475104,1733.29,1412.37,-45.41,,315.2,10.0,59.767495,4836.98,234.27,-25.68,,97.61,,,,,,,0.58,,,,,,
2024-01-17,10424.55,20239.47,-508.71,-2.45,42776.1,10.0,0.214633,3675.68,25650.7,-40.03,,2530.19,5.0,1.475104,1648.9,1412.37,-44.18,,309.4,10.0,59.767495,4490.33,234.27,-24.28,,102.1,,,,,,,0.57,,,,,,
2024-01-18,10424.55,20056.12,-183.35,-0.91,41327.5,10.0,0.214633,3364.77,25650.7,-37.93,,2470.81,5.0,1.475104,1561.31,1412.37,-42.84,,313.0,10.0,59.767495,4705.49,234.27,-25.15,,94.4,,,,,,,0.55,,,,,,
2024-01-19,10424.55,20260.14,204.02,1.02,41659.03,10.0,0.214633,3435.92,25650.7,-38.43,,2492.0,5.0,1.475104,1592.57,1412.37,-43.32,,314.7,10.0,59.767495,4807.1,234.27,-25.56,,93.62,,,,,,,0.54,,,,,,
2024-01-20,10424.55,20388.01,127.87,0.63,41696.04,10.0,0.214633,3443.87,25650.7,-38.48,,2472.01,5.0,1.475104,1563.08,1412.37,-42.87,,317.2,10.0,59.767495,4956.52,234.27,-26.14,,92.88,,,,,,,0.55,,,,,,
2024-01-21,10424.55,20424.79,36.77,0.18,41580.33,10.0,0.214633,3419.03,25650.7,-38.31,,2457.05,5.0,1.475104,1541.01,1412.37,-42.52,,318.6,10.0,59.767495,5040.19,234.27,-26.47,,91.09,,,,,,,0.55,,,,,,
2024-01-22,13411.67,19023.11,-1401.67,-6.86,39568.02,,,,,,"EXIT @ 39568.02 (small red CHoCH, realized +2375.40)",2314.2,5.0,1.475104,1330.3,1412.37,-38.97,,305.9,10.0,59.767495,4281.15,234.27,-23.42,,83.84,,,,,,,0.53,,,,,,
2024-01-23,13411.67,18493.14,-529.97,-2.79,39897.6,,,,,,,2242.6,5.0,1.475104,1224.68,1412.37,-37.02,,298.8,10.0,59.767495,3856.8,234.27,-21.6,,84.35,,,,,,,0.52,,,,,,
2024-01-24,13411.67,18141.29,-351.86,-1.9,40084.88,,,,,,,2235.02,5.0,1.475104,1213.5,1412.37,-36.81,,293.1,10.0,59.767495,3516.12,234.27,-20.07,,88.77,,,,,,,0.52,,,,,,
2024-01-25,13411.67,18057.36,-83.93,-0.46,39961.09,,,,,,,2218.64,5.0,1.475104,1189.34,1412.37,-36.34,,292.1,10.0,59.767495,3456.35,234.27,-19.8,,86.91,,,,,,,0.51,,,,,,
2024-01-26,13411.67,18733.35,675.99,3.74,41823.51,,,,,,,2267.68,5.0,1.475104,1261.67,1412.37,-37.72,,302.2,10.0,59.767495,4060.01,234.27,-22.48,,92.28,,,,,,,0.53,,,,,,
2024-01-27,13411.67,18936.94,203.59,1.09,42120.63,,,,,,,2267.94,5.0,1.475104,1262.06,1412.37,-37.72,,305.6,10.0,59.767495,4263.22,234.27,-23.34,,94.28,,,,,,,0.53,,,,,,
2024-01-28,13411.67,18902.73,-34.22,-0.18,42031.06,,,,,,,2256.9,5.0,1.475104,1245.77,1412.37,-37.42,,305.3,10.0,59.767495,4245.29,234.27,-23.27,,95.98,,,,,,,0.52,,,,,,
2024-01-29,13411.67,19315.01,412.28,2.18,43302.7,,,,,,,2317.6,5.0,1.475104,1335.31,1412.37,-39.06,,310.7,10.0,59.767495,4568.03,234.27,-24.6,,101.68,,,,,,,0.54,,,,,,
2024-01-30,13411.67,19167.21,-147.8,-0.77,42941.1,,,,,,,2343.01,5.0,1.475104,1372.79,1412.37,-39.72,,307.6,10.0,59.767495,4382.75,234.27,-23.84,,101.4,,,,,,,0.51,,,,,,
2024-01-31,13411.67,18654.55,-512.66,-2.67,42580.0,,,,,,,2283.14,5.0,1.475104,1284.48,1412.37,-38.14,,300.5,10.0,59.767495,3958.4,234.27,-22.04,,96.96,,,,,,,0.5,,,,,,
2024-02-01,13411.67,18667.8,13.25,0.07,43082.94,,,,,,,2304.28,5.0,1.475104,1315.66,1412.37,-38.71,,300.2,10.0,59.767495,3940.47,234.27,-21.96,,97.81,,,,,,,0.51,,,,,,
2024-02-02,13411.67,18746.58,78.77,0.42,43200.0,,,,,,,2309.06,5.0,1.475104,1322.71,1412.37,-38.83,,301.4,10.0,59.767495,4012.19,234.27,-22.27,,100.58,,,,,,,0.51,,,,,,
2024-02-03,13411.67,18626.43,-120.15,-0.64,43011.09,,,,,,,2296.49,5.0,1.475104,1304.17,1412.37,-38.5,,299.7,10.0,59.767495,3910.59,234.27,-21.83,,97.96,,,,,,,0.52,,,,,,
2024-02-04,13411.67,18915.38,288.95,1.55,42582.88,,,,,,,2289.79,5.0,1.475104,1294.29,1412.37,-38.32,,304.7,10.0,59.767495,4209.42,234.27,-23.11,,95.49,,,,,,,0.5,,,,,,
2024-02-05,13411.67,18723.96,-191.43,-1.01,42708.7,,,,,,,2301.83,5.0,1.475104,1312.05,1412.37,-38.64,,301.2,10.0,59.767495,4000.24,234.27,-22.22,,95.66,,,,,,,0.51,,,,,,
2024-02-06,13411.67,18918.06,194.1,1.04,43098.95,,,,,,,2372.64,5.0,1.475104,1416.5,1412.37,-40.47,,302.7,10.0,59.767495,4089.89,234.27,-22.61,,96.88,,,,,,,0.5,,,,,,
2024-02-07,9557.59,19270.37,352.31,1.86,44349.6,10.0,0.869021,3854.07,39914.64,-10.0,"ENTRY @ 44349.60 (small green CHoCH, margin $3854.07 [20% of portfolio total $19270.37] @ 10x [ADX 12.3, zone green], 0.869021 units)",2425.1,5.0,1.475104,1493.89,1412.37,-41.76,,307.3,10.0,59.767495,4364.82,234.27,-23.77,,101.14,,,,,,,0.51,,,,,,
2024-02-08,9557.59,20789.48,1519.1,7.88,45288.65,10.0,0.869021,4670.13,39914.64,-11.87,,2419.55,5.0,1.475104,1485.7,1412.37,-41.63,,319.2,10.0,59.767495,5076.05,234.27,-26.61,,102.76,,,,,,,0.51,,,,,,
2024-02-09,7279.82,22777.79,1988.31,9.56,47132.77,10.0,0.869021,6272.71,39914.64,-15.31,,2486.56,5.0,1.475104,1584.54,1412.37,-43.2,,324.0,10.0,59.767495,5362.94,234.27,-27.69,,106.94,10.0,212.995938,2277.78,96.25,-10.0,"ENTRY @ 106.94 (small green CHoCH, margin $2277.78 [10% of portfolio total $22777.79] @ 10x [ADX 11.2, zone green], 212.995938 units)",0.53,,,,,,
2024-02-10,7279.82,23716.43,938.65,4.12,47751.09,10.0,0.869021,6810.04,39914.64,-16.41,,2500.24,5.0,1.475104,1604.72,1412.37,-43.51,,323.0,10.0,59.767495,5303.17,234.27,-27.47,,109.01,10.0,212.995938,2718.68,96.25,-11.71,,0.52,,,,,,
2024-02-11,7279.82,23736.11,19.68,0.08,48299.99,10.0,0.869021,7287.05,39914.64,-17.36,,2507.21,5.0,1.475104,1615.01,1412.37,-43.67,,320.7,10.0,59.767495,5165.7,234.27,-26.95,,107.46,10.0,212.995938,2388.54,96.25,-10.44,,0.53,,,,,,
2024-02-12,4611.66,26681.6,2945.49,12.41,49917.27,10.0,0.869021,8692.5,39914.64,-20.04,,2659.99,5.0,1.475104,1840.37,1412.37,-46.9,,327.8,10.0,59.767495,5590.05,234.27,-28.53,,111.64,10.0,212.995938,3278.86,96.25,-13.79,,0.53,2.0,10040.112959,2668.16,0.27,-50.0,"ENTRY @ 0.53 (small green CHoCH, margin $2668.16 [10% of portfolio total $26681.60] @ 2x [ADX 31.9, zone red], 10040.112959 units)"
2024-02-13,4611.66,26388.29,-293.31,-1.1,49699.59,10.0,0.869021,8503.33,39914.64,-19.69,,2639.99,5.0,1.475104,1810.87,1412.37,-46.5,,324.7,10.0,59.767495,5404.77,234.27,-27.85,,112.48,10.0,212.995938,3457.78,96.25,-14.43,,0.52,2.0,10040.112959,2599.89,0.27,-49.35,
2024-02-14,4611.66,30046.01,3657.72,13.86,51795.17,10.0,0.869021,10324.43,39914.64,-22.94,,2774.81,5.0,1.475104,2009.74,1412.37,-49.1,,333.9,10.0,59.767495,5954.64,234.27,-29.84,,116.97,10.0,212.995938,4414.13,96.25,-17.72,,0.54,2.0,10040.112959,2731.41,0.27,-50.59,
2024-02-15,4611.66,30909.37,863.36,2.87,51880.0,10.0,0.869021,10398.15,39914.64,-23.06,,2822.59,5.0,1.475104,2080.22,1412.37,-49.96,,354.2,10.0,59.767495,7167.92,234.27,-33.86,,113.5,10.0,212.995938,3675.03,96.25,-15.2,,0.56,2.0,10040.112959,2976.39,0.27,-52.73,
2024-02-16,4611.66,30807.29,-102.09,-0.33,52124.11,10.0,0.869021,10610.29,39914.64,-23.42,,2801.8,5.0,1.475104,2049.56,1412.37,-49.59,,360.4,10.0,59.767495,7538.47,234.27,-35.0,,110.33,10.0,212.995938,2999.83,96.25,-12.77,,0.56,2.0,10040.112959,2997.48,0.27,-52.91,
2024-02-17,4611.66,29469.3,-1337.99,-4.34,51642.64,10.0,0.869021,10191.88,39914.64,-22.71,,2785.93,5.0,1.475104,2026.15,1412.37,-49.3,,352.9,10.0,59.767495,7090.22,234.27,-33.62,,108.92,10.0,212.995938,2699.51,96.25,-11.64,,0.55,2.0,10040.112959,2849.89,0.27,-51.65,
2024-02-18,4611.66,30637.19,1167.89,3.96,52137.67,10.0,0.869021,10622.07,39914.64,-23.44,,2881.2,5.0,1.475104,2166.68,1412.37,-50.98,,349.8,10.0,59.767495,6904.94,234.27,-33.03,,112.24,10.0,212.995938,3406.66,96.25,-14.25,,0.56,2.0,10040.112959,2925.19,0.27,-52.3,
2024-02-19,4611.66,30427.18,-210.01,-0.69,51774.73,10.0,0.869021,10306.67,39914.64,-22.91,,2944.8,5.0,1.475104,2260.5,1412.37,-52.04,,351.6,10.0,59.767495,7012.52,234.27,-33.37,,111.53,10.0,212.995938,3255.43,96.25,-13.7,,0.56,2.0,10040.112959,2980.41,0.27,-52.76,
2024-02-20,4611.66,30440.58,13.4,0.04,52258.82,10.0,0.869021,10727.36,39914.64,-23.62,,3014.81,5.0,1.475104,2363.77,1412.37,-53.15,,354.6,10.0,59.767495,7191.82,234.27,-33.93,,108.31,10.0,212.995938,2569.58,96.25,-11.14,,0.56,2.0,10040.112959,2976.39,0.27,-52.73,
2024-02-21,4611.66,30655.71,215.13,0.71,51849.39,10.0,0.869021,10371.55,39914.64,-23.02,,2967.9,5.0,1.475104,2294.57,1412.37,-52.41,,379.2,10.0,59.767495,8662.1,234.27,-38.22,,105.03,10.0,212.995938,1870.96,96.25,-8.36,,0.55,2.0,10040.112959,2844.87,0.27,-51.6,
2024-02-22,4611.66,29598.76,-1056.94,-3.45,51288.42,10.0,0.869021,9884.06,39914.64,-22.18,,2971.4,5.0,1.475104,2299.73,1412.37,-52.47,,382.6,10.0,59.767495,8865.31,234.27,-38.77,,101.76,10.0,212.995938,1174.46,96.25,-5.42,,0.54,2.0,10040.112959,2763.54,0.27,-50.88,
2024-02-23,4611.66,28164.47,-1434.29,-4.85,50744.15,10.0,0.869021,9411.08,39914.64,-21.34,,2922.24,5.0,1.475104,2227.22,1412.37,-51.67,,375.5,10.0,59.767495,8440.96,234.27,-37.61,,99.9,10.0,212.995938,778.29,96.25,-3.66,,0.53,2.0,10040.112959,2695.27,0.27,-50.25,
2024-02-24,4611.66,30338.83,2174.36,7.72,51568.22,10.0,0.869021,10127.21,39914.64,-22.6,,2992.62,5.0,1.475104,2331.04,1412.37,-52.8,,381.7,10.0,59.767495,8811.52,234.27,-38.62,,104.01,10.0,212.995938,1653.7,96.25,-7.46,,0.55,2.0,10040.112959,2803.7,0.27,-51.24,
2024-02-25,4611.66,30921.69,582.86,1.92,51728.85,10.0,0.869021,10266.8,39914.64,-22.84,,3112.59,5.0,1.475104,2508.0,1412.37,-54.62,,388.5,10.0,59.767495,9217.94,234.27,-39.7,,103.47,10.0,212.995938,1538.68,96.25,-6.98,,0.54,2.0,10040.112959,2778.6,0.27,-51.01,
2024-02-26,4611.66,35636.72,4715.03,15.25,54476.47,10.0,0.869021,12654.54,39914.64,-26.73,,3175.94,5.0,1.475104,2601.45,1412.37,-55.53,,401.6,10.0,59.767495,10000.89,234.27,-41.67,,109.9,10.0,212.995938,2908.25,96.25,-12.42,,0.55,2.0,10040.112959,2859.93,0.27,-51.73,
2024-02-27,4611.66,37570.18,1933.46,5.43,57037.34,10.0,0.869021,14879.99,39914.64,-30.02,,3242.36,5.0,1.475104,2699.43,1412.37,-56.44,,394.6,10.0,59.767495,9582.52,234.27,-40.63,,108.36,10.0,212.995938,2580.23,96.25,-11.18,,0.59,2.0,10040.112959,3216.35,0.27,-54.66,
2024-02-28,4611.66,45822.52,8252.34,21.97,62432.1,10.0,0.869021,19568.15,39914.64,-36.07,,3383.1,5.0,1.475104,2907.03,1412.37,-58.25,,414.6,10.0,59.767495,10777.87,234.27,-43.49,,119.03,10.0,212.995938,4852.9,96.25,-19.14,,0.57,2.0,10040.112959,3104.9,0.27,-53.78,
2024-02-29,4611.66,45253.8,-568.72,-1.24,61130.98,10.0,0.869021,18437.45,39914.64,-34.71,,3340.09,5.0,1.475104,2843.59,1412.37,-57.71,,399.4,10.0,59.767495,9869.41,234.27,-41.34,,125.68,10.0,212.995938,6269.32,96.25,-23.42,,0.59,2.0,10040.112959,3222.37,0.27,-54.7,
2024-03-01,4611.66,47907.24,2653.44,5.86,62387.9,10.0,0.869021,19529.74,39914.64,-36.02,,3433.43,5.0,1.475104,2981.28,1412.37,-58.86,,407.4,10.0,59.767495,10347.55,234.27,-42.5,,129.43,10.0,212.995938,7068.06,96.25,-25.64,,0.6,2.0,10040.112959,3368.96,0.27,-55.8,
2024-03-02,4611.66,48306.92,399.68,0.83,61987.28,10.0,0.869021,19181.6,39914.64,-35.61,,3421.4,5.0,1.475104,2963.53,1412.37,-58.72,,410.9,10.0,59.767495,10556.73,234.27,-42.99,,130.02,10.0,212.995938,7193.72,96.25,-25.98,,0.64,2.0,10040.112959,3799.68,0.27,-58.75,
2024-03-03,4611.66,49457.3,1150.38,2.38,63113.97,10.0,0.869021,20160.71,39914.64,-36.76,,3487.81,5.0,1.475104,3061.49,1412.37,-59.51,,414.5,10.0,59.767495,10771.9,234.27,-43.48,,130.16,10.0,212.995938,7223.54,96.25,-26.06,,0.63,2.0,10040.112959,3627.99,0.27,-57.62,
2024-03-04,4611.66,55225.67,5768.37,11.66,68245.71,10.0,0.869021,24620.3,39914.64,-41.51,,3627.76,5.0,1.475104,3267.93,1412.37,-61.07,,418.4,10.0,59.767495,11004.99,234.27,-44.01,,133.27,10.0,212.995938,7885.96,96.25,-27.78,,0.65,2.0,10040.112959,3834.82,0.27,-58.97,
2024-03-05,4611.66,47471.83,-7753.84,-14.04,63724.01,10.0,0.869021,20690.85,39914.64,-37.36,,3553.65,5.0,1.475104,3158.61,1412.37,-60.26,,394.1,10.0,59.767495,9552.64,234.27,-40.56,,125.31,10.0,212.995938,6190.51,96.25,-23.19,,0.59,2.0,10040.112959,3267.55,0.27,-55.05,
2024-03-06,4611.66,53391.72,5919.89,12.47,66074.04,10.0,0.869021,22733.08,39914.64,-39.59,,3818.59,5.0,1.475104,3549.43,1412.37,-63.01,,429.4,10.0,59.767495,11662.43,234.27,-45.44,,130.79,10.0,212.995938,7357.73,96.25,-26.41,,0.61,2.0,10040.112959,3477.39,0.27,-56.58,
2024-03-07,4611.66,59743.16,6351.44,11.9,66823.17,10.0,0.869021,23384.09,39914.64,-40.27,,3868.76,5.0,1.475104,3623.43,1412.37,-63.49,,474.6,10.0,59.767495,14363.92,234.27,-50.64,,143.82,10.0,212.995938,10133.07,96.25,-33.08,,0.63,2.0,10040.112959,3626.99,0.27,-57.62,
2024-03-08,4611.66,61701.03,1957.87,3.28,68124.19,10.0,0.869021,24514.7,39914.64,-41.41,,3883.36,5.0,1.475104,3644.97,1412.37,-63.63,,485.8,10.0,59.767495,15033.32,234.27,-51.78,,144.79,10.0,212.995938,10339.67,96.25,-33.53,,0.62,2.0,10040.112959,3556.71,0.27,-57.14,
2024-03-09,4611.66,61937.48,236.45,0.38,68313.27,10.0,0.869021,24679.02,39914.64,-41.57,,3905.21,5.0,1.475104,3677.2,1412.37,-63.83,,488.3,10.0,59.767495,15182.74,234.27,-52.02,,144.29,10.0,212.995938,10233.18,96.25,-33.3,,0.62,2.0,10040.112959,3553.7,0.27,-57.12,
2024-03-10,4611.66,64786.87,2849.39,4.6,68955.88,10.0,0.869021,25237.46,39914.64,-42.12,,3878.47,5.0,1.475104,3637.76,1412.37,-63.58,,528.9,10.0,59.767495,17609.3,234.27,-55.71,,144.39,10.0,212.995938,10254.48,96.25,-33.34,,0.61,2.0,10040.112959,3436.23,0.27,-56.29,
2024-03-11,4611.66,69522.69,4735.82,7.31,72078.1,10.0,0.869021,27950.73,39914.64,-44.62,,4064.8,5.0,1.475104,3912.61,1412.37,-65.25,,523.0,10.0,59.767495,17256.67,234.27,-55.21,,148.83,10.0,212.995938,11200.18,96.25,-35.33,,0.72,2.0,10040.112959,4590.84,0.27,-63.24,
2024-03-12,4611.66,69841.53,318.84,0.46,71452.01,10.0,0.869021,27406.65,39914.64,-44.14,,3979.96,5.0,1.475104,3787.47,1412.37,-64.51,,537.5,10.0,59.767495,18123.3,234.27,-56.41,,151.05,10.0,212.995938,11673.03,96.25,-36.28,,0.69,2.0,10040.112959,4239.44,0.27,-61.37,
2024-03-13,4611.66,79592.74,9751.21,13.96,73072.41,10.0,0.869021,28814.81,39914.64,-45.38,,4004.79,5.0,1.475104,3824.09,1412.37,-64.73,,630.5,10.0,59.767495,23681.67,234.27,-62.84,,163.9,10.0,212.995938,14410.03,96.25,-41.28,,0.69,2.0,10040.112959,4250.48,0.27,-61.44,
2024-03-14,4611.66,78830.44,-762.3,-0.96,71388.94,10.0,0.869021,27351.84,39914.64,-44.09,,3881.7,5.0,1.475104,3642.52,1412.37,-63.61,,603.2,10.0,59.767495,22050.02,234.27,-61.16,,176.65,10.0,212.995938,17125.73,96.25,-45.52,,0.67,2.0,10040.112959,4048.68,0.27,-60.28,
2024-03-15,4611.66,79951.6,1121.16,1.42,69499.85,10.0,0.869021,25710.18,39914.64,-42.57,,3742.19,5.0,1.475104,3436.73,1412.37,-62.26,,632.7,10.0,59.767495,23813.16,234.27,-62.97,,183.95,10.0,212.995938,18680.6,96.25,-47.68,,0.63,2.0,10040.112959,3699.28,0.27,-58.1,
2024-03-16,4611.66,71897.35,-8054.26,-10.07,65300.63,10.0,0.869021,22060.97,39914.64,-38.88,,3523.09,5.0,1.475104,3113.53,1412.37,-59.91,,576.4,10.0,59.767495,20448.25,234.27,-59.36,,182.05,10.0,212.995938,18275.9,96.25,-47.13,,0.6,2.0,10040.112959,3387.03,0.27,-55.94,
2024-03-17,4611.66,78863.68,6966.34,9.69,68393.48,10.0,0.869021,24748.72,39914.64,-41.64,,3644.71,5.0,1.475104,3292.94,1412.37,-61.25,,571.7,10.0,59.767495,20167.35,234.27,-59.02,,201.86,10.0,212.995938,22495.35,96.25,-52.32,,0.62,2.0,10040.112959,3547.67,0.27,-57.07,
2024-03-18,4611.66,76023.18,-2840.51,-3.6,67609.99,10.0,0.869021,24067.85,39914.64,-40.96,,3520.46,5.0,1.475104,3109.65,1412.37,-59.88,,555.4,10.0,59.767495,19193.14,234.27,-57.82,,195.92,10.0,212.995938,21230.16,96.25,-50.87,,0.65,2.0,10040.112959,3810.72,0.27,-58.82,
2024-03-19,4611.66,61539.31,-14483.87,-19.05,61937.4,10.0,0.869021,19138.25,39914.64,-35.56,,3158.64,5.0,1.475104,2575.93,1412.37,-55.29,,507.7,10.0,59.767495,16342.23,234.27,-53.86,,169.82,10.0,212.995938,15670.96,96.25,-43.32,,0.58,2.0,10040.112959,3200.29,0.27,-54.53,
2024-03-20,4611.66,75070.06,13530.75,21.99,67840.51,10.0,0.869021,24268.18,39914.64,-41.16,,3516.53,5.0,1.475104,3103.86,1412.37,-59.84,,556.8,10.0,59.767495,19276.81,234.27,-57.93,,191.77,10.0,212.995938,20346.22,96.25,-49.81,,0.61,2.0,10040.112959,3463.34,0.27,-56.48,
2024-03-21,4611.66,70499.19,-4570.87,-6.09,65501.27,10.0,0.869021,22235.33,39914.64,-39.06,,3492.85,5.0,1.475104,3068.93,1412.37,-59.56,,553.8,10.0,59.767495,19097.51,234.27,-57.7,,179.46,10.0,212.995938,17724.24,96.25,-46.37,,0.64,2.0,10040.112959,3761.53,0.27,-58.5,
2024-03-22,4611.66,67591.58,-2907.61,-4.12,63796.64,10.0,0.869021,20753.97,39914.64,-37.43,,3336.35,5.0,1.475104,2838.07,1412.37,-57.67,,553.8,10.0,59.767495,19097.51,234.27,-57.7,,175.21,10.0,212.995938,16819.01,96.25,-45.07,,0.61,2.0,10040.112959,3471.37,0.27,-56.54,
2024-03-23,4611.66,67142.95,-448.64,-0.66,63990.01,10.0,0.869021,20922.01,39914.64,-37.62,,3329.53,5.0,1.475104,2828.01,1412.37,-57.58,,551.9,10.0,59.767495,18983.95,234.27,-57.55,,172.65,10.0,212.995938,16273.74,96.25,-44.25,,0.62,2.0,10040.112959,3523.58,0.27,-56.91,
2024-03-24,4611.66,73621.14,6478.19,9.65,67209.99,10.0,0.869021,23720.24,39914.64,-40.61,,3454.98,5.0,1.475104,3013.07,1412.37,-59.12,,567.7,10.0,59.767495,19928.28,234.27,-58.73,,183.88,10.0,212.995938,18665.69,96.25,-47.66,,0.63,2.0,10040.112959,3682.21,0.27,-57.98,
2024-03-25,4611.66,78464.48,4843.34,6.58,69880.01,10.0,0.869021,26040.55,39914.64,-42.88,,3590.42,5.0,1.475104,3212.85,1412.37,-60.66,,587.0,10.0,59.767495,21081.79,234.27,-60.09,,188.99,10.0,212.995938,19754.1,96.25,-49.07,,0.64,2.0,10040.112959,3763.54,0.27,-58.52,
2024-03-26,4611.66,78383.04,-81.43,-0.1,69988.0,10.0,0.869021,26134.39,39914.64,-42.97,,3587.33,5.0,1.475104,3208.3,1412.37,-60.63,,580.4,10.0,59.767495,20687.32,234.27,-59.64,,190.46,10.0,212.995938,20067.2,96.25,-49.47,,0.63,2.0,10040.112959,3674.18,0.27,-57.93,
2024-03-27,4611.66,76361.76,-2021.28,-2.58,69469.99,10.0,0.869021,25684.23,39914.64,-42.54,,3501.19,5.0,1.475104,3081.23,1412.37,-59.66,,574.3,10.0,59.767495,20322.74,234.27,-59.21,,186.33,10.0,212.995938,19187.53,96.25,-48.35,,0.61,2.0,10040.112959,3474.38,0.27,-56.56,
2024-03-28,4611.66,78961.46,2599.7,3.4,70780.6,10.0,0.869021,26823.18,39914.64,-43.61,,3560.49,5.0,1.475104,3168.7,1412.37,-60.33,,583.4,10.0,59.767495,20866.63,234.27,-59.84,,189.63,10.0,212.995938,19890.41,96.25,-49.25,,0.62,2.0,10040.112959,3600.89,0.27,-57.44,
2024-03-29,4611.66,80381.75,1420.29,1.8,69850.54,10.0,0.869021,26014.94,39914.64,-42.86,,3509.74,5.0,1.475104,3093.84,1412.37,-59.76,,612.5,10.0,59.767495,22605.86,234.27,-61.75,,192.01,10.0,212.995938,20397.34,96.25,-49.87,,0.63,2.0,10040.112959,3658.12,0.27,-57.82,
2024-03-30,4611.66,79814.34,-567.41,-0.71,69582.18,10.0,0.869021,25781.73,39914.64,-42.64,,3505.64,5.0,1.475104,3087.79,1412.37,-59.71,,600.7,10.0,59.767495,21900.6,234.27,-61.0,,194.2,10.0,212.995938,20863.8,96.25,-50.44,,0.62,2.0,10040.112959,3568.76,0.27,-57.22,
2024-03-31,4611.66,83691.93,3877.59,4.86,71280.01,10.0,0.869021,27257.18,39914.64,-44.0,,3645.29,5.0,1.475104,3293.79,1412.37,-61.25,,606.7,10.0,59.767495,22259.21,234.27,-61.39,,202.45,10.0,212.995938,22621.02,96.25,-52.46,,0.63,2.0,10040.112959,3649.08,0.27,-57.76,
2024-04-01,4611.66,77862.3,-5829.63,-6.97,69649.8,10.0,0.869021,25840.49,39914.64,-42.69,,3503.8,5.0,1.475104,3085.08,1412.37,-59.69,,575.8,10.0,59.767495,20412.39,234.27,-59.31,,192.24,10.0,212.995938,20446.33,96.25,-49.93,,0.61,2.0,10040.112959,3466.35,0.27,-56.51,
2024-04-02,4611.66,69896.54,-7965.76,-10.23,65463.99,10.0,0.869021,22202.93,39914.64,-39.03,,3278.96,5.0,1.475104,2753.42,1412.37,-56.93,,551.4,10.0,59.767495,18954.07,234.27,-57.51,,181.53,10.0,212.995938,18165.15,96.25,-46.98,,0.59,2.0,10040.112959,3209.32,0.27,-54.6,
2024-04-03,4611.66,71618.39,1721.85,2.46,65963.28,10.0,0.869021,22636.82,39914.64,-39.49,,3310.83,5.0,1.475104,2800.43,1412.37,-57.34,,561.5,10.0,59.767495,19557.72,234.27,-58.28,,185.05,10.0,212.995938,18914.89,96.25,-47.99,,0.57,2.0,10040.112959,3096.87,0.27,-53.72,
2024-04-04,4611.66,75241.23,3622.84,5.06,68487.79,10.0,0.869021,24830.68,39914.64,-41.72,,3327.4,5.0,1.475104,2824.87,1412.37,-57.55,,585.5,10.0,59.767495,20992.14,234.27,-59.99,,184.0,10.0,212.995938,18691.25,96.25,-47.69,,0.59,2.0,10040.112959,3290.65,0.27,-55.22,
2024-04-05,4611.66,72071.74,-3169.49,-4.21,67820.62,10.0,0.869021,24250.89,39914.64,-41.15,,3317.85,5.0,1.475104,2810.78,1412.37,-57.43,,577.8,10.0,59.767495,20531.93,234.27,-59.45,,174.37,10.0,212.995938,16640.09,96.25,-44.8,,0.59,2.0,10040.112959,3226.39,0.27,-54.74,
2024-04-06,4611.66,74487.52,2415.78,3.35,68896.0,10.0,0.869021,25185.42,39914.64,-42.07,,3351.59,5.0,1.475104,2860.55,1412.37,-57.86,,585.4,10.0,59.767495,20986.16,234.27,-59.98,,178.68,10.0,212.995938,17558.11,96.25,-46.13,,0.59,2.0,10040.112959,3285.63,0.27,-55.19,
2024-04-07,4611.66,75145.77,658.25,0.88,69360.39,10.0,0.869021,25588.99,39914.64,-42.45,,3454.2,5.0,1.475104,3011.91,1412.37,-59.11,,583.9,10.0,59.767495,20896.51,234.27,-59.88,,179.52,10.0,212.995938,17737.02,96.25,-46.39,,0.59,2.0,10040.112959,3299.68,0.27,-55.29,
2024-04-08,4611.66,78064.36,2918.59,3.88,71620.0,10.0,0.869021,27552.63,39914.64,-44.27,,3694.61,5.0,1.475104,3366.54,1412.37,-61.77,,586.4,10.0,59.767495,21045.93,234.27,-60.05,,180.68,10.0,212.995938,17984.1,96.25,-46.73,,0.61,2.0,10040.112959,3503.5,0.27,-56.77,
2024-04-09,4611.66,73518.76,-4545.6,-5.82,69146.0,10.0,0.869021,25402.68,39914.64,-42.27,,3506.39,5.0,1.475104,3088.9,1412.37,-59.72,,580.5,10.0,59.767495,20693.3,234.27,-59.64,,172.42,10.0,212.995938,16224.75,96.25,-44.18,,0.61,2.0,10040.112959,3497.47,0.27,-56.73,
2024-04-10,4611.66,76833.12,3314.37,4.51,70631.08,10.0,0.869021,26693.24,39914.64,-43.49,,3545.64,5.0,1.475104,3146.8,1412.37,-60.17,,609.7,10.0,59.767495,22438.51,234.27,-61.58,,173.31,10.0,212.995938,16414.32,96.25,-44.47,,0.62,2.0,10040.112959,3528.6,0.27,-56.94,
2024-04-11,4611.66,75635.13,-1197.99,-1.56,70006.23,10.0,0.869021,26150.23,39914.64,-42.98,,3502.52,5.0,1.475104,3083.19,1412.37,-59.68,,604.6,10.0,59.767495,22133.7,234.27,-61.25,,172.37,10.0,212.995938,16214.1,96.25,-44.16,,0.61,2.0,10040.112959,3442.25,0.27,-56.33,
2024-04-12,19555.88,67482.84,-8152.29,-10.78,67116.52,10.0,0.869021,23639.01,39914.64,-40.53,,3237.43,5.0,1.475104,2692.16,1412.37,-56.37,,595.6,10.0,59.767495,21595.79,234.27,-60.67,,153.16,,,,,,"EXIT @ 153.16 (small red CHoCH, realized +9844.67)",0.55,,,,,,"EXIT @ 0.55 (small red CHoCH, realized +153.61)"
2024-04-13,42773.23,61828.9,-5653.94,-8.38,63924.51,,,,,,"EXIT @ 63924.51 (small red CHoCH, realized +17011.01)",3007.01,,,,,,"EXIT @ 3007.01 (small red CHoCH, realized +1831.42)",553.1,10.0,59.767495,19055.67,234.27,-57.64,,138.47,,,,,,,0.48,,,,,,
2024-04-14,42773.23,62623.81,794.91,1.29,65661.84,,,,,,,3155.11,,,,,,,566.4,10.0,59.767495,19850.58,234.27,-58.64,,151.25,,,,,,,0.5,,,,,,
2024-04-15,42773.23,61805.0,-818.81,-1.31,63419.99,,,,,,,3101.99,,,,,,,552.7,10.0,59.767495,19031.76,234.27,-57.61,,138.51,,,,,,,0.5,,,,,,
2024-04-16,60902.51,60902.51,-902.49,-1.46,63793.39,,,,,,,3084.22,,,,,,,537.6,,,,,,"EXIT @ 537.60 (small red CHoCH, realized +16573.53)",136.22,,,,,,,0.5,,,,,,
2024-04-17,60902.51,60902.51,0.0,0.0,61277.37,,,,,,,2985.41,,,,,,,534.1,,,,,,,131.84,,,,,,,0.5,,,,,,
2024-04-18,60902.51,60902.51,0.0,0.0,63470.08,,,,,,,3064.4,,,,,,,552.1,,,,,,,142.07,,,,,,,0.5,,,,,,
2024-04-19,60902.51,60902.51,0.0,0.0,63818.01,,,,,,,3056.46,,,,,,,554.0,,,,,,,142.5,,,,,,,0.5,,,,,,
2024-04-20,60902.51,60902.51,0.0,0.0,64940.59,,,,,,,3155.79,,,,,,,570.9,,,,,,,151.22,,,,,,,0.53,,,,,,
2024-04-21,60902.51,60902.51,0.0,0.0,64941.15,,,,,,,3147.67,,,,,,,579.6,,,,,,,148.8,,,,,,,0.52,,,,,,
2024-04-22,54812.26,60902.51,0.0,0.0,66819.32,,,,,,,3200.2,,,,,,,604.5,,,,,,,156.95,2.0,77.607527,6090.25,78.47,-50.0,"ENTRY @ 156.95 (small green CHoCH, margin $6090.25 [10% of portfolio total $60902.51] @ 2x [ADX 32.5, zone red], 77.607527 units)",0.56,,,,,,
2024-04-23,54812.26,60731.77,-170.74,-0.28,66414.0,,,,,,,3219.46,,,,,,,606.2,,,,,,,154.75,2.0,77.607527,5919.51,78.47,-49.29,,0.54,,,,,,
2024-04-24,54812.26,60190.85,-540.92,-0.89,64289.59,,,,,,,3140.8,,,,,,,608.8,,,,,,,147.78,2.0,77.607527,5378.59,78.47,-46.9,,0.53,,,,,,
2024-04-25,54812.26,59962.68,-228.17,-0.38,64498.34,,,,,,,3155.8,,,,,,,613.2,,,,,,,144.84,2.0,77.607527,5150.42,78.47,-45.82,,0.53,,,,,,
2024-04-26,54812.26,59527.3,-435.38,-0.73,63770.01,,,,,,,3131.3,,,,,,,598.0,,,,,,,139.23,2.0,77.607527,4715.05,78.47,-43.64,,0.53,,,,,,
2024-04-27,54812.26,59688.73,161.42,0.27,63461.98,,,,,,,3255.56,,,,,,,596.2,,,,,,,141.31,2.0,77.607527,4876.47,78.47,-44.47,,0.52,,,,,,
2024-04-28,54812.26,59431.07,-257.66,-0.43,63118.62,,,,,,,3263.45,,,,,,,600.2,,,,,,,137.99,2.0,77.607527,4618.81,78.47,-43.13,,0.51,,,,,,
2024-04-29,54812.26,59413.99,-17.07,-0.03,63866.0,,,,,,,3216.73,,,,,,,592.8,,,,,,,137.77,2.0,77.607527,4601.74,78.47,-43.04,,0.52,,,,,,
2024-04-30,54812.26,58560.31,-853.68,-1.44,60672.0,,,,,,,3014.05,,,,,,,578.4,,,,,,,126.77,2.0,77.607527,3748.06,78.47,-38.1,,0.5,,,,,,
2024-05-01,54812.26,59171.08,610.77,1.04,58364.97,,,,,,,2972.46,,,,,,,561.8,,,,,,,134.64,2.0,77.607527,4358.83,78.47,-41.71,,0.52,,,,,,
2024-05-02,54812.26,59399.25,228.17,0.39,59060.61,,,,,,,2986.19,,,,,,,560.5,,,,,,,137.58,2.0,77.607527,4586.99,78.47,-42.96,,0.52,,,,,,
2024-05-03,54812.26,59873.43,474.18,0.8,62882.01,,,,,,,3102.61,,,,,,,587.0,,,,,,,143.69,2.0,77.607527,5061.17,78.47,-45.39,,0.53,,,,,,
2024-05-04,54812.26,60056.58,183.15,0.31,63892.04,,,,,,,3117.23,,,,,,,585.7,,,,,,,146.05,2.0,77.607527,5244.33,78.47,-46.27,,0.53,,,,,,
2024-05-05,54812.26,60031.75,-24.83,-0.04,64012.0,,,,,,,3136.41,,,,,,,592.0,,,,,,,145.73,2.0,77.607527,5219.49,78.47,-46.15,,0.53,,,,,,
2024-05-06,54812.26,60581.99,550.24,0.92,63165.19,,,,,,,3062.6,,,,,,,588.2,,,,,,,152.82,2.0,77.607527,5769.73,78.47,-48.65,,0.54,,,,,,
2024-05-07,54812.26,60210.25,-371.74,-0.61,62312.08,,,,,,,3005.69,,,,,,,576.5,,,,,,,148.03,2.0,77.607527,5397.99,78.47,-46.99,,0.52,,,,,,
2024-05-08,54812.26,59756.24,-454.0,-0.75,61193.03,,,,,,,2974.21,,,,,,,588.6,,,,,,,142.18,2.0,77.607527,4943.99,78.47,-44.81,,0.52,,,,,,
2024-05-09,54812.26,60562.59,806.34,1.35,63074.01,,,,,,,3036.23,,,,,,,596.8,,,,,,,152.57,2.0,77.607527,5750.33,78.47,-48.56,,0.52,,,,,,
2024-05-10,54812.26,60053.48,-509.11,-0.84,60799.99,,,,,,,2909.99,,,,,,,585.6,,,,,,,146.01,2.0,77.607527,5241.22,78.47,-46.25,,0.5,,,,,,
2024-05-11,54812.26,60007.69,-45.79,-0.08,60825.99,,,,,,,2912.45,,,,,,,592.2,,,,,,,145.42,2.0,77.607527,5195.44,78.47,-46.04,,0.51,,,,,,
2024-05-12,54812.26,59853.25,-154.44,-0.26,61483.99,,,,,,,2929.29,,,,,,,594.8,,,,,,,143.43,2.0,77.607527,5041.0,78.47,-45.29,,0.5,,,,,,
2024-05-13,54812.26,60172.22,318.97,0.53,62940.08,,,,,,,2950.99,,,,,,,591.7,,,,,,,147.54,2.0,77.607527,5359.96,78.47,-46.81,,0.51,,,,,,
2024-05-14,54812.26,59744.6,-427.62,-0.71,61577.49,,,,,,,2881.93,,,,,,,567.1,,,,,,,142.03,2.0,77.607527,4932.35,78.47,-44.75,,0.5,,,,,,
2024-05-15,42607.39,61024.35,1279.75,2.14,66206.5,2.0,0.368691,12204.87,33103.25,-50.0,"ENTRY @ 66206.50 (small green CHoCH, margin $12204.87 [20% of portfolio total $61024.35] @ 2x [ADX 19.1, zone red], 0.368691 units)",3032.55,,,,,,,581.0,,,,,,,158.52,2.0,77.607527,6212.09,78.47,-50.5,,0.52,,,,,,
2024-05-16,42607.39,60732.21,-292.14,-0.48,65235.21,2.0,0.368691,11846.76,33103.25,-49.26,,2944.7,,,,,,,569.2,,,,,,,159.37,2.0,77.607527,6278.06,78.47,-50.76,,0.52,,,,,,
2024-05-17,42607.39,62173.23,1441.02,2.37,67024.0,2.0,0.368691,12506.28,33103.25,-50.61,,3092.01,,,,,,,580.9,,,,,,,169.44,2.0,77.607527,7059.57,78.47,-53.69,,0.52,,,,,,
2024-05-18,42607.39,62362.83,189.6,0.3,66915.2,2.0,0.368691,12466.16,33103.25,-50.53,,3122.94,,,,,,,580.3,,,,,,,172.4,2.0,77.607527,7289.29,78.47,-54.48,,0.52,,,,,,
2024-05-19,42607.39,61934.74,-428.09,-0.69,66274.01,2.0,0.368691,12229.76,33103.25,-50.05,,3071.19,,,,,,,574.5,,,,,,,169.93,2.0,77.607527,7097.6,78.47,-53.82,,0.51,,,,,,
2024-05-20,36093.05,65143.32,3208.57,5.18,71446.62,2.0,0.368691,14136.86,33103.25,-53.67,,3661.78,10.0,17.790068,6514.33,3295.6,-10.0,"ENTRY @ 3661.78 (small green CHoCH, margin $6514.33 [10% of portfolio total $65143.32] @ 10x [ADX 19.3, zone green], 17.790068 units)",599.6,,,,,,,186.7,2.0,77.607527,8399.07,78.47,-57.97,,0.54,,,,,,
2024-05-21,29465.55,66275.03,1131.72,1.74,70148.34,2.0,0.368691,13658.19,33103.25,-52.81,,3789.6,10.0,17.790068,8788.26,3295.6,-13.04,,618.5,10.0,107.15446,6627.5,556.65,-10.0,"ENTRY @ 618.50 (small green CHoCH, margin $6627.50 [10% of portfolio total $66275.03] @ 10x [ADX 12.6, zone green], 107.154460 units)",178.15,2.0,77.607527,7735.53,78.47,-55.95,,0.54,,,,,,
2024-05-22,29465.55,64500.71,-1774.32,-2.68,69166.62,2.0,0.368691,13296.24,33103.25,-52.14,,3737.73,10.0,17.790068,7865.49,3295.6,-11.83,,614.8,10.0,107.15446,6231.03,556.65,-9.46,,176.95,2.0,77.607527,7642.4,78.47,-55.65,,0.53,,,,,,
2024-05-23,29465.55,63153.4,-1347.31,-2.09,67969.65,2.0,0.368691,12854.93,33103.25,-51.3,,3783.61,10.0,17.790068,8681.7,3295.6,-12.9,,599.3,10.0,107.15446,4570.14,556.65,-7.12,,176.16,2.0,77.607527,7581.09,78.47,-55.45,,0.53,,,,,,
2024-05-24,29465.55,61833.64,-1319.76,-2.09,68549.99,2.0,0.368691,13068.89,33103.25,-51.71,,3728.28,10.0,17.790068,7697.37,3295.6,-11.61,,600.3,10.0,107.15446,4677.29,556.65,-7.27,,167.7,2.0,77.607527,6924.53,78.47,-53.21,,0.54,,,,,,
2024-05-25,29465.55,62755.39,921.75,1.49,69290.57,2.0,0.368691,13341.94,33103.25,-52.23,,3749.26,10.0,17.790068,8070.61,3295.6,-12.1,,602.4,10.0,107.15446,4902.32,556.65,-7.59,,168.35,2.0,77.607527,6974.98,78.47,-53.39,,0.54,,,,,,
2024-05-26,29465.55,63221.19,465.8,0.74,68507.67,2.0,0.368691,13053.29,33103.25,-51.68,,3826.47,10.0,17.790068,9444.18,3295.6,-13.87,,600.2,10.0,107.15446,4666.58,556.65,-7.26,,163.41,2.0,77.607527,6591.6,78.47,-51.98,,0.53,,,,,,
2024-05-27,29465.55,65688.44,2467.25,3.9,69436.43,2.0,0.368691,13395.72,33103.25,-52.33,,3894.22,10.0,17.790068,10649.46,3295.6,-15.37,,603.9,10.0,107.15446,5063.05,556.65,-7.82,,170.15,2.0,77.607527,7114.67,78.47,-53.88,,0.53,,,,,,
2024-05-28,29465.55,64074.76,-1613.68,-2.46,68398.39,2.0,0.368691,13013.0,33103.25,-51.6,,3844.69,10.0,17.790068,9768.31,3295.6,-14.28,,601.7,10.0,107.15446,4827.31,556.65,-7.49,,168.68,2.0,77.607527,7000.59,78.47,-53.48,,0.53,,,,,,
2024-05-29,29465.55,61754.4,-2320.36,-3.62,67652.42,2.0,0.368691,12737.97,33103.25,-51.07,,3767.43,10.0,17.790068,8393.85,3295.6,-12.52,,595.7,10.0,107.15446,4184.38,556.65,-6.56,,168.32,2.0,77.607527,6972.65,78.47,-53.38,,0.52,,,,,,
2024-05-30,29465.55,61489.08,-265.32,-0.43,68352.17,2.0,0.368691,12995.96,33103.25,-51.57,,3747.91,10.0,17.790068,8046.59,3295.6,-12.07,,595.1,10.0,107.15446,4120.09,556.65,-6.46,,166.88,2.0,77.607527,6860.89,78.47,-52.98,,0.52,,,,,,
2024-05-31,29465.55,61199.99,-289.09,-0.47,67540.01,2.0,0.368691,12696.52,33103.25,-50.99,,3762.29,10.0,17.790068,8302.41,3295.6,-12.4,,593.7,10.0,107.15446,3970.07,556.65,-6.24,,165.65,2.0,77.607527,6765.44,78.47,-52.63,,0.52,,,,,,
2024-06-01,29465.55,63152.63,1952.63,3.19,67766.85,2.0,0.368691,12780.16,33103.25,-51.15,,3815.82,10.0,17.790068,9254.71,3295.6,-13.63,,601.9,10.0,107.15446,4848.74,556.65,-7.52,,166.14,2.0,77.607527,6803.46,78.47,-52.77,,0.52,,,,,,
2024-06-02,29465.55,62406.23,-746.39,-1.18,67765.63,2.0,0.368691,12779.71,33103.25,-51.15,,3780.91,10.0,17.790068,8633.66,3295.6,-12.84,,602.9,10.0,107.15446,4955.89,556.65,-7.67,,163.15,2.0,77.607527,6571.42,78.47,-51.9,,0.51,,,,,,
2024-06-03,29465.55,65198.02,2791.79,4.47,68809.9,2.0,0.368691,13164.72,33103.25,-51.89,,3767.06,10.0,17.790068,8387.27,3295.6,-12.52,,626.4,10.0,107.15446,7474.02,556.65,-11.14,,164.89,2.0,77.607527,6706.45,78.47,-52.41,,0.52,,,,,,
2024-06-04,29465.55,73492.07,8294.05,12.72,70537.84,2.0,0.368691,13801.8,33103.25,-53.07,,3810.23,10.0,17.790068,9155.27,3295.6,-13.51,,685.7,10.0,107.15446,13828.28,556.65,-18.82,,171.78,2.0,77.607527,7241.17,78.47,-54.32,,0.53,,,,,,
2024-06-05,29465.55,76234.57,2742.5,3.73,71108.0,2.0,0.368691,14012.01,33103.25,-53.45,,3865.99,10.0,17.790068,10147.24,3295.6,-14.75,,698.8,10.0,107.15446,15232.01,556.65,-20.34,,173.54,2.0,77.607527,7377.76,78.47,-54.78,,0.53,,,,,,
2024-06-06,29465.55,76251.78,17.21,0.02,70799.06,2.0,0.368691,13898.11,33103.25,-53.24,,3813.46,10.0,17.790068,9212.73,3295.6,-13.58,,711.2,10.0,107.15446,16560.72,556.65,-21.73,,170.15,2.0,77.607527,7114.67,78.47,-53.88,,0.52,,,,,,
2024-06-07,36274.13,69807.14,-6444.64,-8.45,69355.6,2.0,0.368691,13365.91,33103.25,-52.27,,3678.32,,,,,,"EXIT @ 3678.32 (small red CHoCH, realized +294.25)",684.0,10.0,107.15446,13646.12,556.65,-18.62,,162.5,2.0,77.607527,6520.97,78.47,-51.71,,0.5,,,,,,
2024-06-08,42432.68,69288.77,-518.37,-0.74,69310.46,2.0,0.368691,13349.27,33103.25,-52.24,,3681.57,,,,,,,682.7,10.0,107.15446,13506.82,556.65,-18.46,,157.83,,,,,,"EXIT @ 157.83 (small red CHoCH, realized +68.29)",0.49,,,,,,
2024-06-09,42432.68,68373.87,-914.9,-1.32,69648.14,2.0,0.368691,13473.77,33103.25,-52.47,,3706.4,,,,,,,673.0,10.0,107.15446,12467.42,556.65,-17.29,,162.12,,,,,,,0.5,,,,,,
2024-06-10,42432.68,63201.3,-5172.57,-7.57,69540.0,2.0,0.368691,13433.9,33103.25,-52.4,,3667.85,,,,,,,625.1,10.0,107.15446,7334.72,556.65,-10.95,,159.05,,,,,,,0.5,,,,,,
2024-06-11,42432.68,59958.99,-3242.31,-5.13,67314.24,2.0,0.368691,12613.28,33103.25,-50.82,,3497.33,,,,,,,602.5,10.0,107.15446,4913.03,556.65,-7.61,,149.31,,,,,,,0.48,,,,,,
2024-06-12,42432.68,62120.07,2161.07,3.6,68263.99,2.0,0.368691,12963.45,33103.25,-51.51,,3560.12,,,,,,,619.4,10.0,107.15446,6723.94,556.65,-10.13,,155.22,,,,,,,0.49,,,,,,
2024-06-13,42432.68,59470.13,-2649.94,-4.27,66773.01,2.0,0.368691,12413.74,33103.25,-50.42,,3469.4,,,,,,,599.8,10.0,107.15446,4623.71,556.65,-7.19,,147.29,,,,,,,0.48,,,,,,
2024-06-14,54577.63,59576.39,106.26,0.18,66043.99,,,,,,"EXIT @ 66043.99 (small red CHoCH, realized -59.92)",3481.8,,,,,,,603.3,10.0,107.15446,4998.76,556.65,-7.73,,143.05,,,,,,,0.47,,,,,,
2024-06-15,54577.63,60101.44,525.06,0.88,66228.25,,,,,,,3568.74,,,,,,,608.2,10.0,107.15446,5523.81,556.65,-8.48,,145.52,,,,,,,0.49,,,,,,
2024-06-16,54577.63,60380.04,278.6,0.46,66676.87,,,,,,,3624.41,,,,,,,610.8,10.0,107.15446,5802.41,556.65,-8.87,,151.3,,,,,,,0.49,,,,,,
2024-06-17,54577.63,59683.54,-696.5,-1.15,66504.33,,,,,,,3511.46,,,,,,,604.3,10.0,107.15446,5105.91,556.65,-7.89,,143.27,,,,,,,0.5,,,,,,
2024-06-18,54577.63,58001.21,-1682.33,-2.82,65175.32,,,,,,,3483.42,,,,,,,588.6,10.0,107.15446,3423.59,556.65,-5.43,,137.41,,,,,,,0.49,,,,,,
2024-06-19,54577.63,59147.77,1146.55,1.98,64974.37,,,,,,,3560.51,,,,,,,599.3,10.0,107.15446,4570.14,556.65,-7.12,,135.62,,,,,,,0.49,,,,,,
2024-06-20,54577.63,57904.78,-1242.99,-2.1,64869.99,,,,,,,3513.08,,,,,,,587.7,10.0,107.15446,3327.15,556.65,-5.28,,133.55,,,,,,,0.49,,,,,,
2024-06-21,57733.33,57733.33,-171.45,-0.3,64143.56,,,,,,,3518.5,,,,,,,586.1,,,,,,"EXIT @ 586.10 (small red CHoCH, realized -3471.80)",134.6,,,,,,,0.49,,,,,,
2024-06-22,57733.33,57733.33,0.0,0.0,64262.01,,,,,,,3495.75,,,,,,,591.1,,,,,,,133.69,,,,,,,0.49,,,,,,
2024-06-23,57733.33,57733.33,0.0,0.0,63210.01,,,,,,,3420.91,,,,,,,577.5,,,,,,,128.69,,,,,,,0.48,,,,,,
2024-06-24,57733.33,57733.33,0.0,0.0,60293.3,,,,,,,3352.73,,,,,,,568.1,,,,,,,132.33,,,,,,,0.47,,,,,,
2024-06-25,57733.33,57733.33,0.0,0.0,61806.01,,,,,,,3394.91,,,,,,,578.2,,,,,,,136.58,,,,,,,0.48,,,,,,
2024-06-26,57733.33,57733.33,0.0,0.0,60864.99,,,,,,,3371.44,,,,,,,573.0,,,,,,,136.81,,,,,,,0.47,,,,,,
2024-06-27,57733.33,57733.33,0.0,0.0,61706.47,,,,,,,3450.44,,,,,,,581.7,,,,,,,149.71,,,,,,,0.48,,,,,,
2024-06-28,57733.33,57733.33,0.0,0.0,60427.84,,,,,,,3380.15,,,,,,,567.4,,,,,,,140.03,,,,,,,0.47,,,,,,
2024-06-29,57733.33,57733.33,0.0,0.0,60986.68,,,,,,,3378.8,,,,,,,570.0,,,,,,,140.28,,,,,,,0.47,,,,,,
2024-06-30,57733.33,57733.33,0.0,0.0,62772.01,,,,,,,3438.16,,,,,,,582.2,,,,,,,146.61,,,,,,,0.48,,,,,,
2024-07-01,57733.33,57733.33,0.0,0.0,62899.99,,,,,,,3442.2,,,,,,,576.9,,,,,,,146.67,,,,,,,0.48,,,,,,
2024-07-02,57733.33,57733.33,0.0,0.0,62135.47,,,,,,,3421.35,,,,,,,580.1,,,,,,,154.03,,,,,,,0.49,,,,,,
2024-07-03,57733.33,57733.33,0.0,0.0,60208.58,,,,,,,3295.48,,,,,,,556.7,,,,,,,140.84,,,,,,,0.47,,,,,,
2024-07-04,57733.33,57733.33,0.0,0.0,57050.01,,,,,,,3059.7,,,,,,,513.6,,,,,,,127.86,,,,,,,0.43,,,,,,
2024-07-05,57733.33,57733.33,0.0,0.0,56628.79,,,,,,,2981.78,,,,,,,497.7,,,,,,,134.32,,,,,,,0.43,,,,,,
2024-07-06,57733.33,57733.33,0.0,0.0,58230.13,,,,,,,3066.83,,,,,,,526.0,,,,,,,143.05,,,,,,,0.45,,,,,,
2024-07-07,57733.33,57733.33,0.0,0.0,55857.81,,,,,,,2931.0,,,,,,,490.7,,,,,,,131.64,,,,,,,0.42,,,,,,
2024-07-08,57733.33,57733.33,0.0,0.0,56714.62,,,,,,,3019.01,,,,,,,510.6,,,,,,,139.81,,,,,,,0.43,,,,,,
2024-07-09,57733.33,57733.33,0.0,0.0,58050.0,,,,,,,3066.65,,,,,,,516.9,,,,,,,141.42,,,,,,,0.44,,,,,,
2024-07-10,57733.33,57733.33,0.0,0.0,57725.85,,,,,,,3101.05,,,,,,,524.7,,,,,,,141.98,,,,,,,0.44,,,,,,
2024-07-11,57733.33,57733.33,0.0,0.0,57339.89,,,,,,,3099.57,,,,,,,524.8,,,,,,,135.73,,,,,,,0.45,,,,,,
2024-07-12,57733.33,57733.33,0.0,0.0,57889.1,,,,,,,3133.88,,,,,,,533.8,,,,,,,139.46,,,,,,,0.47,,,,,,
2024-07-13,51960.0,57733.33,0.0,0.0,59204.02,,,,,,,3175.93,,,,,,,532.4,,,,,,,141.9,,,,,,,0.53,2.0,21964.363198,5773.33,0.26,-50.0,"ENTRY @ 0.53 (small green CHoCH, margin $5773.33 [10% of portfolio total $57733.33] @ 2x [ADX 37.2, zone red], 21964.363198 units)"
2024-07-14,51960.0,57619.11,-114.21,-0.2,60797.91,,,,,,,3245.08,,,,,,,544.8,,,,,,,147.66,,,,,,,0.52,2.0,21964.363198,5659.12,0.26,-49.5,
2024-07-15,46161.4,57985.92,366.8,0.64,64724.14,,,,,,,3483.39,,,,,,,585.3,,,,,,,159.38,10.0,363.821802,5798.59,143.44,-10.0,"ENTRY @ 159.38 (small green CHoCH, margin $5798.59 [10% of portfolio total $57985.92] @ 10x [ADX 18.4, zone green], 363.821802 units)",0.54,2.0,21964.363198,6025.92,0.26,-51.07,
2024-07-16,46161.4,59361.76,1375.84,2.37,65043.99,,,,,,,3444.13,,,,,,,576.2,,,,,,,160.62,10.0,363.821802,6249.73,143.44,-10.69,,0.58,2.0,21964.363198,6950.62,0.26,-54.63,
2024-07-17,46161.4,58524.73,-837.03,-1.41,64087.99,,,,,,,3387.05,,,,,,,568.9,,,,,,,155.5,10.0,363.821802,4386.96,143.44,-7.75,,0.63,2.0,21964.363198,7976.36,0.26,-58.01,
2024-07-18,46161.4,58641.55,116.82,0.2,63987.92,,,,,,,3426.5,,,,,,,571.9,,,,,,,159.22,10.0,363.821802,5740.38,143.44,-9.91,,0.57,2.0,21964.363198,6739.76,0.26,-53.86,
2024-07-19,39928.79,62326.09,3684.55,6.28,66660.0,,,,,,,3503.53,,,,,,,593.4,2.0,21.006436,6232.61,296.7,-50.0,"ENTRY @ 593.40 (small green CHoCH, margin $6232.61 [10% of portfolio total $62326.09] @ 2x [ADX 27.6, zone red], 21.006436 units)",169.13,10.0,363.821802,9345.85,143.44,-15.19,,0.57,2.0,21964.363198,6818.84,0.26,-54.15,
2024-07-20,39928.79,64394.15,2068.05,3.32,67139.96,,,,,,,3517.5,,,,,,,593.1,2.0,21.006436,6226.31,296.7,-49.97,,173.6,10.0,363.821802,10972.14,143.44,-17.37,,0.59,2.0,21964.363198,7266.91,0.26,-55.73,
2024-07-21,33063.11,68656.86,4262.71,6.62,68165.34,,,,,,,3535.92,5.0,9.708486,6865.69,2828.74,-20.0,"ENTRY @ 3535.92 (small green CHoCH, margin $6865.69 [10% of portfolio total $68656.86] @ 5x [ADX 24.1, zone green], 9.708486 units)",602.5,2.0,21.006436,6423.77,296.7,-50.76,,184.49,10.0,363.821802,14934.16,143.44,-22.25,,0.6,2.0,21964.363198,7370.14,0.26,-56.07,
2024-07-22,33063.11,65577.44,-3079.43,-4.49,67532.01,,,,,,,3439.6,5.0,9.708486,5930.56,2828.74,-17.76,,587.2,2.0,21.006436,6102.37,296.7,-49.47,,178.9,10.0,363.821802,12900.39,143.44,-19.82,,0.61,2.0,21964.363198,7581.0,0.26,-56.77,
2024-07-23,33063.11,63516.43,-2061.0,-3.14,65936.01,,,,,,,3482.51,5.0,9.708486,6347.16,2828.74,-18.77,,581.9,2.0,21.006436,5991.04,296.7,-49.01,,173.03,10.0,363.821802,10764.76,143.44,-17.1,,0.6,2.0,21964.363198,7350.37,0.26,-56.01,
2024-07-24,33063.11,64223.25,706.82,1.11,65376.0,,,,,,,3335.81,5.0,9.708486,4922.92,2828.74,-15.2,,574.9,2.0,21.006436,5843.99,296.7,-48.39,,178.06,10.0,363.821802,12594.78,143.44,-19.44,,0.62,2.0,21964.363198,7798.45,0.26,-57.46,
2024-07-25,33063.11,59915.08,-4308.17,-6.71,65799.95,,,,,,,3175.48,5.0,9.708486,3366.36,2828.74,-10.92,,570.6,2.0,21.006436,5753.66,296.7,-48.0,,171.85,10.0,363.821802,10335.45,143.44,-16.53,,0.6,2.0,21964.363198,7396.5,0.26,-56.16,
2024-07-26,33063.11,65255.75,5340.68,8.91,67907.99,,,,,,,3274.61,5.0,9.708486,4328.76,2828.74,-13.62,,580.9,2.0,21.006436,5970.03,296.7,-48.92,,183.06,10.0,363.821802,14413.89,143.44,-21.64,,0.6,2.0,21964.363198,7479.96,0.26,-56.44,
2024-07-27,33063.11,65163.49,-92.27,-0.14,67896.5,,,,,,,3249.01,5.0,9.708486,4080.22,2828.74,-12.94,,581.6,2.0,21.006436,5984.73,296.7,-48.99,,183.92,10.0,363.821802,14726.78,143.44,-22.01,,0.6,2.0,21964.363198,7308.64,0.26,-55.87,
2024-07-28,33063.11,65896.68,733.2,1.13,68249.88,,,,,,,3270.16,5.0,9.708486,4285.56,2828.74,-13.5,,583.9,2.0,21.006436,6033.05,296.7,-49.19,,184.9,10.0,363.821802,15083.32,143.44,-22.42,,0.6,2.0,21964.363198,7431.64,0.26,-56.28,
2024-07-29,33063.11,65323.84,-572.84,-0.87,66784.69,,,,,,,3317.66,5.0,9.708486,4746.71,2828.74,-14.74,,574.3,2.0,21.006436,5831.39,296.7,-48.34,,182.57,10.0,363.821802,14235.62,143.44,-21.43,,0.6,2.0,21964.363198,7447.02,0.26,-56.33,
2024-07-30,33063.11,64568.59,-755.25,-1.16,66188.0,,,,,,,3279.21,5.0,9.708486,4373.42,2828.74,-13.74,,588.2,2.0,21.006436,6123.38,296.7,-49.56,,179.16,10.0,363.821802,12994.99,143.44,-19.94,,0.63,2.0,21964.363198,8013.7,0.26,-58.12,
2024-07-31,33063.11,61057.96,-3510.63,-5.44,64628.0,,,,,,,3232.74,5.0,9.708486,3922.27,2828.74,-12.5,,576.5,2.0,21.006436,5877.6,296.7,-48.53,,171.71,10.0,363.821802,10284.51,143.44,-16.46,,0.62,2.0,21964.363198,7910.47,0.26,-57.81,
2024-08-01,33063.11,58580.46,-2477.49,-4.06,65354.02,,,,,,,3203.4,5.0,9.708486,3637.42,2828.74,-11.7,,575.1,2.0,21.006436,5848.19,296.7,-48.41,,167.37,10.0,363.821802,8705.53,143.44,-14.3,,0.6,2.0,21964.363198,7326.21,0.26,-55.93,
2024-08-02,43190.47,49732.55,-8847.91,-15.1,61498.33,,,,,,,2989.61,,,,,,"EXIT @ 2989.61 (small red CHoCH, realized -5303.84)",542.9,,,,,,"EXIT @ 542.90 (small red CHoCH, realized -1060.83)",152.77,,,,,,"EXIT @ 152.77 (small red CHoCH, realized -2404.86)",0.56,2.0,21964.363198,6542.09,0.26,-53.12,
2024-08-03,43190.47,49624.93,-107.63,-0.22,60697.99,,,,,,,2903.64,,,,,,,529.6,,,,,,,142.52,,,,,,,0.56,2.0,21964.363198,6434.46,0.26,-52.71,
2024-08-04,48900.1,48900.1,-724.82,-1.46,58161.0,,,,,,,2688.92,,,,,,,496.9,,,,,,,138.33,,,,,,,0.52,,,,,,"EXIT @ 0.52 (small red CHoCH, realized -63.70)"
2024-08-05,48900.1,48900.1,0.0,0.0,54018.81,,,,,,,2419.59,,,,,,,464.2,,,,,,,129.78,,,,,,,0.49,,,,,,
2024-08-06,48900.1,48900.1,0.0,0.0,56022.01,,,,,,,2461.33,,,,,,,484.8,,,,,,,144.4,,,,,,,0.51,,,,,,
2024-08-07,48900.1,48900.1,0.0,0.0,55134.16,,,,,,,2342.8,,,,,,,475.0,,,,,,,144.77,,,,,,,0.6,,,,,,
2024-08-08,48900.1,48900.1,0.0,0.0,61685.99,,,,,,,2682.5,,,,,,,517.1,,,,,,,163.13,,,,,,,0.62,,,,,,
2024-08-09,48900.1,48900.1,0.0,0.0,60837.99,,,,,,,2598.78,,,,,,,508.7,,,,,,,156.28,,,,,,,0.58,,,,,,
2024-08-10,48900.1,48900.1,0.0,0.0,60923.51,,,,,,,2609.92,,,,,,,523.1,,,,,,,154.01,,,,,,,0.58,,,,,,
2024-08-11,48900.1,48900.1,0.0,0.0,58712.59,,,,,,,2555.38,,,,,,,503.4,,,,,,,141.57,,,,,,,0.55,,,,,,
2024-08-12,48900.1,48900.1,0.0,0.0,59346.64,,,,,,,2722.3,,,,,,,518.2,,,,,,,146.29,,,,,,,0.57,,,,,,
2024-08-13,48900.1,48900.1,0.0,0.0,60587.15,,,,,,,2702.44,,,,,,,524.2,,,,,,,146.65,,,,,,,0.58,,,,,,
2024-08-14,48900.1,48900.1,0.0,0.0,58683.39,,,,,,,2661.45,,,,,,,523.4,,,,,,,143.71,,,,,,,0.57,,,,,,
2024-08-15,48900.1,48900.1,0.0,0.0,57541.06,,,,,,,2569.89,,,,,,,519.2,,,,,,,142.58,,,,,,,0.56,,,,,,
2024-08-16,48900.1,48900.1,0.0,0.0,58874.6,,,,,,,2592.73,,,,,,,519.7,,,,,,,139.04,,,,,,,0.56,,,,,,
2024-08-17,44010.09,48900.1,0.0,0.0,59491.99,,,,,,,2614.51,,,,,,,541.6,2.0,18.057645,4890.01,270.8,-50.0,"ENTRY @ 541.60 (small green CHoCH, margin $4890.01 [10% of portfolio total $48900.10] @ 2x [ADX 27.7, zone red], 18.057645 units)",141.93,,,,,,,0.57,,,,,,
2024-08-18,44010.09,48712.3,-187.8,-0.38,58427.35,,,,,,,2612.15,,,,,,,531.2,2.0,18.057645,4702.21,270.8,-49.02,,142.42,,,,,,,0.56,,,,,,
2024-08-19,44010.09,49203.47,491.17,1.01,59438.5,,,,,,,2636.36,,,,,,,558.4,2.0,18.057645,5193.38,270.8,-51.5,,144.29,,,,,,,0.6,,,,,,
2024-08-20,44010.09,49402.1,198.63,0.4,59013.8,,,,,,,2572.82,,,,,,,569.4,2.0,18.057645,5392.01,270.8,-52.44,,142.27,,,,,,,0.59,,,,,,
2024-08-21,44010.09,49414.74,12.64,0.03,61156.03,,,,,,,2630.71,,,,,,,570.1,2.0,18.057645,5404.65,270.8,-52.5,,142.79,,,,,,,0.6,,,,,,
2024-08-22,44010.09,49645.88,231.14,0.47,60375.84,,,,,,,2622.88,,,,,,,582.9,2.0,18.057645,5635.79,270.8,-53.54,,143.22,,,,,,,0.6,,,,,,
2024-08-23,34049.13,49804.79,158.91,0.32,64037.24,2.0,0.311099,9960.96,32018.62,-50.0,"ENTRY @ 64037.24 (small green CHoCH, margin $9960.96 [20% of portfolio total $49804.79] @ 2x [ADX 22.8, zone red], 0.311099 units)",2762.48,,,,,,,591.7,2.0,18.057645,5794.7,270.8,-54.23,,153.26,,,,,,,0.61,,,,,,
2024-08-24,34049.13,49639.8,-164.99,-0.33,64157.01,2.0,0.311099,9998.22,32018.62,-50.09,,2768.0,,,,,,,580.5,2.0,18.057645,5592.45,270.8,-53.35,,160.67,,,,,,,0.61,,,,,,
2024-08-25,34049.13,49540.22,-99.58,-0.2,64220.0,2.0,0.311099,10017.81,32018.62,-50.14,,2746.13,,,,,,,573.9,2.0,18.057645,5473.27,270.8,-52.81,,158.92,,,,,,,0.6,,,,,,
2024-08-26,34049.13,48644.96,-895.26,-1.81,62834.0,2.0,0.311099,9586.63,32018.62,-49.04,,2680.49,,,,,,,548.2,2.0,18.057645,5009.19,270.8,-50.6,,157.12,,,,,,,0.59,,,,,,
2024-08-27,34049.13,47312.25,-1332.71,-2.74,59415.0,2.0,0.311099,8522.98,32018.62,-46.11,,2457.33,,,,,,,533.3,2.0,18.057645,4740.13,270.8,-49.22,,146.79,,,,,,,0.57,,,,,,
2024-08-28,34049.13,47260.81,-51.44,-0.11,59034.9,2.0,0.311099,8404.74,32018.62,-45.76,,2528.33,,,,,,,537.0,2.0,18.057645,4806.95,270.8,-49.57,,143.95,,,,,,,0.57,,,,,,
2024-08-29,34049.13,47350.81,90.0,0.19,59359.01,2.0,0.311099,8505.57,32018.62,-46.06,,2527.61,,,,,,,536.4,2.0,18.057645,4796.11,270.8,-49.52,,140.0,,,,,,,0.56,,,,,,
2024-08-30,34049.13,47256.03,-94.78,-0.2,59123.99,2.0,0.311099,8432.45,32018.62,-45.84,,2526.0,,,,,,,535.2,2.0,18.057645,4774.44,270.8,-49.4,,137.99,,,,,,,0.57,,,,,,
2024-08-31,34049.13,47167.83,-88.2,-0.19,58973.99,2.0,0.311099,8385.79,32018.62,-45.71,,2513.01,,,,,,,532.9,2.0,18.057645,4732.91,270.8,-49.18,,135.35,,,,,,,0.57,,,,,,
2024-09-01,34049.13,46277.45,-890.38,-1.89,57301.86,2.0,0.311099,7865.59,32018.62,-44.12,,2425.72,,,,,,,512.4,2.0,18.057645,4362.73,270.8,-47.15,,128.5,,,,,,,0.55,,,,,,
2024-09-02,34049.13,47097.85,820.4,1.77,59132.13,2.0,0.311099,8434.98,32018.62,-45.85,,2538.01,,,,,,,526.3,2.0,18.057645,4613.73,270.8,-48.55,,134.94,,,,,,,0.57,,,,,,
2024-09-03,34049.13,46449.04,-648.81,-1.38,57487.73,2.0,0.311099,7923.41,32018.62,-44.3,,2425.29,,,,,,,518.7,2.0,18.057645,4476.49,270.8,-47.79,,127.54,,,,,,,0.56,,,,,,
2024-09-04,34049.13,46398.91,-50.13,-0.11,57970.9,2.0,0.311099,8073.73,32018.62,-44.77,,2450.71,,,,,,,507.6,2.0,18.057645,4276.05,270.8,-46.65,,133.64,,,,,,,0.56,,,,,,
2024-09-05,34049.13,45747.86,-651.05,-1.4,56180.0,2.0,0.311099,7516.58,32018.62,-43.01,,2368.81,,,,,,,502.4,2.0,18.057645,4182.15,270.8,-46.1,,129.41,,,,,,,0.54,,,,,,
2024-09-06,44783.67,44783.67,-964.19,-2.11,53962.97,,,,,,"EXIT @ 53962.97 (small red CHoCH, realized -3134.09)",2225.23,,,,,,,487.2,,,,,,"EXIT @ 487.20 (small red CHoCH, realized -982.34)",125.05,,,,,,,0.52,,,,,,
2024-09-07,44783.67,44783.67,0.0,0.0,54160.86,,,,,,,2273.58,,,,,,,493.5,,,,,,,127.71,,,,,,,0.52,,,,,,
2024-09-08,44783.67,44783.67,0.0,0.0,54869.95,,,,,,,2297.3,,,,,,,503.1,,,,,,,130.15,,,,,,,0.53,,,,,,
2024-09-09,44783.67,44783.67,0.0,0.0,57042.0,,,,,,,2359.5,,,,,,,518.7,,,,,,,135.08,,,,,,,0.54,,,,,,
2024-09-10,44783.67,44783.67,0.0,0.0,57635.99,,,,,,,2388.52,,,,,,,517.0,,,,,,,135.63,,,,,,,0.54,,,,,,
2024-09-11,44783.67,44783.67,0.0,0.0,57338.0,,,,,,,2340.55,,,,,,,530.1,,,,,,,132.42,,,,,,,0.53,,,,,,
2024-09-12,44783.67,44783.67,0.0,0.0,58132.32,,,,,,,2361.76,,,,,,,544.5,,,,,,,136.05,,,,,,,0.56,,,,,,
2024-09-13,44783.67,44783.67,0.0,0.0,60498.0,,,,,,,2439.19,,,,,,,556.4,,,,,,,139.02,,,,,,,0.57,,,,,,
2024-09-14,44783.67,44783.67,0.0,0.0,59993.03,,,,,,,2417.79,,,,,,,553.3,,,,,,,137.14,,,,,,,0.6,,,,,,
2024-09-15,44783.67,44783.67,0.0,0.0,59132.0,,,,,,,2316.1,,,,,,,553.4,,,,,,,131.37,,,,,,,0.57,,,,,,
2024-09-16,44783.67,44783.67,0.0,0.0,58213.99,,,,,,,2295.68,,,,,,,533.7,,,,,,,131.47,,,,,,,0.59,,,,,,
2024-09-17,44783.67,44783.67,0.0,0.0,60313.99,,,,,,,2341.8,,,,,,,546.2,,,,,,,131.54,,,,,,,0.58,,,,,,
2024-09-18,44783.67,44783.67,0.0,0.0,61759.99,,,,,,,2374.75,,,,,,,559.5,,,,,,,134.34,,,,,,,0.59,,,,,,
2024-09-19,40305.3,44783.67,0.0,0.0,62947.99,,,,,,,2465.21,2.0,3.633254,4478.37,1232.6,-50.0,"ENTRY @ 2465.21 (small green CHoCH, margin $4478.37 [10% of portfolio total $44783.67] @ 2x [ADX 34.1, zone red], 3.633254 units)",567.0,,,,,,,142.89,,,,,,,0.59,,,,,,
2024-09-20,40305.3,45133.15,349.48,0.78,63201.05,,,,,,,2561.4,2.0,3.633254,4827.85,1232.6,-51.88,,569.0,,,,,,,146.66,,,,,,,0.59,,,,,,
2024-09-21,40305.3,45318.45,185.3,0.41,63348.96,,,,,,,2612.4,2.0,3.633254,5013.15,1232.6,-52.82,,588.6,,,,,,,149.41,,,,,,,0.6,,,,,,
2024-09-22,40305.3,45204.37,-114.08,-0.25,63578.76,,,,,,,2581.0,2.0,3.633254,4899.06,1232.6,-52.24,,588.7,,,,,,,144.63,,,,,,,0.59,,,,,,
2024-09-23,35760.9,45444.05,239.69,0.53,63339.99,,,,,,,2646.97,2.0,3.633254,5138.75,1232.6,-53.43,,604.5,10.0,75.176264,4544.41,544.05,-10.0,"ENTRY @ 604.50 (small green CHoCH, margin $4544.41 [10% of portfolio total $45444.05] @ 10x [ADX 18.9, zone green], 75.176264 units)",144.79,,,,,,,0.58,,,,,,
2024-09-24,35760.9,45571.93,127.88,0.28,64262.7,,,,,,,2653.2,2.0,3.633254,5161.38,1232.6,-53.54,,605.9,10.0,75.176264,4649.65,544.05,-10.21,,152.73,,,,,,,0.59,,,,,,
2024-09-25,35760.9,43915.04,-1656.9,-3.64,63152.01,,,,,,,2579.95,2.0,3.633254,4895.25,1232.6,-52.22,,587.4,10.0,75.176264,3258.89,544.05,-7.38,,147.98,,,,,,,0.58,,,,,,
2024-09-26,26806.07,44774.16,859.12,1.96,65173.99,10.0,1.373989,8954.83,58656.59,-10.0,"ENTRY @ 65173.99 (small green CHoCH, margin $8954.83 [20% of portfolio total $44774.16] @ 10x [ADX 20.4, zone green], 1.373989 units)",2632.26,2.0,3.633254,5085.3,1232.6,-53.17,,596.3,10.0,75.176264,3927.96,544.05,-8.76,,155.55,,,,,,,0.59,,,,,,
2024-09-27,26806.07,46608.23,1834.07,4.1,65769.95,10.0,1.373989,9773.67,58656.59,-10.82,,2694.43,2.0,3.633254,5311.18,1232.6,-54.25,,606.8,10.0,75.176264,4717.31,544.05,-10.34,,157.64,,,,,,,0.59,,,,,,
2024-09-28,22182.98,46230.88,-377.36,-0.81,65858.0,10.0,1.373989,9894.65,58656.59,-10.93,,2675.21,2.0,3.633254,5241.35,1232.6,-53.92,,601.1,10.0,75.176264,4288.81,544.05,-9.49,,156.75,,,,,,,0.61,10.0,75319.122559,4623.09,0.55,-10.0,"ENTRY @ 0.61 (small green CHoCH, margin $4623.09 [10% of portfolio total $46230.88] @ 10x [ADX 12.6, zone green], 75319.122559 units)"
2024-09-29,22182.98,47465.52,1234.64,2.67,65602.01,10.0,1.373989,9542.93,58656.59,-10.59,,2657.62,2.0,3.633254,5177.44,1232.6,-53.62,,595.6,10.0,75.176264,3875.34,544.05,-8.66,,158.46,,,,,,,0.64,10.0,75319.122559,6686.83,0.55,-13.85,
2024-09-30,22182.98,39774.76,-7690.75,-16.2,63327.59,10.0,1.373989,6417.9,58656.59,-7.38,,2602.23,2.0,3.633254,4976.2,1232.6,-52.63,,567.4,10.0,75.176264,1755.37,544.05,-4.12,,152.49,,,,,,,0.61,10.0,75319.122559,4442.32,0.55,-9.65,
2024-10-01,22182.98,32886.15,-6888.61,-17.32,60805.78,10.0,1.373989,2952.96,58656.59,-3.53,,2447.79,2.0,3.633254,4415.08,1232.6,-49.64,,547.3,,,,,,"** LIQUIDATION EVENT ** @ 544.05 (margin wiped, realized -4544.41)",145.13,,,,,,,0.6,10.0,75319.122559,3335.13,0.55,-7.42,
2024-10-02,22182.98,29031.92,-3854.23,-11.72,60649.28,10.0,1.373989,2737.93,58656.59,-3.29,,2364.1,2.0,3.633254,4111.01,1232.6,-47.86,,542.5,,,,,,,140.18,,,,,,,0.54,,,,,,"** LIQUIDATION EVENT ** @ 0.55 (margin wiped, realized -4623.09)"
2024-10-03,22182.98,29122.08,90.16,0.31,60752.71,10.0,1.373989,2880.04,58656.59,-3.45,,2349.8,2.0,3.633254,4059.05,1232.6,-47.54,,544.8,,,,,,,136.82,,,,,,,0.52,,,,,,
2024-10-04,22182.98,31188.75,2066.67,7.1,62086.0,10.0,1.373989,4711.97,58656.59,-5.52,,2414.41,2.0,3.633254,4293.8,1232.6,-48.95,,555.3,,,,,,,143.24,,,,,,,0.53,,,,,,
2024-10-05,22182.98,31151.18,-37.56,-0.12,62058.0,10.0,1.373989,4673.5,58656.59,-5.48,,2414.66,2.0,3.633254,4294.71,1232.6,-48.95,,563.0,,,,,,,142.59,,,,,,,0.53,,,,,,
2024-10-06,22182.98,32290.21,1139.03,3.66,62819.91,10.0,1.373989,5720.35,58656.59,-6.63,,2440.03,2.0,3.633254,4386.88,1232.6,-49.48,,570.3,,,,,,,146.48,,,,,,,0.53,,,,,,
2024-10-07,22182.98,31408.51,-881.7,-2.73,62224.0,10.0,1.373989,4901.58,58656.59,-5.73,,2422.71,2.0,3.633254,4323.95,1232.6,-49.12,,564.3,,,,,,,143.96,,,,,,,0.53,,,,,,
2024-10-08,22182.98,31387.3,-21.21,-0.07,62160.49,10.0,1.373989,4814.32,58656.59,-5.64,,2440.89,2.0,3.633254,4390.01,1232.6,-49.5,,580.8,,,,,,,143.49,,,,,,,0.53,,,,,,
2024-10-09,22182.98,29036.84,-2350.46,-7.49,60636.02,10.0,1.373989,2719.71,58656.59,-3.26,,2370.47,2.0,3.633254,4134.15,1232.6,-48.0,,570.7,,,,,,,139.33,,,,,,,0.52,,,,,,
2024-10-10,22182.98,28669.62,-367.22,-1.26,60326.39,10.0,1.373989,2294.28,58656.59,-2.77,,2386.49,2.0,3.633254,4192.36,1232.6,-48.35,,563.9,,,,,,,139.03,,,,,,,0.53,,,,,,
2024-10-11,22182.98,31903.7,3234.07,11.28,62540.0,10.0,1.373989,5335.76,58656.59,-6.21,,2439.5,2.0,3.633254,4384.96,1232.6,-49.47,,573.6,,,,,,,145.53,,,,,,,0.54,,,,,,
2024-10-12,22182.98,32953.14,1049.45,3.29,63206.22,10.0,1.373989,6251.14,58656.59,-7.2,,2476.4,2.0,3.633254,4519.02,1232.6,-50.23,,576.6,,,,,,,146.4,,,,,,,0.54,,,,,,
2024-10-13,22182.98,32463.99,-489.15,-1.48,62870.02,10.0,1.373989,5789.2,58656.59,-6.7,,2468.91,2.0,3.633254,4491.81,1232.6,-50.07,,572.2,,,,,,,147.74,,,,,,,0.53,,,,,,
2024-10-14,14690.09,37464.47,5000.48,15.4,66083.99,10.0,1.373989,10205.16,58656.59,-11.24,,2629.79,2.0,3.633254,5076.33,1232.6,-53.13,,589.1,,,,,,,157.59,10.0,237.733797,3746.45,141.83,-10.0,"ENTRY @ 157.59 (small green CHoCH, margin $3746.45 [10% of portfolio total $37464.47] @ 10x [ADX 13.2, zone green], 237.733797 units)",0.55,2.0,13665.682696,3746.45,0.27,-50.0,"ENTRY @ 0.55 (small green CHoCH, margin $3746.45 [10% of portfolio total $37464.47] @ 2x [ADX 14.0, zone red], 13665.682696 units)"
2024-10-15,14690.09,37980.63,516.16,1.38,67074.14,10.0,1.373989,11565.62,58656.59,-12.55,,2607.41,2.0,3.633254,4995.02,1232.6,-52.73,,594.5,,,,,,,154.76,10.0,237.733797,3073.66,141.83,-8.35,,0.54,2.0,13665.682696,3656.25,0.27,-49.39,
2024-10-16,14690.09,38718.77,738.14,1.94,67620.01,10.0,1.373989,12315.64,58656.59,-13.26,,2611.1,2.0,3.633254,5008.42,1232.6,-52.79,,600.9,,,,,,,154.28,10.0,237.733797,2959.55,141.83,-8.07,,0.55,2.0,13665.682696,3745.08,0.27,-49.99,
2024-10-17,14690.09,37472.49,-1246.29,-3.22,67421.78,10.0,1.373989,12043.27,58656.59,-13.0,,2605.8,2.0,3.633254,4989.17,1232.6,-52.7,,592.9,,,,,,,150.5,10.0,237.733797,2060.91,141.83,-5.76,,0.54,2.0,13665.682696,3689.05,0.27,-49.61,
2024-10-18,14690.09,40075.5,2603.01,6.95,68428.0,10.0,1.373989,13425.81,58656.59,-14.28,,2642.17,2.0,3.633254,5121.31,1232.6,-53.35,,599.2,,,,,,,154.94,10.0,237.733797,3116.45,141.83,-8.46,,0.55,2.0,13665.682696,3721.85,0.27,-49.84,
2024-10-19,14690.09,41147.55,1072.05,2.68,68378.0,10.0,1.373989,13357.11,58656.59,-14.22,,2648.2,2.0,3.633254,5143.22,1232.6,-53.45,,597.7,,,,,,,159.79,10.0,237.733797,4269.46,141.83,-11.24,,0.54,2.0,13665.682696,3687.68,0.27,-49.6,
2024-10-20,14690.09,44271.32,3123.76,7.59,69031.99,10.0,1.373989,14255.68,58656.59,-15.03,,2746.91,2.0,3.633254,5501.85,1232.6,-55.13,,605.9,,,,,,,167.4,10.0,237.733797,6078.62,141.83,-15.27,,0.55,2.0,13665.682696,3745.08,0.27,-49.99,
2024-10-21,14690.09,41369.13,-2902.18,-6.56,67377.5,10.0,1.373989,11982.43,58656.59,-12.94,,2666.7,2.0,3.633254,5210.43,1232.6,-53.78,,598.8,,,,,,,166.17,10.0,237.733797,5786.2,141.83,-14.65,,0.54,2.0,13665.682696,3699.98,0.27,-49.69,
2024-10-22,14690.09,41463.57,94.43,0.23,67426.0,10.0,1.373989,12049.07,58656.59,-13.01,,2622.81,2.0,3.633254,5050.97,1232.6,-53.0,,593.8,,,,,,,167.59,10.0,237.733797,6123.78,141.83,-15.37,,0.53,2.0,13665.682696,3549.66,0.27,-48.65,
2024-10-23,14690.09,40730.51,-733.06,-1.77,66668.65,10.0,1.373989,11008.48,58656.59,-12.02,,2524.61,2.0,3.633254,4694.18,1232.6,-51.18,,584.9,,,,,,,170.85,10.0,237.733797,6898.8,141.83,-16.99,,0.53,2.0,13665.682696,3438.97,0.27,-47.86,
2024-10-24,14690.09,44464.89,3734.38,9.17,68198.28,10.0,1.373989,13110.17,58656.59,-13.99,,2535.82,2.0,3.633254,4734.91,1232.6,-51.39,,594.5,,,,,,,177.19,10.0,237.733797,8406.03,141.83,-19.96,,0.53,2.0,13665.682696,3523.7,0.27,-48.47,
2024-10-25,17806.54,38729.11,-5735.79,-12.9,66698.33,10.0,1.373989,11049.26,58656.59,-12.06,,2440.62,2.0,3.633254,4389.03,1232.6,-49.5,,575.3,,,,,,,164.9,10.0,237.733797,5484.28,141.83,-13.99,,0.5,,,,,,"EXIT @ 0.50 (small red CHoCH, realized -629.99)"
2024-10-26,17806.54,40844.9,2115.79,5.46,67092.76,10.0,1.373989,11591.2,58656.59,-12.57,,2482.51,2.0,3.633254,4541.22,1232.6,-50.35,,583.4,,,,,,,170.88,10.0,237.733797,6905.93,141.83,-17.0,,0.51,,,,,,
2024-10-27,17806.54,43580.1,2735.21,6.7,68021.7,10.0,1.373989,12867.55,58656.59,-13.77,,2507.8,2.0,3.633254,4633.11,1232.6,-50.85,,589.2,,,,,,,176.63,10.0,237.733797,8272.9,141.83,-19.7,,0.52,,,,,,
2024-10-28,17806.54,46857.81,3277.71,7.52,69962.21,10.0,1.373989,15533.79,58656.59,-16.16,,2567.48,2.0,3.633254,4849.94,1232.6,-51.99,,601.1,,,,,,,178.29,10.0,237.733797,8667.54,141.83,-20.45,,0.52,,,,,,
2024-10-29,17806.54,51197.31,4339.5,9.26,72736.42,10.0,1.373989,19345.53,58656.59,-19.36,,2638.8,2.0,3.633254,5109.06,1232.6,-53.29,,606.3,,,,,,,179.42,10.0,237.733797,8936.18,141.83,-20.95,,0.53,,,,,,
2024-10-30,17806.54,49651.54,-1545.77,-3.02,72344.74,10.0,1.373989,18807.36,58656.59,-18.92,,2659.19,2.0,3.633254,5183.15,1232.6,-53.65,,595.6,,,,,,,174.87,10.0,237.733797,7854.49,141.83,-18.89,,0.52,,,,,,
2024-10-31,17806.54,44851.15,-4800.39,-9.67,70292.01,10.0,1.373989,15986.93,58656.59,-16.55,,2518.61,2.0,3.633254,4672.38,1232.6,-51.06,,576.6,,,,,,,168.69,10.0,237.733797,6385.29,141.83,-15.92,,0.51,,,,,,
2024-11-01,17806.54,43115.86,-1735.29,-3.87,69496.01,10.0,1.373989,14893.24,58656.59,-15.6,,2511.49,2.0,3.633254,4646.51,1232.6,-50.92,,573.1,,,,,,,166.1,10.0,237.733797,5769.56,141.83,-14.61,,0.51,,,,,,
2024-11-02,17806.54,42903.17,-212.69,-0.49,69374.74,10.0,1.373989,14726.62,58656.59,-15.45,,2494.23,2.0,3.633254,4583.8,1232.6,-50.58,,568.6,,,,,,,166.17,10.0,237.733797,5786.2,141.83,-14.65,,0.51,,,,,,
2024-11-03,17806.54,41082.53,-1820.64,-4.24,68775.99,10.0,1.373989,13903.94,58656.59,-14.71,,2457.73,2.0,3.633254,4451.19,1232.6,-49.85,,557.7,,,,,,,162.53,10.0,237.733797,4920.85,141.83,-12.74,,0.5,,,,,,
2024-11-04,17806.54,38505.17,-2577.36,-6.27,67850.01,10.0,1.373989,12631.65,58656.59,-13.55,,2398.21,2.0,3.633254,4234.94,1232.6,-48.6,,552.5,,,,,,,157.95,10.0,237.733797,3832.03,141.83,-10.21,,0.5,,,,,,
2024-11-05,17806.54,42745.96,4240.8,11.01,69372.01,10.0,1.373989,14722.86,58656.59,-15.45,,2422.55,2.0,3.633254,4323.37,1232.6,-49.12,,563.21,,,,,,,166.62,10.0,237.733797,5893.18,141.83,-14.88,,0.51,,,,,,
2024-11-06,12096.57,57099.72,14353.75,33.58,75571.99,10.0,1.373989,23241.57,58656.59,-22.38,,2721.87,2.0,3.633254,5410.88,1232.6,-54.71,,592.22,,,,,,,186.59,10.0,237.733797,10640.73,141.83,-23.99,,0.54,2.0,21077.783523,5709.97,0.27,-50.0,"ENTRY @ 0.54 (small green CHoCH, margin $5709.97 [10% of portfolio total $57099.72] @ 2x [ADX 20.9, zone red], 21077.783523 units)"
2024-11-07,12096.57,60734.43,3634.71,6.37,75857.89,10.0,1.373989,23634.39,58656.59,-22.68,,2895.47,2.0,3.633254,6041.61,1232.6,-57.43,,598.26,,,,,,,196.35,10.0,237.733797,12961.01,141.83,-27.77,,0.56,2.0,21077.783523,6000.84,0.27,-51.24,
2024-11-08,12096.57,62662.95,1928.52,3.18,76509.78,10.0,1.373989,24530.08,58656.59,-23.33,,2961.75,2.0,3.633254,6282.42,1232.6,-58.38,,597.82,,,,,,,199.85,10.0,237.733797,13793.08,141.83,-29.03,,0.55,2.0,21077.783523,5960.8,0.27,-51.07,
2024-11-09,5734.73,63618.41,955.46,1.52,76677.46,10.0,1.373989,24760.47,58656.59,-23.5,,3126.21,2.0,3.633254,6879.95,1232.6,-60.57,,624.66,10.0,101.844859,6361.84,562.19,-10.0,"ENTRY @ 624.66 (small green CHoCH, margin $6361.84 [10% of portfolio total $63618.41] @ 10x [ADX 15.6, zone green], 101.844859 units)",199.89,10.0,237.733797,13802.59,141.83,-29.05,,0.56,2.0,21077.783523,6078.83,0.27,-51.56,
2024-11-10,5734.73,72204.45,8586.04,13.5,80370.01,10.0,1.373989,29833.99,58656.59,-27.02,,3183.21,2.0,3.633254,7087.04,1232.6,-61.28,,627.33,10.0,101.844859,6633.77,562.19,-10.38,,210.07,10.0,237.733797,16222.72,141.83,-32.48,,0.59,2.0,21077.783523,6692.2,0.27,-53.96,
2024-11-11,5734.73,91100.2,18895.75,26.17,88647.99,10.0,1.373989,41207.84,58656.59,-33.83,,3371.59,2.0,3.633254,7771.48,1232.6,-63.44,,659.63,10.0,101.844859,9923.36,562.19,-14.77,,222.13,10.0,237.733797,19089.79,141.83,-36.15,,0.62,2.0,21077.783523,7373.01,0.27,-56.36,
2024-11-12,5734.73,85448.31,-5651.89,-6.2,87952.01,10.0,1.373989,40251.57,58656.59,-33.31,,3243.8,2.0,3.633254,7307.18,1232.6,-62.0,,625.33,10.0,101.844859,6430.08,562.19,-10.1,,211.64,10.0,237.733797,16595.96,141.83,-32.98,,0.7,2.0,21077.783523,9128.79,0.27,-61.52,
2024-11-13,5734.73,88628.77,3180.46,3.72,90375.2,10.0,1.373989,43581.01,58656.59,-35.1,,3187.16,2.0,3.633254,7101.39,1232.6,-61.33,,620.68,10.0,101.844859,5956.5,562.19,-9.42,,215.13,10.0,237.733797,17425.65,141.83,-34.07,,0.69,2.0,21077.783523,8829.48,0.27,-60.73,
2024-11-14,5734.73,84581.85,-4046.91,-4.57,87325.59,10.0,1.373989,39390.88,58656.59,-32.83,,3058.82,2.0,3.633254,6635.1,1232.6,-59.7,,622.3,10.0,101.844859,6121.49,562.19,-9.66,,209.57,10.0,237.733797,16103.85,141.83,-32.32,,0.77,2.0,21077.783523,10595.8,0.27,-64.98,
2024-11-15,5734.73,94100.33,9518.48,11.25,91032.07,10.0,1.373989,44483.54,58656.59,-35.56,,3090.01,2.0,3.633254,6748.42,1232.6,-60.11,,619.37,10.0,101.844859,5823.08,562.19,-9.23,,218.45,10.0,237.733797,18214.93,141.83,-35.07,,0.89,2.0,21077.783523,13095.63,0.27,-69.64,
2024-11-16,5734.73,98151.64,4051.31,4.31,90586.92,10.0,1.373989,43871.91,58656.59,-35.25,,3132.87,2.0,3.633254,6904.15,1232.6,-60.66,,622.69,10.0,101.844859,6161.21,562.19,-9.72,,215.71,10.0,237.733797,17563.54,141.83,-34.25,,1.12,2.0,21077.783523,17916.12,0.27,-75.83,
2024-11-17,5734.73,100324.05,2172.4,2.21,89855.99,10.0,1.373989,42867.62,58656.59,-34.72,,3076.0,2.0,3.633254,6697.52,1232.6,-59.93,,618.9,10.0,101.844859,5775.21,562.19,-9.16,,237.47,10.0,237.733797,22736.62,141.83,-40.27,,1.05,2.0,21077.783523,16512.34,0.27,-74.31,
2024-11-18,5734.73,103445.04,3120.99,3.11,90464.08,10.0,1.373989,43703.13,58656.59,-35.16,,3207.8,2.0,3.633254,7176.39,1232.6,-61.57,,618.93,10.0,101.844859,5778.27,562.19,-9.17,,239.79,10.0,237.733797,23288.17,141.83,-40.85,,1.11,2.0,21077.783523,17764.36,0.27,-75.68,
2024-11-19,5734.73,104472.49,1027.45,0.99,92310.79,10.0,1.373989,46240.49,58656.59,-36.46,,3107.44,2.0,3.633254,6811.75,1232.6,-60.33,,615.5,10.0,101.844859,5428.94,562.19,-8.66,,237.63,10.0,237.733797,22774.66,141.83,-40.31,,1.1,2.0,21077.783523,17481.91,0.27,-75.38,
2024-11-20,5734.73,105590.35,1117.86,1.07,94286.56,10.0,1.373989,48955.17,58656.59,-37.79,,3069.97,2.0,3.633254,6675.61,1232.6,-59.85,,605.39,10.0,101.844859,4399.29,562.19,-7.14,,235.48,10.0,237.733797,22263.53,141.83,-39.77,,1.1,2.0,21077.783523,17562.01,0.27,-75.46,
2024-11-21,5734.73,121822.48,16232.13,15.37,98317.12,10.0,1.373989,54493.12,58656.59,-40.34,,3355.81,2.0,3.633254,7714.14,1232.6,-63.27,,621.86,10.0,101.844859,6076.68,562.19,-9.59,,256.37,10.0,237.733797,27229.79,141.83,-44.68,,1.25,2.0,21077.783523,20574.02,0.27,-78.28,
2024-11-22,5734.73,128526.22,6703.74,5.5,98892.0,10.0,1.373989,55283.0,58656.59,-40.69,,3327.78,2.0,3.633254,7612.3,1232.6,-62.96,,633.0,10.0,101.844859,7211.23,562.19,-11.19,,256.9,10.0,237.733797,27355.79,141.83,-44.79,,1.47,2.0,21077.783523,25329.17,0.27,-81.6,
2024-11-23,5734.73,128300.64,-225.58,-0.18,97672.4,10.0,1.373989,53607.28,58656.59,-39.95,,3393.91,2.0,3.633254,7852.57,1232.6,-63.68,,650.42,10.0,101.844859,8985.36,562.19,-13.56,,254.89,10.0,237.733797,26877.95,141.83,-44.36,,1.47,2.0,21077.783523,25242.75,0.27,-81.55,
2024-11-24,5734.73,128174.94,-125.7,-0.1,97900.04,10.0,1.373989,53920.05,58656.59,-40.09,,3361.2,2.0,3.633254,7733.73,1232.6,-63.33,,659.65,10.0,101.844859,9925.39,562.19,-14.77,,252.73,10.0,237.733797,26364.44,141.83,-43.88,,1.43,2.0,21077.783523,24496.6,0.27,-81.1,
2024-11-25,5734.73,114453.12,-13721.82,-10.71,93010.01,10.0,1.373989,47201.21,58656.59,-36.94,,3414.49,2.0,3.633254,7927.34,1232.6,-63.9,,636.2,10.0,101.844859,7537.13,562.19,-11.63,,234.18,10.0,237.733797,21954.48,141.83,-39.44,,1.41,2.0,21077.783523,24098.23,0.27,-80.84,
2024-11-26,5734.73,109217.81,-5235.31,-4.57,91965.16,10.0,1.373989,45765.6,58656.59,-36.22,,3324.73,2.0,3.633254,7601.22,1232.6,-62.93,,613.51,10.0,101.844859,5226.27,562.19,-8.36,,230.69,10.0,237.733797,21124.79,141.83,-38.52,,1.4,2.0,21077.783523,23765.2,0.27,-80.63,
2024-11-27,5734.73,123066.76,13848.95,12.68,95863.11,10.0,1.373989,51121.33,58656.59,-38.81,,3653.28,2.0,3.633254,8794.93,1232.6,-66.26,,644.14,10.0,101.844859,8345.78,562.19,-12.72,,241.96,10.0,237.733797,23804.05,141.83,-41.38,,1.47,2.0,21077.783523,25265.94,0.27,-81.57,
2024-11-28,5734.73,123971.16,904.4,0.73,95643.98,10.0,1.373989,50820.25,58656.59,-38.67,,3578.79,2.0,3.633254,8524.29,1232.6,-65.56,,653.83,10.0,101.844859,9332.66,562.19,-14.02,,237.59,10.0,237.733797,22765.15,141.83,-40.3,,1.54,2.0,21077.783523,26794.08,0.27,-82.43,
2024-11-29,5734.73,133413.85,9442.7,7.62,97460.0,10.0,1.373989,53315.44,58656.59,-39.81,,3592.21,2.0,3.633254,8573.04,1232.6,-65.69,,654.67,10.0,101.844859,9418.21,562.19,-14.13,,243.33,10.0,237.733797,24129.74,141.83,-41.71,,1.8,2.0,21077.783523,32242.69,0.27,-84.96,
2024-11-30,5734.73,134061.03,647.18,0.49,96407.99,10.0,1.373989,51869.99,58656.59,-39.16,,3703.6,2.0,3.633254,8977.75,1232.6,-66.72,,653.43,10.0,101.844859,9291.92,562.19,-13.96,,237.6,10.0,237.733797,22767.53,141.83,-40.31,,1.95,2.0,21077.783523,35419.11,0.27,-86.12,
2024-12-01,5734.73,142431.02,8369.99,6.24,97185.18,10.0,1.373989,52937.84,58656.59,-39.64,,3707.61,2.0,3.633254,8992.32,1232.6,-66.75,,655.99,10.0,101.844859,9552.64,562.19,-14.3,,236.8,10.0,237.733797,22577.34,141.83,-40.11,,2.29,2.0,21077.783523,42636.14,0.27,-88.19,
2024-12-02,5734.73,145964.54,3533.52,2.48,95840.62,10.0,1.373989,51090.43,58656.59,-38.8,,3643.42,2.0,3.633254,8759.1,1232.6,-66.17,,647.82,10.0,101.844859,8720.57,562.19,-13.22,,225.72,10.0,237.733797,19943.25,141.83,-37.17,,2.72,2.0,21077.783523,51716.45,0.27,-90.06,
2024-12-03,5734.73,152146.58,6182.04,4.24,95849.69,10.0,1.373989,51102.9,58656.59,-38.8,,3614.51,2.0,3.633254,8654.07,1232.6,-65.9,,734.64,10.0,101.844859,17562.74,562.19,-23.47,,233.92,10.0,237.733797,21892.67,141.83,-39.37,,2.51,2.0,21077.783523,47199.48,0.27,-89.21,
2024-12-04,5734.73,152862.67,716.09,0.47,98587.32,10.0,1.373989,54864.37,58656.59,-40.5,,3837.8,2.0,3.633254,9465.34,1232.6,-67.88,,739.53,10.0,101.844859,18060.76,562.19,-23.98,,229.15,10.0,237.733797,20758.68,141.83,-38.11,,2.36,2.0,21077.783523,43978.8,0.27,-88.51,
2024-12-05,5734.73,147344.38,-5518.29,-3.61,96945.63,10.0,1.373989,52608.7,58656.59,-39.5,,3785.2,2.0,3.633254,9274.23,1232.6,-67.44,,717.1,10.0,101.844859,15776.38,562.19,-21.6,,235.84,10.0,237.733797,22349.12,141.83,-39.86,,2.24,2.0,21077.783523,41601.22,0.27,-87.93,
2024-12-06,5734.73,157359.54,10015.16,6.8,99740.84,10.0,1.373989,56449.29,58656.59,-41.19,,3998.87,2.0,3.633254,10050.54,1232.6,-69.18,,730.22,10.0,101.844859,17112.58,562.19,-23.01,,236.87,10.0,237.733797,22593.98,141.83,-40.12,,2.43,2.0,21077.783523,45418.41,0.27,-88.83,
2024-12-07,5734.73,163645.58,6286.04,3.99,99831.99,10.0,1.373989,56574.53,58656.59,-41.24,,3996.22,2.0,3.633254,10040.92,1232.6,-69.16,,749.72,10.0,101.844859,19098.56,562.19,-25.01,,238.14,10.0,237.733797,22895.9,141.83,-40.44,,2.61,2.0,21077.783523,49300.94,0.27,-89.62,
2024-12-08,5734.73,164196.02,550.45,0.34,101109.59,10.0,1.373989,58329.94,58656.59,-41.99,,4004.15,2.0,3.633254,10069.73,1232.6,-69.22,,742.0,10.0,101.844859,18312.32,562.19,-24.23,,237.02,10.0,237.733797,22629.64,141.83,-40.16,,2.6,2.0,21077.783523,49119.67,0.27,-89.59,
2024-12-09,5734.73,139444.94,-24751.09,-15.07,97276.47,10.0,1.373989,53063.28,58656.59,-39.7,,3712.0,2.0,3.633254,9008.27,1232.6,-66.79,,689.19,10.0,101.844859,12933.89,562.19,-18.43,,216.63,10.0,237.733797,17782.25,141.83,-34.53,,2.21,2.0,21077.783523,40922.52,0.27,-87.76,
2024-12-10,22796.65,139560.21,115.27,0.08,96593.0,10.0,1.373989,52124.2,58656.59,-39.27,,3628.25,2.0,3.633254,8703.99,1232.6,-66.03,,676.8,10.0,101.844859,11672.03,562.19,-16.93,,213.6,,,,,,"EXIT @ 213.60 (small red CHoCH, realized +13315.47)",2.37,2.0,21077.783523,44263.35,0.27,-88.57,
2024-12-11,22796.65,150520.2,10959.99,7.85,101125.0,10.0,1.373989,58351.11,58656.59,-42.0,,3831.81,2.0,3.633254,9443.57,1232.6,-67.83,,711.21,10.0,101.844859,15176.51,562.19,-20.95,,227.29,,,,,,,2.39,2.0,21077.783523,44752.35,0.27,-88.68,
2024-12-12,22796.65,147433.22,-3086.98,-2.05,100004.29,10.0,1.373989,56811.27,58656.59,-41.35,,3881.61,2.0,3.633254,9624.51,1232.6,-68.25,,705.77,10.0,101.844859,14622.48,562.19,-20.34,,226.96,,,,,,,2.34,2.0,21077.783523,43578.32,0.27,-88.42,
2024-12-13,22796.65,153263.34,5830.11,3.95,101424.25,10.0,1.373989,58762.28,58656.59,-42.17,,3906.8,2.0,3.633254,9716.03,1232.6,-68.45,,725.72,10.0,101.844859,16654.28,562.19,-22.53,,224.79,,,,,,,2.42,2.0,21077.783523,45334.1,0.27,-88.81,
2024-12-14,22796.65,151666.68,-1596.66,-1.04,101420.0,10.0,1.373989,58756.44,58656.59,-42.16,,3870.29,2.0,3.633254,9583.38,1232.6,-68.15,,715.79,10.0,101.844859,15642.96,562.19,-21.46,,219.93,,,,,,,2.4,2.0,21077.783523,44887.25,0.27,-88.71,
2024-12-15,22796.65,157463.41,5796.73,3.82,104463.99,10.0,1.373989,62938.85,58656.59,-43.85,,3959.09,2.0,3.633254,9906.01,1232.6,-68.87,,718.87,10.0,101.844859,15956.65,562.19,-21.79,,224.27,,,,,,,2.45,2.0,21077.783523,45865.26,0.27,-88.93,
2024-12-16,22796.65,160711.36,3247.95,2.06,106058.66,10.0,1.373989,65129.9,58656.59,-44.69,,3986.24,2.0,3.633254,10004.66,1232.6,-69.08,,720.58,10.0,101.844859,16130.8,562.19,-21.98,,216.19,,,,,,,2.48,2.0,21077.783523,46649.35,0.27,-89.09,
2024-12-17,22796.65,161935.13,1223.77,0.76,106133.74,10.0,1.373989,65233.06,58656.59,-44.73,,3893.01,2.0,3.633254,9665.93,1232.6,-68.34,,717.69,10.0,101.844859,15836.47,562.19,-21.67,,223.15,,,,,,,2.57,2.0,21077.783523,48403.02,0.27,-89.45,
2024-12-18,22796.65,144214.79,-17720.34,-10.94,100204.01,10.0,1.373989,57085.68,58656.59,-41.46,,3626.8,2.0,3.633254,8698.72,1232.6,-66.01,,686.38,10.0,101.844859,12647.71,562.19,-18.09,,206.53,,,,,,,2.31,2.0,21077.783523,42986.03,0.27,-88.27,
2024-12-19,30733.15,136067.74,-8147.05,-5.65,97461.86,10.0,1.373989,53318.0,58656.59,-39.82,,3417.01,,,,,,"EXIT @ 3417.01 (small red CHoCH, realized +3458.13)",665.62,10.0,101.844859,10533.41,562.19,-15.54,,193.81,,,,,,,2.24,2.0,21077.783523,41483.19,0.27,-87.9,
2024-12-20,30733.15,138711.19,2643.46,1.94,97805.44,10.0,1.373989,53790.07,58656.59,-40.03,,3472.21,,,,,,,678.6,10.0,101.844859,11855.35,562.19,-17.15,,194.48,,,,,,,2.28,2.0,21077.783523,42332.62,0.27,-88.11,
2024-12-21,30733.15,135596.33,-3114.86,-2.25,97291.99,10.0,1.373989,53084.6,58656.59,-39.71,,3338.92,,,,,,,663.49,10.0,101.844859,10316.48,562.19,-15.27,,181.45,,,,,,,2.24,2.0,21077.783523,41462.11,0.27,-87.9,
2024-12-22,30733.15,130570.17,-5026.16,-3.71,95186.27,10.0,1.373989,50191.36,58656.59,-38.38,,3281.83,,,,,,,649.77,10.0,101.844859,8919.17,562.19,-13.48,,180.52,,,,,,,2.2,2.0,21077.783523,40726.49,0.27,-87.7,
2024-12-23,30733.15,135907.43,5337.26,4.09,94881.47,10.0,1.373989,49772.57,58656.59,-38.18,,3422.53,,,,,,,694.16,10.0,101.844859,13440.06,562.19,-19.01,,190.11,,,,,,,2.26,2.0,21077.783523,41961.65,0.27,-88.02,
2024-12-24,30733.15,142691.99,6784.56,4.99,98663.58,10.0,1.373989,54969.15,58656.59,-40.55,,3493.18,,,,,,,696.9,10.0,101.844859,13719.11,562.19,-19.33,,197.09,,,,,,,2.32,2.0,21077.783523,43270.58,0.27,-88.34,
2024-12-25,30733.15,143778.67,1086.68,0.76,99429.6,10.0,1.373989,56021.65,58656.59,-41.01,,3497.0,,,,,,,702.72,10.0,101.844859,14311.85,562.19,-20.0,,197.44,,,,,,,2.3,2.0,21077.783523,42712.02,0.27,-88.21,
2024-12-26,30733.15,134443.13,-9335.54,-6.49,95791.6,10.0,1.373989,51023.08,58656.59,-38.77,,3335.05,,,,,,,689.4,10.0,101.844859,12955.28,562.19,-18.45,,188.46,,,,,,,2.16,2.0,21077.783523,39731.62,0.27,-87.43,
2024-12-27,30733.15,132445.85,-1997.28,-1.49,94299.03,10.0,1.373989,48972.31,58656.59,-37.8,,3333.51,,,,,,,691.85,10.0,101.844859,13204.8,562.19,-18.74,,184.22,,,,,,,2.15,2.0,21077.783523,39535.6,0.27,-87.38,
2024-12-28,30733.15,137699.67,5253.82,3.97,95300.0,10.0,1.373989,50347.63,58656.59,-38.45,,3404.0,,,,,,,722.13,10.0,101.844859,16288.66,562.19,-22.15,,195.5,,,,,,,2.18,2.0,21077.783523,40330.23,0.27,-87.6,
2024-12-29,30733.15,130862.08,-6837.59,-4.97,93738.2,10.0,1.373989,48201.73,58656.59,-37.43,,3356.48,,,,,,,694.71,10.0,101.844859,13496.07,562.19,-19.08,,189.94,,,,,,,2.09,2.0,21077.783523,38431.12,0.27,-87.06,
2024-12-30,30733.15,129898.46,-963.61,-0.74,92792.05,10.0,1.373989,46901.73,58656.59,-36.79,,3361.84,,,,,,,705.36,10.0,101.844859,14580.72,562.19,-20.3,,191.38,,,,,,,2.06,2.0,21077.783523,37682.86,0.27,-86.84,
2024-12-31,30733.15,131188.79,1290.33,0.99,93576.0,10.0,1.373989,47978.87,58656.59,-37.32,,3337.78,,,,,,,702.3,10.0,101.844859,14269.08,562.19,-19.95,,189.31,,,,,,,2.08,2.0,21077.783523,38207.7,0.27,-87.0,
2025-01-01,30733.15,138401.28,7212.49,5.5,94591.79,10.0,1.373989,49374.56,58656.59,-37.99,,3360.38,,,,,,,707.84,10.0,101.844859,14833.3,562.19,-20.58,,194.28,,,,,,,2.33,2.0,21077.783523,43460.28,0.27,-88.39,
2025-01-02,16433.72,142994.32,4593.04,3.32,96984.79,10.0,1.373989,52662.51,58656.59,-39.52,,3455.67,,,,,,,706.25,10.0,101.844859,14671.36,562.19,-20.4,,208.31,2.0,137.28992,14299.43,104.16,-50.0,"ENTRY @ 208.31 (small green CHoCH, margin $14299.43 [10% of portfolio total $142994.32] @ 2x [ADX 30.5, zone red], 137.289920 units)",2.4,2.0,21077.783523,44927.3,0.27,-88.72,
2025-01-03,1639.84,147938.78,4944.46,3.46,98174.18,10.0,1.373989,54296.72,58656.59,-40.25,,3609.01,2.0,8.198303,14793.88,1804.5,-50.0,"ENTRY @ 3609.01 (small green CHoCH, margin $14793.88 [10% of portfolio total $147938.78] @ 2x [ADX 22.6, zone red], 8.198303 units)",714.88,10.0,101.844859,15550.28,562.19,-21.36,,217.99,2.0,137.28992,15628.4,104.16,-52.22,,2.45,2.0,21077.783523,46029.66,0.27,-88.96,
2025-01-04,1639.84,147334.65,-604.13,-0.41,98220.5,10.0,1.373989,54360.36,58656.59,-40.28,,3656.88,2.0,8.198303,15186.33,1804.5,-50.65,,713.41,10.0,101.844859,15400.57,562.19,-21.2,,216.67,2.0,137.28992,15447.18,104.16,-51.93,,2.42,2.0,21077.783523,45300.37,0.27,-88.81,
2025-01-05,1639.84,146056.54,-1278.11,-0.87,98363.61,10.0,1.373989,54556.99,58656.59,-40.37,,3635.99,2.0,8.198303,15015.07,1804.5,-50.37,,709.29,10.0,101.844859,14980.97,562.19,-20.74,,213.41,2.0,137.28992,14999.61,104.16,-51.19,,2.4,2.0,21077.783523,44864.06,0.27,-88.71,
2025-01-06,1639.84,154943.2,8886.66,6.08,102235.6,10.0,1.373989,59877.06,58656.59,-42.63,,3687.45,2.0,8.198303,15436.95,1804.5,-51.06,,729.42,10.0,101.844859,17031.11,562.19,-22.93,,218.22,2.0,137.28992,15659.97,104.16,-52.27,,2.42,2.0,21077.783523,45298.26,0.27,-88.81,
2025-01-07,1639.84,136638.53,-18304.67,-11.81,96954.61,10.0,1.373989,52621.04,58656.59,-39.5,,3381.31,2.0,8.198303,12927.12,1804.5,-46.63,,698.01,10.0,101.844859,13832.16,562.19,-19.46,,202.17,2.0,137.28992,13456.47,104.16,-48.48,,2.27,2.0,21077.783523,42161.89,0.27,-88.07,
2025-01-08,1639.84,134895.61,-1742.92,-1.28,95060.61,10.0,1.373989,50018.71,58656.59,-38.3,,3327.29,2.0,8.198303,12484.25,1804.5,-45.77,,696.03,10.0,101.844859,13630.51,562.19,-19.23,,197.48,2.0,137.28992,12812.58,104.16,-47.26,,2.37,2.0,21077.783523,44309.72,0.27,-88.58,
2025-01-09,25793.98,125641.87,-9253.74,-6.86,92552.49,10.0,1.373989,46572.58,58656.59,-36.62,,3219.2,,,,,,"EXIT @ 3219.20 (small red CHoCH, realized -3195.78)",685.48,,,,,,"EXIT @ 685.48 (small red CHoCH, realized +6194.20)",184.95,2.0,137.28992,11092.34,104.16,-43.68,,2.27,2.0,21077.783523,42182.97,0.27,-88.08,
2025-01-10,25793.98,130461.78,4819.91,3.84,94726.11,10.0,1.373989,49559.11,58656.59,-38.08,,3267.04,,,,,,,693.21,,,,,,,187.68,2.0,137.28992,11467.14,104.16,-44.5,,2.34,2.0,21077.783523,43641.55,0.27,-88.43,
2025-01-11,25793.98,135298.06,4836.28,3.71,94599.99,10.0,1.373989,49385.82,58656.59,-38.0,,3282.83,,,,,,,696.7,,,,,,,188.09,2.0,137.28992,11523.43,104.16,-44.62,,2.58,2.0,21077.783523,48594.83,0.27,-89.49,
2025-01-12,25793.98,133766.87,-1531.2,-1.13,94545.06,10.0,1.373989,49310.35,58656.59,-37.96,,3267.3,,,,,,,693.34,,,,,,,188.51,2.0,137.28992,11581.09,104.16,-44.75,,2.5,2.0,21077.783523,47081.45,0.27,-89.18,
2025-01-13,25793.98,133372.29,-394.58,-0.29,94536.1,10.0,1.373989,49298.04,58656.59,-37.95,,3137.51,,,,,,,688.64,,,,,,,182.87,2.0,137.28992,10806.78,104.16,-43.04,,2.52,2.0,21077.783523,47473.49,0.27,-89.26,
2025-01-14,25793.98,139836.85,6464.57,4.85,96560.86,10.0,1.373989,52080.04,58656.59,-39.25,,3225.63,,,,,,,698.89,,,,,,,187.57,2.0,137.28992,11452.04,104.16,-44.47,,2.67,2.0,21077.783523,50510.8,0.27,-89.84,
2025-01-15,25793.98,157781.17,17944.32,12.83,100497.35,10.0,1.373989,57488.73,58656.59,-41.63,,3451.52,,,,,,,714.59,,,,,,,205.86,2.0,137.28992,13963.07,104.16,-49.4,,3.14,2.0,21077.783523,60535.39,0.27,-91.38,
2025-01-16,25793.98,159959.41,2178.24,1.38,99987.3,10.0,1.373989,56787.92,58656.59,-41.34,,3308.05,,,,,,,708.1,,,,,,,211.14,2.0,137.28992,14687.96,104.16,-50.67,,3.25,2.0,21077.783523,62689.54,0.27,-91.65,
2025-01-17,25793.98,167721.15,7761.74,4.85,104077.48,10.0,1.373989,62407.79,58656.59,-43.64,,3473.63,,,,,,,721.76,,,,,,,219.51,2.0,137.28992,15837.08,104.16,-52.55,,3.29,2.0,21077.783523,63682.31,0.27,-91.77,
2025-01-18,25793.98,173734.03,6012.88,3.59,104556.23,10.0,1.373989,63065.58,58656.59,-43.9,,3307.71,,,,,,,709.52,,,,,,,261.97,2.0,137.28992,21666.41,104.16,-60.24,,3.27,2.0,21077.783523,63208.06,0.27,-91.71,
2025-01-19,25793.98,161437.07,-12296.96,-7.08,101331.57,10.0,1.373989,58634.94,58656.59,-42.11,,3215.12,,,,,,,683.19,,,,,,,252.42,2.0,137.28992,20355.29,104.16,-58.74,,2.96,2.0,21077.783523,56652.87,0.27,-90.84,
2025-01-20,25793.98,164398.27,2961.19,1.83,102260.01,10.0,1.373989,59910.6,58656.59,-42.64,,3284.0,,,,,,,682.51,,,,,,,242.19,2.0,137.28992,18950.81,104.16,-56.99,,3.11,2.0,21077.783523,59742.87,0.27,-91.28,
2025-01-21,25793.98,172295.95,7897.68,4.8,106143.82,10.0,1.373989,65246.91,58656.59,-44.74,,3327.54,,,,,,,692.21,,,,,,,250.33,2.0,137.28992,20068.35,104.16,-58.39,,3.17,2.0,21077.783523,61186.7,0.27,-91.46,
2025-01-22,25793.98,170049.47,-2246.48,-1.3,103706.66,10.0,1.373989,61898.28,58656.59,-43.44,,3242.6,,,,,,,695.52,,,,,,,257.36,2.0,137.28992,21033.5,104.16,-59.53,,3.18,2.0,21077.783523,61323.7,0.27,-91.48,
2025-01-23,25793.98,168462.2,-1587.27,-0.93,103910.34,10.0,1.373989,62178.14,58656.59,-43.55,,3338.21,,,,,,,689.74,,,,,,,253.11,2.0,137.28992,20450.02,104.16,-58.85,,3.12,2.0,21077.783523,60040.07,0.27,-91.32,
2025-01-24,25793.98,169427.21,965.01,0.57,104870.5,10.0,1.373989,63497.39,58656.59,-44.07,,3310.09,,,,,,,680.45,,,,,,,253.37,2.0,137.28992,20485.72,104.16,-58.89,,3.1,2.0,21077.783523,59650.13,0.27,-91.26,
2025-01-25,25793.98,169824.33,397.12,0.23,104746.85,10.0,1.373989,63327.49,58656.59,-44.0,,3318.77,,,,,,,686.4,,,,,,,256.41,2.0,137.28992,20903.08,104.16,-59.38,,3.11,2.0,21077.783523,59799.78,0.27,-91.28,
2025-01-26,25793.98,162911.41,-6912.92,-4.07,102620.0,10.0,1.373989,60405.22,58656.59,-42.84,,3232.61,,,,,,,667.37,,,,,,,240.5,2.0,137.28992,18718.79,104.16,-56.69,,3.02,2.0,21077.783523,57993.41,0.27,-91.04,
2025-01-27,25793.98,162096.61,-814.8,-0.5,102082.83,10.0,1.373989,59667.16,58656.59,-42.54,,3182.44,,,,,,,679.74,,,,,,,234.89,2.0,137.28992,17948.6,104.16,-55.66,,3.06,2.0,21077.783523,58686.87,0.27,-91.13,
2025-01-28,42667.6,160036.99,-2059.62,-1.27,101335.52,10.0,1.373989,58640.36,58656.59,-42.12,,3077.72,,,,,,,661.29,,,,,,,227.06,,,,,,"EXIT @ 227.06 (small red CHoCH, realized +2574.19)",3.06,2.0,21077.783523,58729.03,0.27,-91.14,
2025-01-29,42667.6,163565.39,3528.4,2.2,103733.24,10.0,1.373989,61934.8,58656.59,-43.45,,3113.9,,,,,,,667.97,,,,,,,228.16,,,,,,,3.07,2.0,21077.783523,58962.99,0.27,-91.17,
2025-01-30,42667.6,166175.14,2609.75,1.6,104722.94,10.0,1.373989,63294.64,58656.59,-43.99,,3247.39,,,,,,,677.53,,,,,,,238.31,,,,,,,3.13,2.0,21077.783523,60212.9,0.27,-91.34,
2025-01-31,42667.6,161095.45,-5079.7,-3.06,102429.56,10.0,1.373989,60143.56,58656.59,-42.73,,3300.99,,,,,,,677.47,,,,,,,231.77,,,,,,,3.04,2.0,21077.783523,58284.29,0.27,-91.08,
2025-02-01,42667.6,155294.02,-5801.43,-3.6,100635.65,10.0,1.373989,57678.75,58656.59,-41.71,,3117.54,,,,,,,652.94,,,,,,,213.03,,,,,,,2.88,2.0,21077.783523,54947.67,0.27,-90.59,
2025-02-02,144984.32,144984.32,-10309.7,-6.64,97700.59,,,,,,"EXIT @ 97700.59 (small red CHoCH, realized +44691.18)",2869.68,,,,,,,617.8,,,,,,,203.51,,,,,,,2.58,,,,,,"EXIT @ 2.58 (small red CHoCH, realized +42960.74)"
2025-02-03,144984.32,144984.32,0.0,0.0,101328.52,,,,,,,2879.9,,,,,,,617.21,,,,,,,216.28,,,,,,,2.7,,,,,,
2025-02-04,144984.32,144984.32,0.0,0.0,97763.13,,,,,,,2731.19,,,,,,,572.69,,,,,,,206.64,,,,,,,2.53,,,,,,
2025-02-05,144984.32,144984.32,0.0,0.0,96612.43,,,,,,,2788.25,,,,,,,569.55,,,,,,,196.12,,,,,,,2.38,,,,,,
2025-02-06,144984.32,144984.32,0.0,0.0,96554.35,,,,,,,2686.64,,,,,,,571.72,,,,,,,189.54,,,,,,,2.33,,,,,,
2025-02-07,144984.32,144984.32,0.0,0.0,96506.8,,,,,,,2622.1,,,,,,,577.71,,,,,,,191.99,,,,,,,2.4,,,,,,
2025-02-08,144984.32,144984.32,0.0,0.0,96444.74,,,,,,,2632.46,,,,,,,612.39,,,,,,,199.32,,,,,,,2.42,,,,,,
2025-02-09,144984.32,144984.32,0.0,0.0,96462.75,,,,,,,2627.18,,,,,,,615.81,,,,,,,200.47,,,,,,,2.39,,,,,,
2025-02-10,144984.32,144984.32,0.0,0.0,97430.82,,,,,,,2661.19,,,,,,,618.65,,,,,,,200.47,,,,,,,2.42,,,,,,
2025-02-11,144984.32,144984.32,0.0,0.0,95778.2,,,,,,,2602.59,,,,,,,642.11,,,,,,,197.96,,,,,,,2.41,,,,,,
2025-02-12,130485.89,144984.32,0.0,0.0,97869.99,,,,,,,2738.27,,,,,,,696.93,2.0,41.606566,14498.43,348.46,-50.0,"ENTRY @ 696.93 (small green CHoCH, margin $14498.43 [10% of portfolio total $144984.32] @ 2x [ADX 34.6, zone red], 41.606566 units)",196.78,,,,,,,2.47,,,,,,
2025-02-13,130485.89,143644.17,-1340.15,-0.92,96608.14,,,,,,,2675.87,,,,,,,664.72,2.0,41.606566,13158.28,348.46,-47.58,,194.25,,,,,,,2.56,,,,,,
2025-02-14,130485.89,143435.72,-208.45,-0.15,97500.48,,,,,,,2725.95,,,,,,,659.71,2.0,41.606566,12949.84,348.46,-47.18,,199.39,,,,,,,2.74,,,,,,
2025-02-15,130485.89,143539.74,104.02,0.07,97569.66,,,,,,,2693.04,,,,,,,662.21,2.0,41.606566,13053.85,348.46,-47.38,,194.48,,,,,,,2.76,,,,,,
2025-02-16,130485.89,143992.83,453.1,0.32,96118.12,,,,,,,2661.41,,,,,,,673.1,2.0,41.606566,13506.95,348.46,-48.23,,188.27,,,,,,,2.73,,,,,,
2025-02-17,130485.89,143760.25,-232.58,-0.16,95780.0,,,,,,,2744.05,,,,,,,667.51,2.0,41.606566,13274.37,348.46,-47.8,,177.53,,,,,,,2.66,,,,,,
2025-02-18,130485.89,142956.0,-804.25,-0.56,95671.74,,,,,,,2671.99,,,,,,,648.18,2.0,41.606566,12470.11,348.46,-46.24,,169.32,,,,,,,2.56,,,,,,
2025-02-19,130485.89,143172.35,216.35,0.15,96644.37,,,,,,,2715.5,,,,,,,653.38,2.0,41.606566,12686.47,348.46,-46.67,,168.93,,,,,,,2.74,,,,,,
2025-02-20,130485.89,143296.34,123.99,0.09,98305.0,,,,,,,2738.04,,,,,,,656.36,2.0,41.606566,12810.45,348.46,-46.91,,176.0,,,,,,,2.69,,,,,,
2025-02-21,130485.89,142926.46,-369.88,-0.26,96181.98,,,,,,,2663.0,,,,,,,647.47,2.0,41.606566,12440.57,348.46,-46.18,,168.94,,,,,,,2.57,,,,,,
2025-02-22,130485.89,143804.36,877.9,0.61,96551.01,,,,,,,2763.22,,,,,,,668.57,2.0,41.606566,13318.47,348.46,-47.88,,172.07,,,,,,,2.57,,,,,,
2025-02-23,130485.89,143382.05,-422.31,-0.29,96258.0,,,,,,,2819.69,,,,,,,658.42,2.0,41.606566,12896.16,348.46,-47.08,,167.94,,,,,,,2.58,,,,,,
2025-02-24,141542.21,141542.21,-1839.84,-1.28,91552.88,,,,,,,2513.52,,,,,,,614.2,,,,,,"EXIT @ 614.20 (small red CHoCH, realized -3442.11)",141.81,,,,,,,2.28,,,,,,
2025-02-25,141542.21,141542.21,0.0,0.0,88680.4,,,,,,,2495.7,,,,,,,623.49,,,,,,,144.33,,,,,,,2.32,,,,,,
2025-02-26,141542.21,141542.21,0.0,0.0,84250.09,,,,,,,2336.37,,,,,,,611.57,,,,,,,135.32,,,,,,,2.2,,,,,,
2025-02-27,141542.21,141542.21,0.0,0.0,84708.58,,,,,,,2307.72,,,,,,,605.41,,,,,,,137.68,,,,,,,2.2,,,,,,
2025-02-28,141542.21,141542.21,0.0,0.0,84349.94,,,,,,,2237.59,,,,,,,588.07,,,,,,,148.18,,,,,,,2.15,,,,,,
2025-03-01,141542.21,141542.21,0.0,0.0,86064.53,,,,,,,2217.39,,,,,,,607.93,,,,,,,143.66,,,,,,,2.19,,,,,,
2025-03-02,127387.99,141542.21,0.0,0.0,94270.0,,,,,,,2518.11,,,,,,,623.94,,,,,,,178.71,,,,,,,2.94,2.0,9630.03184,14154.22,1.47,-50.0,"ENTRY @ 2.94 (small green CHoCH, margin $14154.22 [10% of portfolio total $141542.21] @ 2x [ADX 35.1, zone red], 9630.031840 units)"
2025-03-03,127387.99,136223.54,-5318.67,-3.76,86220.61,,,,,,,2149.01,,,,,,,576.1,,,,,,,142.16,,,,,,,2.39,2.0,9630.03184,8835.55,1.47,-38.43,
2025-03-04,127387.99,136868.75,645.21,0.47,87281.98,,,,,,,2171.51,,,,,,,584.01,,,,,,,144.79,,,,,,,2.45,2.0,9630.03184,9480.77,1.47,-40.11,
2025-03-05,127387.99,137306.92,438.17,0.32,90606.01,,,,,,,2241.59,,,,,,,598.24,,,,,,,146.28,,,,,,,2.5,2.0,9630.03184,9918.93,1.47,-41.2,
2025-03-06,127387.99,138272.81,965.89,0.7,89931.89,,,,,,,2202.2,,,,,,,596.5,,,,,,,143.31,,,,,,,2.6,2.0,9630.03184,10884.82,1.47,-43.47,
2025-03-07,127387.99,136206.21,-2066.6,-1.49,86801.75,,,,,,,2141.6,,,,,,,594.77,,,,,,,139.39,,,,,,,2.39,2.0,9630.03184,8818.22,1.47,-38.39,
2025-03-08,127387.99,135634.18,-572.02,-0.42,86222.45,,,,,,,2203.58,,,,,,,593.1,,,,,,,137.01,,,,,,,2.33,2.0,9630.03184,8246.2,1.47,-36.81,
2025-03-09,127387.99,133829.52,-1804.67,-1.33,80734.37,,,,,,,2020.41,,,,,,,554.65,,,,,,,126.51,,,,,,,2.14,2.0,9630.03184,6441.53,1.47,-31.28,
2025-03-10,127387.99,132701.84,-1127.68,-0.84,78595.86,,,,,,,1865.1,,,,,,,531.49,,,,,,,118.32,,,,,,,2.02,2.0,9630.03184,5313.85,1.47,-27.3,
2025-03-11,127387.99,134141.53,1439.69,1.08,82932.99,,,,,,,1923.43,,,,,,,551.61,,,,,,,125.35,,,,,,,2.17,2.0,9630.03184,6753.54,1.47,-32.3,
2025-03-12,127387.99,134801.19,659.66,0.49,83680.12,,,,,,,1908.2,,,,,,,569.87,,,,,,,126.62,,,,,,,2.24,2.0,9630.03184,7413.2,1.47,-34.37,
2025-03-13,127387.99,134927.34,126.15,0.09,81115.78,,,,,,,1864.59,,,,,,,579.8,,,,,,,123.37,,,,,,,2.25,2.0,9630.03184,7539.35,1.47,-34.75,
2025-03-14,127387.99,135925.97,998.63,0.74,83983.2,,,,,,,1911.65,,,,,,,587.76,,,,,,,133.54,,,,,,,2.36,2.0,9630.03184,8537.99,1.47,-37.63,
2025-03-15,113761.97,136260.14,334.16,0.25,84338.44,,,,,,,1937.17,,,,,,,619.83,2.0,43.966938,13626.01,309.92,-50.0,"ENTRY @ 619.83 (small green CHoCH, margin $13626.01 [10% of portfolio total $136260.14] @ 2x [ADX 26.2, zone red], 43.966938 units)",135.86,,,,,,,2.39,2.0,9630.03184,8872.15,1.47,-38.53,
2025-03-16,113761.97,134548.0,-1712.14,-1.26,82574.53,,,,,,,1887.0,,,,,,,602.2,2.0,43.966938,12850.88,309.92,-48.54,,126.13,,,,,,,2.29,2.0,9630.03184,7935.15,1.47,-35.92,
2025-03-17,113761.97,136272.15,1724.16,1.28,84010.03,,,,,,,1926.31,,,,,,,631.69,2.0,43.966938,14147.46,309.92,-50.94,,128.01,,,,,,,2.34,2.0,9630.03184,8362.72,1.47,-37.14,
2025-03-18,113761.97,135590.21,-681.95,-0.5,82715.03,,,,,,,1931.54,,,,,,,627.81,2.0,43.966938,13976.87,309.92,-50.64,,125.33,,,,,,,2.29,2.0,9630.03184,7851.36,1.47,-35.68,
2025-03-19,113761.97,137710.81,2120.6,1.56,86845.94,,,,,,,2056.06,,,,,,,618.7,2.0,43.966938,13576.33,309.92,-49.91,,135.33,,,,,,,2.55,2.0,9630.03184,10372.51,1.47,-42.29,
2025-03-20,113761.97,137161.3,-549.52,-0.4,84223.39,,,,,,,1983.79,,,,,,,630.47,2.0,43.966938,14093.82,309.92,-50.84,,127.6,,,,,,,2.44,2.0,9630.03184,9305.5,1.47,-39.67,
2025-03-21,113761.97,136836.36,-324.93,-0.24,84088.79,,,,,,,1965.75,,,,,,,635.17,2.0,43.966938,14300.47,309.92,-51.21,,128.48,,,,,,,2.38,2.0,9630.03184,8773.92,1.47,-38.27,
2025-03-22,113761.97,136383.22,-453.14,-0.33,83840.59,,,,,,,1980.69,,,,,,,627.01,2.0,43.966938,13941.7,309.92,-50.57,,128.51,,,,,,,2.37,2.0,9630.03184,8679.55,1.47,-38.01,
2025-03-23,113761.97,136898.41,515.19,0.38,86082.5,,,,,,,2005.99,,,,,,,623.79,2.0,43.966938,13800.12,309.92,-50.32,,132.84,,,,,,,2.44,2.0,9630.03184,9336.32,1.47,-39.75,
2025-03-24,100003.3,137586.74,688.32,0.5,87498.16,,,,,,,2081.2,,,,,,,637.08,2.0,43.966938,14384.44,309.92,-51.35,,141.01,2.0,195.144652,13758.67,70.5,-50.0,"ENTRY @ 141.01 (small green CHoCH, margin $13758.67 [10% of portfolio total $137586.74] @ 2x [ADX 25.8, zone red], 195.144652 units)",2.45,2.0,9630.03184,9440.32,1.47,-40.01,
2025-03-25,100003.3,137772.1,185.36,0.13,87392.87,,,,,,,2066.15,,,,,,,629.82,2.0,43.966938,14065.24,309.92,-50.79,,143.64,2.0,195.144652,14271.9,70.5,-50.92,,2.45,2.0,9630.03184,9431.65,1.47,-39.99,
2025-03-26,100003.3,135061.48,-2710.62,-1.97,86909.17,,,,,,,2009.52,,,,,,,617.99,2.0,43.966938,13545.11,309.92,-49.85,,137.34,2.0,195.144652,13042.49,70.5,-48.66,,2.35,2.0,9630.03184,8470.58,1.47,-37.44,
2025-03-27,100003.3,136044.94,983.45,0.73,87232.01,,,,,,,2003.66,,,,,,,637.36,2.0,43.966938,14396.75,309.92,-51.38,,138.43,2.0,195.144652,13255.2,70.5,-49.07,,2.34,2.0,9630.03184,8389.68,1.47,-37.21,
2025-03-28,100003.3,132241.19,-3803.75,-2.8,84424.38,,,,,,,1896.9,,,,,,,619.81,2.0,43.966938,13625.13,309.92,-50.0,,129.49,2.0,195.144652,11510.61,70.5,-45.55,,2.21,2.0,9630.03184,7102.15,1.47,-33.41,
2025-03-29,112888.91,129848.22,-2392.97,-1.81,82648.54,,,,,,,1828.08,,,,,,,602.99,,,,,,"EXIT @ 602.99 (small red CHoCH, realized -740.40)",124.58,2.0,195.144652,10552.45,70.5,-43.41,,2.14,2.0,9630.03184,6406.86,1.47,-31.16,
2025-03-30,112888.91,129912.39,64.17,0.05,82389.99,,,,,,,1807.74,,,,,,,602.2,,,,,,,124.82,2.0,195.144652,10599.28,70.5,-43.51,,2.14,2.0,9630.03184,6424.19,1.47,-31.22,
2025-03-31,112888.91,129405.13,-507.25,-0.39,82550.01,,,,,,,1822.43,,,,,,,604.81,,,,,,,124.54,2.0,195.144652,10544.64,70.5,-43.39,,2.09,2.0,9630.03184,5971.58,1.47,-29.67,
2025-04-01,112888.91,130290.74,885.6,0.68,85158.34,,,,,,,1904.98,,,,,,,611.13,,,,,,,126.67,2.0,195.144652,10960.3,70.5,-44.34,,2.14,2.0,9630.03184,6441.53,1.47,-31.28,
2025-04-02,122044.12,127378.2,-2912.54,-2.24,82516.29,,,,,,,1795.22,,,,,,,590.68,,,,,,,117.42,,,,,,"EXIT @ 117.42 (small red CHoCH, realized -4603.46)",2.02,2.0,9630.03184,5334.07,1.47,-27.37,
2025-04-03,122044.12,127773.99,395.79,0.31,83213.09,,,,,,,1817.23,,,,,,,592.67,,,,,,,117.17,,,,,,,2.06,2.0,9630.03184,5729.87,1.47,-28.82,
2025-04-04,122044.12,128403.79,629.8,0.49,83889.87,,,,,,,1816.87,,,,,,,597.71,,,,,,,122.79,,,,,,,2.13,2.0,9630.03184,6359.67,1.47,-31.0,
2025-04-05,122044.12,128538.62,134.82,0.1,83537.99,,,,,,,1806.01,,,,,,,593.13,,,,,,,120.32,,,,,,,2.14,2.0,9630.03184,6494.49,1.47,-31.45,
2025-04-06,122044.12,126396.9,-2141.72,-1.67,78430.0,,,,,,,1580.76,,,,,,,555.54,,,,,,,105.91,,,,,,,1.92,2.0,9630.03184,4352.77,1.47,-23.52,
2025-04-07,126174.44,126174.44,-222.45,-0.18,79163.24,,,,,,,1553.04,,,,,,,554.6,,,,,,,106.99,,,,,,,1.9,,,,,,"EXIT @ 1.90 (small red CHoCH, realized -10023.90)"
2025-04-08,126174.44,126174.44,0.0,0.0,76322.42,,,,,,,1473.41,,,,,,,553.72,,,,,,,105.4,,,,,,,1.8,,,,,,
2025-04-09,126174.44,126174.44,0.0,0.0,82615.22,,,,,,,1669.51,,,,,,,582.32,,,,,,,119.05,,,,,,,2.05,,,,,,
2025-04-10,126174.44,126174.44,0.0,0.0,79607.3,,,,,,,1522.25,,,,,,,578.03,,,,,,,112.81,,,,,,,1.97,,,,,,
2025-04-11,126174.44,126174.44,0.0,0.0,83423.84,,,,,,,1566.85,,,,,,,585.93,,,,,,,121.41,,,,,,,2.02,,,,,,
2025-04-12,126174.44,126174.44,0.0,0.0,85276.9,,,,,,,1644.18,,,,,,,597.29,,,,,,,132.24,,,,,,,2.16,,,,,,
2025-04-13,126174.44,126174.44,0.0,0.0,83760.0,,,,,,,1597.76,,,,,,,584.28,,,,,,,128.38,,,,,,,2.12,,,,,,
2025-04-14,126174.44,126174.44,0.0,0.0,84591.58,,,,,,,1623.77,,,,,,,584.54,,,,,,,129.42,,,,,,,2.13,,,,,,
2025-04-15,126174.44,126174.44,0.0,0.0,83643.99,,,,,,,1588.78,,,,,,,579.52,,,,,,,126.11,,,,,,,2.08,,,,,,
2025-04-16,126174.44,126174.44,0.0,0.0,84030.38,,,,,,,1577.14,,,,,,,582.8,,,,,,,131.33,,,,,,,2.08,,,,,,
2025-04-17,126174.44,126174.44,0.0,0.0,84947.91,,,,,,,1583.62,,,,,,,590.49,,,,,,,134.83,,,,,,,2.07,,,,,,
2025-04-18,126174.44,126174.44,0.0,0.0,84474.69,,,,,,,1588.6,,,,,,,591.71,,,,,,,134.04,,,,,,,2.06,,,,,,
2025-04-19,126174.44,126174.44,0.0,0.0,85077.01,,,,,,,1613.27,,,,,,,591.73,,,,,,,139.87,,,,,,,2.09,,,,,,
2025-04-20,126174.44,126174.44,0.0,0.0,85179.24,,,,,,,1587.36,,,,,,,592.77,,,,,,,137.86,,,,,,,2.08,,,,,,
2025-04-21,100939.55,126174.44,0.0,0.0,87516.23,10.0,2.883452,25234.89,78764.61,-10.0,"ENTRY @ 87516.23 (small green CHoCH, margin $25234.89 [20% of portfolio total $126174.44] @ 10x [ADX 12.6, zone green], 2.883452 units)",1579.57,,,,,,,597.34,,,,,,,136.56,,,,,,,2.09,,,,,,
2025-04-22,57960.36,143263.97,17089.53,13.54,93442.99,10.0,2.883452,42324.42,78764.61,-15.71,,1756.26,2.0,16.314666,14326.4,878.13,-50.0,"ENTRY @ 1756.26 (small green CHoCH, margin $14326.40 [10% of portfolio total $143263.97] @ 2x [ADX 28.3, zone red], 16.314666 units)",618.51,2.0,46.325515,14326.4,309.26,-50.0,"ENTRY @ 618.51 (small green CHoCH, margin $14326.40 [10% of portfolio total $143263.97] @ 2x [ADX 18.9, zone red], 46.325515 units)",148.79,10.0,962.860224,14326.4,133.91,-10.0,"ENTRY @ 148.79 (small green CHoCH, margin $14326.40 [10% of portfolio total $143263.97] @ 10x [ADX 14.6, zone green], 962.860224 units)",2.21,,,,,,
2025-04-23,57960.36,146243.74,2979.77,2.08,93691.08,10.0,2.883452,43039.77,78764.61,-15.93,,1795.07,2.0,16.314666,14959.57,878.13,-51.08,,605.71,2.0,46.325515,13733.43,309.26,-48.94,,151.1,10.0,962.860224,16550.6,133.91,-11.38,,2.22,,,,,,
2025-04-24,57960.36,147866.9,1623.16,1.11,93980.47,10.0,2.883452,43874.22,78764.61,-16.19,,1769.65,2.0,16.314666,14544.85,878.13,-50.38,,601.55,2.0,46.325515,13540.72,309.26,-48.59,,152.55,10.0,962.860224,17946.75,133.91,-12.22,,2.2,,,,,,
2025-04-25,57960.36,148267.0,400.1,0.27,94638.68,10.0,2.883452,45772.13,78764.61,-16.77,,1784.6,2.0,16.314666,14788.75,878.13,-50.79,,599.91,2.0,46.325515,13464.74,309.26,-48.45,,150.82,10.0,962.860224,16281.0,133.91,-11.21,,2.18,,,,,,
2025-04-26,57960.36,147617.0,-650.0,-0.44,94628.0,10.0,2.883452,45741.34,78764.61,-16.76,,1820.88,2.0,16.314666,15380.65,878.13,-51.77,,607.23,2.0,46.325515,13803.85,309.26,-49.07,,149.21,10.0,962.860224,14730.8,133.91,-10.25,,2.19,,,,,,
2025-04-27,43636.2,143241.59,-4375.41,-2.96,93749.3,10.0,2.883452,43207.65,78764.61,-15.98,,1791.29,2.0,16.314666,14897.9,878.13,-50.98,,603.46,2.0,46.325515,13629.2,309.26,-48.75,,147.98,10.0,962.860224,13546.48,133.91,-9.51,,2.25,10.0,63606.389846,14324.16,2.03,-10.0,"ENTRY @ 2.25 (small green CHoCH, margin $14324.16 [10% of portfolio total $143241.59] @ 10x [ADX 14.8, zone green], 63606.389846 units)"
2025-04-28,43636.2,149739.3,6497.71,4.54,95011.18,10.0,2.883452,46846.22,78764.61,-17.1,,1799.88,2.0,16.314666,15038.04,878.13,-51.21,,606.16,2.0,46.325515,13754.28,309.26,-48.98,,147.84,10.0,962.860224,13411.68,133.91,-9.42,,2.29,10.0,63606.389846,17052.87,2.03,-11.68,
2025-04-29,43636.2,142198.94,-7540.35,-5.04,94256.82,10.0,2.883452,44671.06,78764.61,-16.44,,1797.81,2.0,16.314666,15004.27,878.13,-51.16,,601.0,2.0,46.325515,13515.24,309.26,-48.54,,146.31,10.0,962.860224,11938.5,133.91,-8.47,,2.24,10.0,63606.389846,13433.67,2.03,-9.44,
2025-04-30,43636.2,140016.06,-2182.88,-1.54,94172.0,10.0,2.883452,44426.48,78764.61,-16.36,,1793.61,2.0,16.314666,14935.75,878.13,-51.04,,599.88,2.0,46.325515,13463.35,309.26,-48.45,,147.54,10.0,962.860224,13122.82,133.91,-9.24,,2.19,10.0,63606.389846,10431.45,2.03,-7.49,
2025-05-01,43636.2,151968.67,11952.61,8.54,96489.91,10.0,2.883452,51110.07,78764.61,-18.37,,1838.11,2.0,16.314666,15661.75,878.13,-52.23,,599.63,2.0,46.325515,13451.77,309.26,-48.43,,150.85,10.0,962.860224,16309.89,133.91,-11.23,,2.21,10.0,63606.389846,11798.99,2.03,-8.38,
2025-05-02,43636.2,150343.07,-1625.6,-1.07,96887.14,10.0,2.883452,52255.46,78764.61,-18.7,,1842.2,2.0,16.314666,15728.48,878.13,-52.33,,600.69,2.0,46.325515,13500.88,309.26,-48.52,,148.05,10.0,962.860224,13613.88,133.91,-9.55,,2.21,10.0,63606.389846,11608.17,2.03,-8.26,
2025-05-03,43636.2,144471.88,-5871.19,-3.91,95856.42,10.0,2.883452,49283.43,78764.61,-17.83,,1833.52,2.0,16.314666,15586.87,878.13,-52.11,,599.36,2.0,46.325515,13439.26,309.26,-48.4,,146.71,10.0,962.860224,12323.65,133.91,-8.72,,2.19,10.0,63606.389846,10202.46,2.03,-7.33,
2025-05-04,56457.95,134257.63,-10214.25,-7.07,94277.62,10.0,2.883452,44731.03,78764.61,-16.45,,1808.86,2.0,16.314666,15184.55,878.13,-51.45,,586.03,,,,,,"EXIT @ 586.03 (small red CHoCH, realized -1504.65)",143.95,10.0,962.860224,9666.15,133.91,-6.97,,2.16,10.0,63606.389846,8217.95,2.03,-5.99,
2025-05-05,56457.95,136809.02,2551.39,1.9,94733.68,10.0,2.883452,46046.06,78764.61,-16.86,,1820.19,2.0,16.314666,15369.39,878.13,-51.76,,597.61,,,,,,,146.72,10.0,962.860224,12333.28,133.91,-8.73,,2.13,10.0,63606.389846,6602.34,2.03,-4.87,
2025-05-06,56457.95,144519.26,7710.24,5.64,96834.02,10.0,2.883452,52102.29,78764.61,-18.66,,1817.0,2.0,16.314666,15317.35,878.13,-51.67,,602.57,,,,,,,146.88,10.0,962.860224,12487.33,133.91,-8.83,,2.15,10.0,63606.389846,8154.34,2.03,-5.95,
2025-05-07,56457.95,143600.59,-918.68,-0.64,97030.5,10.0,2.883452,52668.83,78764.61,-18.82,,1811.11,2.0,16.314666,15221.26,878.13,-51.51,,602.7,,,,,,,147.32,10.0,962.860224,12910.99,133.91,-9.1,,2.13,10.0,63606.389846,6341.56,2.03,-4.69,
2025-05-08,36727.74,197302.07,53701.48,37.4,103261.6,10.0,2.883452,70635.91,78764.61,-23.72,,2207.39,2.0,16.314666,21686.43,878.13,-60.22,,629.17,10.0,313.591033,19730.21,566.25,-10.0,"ENTRY @ 629.17 (small green CHoCH, margin $19730.21 [10% of portfolio total $197302.07] @ 10x [ADX 12.6, zone green], 313.591033 units)",164.46,10.0,962.860224,29414.42,133.91,-18.58,,2.33,10.0,63606.389846,19107.36,2.03,-12.91,
2025-05-09,36727.74,219426.43,22124.36,11.21,102971.99,10.0,2.883452,69800.84,78764.61,-23.51,,2345.04,2.0,16.314666,23932.15,878.13,-62.55,,666.29,10.0,313.591033,31370.71,566.25,-15.01,,172.78,10.0,962.860224,37425.41,133.91,-22.5,,2.34,10.0,63606.389846,20169.59,2.03,-13.53,
2025-05-10,36727.74,240872.35,21445.92,9.77,104809.53,10.0,2.883452,75099.3,78764.61,-24.85,,2583.23,2.0,16.314666,27818.14,878.13,-66.01,,663.9,10.0,313.591033,30621.22,566.25,-14.71,,177.89,10.0,962.860224,42345.63,133.91,-24.72,,2.47,10.0,63606.389846,28260.32,2.03,-17.98,
2025-05-11,36727.74,222613.03,-18259.31,-7.58,104118.0,10.0,2.883452,73105.3,78764.61,-24.35,,2514.57,2.0,16.314666,26697.97,878.13,-65.08,,651.15,10.0,313.591033,26622.94,566.25,-13.04,,173.19,10.0,962.860224,37820.19,133.91,-22.68,,2.37,10.0,63606.389846,21638.89,2.03,-14.37,
2025-05-12,36727.74,233516.95,10903.92,4.9,102791.32,10.0,2.883452,69279.88,78764.61,-23.37,,2495.47,2.0,16.314666,26386.36,878.13,-64.81,,660.07,10.0,313.591033,29420.17,566.25,-14.21,,174.22,10.0,962.860224,38811.93,133.91,-23.14,,2.54,10.0,63606.389846,32890.86,2.03,-20.33,
2025-05-13,36727.74,253236.9,19719.94,8.44,104103.72,10.0,2.883452,73064.13,78764.61,-24.34,,2679.71,2.0,16.314666,29392.18,878.13,-67.23,,664.13,10.0,313.591033,30693.35,566.25,-14.74,,183.75,10.0,962.860224,47987.99,133.91,-27.12,,2.58,10.0,63606.389846,35371.51,2.03,-21.53,
2025-05-14,36727.74,237801.13,-15435.76,-6.1,103507.82,10.0,2.883452,71345.88,78764.61,-23.9,,2609.74,2.0,16.314666,28250.64,878.13,-66.35,,652.47,10.0,313.591033,27036.88,566.25,-13.21,,176.64,10.0,962.860224,41142.05,133.91,-24.19,,2.55,10.0,63606.389846,33297.95,2.03,-20.53,
2025-05-15,36727.74,219679.78,-18121.35,-7.62,103763.71,10.0,2.883452,72083.72,78764.61,-24.09,,2548.69,2.0,16.314666,27254.63,878.13,-65.55,,651.88,10.0,313.591033,26851.86,566.25,-13.14,,169.16,10.0,962.860224,33939.86,133.91,-20.84,,2.39,10.0,63606.389846,22821.97,2.03,-15.04,
2025-05-16,36727.74,214957.4,-4722.39,-2.15,103463.9,10.0,2.883452,71219.24,78764.61,-23.87,,2537.12,2.0,16.314666,27065.87,878.13,-65.39,,646.76,10.0,313.591033,25246.27,566.25,-12.45,,167.4,10.0,962.860224,32245.23,133.91,-20.01,,2.38,10.0,63606.389846,22453.06,2.03,-14.83,
2025-05-17,36727.74,207595.19,-7362.21,-3.42,103126.65,10.0,2.883452,70246.79,78764.61,-23.62,,2475.08,2.0,16.314666,26053.71,878.13,-64.52,,639.51,10.0,313.591033,22972.74,566.25,-11.46,,165.94,10.0,962.860224,30839.45,133.91,-19.3,,2.35,10.0,63606.389846,20754.77,2.03,-13.87,
2025-05-18,36727.74,233180.67,25585.48,12.32,106454.26,10.0,2.883452,79841.8,78764.61,-26.01,,2497.78,2.0,16.314666,26424.05,878.13,-64.84,,651.53,10.0,313.591033,26742.1,566.25,-13.09,,173.3,10.0,962.860224,37926.1,133.91,-22.73,,2.43,10.0,63606.389846,25518.88,2.03,-16.52,
2025-05-19,36727.74,221303.25,-11877.43,-5.09,105573.74,10.0,2.883452,77302.86,78764.61,-25.39,,2528.14,2.0,16.314666,26919.36,878.13,-65.27,,649.62,10.0,313.591033,26143.14,566.25,-12.83,,166.86,10.0,962.860224,31725.28,133.91,-19.75,,2.38,10.0,63606.389846,22484.86,2.03,-14.85,
2025-05-20,36727.74,225189.89,3886.64,1.76,106849.99,10.0,2.883452,80982.87,78764.61,-26.28,,2524.19,2.0,16.314666,26854.92,878.13,-65.21,,650.0,10.0,313.591033,26262.31,566.25,-12.88,,168.59,10.0,962.860224,33391.03,133.91,-20.57,,2.36,10.0,63606.389846,20971.03,2.03,-13.99,
2025-05-21,36727.74,248211.39,23021.5,10.22,109643.99,10.0,2.883452,89039.23,78764.61,-28.16,,2550.99,2.0,16.314666,27292.15,878.13,-65.58,,673.31,10.0,313.591033,33572.12,566.25,-15.9,,173.53,10.0,962.860224,38147.56,133.91,-22.83,,2.4,10.0,63606.389846,23432.59,2.03,-15.38,
2025-05-22,36727.74,268349.25,20137.85,8.11,111696.21,10.0,2.883452,94956.71,78764.61,-29.48,,2664.82,2.0,16.314666,29149.25,878.13,-67.05,,686.57,10.0,313.591033,37730.33,566.25,-17.52,,179.68,10.0,962.860224,44069.15,133.91,-25.47,,2.43,10.0,63606.389846,25716.06,2.03,-16.63,
2025-05-23,36727.74,230175.47,-38173.78,-14.23,107318.3,10.0,2.883452,82333.21,78764.61,-26.61,,2526.5,2.0,16.314666,26892.61,878.13,-65.24,,656.98,10.0,313.591033,28451.17,566.25,-13.81,,174.01,10.0,962.860224,38609.73,133.91,-23.04,,2.3,10.0,63606.389846,17161.0,2.03,-11.75,
2025-05-24,36727.74,238911.59,8736.12,3.8,107761.91,10.0,2.883452,83612.34,78764.61,-26.91,,2530.4,2.0,16.314666,26956.23,878.13,-65.3,,668.01,10.0,313.591033,31910.08,566.25,-15.23,,175.87,10.0,962.860224,40400.65,133.91,-23.86,,2.33,10.0,63606.389846,19304.54,2.03,-13.02,
2025-05-25,36727.74,243881.69,4970.1,2.08,109004.19,10.0,2.883452,87194.4,78764.61,-27.74,,2551.22,2.0,16.314666,27295.9,878.13,-65.58,,669.44,10.0,313.591033,32358.52,566.25,-15.41,,175.74,10.0,962.860224,40275.48,133.91,-23.8,,2.34,10.0,63606.389846,20029.65,2.03,-13.45,
2025-05-26,36727.74,244051.42,169.72,0.07,109434.79,10.0,2.883452,88436.01,78764.61,-28.03,,2563.7,2.0,16.314666,27499.51,878.13,-65.75,,674.29,10.0,313.591033,33879.43,566.25,-16.02,,174.91,10.0,962.860224,39476.31,133.91,-23.44,,2.31,10.0,63606.389846,18032.41,2.03,-12.27,
2025-05-27,36727.74,250307.86,6256.45,2.56,108938.17,10.0,2.883452,87004.03,78764.61,-27.7,,2660.81,2.0,16.314666,29083.83,878.13,-67.0,,686.91,10.0,313.591033,37836.95,566.25,-17.57,,176.71,10.0,962.860224,41209.45,133.91,-24.22,,2.32,10.0,63606.389846,18445.85,2.03,-12.52,
2025-05-28,52463.96,240263.87,-10043.99,-4.01,107781.78,10.0,2.883452,83669.64,78764.61,-26.92,,2681.6,2.0,16.314666,29423.01,878.13,-67.25,,686.89,10.0,313.591033,37830.68,566.25,-17.56,,172.21,10.0,962.860224,36876.58,133.91,-22.24,,2.27,,,,,,"EXIT @ 2.27 (small red CHoCH, realized +1412.06)"
2025-05-29,52463.96,224106.04,-16157.83,-6.73,105589.75,10.0,2.883452,77349.02,78764.61,-25.41,,2631.39,2.0,16.314666,28603.85,878.13,-66.63,,675.02,10.0,313.591033,34108.36,566.25,-16.11,,166.71,10.0,962.860224,31580.85,133.91,-19.67,,2.24,,,,,,
2025-05-30,73925.15,201563.06,-22542.98,-10.06,103985.48,10.0,2.883452,72723.19,78764.61,-24.25,,2531.34,2.0,16.314666,26971.57,878.13,-65.31,,655.36,10.0,313.591033,27943.16,566.25,-13.6,,156.2,,,,,,"EXIT @ 156.20 (small red CHoCH, realized +7134.79)",2.14,,,,,,
2025-05-31,73925.15,204089.09,2526.03,1.25,104591.88,10.0,2.883452,74471.71,78764.61,-24.69,,2528.06,2.0,16.314666,26918.06,878.13,-65.26,,658.01,10.0,313.591033,28774.17,566.25,-13.94,,156.45,,,,,,,2.17,,,,,,
2025-06-01,73925.15,208167.17,4078.07,2.0,105642.93,10.0,2.883452,77502.37,78764.61,-25.44,,2539.21,2.0,16.314666,27099.96,878.13,-65.42,,660.77,10.0,313.591033,29639.68,566.25,-14.3,,157.68,,,,,,,2.18,,,,,,
2025-06-02,73925.15,211518.07,3350.91,1.61,105857.99,10.0,2.883452,78122.48,78764.61,-25.59,,2607.41,2.0,16.314666,28212.62,878.13,-66.32,,665.93,10.0,313.591033,31257.81,566.25,-14.97,,156.83,,,,,,,2.2,,,,,,
2025-06-03,73925.15,208540.64,-2977.44,-1.41,105376.89,10.0,2.883452,76735.25,78764.61,-25.25,,2593.36,2.0,16.314666,27983.4,878.13,-66.14,,661.59,10.0,313.591033,29896.83,566.25,-14.41,,155.19,,,,,,,2.24,,,,,,
2025-06-04,73925.15,207327.72,-1212.92,-0.58,104696.86,10.0,2.883452,74774.42,78764.61,-24.77,,2607.68,2.0,16.314666,28217.03,878.13,-66.33,,663.23,10.0,313.591033,30411.12,566.25,-14.62,,153.26,,,,,,,2.2,,,,,,
2025-06-05,120014.13,185595.58,-21732.13,-10.48,101508.68,10.0,2.883452,65581.45,78764.61,-22.41,,2414.01,,,,,,"EXIT @ 2414.01 (small red CHoCH, realized +10730.97)",633.32,,,,,,"EXIT @ 633.32 (small red CHoCH, realized +1301.40)",144.29,,,,,,,2.09,,,,,,
2025-06-06,120014.13,193610.89,8015.31,4.32,104288.44,10.0,2.883452,73596.76,78764.61,-24.47,,2476.1,,,,,,,642.7,,,,,,,147.83,,,,,,,2.16,,,,,,
2025-06-07,120014.13,197254.74,3643.85,1.88,105552.15,10.0,2.883452,77240.61,78764.61,-25.38,,2524.63,,,,,,,650.82,,,,,,,150.06,,,,,,,2.18,,,,,,
2025-06-08,120014.13,197779.09,524.36,0.27,105734.0,10.0,2.883452,77764.96,78764.61,-25.51,,2509.83,,,,,,,652.0,,,,,,,152.45,,,,,,,2.27,,,,,,
2025-06-09,120014.13,210838.31,13059.21,6.6,110263.02,10.0,2.883452,90824.17,78764.61,-28.57,,2680.13,,,,,,,665.58,,,,,,,161.16,,,,,,,2.32,,,,,,
2025-06-10,98927.02,210871.09,32.78,0.02,110274.39,10.0,2.883452,90856.96,78764.61,-28.57,,2816.4,5.0,37.436282,21087.11,2253.12,-20.0,"ENTRY @ 2816.40 (small green CHoCH, margin $21087.11 [10% of portfolio total $210871.09] @ 5x [ADX 23.4, zone green], 37.436282 units)",673.51,,,,,,,165.12,,,,,,,2.31,,,,,,
2025-06-11,98927.02,204496.4,-6374.69,-3.02,108645.12,10.0,2.883452,86159.04,78764.61,-27.5,,2771.61,5.0,37.436282,19410.34,2253.12,-18.71,,667.43,,,,,,,160.97,,,,,,,2.27,,,,,,
2025-06-12,98927.02,191094.99,-13401.41,-6.55,105671.73,10.0,2.883452,77585.41,78764.61,-25.46,,2642.65,5.0,37.436282,14582.56,2253.12,-14.74,,654.75,,,,,,,152.32,,,,,,,2.19,,,,,,
2025-06-13,98927.02,189857.84,-1237.15,-0.65,106066.59,10.0,2.883452,78723.97,78764.61,-25.74,,2579.19,5.0,37.436282,12206.85,2253.12,-12.64,,655.35,,,,,,,148.6,,,,,,,2.15,,,,,,
2025-06-14,98927.02,186164.93,-3692.91,-1.95,105414.64,10.0,2.883452,76844.1,78764.61,-25.28,,2530.76,5.0,37.436282,10393.81,2253.12,-10.97,,645.61,,,,,,,144.64,,,,,,,2.14,,,,,,
2025-06-15,98927.02,187312.94,1148.01,0.62,105594.01,10.0,2.883452,77361.31,78764.61,-25.41,,2547.61,5.0,37.436282,11024.61,2253.12,-11.56,,648.19,,,,,,,152.97,,,,,,,2.17,,,,,,
2025-06-16,98927.02,190645.8,3332.86,1.78,106794.53,10.0,2.883452,80822.95,78764.61,-26.25,,2544.17,5.0,37.436282,10895.83,2253.12,-11.44,,650.74,,,,,,,150.72,,,,,,,2.24,,,,,,
2025-06-17,98927.02,182896.11,-7749.69,-4.06,104551.17,10.0,2.883452,74354.33,78764.61,-24.66,,2509.95,5.0,37.436282,9614.76,2253.12,-10.23,,648.08,,,,,,,147.57,,,,,,,2.16,,,,,,
2025-06-18,98927.02,184427.24,1531.13,0.84,104886.78,10.0,2.883452,75322.04,78764.61,-24.91,,2525.0,5.0,37.436282,10178.18,2253.12,-10.77,,644.77,,,,,,,146.34,,,,,,,2.17,,,,,,
2025-06-19,98927.02,183624.01,-803.23,-0.44,104658.59,10.0,2.883452,74664.07,78764.61,-24.74,,2521.12,5.0,37.436282,10032.92,2253.12,-10.63,,644.65,,,,,,,147.04,,,,,,,2.16,,,,,,
2025-06-20,104668.62,175409.47,-8214.55,-4.47,103297.99,10.0,2.883452,70740.84,78764.61,-23.75,,2406.49,,,,,,"EXIT @ 2406.49 (small red CHoCH, realized -15345.51)",641.61,,,,,,,140.11,,,,,,,2.12,,,,,,
2025-06-21,172012.82,172012.82,-3396.65,-1.94,102120.01,,,,,,"EXIT @ 102120.01 (small red CHoCH, realized +42109.30)",2295.73,,,,,,,628.97,,,,,,,135.43,,,,,,,2.06,,,,,,
2025-06-22,172012.82,172012.82,0.0,0.0,100963.87,,,,,,,2227.7,,,,,,,615.81,,,,,,,131.71,,,,,,,2.02,,,,,,
2025-06-23,172012.82,172012.82,0.0,0.0,105333.93,,,,,,,2411.66,,,,,,,640.49,,,,,,,144.51,,,,,,,2.16,,,,,,
2025-06-24,172012.82,172012.82,0.0,0.0,106083.0,,,,,,,2448.45,,,,,,,643.53,,,,,,,145.92,,,,,,,2.19,,,,,,
2025-06-25,172012.82,172012.82,0.0,0.0,107340.58,,,,,,,2418.49,,,,,,,646.07,,,,,,,143.57,,,,,,,2.19,,,,,,
2025-06-26,172012.82,172012.82,0.0,0.0,106947.06,,,,,,,2415.96,,,,,,,642.3,,,,,,,139.06,,,,,,,2.11,,,,,,
2025-06-27,172012.82,172012.82,0.0,0.0,107047.59,,,,,,,2423.17,,,,,,,645.71,,,,,,,142.09,,,,,,,2.14,,,,,,
2025-06-28,172012.82,172012.82,0.0,0.0,107296.79,,,,,,,2435.62,,,,,,,648.6,,,,,,,150.72,,,,,,,2.19,,,,,,
2025-06-29,172012.82,172012.82,0.0,0.0,108356.93,,,,,,,2500.09,,,,,,,654.9,,,,,,,153.32,,,,,,,2.21,,,,,,
2025-06-30,172012.82,172012.82,0.0,0.0,107146.5,,,,,,,2485.47,,,,,,,656.9,,,,,,,154.81,,,,,,,2.24,,,,,,
2025-07-01,172012.82,172012.82,0.0,0.0,105681.14,,,,,,,2405.01,,,,,,,646.33,,,,,,,146.88,,,,,,,2.17,,,,,,
2025-07-02,172012.82,172012.82,0.0,0.0,108849.6,,,,,,,2570.41,,,,,,,659.71,,,,,,,152.27,,,,,,,2.23,,,,,,
2025-07-03,137610.25,172012.82,0.0,0.0,109584.78,10.0,3.139356,34402.56,98626.3,-10.0,"ENTRY @ 109584.78 (small green CHoCH, margin $34402.56 [20% of portfolio total $172012.82] @ 10x [ADX 11.8, zone green], 3.139356 units)",2591.25,,,,,,,663.59,,,,,,,152.36,,,,,,,2.26,,,,,,
2025-07-04,137610.25,166988.15,-5024.66,-2.92,107984.24,10.0,3.139356,29377.9,98626.3,-8.67,,2508.04,,,,,,,653.6,,,,,,,147.7,,,,,,,2.22,,,,,,
2025-07-05,137610.25,167659.6,671.45,0.4,108198.12,10.0,3.139356,30049.34,98626.3,-8.85,,2516.41,,,,,,,656.16,,,,,,,147.55,,,,,,,2.22,,,,,,
2025-07-06,137610.25,170816.91,3157.31,1.88,109203.84,10.0,3.139356,33206.66,98626.3,-9.69,,2570.35,,,,,,,663.13,,,,,,,151.86,,,,,,,2.27,,,,,,
2025-07-07,137610.25,167863.09,-2953.82,-1.73,108262.94,10.0,3.139356,30252.84,98626.3,-8.9,,2542.29,,,,,,,661.06,,,,,,,148.88,,,,,,,2.27,,,,,,
2025-07-08,137610.25,169935.19,2072.1,1.23,108922.98,10.0,3.139356,32324.94,98626.3,-9.45,,2615.25,,,,,,,660.63,,,,,,,151.67,,,,,,,2.31,,,,,,
2025-07-09,84453.17,177190.28,7255.08,4.27,111233.99,10.0,3.139356,39580.02,98626.3,-11.33,,2768.74,10.0,63.996719,17719.03,2491.87,-10.0,"ENTRY @ 2768.74 (small green CHoCH, margin $17719.03 [10% of portfolio total $177190.28] @ 10x [ADX 12.9, zone green], 63.996719 units)",668.68,,,,,,,157.05,10.0,1128.241166,17719.03,141.35,-10.0,"ENTRY @ 157.05 (small green CHoCH, margin $17719.03 [10% of portfolio total $177190.28] @ 10x [ADX 11.3, zone green], 1128.241166 units)",2.4,10.0,73712.569751,17719.03,2.16,-10.0,"ENTRY @ 2.40 (small green CHoCH, margin $17719.03 [10% of portfolio total $177190.28] @ 10x [ADX 15.9, zone green], 73712.569751 units)"
2025-07-10,62187.74,222654.36,45464.09,25.66,116010.0,10.0,3.139356,54573.62,98626.3,-14.98,,2951.29,10.0,63.996719,29401.63,2491.87,-15.57,,685.8,10.0,324.663694,22265.44,617.22,-10.0,"ENTRY @ 685.80 (small green CHoCH, margin $22265.44 [10% of portfolio total $222654.36] @ 10x [ADX 13.1, zone green], 324.663694 units)",164.34,10.0,1128.241166,25943.91,141.35,-13.99,,2.55,10.0,73712.569751,28282.04,2.16,-15.06,
2025-07-11,62187.74,241276.05,18621.69,8.36,117527.66,10.0,3.139356,59338.09,98626.3,-16.08,,2958.22,10.0,63.996719,29845.13,2491.87,-15.76,,689.99,10.0,324.663694,23625.78,617.22,-10.55,,162.93,10.0,1128.241166,24353.09,141.35,-13.25,,2.73,10.0,73712.569751,41926.24,2.16,-20.82,
2025-07-12,62187.74,236651.94,-4624.11,-1.92,117420.0,10.0,3.139356,59000.11,98626.3,-16.01,,2943.28,10.0,63.996719,28889.01,2491.87,-15.34,,685.86,10.0,324.663694,22284.92,617.22,-10.01,,160.69,10.0,1128.241166,21825.83,141.35,-12.04,,2.74,10.0,73712.569751,42464.34,2.16,-21.03,
2025-07-13,62187.74,253357.08,16705.14,7.06,119086.64,10.0,3.139356,64232.28,98626.3,-17.18,,2972.03,10.0,63.996719,30728.92,2491.87,-16.16,,692.0,10.0,324.663694,24278.35,617.22,-10.81,,161.15,10.0,1128.241166,22344.82,141.35,-12.29,,2.84,10.0,73712.569751,49584.97,2.16,-23.72,
2025-07-14,62187.74,267648.68,14291.6,5.64,119841.18,10.0,3.139356,66601.05,98626.3,-17.7,,3013.62,10.0,63.996719,33390.54,2491.87,-17.31,,689.12,10.0,324.663694,23343.32,617.22,-10.43,,162.21,10.0,1128.241166,23540.75,141.35,-12.86,,2.96,10.0,73712.569751,58585.28,2.16,-26.87,
2025-07-15,62187.74,268429.18,780.5,0.29,117758.09,10.0,3.139356,60061.49,98626.3,-16.25,,3137.89,10.0,63.996719,41343.42,2491.87,-20.59,,689.92,10.0,324.663694,23603.05,617.22,-10.54,,163.98,10.0,1128.241166,25537.74,141.35,-13.8,,2.92,10.0,73712.569751,55695.74,2.16,-25.88,
2025-07-16,62187.74,311835.73,43406.55,16.17,118630.43,10.0,3.139356,62800.08,98626.3,-16.86,,3371.35,10.0,63.996719,56284.09,2491.87,-26.09,,708.61,10.0,324.663694,29671.01,617.22,-12.9,,173.63,10.0,1128.241166,36425.27,141.35,-18.59,,3.04,10.0,73712.569751,64467.54,2.16,-28.79,
2025-07-17,62187.74,359426.66,47590.93,15.26,119177.56,10.0,3.139356,64517.71,98626.3,-17.24,,3476.87,10.0,63.996719,63037.02,2491.87,-28.33,,720.65,10.0,324.663694,33579.97,617.22,-14.35,,175.87,10.0,1128.241166,38952.53,141.35,-19.63,,3.48,10.0,73712.569751,97151.69,2.16,-37.86,
2025-07-18,62187.74,359572.26,145.61,0.04,117924.84,10.0,3.139356,60584.98,98626.3,-16.37,,3546.92,10.0,63.996719,67519.99,2491.87,-29.75,,729.92,10.0,324.663694,36589.6,617.22,-15.44,,177.28,10.0,1128.241166,40543.35,141.35,-20.27,,3.41,10.0,73712.569751,92146.61,2.16,-36.62,
2025-07-19,62187.74,363698.86,4126.6,1.15,117840.0,10.0,3.139356,60318.64,98626.3,-16.3,,3592.01,10.0,63.996719,70405.61,2491.87,-30.63,,733.2,10.0,324.663694,37654.5,617.22,-15.82,,176.96,10.0,1128.241166,40182.31,141.35,-20.13,,3.42,10.0,73712.569751,92950.08,2.16,-36.82,
2025-07-20,62187.74,387326.77,23627.91,6.5,117265.12,10.0,3.139356,58513.88,98626.3,-15.89,,3756.69,10.0,63.996719,80944.59,2491.87,-33.67,,756.82,10.0,324.663694,45323.05,617.22,-18.45,,181.43,10.0,1128.241166,45225.55,141.35,-22.09,,3.45,10.0,73712.569751,95131.97,2.16,-37.36,
2025-07-21,62187.74,414263.45,26936.68,6.95,117380.36,10.0,3.139356,58875.66,98626.3,-15.98,,3762.33,10.0,63.996719,81305.53,2491.87,-33.77,,766.22,10.0,324.663694,48374.89,617.22,-19.45,,195.72,10.0,1128.241166,61348.11,141.35,-27.78,,3.55,10.0,73712.569751,102171.52,2.16,-39.05,
2025-07-22,62187.74,439281.52,25018.07,6.04,119954.42,10.0,3.139356,66956.56,98626.3,-17.78,,3746.21,10.0,63.996719,80273.9,2491.87,-33.48,,786.68,10.0,324.663694,55017.51,617.22,-21.54,,205.7,10.0,1128.241166,72607.96,141.35,-31.29,,3.55,10.0,73712.569751,102237.86,2.16,-39.07,
2025-07-23,62187.74,379332.21,-59949.31,-13.65,118755.99,10.0,3.139356,63194.26,98626.3,-16.95,,3628.29,10.0,63.996719,72727.41,2491.87,-31.32,,776.74,10.0,324.663694,51790.35,617.22,-20.54,,189.4,10.0,1128.241166,54217.63,141.35,-25.37,,3.18,10.0,73712.569751,75214.83,2.16,-32.05,
2025-07-24,62187.74,370909.39,-8422.82,-2.22,118340.99,10.0,3.139356,61891.42,98626.3,-16.66,,3706.94,10.0,63.996719,77760.75,2491.87,-32.78,,770.74,10.0,324.663694,49842.37,617.22,-19.92,,182.87,10.0,1128.241166,46850.21,141.35,-22.71,,3.15,10.0,73712.569751,72376.9,2.16,-31.22,
2025-07-25,62187.74,378724.83,7815.44,2.11,117614.31,10.0,3.139356,59610.12,98626.3,-16.14,,3724.96,10.0,63.996719,78913.97,2491.87,-33.1,,785.45,10.0,324.663694,54618.17,617.22,-21.42,,186.76,10.0,1128.241166,51239.07,141.35,-24.32,,3.14,10.0,73712.569751,72155.76,2.16,-31.15,
2025-07-26,62187.74,382903.37,4178.55,1.1,117919.99,10.0,3.139356,60569.76,98626.3,-16.36,,3741.1,10.0,63.996719,79946.88,2491.87,-33.39,,793.29,10.0,324.663694,57163.54,617.22,-22.19,,184.88,10.0,1128.241166,49117.98,141.35,-23.55,,3.17,10.0,73712.569751,73917.49,2.16,-31.67,
2025-07-27,62187.74,422046.83,39143.45,10.22,119415.55,10.0,3.139356,65264.85,98626.3,-17.41,,3872.1,10.0,63.996719,88330.45,2491.87,-35.65,,844.0,10.0,324.663694,73627.23,617.22,-26.87,,188.64,10.0,1128.241166,53360.17,141.35,-25.07,,3.24,10.0,73712.569751,79276.39,2.16,-33.21,
2025-07-28,62187.74,391904.24,-30142.58,-7.14,118062.32,10.0,3.139356,61016.58,98626.3,-16.46,,3799.0,10.0,63.996719,83652.29,2491.87,-34.41,,824.07,10.0,324.663694,67156.69,617.22,-25.1,,183.11,10.0,1128.241166,47120.99,141.35,-22.81,,3.12,10.0,73712.569751,70769.96,2.16,-30.74,
2025-07-29,62187.74,383554.4,-8349.85,-2.13,117950.76,10.0,3.139356,60666.35,98626.3,-16.38,,3793.79,10.0,63.996719,83318.86,2491.87,-34.32,,805.1,10.0,324.663694,60997.81,617.22,-23.34,,181.48,10.0,1128.241166,45281.96,141.35,-22.12,,3.13,10.0,73712.569751,71101.67,2.16,-30.84,
2025-07-30,62187.74,373981.81,-9572.59,-2.5,117840.3,10.0,3.139356,60319.58,98626.3,-16.31,,3810.0,10.0,63.996719,84356.25,2491.87,-34.6,,793.51,10.0,324.663694,57234.96,617.22,-22.22,,177.77,10.0,1128.241166,41096.18,141.35,-20.49,,3.1,10.0,73712.569751,68787.1,2.16,-30.14,
2025-07-31,62187.74,345223.17,-28758.64,-7.69,115764.08,10.0,3.139356,53801.59,98626.3,-14.8,,3698.39,10.0,63.996719,77213.58,2491.87,-32.62,,783.14,10.0,324.663694,53868.2,617.22,-21.19,,172.22,10.0,1128.241166,34834.45,141.35,-17.93,,3.02,10.0,73712.569751,63317.62,2.16,-28.42,
2025-08-01,172009.31,300335.43,-44887.74,-13.0,113297.93,,,,,,"EXIT @ 113297.93 (small red CHoCH, realized +11656.90)",3488.2,,,,,,"EXIT @ 3488.20 (small red CHoCH, realized +46043.08)",757.08,10.0,324.663694,45407.46,617.22,-18.47,,162.71,10.0,1128.241166,24104.87,141.35,-13.13,,2.96,10.0,73712.569751,58813.79,2.16,-26.94,
2025-08-02,216685.02,274717.34,-25618.08,-8.53,112546.35,,,,,,,3393.94,,,,,,,736.42,10.0,324.663694,38699.91,617.22,-16.19,,158.48,10.0,1128.241166,19332.41,141.35,-10.81,,2.77,,,,,,"EXIT @ 2.77 (small red CHoCH, realized +26956.69)"
2025-08-03,216685.02,283456.68,8739.34,3.18,114208.8,,,,,,,3496.74,,,,,,,751.21,10.0,324.663694,43501.69,617.22,-17.84,,161.97,10.0,1128.241166,23269.97,141.35,-12.73,,2.95,,,,,,
2025-08-04,216685.02,297664.39,14207.71,5.01,115055.03,,,,,,,3720.99,,,,,,,768.63,10.0,324.663694,49157.33,617.22,-19.7,,169.55,10.0,1128.241166,31822.04,141.35,-16.64,,3.07,,,,,,
2025-08-05,216685.02,287121.24,-10543.16,-3.54,114129.75,,,,,,,3612.0,,,,,,,755.13,10.0,324.663694,44774.37,617.22,-18.26,,164.09,10.0,1128.241166,25661.85,141.35,-13.86,,2.96,,,,,,
2025-08-06,216685.02,296315.85,9194.62,3.2,114992.27,,,,,,,3683.31,,,,,,,769.55,10.0,324.663694,49456.02,617.22,-19.79,,168.09,10.0,1128.241166,30174.81,141.35,-15.91,,2.99,,,,,,
2025-08-07,216685.02,310725.73,14409.88,4.86,117472.01,,,,,,,3910.31,,,,,,,788.67,10.0,324.663694,55663.59,617.22,-21.74,,175.36,10.0,1128.241166,38377.12,141.35,-19.4,,3.32,,,,,,
2025-08-08,185295.42,313895.96,3170.23,1.02,116674.74,,,,,,,4009.5,5.0,39.144028,31389.6,3207.6,-20.0,"ENTRY @ 4009.50 (small green CHoCH, margin $31389.60 [10% of portfolio total $313895.96] @ 5x [ADX 38.9, zone green], 39.144028 units)",793.5,10.0,324.663694,57231.72,617.22,-22.22,,176.78,10.0,1128.241166,39979.23,141.35,-20.04,,3.29,,,,,,
2025-08-09,185295.42,329032.79,15136.83,4.82,116462.25,,,,,,,4260.62,5.0,39.144028,41219.44,3207.6,-24.72,,798.83,10.0,324.663694,58962.17,617.22,-22.73,,179.95,10.0,1128.241166,43555.75,141.35,-21.45,,3.23,,,,,,
2025-08-10,185295.42,334420.86,5388.06,1.64,119294.01,,,,,,,4250.57,5.0,39.144028,40826.05,3207.6,-24.54,,807.22,10.0,324.663694,61686.1,617.22,-23.54,,182.66,10.0,1128.241166,46613.28,141.35,-22.62,,3.19,,,,,,
2025-08-11,185295.42,323835.89,-10584.97,-3.17,118686.0,,,,,,,4223.22,5.0,39.144028,39755.46,3207.6,-24.05,,805.09,10.0,324.663694,60994.57,617.22,-23.34,,174.84,10.0,1128.241166,37790.44,141.35,-19.16,,3.13,,,,,,
2025-08-12,112052.39,366215.19,42379.3,13.09,120134.08,10.0,6.096774,73243.04,108120.67,-10.0,"ENTRY @ 120134.08 (small green CHoCH, margin $73243.04 [20% of portfolio total $366215.19] @ 10x [ADX 18.2, zone green], 6.096774 units)",4590.52,5.0,39.144028,54133.06,3207.6,-30.13,,832.47,10.0,324.663694,69883.86,617.22,-25.86,,191.78,10.0,1128.241166,56902.84,141.35,-26.3,,3.27,,,,,,
2025-08-13,112052.39,407794.64,41579.45,11.35,123306.43,10.0,6.096774,92584.14,108120.67,-12.32,,4749.3,5.0,39.144028,60348.35,3207.6,-32.46,,848.01,10.0,324.663694,74929.13,617.22,-27.22,,201.51,10.0,1128.241166,67880.63,141.35,-29.86,,3.27,,,,,,
2025-08-14,112052.39,356653.03,-51141.61,-12.54,118295.09,10.0,6.096774,62031.13,108120.67,-8.6,,4546.84,5.0,39.144028,52423.25,3207.6,-29.45,,840.42,10.0,324.663694,72464.94,617.22,-26.56,,192.47,10.0,1128.241166,57681.33,141.35,-26.56,,3.08,,,,,,
2025-08-15,112052.39,334930.03,-21723.0,-6.09,117342.05,10.0,6.096774,56220.66,108120.67,-7.86,,4439.47,5.0,39.144028,48220.35,3207.6,-27.75,,827.81,10.0,324.663694,68370.93,617.22,-25.44,,185.72,10.0,1128.241166,50065.7,141.35,-23.89,,3.08,,,,,,
2025-08-16,112052.39,342397.6,7467.57,2.23,117380.66,10.0,6.096774,56456.06,108120.67,-7.89,,4421.99,5.0,39.144028,47536.12,3207.6,-27.46,,838.71,10.0,324.663694,71909.76,617.22,-26.41,,189.6,10.0,1128.241166,54443.28,141.35,-25.45,,3.11,,,,,,
2025-08-17,112052.39,351496.96,9099.37,2.66,117405.01,10.0,6.096774,56604.51,108120.67,-7.91,,4472.33,5.0,39.144028,49506.63,3207.6,-28.28,,855.38,10.0,324.663694,77321.91,617.22,-27.84,,190.99,10.0,1128.241166,56011.53,141.35,-25.99,,3.09,,,,,,
2025-08-18,112052.39,326271.73,-25225.24,-7.18,116227.05,10.0,6.096774,49422.76,108120.67,-6.97,,4312.99,5.0,39.144028,43269.42,3207.6,-25.63,,846.99,10.0,324.663694,74597.98,617.22,-27.13,,182.94,10.0,1128.241166,46929.19,141.35,-22.74,,3.06,,,,,,
2025-08-19,112052.39,281519.6,-44752.13,-13.72,112872.94,10.0,6.096774,28973.51,108120.67,-4.21,,4075.59,5.0,39.144028,33976.62,3207.6,-21.3,,824.11,10.0,324.663694,67169.67,617.22,-25.1,,176.22,10.0,1128.241166,39347.41,141.35,-19.79,,2.86,,,,,,
2025-08-20,112052.39,328057.85,46538.25,16.53,114271.24,10.0,6.096774,37498.62,108120.67,-5.38,,4336.16,5.0,39.144028,44176.38,3207.6,-26.03,,869.05,10.0,324.663694,81760.06,617.22,-28.98,,187.94,10.0,1128.241166,52570.4,141.35,-24.79,,2.95,,,,,,
2025-08-21,112052.39,294691.39,-33366.46,-10.17,112500.0,10.0,6.096774,26699.77,108120.67,-3.89,,4225.3,5.0,39.144028,39836.88,3207.6,-24.09,,839.49,10.0,324.663694,72163.0,617.22,-26.48,,180.29,10.0,1128.241166,43939.35,141.35,-21.6,,2.85,,,,,,
2025-08-22,112052.39,388217.74,93526.35,31.74,116935.99,10.0,6.096774,53745.0,108120.67,-7.54,,4832.07,5.0,39.144028,63588.3,3207.6,-33.62,,900.21,10.0,324.663694,91876.58,617.22,-31.44,,200.69,10.0,1128.241166,66955.47,141.35,-29.57,,3.07,,,,,,
2025-08-23,112052.39,374451.62,-13766.12,-3.55,115438.05,10.0,6.096774,44612.4,108120.67,-6.34,,4778.4,5.0,39.144028,61487.44,3207.6,-32.87,,880.42,10.0,324.663694,85451.48,617.22,-29.89,,204.14,10.0,1128.241166,70847.9,141.35,-30.76,,3.05,,,,,,
2025-08-24,112052.39,363471.71,-10979.9,-2.93,113493.59,10.0,6.096774,32757.47,108120.67,-4.73,,4780.15,5.0,39.144028,61555.94,3207.6,-32.9,,876.51,10.0,324.663694,84182.05,617.22,-29.58,,205.98,10.0,1128.241166,72923.87,141.35,-31.38,,3.03,,,,,,
2025-08-25,124192.94,293779.18,-69692.54,-19.17,110111.98,,,,,,"EXIT @ 110111.98 (small red CHoCH, realized -61102.48)",4376.18,5.0,39.144028,45742.93,3207.6,-26.7,,839.32,10.0,324.663694,72107.81,617.22,-26.46,,187.2,10.0,1128.241166,51735.5,141.35,-24.5,,2.86,,,,,,
2025-08-26,124192.94,320250.92,26471.75,9.01,111763.22,,,,,,,4600.63,5.0,39.144028,54528.81,3207.6,-30.28,,863.7,10.0,324.663694,80023.11,617.22,-28.54,,195.86,10.0,1128.241166,61506.07,141.35,-27.83,,3.01,,,,,,
2025-08-27,124192.94,321807.61,1556.69,0.49,111262.01,,,,,,,4506.71,5.0,39.144028,50852.4,3207.6,-28.83,,855.18,10.0,324.663694,77256.97,617.22,-27.83,,202.95,10.0,1128.241166,69505.3,141.35,-30.35,,2.97,,,,,,
2025-08-28,124192.94,340874.07,19066.46,5.92,112566.9,,,,,,,4511.21,5.0,39.144028,51028.55,3207.6,-28.9,,873.47,10.0,324.663694,83195.07,617.22,-29.34,,214.43,10.0,1128.241166,82457.51,141.35,-34.08,,2.97,,,,,,
2025-08-29,124192.94,320786.59,-20087.47,-5.89,108377.4,,,,,,,4360.18,5.0,39.144028,45116.62,3207.6,-26.43,,862.3,10.0,324.663694,79568.58,617.22,-28.42,,205.08,10.0,1128.241166,71908.45,141.35,-31.08,,2.82,,,,,,
2025-08-30,124192.94,318533.21,-2253.39,-0.7,108816.33,,,,,,,4373.7,5.0,39.144028,45645.85,3207.6,-26.66,,862.0,10.0,324.663694,79471.18,617.22,-28.4,,202.7,10.0,1128.241166,69223.24,141.35,-30.27,,2.82,,,,,,
2025-08-31,124192.94,315483.86,-3049.35,-0.96,108246.35,,,,,,,4391.83,5.0,39.144028,46355.53,3207.6,-26.96,,857.65,10.0,324.663694,78058.89,617.22,-28.03,,200.62,10.0,1128.241166,66876.5,141.35,-29.55,,2.78,,,,,,
2025-09-01,124192.94,304847.43,-10636.43,-3.37,109237.42,,,,,,,4314.5,5.0,39.144028,43328.52,3207.6,-25.66,,845.68,10.0,324.663694,74172.67,617.22,-27.01,,197.32,10.0,1128.241166,63153.3,141.35,-28.37,,2.76,,,,,,
2025-09-02,124192.94,321215.32,16367.88,5.37,111240.01,,,,,,,4326.5,5.0,39.144028,43798.25,3207.6,-25.86,,851.8,10.0,324.663694,76159.61,617.22,-27.54,,209.65,10.0,1128.241166,77064.51,141.35,-32.58,,2.86,,,,,,
2025-09-03,124192.94,328292.25,7076.93,2.2,111705.71,,,,,,,4450.46,5.0,39.144028,48650.55,3207.6,-27.93,,854.76,10.0,324.663694,77120.61,617.22,-27.79,,210.77,10.0,1128.241166,78328.14,141.35,-32.94,,2.84,,,,,,
2025-09-04,124192.94,309159.59,-19132.66,-5.83,110730.87,,,,,,,4297.55,5.0,39.144028,42665.03,3207.6,-25.36,,843.63,10.0,324.663694,73507.11,617.22,-26.84,,202.32,10.0,1128.241166,68794.51,141.35,-30.14,,2.79,,,,,,
2025-09-05,124192.94,312834.04,3674.46,1.19,110659.99,,,,,,,4307.45,5.0,39.144028,43052.56,3207.6,-25.53,,850.14,10.0,324.663694,75620.67,617.22,-27.4,,203.36,10.0,1128.241166,69967.88,141.35,-30.5,,2.81,,,,,,
2025-09-06,124192.94,311357.79,-1476.26,-0.47,110187.97,,,,,,,4273.14,5.0,39.144028,41709.53,3207.6,-24.94,,860.85,10.0,324.663694,79097.82,617.22,-28.3,,200.16,10.0,1128.241166,66357.5,141.35,-29.38,,2.81,,,,,,
2025-09-07,124192.94,325868.86,14511.07,4.66,111137.34,,,,,,,4306.19,5.0,39.144028,43003.24,3207.6,-25.51,,880.05,10.0,324.663694,85331.36,617.22,-29.87,,206.35,10.0,1128.241166,73341.32,141.35,-31.5,,2.88,,,,,,
2025-09-08,124192.94,333991.47,8122.61,2.49,112065.23,,,,,,,4306.37,5.0,39.144028,43010.28,3207.6,-25.51,,878.08,10.0,324.663694,84691.77,617.22,-29.71,,214.11,10.0,1128.241166,82096.47,141.35,-33.98,,2.97,,,,,,
2025-09-09,124192.94,338261.23,4269.76,1.28,111546.39,,,,,,,4310.09,5.0,39.144028,43155.9,3207.6,-25.58,,880.01,10.0,324.663694,85318.37,617.22,-29.86,,217.21,10.0,1128.241166,85594.02,141.35,-34.93,,2.95,,,,,,
2025-09-10,124192.94,352003.96,13742.73,4.06,113960.0,,,,,,,4349.32,5.0,39.144028,44691.52,3207.6,-26.25,,893.77,10.0,324.663694,89785.74,617.22,-30.94,,224.07,10.0,1128.241166,93333.75,141.35,-36.92,,2.98,,,,,,
2025-09-11,124192.94,364469.8,12465.85,3.54,115482.69,,,,,,,4458.82,5.0,39.144028,48977.79,3207.6,-28.06,,902.77,10.0,324.663694,92707.72,617.22,-31.63,,228.73,10.0,1128.241166,98591.35,141.35,-38.2,,3.04,,,,,,
2025-09-12,124192.94,396713.74,32243.93,8.85,116029.42,,,,,,,4712.16,5.0,39.144028,58894.54,3207.6,-31.93,,924.8,10.0,324.663694,99860.06,617.22,-33.26,,242.18,10.0,1128.241166,113766.2,141.35,-41.64,,3.11,,,,,,
2025-09-13,124192.94,398036.26,1322.52,0.33,115918.29,,,,,,,4666.53,5.0,39.144028,57108.4,3207.6,-31.26,,933.68,10.0,324.663694,102743.07,617.22,-33.89,,242.38,10.0,1128.241166,113991.85,141.35,-41.68,,3.12,,,,,,
2025-09-14,124192.94,390323.93,-7712.33,-1.94,115268.01,,,,,,,4604.49,5.0,39.144028,54679.9,3207.6,-30.34,,926.51,10.0,324.663694,100415.23,617.22,-33.38,,239.76,10.0,1128.241166,111035.85,141.35,-41.05,,3.03,,,,,,
2025-09-15,124192.94,378796.68,-11527.25,-2.95,115349.71,,,,,,,4523.74,5.0,39.144028,51519.02,3207.6,-29.09,,919.68,10.0,324.663694,98197.78,617.22,-32.89,,234.31,10.0,1128.241166,104886.94,141.35,-39.68,,3.0,,,,,,
2025-09-16,124192.94,392585.89,13789.21,3.64,116788.96,,,,,,,4501.29,5.0,39.144028,50640.24,3207.6,-28.74,,955.65,10.0,324.663694,109875.93,617.22,-35.41,,236.96,10.0,1128.241166,107876.78,141.35,-40.35,,3.04,,,,,,
2025-09-17,124192.94,416115.35,23529.46,5.99,116447.59,,,,,,,4590.53,5.0,39.144028,54133.45,3207.6,-30.13,,989.98,10.0,324.663694,121021.64,617.22,-37.65,,244.84,10.0,1128.241166,116767.32,141.35,-42.27,,3.08,,,,,,
2025-09-18,124192.94,416101.64,-13.72,-0.0,117073.53,,,,,,,4587.66,5.0,39.144028,54021.11,3207.6,-30.08,,981.04,10.0,324.663694,118119.15,617.22,-37.09,,247.5,10.0,1128.241166,119768.44,141.35,-42.89,,3.07,,,,,,
2025-09-19,124192.94,402313.9,-13787.73,-3.31,115632.38,,,,,,,4468.59,5.0,39.144028,49360.23,3207.6,-28.22,,984.1,10.0,324.663694,119112.62,617.22,-37.28,,238.53,10.0,1128.241166,109648.12,141.35,-40.74,,2.99,,,,,,
2025-09-20,124192.94,423221.49,20907.59,5.2,115685.63,,,,,,,4480.42,5.0,39.144028,49823.3,3207.6,-28.41,,1043.77,10.0,324.663694,138485.3,617.22,-40.87,,239.48,10.0,1128.241166,110719.95,141.35,-40.98,,2.98,,,,,,
2025-09-21,124192.94,419396.47,-3825.02,-0.9,115232.29,,,,,,,4444.97,5.0,39.144028,48435.65,3207.6,-27.84,,1047.8,10.0,324.663694,139793.69,617.22,-41.09,,236.16,10.0,1128.241166,106974.19,141.35,-40.15,,2.97,,,,,,
2025-09-22,163003.46,374143.66,-45252.81,-10.79,112650.99,,,,,,,4199.08,,,,,,"EXIT @ 4199.08 (small red CHoCH, realized +7420.92)",992.9,10.0,324.663694,121969.66,617.22,-37.84,,220.38,10.0,1128.241166,89170.54,141.35,-35.86,,2.85,,,,,,
2025-09-23,163003.46,373648.95,-494.71,-0.13,111998.8,,,,,,,4164.26,,,,,,,1015.98,10.0,324.663694,129462.89,617.22,-39.25,,213.3,10.0,1128.241166,81182.59,141.35,-33.73,,2.82,,,,,,
2025-09-24,163003.46,372545.85,-1103.1,-0.3,113307.0,,,,,,,4152.81,,,,,,,1018.49,10.0,324.663694,130277.8,617.22,-39.4,,211.6,10.0,1128.241166,79264.58,141.35,-33.2,,2.93,,,,,,
2025-09-25,220989.42,327699.88,-44845.97,-12.04,108994.49,,,,,,,3874.36,,,,,,,945.9,10.0,324.663694,106710.46,617.22,-34.75,,192.74,,,,,,"EXIT @ 192.74 (small red CHoCH, realized +40266.93)",2.74,,,,,,
2025-09-26,220989.42,332537.37,4837.49,1.48,109643.46,,,,,,,4032.24,,,,,,,960.8,10.0,324.663694,111547.95,617.22,-35.76,,205.17,,,,,,,2.78,,,,,,
2025-09-27,220989.42,335021.05,2483.68,0.75,109635.85,,,,,,,4018.38,,,,,,,968.45,10.0,324.663694,114031.63,617.22,-36.27,,203.46,,,,,,,2.8,,,,,,
2025-09-28,220989.42,342994.79,7973.74,2.38,112163.95,,,,,,,4142.16,,,,,,,993.01,10.0,324.663694,122005.37,617.22,-37.84,,210.83,,,,,,,2.87,,,,,,
2025-09-29,220989.42,354935.92,11941.13,3.48,114311.96,,,,,,,4215.07,,,,,,,1029.79,10.0,324.663694,133946.5,617.22,-40.06,,212.75,,,,,,,2.88,,,,,,
2025-09-30,220989.42,348027.07,-6908.84,-1.95,114048.93,,,,,,,4145.15,,,,,,,1008.51,10.0,324.663694,127037.66,617.22,-38.8,,208.68,,,,,,,2.85,,,,,,
