date,open,high,low,close,volume,pct_change,ema12,ema20,ema26,az_bullish,adx14,di_plus,di_minus,big_swing_high,big_swing_low,big_pivot_label,big_break,small_swing_high,small_swing_low,small_pivot_label,small_break,structure_action,a_liquidate_price,a_pct_liquidate,a_leverage,a_position_size,a_notional,a_total,a_pnl,a_pct_pnl,a_margin,a_position,a_unrealized,a_realized,a_action,b_liquidate_price,b_pct_liquidate,b_leverage,b_position_size,b_notional,b_total,b_pnl,b_pct_pnl,b_margin,b_position,b_unrealized,b_realized,b_action
2022-07-10,243.3,243.5,231.7,234.7,396712.24,-3.53,233.76,234.7,238.05,False,23.79,19.13,21.75,,,,,,,,,,,,,,,2000.0,0.0,0.0,0.0,0.0,,2000.0,,,,,,,2000.0,0.0,0.0,0.0,0.0,,2000.0,
2022-07-11,234.7,235.0,225.1,225.6,419335.07,-3.88,232.5,233.84,237.13,False,23.09,18.16,24.02,,,,,,,,,,,,,,,2000.0,0.0,0.0,0.0,0.0,,2000.0,,,,,,,2000.0,0.0,0.0,0.0,0.0,,2000.0,
2022-07-12,225.7,228.3,220.2,220.6,410220.07,-2.22,230.67,232.57,235.9,False,22.8,17.38,25.58,,,,,,,,,,,,,,,2000.0,0.0,0.0,0.0,0.0,,2000.0,,,,,,,2000.0,0.0,0.0,0.0,0.0,,2000.0,
2022-07-13,220.6,231.3,216.4,230.5,714589.61,4.49,230.65,232.38,235.5,False,22.81,16.03,25.57,,,,,,216.4,HL,,SMALL HH confirmed @ 247.70,,,,,,2000.0,0.0,0.0,0.0,0.0,,2000.0,,,,,,,2000.0,0.0,0.0,0.0,0.0,,2000.0,
2022-07-14,230.5,240.0,227.1,238.5,577524.87,3.47,231.85,232.96,235.72,False,21.9,19.51,23.84,,,,,,,,,,,,,,,2000.0,0.0,0.0,0.0,0.0,,2000.0,,,,,,,2000.0,0.0,0.0,0.0,0.0,,2000.0,
2022-07-15,238.6,242.7,235.4,238.5,446513.82,0.0,232.88,233.49,235.93,False,20.78,20.2,22.9,,,,,,,,,,,,,,,2000.0,0.0,0.0,0.0,0.0,,2000.0,,,,,,,2000.0,0.0,0.0,0.0,0.0,,2000.0,
2022-07-16,238.6,251.5,233.9,249.8,423399.99,4.74,235.48,235.04,236.96,False,19.66,22.99,20.76,,,,,,,,BULL_CHOCH,SMALL BULL CHOCH @ 249.80 (level 247.70),124.9,-50.0,1.0,8.006405,2000.0,2000.0,0.0,0.0,1000.0,1000.0,0.0,1000.0,"ENTRY @ 249.80 (small green CHoCH, margin $1000.00 [50% of bank] @ 2x [ADX 19.7, zone red], 8.006405 units)",,,,,,2000.0,0.0,0.0,0.0,0.0,,2000.0,
2022-07-17,249.8,256.1,246.4,247.8,436448.55,-0.8,237.38,236.26,237.76,False,19.0,24.27,19.67,,,,,,,,,,124.9,-49.6,1.0,8.006405,1983.99,1983.99,-16.01,-0.8,983.99,991.99,-8.01,1000.0,,,,,,,2000.0,0.0,0.0,0.0,0.0,,2000.0,
2022-07-18,247.8,265.6,247.6,264.1,747067.03,6.58,241.49,238.91,239.71,True,19.11,26.98,17.8,,,,,,,,,SMALL HL confirmed @ 216.40,124.9,-52.71,1.0,8.006405,2114.49,2114.49,130.5,6.58,1114.49,1057.25,57.25,1000.0,,,,,,,2000.0,0.0,0.0,0.0,0.0,,2000.0,
2022-07-19,264.1,274.8,255.8,268.6,946386.94,1.7,245.66,241.74,241.85,True,19.8,29.07,16.07,,,,,274.8,,HH,,,124.9,-53.5,1.0,8.006405,2150.52,2150.52,36.03,1.7,1150.52,1075.26,75.26,1000.0,,,,,,,2000.0,0.0,0.0,0.0,0.0,,2000.0,
2022-07-20,268.6,272.0,256.4,258.2,771496.81,-3.87,247.59,243.3,243.06,True,20.44,26.76,14.79,,,,,,,,,,124.9,-51.63,1.0,8.006405,2067.25,2067.25,-83.27,-3.87,1067.25,1033.63,33.63,1000.0,,,,,,,2000.0,0.0,0.0,0.0,0.0,,2000.0,
2022-07-21,258.3,266.0,250.7,265.6,545140.27,2.87,250.36,245.43,244.73,True,20.4,24.69,16.53,,,,,,,,,,124.9,-52.97,1.0,8.006405,2126.5,2126.5,59.25,2.87,1126.5,1063.25,63.25,1000.0,,,,,,,2000.0,0.0,0.0,0.0,0.0,,2000.0,
2022-07-22,265.6,271.4,261.1,262.4,508542.32,-1.2,252.21,247.04,246.04,True,20.74,26.16,15.65,,,,,,,,,,124.9,-52.4,1.0,8.006405,2100.88,2100.88,-25.62,-1.2,1100.88,1050.44,50.44,1000.0,,,,,,,2000.0,0.0,0.0,0.0,0.0,,2000.0,
2022-07-23,262.5,272.6,252.7,259.2,488326.25,-1.22,253.29,248.2,247.01,True,20.16,23.56,18.29,,,,,,,,,,124.9,-51.81,1.0,8.006405,2075.26,2075.26,-25.62,-1.22,1075.26,1037.63,37.63,1000.0,,,,,,,2000.0,0.0,0.0,0.0,0.0,,2000.0,
2022-07-24,259.2,266.2,257.1,261.4,333902.61,0.85,254.53,249.46,248.08,True,19.62,22.46,17.44,,,,,,,,,SMALL HH confirmed @ 274.80,124.9,-52.22,1.0,8.006405,2092.87,2092.87,17.61,0.85,1092.87,1046.44,46.44,1000.0,,,,,,,2000.0,0.0,0.0,0.0,0.0,,2000.0,
2022-07-25,261.4,262.7,243.8,244.6,458768.53,-6.43,253.01,249.0,247.82,True,18.57,20.34,22.44,,,,,,,,,,124.9,-48.94,1.0,8.006405,1958.37,1958.37,-134.51,-6.43,958.37,979.18,-20.82,1000.0,,,,,,,2000.0,0.0,0.0,0.0,0.0,,2000.0,
2022-07-26,244.7,249.6,239.6,249.4,365533.65,1.96,252.45,249.03,247.94,True,17.93,19.3,23.44,,,,,,239.6,HL,,,124.9,-49.92,1.0,8.006405,1996.8,1996.8,38.43,1.96,996.8,998.4,-1.6,1000.0,,,,,,,2000.0,0.0,0.0,0.0,0.0,,2000.0,
2022-07-27,249.5,272.0,247.5,271.6,656773.69,8.9,255.4,251.18,249.69,True,17.71,27.87,20.66,,,,,,,,,,124.9,-54.01,1.0,8.006405,2174.54,2174.54,177.74,8.9,1174.54,1087.27,87.27,1000.0,,,,,,,2000.0,0.0,0.0,0.0,0.0,,2000.0,
2022-07-28,271.6,280.8,263.6,277.2,669832.4,2.06,258.75,253.66,251.73,True,18.04,29.79,18.95,,,,,,,,BULL_BOS,SMALL BULL BOS @ 277.20 (level 274.80),124.9,-54.94,1.0,8.006405,2219.38,2219.38,44.84,2.06,1219.38,1109.69,109.69,1000.0,,,,,,,2000.0,0.0,0.0,0.0,0.0,,2000.0,
2022-07-29,277.2,302.0,274.8,293.6,1077799.22,5.92,264.11,257.46,254.83,True,19.35,35.72,16.62,,,,,,,,,,124.9,-57.46,1.0,8.006405,2350.68,2350.68,131.31,5.92,1350.68,1175.34,175.34,1000.0,,,,,,,2000.0,0.0,0.0,0.0,0.0,,2000.0,
2022-07-30,293.6,300.2,285.1,287.8,683111.1,-1.98,267.76,260.35,257.27,True,20.58,33.27,15.48,,,,,,,,,,124.9,-56.6,1.0,8.006405,2304.24,2304.24,-46.44,-1.98,1304.24,1152.12,152.12,1000.0,,,,,,,2000.0,0.0,0.0,0.0,0.0,,2000.0,
2022-07-31,287.8,297.1,282.1,283.4,564727.27,-1.53,270.16,262.55,259.21,True,21.43,31.0,15.79,,,,,,,,,SMALL HL confirmed @ 239.60,124.9,-55.93,1.0,8.006405,2269.02,2269.02,-35.23,-1.53,1269.02,1134.51,134.51,1000.0,,,,,,,2000.0,0.0,0.0,0.0,0.0,,2000.0,
2022-08-01,283.5,290.5,277.9,283.2,493847.8,-0.07,272.17,264.52,260.99,True,21.82,29.19,16.81,,,,,,,,,,124.9,-55.9,1.0,8.006405,2267.41,2267.41,-1.6,-0.07,1267.41,1133.71,133.71,1000.0,,,,,,,2000.0,0.0,0.0,0.0,0.0,,2000.0,
2022-08-02,283.3,291.1,274.2,283.8,627814.08,0.21,273.96,266.35,262.68,True,21.84,26.93,17.2,,,,,,,,,,124.9,-55.99,1.0,8.006405,2272.22,2272.22,4.8,0.21,1272.22,1136.11,136.11,1000.0,,,,,,,2000.0,0.0,0.0,0.0,0.0,,2000.0,
2022-08-03,283.8,305.7,278.2,297.5,685924.62,4.83,277.58,269.32,265.26,True,22.63,30.06,15.15,,,,,,,,,,124.9,-58.02,1.0,8.006405,2381.91,2381.91,109.69,4.83,1381.91,1190.95,190.95,1000.0,,,,,,,2000.0,0.0,0.0,0.0,0.0,,2000.0,
2022-08-04,297.6,313.4,297.2,311.8,808604.15,4.81,282.84,273.36,268.7,True,23.73,31.29,14.08,,,,,,,,,,124.9,-59.94,1.0,8.006405,2496.4,2496.4,114.49,4.81,1496.4,1248.2,248.2,1000.0,,,,,,,2000.0,0.0,0.0,0.0,0.0,,2000.0,
2022-08-05,311.9,321.5,308.1,315.9,641807.57,1.31,287.93,277.42,272.2,True,25.08,33.02,13.24,,,,,,,,,,124.9,-60.46,1.0,8.006405,2529.22,2529.22,32.83,1.31,1529.22,1264.61,264.61,1000.0,,,,,,,2000.0,0.0,0.0,0.0,0.0,,2000.0,
2022-08-06,315.9,322.9,312.6,315.2,394288.54,-0.22,292.13,281.01,275.38,True,26.4,32.11,12.63,,,,,,,,,,124.9,-60.37,1.0,8.006405,2523.62,2523.62,-5.6,-0.22,1523.62,1261.81,261.81,1000.0,,,,,,,2000.0,0.0,0.0,0.0,0.0,,2000.0,
2022-08-07,315.3,325.9,308.2,322.8,415090.18,2.41,296.84,284.99,278.9,True,27.16,29.56,13.6,,,,,,,,,BIG LL confirmed @ 183.40,124.9,-61.31,1.0,8.006405,2584.47,2584.47,60.85,2.41,1584.47,1292.23,292.23,1000.0,,,,,,,2000.0,0.0,0.0,0.0,0.0,,2000.0,
2022-08-08,322.7,334.0,320.8,324.9,580206.61,0.65,301.16,288.79,282.3,True,28.23,31.47,12.78,,,,,,,,,,124.9,-61.56,1.0,8.006405,2601.28,2601.28,16.81,0.65,1601.28,1300.64,300.64,1000.0,,,,,,,2000.0,0.0,0.0,0.0,0.0,,2000.0,
2022-08-09,324.9,328.3,312.4,324.4,500589.4,-0.15,304.74,292.19,285.42,True,28.37,29.19,15.68,,,,,,,,,,124.9,-61.5,1.0,8.006405,2597.28,2597.28,-4.0,-0.15,1597.28,1298.64,298.64,1000.0,,,,,,,2000.0,0.0,0.0,0.0,0.0,,2000.0,
2022-08-10,324.5,336.8,313.6,328.8,831222.11,1.36,308.44,295.67,288.64,True,28.92,29.95,14.08,336.8,,LH,,336.8,,HH,,,124.9,-62.01,1.0,8.006405,2632.51,2632.51,35.23,1.36,1632.51,1316.25,316.25,1000.0,,,,,,,2000.0,0.0,0.0,0.0,0.0,,2000.0,
2022-08-11,328.8,334.7,322.0,323.6,549578.33,-1.58,310.77,298.33,291.23,True,29.43,28.25,13.28,,,,,,,,,,124.9,-61.4,1.0,8.006405,2590.87,2590.87,-41.63,-1.58,1590.87,1295.44,295.44,1000.0,,,,,,,2000.0,0.0,0.0,0.0,0.0,,2000.0,
2022-08-12,323.5,328.1,317.7,327.9,384848.84,1.33,313.41,301.15,293.94,True,29.44,26.91,14.62,,,,,,,,,,124.9,-61.91,1.0,8.006405,2625.3,2625.3,34.43,1.33,1625.3,1312.65,312.65,1000.0,,,,,,,2000.0,0.0,0.0,0.0,0.0,,2000.0,
2022-08-13,327.9,333.0,322.8,324.3,405066.25,-1.1,315.08,303.35,296.19,True,29.73,27.92,13.92,,,,,,,,,,124.9,-61.49,1.0,8.006405,2596.48,2596.48,-28.82,-1.1,1596.48,1298.24,298.24,1000.0,,,,,,,2000.0,0.0,0.0,0.0,0.0,,2000.0,
2022-08-14,324.3,331.0,315.8,317.6,378353.92,-2.07,315.47,304.71,297.78,True,29.25,25.93,16.21,,,,,,,,,,124.9,-60.67,1.0,8.006405,2542.83,2542.83,-53.64,-2.07,1542.83,1271.42,271.42,1000.0,,,,,,,2000.0,0.0,0.0,0.0,0.0,,2000.0,
2022-08-15,317.6,327.4,313.6,319.5,455916.28,0.6,316.09,306.12,299.39,True,28.58,24.24,16.19,,,,,,,,,SMALL HH confirmed @ 336.80,124.9,-60.91,1.0,8.006405,2558.05,2558.05,15.21,0.6,1558.05,1279.02,279.02,1000.0,,,,,,,2000.0,0.0,0.0,0.0,0.0,,2000.0,
2022-08-16,319.4,322.4,312.0,316.1,370975.92,-1.06,316.09,307.07,300.62,True,27.8,23.02,16.15,,,,,,,,,,124.9,-60.49,1.0,8.006405,2530.82,2530.82,-27.22,-1.06,1530.82,1265.41,265.41,1000.0,,,,,,,2000.0,0.0,0.0,0.0,0.0,,2000.0,
2022-08-17,316.0,324.0,304.2,306.9,504236.73,-2.91,314.68,307.05,301.09,True,26.27,20.87,18.32,,,,,,,,,,124.9,-59.3,1.0,8.006405,2457.17,2457.17,-73.66,-2.91,1457.17,1228.58,228.58,1000.0,,,,,,,2000.0,0.0,0.0,0.0,0.0,,2000.0,
2022-08-18,306.8,311.0,295.8,298.1,409051.89,-2.87,312.13,306.2,300.87,True,24.68,19.37,20.97,,,,,,,,,,124.9,-58.1,1.0,8.006405,2386.71,2386.71,-70.46,-2.87,1386.71,1193.35,193.35,1000.0,,,,,,,2000.0,0.0,0.0,0.0,0.0,,2000.0,
2022-08-19,298.1,298.2,276.2,279.1,870296.51,-6.37,307.05,303.62,299.26,True,24.56,17.42,27.82,,,,,,276.2,HL,,,124.9,-55.25,1.0,8.006405,2234.59,2234.59,-152.12,-6.37,1234.59,1117.29,117.29,1000.0,,,,,,,2000.0,0.0,0.0,0.0,0.0,,2000.0,
2022-08-20,279.0,289.4,277.0,283.7,513021.11,1.65,303.45,301.72,298.1,True,24.45,16.42,26.22,,,,,,,,,,124.9,-55.97,1.0,8.006405,2271.42,2271.42,36.83,1.65,1271.42,1135.71,135.71,1000.0,,,,,,,2000.0,0.0,0.0,0.0,0.0,,2000.0,
2022-08-21,283.8,304.2,283.4,301.9,528156.21,6.42,303.22,301.74,298.38,True,23.04,21.57,23.75,,,,,,,,,,124.9,-58.63,1.0,8.006405,2417.13,2417.13,145.72,6.42,1417.13,1208.57,208.57,1000.0,,,,,,,2000.0,0.0,0.0,0.0,0.0,,2000.0,
2022-08-22,301.9,304.9,288.8,300.0,638895.98,-0.63,302.72,301.57,298.5,True,21.68,20.32,22.02,,,,,,,,,,124.9,-58.37,1.0,8.006405,2401.92,2401.92,-15.21,-0.63,1401.92,1200.96,200.96,1000.0,,,,,,,2000.0,0.0,0.0,0.0,0.0,,2000.0,
2022-08-23,300.0,301.7,293.8,299.3,403374.95,-0.23,302.19,301.36,298.56,True,20.42,19.57,21.21,,,,,,,,,,124.9,-58.27,1.0,8.006405,2396.32,2396.32,-5.6,-0.23,1396.32,1198.16,198.16,1000.0,,,,,,,2000.0,0.0,0.0,0.0,0.0,,2000.0,
2022-08-24,299.3,300.5,294.3,296.4,344126.26,-0.97,301.3,300.88,298.4,True,19.25,18.97,20.57,,,,,,,,,SMALL HL confirmed @ 276.20,124.9,-57.86,1.0,8.006405,2373.1,2373.1,-23.22,-0.97,1373.1,1186.55,186.55,1000.0,,,,,,,2000.0,0.0,0.0,0.0,0.0,,2000.0,
2022-08-25,296.4,307.5,296.0,301.2,398617.06,1.62,301.29,300.91,298.61,True,18.22,21.37,19.39,,,,,307.5,,LH,,,124.9,-58.53,1.0,8.006405,2411.53,2411.53,38.43,1.62,1411.53,1205.76,205.76,1000.0,,,,,,,2000.0,0.0,0.0,0.0,0.0,,2000.0,
2022-08-26,301.2,302.3,277.2,279.6,594770.36,-7.17,297.95,298.88,297.2,True,18.06,18.84,25.96,,,,,,,,,,124.9,-55.33,1.0,8.006405,2238.59,2238.59,-172.94,-7.17,1238.59,1119.3,119.3,1000.0,,,,,,,2000.0,0.0,0.0,0.0,0.0,,2000.0,
2022-08-27,279.6,284.8,273.3,277.9,412732.72,-0.61,294.87,296.89,295.77,False,18.16,17.8,26.4,,,,,,,,,,124.9,-55.06,1.0,8.006405,2224.98,2224.98,-13.61,-0.61,1224.98,1112.49,112.49,1000.0,,,,,,,2000.0,0.0,0.0,0.0,0.0,,2000.0,
2022-08-28,277.9,284.1,275.6,276.5,312819.03,-0.5,292.04,294.94,294.34,False,18.25,17.05,25.29,,,,,,,,,,124.9,-54.83,1.0,8.006405,2213.77,2213.77,-11.21,-0.5,1213.77,1106.89,106.89,1000.0,,,,,,,2000.0,0.0,0.0,0.0,0.0,,2000.0,
2022-08-29,276.5,286.7,272.3,285.9,481690.83,3.4,291.1,294.08,293.72,False,18.57,15.83,25.12,,,,,,,,,,124.9,-56.31,1.0,8.006405,2289.03,2289.03,75.26,3.4,1289.03,1144.52,144.52,1000.0,,,,,,,2000.0,0.0,0.0,0.0,0.0,,2000.0,
2022-08-30,285.9,292.0,276.1,281.6,436765.76,-1.5,289.63,292.89,292.82,False,18.3,17.2,23.16,,,,,,,,,SMALL LH confirmed @ 307.50,124.9,-55.65,1.0,8.006405,2254.6,2254.6,-34.43,-1.5,1254.6,1127.3,127.3,1000.0,,,,,,,2000.0,0.0,0.0,0.0,0.0,,2000.0,
2022-08-31,281.7,290.0,277.7,279.2,388909.54,-0.85,288.03,291.59,291.81,False,18.04,16.15,21.74,,,,,,,,,,124.9,-55.27,1.0,8.006405,2235.39,2235.39,-19.22,-0.85,1235.39,1117.69,117.69,1000.0,,,,,,,2000.0,0.0,0.0,0.0,0.0,,2000.0,
2022-09-01,279.3,280.3,270.7,278.3,415193.21,-0.32,286.53,290.32,290.81,False,18.36,15.36,24.24,,,,,,,,,,124.9,-55.12,1.0,8.006405,2228.18,2228.18,-7.21,-0.32,1228.18,1114.09,114.09,1000.0,,,,,,,2000.0,0.0,0.0,0.0,0.0,,2000.0,
2022-09-02,278.3,283.4,273.7,277.5,321409.95,-0.29,285.14,289.1,289.83,False,18.29,16.2,23.02,,,,,,,,,,124.9,-54.99,1.0,8.006405,2221.78,2221.78,-6.41,-0.29,1221.78,1110.89,110.89,1000.0,,,,,,,2000.0,0.0,0.0,0.0,0.0,,2000.0,
2022-09-03,277.4,278.8,274.2,277.8,148504.88,0.11,284.01,288.03,288.93,False,18.22,15.79,22.44,,,,,,,,,,124.9,-55.04,1.0,8.006405,2224.18,2224.18,2.4,0.11,1224.18,1112.09,112.09,1000.0,,,,,,,2000.0,0.0,0.0,0.0,0.0,,2000.0,
2022-09-04,277.8,280.6,275.0,279.1,193440.81,0.47,283.26,287.18,288.21,False,17.94,16.31,21.72,,,,,,,,,,124.9,-55.25,1.0,8.006405,2234.59,2234.59,10.41,0.47,1234.59,1117.29,117.29,1000.0,,,,,,,2000.0,0.0,0.0,0.0,0.0,,2000.0,
2022-09-05,279.1,282.0,273.4,276.9,258958.15,-0.79,282.28,286.2,287.37,False,17.83,15.5,21.57,,,,,,,,,,124.9,-54.89,1.0,8.006405,2216.97,2216.97,-17.61,-0.79,1216.97,1108.49,108.49,1000.0,,,,,,,2000.0,0.0,0.0,0.0,0.0,,2000.0,
2022-09-06,276.9,286.3,261.0,262.5,640922.53,-5.2,279.24,283.94,285.53,False,18.76,13.37,25.33,,,,,,,,BEAR_CHOCH,SMALL BEAR CHOCH @ 262.50 (level 276.20),,,,,,2101.68,-115.29,-5.2,0.0,0.0,,2101.68,"EXIT @ 262.50 (small red CHoCH, realized +101.68)",,,,,,2000.0,0.0,0.0,0.0,0.0,,2000.0,
2022-09-07,262.5,280.4,258.6,278.9,431827.22,6.25,279.18,283.46,285.04,False,19.8,11.86,23.71,,,,,,258.6,LL,,,,,,,,2101.68,0.0,0.0,0.0,0.0,,2101.68,,,,,,,2000.0,0.0,0.0,0.0,0.0,,2000.0,
2022-09-08,279.0,282.9,275.4,280.5,385559.75,0.57,279.39,283.18,284.7,False,20.41,12.72,22.76,,,,,,,,,,,,,,,2101.68,0.0,0.0,0.0,0.0,,2101.68,,,,,,,2000.0,0.0,0.0,0.0,0.0,,2000.0,
2022-09-09,280.6,295.9,280.0,293.4,541869.41,4.6,281.54,284.15,285.34,False,19.37,18.52,20.85,,,,,,,,,,,,,,,2101.68,0.0,0.0,0.0,0.0,,2101.68,,,,,,,2000.0,0.0,0.0,0.0,0.0,,2000.0,
2022-09-10,293.4,298.6,290.3,296.7,328332.54,1.12,283.87,285.35,286.19,False,18.13,19.15,19.91,,,,,,,,,,,,,,,2101.68,0.0,0.0,0.0,0.0,,2101.68,,,,,,,2000.0,0.0,0.0,0.0,0.0,,2000.0,
2022-09-11,296.7,298.1,289.7,295.3,261093.94,-0.47,285.63,286.3,286.86,False,17.03,18.25,19.31,,,,,,,,,,,,,,,2101.68,0.0,0.0,0.0,0.0,,2101.68,,,,,,,2000.0,0.0,0.0,0.0,0.0,,2000.0,
2022-09-12,295.3,300.0,290.8,294.1,408686.17,-0.41,286.94,287.04,287.4,False,15.83,18.38,18.3,,,,,300.0,,LH,,SMALL LL confirmed @ 258.60,,,,,,2101.68,0.0,0.0,0.0,0.0,,2101.68,,,,,,,2000.0,0.0,0.0,0.0,0.0,,2000.0,
2022-09-13,294.1,298.6,275.4,277.4,578322.33,-5.68,285.47,286.12,286.66,False,16.15,16.09,24.28,,,,,,,,,,,,,,,2101.68,0.0,0.0,0.0,0.0,,2101.68,,,,,,,2000.0,0.0,0.0,0.0,0.0,,2000.0,
2022-09-14,277.5,282.8,273.3,279.3,424974.98,0.68,284.52,285.47,286.11,False,16.61,15.26,24.17,,,,,,,,,,,,,,,2101.68,0.0,0.0,0.0,0.0,,2101.68,,,,,,,2000.0,0.0,0.0,0.0,0.0,,2000.0,
2022-09-15,279.4,280.5,266.3,271.1,520635.26,-2.94,282.45,284.1,285.0,False,17.56,14.08,26.11,,,,,,,,,,,,,,,2101.68,0.0,0.0,0.0,0.0,,2101.68,,,,,,,2000.0,0.0,0.0,0.0,0.0,,2000.0,
2022-09-16,271.1,276.6,268.5,274.9,311737.82,1.4,281.29,283.23,284.25,False,18.45,13.44,24.93,,,,,,,,,,,,,,,2101.68,0.0,0.0,0.0,0.0,,2101.68,,,,,,,2000.0,0.0,0.0,0.0,0.0,,2000.0,
2022-09-17,274.9,279.9,274.7,279.1,189707.95,1.53,280.96,282.83,283.87,False,18.81,14.96,24.17,,,,,,,,,SMALL LH confirmed @ 300.00,,,,,,2101.68,0.0,0.0,0.0,0.0,,2101.68,,,,,,,2000.0,0.0,0.0,0.0,0.0,,2000.0,
2022-09-18,279.1,280.3,263.1,266.2,327883.91,-4.62,278.69,281.25,282.56,False,20.01,13.5,28.4,,,,,,,,,,,,,,,2101.68,0.0,0.0,0.0,0.0,,2101.68,,,,,,,2000.0,0.0,0.0,0.0,0.0,,2000.0,
2022-09-19,266.3,273.0,256.7,271.9,508029.19,2.14,277.64,280.36,281.77,False,21.51,12.28,29.38,,256.7,HL,,,256.7,LL,,,,,,,,2101.68,0.0,0.0,0.0,0.0,,2101.68,,,,,,,2000.0,0.0,0.0,0.0,0.0,,2000.0,
2022-09-20,272.0,273.7,265.2,266.3,335455.45,-2.06,275.9,279.02,280.63,False,22.81,12.08,27.96,,,,,,,,,,,,,,,2101.68,0.0,0.0,0.0,0.0,,2101.68,,,,,,,2000.0,0.0,0.0,0.0,0.0,,2000.0,
2022-09-21,266.3,276.4,260.3,264.0,535775.82,-0.86,274.07,277.59,279.39,False,24.31,10.99,28.18,,,,,,,,,,,,,,,2101.68,0.0,0.0,0.0,0.0,,2101.68,,,,,,,2000.0,0.0,0.0,0.0,0.0,,2000.0,
2022-09-22,264.0,276.7,263.5,275.3,339390.82,4.28,274.26,277.37,279.09,False,25.66,10.35,26.11,,,,,,,,,,,,,,,2101.68,0.0,0.0,0.0,0.0,,2101.68,,,,,,,2000.0,0.0,0.0,0.0,0.0,,2000.0,
2022-09-23,275.4,277.9,268.3,276.7,363390.8,0.51,274.63,277.31,278.91,False,26.72,10.47,24.69,,,,,,,,,,,,,,,2101.68,0.0,0.0,0.0,0.0,,2101.68,,,,,,,2000.0,0.0,0.0,0.0,0.0,,2000.0,
2022-09-24,276.7,285.0,274.2,274.4,324988.43,-0.83,274.6,277.03,278.58,False,26.6,13.89,23.16,,,,,,,,,SMALL LL confirmed @ 256.70,,,,,,2101.68,0.0,0.0,0.0,0.0,,2101.68,,,,,,,2000.0,0.0,0.0,0.0,0.0,,2000.0,
2022-09-25,274.4,280.0,270.9,274.3,220895.6,-0.04,274.55,276.77,278.26,False,26.76,13.15,23.86,,,,,,,,,,,,,,,2101.68,0.0,0.0,0.0,0.0,,2101.68,,,,,,,2000.0,0.0,0.0,0.0,0.0,,2000.0,
2022-09-26,274.3,276.9,270.8,276.1,267919.66,0.66,274.79,276.71,278.1,False,26.93,12.67,23.03,,,,,,,,,,,,,,,2101.68,0.0,0.0,0.0,0.0,,2101.68,,,,,,,2000.0,0.0,0.0,0.0,0.0,,2000.0,
2022-09-27,276.1,286.6,269.2,272.3,406749.84,-1.38,274.41,276.29,277.67,False,25.69,17.06,20.69,,,,,,,,,,,,,,,2101.68,0.0,0.0,0.0,0.0,,2101.68,,,,,,,2000.0,0.0,0.0,0.0,0.0,,2000.0,
2022-09-28,272.3,283.7,266.3,281.6,357981.4,3.42,275.51,276.79,277.96,False,24.84,15.37,20.29,,,,,,,,,,,,,,,2101.68,0.0,0.0,0.0,0.0,,2101.68,,,,,,,2000.0,0.0,0.0,0.0,0.0,,2000.0,
2022-09-29,281.6,285.6,277.1,284.1,301167.34,0.89,276.83,277.49,278.42,False,23.79,15.72,19.28,,,,,,,,,BIG LH confirmed @ 336.80,,,,,,2101.68,0.0,0.0,0.0,0.0,,2101.68,,,,,,,2000.0,0.0,0.0,0.0,0.0,,2000.0,
2022-09-30,284.2,289.8,280.5,284.8,391981.59,0.25,278.06,278.19,278.89,False,22.27,17.34,18.22,,,,,,,,,,,,,,,2101.68,0.0,0.0,0.0,0.0,,2101.68,,,,,,,2000.0,0.0,0.0,0.0,0.0,,2000.0,
2022-10-01,284.9,285.4,277.7,282.9,196754.5,-0.67,278.8,278.63,279.19,False,21.19,16.53,19.07,,,,,,,,,,,,,,,2101.68,0.0,0.0,0.0,0.0,,2101.68,,,,,,,2000.0,0.0,0.0,0.0,0.0,,2000.0,
2022-10-02,282.9,287.9,279.4,284.7,200690.25,0.64,279.71,279.21,279.6,True,19.85,17.21,18.07,,,,,,,,,,,,,,,2101.68,0.0,0.0,0.0,0.0,,2101.68,,,,,,,2000.0,0.0,0.0,0.0,0.0,,2000.0,
2022-10-03,284.7,289.1,283.1,286.9,275974.88,0.77,280.82,279.94,280.14,True,18.45,17.31,17.37,,,,,,,,,,,,,,,2101.68,0.0,0.0,0.0,0.0,,2101.68,,,,,,,2000.0,0.0,0.0,0.0,0.0,,2000.0,
2022-10-04,287.0,298.2,286.3,296.2,321841.16,3.24,283.18,281.49,281.33,True,18.22,21.81,16.05,,,,,298.2,,LH,,,,,,,,2101.68,0.0,0.0,0.0,0.0,,2101.68,,,,,,,2000.0,0.0,0.0,0.0,0.0,,2000.0,
2022-10-05,296.3,296.4,289.2,294.2,221018.68,-0.68,284.88,282.7,282.28,True,18.0,20.78,15.29,,,,,,,,,,,,,,,2101.68,0.0,0.0,0.0,0.0,,2101.68,,,,,,,2000.0,0.0,0.0,0.0,0.0,,2000.0,
2022-10-06,294.2,298.1,278.6,287.0,450036.83,-2.45,285.2,283.11,282.63,True,17.04,18.27,20.02,,,,,,,,,,,,,,,2101.68,0.0,0.0,0.0,0.0,,2101.68,,,,,,,2000.0,0.0,0.0,0.0,0.0,,2000.0,
2022-10-07,286.9,287.0,279.1,282.3,354485.96,-1.64,284.76,283.03,282.61,True,16.15,17.35,19.02,,,,,,,,,,,,,,,2101.68,0.0,0.0,0.0,0.0,,2101.68,,,,,,,2000.0,0.0,0.0,0.0,0.0,,2000.0,
2022-10-08,282.2,282.7,275.4,276.4,183653.12,-2.09,283.47,282.4,282.15,True,15.77,16.53,20.52,,,,,,,,,,,,,,,2101.68,0.0,0.0,0.0,0.0,,2101.68,,,,,,,2000.0,0.0,0.0,0.0,0.0,,2000.0,
2022-10-09,276.3,279.4,275.1,278.2,171008.25,0.65,282.66,282.0,281.85,True,15.45,16.04,20.12,,,,,,,,,SMALL LH confirmed @ 298.20,,,,,,2101.68,0.0,0.0,0.0,0.0,,2101.68,,,,,,,2000.0,0.0,0.0,0.0,0.0,,2000.0,
2022-10-10,278.2,279.2,271.3,271.5,216924.87,-2.41,280.94,281.0,281.09,False,15.6,15.16,21.66,,,,,,,,,,,,,,,2101.68,0.0,0.0,0.0,0.0,,2101.68,,,,,,,2000.0,0.0,0.0,0.0,0.0,,2000.0,
2022-10-11,271.5,274.0,267.2,271.4,222137.68,-0.04,279.48,280.09,280.37,False,16.2,14.43,23.52,,,,,,,,,,,,,,,2101.68,0.0,0.0,0.0,0.0,,2101.68,,,,,,,2000.0,0.0,0.0,0.0,0.0,,2000.0,
2022-10-12,271.3,272.9,269.2,270.9,167816.9,-0.18,278.16,279.21,279.67,False,16.75,14.03,22.88,,,,,,,,,,,,,,,2101.68,0.0,0.0,0.0,0.0,,2101.68,,,,,,,2000.0,0.0,0.0,0.0,0.0,,2000.0,
2022-10-13,270.9,273.7,256.8,271.6,540797.21,0.26,277.15,278.49,279.07,False,18.42,12.36,28.9,,,,,,256.8,HL,,,,,,,,2101.68,0.0,0.0,0.0,0.0,,2101.68,,,,,,,2000.0,0.0,0.0,0.0,0.0,,2000.0,
2022-10-14,271.6,276.8,267.6,269.4,298386.92,-0.81,275.96,277.62,278.35,False,19.43,13.75,27.01,,,,,276.8,,LH,,,,,,,,2101.68,0.0,0.0,0.0,0.0,,2101.68,,,,,,,2000.0,0.0,0.0,0.0,0.0,,2000.0,
2022-10-15,269.4,271.4,267.4,268.2,144084.72,-0.45,274.76,276.72,277.6,False,20.38,13.35,26.36,,,,,,,,,,,,,,,2101.68,0.0,0.0,0.0,0.0,,2101.68,,,,,,,2000.0,0.0,0.0,0.0,0.0,,2000.0,
2022-10-16,268.2,273.9,267.9,272.5,185597.07,1.6,274.41,276.32,277.22,False,20.81,14.64,25.15,,,,,,,,,,,,,,,2101.68,0.0,0.0,0.0,0.0,,2101.68,,,,,,,2000.0,0.0,0.0,0.0,0.0,,2000.0,
2022-10-17,272.4,275.9,269.8,275.6,187187.58,1.14,274.6,276.25,277.1,False,20.85,15.51,23.95,,,,,,,,,,,,,,,2101.68,0.0,0.0,0.0,0.0,,2101.68,,,,,,,2000.0,0.0,0.0,0.0,0.0,,2000.0,
2022-10-18,275.7,276.0,270.1,273.1,195691.12,-0.91,274.37,275.95,276.81,False,20.87,14.85,22.82,,,,,,,,,SMALL HL confirmed @ 256.80,,,,,,2101.68,0.0,0.0,0.0,0.0,,2101.68,,,,,,,2000.0,0.0,0.0,0.0,0.0,,2000.0,
2022-10-19,273.2,273.9,270.3,272.0,153657.96,-0.4,274.0,275.58,276.45,False,20.89,14.41,22.13,,,,,,,,,SMALL LH confirmed @ 276.80,,,,,,2101.68,0.0,0.0,0.0,0.0,,2101.68,,,,,,,2000.0,0.0,0.0,0.0,0.0,,2000.0,
2022-10-20,271.9,273.4,267.3,269.0,166135.5,-1.1,273.23,274.95,275.9,False,21.3,13.65,23.54,,,,,,,,,,,,,,,2101.68,0.0,0.0,0.0,0.0,,2101.68,,,,,,,2000.0,0.0,0.0,0.0,0.0,,2000.0,
2022-10-21,269.0,271.2,263.4,270.1,195432.21,0.41,272.75,274.49,275.47,False,22.14,12.74,25.31,,,,,,263.4,HL,,,,,,,,2101.68,0.0,0.0,0.0,0.0,,2101.68,,,,,,,2000.0,0.0,0.0,0.0,0.0,,2000.0,
2022-10-22,270.1,271.1,268.4,270.4,84044.88,0.11,272.39,274.1,275.09,False,22.92,12.43,24.7,,,,,,,,,,,,,,,2101.68,0.0,0.0,0.0,0.0,,2101.68,,,,,,,2000.0,0.0,0.0,0.0,0.0,,2000.0,
2022-10-23,270.5,276.8,268.7,276.0,134390.84,2.07,272.94,274.28,275.16,False,22.4,16.66,22.89,,,,,,,,,,,,,,,2101.68,0.0,0.0,0.0,0.0,,2101.68,,,,,,,2000.0,0.0,0.0,0.0,0.0,,2000.0,
2022-10-24,275.9,277.4,271.6,274.1,154182.09,-0.69,273.12,274.26,275.08,False,21.81,16.32,21.67,,,,,,,,,,,,,,,2101.68,0.0,0.0,0.0,0.0,,2101.68,,,,,,,2000.0,0.0,0.0,0.0,0.0,,2000.0,
2022-10-25,274.2,289.9,272.0,284.2,387523.12,3.68,274.83,275.21,275.76,False,21.25,24.38,18.41,,,,,,,,BULL_CHOCH,SMALL BULL CHOCH @ 284.20 (level 276.80),142.1,-50.0,1.0,7.395079,2101.68,2101.68,0.0,0.0,1050.84,1050.84,0.0,1050.84,"ENTRY @ 284.20 (small green CHoCH, margin $1050.84 [50% of bank] @ 2x [ADX 21.2, zone red], 7.395079 units)",,,,,,2000.0,0.0,0.0,0.0,0.0,,2000.0,
2022-10-26,284.2,292.0,284.1,290.2,316408.94,2.11,277.19,276.64,276.83,True,20.99,24.52,17.18,,,,,,,,,SMALL HL confirmed @ 263.40,142.1,-51.03,1.0,7.395079,2146.05,2146.05,44.37,2.11,1095.21,1073.03,22.19,1050.84,,,,,,,2000.0,0.0,0.0,0.0,0.0,,2000.0,
2022-10-27,290.3,293.3,284.7,286.7,315734.81,-1.21,278.65,277.6,277.56,True,20.91,23.84,15.93,,,,,,,,,,142.1,-50.44,1.0,7.395079,2120.17,2120.17,-25.88,-1.21,1069.33,1060.08,9.24,1050.84,,,,,,,2000.0,0.0,0.0,0.0,0.0,,2000.0,
2022-10-28,286.8,301.1,285.7,297.9,416648.24,3.91,281.62,279.53,279.07,True,21.7,27.13,13.98,,,,,,,,,,142.1,-52.3,1.0,7.395079,2202.99,2202.99,82.82,3.91,1152.15,1101.5,50.66,1050.84,,,,,,,2000.0,0.0,0.0,0.0,0.0,,2000.0,
2022-10-29,297.9,308.4,295.6,304.4,553646.12,2.18,285.12,281.9,280.94,True,23.08,30.09,12.59,,,,,,,,,,142.1,-53.32,1.0,7.395079,2251.06,2251.06,48.07,2.18,1200.22,1125.53,74.69,1050.84,,,,,,,2000.0,0.0,0.0,0.0,0.0,,2000.0,
2022-10-30,304.5,318.8,302.3,313.5,538624.4,2.99,289.49,284.91,283.35,True,25.07,34.07,11.07,,,,,,,,,,142.1,-54.67,1.0,7.395079,2318.36,2318.36,67.3,2.99,1267.52,1159.18,108.34,1050.84,,,,,,,2000.0,0.0,0.0,0.0,0.0,,2000.0,
2022-10-31,313.6,337.9,306.5,325.7,1047801.48,3.89,295.06,288.79,286.49,True,27.8,39.38,8.87,,,,,,,,,,142.1,-56.37,1.0,7.395079,2408.58,2408.58,90.22,3.89,1357.74,1204.29,153.45,1050.84,,,,,,,2000.0,0.0,0.0,0.0,0.0,,2000.0,
2022-11-01,325.8,334.6,317.4,323.9,550045.71,-0.55,299.5,292.14,289.26,True,30.33,35.26,7.94,,,,,,,,,,142.1,-56.13,1.0,7.395079,2395.27,2395.27,-13.31,-0.55,1344.43,1197.63,146.79,1050.84,,,,,,,2000.0,0.0,0.0,0.0,0.0,,2000.0,
2022-11-02,323.8,330.0,315.3,320.2,561329.56,-1.14,302.68,294.81,291.55,True,32.32,32.15,8.5,,,,,,,,,,142.1,-55.62,1.0,7.395079,2367.9,2367.9,-27.36,-1.14,1317.06,1183.95,133.11,1050.84,,,,,,,2000.0,0.0,0.0,0.0,0.0,,2000.0,
2022-11-03,320.2,338.7,318.0,329.5,622354.86,2.9,306.81,298.11,294.36,True,34.52,33.32,7.5,,,,,,,,,,142.1,-56.87,1.0,7.395079,2436.68,2436.68,68.77,2.9,1385.84,1218.34,167.5,1050.84,,,,,,,2000.0,0.0,0.0,0.0,0.0,,2000.0,
2022-11-04,329.6,358.9,328.3,354.6,751709.58,7.62,314.16,303.49,298.83,True,37.19,38.48,6.32,,,,BULL_CHOCH,,,,,BIG BULL CHOCH @ 354.60 (level 336.80),142.1,-59.93,1.0,7.395079,2622.29,2622.29,185.62,7.62,1571.45,1311.15,260.31,1050.84,,,,,,,2000.0,0.0,0.0,0.0,0.0,,2000.0,
2022-11-05,354.7,361.3,346.1,349.2,411760.06,-1.52,319.55,307.85,302.56,True,39.72,36.71,5.82,,,,,,,,,,142.1,-59.31,1.0,7.395079,2582.36,2582.36,-39.93,-1.52,1531.52,1291.18,240.34,1050.84,,,,,,,2000.0,0.0,0.0,0.0,0.0,,2000.0,
2022-11-06,349.1,356.0,337.7,337.9,390974.88,-3.24,322.37,310.71,305.18,True,40.86,33.34,9.5,,,,,,,,,,142.1,-57.95,1.0,7.395079,2498.8,2498.8,-83.56,-3.24,1447.96,1249.4,198.56,1050.84,,,,,,,2000.0,0.0,0.0,0.0,0.0,,2000.0,
2022-11-07,337.8,344.4,326.4,337.0,740465.51,-0.27,324.62,313.21,307.53,True,40.53,30.39,14.22,,,,,,,,,,142.1,-57.83,1.0,7.395079,2492.14,2492.14,-6.66,-0.27,1441.3,1246.07,195.23,1050.84,,,,,,,2000.0,0.0,0.0,0.0,0.0,,2000.0,
2022-11-08,337.0,398.3,298.0,327.4,3103916.38,-2.85,325.05,314.56,309.0,True,42.0,38.49,9.28,398.3,,HH,,398.3,,HH,,BIG HL confirmed @ 256.70,142.1,-56.6,1.0,7.395079,2421.15,2421.15,-70.99,-2.85,1370.31,1210.57,159.73,1050.84,,,,,,,2000.0,0.0,0.0,0.0,0.0,,2000.0,
2022-11-09,327.4,333.1,260.2,267.3,1901075.9,-18.36,316.17,310.06,305.92,True,40.75,30.27,18.38,,,,,,,,,,142.1,-46.84,1.0,7.395079,1976.7,1976.7,-444.44,-18.36,925.86,988.35,-62.49,1050.84,,,,,,,2000.0,0.0,0.0,0.0,0.0,,2000.0,
2022-11-10,267.1,313.0,263.2,304.0,1411238.91,13.73,314.29,309.48,305.77,True,39.58,26.16,15.88,,,,,,,,,,142.1,-53.26,1.0,7.395079,2248.1,2248.1,271.4,13.73,1197.26,1124.05,73.21,1050.84,,,,,,,2000.0,0.0,0.0,0.0,0.0,,2000.0,
2022-11-11,304.1,306.0,279.0,290.4,695145.64,-4.47,310.62,307.67,304.63,True,38.5,24.24,14.71,,,,,,,,,,142.1,-51.07,1.0,7.395079,2147.53,2147.53,-100.57,-4.47,1096.69,1073.77,22.92,1050.84,,,,,,,2000.0,0.0,0.0,0.0,0.0,,2000.0,
2022-11-12,290.4,294.5,271.6,282.8,545359.36,-2.62,306.34,305.3,303.02,True,37.03,22.72,15.82,,,,,,,,,,142.1,-49.75,1.0,7.395079,2091.33,2091.33,-56.2,-2.62,1040.49,1045.66,-5.18,1050.84,,,,,,,2000.0,0.0,0.0,0.0,0.0,,2000.0,
2022-11-13,282.9,286.5,273.2,276.4,442278.92,-2.26,301.73,302.55,301.05,True,35.66,21.86,15.22,,,,,,,,,SMALL HH confirmed @ 398.30,142.1,-48.59,1.0,7.395079,2044.0,2044.0,-47.33,-2.26,993.16,1022.0,-28.84,1050.84,,,,,,,2000.0,0.0,0.0,0.0,0.0,,2000.0,
2022-11-14,276.4,292.0,268.0,279.0,818725.9,0.94,298.24,300.3,299.41,False,34.65,21.93,14.18,,,,,,,,,,142.1,-49.07,1.0,7.395079,2063.23,2063.23,19.23,0.94,1012.39,1031.61,-19.23,1050.84,,,,,,,2000.0,0.0,0.0,0.0,0.0,,2000.0,
2022-11-15,279.0,282.4,273.2,277.0,445565.66,-0.72,294.97,298.08,297.75,False,33.71,21.33,13.79,,,,,,,,,,142.1,-48.7,1.0,7.395079,2048.44,2048.44,-14.79,-0.72,997.6,1024.22,-26.62,1050.84,,,,,,,2000.0,0.0,0.0,0.0,0.0,,2000.0,
2022-11-16,277.0,280.2,268.8,271.8,402896.8,-1.88,291.4,295.58,295.83,False,32.5,20.57,14.67,,,,,,,,,,142.1,-47.72,1.0,7.395079,2009.98,2009.98,-38.45,-1.88,959.14,1004.99,-45.85,1050.84,,,,,,,2000.0,0.0,0.0,0.0,0.0,,2000.0,
2022-11-17,271.9,273.5,262.9,267.9,367805.83,-1.43,287.79,292.94,293.76,False,30.93,19.87,16.07,,,,,,,,,,142.1,-46.96,1.0,7.395079,1981.14,1981.14,-28.84,-1.43,930.3,990.57,-60.27,1050.84,,,,,,,2000.0,0.0,0.0,0.0,0.0,,2000.0,
2022-11-18,268.0,274.8,267.7,274.1,277946.37,2.31,285.68,291.15,292.3,False,29.55,19.83,15.68,,,,,,,,,,142.1,-48.16,1.0,7.395079,2026.99,2026.99,45.85,2.31,976.15,1013.5,-37.35,1050.84,,,,,,,2000.0,0.0,0.0,0.0,0.0,,2000.0,
2022-11-19,274.1,274.6,268.9,272.6,194104.28,-0.55,283.67,289.38,290.85,False,28.28,19.42,15.36,,,,,,,,,,142.1,-47.87,1.0,7.395079,2015.9,2015.9,-11.09,-0.55,965.06,1007.95,-42.89,1050.84,,,,,,,2000.0,0.0,0.0,0.0,0.0,,2000.0,
2022-11-20,272.6,273.8,261.8,264.2,306587.58,-3.08,280.67,286.99,288.87,False,26.51,18.57,17.3,,,,,,,,,,142.1,-46.21,1.0,7.395079,1953.78,1953.78,-62.12,-3.08,902.94,976.89,-73.95,1050.84,,,,,,,2000.0,0.0,0.0,0.0,0.0,,2000.0,
2022-11-21,264.2,265.3,250.0,253.9,581026.19,-3.9,276.56,283.83,286.28,False,25.22,17.5,20.73,,,,BEAR_CHOCH,,250.0,LL,BEAR_CHOCH,BIG BEAR CHOCH @ 253.90 (level 256.70) | SMALL BEAR CHOCH @ 253.90 (level 263.40),,,,,,1877.61,-76.17,-3.9,0.0,0.0,,1877.61,"EXIT @ 253.90 (small red CHoCH, realized -224.07)",,,,,,2000.0,0.0,0.0,0.0,0.0,,2000.0,
2022-11-22,254.0,267.8,252.0,266.7,357164.44,5.04,275.04,282.2,284.83,False,23.82,17.4,19.48,,,,,,,,,,,,,,,1877.61,0.0,0.0,0.0,0.0,,1877.61,,,,,,,2000.0,0.0,0.0,0.0,0.0,,2000.0,
2022-11-23,266.8,301.8,264.8,298.8,1224050.69,12.04,278.69,283.78,285.87,False,23.78,27.17,16.93,,,,,,,,,,,,,,,1877.61,0.0,0.0,0.0,0.0,,1877.61,,,,,,,2000.0,0.0,0.0,0.0,0.0,,2000.0,
2022-11-24,298.9,304.1,293.9,300.2,550792.66,0.47,282.0,285.35,286.93,False,23.84,27.0,16.29,,,,,,,,,,,,,,,1877.61,0.0,0.0,0.0,0.0,,1877.61,,,,,,,2000.0,0.0,0.0,0.0,0.0,,2000.0,
2022-11-25,300.3,306.6,294.1,300.8,465733.48,0.2,284.89,286.82,287.95,False,24.03,26.67,15.53,,,,,,,,,,,,,,,1877.61,0.0,0.0,0.0,0.0,,1877.61,,,,,,,2000.0,0.0,0.0,0.0,0.0,,2000.0,
2022-11-26,300.8,317.8,299.9,311.4,569578.77,3.52,288.97,289.16,289.69,False,24.71,29.1,14.47,,,,,317.8,,LH,,SMALL LL confirmed @ 250.00,,,,,,1877.61,0.0,0.0,0.0,0.0,,1877.61,,,,,,,2000.0,0.0,0.0,0.0,0.0,,2000.0,
2022-11-27,311.4,316.7,306.3,307.6,310095.84,-1.22,291.84,290.92,291.02,True,25.34,27.92,13.89,,,,,,,,,,,,,,,1877.61,0.0,0.0,0.0,0.0,,1877.61,,,,,,,2000.0,0.0,0.0,0.0,0.0,,2000.0,
2022-11-28,307.7,309.6,286.6,293.5,603763.83,-4.58,292.09,291.16,291.2,True,24.35,25.45,20.22,,,,,,,,,,,,,,,1877.61,0.0,0.0,0.0,0.0,,1877.61,,,,,,,2000.0,0.0,0.0,0.0,0.0,,2000.0,
2022-11-29,293.5,305.3,289.0,295.4,422502.38,0.65,292.6,291.57,291.51,True,23.43,23.84,18.95,,,,,,,,,,,,,,,1877.61,0.0,0.0,0.0,0.0,,1877.61,,,,,,,2000.0,0.0,0.0,0.0,0.0,,2000.0,
2022-11-30,295.4,305.5,292.5,300.6,467009.69,1.76,293.83,292.43,292.19,True,22.58,22.7,17.97,,,,,,,,,,,,,,,1877.61,0.0,0.0,0.0,0.0,,1877.61,,,,,,,2000.0,0.0,0.0,0.0,0.0,,2000.0,
2022-12-01,300.6,302.0,290.0,292.3,798867.74,-2.76,293.6,292.41,292.19,True,21.6,21.59,18.11,,,,,,,,,SMALL LH confirmed @ 317.80,,,,,,1877.61,0.0,0.0,0.0,0.0,,1877.61,,,,,,,2000.0,0.0,0.0,0.0,0.0,,2000.0,
2022-12-02,292.3,293.9,285.4,293.4,364102.28,0.38,293.57,292.51,292.28,True,20.31,20.82,19.4,,,,,,,,,,,,,,,1877.61,0.0,0.0,0.0,0.0,,1877.61,,,,,,,2000.0,0.0,0.0,0.0,0.0,,2000.0,
2022-12-03,293.4,294.4,289.0,290.4,234377.06,-1.02,293.08,292.31,292.14,True,19.15,20.54,18.94,,,,,,,,,,,,,,,1877.61,0.0,0.0,0.0,0.0,,1877.61,,,,,,,2000.0,0.0,0.0,0.0,0.0,,2000.0,
2022-12-04,290.4,292.8,287.4,291.8,244356.78,0.48,292.88,292.26,292.12,True,17.93,20.03,19.2,,,,,,,,,,,,,,,1877.61,0.0,0.0,0.0,0.0,,1877.61,,,,,,,2000.0,0.0,0.0,0.0,0.0,,2000.0,
2022-12-05,291.8,297.2,286.1,288.4,294958.79,-1.17,292.19,291.89,291.84,True,17.17,21.06,18.19,,,,,,,,,,,,,,,1877.61,0.0,0.0,0.0,0.0,,1877.61,,,,,,,2000.0,0.0,0.0,0.0,0.0,,2000.0,
2022-12-06,288.5,290.8,286.5,290.2,247911.35,0.62,291.89,291.73,291.72,True,16.47,20.61,17.8,,,,,,,,,,,,,,,1877.61,0.0,0.0,0.0,0.0,,1877.61,,,,,,,2000.0,0.0,0.0,0.0,0.0,,2000.0,
2022-12-07,290.2,290.9,281.1,284.2,361435.53,-2.07,290.7,291.01,291.16,False,15.31,19.58,19.67,,,,,,,,,,,,,,,1877.61,0.0,0.0,0.0,0.0,,1877.61,,,,,,,2000.0,0.0,0.0,0.0,0.0,,2000.0,
2022-12-08,284.2,292.0,282.4,290.4,281655.09,2.18,290.66,290.95,291.11,False,14.31,19.17,18.68,,,,,,,,,,,,,,,1877.61,0.0,0.0,0.0,0.0,,1877.61,,,,,,,2000.0,0.0,0.0,0.0,0.0,,2000.0,
2022-12-09,290.4,292.0,284.4,286.0,308418.72,-1.52,289.94,290.48,290.73,False,13.37,18.38,17.92,,,,,,,,,,,,,,,1877.61,0.0,0.0,0.0,0.0,,1877.61,,,,,,,2000.0,0.0,0.0,0.0,0.0,,2000.0,
2022-12-10,286.1,289.9,285.7,288.2,148922.63,0.77,289.67,290.27,290.54,False,12.51,17.94,17.49,,,,,,,,,,,,,,,1877.61,0.0,0.0,0.0,0.0,,1877.61,,,,,,,2000.0,0.0,0.0,0.0,0.0,,2000.0,
2022-12-11,288.2,291.4,283.3,284.4,206340.15,-1.32,288.86,289.71,290.09,False,11.81,17.1,18.06,,,,,,,,,,,,,,,1877.61,0.0,0.0,0.0,0.0,,1877.61,,,,,,,2000.0,0.0,0.0,0.0,0.0,,2000.0,
2022-12-12,284.5,285.8,271.7,276.1,507509.84,-2.92,286.9,288.41,289.05,False,12.36,15.71,23.28,,,,,,,,,,,,,,,1877.61,0.0,0.0,0.0,0.0,,1877.61,,,,,,,2000.0,0.0,0.0,0.0,0.0,,2000.0,
2022-12-13,276.1,282.0,255.6,272.2,1309642.68,-1.41,284.64,286.87,287.8,False,14.03,13.5,28.59,,,,,,,,,,,,,,,1877.61,0.0,0.0,0.0,0.0,,1877.61,,,,,,,2000.0,0.0,0.0,0.0,0.0,,2000.0,
2022-12-14,272.2,278.4,265.5,267.7,580082.91,-1.65,282.03,285.04,286.31,False,15.59,12.57,26.61,,,,,,,,,,,,,,,1877.61,0.0,0.0,0.0,0.0,,1877.61,,,,,,,2000.0,0.0,0.0,0.0,0.0,,2000.0,
2022-12-15,267.7,268.1,256.5,258.8,350889.16,-3.32,278.46,282.54,284.28,False,17.58,11.78,29.81,,,,,,,,,,,,,,,1877.61,0.0,0.0,0.0,0.0,,1877.61,,,,,,,2000.0,0.0,0.0,0.0,0.0,,2000.0,
2022-12-16,258.9,264.7,224.7,231.2,876900.03,-10.66,271.19,277.65,280.34,False,20.66,9.56,39.18,,,,,,,,BEAR_BOS,SMALL BEAR BOS @ 231.20 (level 250.00),,,,,,1877.61,0.0,0.0,0.0,0.0,,1877.61,,,,,,,2000.0,0.0,0.0,0.0,0.0,,2000.0,
2022-12-17,231.2,245.0,220.0,242.1,788798.49,4.71,266.71,274.27,277.51,False,23.66,8.48,36.88,,220.0,LL,,,220.0,LL,,,,,,,,1877.61,0.0,0.0,0.0,0.0,,1877.61,,,,,,,2000.0,0.0,0.0,0.0,0.0,,2000.0,
2022-12-18,242.1,254.6,239.5,251.0,526139.43,3.68,264.29,272.05,275.55,False,25.36,12.24,34.37,,,,,254.6,,LH,,,,,,,,1877.61,0.0,0.0,0.0,0.0,,1877.61,,,,,,,2000.0,0.0,0.0,0.0,0.0,,2000.0,
2022-12-19,251.1,253.3,236.8,240.4,408787.2,-4.22,260.62,269.04,272.94,False,27.04,11.33,33.03,,,,,,236.8,HL,,,,,,,,1877.61,0.0,0.0,0.0,0.0,,1877.61,,,,,,,2000.0,0.0,0.0,0.0,0.0,,2000.0,
2022-12-20,240.3,253.5,239.1,251.4,320509.03,4.58,259.2,267.36,271.35,False,28.58,10.68,30.87,,,,,253.5,,LH,,,,,,,,1877.61,0.0,0.0,0.0,0.0,,1877.61,,,,,,,2000.0,0.0,0.0,0.0,0.0,,2000.0,
2022-12-21,251.4,251.5,245.2,246.2,195051.38,-2.07,257.2,265.34,269.49,False,30.01,10.36,29.95,,,,,,,,,,,,,,,1877.61,0.0,0.0,0.0,0.0,,1877.61,,,,,,,2000.0,0.0,0.0,0.0,0.0,,2000.0,
2022-12-22,246.2,248.3,240.1,245.8,246104.2,-0.16,255.45,263.48,267.73,False,31.56,9.95,31.24,,,,,,240.1,HL,,SMALL LL confirmed @ 220.00,,,,,,1877.61,0.0,0.0,0.0,0.0,,1877.61,,,,,,,2000.0,0.0,0.0,0.0,0.0,,2000.0,
2022-12-23,245.9,248.7,243.7,246.2,175280.01,0.16,254.02,261.83,266.14,False,32.94,9.9,30.44,,,,,,,,,SMALL LH confirmed @ 254.60,,,,,,1877.61,0.0,0.0,0.0,0.0,,1877.61,,,,,,,2000.0,0.0,0.0,0.0,0.0,,2000.0,
2022-12-24,246.2,246.3,243.4,244.5,96773.73,-0.69,252.56,260.18,264.53,False,34.24,9.74,30.12,,,,,,,,,SMALL HL confirmed @ 236.80,,,,,,1877.61,0.0,0.0,0.0,0.0,,1877.61,,,,,,,2000.0,0.0,0.0,0.0,0.0,,2000.0,
2022-12-25,244.6,245.8,241.4,243.2,125016.88,-0.53,251.12,258.57,262.95,False,35.55,9.5,30.51,,,,,,,,,SMALL LH confirmed @ 253.50,,,,,,1877.61,0.0,0.0,0.0,0.0,,1877.61,,,,,,,2000.0,0.0,0.0,0.0,0.0,,2000.0,
2022-12-26,243.2,244.9,242.0,244.3,117117.97,0.45,250.07,257.21,261.57,False,36.76,9.33,29.97,,,,,,,,,,,,,,,1877.61,0.0,0.0,0.0,0.0,,1877.61,,,,,,,2000.0,0.0,0.0,0.0,0.0,,2000.0,
2022-12-27,244.3,248.9,242.1,246.7,196642.12,0.98,249.55,256.21,260.47,False,37.21,11.43,28.7,,,,,248.9,,LH,,SMALL HL confirmed @ 240.10,,,,,,1877.61,0.0,0.0,0.0,0.0,,1877.61,,,,,,,2000.0,0.0,0.0,0.0,0.0,,2000.0,
2022-12-28,246.7,247.4,241.5,244.5,208632.34,-0.89,248.77,255.09,259.29,False,37.66,10.99,27.99,,,,,,,,,BIG HH confirmed @ 398.30,,,,,,1877.61,0.0,0.0,0.0,0.0,,1877.61,,,,,,,2000.0,0.0,0.0,0.0,0.0,,2000.0,
2022-12-29,244.6,246.9,243.3,246.3,161959.27,0.74,248.39,254.25,258.32,False,38.09,10.72,27.31,,,,,,,,,,,,,,,1877.61,0.0,0.0,0.0,0.0,,1877.61,,,,,,,2000.0,0.0,0.0,0.0,0.0,,2000.0,
2022-12-30,246.3,246.7,242.7,245.8,128406.53,-0.2,247.99,253.45,257.4,False,38.53,10.42,26.96,,,,,,,,,,,,,,,1877.61,0.0,0.0,0.0,0.0,,1877.61,,,,,,,2000.0,0.0,0.0,0.0,0.0,,2000.0,
2022-12-31,245.8,248.0,244.8,246.3,134141.31,0.2,247.73,252.77,256.58,False,38.67,11.14,26.31,,,,,,,,,,,,,,,1877.61,0.0,0.0,0.0,0.0,,1877.61,,,,,,,2000.0,0.0,0.0,0.0,0.0,,2000.0,
2023-01-01,246.3,246.7,243.4,244.4,109450.12,-0.77,247.22,251.97,255.67,False,38.92,10.85,26.73,,,,,,,,,SMALL LH confirmed @ 248.90,,,,,,1877.61,0.0,0.0,0.0,0.0,,1877.61,,,,,,,2000.0,0.0,0.0,0.0,0.0,,2000.0,
2023-01-02,244.5,247.9,240.7,245.2,173452.9,0.33,246.91,251.33,254.9,False,39.4,10.23,27.35,,,,,,240.7,HL,,,,,,,,1877.61,0.0,0.0,0.0,0.0,,1877.61,,,,,,,2000.0,0.0,0.0,0.0,0.0,,2000.0,
2023-01-03,245.3,247.0,244.4,246.1,115059.99,0.37,246.79,250.83,254.25,False,39.84,10.01,26.75,,,,,,,,,,,,,,,1877.61,0.0,0.0,0.0,0.0,,1877.61,,,,,,,2000.0,0.0,0.0,0.0,0.0,,2000.0,
2023-01-04,246.2,261.0,245.6,258.9,370055.08,5.2,248.65,251.6,254.59,False,37.58,19.88,23.49,,,,,,,,BULL_CHOCH,SMALL BULL CHOCH @ 258.90 (level 248.90),129.45,-50.0,1.0,7.252261,1877.61,1877.61,0.0,0.0,938.81,938.81,0.0,938.81,"ENTRY @ 258.90 (small green CHoCH, margin $938.81 [50% of bank] @ 2x [ADX 37.6, zone red], 7.252261 units)",129.45,-50.0,1.0,7.72499,2000.0,2000.0,0.0,0.0,1000.0,1000.0,0.0,1000.0,"ENTRY @ 258.90 (small green CHoCH, margin $1000.00 [50% of bank] @ 2x [ADX 37.6, zone red], 7.724990 units)"
2023-01-05,258.9,259.2,255.2,256.7,145297.96,-0.85,249.89,252.08,254.75,False,35.49,19.23,22.71,,,,,,,,,,129.45,-49.57,1.0,7.252261,1861.66,1861.66,-15.95,-0.85,922.85,930.83,-7.98,938.81,,129.45,-49.57,1.0,7.72499,1983.01,1983.01,-16.99,-0.85,983.01,991.5,-8.5,1000.0,
2023-01-06,256.7,260.7,254.2,259.9,199497.08,1.25,251.43,252.83,255.13,False,33.31,19.44,21.47,,,,,,,,,,129.45,-50.19,1.0,7.252261,1884.86,1884.86,23.21,1.25,946.06,942.43,3.63,938.81,,129.45,-50.19,1.0,7.72499,2007.72,2007.72,24.72,1.25,1007.72,1003.86,3.86,1000.0,
2023-01-07,259.9,263.9,259.4,261.3,115152.77,0.54,252.95,253.63,255.59,False,31.07,21.46,20.63,,,,,,,,,SMALL HL confirmed @ 240.70,129.45,-50.46,1.0,7.252261,1895.02,1895.02,10.15,0.54,956.21,947.51,8.7,938.81,,129.45,-50.46,1.0,7.72499,2018.54,2018.54,10.81,0.54,1018.54,1009.27,9.27,1000.0,
2023-01-08,261.3,276.5,260.1,274.9,237308.89,5.2,256.32,255.66,257.02,False,30.53,28.83,17.89,,,,,,,,,,129.45,-52.91,1.0,7.252261,1993.65,1993.65,98.63,5.2,1054.84,996.82,58.02,938.81,,129.45,-52.91,1.0,7.72499,2123.6,2123.6,105.06,5.2,1123.6,1061.8,61.8,1000.0,
2023-01-09,274.9,283.5,271.3,272.6,437828.43,-0.84,258.83,257.27,258.17,True,30.65,31.58,16.16,,,,,,,,,,129.45,-52.51,1.0,7.252261,1976.97,1976.97,-16.68,-0.84,1038.16,988.48,49.68,938.81,,129.45,-52.51,1.0,7.72499,2105.83,2105.83,-17.77,-0.84,1105.83,1052.92,52.92,1000.0,
2023-01-10,272.6,278.8,270.2,277.1,259938.56,1.65,261.64,259.16,259.57,True,30.59,29.43,15.93,,,,,,,,,,129.45,-53.28,1.0,7.252261,2009.6,2009.6,32.64,1.65,1070.8,1004.8,66.0,938.81,,129.45,-53.28,1.0,7.72499,2140.59,2140.59,34.76,1.65,1140.59,1070.3,70.3,1000.0,
2023-01-11,277.2,287.7,274.1,284.8,266107.3,2.78,265.2,261.6,261.44,True,31.25,33.17,14.28,,,,,,,,,,129.45,-54.55,1.0,7.252261,2065.44,2065.44,55.84,2.78,1126.64,1032.72,93.92,938.81,,129.45,-54.55,1.0,7.72499,2200.08,2200.08,59.48,2.78,1200.08,1100.04,100.04,1000.0,
2023-01-12,284.9,288.6,278.5,287.7,391553.64,1.02,268.66,264.09,263.39,True,31.93,31.31,13.18,,,,,,,,,,129.45,-55.01,1.0,7.252261,2086.48,2086.48,21.03,1.02,1147.67,1043.24,104.43,938.81,,129.45,-55.01,1.0,7.72499,2222.48,2222.48,22.4,1.02,1222.48,1111.24,111.24,1000.0,
2023-01-13,287.8,296.0,284.9,293.7,313541.81,2.09,272.52,266.91,265.63,True,33.07,34.26,12.08,,,,,,,,,,129.45,-55.92,1.0,7.252261,2129.99,2129.99,43.51,2.09,1191.18,1064.99,126.19,938.81,,129.45,-55.92,1.0,7.72499,2268.83,2268.83,46.35,2.09,1268.83,1134.41,134.41,1000.0,
2023-01-14,293.7,314.4,293.1,305.1,706402.09,3.88,277.53,270.55,268.56,True,35.03,41.91,10.31,,,,,314.4,,HH,,,129.45,-57.57,1.0,7.252261,2212.66,2212.66,82.68,3.88,1273.86,1106.33,167.53,938.81,,129.45,-57.57,1.0,7.72499,2356.89,2356.89,88.06,3.88,1356.89,1178.45,178.45,1000.0,
2023-01-15,305.2,306.1,291.8,302.2,288696.87,-0.95,281.32,273.56,271.05,True,36.64,37.89,10.19,,,,,,,,,,129.45,-57.16,1.0,7.252261,2191.63,2191.63,-21.03,-0.95,1252.83,1095.82,157.01,938.81,,129.45,-57.16,1.0,7.72499,2334.49,2334.49,-22.4,-0.95,1334.49,1167.25,167.25,1000.0,
2023-01-16,302.2,308.1,293.1,299.0,350990.99,-1.06,284.04,275.98,273.12,True,38.23,35.49,9.19,,,,,,,,,,129.45,-56.71,1.0,7.252261,2168.43,2168.43,-23.21,-1.06,1229.62,1084.21,145.41,938.81,,129.45,-56.71,1.0,7.72499,2309.77,2309.77,-24.72,-1.06,1309.77,1154.89,154.89,1000.0,
2023-01-17,299.0,305.8,294.9,299.4,279993.88,0.13,286.41,278.21,275.07,True,39.7,32.96,8.54,,,,,,,,,,129.45,-56.76,1.0,7.252261,2171.33,2171.33,2.9,0.13,1232.52,1085.66,146.86,938.81,,129.45,-56.76,1.0,7.72499,2312.86,2312.86,3.09,0.13,1312.86,1156.43,156.43,1000.0,
2023-01-18,299.4,305.3,281.1,286.7,621064.66,-4.24,286.45,279.02,275.93,True,38.92,28.17,15.59,,,,,,281.1,HL,,,129.45,-54.85,1.0,7.252261,2079.22,2079.22,-92.1,-4.24,1140.42,1039.61,100.81,938.81,,129.45,-54.85,1.0,7.72499,2214.75,2214.75,-98.11,-4.24,1214.75,1107.38,107.38,1000.0,
2023-01-19,286.7,295.5,286.1,294.6,215522.15,2.76,287.7,280.51,277.31,True,38.19,26.56,14.69,,,,,,,,,SMALL HH confirmed @ 314.40,129.45,-56.06,1.0,7.252261,2136.52,2136.52,57.29,2.76,1197.71,1068.26,129.45,938.81,,129.45,-56.06,1.0,7.72499,2275.78,2275.78,61.03,2.76,1275.78,1137.89,137.89,1000.0,
2023-01-20,294.6,305.4,286.6,305.1,423829.14,3.56,290.38,282.85,279.37,True,38.21,29.43,13.08,,,,,,,,,,129.45,-57.57,1.0,7.252261,2212.66,2212.66,76.15,3.56,1273.86,1106.33,167.53,938.81,,129.45,-57.57,1.0,7.72499,2356.89,2356.89,81.11,3.56,1356.89,1178.45,178.45,1000.0,
2023-01-21,305.1,309.9,298.4,299.0,508000.02,-2.0,291.71,284.39,280.82,True,38.51,30.08,12.2,,,,,,,,,,129.45,-56.71,1.0,7.252261,2168.43,2168.43,-44.24,-2.0,1229.62,1084.21,145.41,938.81,,129.45,-56.71,1.0,7.72499,2309.77,2309.77,-47.12,-2.0,1309.77,1154.89,154.89,1000.0,
2023-01-22,299.1,311.4,298.5,303.0,388815.19,1.34,293.44,286.16,282.47,True,38.87,28.69,11.28,,,,,,,,,,129.45,-57.28,1.0,7.252261,2197.44,2197.44,29.01,1.34,1258.63,1098.72,159.91,938.81,,129.45,-57.28,1.0,7.72499,2340.67,2340.67,30.9,1.34,1340.67,1170.34,170.34,1000.0,
2023-01-23,303.1,307.8,300.8,305.1,301946.0,0.69,295.24,287.96,284.14,True,39.2,27.48,10.8,,,,,,,,,SMALL HL confirmed @ 281.10,129.45,-57.57,1.0,7.252261,2212.66,2212.66,15.23,0.69,1273.86,1106.33,167.53,938.81,,129.45,-57.57,1.0,7.72499,2356.89,2356.89,16.22,0.69,1356.89,1178.45,178.45,1000.0,
2023-01-24,305.2,323.5,299.2,300.3,629758.28,-1.57,296.02,289.14,285.34,True,40.36,32.54,9.33,,,,,323.5,,HH,,,129.45,-56.89,1.0,7.252261,2177.85,2177.85,-34.81,-1.57,1239.05,1088.93,150.12,938.81,,129.45,-56.89,1.0,7.72499,2319.81,2319.81,-37.08,-1.57,1319.81,1159.91,159.91,1000.0,
2023-01-25,300.3,314.0,293.4,306.9,447238.54,2.2,297.69,290.83,286.94,True,40.58,28.94,11.41,,,,,,293.4,HL,,,129.45,-57.82,1.0,7.252261,2225.72,2225.72,47.86,2.2,1286.91,1112.86,174.05,938.81,,129.45,-57.82,1.0,7.72499,2370.8,2370.8,50.98,2.2,1370.8,1185.4,185.4,1000.0,
2023-01-26,306.9,309.5,301.6,304.7,342344.7,-0.72,298.77,292.15,288.25,True,40.79,27.67,10.91,,,,,,,,,,129.45,-57.52,1.0,7.252261,2209.76,2209.76,-15.95,-0.72,1270.96,1104.88,166.08,938.81,,129.45,-57.52,1.0,7.72499,2353.8,2353.8,-16.99,-0.72,1353.8,1176.9,176.9,1000.0,
2023-01-27,304.8,310.5,298.8,308.0,271326.79,1.08,300.19,293.66,289.71,True,40.55,25.87,11.76,,,,,,,,,,129.45,-57.97,1.0,7.252261,2233.7,2233.7,23.93,1.08,1294.89,1116.85,178.04,938.81,,129.45,-57.97,1.0,7.72499,2379.3,2379.3,25.49,1.08,1379.3,1189.65,189.65,1000.0,
2023-01-28,308.0,313.6,303.6,306.1,229517.8,-0.62,301.1,294.84,290.93,True,40.54,26.16,11.1,,,,,,,,,,129.45,-57.71,1.0,7.252261,2219.92,2219.92,-13.78,-0.62,1281.11,1109.96,171.15,938.81,,129.45,-57.71,1.0,7.72499,2364.62,2364.62,-14.68,-0.62,1364.62,1182.31,182.31,1000.0,
2023-01-29,306.2,320.5,304.8,317.2,430698.67,3.63,303.58,296.97,292.87,True,40.97,27.71,10.13,,,,,,,,,SMALL HH confirmed @ 323.50,129.45,-59.19,1.0,7.252261,2300.42,2300.42,80.5,3.63,1361.61,1150.21,211.4,938.81,,129.45,-59.19,1.0,7.72499,2450.37,2450.37,85.75,3.63,1450.37,1225.18,225.18,1000.0,
2023-01-30,317.1,320.8,302.0,307.2,413716.21,-3.15,304.13,297.95,293.94,True,40.92,24.91,10.61,,,,,,,,,SMALL HL confirmed @ 293.40,129.45,-57.86,1.0,7.252261,2227.89,2227.89,-72.52,-3.15,1289.09,1113.95,175.14,938.81,,129.45,-57.86,1.0,7.72499,2373.12,2373.12,-77.25,-3.15,1373.12,1186.56,186.56,1000.0,
2023-01-31,307.2,314.4,305.3,312.0,278061.96,1.56,305.34,299.29,295.27,True,40.87,23.66,10.08,,,,,,,,,,129.45,-58.51,1.0,7.252261,2262.71,2262.71,34.81,1.56,1323.9,1131.35,192.55,938.81,,129.45,-58.51,1.0,7.72499,2410.2,2410.2,37.08,1.56,1410.2,1205.1,205.1,1000.0,
2023-02-01,312.1,319.4,305.6,317.0,390978.52,1.6,307.14,300.97,296.88,True,41.17,24.61,9.32,,,,,,,,,,129.45,-59.16,1.0,7.252261,2298.97,2298.97,36.26,1.6,1360.16,1149.48,210.68,938.81,,129.45,-59.16,1.0,7.72499,2448.82,2448.82,38.62,1.6,1448.82,1224.41,224.41,1000.0,
2023-02-02,317.1,334.4,316.3,323.5,587655.88,2.05,309.65,303.12,298.85,True,42.26,30.24,8.42,,,,,,,,,,129.45,-59.98,1.0,7.252261,2346.11,2346.11,47.14,2.05,1407.3,1173.05,234.25,938.81,,129.45,-59.98,1.0,7.72499,2499.03,2499.03,50.21,2.05,1499.03,1249.52,249.52,1000.0,
2023-02-03,323.5,335.5,318.3,332.2,579577.16,2.69,313.12,305.89,301.32,True,43.33,28.09,7.66,,,,,,,,BULL_BOS,SMALL BULL BOS @ 332.20 (level 323.50),129.45,-61.03,1.0,7.252261,2409.2,2409.2,63.09,2.69,1470.4,1204.6,265.8,938.81,,129.45,-61.03,1.0,7.72499,2566.24,2566.24,67.21,2.69,1566.24,1283.12,283.12,1000.0,
2023-02-04,332.3,334.1,327.0,330.4,212109.63,-0.54,315.78,308.22,303.48,True,44.31,27.01,7.37,,,,,,,,,,129.45,-60.82,1.0,7.252261,2396.15,2396.15,-13.05,-0.54,1457.34,1198.07,259.27,938.81,,129.45,-60.82,1.0,7.72499,2552.34,2552.34,-13.9,-0.54,1552.34,1276.17,276.17,1000.0,
2023-02-05,330.4,337.8,324.0,327.8,396514.71,-0.79,317.63,310.09,305.28,True,45.41,27.0,6.82,,,,,337.8,,HH,,BIG LL confirmed @ 220.00,129.45,-60.51,1.0,7.252261,2377.29,2377.29,-18.86,-0.79,1438.49,1188.65,249.84,938.81,,129.45,-60.51,1.0,7.72499,2532.25,2532.25,-20.08,-0.79,1532.25,1266.13,266.13,1000.0,
2023-02-06,327.8,331.5,320.7,324.3,290965.0,-1.07,318.66,311.44,306.69,True,45.82,25.4,8.22,,,,,,,,,,129.45,-60.08,1.0,7.252261,2351.91,2351.91,-25.38,-1.07,1413.1,1175.95,237.15,938.81,,129.45,-60.08,1.0,7.72499,2505.21,2505.21,-27.04,-1.07,1505.21,1252.61,252.61,1000.0,
2023-02-07,324.4,333.7,323.2,333.0,265904.83,2.68,320.86,313.49,308.64,True,46.33,25.14,7.74,,,,,,,,,,129.45,-61.13,1.0,7.252261,2415.0,2415.0,63.09,2.68,1476.2,1207.5,268.7,938.81,,129.45,-61.13,1.0,7.72499,2572.42,2572.42,67.21,2.68,1572.42,1286.21,286.21,1000.0,
2023-02-08,333.1,335.8,323.6,328.2,286865.87,-1.44,321.99,314.89,310.09,True,46.92,24.61,7.21,,,,,,,,,,129.45,-60.56,1.0,7.252261,2380.19,2380.19,-34.81,-1.44,1441.39,1190.1,251.29,938.81,,129.45,-60.56,1.0,7.72499,2535.34,2535.34,-37.08,-1.44,1535.34,1267.67,267.67,1000.0,
2023-02-09,328.2,329.3,302.0,306.2,564612.57,-6.7,319.56,314.07,309.8,True,44.28,21.15,17.33,,,,,,,,,,129.45,-57.72,1.0,7.252261,2220.64,2220.64,-159.55,-6.7,1281.84,1110.32,171.52,938.81,,129.45,-57.72,1.0,7.72499,2365.39,2365.39,-169.95,-6.7,1365.39,1182.7,182.7,1000.0,
2023-02-10,306.2,309.2,302.5,305.8,295784.98,-0.13,317.44,313.28,309.5,True,41.83,20.39,16.71,,,,,,,,,SMALL HH confirmed @ 337.80,129.45,-57.67,1.0,7.252261,2217.74,2217.74,-2.9,-0.13,1278.94,1108.87,170.07,938.81,,129.45,-57.67,1.0,7.72499,2362.3,2362.3,-3.09,-0.13,1362.3,1181.15,181.15,1000.0,
2023-02-11,305.9,311.4,305.1,310.4,154488.76,1.5,316.36,313.01,309.57,True,39.76,20.9,16.12,,,,,,,,,,129.45,-58.3,1.0,7.252261,2251.1,2251.1,33.36,1.5,1312.3,1125.55,186.75,938.81,,129.45,-58.3,1.0,7.72499,2397.84,2397.84,35.53,1.5,1397.84,1198.92,198.92,1000.0,
2023-02-12,310.5,321.0,306.0,312.6,291500.27,0.71,315.78,312.97,309.79,True,38.68,24.45,14.79,,,,,,,,,,129.45,-58.59,1.0,7.252261,2267.06,2267.06,15.95,0.71,1328.25,1133.53,194.72,938.81,,129.45,-58.59,1.0,7.72499,2414.83,2414.83,16.99,0.71,1414.83,1207.42,207.42,1000.0,
2023-02-13,312.6,315.7,282.8,294.3,1065985.59,-5.85,312.48,311.19,308.65,True,36.46,20.47,23.87,,,,,,282.8,LL,,,129.45,-56.01,1.0,7.252261,2134.34,2134.34,-132.72,-5.85,1195.54,1067.17,128.37,938.81,,129.45,-56.01,1.0,7.72499,2273.46,2273.46,-141.37,-5.85,1273.46,1136.73,136.73,1000.0,
2023-02-14,294.3,301.7,289.8,296.2,494698.65,0.65,309.97,309.76,307.72,True,34.41,19.24,22.45,,,,,,,,,,129.45,-56.3,1.0,7.252261,2148.12,2148.12,13.78,0.65,1209.31,1074.06,135.25,938.81,,129.45,-56.3,1.0,7.72499,2288.14,2288.14,14.68,0.65,1288.14,1144.07,144.07,1000.0,
2023-02-15,296.2,317.7,294.0,317.4,465921.94,7.16,311.12,310.49,308.44,True,32.72,24.72,19.9,,,,,,,,,,129.45,-59.22,1.0,7.252261,2301.87,2301.87,153.75,7.16,1363.06,1150.93,212.13,938.81,,129.45,-59.22,1.0,7.72499,2451.91,2451.91,163.77,7.16,1451.91,1225.96,225.96,1000.0,
2023-02-16,317.5,327.8,303.9,304.4,858141.89,-4.1,310.08,309.91,308.14,True,31.82,26.64,17.72,,,,,327.8,,LH,,,129.45,-57.47,1.0,7.252261,2207.59,2207.59,-94.28,-4.1,1268.78,1103.79,164.99,938.81,,129.45,-57.47,1.0,7.72499,2351.49,2351.49,-100.42,-4.1,1351.49,1175.74,175.74,1000.0,
2023-02-17,304.4,317.5,302.8,313.0,508736.19,2.83,310.53,310.2,308.5,True,30.88,24.84,17.02,,,,,,302.8,HL,,,129.45,-58.64,1.0,7.252261,2269.96,2269.96,62.37,2.83,1331.15,1134.98,196.17,938.81,,129.45,-58.64,1.0,7.72499,2417.92,2417.92,66.43,2.83,1417.92,1208.96,208.96,1000.0,
2023-02-18,313.0,319.2,312.9,316.5,282485.39,1.12,311.45,310.8,309.09,True,30.13,24.9,16.51,,,,,,,,,SMALL LL confirmed @ 282.80,129.45,-59.1,1.0,7.252261,2295.34,2295.34,25.38,1.12,1356.54,1147.67,208.87,938.81,,129.45,-59.1,1.0,7.72499,2444.96,2444.96,27.04,1.12,1444.96,1222.48,222.48,1000.0,
2023-02-19,316.6,318.9,310.3,311.5,336004.27,-1.58,311.46,310.87,309.27,True,29.15,23.84,17.09,,,,,,,,,,129.45,-58.44,1.0,7.252261,2259.08,2259.08,-36.26,-1.58,1320.27,1129.54,190.73,938.81,,129.45,-58.44,1.0,7.72499,2406.33,2406.33,-38.62,-1.58,1406.33,1203.17,203.17,1000.0,
2023-02-20,311.5,319.8,308.0,315.4,514483.8,1.25,312.06,311.3,309.73,True,28.0,22.43,17.23,,,,,319.8,,LH,,,129.45,-58.96,1.0,7.252261,2287.36,2287.36,28.28,1.25,1348.56,1143.68,204.88,938.81,,129.45,-58.96,1.0,7.72499,2436.46,2436.46,30.13,1.25,1436.46,1218.23,218.23,1000.0,
2023-02-21,315.5,317.4,309.3,311.5,385161.3,-1.24,311.98,311.32,309.86,True,26.94,21.49,16.51,,,,,,,,,SMALL LH confirmed @ 327.80,129.45,-58.44,1.0,7.252261,2259.08,2259.08,-28.28,-1.24,1320.27,1129.54,190.73,938.81,,129.45,-58.44,1.0,7.72499,2406.33,2406.33,-30.13,-1.24,1406.33,1203.17,203.17,1000.0,
2023-02-22,311.5,312.9,303.2,312.4,368344.99,0.29,312.04,311.42,310.05,True,25.29,20.38,18.89,,,,,,,,,SMALL HL confirmed @ 302.80,129.45,-58.56,1.0,7.252261,2265.61,2265.61,6.53,0.29,1326.8,1132.8,194.0,938.81,,129.45,-58.56,1.0,7.72499,2413.29,2413.29,6.95,0.29,1413.29,1206.64,206.64,1000.0,
2023-02-23,312.5,315.3,305.8,308.3,300641.24,-1.31,311.47,311.13,309.92,True,23.98,20.63,17.92,,,,,,,,,,129.45,-58.01,1.0,7.252261,2235.87,2235.87,-29.73,-1.31,1297.07,1117.94,179.13,938.81,,129.45,-58.01,1.0,7.72499,2381.61,2381.61,-31.67,-1.31,1381.61,1190.81,190.81,1000.0,
2023-02-24,308.3,312.1,298.6,302.3,328726.4,-1.95,310.06,310.28,309.35,True,22.52,19.13,20.51,,,,,,,,BEAR_CHOCH,SMALL BEAR CHOCH @ 302.30 (level 302.80),,,,,,2192.36,-43.51,-1.95,0.0,0.0,,2192.36,"EXIT @ 302.30 (small red CHoCH, realized +314.75)",,,,,,2335.26,-46.35,-1.95,0.0,0.0,,2335.26,"EXIT @ 302.30 (small red CHoCH, realized +335.26)"
2023-02-25,302.3,303.0,295.5,302.4,178538.41,0.03,308.88,309.53,308.84,True,21.46,18.33,21.38,,,,,,295.5,LL,,SMALL LH confirmed @ 319.80,,,,,,2192.36,0.0,0.0,0.0,0.0,,2192.36,,,,,,,2335.26,0.0,0.0,0.0,0.0,,2335.26,
2023-02-26,302.5,309.8,300.7,308.7,151419.17,2.08,308.85,309.45,308.83,True,20.09,21.25,20.27,,,,,309.8,,LH,,,,,,,,2192.36,0.0,0.0,0.0,0.0,,2192.36,,,,,,,2335.26,0.0,0.0,0.0,0.0,,2335.26,
2023-02-27,308.7,309.4,300.5,304.6,234405.82,-1.33,308.2,308.99,308.51,False,18.8,20.15,19.34,,,,,,,,,,,,,,,2192.36,0.0,0.0,0.0,0.0,,2192.36,,,,,,,2335.26,0.0,0.0,0.0,0.0,,2335.26,
2023-02-28,304.7,305.7,300.0,301.4,186649.19,-1.05,307.15,308.27,307.99,False,17.55,19.46,18.97,,,,,,,,,,,,,,,2192.36,0.0,0.0,0.0,0.0,,2192.36,,,,,,,2335.26,0.0,0.0,0.0,0.0,,2335.26,
2023-03-01,301.5,306.4,300.5,302.7,200883.89,0.43,306.47,307.74,307.6,False,16.47,19.18,18.27,,,,,,,,,,,,,,,2192.36,0.0,0.0,0.0,0.0,,2192.36,,,,,,,2335.26,0.0,0.0,0.0,0.0,,2335.26,
2023-03-02,302.6,303.8,295.8,299.8,200964.84,-0.96,305.44,306.98,307.02,False,15.69,18.19,20.34,,,,,,,,,SMALL LL confirmed @ 295.50,,,,,,2192.36,0.0,0.0,0.0,0.0,,2192.36,,,,,,,2335.26,0.0,0.0,0.0,0.0,,2335.26,
2023-03-03,299.8,300.0,286.6,290.4,266627.56,-3.14,303.13,305.4,305.79,False,15.92,16.65,24.43,,,,,,,,BEAR_BOS,SMALL LH confirmed @ 309.80 | SMALL BEAR BOS @ 290.40 (level 295.50),,,,,,2192.36,0.0,0.0,0.0,0.0,,2192.36,,,,,,,2335.26,0.0,0.0,0.0,0.0,,2335.26,
2023-03-04,290.5,291.5,285.8,289.6,127846.86,-0.28,301.05,303.9,304.59,False,16.22,16.03,24.04,,,,,,,,,,,,,,,2192.36,0.0,0.0,0.0,0.0,,2192.36,,,,,,,2335.26,0.0,0.0,0.0,0.0,,2335.26,
2023-03-05,289.6,292.8,287.4,288.7,128456.56,-0.31,299.15,302.45,303.41,False,16.29,16.33,23.16,,,,,,,,,,,,,,,2192.36,0.0,0.0,0.0,0.0,,2192.36,,,,,,,2335.26,0.0,0.0,0.0,0.0,,2335.26,
2023-03-06,288.8,289.7,283.3,287.8,205220.76,-0.31,297.4,301.06,302.25,False,16.78,15.6,24.99,,,,,,,,,,,,,,,2192.36,0.0,0.0,0.0,0.0,,2192.36,,,,,,,2335.26,0.0,0.0,0.0,0.0,,2335.26,
2023-03-07,287.9,290.5,283.4,289.3,200611.36,0.52,296.15,299.94,301.3,False,17.11,15.38,23.72,,,,,,,,,,,,,,,2192.36,0.0,0.0,0.0,0.0,,2192.36,,,,,,,2335.26,0.0,0.0,0.0,0.0,,2335.26,
2023-03-08,289.3,294.3,285.1,287.1,260938.37,-0.76,294.76,298.71,300.24,False,16.81,17.09,22.16,,,,,,,,,,,,,,,2192.36,0.0,0.0,0.0,0.0,,2192.36,,,,,,,2335.26,0.0,0.0,0.0,0.0,,2335.26,
2023-03-09,287.1,291.4,271.2,277.1,318996.85,-3.48,292.04,296.66,298.53,False,17.87,14.78,28.46,,,,,,,,,,,,,,,2192.36,0.0,0.0,0.0,0.0,,2192.36,,,,,,,2335.26,0.0,0.0,0.0,0.0,,2335.26,
2023-03-10,277.1,278.1,265.0,277.4,404292.97,0.11,289.79,294.82,296.96,False,19.31,13.51,30.09,,,,,,265.0,LL,,,,,,,,2192.36,0.0,0.0,0.0,0.0,,2192.36,,,,,,,2335.26,0.0,0.0,0.0,0.0,,2335.26,
2023-03-11,277.5,281.8,270.5,276.0,370350.21,-0.5,287.67,293.03,295.41,False,20.09,14.93,27.86,,,,,,,,,,,,,,,2192.36,0.0,0.0,0.0,0.0,,2192.36,,,,,,,2335.26,0.0,0.0,0.0,0.0,,2335.26,
2023-03-12,276.0,288.8,273.2,288.1,316243.12,4.38,287.74,292.56,294.87,False,19.85,17.91,25.09,,,,,,,,,,,,,,,2192.36,0.0,0.0,0.0,0.0,,2192.36,,,,,,,2335.26,0.0,0.0,0.0,0.0,,2335.26,
2023-03-13,288.1,314.1,286.1,307.9,991752.46,6.87,290.84,294.02,295.83,False,19.63,29.58,21.05,,,,,,,,,,,,,,,2192.36,0.0,0.0,0.0,0.0,,2192.36,,,,,,,2335.26,0.0,0.0,0.0,0.0,,2335.26,
2023-03-14,307.9,319.5,302.0,308.4,703702.21,0.16,293.54,295.39,296.77,False,19.8,29.7,18.99,,,,,,,,,,,,,,,2192.36,0.0,0.0,0.0,0.0,,2192.36,,,,,,,2335.26,0.0,0.0,0.0,0.0,,2335.26,
2023-03-15,308.5,312.7,300.0,306.3,413251.77,-0.68,295.5,296.43,297.47,False,19.75,27.59,18.76,,,,,,,,,SMALL LL confirmed @ 265.00,,,,,,2192.36,0.0,0.0,0.0,0.0,,2192.36,,,,,,,2335.26,0.0,0.0,0.0,0.0,,2335.26,
2023-03-16,306.3,332.8,302.8,329.4,1251303.89,7.54,300.72,299.57,299.84,True,20.89,33.62,15.89,,,,,,,,BULL_CHOCH,SMALL BULL CHOCH @ 329.40 (level 309.80),296.46,-10.0,5.0,33.27806,10961.79,2192.36,0.0,0.0,1096.18,1096.18,0.0,1096.18,"ENTRY @ 329.40 (small green CHoCH, margin $1096.18 [50% of bank] @ 10x [ADX 20.9, zone green], 33.278060 units)",296.46,-10.0,5.0,35.447246,11676.32,2335.26,0.0,0.0,1167.63,1167.63,0.0,1167.63,"ENTRY @ 329.40 (small green CHoCH, margin $1167.63 [50% of bank] @ 10x [ADX 20.9, zone green], 35.447246 units)"
2023-03-17,329.4,340.0,325.0,338.9,726737.47,2.88,306.59,303.31,302.73,True,22.3,34.72,14.68,,,,,,,,,,296.46,-12.52,4.5,33.27806,11277.93,2508.5,316.14,14.42,1412.32,1127.79,284.53,1096.18,,296.46,-12.52,4.5,35.447246,12013.07,2672.01,336.75,14.42,1504.38,1201.31,303.07,1167.63,
2023-03-18,339.0,346.3,328.0,331.0,662698.51,-2.33,310.35,305.95,304.82,True,23.88,34.69,13.35,,,,,346.3,,HH,,,296.46,-10.44,4.91,33.27806,11015.04,2245.6,-262.9,-10.48,1149.42,1101.5,47.92,1096.18,,296.46,-10.44,4.91,35.447246,11733.04,2391.98,-280.03,-10.48,1224.35,1173.3,51.04,1167.63,
2023-03-19,331.1,341.7,330.3,336.7,401972.62,1.72,314.4,308.88,307.19,True,25.35,32.7,12.58,,,,,,,,,,296.46,-11.95,4.6,33.27806,11204.72,2435.29,189.68,8.45,1339.11,1120.47,218.64,1096.18,,296.46,-11.95,4.6,35.447246,11935.09,2594.03,202.05,8.45,1426.4,1193.51,232.89,1167.63,
2023-03-20,336.7,339.1,331.3,332.5,511504.52,-1.25,317.19,311.13,309.06,True,26.71,31.37,12.07,,,,,,,,,,296.46,-10.84,4.82,33.27806,11064.96,2295.52,-139.77,-5.74,1199.34,1106.5,92.85,1096.18,,296.46,-10.84,4.82,35.447246,11786.21,2445.15,-148.88,-5.74,1277.52,1178.62,98.9,1167.63,
2023-03-21,332.5,339.9,327.1,334.4,477443.69,0.57,319.83,313.35,310.94,True,27.45,29.27,13.46,,,,,,,,,,296.46,-11.35,4.72,33.27806,11128.18,2358.75,63.23,2.75,1262.57,1112.82,149.75,1096.18,,296.46,-11.35,4.72,35.447246,11853.56,2512.5,67.35,2.75,1344.87,1185.36,159.51,1167.63,
2023-03-22,334.5,339.5,316.0,321.1,1286215.78,-3.98,320.03,314.08,311.69,True,26.88,25.84,17.41,,,,,,,,,,296.46,-7.67,5.58,33.27806,10685.59,1916.15,-442.6,-18.76,819.97,1068.56,-248.59,1096.18,,296.46,-7.67,5.58,35.447246,11382.11,2041.05,-471.45,-18.76,873.42,1138.21,-264.79,1167.63,
2023-03-23,321.2,332.1,318.9,329.4,383094.59,2.58,321.47,315.54,313.0,True,26.35,24.13,16.26,,,,,,,,,SMALL HH confirmed @ 346.30,296.46,-10.0,5.0,33.27806,10961.79,2192.36,276.21,14.41,1096.18,1096.18,0.0,1096.18,,296.46,-10.0,5.0,35.447246,11676.32,2335.26,294.21,14.41,1167.63,1167.63,0.0,1167.63,
2023-03-24,329.4,330.0,316.9,322.1,307030.0,-2.22,321.57,316.17,313.68,True,25.64,22.54,16.19,,,,,,,,,,296.46,-7.96,5.5,33.27806,10718.86,1949.43,-242.93,-11.08,853.25,1071.89,-218.64,1096.18,,296.46,-7.96,5.5,35.447246,11417.56,2076.5,-258.76,-11.08,908.87,1141.76,-232.89,1167.63,
2023-03-25,322.1,324.9,319.0,322.4,317118.33,0.09,321.7,316.76,314.32,True,24.98,21.84,15.69,,,,,,,,,,296.46,-8.05,5.48,33.27806,10728.85,1959.41,9.98,0.51,863.23,1072.88,-209.65,1096.18,,296.46,-8.05,5.48,35.447246,11428.19,2087.13,10.63,0.51,919.5,1142.82,-223.32,1167.63,
2023-03-26,322.4,329.5,321.7,328.6,204700.19,1.92,322.76,317.89,315.38,True,24.75,23.41,15.03,,,,,,,,,,296.46,-9.78,5.05,33.27806,10935.17,2165.74,206.32,10.53,1069.56,1093.52,-23.96,1096.18,,296.46,-9.78,5.05,35.447246,11647.97,2306.91,219.77,10.53,1139.27,1164.8,-25.52,1167.63,
2023-03-27,328.6,329.8,305.9,310.6,578039.56,-5.48,320.89,317.19,315.03,True,23.11,20.55,21.28,,,,,,,,,,296.46,-4.55,6.6,33.27806,10336.17,1566.73,-599.01,-27.66,470.55,1033.62,-563.06,1096.18,,296.46,-4.55,6.6,35.447246,11009.91,1668.86,-638.05,-27.66,501.22,1100.99,-599.77,1167.63,
2023-03-28,310.6,315.8,306.8,313.2,329398.42,0.84,319.7,316.81,314.89,True,21.59,19.57,20.27,,,,,,306.8,HL,,,296.46,-5.34,6.3,33.27806,10422.69,1653.25,86.52,5.52,557.07,1042.27,-485.19,1096.18,,296.46,-5.34,6.3,35.447246,11102.08,1761.02,92.16,5.52,593.39,1110.21,-516.82,1167.63,
2023-03-29,313.3,319.9,312.4,313.7,327282.23,0.16,318.78,316.52,314.8,True,20.32,21.0,19.45,,,,,,,,,,296.46,-5.5,6.25,33.27806,10439.33,1669.89,16.64,1.01,573.71,1043.93,-470.22,1096.18,,296.46,-5.5,6.25,35.447246,11119.8,1778.74,17.72,1.01,611.11,1111.98,-500.87,1167.63,
2023-03-30,313.8,320.8,309.1,316.4,496156.74,0.86,318.41,316.51,314.92,True,18.93,19.66,20.01,,,,,320.8,,LH,,,296.46,-6.3,5.98,33.27806,10529.18,1759.74,89.85,5.38,663.56,1052.92,-389.35,1096.18,,296.46,-6.3,5.98,35.447246,11215.51,1874.45,95.71,5.38,706.82,1121.55,-414.73,1167.63,
2023-03-31,316.4,319.8,311.8,316.9,266270.06,0.16,318.18,316.54,315.07,True,17.64,18.77,19.11,,,,,,,,,,296.46,-6.45,5.94,33.27806,10545.82,1776.38,16.64,0.95,680.2,1054.58,-374.38,1096.18,,296.46,-6.45,5.94,35.447246,11233.23,1892.17,17.72,0.95,724.54,1123.32,-398.78,1167.63,
2023-04-01,317.0,319.0,313.0,314.9,185904.18,-0.63,317.68,316.39,315.06,True,16.44,18.11,18.44,,,,,,,,,,296.46,-5.86,6.13,33.27806,10479.26,1709.83,-66.56,-3.75,613.65,1047.93,-434.28,1096.18,,296.46,-5.86,6.13,35.447246,11162.34,1821.28,-70.89,-3.75,653.65,1116.23,-462.59,1167.63,
2023-04-02,314.9,316.2,310.7,313.7,149805.67,-0.38,317.06,316.13,314.95,True,15.6,17.51,19.22,,,,,,,,,SMALL HL confirmed @ 306.80,296.46,-5.5,6.25,33.27806,10439.33,1669.89,-39.93,-2.34,573.71,1043.93,-470.22,1096.18,,296.46,-5.5,6.25,35.447246,11119.8,1778.74,-42.54,-2.34,611.11,1111.98,-500.87,1167.63,
2023-04-03,313.8,314.1,299.5,308.8,450976.97,-1.56,315.79,315.43,314.5,True,15.96,15.98,24.24,,,,,,299.5,LL,,,296.46,-4.0,6.82,33.27806,10276.26,1506.83,-163.06,-9.76,410.65,1027.63,-616.98,1096.18,,296.46,-4.0,6.82,35.447246,10946.11,1605.05,-173.69,-9.76,437.42,1094.61,-657.19,1167.63,
2023-04-04,308.8,312.7,308.2,310.8,305980.47,0.65,315.03,314.99,314.22,True,16.28,15.53,23.56,,,,,,,,,SMALL LH confirmed @ 320.80,296.46,-4.61,6.57,33.27806,10342.82,1573.39,66.56,4.42,477.21,1034.28,-557.07,1096.18,,296.46,-4.61,6.57,35.447246,11017.0,1675.95,70.89,4.42,508.31,1101.7,-593.39,1167.63,
2023-04-05,310.8,316.8,310.2,313.9,320350.36,1.0,314.85,314.89,314.2,True,16.02,17.51,22.56,,,,,,,,,,296.46,-5.56,6.23,33.27806,10445.98,1676.55,103.16,6.56,580.37,1044.6,-464.23,1096.18,,296.46,-5.56,6.23,35.447246,11126.89,1785.83,109.89,6.56,618.2,1112.69,-494.49,1167.63,
2023-04-06,314.0,315.2,310.6,312.3,232647.15,-0.51,314.46,314.64,314.06,True,15.77,16.97,21.86,,,,,,,,,,296.46,-5.07,6.4,33.27806,10392.74,1623.3,-53.24,-3.18,527.12,1039.27,-512.15,1096.18,,296.46,-5.07,6.4,35.447246,11070.17,1729.12,-56.72,-3.18,561.48,1107.02,-545.53,1167.63,
2023-04-07,312.3,312.8,309.7,310.3,179863.36,-0.64,313.82,314.23,313.78,True,15.65,16.6,22.01,,,,,,,,,,296.46,-4.46,6.63,33.27806,10326.18,1556.75,-66.56,-4.1,460.57,1032.62,-572.05,1096.18,,296.46,-4.46,6.63,35.447246,10999.28,1658.22,-70.89,-4.1,490.59,1099.93,-609.34,1167.63,
2023-04-08,310.4,312.7,310.1,310.5,165372.94,0.06,313.31,313.87,313.54,False,15.53,16.27,21.59,,,,,,,,,SMALL LL confirmed @ 299.50,296.46,-4.52,6.61,33.27806,10332.84,1563.4,6.66,0.43,467.22,1033.28,-566.06,1096.18,,296.46,-4.52,6.61,35.447246,11006.37,1665.31,7.09,0.43,497.68,1100.64,-602.96,1167.63,
2023-04-09,310.6,313.7,309.5,312.8,163948.72,0.74,313.23,313.77,313.48,False,15.26,16.52,20.88,,,,,,,,,,296.46,-5.22,6.35,33.27806,10409.38,1639.94,76.54,4.9,543.76,1040.94,-497.17,1096.18,,296.46,-5.22,6.35,35.447246,11087.9,1746.84,81.53,4.9,579.21,1108.79,-529.58,1167.63,
2023-04-10,312.8,318.7,311.5,318.5,271539.24,1.82,314.04,314.22,313.86,True,14.19,19.54,19.69,,,,,,,,,,296.46,-6.92,5.79,33.27806,10599.06,1829.63,189.68,11.57,733.45,1059.91,-326.46,1096.18,,296.46,-6.92,5.79,35.447246,11289.95,1948.89,202.05,11.57,781.26,1128.99,-347.74,1167.63,
2023-04-11,318.6,333.0,317.8,322.3,661117.67,1.19,315.31,314.99,314.48,True,14.85,28.1,17.43,,,,,,,,BULL_BOS,SMALL BULL BOS @ 322.30 (level 320.80),296.46,-8.02,5.48,33.27806,10725.52,1956.08,126.46,6.91,859.91,1072.55,-212.65,1096.18,,296.46,-8.02,5.48,35.447246,11424.65,2083.59,134.7,6.91,915.96,1142.46,-226.51,1167.63,
2023-04-12,322.3,323.3,316.7,319.9,354216.72,-0.74,316.02,315.46,314.88,True,15.3,26.67,17.39,,,,,,,,,,296.46,-7.33,5.67,33.27806,10645.65,1876.22,-79.87,-4.08,780.04,1064.57,-284.53,1096.18,,296.46,-7.33,5.67,35.447246,11339.57,1998.52,-85.07,-4.08,830.88,1133.96,-303.07,1167.63,
2023-04-13,319.9,325.1,317.7,324.7,348151.94,1.5,317.35,316.34,315.61,True,15.9,26.53,16.38,,,,,,,,,,296.46,-8.7,5.31,33.27806,10805.39,2035.95,159.73,8.51,939.77,1080.54,-140.77,1096.18,,296.46,-8.7,5.31,35.447246,11509.72,2168.66,170.15,8.51,1001.03,1150.97,-149.94,1167.63,
2023-04-14,324.6,335.5,323.2,328.9,679955.06,1.29,319.13,317.53,316.59,True,17.38,31.99,14.84,,,,,,,,,,296.46,-9.86,5.03,33.27806,10945.15,2175.72,139.77,6.86,1079.54,1094.52,-14.98,1096.18,,296.46,-9.86,5.03,35.447246,11658.6,2317.54,148.88,6.86,1149.91,1165.86,-15.95,1167.63,
2023-04-15,328.8,336.0,326.9,333.0,418311.14,1.25,321.26,319.01,317.81,True,18.79,30.14,13.81,,,,,,,,,,296.46,-10.97,4.79,33.27806,11081.59,2312.16,136.44,6.27,1215.98,1108.16,107.82,1096.18,,296.46,-10.97,4.79,35.447246,11803.93,2462.87,145.33,6.27,1295.24,1180.39,114.85,1167.63,
2023-04-16,333.1,350.0,330.1,347.7,632598.78,4.41,325.33,321.74,320.02,True,21.04,35.81,11.86,,,,,,,,,,296.46,-14.74,4.13,33.27806,11570.78,2801.35,489.19,21.16,1705.17,1157.08,548.09,1096.18,,296.46,-14.74,4.13,35.447246,12325.01,2983.95,521.07,21.16,1816.32,1232.5,583.82,1167.63,
2023-04-17,347.7,350.0,337.5,340.0,556356.47,-2.21,327.59,323.48,321.5,True,23.12,32.69,10.83,350.0,,LH,,350.0,,HH,,,296.46,-12.81,4.45,33.27806,11314.54,2545.11,-256.24,-9.15,1448.93,1131.45,317.47,1096.18,,296.46,-12.81,4.45,35.447246,12052.06,2711.01,-272.94,-9.15,1543.37,1205.21,338.17,1167.63,
2023-04-18,340.0,346.7,337.0,343.1,391677.44,0.91,329.97,325.35,323.1,True,24.97,30.48,10.44,,,,,,,,,,296.46,-13.59,4.31,33.27806,11417.7,2648.27,103.16,4.05,1552.09,1141.77,410.32,1096.18,,296.46,-13.59,4.31,35.447246,12161.95,2820.89,109.89,4.05,1653.26,1216.2,437.06,1167.63,
2023-04-19,343.1,343.7,320.1,322.4,537444.08,-6.03,328.81,325.07,323.05,True,24.16,25.88,19.67,,,,,,,,,,296.46,-8.05,5.48,33.27806,10728.85,1959.41,-688.86,-26.01,863.23,1072.88,-209.65,1096.18,,296.46,-8.05,5.48,35.447246,11428.19,2087.13,-733.76,-26.01,919.5,1142.82,-223.32,1167.63,
2023-04-20,322.5,326.8,315.3,318.1,367453.93,-1.33,327.16,324.4,322.68,True,22.86,23.98,21.29,,,,,,,,,,296.46,-6.8,5.83,33.27806,10585.75,1816.32,-143.1,-7.3,720.14,1058.58,-338.44,1096.18,,296.46,-6.8,5.83,35.447246,11275.77,1934.71,-152.42,-7.3,767.08,1127.58,-360.5,1167.63,
2023-04-21,318.0,334.6,315.3,321.2,910773.89,0.97,326.24,324.1,322.57,True,22.36,25.9,18.8,,,,,,315.3,HL,,,296.46,-7.7,5.57,33.27806,10688.91,1919.48,103.16,5.68,823.3,1068.89,-245.59,1096.18,,296.46,-7.7,5.57,35.447246,11385.66,2044.6,109.89,5.68,876.96,1138.57,-261.6,1167.63,
2023-04-22,321.3,333.1,319.9,332.2,381882.03,3.42,327.16,324.87,323.29,True,21.9,23.85,17.31,,,,,,,,,SMALL HH confirmed @ 350.00,296.46,-10.76,4.84,33.27806,11054.97,2285.54,366.06,19.07,1189.36,1105.5,83.86,1096.18,,296.46,-10.76,4.84,35.447246,11775.58,2434.52,389.92,19.07,1266.88,1177.56,89.33,1167.63,
2023-04-23,332.2,332.5,327.4,330.7,384622.15,-0.45,327.71,325.43,323.84,True,21.47,23.08,16.75,,,,,,,,,,296.46,-10.35,4.92,33.27806,11005.05,2235.62,-49.92,-2.18,1139.44,1100.51,38.94,1096.18,,296.46,-10.35,4.92,35.447246,11722.4,2381.35,-53.17,-2.18,1213.71,1172.24,41.47,1167.63,
2023-04-24,330.6,334.0,327.7,331.2,442775.29,0.15,328.24,325.98,324.38,True,21.22,23.11,16.07,,,,,,,,,,296.46,-10.49,4.89,33.27806,11021.69,2252.26,16.64,0.74,1156.08,1102.17,53.91,1096.18,,296.46,-10.49,4.89,35.447246,11740.13,2399.07,17.72,0.74,1231.44,1174.01,57.42,1167.63,
2023-04-25,331.2,340.0,328.6,338.4,436704.88,2.17,329.81,327.16,325.42,True,21.55,25.29,14.89,,,,,,,,,,296.46,-12.39,4.52,33.27806,11261.3,2491.86,239.6,10.64,1395.68,1126.13,269.55,1096.18,,296.46,-12.39,4.52,35.447246,11995.35,2654.29,255.22,10.64,1486.66,1199.53,287.12,1167.63,
2023-04-26,338.4,345.0,321.5,330.6,679551.58,-2.3,329.93,327.49,325.8,True,20.88,21.73,17.04,,,,,345.0,,LH,,SMALL HL confirmed @ 315.30,296.46,-10.33,4.93,33.27806,11001.73,2232.29,-259.57,-10.42,1136.11,1100.17,35.94,1096.18,,296.46,-10.33,4.93,35.447246,11718.86,2377.8,-276.49,-10.42,1210.17,1171.89,38.28,1167.63,
2023-04-27,330.6,336.6,328.2,330.9,482850.96,0.09,330.08,327.81,326.18,True,20.25,20.62,16.16,,,,,,,,,,296.46,-10.41,4.91,33.27806,11011.71,2242.28,9.98,0.45,1146.1,1101.17,44.93,1096.18,,296.46,-10.41,4.91,35.447246,11729.49,2388.44,10.63,0.45,1220.8,1172.95,47.85,1167.63,
2023-04-28,330.9,330.9,318.7,324.1,991210.16,-2.06,329.16,327.46,326.03,True,19.1,19.09,20.75,,,,,,318.7,HL,,,296.46,-8.53,5.35,33.27806,10785.42,2015.98,-226.29,-10.09,919.81,1078.54,-158.74,1096.18,,296.46,-8.53,5.35,35.447246,11488.45,2147.39,-241.04,-10.09,979.76,1148.85,-169.08,1167.63,
2023-04-29,324.1,325.0,320.6,321.9,226488.69,-0.68,328.04,326.93,325.72,True,18.04,18.55,20.17,,,,,,,,,,296.46,-7.9,5.51,33.27806,10712.21,1942.77,-73.21,-3.63,846.59,1071.22,-224.63,1096.18,,296.46,-7.9,5.51,35.447246,11410.47,2069.41,-77.98,-3.63,901.78,1141.05,-239.27,1167.63,
2023-04-30,321.9,338.3,320.4,337.5,711720.73,4.85,329.5,327.94,326.59,True,17.87,24.65,17.96,,,,,,,,,,296.46,-12.16,4.56,33.27806,11231.35,2461.91,519.14,26.72,1365.73,1123.13,242.6,1096.18,,296.46,-12.16,4.56,35.447246,11963.45,2622.39,552.98,26.72,1454.75,1196.34,258.41,1167.63,
2023-05-01,337.5,339.6,326.1,328.5,719404.91,-2.67,329.34,327.99,326.74,True,17.83,23.43,16.49,,,,,339.6,,LH,,SMALL LH confirmed @ 345.00,296.46,-9.75,5.06,33.27806,10931.84,2162.41,-299.5,-12.17,1066.23,1093.18,-26.96,1096.18,,296.46,-9.75,5.06,35.447246,11644.42,2303.36,-319.03,-12.17,1135.73,1164.44,-28.71,1167.63,
2023-05-02,328.4,328.5,321.4,321.5,437446.28,-2.13,328.14,327.37,326.35,True,17.2,22.39,18.69,,,,,,,,,,296.46,-7.79,5.55,33.27806,10698.9,1929.46,-232.95,-10.77,833.28,1069.89,-236.61,1096.18,,296.46,-7.79,5.55,35.447246,11396.29,2055.23,-248.13,-10.77,887.6,1139.63,-252.03,1167.63,
2023-05-03,321.4,327.6,320.4,325.9,608765.39,1.37,327.79,327.23,326.31,True,16.49,21.36,18.47,,,,,,,,,SMALL HL confirmed @ 318.70,296.46,-9.03,5.22,33.27806,10845.32,2075.89,146.42,7.59,979.71,1084.53,-104.83,1096.18,,296.46,-9.03,5.22,35.447246,11552.26,2211.2,155.97,7.59,1043.57,1155.23,-111.66,1167.63,
2023-05-04,325.9,327.5,323.2,323.8,195370.27,-0.64,327.18,326.9,326.13,True,15.83,20.75,17.94,,,,,,,,,,296.46,-8.44,5.37,33.27806,10775.44,2006.0,-69.88,-3.37,909.82,1077.54,-167.72,1096.18,,296.46,-8.44,5.37,35.447246,11477.82,2136.76,-74.44,-3.37,969.13,1147.78,-178.65,1167.63,
2023-05-05,323.9,329.1,322.8,326.5,284536.11,0.83,327.07,326.87,326.16,True,15.41,20.95,17.16,,,,,,,,,,296.46,-9.2,5.18,33.27806,10865.29,2095.85,89.85,4.48,999.67,1086.53,-86.86,1096.18,,296.46,-9.2,5.18,35.447246,11573.53,2232.47,95.71,4.48,1064.84,1157.35,-92.52,1167.63,
2023-05-06,326.6,328.5,319.5,321.9,275367.72,-1.41,326.28,326.39,325.84,True,14.55,19.64,18.38,,,,,,,,,SMALL LH confirmed @ 339.60,296.46,-7.9,5.51,33.27806,10712.21,1942.77,-153.08,-7.3,846.59,1071.22,-224.63,1096.18,,296.46,-7.9,5.51,35.447246,11410.47,2069.41,-163.06,-7.3,901.78,1141.05,-239.27,1167.63,
2023-05-07,322.0,325.4,320.4,321.0,203577.22,-0.28,325.47,325.88,325.48,False,13.74,18.93,17.72,,,,,,,,,,296.46,-7.64,5.58,33.27806,10682.26,1912.82,-29.95,-1.54,816.64,1068.23,-251.58,1096.18,,296.46,-7.64,5.58,35.447246,11378.57,2037.51,-31.9,-1.54,869.88,1137.86,-267.98,1167.63,
2023-05-08,321.0,322.1,311.1,313.8,379192.12,-2.24,323.67,324.73,324.62,False,13.74,17.44,22.98,,,,,,,,BEAR_CHOCH,SMALL BEAR CHOCH @ 313.80 (level 318.70),,,,,,1673.22,-239.6,-12.53,0.0,0.0,,1673.22,"EXIT @ 313.80 (small red CHoCH, realized -519.14)",,,,,,1782.29,-255.22,-12.53,0.0,0.0,,1782.29,"EXIT @ 313.80 (small red CHoCH, realized -552.98)"
2023-05-09,313.8,315.8,311.2,312.1,260672.04,-0.54,321.89,323.53,323.69,False,13.74,16.84,22.2,,,,,,,,,,,,,,,1673.22,0.0,0.0,0.0,0.0,,1673.22,,,,,,,1782.29,0.0,0.0,0.0,0.0,,1782.29,
2023-05-10,312.2,316.7,308.0,314.3,360146.81,0.7,320.72,322.65,322.99,False,14.12,15.74,23.15,,,,,,,,,,,,,,,1673.22,0.0,0.0,0.0,0.0,,1673.22,,,,,,,1782.29,0.0,0.0,0.0,0.0,,1782.29,
2023-05-11,314.3,314.5,304.4,307.5,291854.67,-2.16,318.69,321.2,321.85,False,14.87,14.55,24.09,,,,,,,,,,,,,,,1673.22,0.0,0.0,0.0,0.0,,1673.22,,,,,,,1782.29,0.0,0.0,0.0,0.0,,1782.29,
2023-05-12,307.5,309.1,301.2,308.5,327008.93,0.33,317.12,319.99,320.86,False,15.91,13.68,25.07,,,,,,301.2,LL,,,,,,,,1673.22,0.0,0.0,0.0,0.0,,1673.22,,,,,,,1782.29,0.0,0.0,0.0,0.0,,1782.29,
2023-05-13,308.6,311.8,307.5,310.7,151642.55,0.71,316.13,319.11,320.11,False,16.38,15.34,24.22,,,,,,,,,,,,,,,1673.22,0.0,0.0,0.0,0.0,,1673.22,,,,,,,1782.29,0.0,0.0,0.0,0.0,,1782.29,
2023-05-14,310.8,314.8,309.5,312.1,192884.82,0.45,315.51,318.44,319.51,False,16.28,17.12,23.18,,,,,,,,,,,,,,,1673.22,0.0,0.0,0.0,0.0,,1673.22,,,,,,,1782.29,0.0,0.0,0.0,0.0,,1782.29,
2023-05-15,312.1,316.3,310.5,313.4,202895.17,0.42,315.19,317.96,319.06,False,15.94,17.54,22.06,,,,,316.3,,LH,,,,,,,,1673.22,0.0,0.0,0.0,0.0,,1673.22,,,,,,,1782.29,0.0,0.0,0.0,0.0,,1782.29,
2023-05-16,313.4,314.0,309.3,311.4,182668.21,-0.64,314.61,317.34,318.49,False,15.78,16.83,22.2,,,,,,,,,,,,,,,1673.22,0.0,0.0,0.0,0.0,,1673.22,,,,,,,1782.29,0.0,0.0,0.0,0.0,,1782.29,
2023-05-17,311.4,314.4,307.0,314.3,221274.51,0.93,314.56,317.05,318.18,False,15.95,15.75,22.77,,,,,,,,,SMALL LL confirmed @ 301.20,,,,,,1673.22,0.0,0.0,0.0,0.0,,1673.22,,,,,,,1782.29,0.0,0.0,0.0,0.0,,1782.29,
2023-05-18,314.3,314.9,306.1,309.3,236575.29,-1.59,313.75,316.31,317.52,False,16.24,14.56,21.82,,,,,,,,,,,,,,,1673.22,0.0,0.0,0.0,0.0,,1673.22,,,,,,,1782.29,0.0,0.0,0.0,0.0,,1782.29,
2023-05-19,309.3,311.5,307.5,308.9,191704.81,-0.13,313.0,315.6,316.88,False,16.51,14.04,21.04,,,,,,,,,,,,,,,1673.22,0.0,0.0,0.0,0.0,,1673.22,,,,,,,1782.29,0.0,0.0,0.0,0.0,,1782.29,
2023-05-20,308.9,312.0,307.8,310.6,104485.9,0.55,312.63,315.13,316.42,False,16.64,13.95,20.22,,,,,,,,,SMALL LH confirmed @ 316.30,,,,,,1673.22,0.0,0.0,0.0,0.0,,1673.22,,,,,,,1782.29,0.0,0.0,0.0,0.0,,1782.29,
2023-05-21,310.7,311.6,305.7,306.4,143182.43,-1.35,311.67,314.3,315.68,False,17.1,13.18,21.08,,,,,,,,,,,,,,,1673.22,0.0,0.0,0.0,0.0,,1673.22,,,,,,,1782.29,0.0,0.0,0.0,0.0,,1782.29,
2023-05-22,306.4,311.1,304.4,309.0,222082.44,0.85,311.26,313.79,315.18,False,17.73,12.34,20.97,,,,,,,,,,,,,,,1673.22,0.0,0.0,0.0,0.0,,1673.22,,,,,,,1782.29,0.0,0.0,0.0,0.0,,1782.29,
2023-05-23,309.1,315.4,309.0,313.5,225830.19,1.46,311.61,313.76,315.06,False,17.26,15.71,19.68,,,,,,,,,,,,,,,1673.22,0.0,0.0,0.0,0.0,,1673.22,,,,,,,1782.29,0.0,0.0,0.0,0.0,,1782.29,
2023-05-24,313.5,313.6,303.6,306.0,292692.62,-2.39,310.74,313.02,314.39,False,17.69,14.24,22.9,,,,,,,,,,,,,,,1673.22,0.0,0.0,0.0,0.0,,1673.22,,,,,,,1782.29,0.0,0.0,0.0,0.0,,1782.29,
2023-05-25,305.9,306.9,302.2,304.5,287322.5,-0.49,309.78,312.21,313.65,False,18.3,13.59,23.21,,,,,,,,,,,,,,,1673.22,0.0,0.0,0.0,0.0,,1673.22,,,,,,,1782.29,0.0,0.0,0.0,0.0,,1782.29,
2023-05-26,304.6,308.5,301.4,306.8,398588.9,0.76,309.32,311.7,313.15,False,18.47,14.21,21.62,,,,,,301.4,HL,,,,,,,,1673.22,0.0,0.0,0.0,0.0,,1673.22,,,,,,,1782.29,0.0,0.0,0.0,0.0,,1782.29,
2023-05-27,306.9,307.7,304.0,307.4,144742.09,0.2,309.03,311.29,312.72,False,18.62,13.68,20.82,,,,,,,,,,,,,,,1673.22,0.0,0.0,0.0,0.0,,1673.22,,,,,,,1782.29,0.0,0.0,0.0,0.0,,1782.29,
2023-05-28,307.4,314.6,306.7,314.1,257233.18,2.18,309.81,311.56,312.82,False,17.35,19.47,19.18,,,,,,,,,,,,,,,1673.22,0.0,0.0,0.0,0.0,,1673.22,,,,,,,1782.29,0.0,0.0,0.0,0.0,,1782.29,
2023-05-29,314.2,317.3,310.4,311.6,461485.12,-0.8,310.08,311.56,312.73,False,16.65,20.82,17.86,,,,,317.3,,HH,,,,,,,,1673.22,0.0,0.0,0.0,0.0,,1673.22,,,,,,,1782.29,0.0,0.0,0.0,0.0,,1782.29,
2023-05-30,311.7,314.2,310.8,311.5,291304.59,-0.03,310.3,311.55,312.64,False,16.01,20.09,17.23,,,,,,,,,,,,,,,1673.22,0.0,0.0,0.0,0.0,,1673.22,,,,,,,1782.29,0.0,0.0,0.0,0.0,,1782.29,
2023-05-31,311.4,311.9,305.0,306.8,437132.42,-1.51,309.76,311.1,312.21,False,15.46,18.65,22.01,,,,,,,,,SMALL HL confirmed @ 301.40,,,,,,1673.22,0.0,0.0,0.0,0.0,,1673.22,,,,,,,1782.29,0.0,0.0,0.0,0.0,,1782.29,
2023-06-01,306.8,307.7,303.1,304.9,255618.72,-0.62,309.02,310.51,311.67,False,15.27,17.74,22.95,,,,,,,,,,,,,,,1673.22,0.0,0.0,0.0,0.0,,1673.22,,,,,,,1782.29,0.0,0.0,0.0,0.0,,1782.29,
2023-06-02,304.9,308.4,303.1,307.2,300583.68,0.75,308.74,310.2,311.34,False,14.94,17.48,21.64,,,,,,,,,,,,,,,1673.22,0.0,0.0,0.0,0.0,,1673.22,,,,,,,1782.29,0.0,0.0,0.0,0.0,,1782.29,
2023-06-03,307.3,308.2,303.0,306.6,158805.93,-0.2,308.41,309.85,310.99,False,14.65,16.49,20.52,,,,,,,,,SMALL HH confirmed @ 317.30,,,,,,1673.22,0.0,0.0,0.0,0.0,,1673.22,,,,,,,1782.29,0.0,0.0,0.0,0.0,,1782.29,
2023-06-04,306.6,307.6,304.5,305.0,187805.43,-0.52,307.88,309.39,310.54,False,14.38,15.91,19.79,,,,,,,,,,,,,,,1673.22,0.0,0.0,0.0,0.0,,1673.22,,,,,,,1782.29,0.0,0.0,0.0,0.0,,1782.29,
2023-06-05,305.1,305.1,272.0,276.9,1096020.02,-9.21,303.12,306.3,308.05,False,17.49,11.32,42.4,,,,,,,,BEAR_BOS,SMALL BEAR BOS @ 276.90 (level 301.40),,,,,,1673.22,0.0,0.0,0.0,0.0,,1673.22,,,,,,,1782.29,0.0,0.0,0.0,0.0,,1782.29,
2023-06-06,277.0,285.8,273.2,281.2,708685.58,1.55,299.74,303.91,306.06,False,20.37,10.12,37.92,,,,,,,,,BIG LH confirmed @ 350.00,,,,,,1673.22,0.0,0.0,0.0,0.0,,1673.22,,,,,,,1782.29,0.0,0.0,0.0,0.0,,1782.29,
2023-06-07,281.2,281.8,253.4,259.3,1188263.84,-7.79,293.52,299.66,302.6,False,23.87,8.05,44.41,,,,,,,,,,,,,,,1673.22,0.0,0.0,0.0,0.0,,1673.22,,,,,,,1782.29,0.0,0.0,0.0,0.0,,1782.29,
2023-06-08,259.3,267.5,257.1,262.0,579854.02,1.04,288.67,296.07,299.59,False,27.11,7.45,41.1,,,,,,,,,,,,,,,1673.22,0.0,0.0,0.0,0.0,,1673.22,,,,,,,1782.29,0.0,0.0,0.0,0.0,,1782.29,
2023-06-09,261.9,264.4,255.7,260.5,509660.5,-0.57,284.34,292.68,296.69,False,30.17,6.98,39.53,,,,,,,,,,,,,,,1673.22,0.0,0.0,0.0,0.0,,1673.22,,,,,,,1782.29,0.0,0.0,0.0,0.0,,1782.29,
2023-06-10,260.6,260.7,228.4,238.7,1603602.2,-8.37,277.32,287.54,292.4,False,33.69,5.58,48.57,,,,,,,,,,,,,,,1673.22,0.0,0.0,0.0,0.0,,1673.22,,,,,,,1782.29,0.0,0.0,0.0,0.0,,1782.29,
2023-06-11,238.8,239.3,233.4,235.4,402562.36,-1.38,270.87,282.58,288.18,False,36.95,5.37,46.73,,,,,,,,,,,,,,,1673.22,0.0,0.0,0.0,0.0,,1673.22,,,,,,,1782.29,0.0,0.0,0.0,0.0,,1782.29,
2023-06-12,235.4,239.3,220.4,231.3,1579141.84,-1.74,264.78,277.69,283.96,False,40.2,4.75,49.28,,220.4,HL,,,220.4,LL,,,,,,,,1673.22,0.0,0.0,0.0,0.0,,1673.22,,,,,,,1782.29,0.0,0.0,0.0,0.0,,1782.29,
2023-06-13,231.3,247.0,228.7,244.2,1230681.02,5.58,261.61,274.5,281.02,False,42.1,8.77,43.97,,,,,,,,,,,,,,,1673.22,0.0,0.0,0.0,0.0,,1673.22,,,,,,,1782.29,0.0,0.0,0.0,0.0,,1782.29,
2023-06-14,244.1,252.8,232.9,237.9,970411.72,-2.58,257.97,271.02,277.82,False,43.08,11.06,39.03,,,,,252.8,,LH,,,,,,,,1673.22,0.0,0.0,0.0,0.0,,1673.22,,,,,,,1782.29,0.0,0.0,0.0,0.0,,1782.29,
2023-06-15,237.9,240.8,230.6,236.4,602141.97,-0.63,254.65,267.72,274.76,False,44.07,10.41,38.07,,,,,,230.6,HL,,,,,,,,1673.22,0.0,0.0,0.0,0.0,,1673.22,,,,,,,1782.29,0.0,0.0,0.0,0.0,,1782.29,
2023-06-16,236.5,243.8,232.2,239.3,562586.53,1.23,252.29,265.01,272.13,False,44.59,11.44,35.53,,,,,,,,,,,,,,,1673.22,0.0,0.0,0.0,0.0,,1673.22,,,,,,,1782.29,0.0,0.0,0.0,0.0,,1782.29,
2023-06-17,239.4,249.8,237.2,244.5,491313.27,2.17,251.09,263.06,270.08,False,44.28,14.06,32.96,,,,,,,,,SMALL LL confirmed @ 220.40,,,,,,1673.22,0.0,0.0,0.0,0.0,,1673.22,,,,,,,1782.29,0.0,0.0,0.0,0.0,,1782.29,
2023-06-18,244.5,248.7,242.3,244.1,359878.98,-0.16,250.01,261.25,268.16,False,43.98,13.53,31.71,,,,,,,,,,,,,,,1673.22,0.0,0.0,0.0,0.0,,1673.22,,,,,,,1782.29,0.0,0.0,0.0,0.0,,1782.29,
2023-06-19,244.1,245.0,238.3,243.1,425074.27,-0.41,248.95,259.53,266.3,False,43.94,12.97,32.86,,,,,,,,,SMALL LH confirmed @ 252.80,,,,,,1673.22,0.0,0.0,0.0,0.0,,1673.22,,,,,,,1782.29,0.0,0.0,0.0,0.0,,1782.29,
2023-06-20,243.0,248.1,238.7,247.7,639069.67,1.89,248.76,258.4,264.92,False,43.47,14.14,30.94,,,,,,,,,SMALL HL confirmed @ 230.60,,,,,,1673.22,0.0,0.0,0.0,0.0,,1673.22,,,,,,,1782.29,0.0,0.0,0.0,0.0,,1782.29,
2023-06-21,247.8,254.7,245.0,248.8,1006328.56,0.44,248.76,257.48,263.73,False,42.15,17.43,29.05,,,,,,,,,,,,,,,1673.22,0.0,0.0,0.0,0.0,,1673.22,,,,,,,1782.29,0.0,0.0,0.0,0.0,,1782.29,
2023-06-22,248.9,257.0,239.4,240.8,1032630.47,-3.22,247.54,255.9,262.03,False,41.33,15.57,29.34,,,,,257.0,,HH,,,,,,,,1673.22,0.0,0.0,0.0,0.0,,1673.22,,,,,,,1782.29,0.0,0.0,0.0,0.0,,1782.29,
2023-06-23,240.8,249.8,239.7,244.3,638290.19,1.45,247.04,254.79,260.72,False,40.56,14.61,27.53,,,,,,,,,,,,,,,1673.22,0.0,0.0,0.0,0.0,,1673.22,,,,,,,1782.29,0.0,0.0,0.0,0.0,,1782.29,
2023-06-24,244.4,248.7,230.4,236.4,791496.05,-3.23,245.4,253.04,258.92,False,40.48,13.04,30.04,,,,,,,,,,,,,,,1673.22,0.0,0.0,0.0,0.0,,1673.22,,,,,,,1782.29,0.0,0.0,0.0,0.0,,1782.29,
2023-06-25,236.4,244.0,235.0,238.8,513198.6,1.02,244.39,251.68,257.43,False,40.41,12.34,28.42,,,,,,,,,,,,,,,1673.22,0.0,0.0,0.0,0.0,,1673.22,,,,,,,1782.29,0.0,0.0,0.0,0.0,,1782.29,
2023-06-26,238.9,241.3,233.6,236.1,526248.09,-1.13,243.11,250.2,255.85,False,40.44,11.75,27.93,,,,,,,,,,,,,,,1673.22,0.0,0.0,0.0,0.0,,1673.22,,,,,,,1782.29,0.0,0.0,0.0,0.0,,1782.29,
2023-06-27,236.1,240.8,234.5,237.5,360259.85,0.59,242.25,248.99,254.49,False,40.46,11.28,26.81,,,,,,,,,SMALL HH confirmed @ 257.00,,,,,,1673.22,0.0,0.0,0.0,0.0,,1673.22,,,,,,,1782.29,0.0,0.0,0.0,0.0,,1782.29,
2023-06-28,237.5,237.6,224.6,230.6,643304.05,-2.91,240.46,247.24,252.72,False,41.12,10.36,30.85,,,,,,224.6,LL,,,,,,,,1673.22,0.0,0.0,0.0,0.0,,1673.22,,,,,,,1782.29,0.0,0.0,0.0,0.0,,1782.29,
2023-06-29,230.6,236.7,230.4,233.1,352025.97,1.08,239.33,245.89,251.26,False,41.74,9.94,29.58,,,,,,,,,,,,,,,1673.22,0.0,0.0,0.0,0.0,,1673.22,,,,,,,1782.29,0.0,0.0,0.0,0.0,,1782.29,
2023-06-30,233.2,241.7,230.7,240.3,843439.59,3.09,239.48,245.36,250.45,False,41.44,12.47,27.47,,,,,,,,,,,,,,,1673.22,0.0,0.0,0.0,0.0,,1673.22,,,,,,,1782.29,0.0,0.0,0.0,0.0,,1782.29,
2023-07-01,240.4,249.0,240.0,247.9,723099.4,3.16,240.77,245.6,250.26,False,40.05,16.54,25.84,,,,,,,,,,,,,,,1673.22,0.0,0.0,0.0,0.0,,1673.22,,,,,,,1782.29,0.0,0.0,0.0,0.0,,1782.29,
2023-07-02,247.8,248.5,242.9,246.5,598172.06,-0.56,241.65,245.69,249.98,False,38.76,15.9,24.86,,,,,,,,,,,,,,,1673.22,0.0,0.0,0.0,0.0,,1673.22,,,,,,,1782.29,0.0,0.0,0.0,0.0,,1782.29,
2023-07-03,246.5,254.7,245.3,246.5,873992.73,0.0,242.4,245.76,249.73,False,36.68,19.13,23.25,,,,,254.7,,LH,,SMALL LL confirmed @ 224.60,,,,,,1673.22,0.0,0.0,0.0,0.0,,1673.22,,,,,,,1782.29,0.0,0.0,0.0,0.0,,1782.29,
2023-07-04,246.5,246.9,240.4,242.5,488909.06,-1.62,242.41,245.45,249.19,False,35.26,18.26,25.64,,,,,,,,,,,,,,,1673.22,0.0,0.0,0.0,0.0,,1673.22,,,,,,,1782.29,0.0,0.0,0.0,0.0,,1782.29,
2023-07-05,242.5,243.9,235.8,238.9,520015.69,-1.48,241.87,244.83,248.43,False,34.38,17.2,27.45,,,,,,,,,,,,,,,1673.22,0.0,0.0,0.0,0.0,,1673.22,,,,,,,1782.29,0.0,0.0,0.0,0.0,,1782.29,
2023-07-06,239.0,244.5,231.5,232.2,673275.44,-2.8,240.39,243.63,247.23,False,33.95,15.63,27.96,,,,,,,,,,,,,,,1673.22,0.0,0.0,0.0,0.0,,1673.22,,,,,,,1782.29,0.0,0.0,0.0,0.0,,1782.29,
2023-07-07,232.3,236.2,231.1,235.6,431534.59,1.46,239.65,242.86,246.37,False,33.58,15.05,27.22,,,,,,231.1,HL,,,,,,,,1673.22,0.0,0.0,0.0,0.0,,1673.22,,,,,,,1782.29,0.0,0.0,0.0,0.0,,1782.29,
2023-07-08,235.7,237.6,234.2,236.3,259727.72,0.3,239.13,242.24,245.62,False,33.0,15.73,26.51,,,,,,,,,SMALL LH confirmed @ 254.70,,,,,,1673.22,0.0,0.0,0.0,0.0,,1673.22,,,,,,,1782.29,0.0,0.0,0.0,0.0,,1782.29,
2023-07-09,236.3,237.0,232.9,234.1,235123.33,-0.93,238.36,241.46,244.77,False,32.6,15.22,26.68,,,,,,,,,,,,,,,1673.22,0.0,0.0,0.0,0.0,,1673.22,,,,,,,1782.29,0.0,0.0,0.0,0.0,,1782.29,
2023-07-10,234.1,247.0,231.3,246.2,1193826.52,5.17,239.57,241.91,244.87,False,30.68,20.95,23.52,,,,,,,,,,,,,,,1673.22,0.0,0.0,0.0,0.0,,1673.22,,,,,,,1782.29,0.0,0.0,0.0,0.0,,1782.29,
2023-07-11,246.2,249.5,244.6,248.6,660141.38,0.97,240.96,242.55,245.15,False,28.58,22.11,22.62,,,,,,,,,,,,,,,1673.22,0.0,0.0,0.0,0.0,,1673.22,,,,,,,1782.29,0.0,0.0,0.0,0.0,,1782.29,
2023-07-12,248.6,250.5,242.6,243.9,599390.71,-1.89,241.41,242.68,245.06,False,26.87,20.73,22.79,,,,,,,,,SMALL HL confirmed @ 231.10,,,,,,1673.22,0.0,0.0,0.0,0.0,,1673.22,,,,,,,1782.29,0.0,0.0,0.0,0.0,,1782.29,
2023-07-13,243.9,257.8,242.7,256.1,1037831.39,5.0,243.67,243.96,245.87,False,25.55,23.87,20.2,,,,,,,,BULL_CHOCH,SMALL BULL CHOCH @ 256.10 (level 254.70),128.05,-50.0,1.0,6.533467,1673.22,1673.22,0.0,0.0,836.61,836.61,0.0,836.61,"ENTRY @ 256.10 (small green CHoCH, margin $836.61 [50% of bank] @ 2x [ADX 25.5, zone red], 6.533467 units)",128.05,-50.0,1.0,6.959342,1782.29,1782.29,0.0,0.0,891.14,891.14,0.0,891.14,"ENTRY @ 256.10 (small green CHoCH, margin $891.14 [50% of bank] @ 2x [ADX 25.5, zone red], 6.959342 units)"
2023-07-14,256.2,261.7,243.4,248.1,1071118.7,-3.12,244.35,244.35,246.04,False,24.76,23.54,17.59,261.7,,LH,,261.7,,HH,,,128.05,-48.39,1.0,6.533467,1620.95,1620.95,-52.27,-3.12,784.34,810.48,-26.13,836.61,,128.05,-48.39,1.0,6.959342,1726.61,1726.61,-55.67,-3.12,835.47,863.31,-27.84,891.14,
2023-07-15,248.1,252.5,246.9,251.1,383772.67,1.21,245.39,244.99,246.41,False,24.02,22.58,16.87,,,,,,,,,,128.05,-49.0,1.0,6.533467,1640.55,1640.55,19.6,1.21,803.94,820.28,-16.33,836.61,,128.05,-49.0,1.0,6.959342,1747.49,1747.49,20.88,1.21,856.35,873.75,-17.4,891.14,
2023-07-16,251.1,252.1,242.0,242.3,433016.61,-3.5,244.91,244.74,246.11,False,22.61,20.92,19.2,,,,,,,,,,128.05,-47.15,1.0,6.533467,1583.06,1583.06,-57.49,-3.5,746.45,791.53,-45.08,836.61,,128.05,-47.15,1.0,6.959342,1686.25,1686.25,-61.24,-3.5,795.1,843.12,-48.02,891.14,
2023-07-17,242.3,244.9,239.8,244.1,792745.16,0.74,244.79,244.68,245.96,False,21.0,20.11,20.12,,,,,,,,,,128.05,-47.54,1.0,6.533467,1594.82,1594.82,11.76,0.74,758.21,797.41,-39.2,836.61,,128.05,-47.54,1.0,6.959342,1698.78,1698.78,12.53,0.74,807.63,849.39,-41.76,891.14,
2023-07-18,244.1,246.7,237.5,240.2,932504.77,-1.6,244.08,244.25,245.53,False,19.81,18.72,20.46,,,,,,,,,,128.05,-46.69,1.0,6.533467,1569.34,1569.34,-25.48,-1.6,732.73,784.67,-51.94,836.61,,128.05,-46.69,1.0,6.959342,1671.63,1671.63,-27.14,-1.6,780.49,835.82,-55.33,891.14,
2023-07-19,240.3,244.1,239.6,240.8,444676.51,0.25,243.58,243.92,245.18,False,18.72,18.06,19.74,,,,,,,,,SMALL HH confirmed @ 261.70,128.05,-46.82,1.0,6.533467,1573.26,1573.26,3.92,0.25,736.65,786.63,-49.98,836.61,,128.05,-46.82,1.0,6.959342,1675.81,1675.81,4.18,0.25,784.67,837.9,-53.24,891.14,
2023-07-20,240.9,245.0,240.3,242.8,449387.8,0.83,243.46,243.82,245.01,False,17.55,18.1,18.98,,,,,,,,,,128.05,-47.26,1.0,6.533467,1586.33,1586.33,13.07,0.83,749.72,793.16,-43.45,836.61,,128.05,-47.26,1.0,6.959342,1689.73,1689.73,13.92,0.83,798.58,844.86,-46.28,891.14,
2023-07-21,242.8,245.4,242.0,243.7,295187.79,0.37,243.5,243.8,244.91,False,16.4,17.91,18.43,,,,,,,,,,128.05,-47.46,1.0,6.533467,1592.21,1592.21,5.88,0.37,755.6,796.1,-40.51,836.61,,128.05,-47.46,1.0,6.959342,1695.99,1695.99,6.26,0.37,804.85,848.0,-43.15,891.14,
2023-07-22,243.8,244.9,240.1,241.1,184432.52,-1.07,243.13,243.55,244.63,False,15.65,17.16,19.32,,,,,,,,,,128.05,-46.89,1.0,6.533467,1575.22,1575.22,-16.99,-1.07,738.61,787.61,-49.0,836.61,,128.05,-46.89,1.0,6.959342,1677.9,1677.9,-18.09,-1.07,786.75,838.95,-52.2,891.14,
2023-07-23,241.1,244.0,240.4,242.5,171931.13,0.58,243.03,243.45,244.47,False,14.95,16.6,18.69,,,,,,,,,,128.05,-47.2,1.0,6.533467,1584.37,1584.37,9.15,0.58,747.76,792.18,-44.43,836.61,,128.05,-47.2,1.0,6.959342,1687.64,1687.64,9.74,0.58,796.5,843.82,-47.32,891.14,
2023-07-24,242.4,243.1,235.0,238.9,463451.7,-1.48,242.39,243.01,244.06,False,15.19,15.37,22.23,,,,,,235.0,HL,,,128.05,-46.4,1.0,6.533467,1560.85,1560.85,-23.52,-1.48,724.23,780.42,-56.19,836.61,,128.05,-46.4,1.0,6.959342,1662.59,1662.59,-25.05,-1.48,771.44,831.29,-59.85,891.14,
2023-07-25,238.9,239.8,236.2,237.7,307201.31,-0.5,241.67,242.51,243.59,False,15.41,14.85,21.47,,,,,,,,,,128.05,-46.13,1.0,6.533467,1553.01,1553.01,-7.84,-0.5,716.39,776.5,-60.11,836.61,,128.05,-46.13,1.0,6.959342,1654.24,1654.24,-8.35,-0.5,763.09,827.12,-64.03,891.14,
2023-07-26,237.8,240.4,236.3,239.0,318667.81,0.55,241.26,242.17,243.25,False,15.47,14.84,20.61,,,,,,,,,,128.05,-46.42,1.0,6.533467,1561.5,1561.5,8.49,0.55,724.89,780.75,-55.86,836.61,,128.05,-46.42,1.0,6.959342,1663.28,1663.28,9.05,0.55,772.14,831.64,-59.5,891.14,
2023-07-27,239.0,244.5,238.4,240.6,310179.99,0.67,241.16,242.02,243.05,False,14.62,18.01,19.36,,,,,,,,,,128.05,-46.78,1.0,6.533467,1571.95,1571.95,10.45,0.67,735.34,785.98,-50.63,836.61,,128.05,-46.78,1.0,6.959342,1674.42,1674.42,11.13,0.67,783.27,837.21,-53.93,891.14,
2023-07-28,240.7,242.9,239.7,241.9,232739.18,0.54,241.27,242.01,242.97,False,13.84,17.41,18.72,,,,,,,,,,128.05,-47.06,1.0,6.533467,1580.45,1580.45,8.49,0.54,743.84,790.22,-46.39,836.61,,128.05,-47.06,1.0,6.959342,1683.46,1683.46,9.05,0.54,792.32,841.73,-49.41,891.14,
2023-07-29,241.9,242.9,241.1,242.4,102406.9,0.21,241.45,242.05,242.92,False,13.11,17.07,18.36,,,,,,,,,SMALL HL confirmed @ 235.00,128.05,-47.17,1.0,6.533467,1583.71,1583.71,3.27,0.21,747.1,791.86,-44.75,836.61,,128.05,-47.17,1.0,6.959342,1686.94,1686.94,3.48,0.21,795.8,843.47,-47.67,891.14,
2023-07-30,242.5,243.8,240.3,242.5,255246.53,0.04,241.61,242.09,242.89,False,12.22,17.41,17.63,,,,,,,,,,128.05,-47.2,1.0,6.533467,1584.37,1584.37,0.65,0.04,747.76,792.18,-44.43,836.61,,128.05,-47.2,1.0,6.959342,1687.64,1687.64,0.7,0.04,796.5,843.82,-47.32,891.14,
2023-07-31,242.6,244.5,240.5,241.0,333099.77,-0.62,241.52,241.99,242.75,False,11.47,17.41,16.82,,,,,,,,,,128.05,-46.87,1.0,6.533467,1574.57,1574.57,-9.8,-0.62,737.96,787.28,-49.33,836.61,,128.05,-46.87,1.0,6.959342,1677.2,1677.2,-10.44,-0.62,786.06,838.6,-52.54,891.14,
2023-08-01,241.0,247.8,237.3,247.7,813075.18,2.78,242.47,242.53,243.12,False,11.53,19.04,14.87,,,,,,,,,BIG HL confirmed @ 220.40,128.05,-48.3,1.0,6.533467,1618.34,1618.34,43.77,2.78,781.73,809.17,-27.44,836.61,,128.05,-48.3,1.0,6.959342,1723.83,1723.83,46.63,2.78,832.69,861.91,-29.23,891.14,
2023-08-02,247.8,248.8,235.7,240.7,630364.6,-2.83,242.19,242.36,242.94,False,11.16,16.47,14.51,,,,,248.8,,LH,,,128.05,-46.8,1.0,6.533467,1572.61,1572.61,-45.73,-2.83,736.0,786.3,-50.31,836.61,,128.05,-46.8,1.0,6.959342,1675.11,1675.11,-48.72,-2.83,783.97,837.56,-53.59,891.14,
2023-08-03,240.7,242.8,238.3,241.1,303966.68,0.17,242.03,242.24,242.8,False,10.81,15.69,13.82,,,,,,238.3,HL,,,128.05,-46.89,1.0,6.533467,1575.22,1575.22,2.61,0.17,738.61,787.61,-49.0,836.61,,128.05,-46.89,1.0,6.959342,1677.9,1677.9,2.78,0.17,786.75,838.95,-52.2,891.14,
2023-08-04,241.1,243.4,240.2,241.7,274715.34,0.25,241.98,242.19,242.72,False,10.64,15.8,13.34,,,,,,,,,,128.05,-47.02,1.0,6.533467,1579.14,1579.14,3.92,0.25,742.53,789.57,-47.04,836.61,,128.05,-47.02,1.0,6.959342,1682.07,1682.07,4.18,0.25,790.93,841.04,-50.11,891.14,
2023-08-05,241.7,243.3,240.1,243.2,176422.28,0.62,242.16,242.28,242.76,False,10.45,15.23,12.97,,,,,,,,,,128.05,-47.35,1.0,6.533467,1588.94,1588.94,9.8,0.62,752.33,794.47,-42.14,836.61,,128.05,-47.35,1.0,6.959342,1692.51,1692.51,10.44,0.62,801.37,846.26,-44.89,891.14,
2023-08-06,243.3,245.5,242.8,243.2,278149.26,0.0,242.32,242.37,242.79,False,10.85,17.35,12.55,,,,,,,,,,128.05,-47.35,1.0,6.533467,1588.94,1588.94,0.0,0.0,752.33,794.47,-42.14,836.61,,128.05,-47.35,1.0,6.959342,1692.51,1692.51,0.0,0.0,801.37,846.26,-44.89,891.14,
2023-08-07,243.1,244.9,239.7,242.1,302098.54,-0.45,242.29,242.34,242.74,False,10.25,16.27,15.48,,,,,,,,,SMALL LH confirmed @ 248.80,128.05,-47.11,1.0,6.533467,1581.75,1581.75,-7.19,-0.45,745.14,790.88,-45.73,836.61,,128.05,-47.11,1.0,6.959342,1684.86,1684.86,-7.66,-0.45,793.71,842.43,-48.72,891.14,
2023-08-08,242.0,248.0,241.5,245.2,377607.57,1.28,242.74,242.62,242.92,False,10.48,18.69,14.29,,,,,248.0,,LH,,SMALL HL confirmed @ 238.30,128.05,-47.78,1.0,6.533467,1602.01,1602.01,20.25,1.28,765.4,801.0,-35.61,836.61,,128.05,-47.78,1.0,6.959342,1706.43,1706.43,21.57,1.28,815.29,853.22,-37.93,891.14,
2023-08-09,245.2,245.5,242.8,243.8,294212.61,-0.57,242.9,242.73,242.99,False,10.68,18.07,13.81,,,,,,,,,,128.05,-47.48,1.0,6.533467,1592.86,1592.86,-9.15,-0.57,756.25,796.43,-40.18,836.61,,128.05,-47.48,1.0,6.959342,1696.69,1696.69,-9.74,-0.57,805.54,848.34,-42.8,891.14,
2023-08-10,243.9,244.1,240.5,241.5,261873.92,-0.94,242.69,242.61,242.88,False,10.16,17.24,16.1,,,,,,,,,,128.05,-46.98,1.0,6.533467,1577.83,1577.83,-15.03,-0.94,741.22,788.92,-47.69,836.61,,128.05,-46.98,1.0,6.959342,1680.68,1680.68,-16.01,-0.94,789.54,840.34,-50.8,891.14,
2023-08-11,241.5,242.3,238.0,239.7,287357.2,-0.75,242.23,242.33,242.64,False,9.88,16.28,18.44,,,,,,,,,,128.05,-46.58,1.0,6.533467,1566.07,1566.07,-11.76,-0.75,729.46,783.04,-53.57,836.61,,128.05,-46.58,1.0,6.959342,1668.15,1668.15,-12.53,-0.75,777.01,834.08,-57.07,891.14,
2023-08-12,239.8,241.4,239.3,240.3,114025.16,0.25,241.93,242.14,242.47,False,9.62,15.82,17.91,,,,,,,,,,128.05,-46.71,1.0,6.533467,1569.99,1569.99,3.92,0.25,733.38,785.0,-51.61,836.61,,128.05,-46.71,1.0,6.959342,1672.33,1672.33,4.18,0.25,781.19,836.16,-54.98,891.14,
2023-08-13,240.3,241.8,239.8,240.2,132878.88,-0.04,241.66,241.96,242.3,False,9.25,15.94,17.41,,,,,,,,,SMALL LH confirmed @ 248.00,128.05,-46.69,1.0,6.533467,1569.34,1569.34,-0.65,-0.04,732.73,784.67,-51.94,836.61,,128.05,-46.69,1.0,6.959342,1671.63,1671.63,-0.7,-0.04,780.49,835.82,-55.33,891.14,
2023-08-14,240.2,241.5,239.7,240.4,201261.95,0.08,241.47,241.81,242.16,False,8.93,15.51,17.09,,,,,,,,,,128.05,-46.73,1.0,6.533467,1570.65,1570.65,1.31,0.08,734.04,785.32,-51.29,836.61,,128.05,-46.73,1.0,6.959342,1673.03,1673.03,1.39,0.08,781.88,836.51,-54.63,891.14,
2023-08-15,240.5,240.8,234.0,236.7,397828.35,-1.54,240.74,241.32,241.75,False,10.12,13.99,23.63,,,,,,,,BEAR_CHOCH,SMALL BEAR CHOCH @ 236.70 (level 238.30),,,,,,1546.47,-24.17,-1.54,0.0,0.0,,1546.47,"EXIT @ 236.70 (small red CHoCH, realized -126.75)",,,,,,1647.28,-25.75,-1.54,0.0,0.0,,1647.28,"EXIT @ 236.70 (small red CHoCH, realized -135.01)"
2023-08-16,236.8,237.4,230.7,232.0,427014.48,-1.99,239.39,240.43,241.03,False,11.87,12.67,26.05,,,,,,,,,,,,,,,1546.47,0.0,0.0,0.0,0.0,,1546.47,,,,,,,1647.28,0.0,0.0,0.0,0.0,,1647.28,
2023-08-17,232.1,232.4,212.5,218.1,1023773.86,-5.99,236.12,238.31,239.33,False,15.43,9.74,41.2,,,,BEAR_BOS,,,,,BIG BEAR BOS @ 218.10 (level 220.40),,,,,,1546.47,0.0,0.0,0.0,0.0,,1546.47,,,,,,,1647.28,0.0,0.0,0.0,0.0,,1647.28,
2023-08-18,218.1,220.3,213.5,216.1,674545.27,-0.92,233.04,236.19,237.61,False,18.74,8.97,37.96,,,,,,,,,,,,,,,1546.47,0.0,0.0,0.0,0.0,,1546.47,,,,,,,1647.28,0.0,0.0,0.0,0.0,,1647.28,
2023-08-19,216.0,219.2,213.6,216.8,323294.67,0.32,230.54,234.34,236.07,False,21.81,8.39,35.49,,,,,,,,,,,,,,,1546.47,0.0,0.0,0.0,0.0,,1546.47,,,,,,,1647.28,0.0,0.0,0.0,0.0,,1647.28,
2023-08-20,216.9,218.0,215.4,216.5,190457.43,-0.14,228.38,232.65,234.62,False,24.67,8.13,34.37,,,,,,,,,,,,,,,1546.47,0.0,0.0,0.0,0.0,,1546.47,,,,,,,1647.28,0.0,0.0,0.0,0.0,,1647.28,
2023-08-21,216.6,216.9,206.2,210.4,782096.62,-2.82,225.61,230.53,232.83,False,27.92,7.13,40.7,,,,,,,,,,,,,,,1546.47,0.0,0.0,0.0,0.0,,1546.47,,,,,,,1647.28,0.0,0.0,0.0,0.0,,1647.28,
2023-08-22,210.4,213.0,203.4,210.9,875925.59,0.24,223.35,228.66,231.2,False,31.08,6.37,39.48,,,,,,203.4,LL,,,,,,,,1546.47,0.0,0.0,0.0,0.0,,1546.47,,,,,,,1647.28,0.0,0.0,0.0,0.0,,1647.28,
2023-08-23,210.9,218.8,210.8,216.6,646096.52,2.7,222.31,227.51,230.12,False,32.41,12.11,36.05,,,,,,,,,,,,,,,1546.47,0.0,0.0,0.0,0.0,,1546.47,,,,,,,1647.28,0.0,0.0,0.0,0.0,,1647.28,
2023-08-24,216.7,221.2,215.6,219.0,368866.01,1.11,221.8,226.7,229.3,False,33.06,14.0,33.84,,,,,,,,,,,,,,,1546.47,0.0,0.0,0.0,0.0,,1546.47,,,,,,,1647.28,0.0,0.0,0.0,0.0,,1647.28,
2023-08-25,219.0,219.6,213.7,218.4,380692.1,-0.27,221.28,225.91,228.49,False,33.84,13.09,33.73,,,,,,,,,,,,,,,1546.47,0.0,0.0,0.0,0.0,,1546.47,,,,,,,1647.28,0.0,0.0,0.0,0.0,,1647.28,
2023-08-26,218.5,219.3,216.1,216.5,146835.27,-0.87,220.54,225.01,227.6,False,34.58,12.61,32.49,,,,,,,,,,,,,,,1546.47,0.0,0.0,0.0,0.0,,1546.47,,,,,,,1647.28,0.0,0.0,0.0,0.0,,1647.28,
2023-08-27,216.4,219.8,215.9,218.4,186853.18,0.88,220.21,224.38,226.92,False,35.12,12.62,31.0,,,,,,,,,SMALL LL confirmed @ 203.40,,,,,,1546.47,0.0,0.0,0.0,0.0,,1546.47,,,,,,,1647.28,0.0,0.0,0.0,0.0,,1647.28,
2023-08-28,218.4,219.5,215.1,218.8,310319.44,0.18,220.0,223.85,226.32,False,35.71,11.95,30.32,,,,,,,,,,,,,,,1546.47,0.0,0.0,0.0,0.0,,1546.47,,,,,,,1647.28,0.0,0.0,0.0,0.0,,1647.28,
2023-08-29,218.8,234.8,217.0,226.9,666199.65,3.7,221.06,224.14,226.36,False,33.32,25.8,24.65,,,,,234.8,,LH,,,,,,,,1546.47,0.0,0.0,0.0,0.0,,1546.47,,,,,,,1647.28,0.0,0.0,0.0,0.0,,1647.28,
2023-08-30,226.9,227.3,221.7,223.8,305094.44,-1.37,221.48,224.11,226.17,False,31.11,24.26,23.18,,,,,,,,,,,,,,,1546.47,0.0,0.0,0.0,0.0,,1546.47,,,,,,,1647.28,0.0,0.0,0.0,0.0,,1647.28,
2023-08-31,223.8,226.0,214.4,216.7,452017.91,-3.17,220.74,223.4,225.47,False,29.82,21.41,27.85,,,,,,,,,,,,,,,1546.47,0.0,0.0,0.0,0.0,,1546.47,,,,,,,1647.28,0.0,0.0,0.0,0.0,,1647.28,
2023-09-01,216.7,218.4,211.2,213.7,461833.24,-1.38,219.66,222.48,224.6,False,29.03,19.86,29.05,,,,,,211.2,HL,,,,,,,,1546.47,0.0,0.0,0.0,0.0,,1546.47,,,,,,,1647.28,0.0,0.0,0.0,0.0,,1647.28,
2023-09-02,213.7,215.9,213.0,214.4,207729.73,0.33,218.85,221.71,223.84,False,28.3,19.25,28.17,,,,,,,,,BIG LH confirmed @ 261.70,,,,,,1546.47,0.0,0.0,0.0,0.0,,1546.47,,,,,,,1647.28,0.0,0.0,0.0,0.0,,1647.28,
2023-09-03,214.4,215.2,213.2,214.4,168458.24,0.0,218.17,221.01,223.14,False,27.62,18.82,27.54,,,,,,,,,SMALL LH confirmed @ 234.80,,,,,,1546.47,0.0,0.0,0.0,0.0,,1546.47,,,,,,,1647.28,0.0,0.0,0.0,0.0,,1647.28,
2023-09-04,214.4,216.5,213.1,215.2,305315.44,0.37,217.71,220.46,222.56,False,26.72,19.58,26.46,,,,,,,,,,,,,,,1546.47,0.0,0.0,0.0,0.0,,1546.47,,,,,,,1647.28,0.0,0.0,0.0,0.0,,1647.28,
2023-09-05,215.3,216.1,213.5,214.6,242764.08,-0.28,217.23,219.9,221.97,False,25.88,18.97,25.64,,,,,,,,,,,,,,,1546.47,0.0,0.0,0.0,0.0,,1546.47,,,,,,,1647.28,0.0,0.0,0.0,0.0,,1647.28,
2023-09-06,214.6,218.8,211.8,215.2,300823.42,0.28,216.92,219.45,221.46,False,24.5,20.59,23.51,,,,,,,,,SMALL HL confirmed @ 211.20,,,,,,1546.47,0.0,0.0,0.0,0.0,,1546.47,,,,,,,1647.28,0.0,0.0,0.0,0.0,,1647.28,
2023-09-07,215.2,217.9,213.6,217.1,247735.5,0.88,216.95,219.23,221.14,False,23.22,19.52,22.29,,,,,,,,,,,,,,,1546.47,0.0,0.0,0.0,0.0,,1546.47,,,,,,,1647.28,0.0,0.0,0.0,0.0,,1647.28,
2023-09-08,217.1,218.8,213.4,214.7,235244.3,-1.11,216.6,218.8,220.66,False,21.83,19.34,20.83,,,,,218.8,,LH,,,,,,,,1546.47,0.0,0.0,0.0,0.0,,1546.47,,,,,,,1647.28,0.0,0.0,0.0,0.0,,1647.28,
2023-09-09,214.7,215.4,214.1,214.1,94752.25,-0.28,216.22,218.35,220.18,False,20.54,19.01,20.48,,,,,,,,,,,,,,,1546.47,0.0,0.0,0.0,0.0,,1546.47,,,,,,,1647.28,0.0,0.0,0.0,0.0,,1647.28,
2023-09-10,214.2,214.3,211.1,212.4,281482.38,-0.79,215.63,217.78,219.6,False,19.99,18.2,23.59,,,,,,,,,,,,,,,1546.47,0.0,0.0,0.0,0.0,,1546.47,,,,,,,1647.28,0.0,0.0,0.0,0.0,,1647.28,
2023-09-11,212.4,212.7,203.9,206.1,580093.12,-2.97,214.16,216.67,218.6,False,20.71,16.17,30.1,,,,,,203.9,LL,BEAR_BOS,SMALL BEAR BOS @ 206.10 (level 211.20),,,,,,1546.47,0.0,0.0,0.0,0.0,,1546.47,,,,,,,1647.28,0.0,0.0,0.0,0.0,,1647.28,
2023-09-12,206.2,214.3,204.9,210.7,523735.0,2.23,213.63,216.1,218.02,False,20.97,16.27,26.67,,,,,,,,,,,,,,,1546.47,0.0,0.0,0.0,0.0,,1546.47,,,,,,,1647.28,0.0,0.0,0.0,0.0,,1647.28,
2023-09-13,210.8,213.3,209.3,212.5,301454.88,0.85,213.46,215.76,217.61,False,21.2,15.46,25.35,,,,,,,,,SMALL LH confirmed @ 218.80,,,,,,1546.47,0.0,0.0,0.0,0.0,,1546.47,,,,,,,1647.28,0.0,0.0,0.0,0.0,,1647.28,
2023-09-14,212.5,215.0,211.0,212.2,354022.55,-0.14,213.26,215.42,217.21,False,20.95,16.83,24.06,,,,,,,,,,,,,,,1546.47,0.0,0.0,0.0,0.0,,1546.47,,,,,,,1647.28,0.0,0.0,0.0,0.0,,1647.28,
2023-09-15,212.2,215.0,210.9,214.1,312857.0,0.9,213.39,215.29,216.98,False,20.73,15.94,22.91,,,,,,,,,,,,,,,1546.47,0.0,0.0,0.0,0.0,,1546.47,,,,,,,1647.28,0.0,0.0,0.0,0.0,,1647.28,
2023-09-16,214.1,216.0,213.3,214.9,288697.09,0.37,213.62,215.26,216.82,False,20.24,16.7,22.08,,,,,,,,,SMALL LL confirmed @ 203.90,,,,,,1546.47,0.0,0.0,0.0,0.0,,1546.47,,,,,,,1647.28,0.0,0.0,0.0,0.0,,1647.28,
2023-09-17,214.9,216.8,213.3,216.5,333002.47,0.74,214.07,215.38,216.8,False,19.55,17.0,21.02,,,,,,,,,,,,,,,1546.47,0.0,0.0,0.0,0.0,,1546.47,,,,,,,1647.28,0.0,0.0,0.0,0.0,,1647.28,
2023-09-18,216.4,221.3,214.9,216.0,600156.61,-0.23,214.36,215.44,216.74,False,18.58,21.62,19.2,,,,,221.3,,HH,,,,,,,,1546.47,0.0,0.0,0.0,0.0,,1546.47,,,,,,,1647.28,0.0,0.0,0.0,0.0,,1647.28,
2023-09-19,216.0,219.9,215.3,217.2,347261.75,0.56,214.8,215.6,216.77,False,17.68,20.26,17.99,,,,,,,,,,,,,,,1546.47,0.0,0.0,0.0,0.0,,1546.47,,,,,,,1647.28,0.0,0.0,0.0,0.0,,1647.28,
2023-09-20,217.2,217.8,213.3,214.4,368825.75,-1.29,214.74,215.49,216.6,False,16.53,19.0,19.64,,,,,,,,,,,,,,,1546.47,0.0,0.0,0.0,0.0,,1546.47,,,,,,,1647.28,0.0,0.0,0.0,0.0,,1647.28,
2023-09-21,214.3,215.1,209.1,210.8,412312.21,-1.68,214.13,215.04,216.17,False,16.44,17.45,23.76,,,,,,,,,,,,,,,1546.47,0.0,0.0,0.0,0.0,,1546.47,,,,,,,1647.28,0.0,0.0,0.0,0.0,,1647.28,
2023-09-22,210.8,213.0,209.6,211.1,237677.24,0.14,213.67,214.67,215.79,False,16.36,16.62,22.63,,,,,,,,,,,,,,,1546.47,0.0,0.0,0.0,0.0,,1546.47,,,,,,,1647.28,0.0,0.0,0.0,0.0,,1647.28,
2023-09-23,211.1,211.7,209.9,210.5,117618.21,-0.28,213.18,214.27,215.4,False,16.29,16.18,22.03,,,,,,,,,SMALL HH confirmed @ 221.30,,,,,,1546.47,0.0,0.0,0.0,0.0,,1546.47,,,,,,,1647.28,0.0,0.0,0.0,0.0,,1647.28,
2023-09-24,210.4,211.2,206.5,208.3,185179.5,-1.05,212.43,213.7,214.88,False,16.97,15.06,25.51,,,,,,,,,,,,,,,1546.47,0.0,0.0,0.0,0.0,,1546.47,,,,,,,1647.28,0.0,0.0,0.0,0.0,,1647.28,
2023-09-25,208.3,210.6,206.5,209.9,272401.47,0.77,212.04,213.34,214.51,False,17.59,14.14,23.95,,,,,,206.5,HL,,,,,,,,1546.47,0.0,0.0,0.0,0.0,,1546.47,,,,,,,1647.28,0.0,0.0,0.0,0.0,,1647.28,
2023-09-26,210.0,213.7,209.7,212.6,280709.59,1.29,212.13,213.27,214.37,False,17.14,17.96,22.51,,,,,,,,,,,,,,,1546.47,0.0,0.0,0.0,0.0,,1546.47,,,,,,,1647.28,0.0,0.0,0.0,0.0,,1647.28,
2023-09-27,212.6,216.0,210.5,212.0,409367.4,-0.28,212.11,213.15,214.19,False,16.05,19.91,20.67,,,,,,,,,,,,,,,1546.47,0.0,0.0,0.0,0.0,,1546.47,,,,,,,1647.28,0.0,0.0,0.0,0.0,,1647.28,
2023-09-28,212.1,217.0,211.5,215.0,394085.54,1.42,212.55,213.32,214.25,False,15.05,19.77,18.99,,,,,,,,,,,,,,,1546.47,0.0,0.0,0.0,0.0,,1546.47,,,,,,,1647.28,0.0,0.0,0.0,0.0,,1647.28,
2023-09-29,215.0,217.6,214.3,215.2,371923.96,0.09,212.96,213.5,214.32,False,14.28,19.69,18.05,,,,,,,,,,,,,,,1546.47,0.0,0.0,0.0,0.0,,1546.47,,,,,,,1647.28,0.0,0.0,0.0,0.0,,1647.28,
2023-09-30,215.2,216.5,214.1,214.6,179075.16,-0.28,213.21,213.61,214.34,False,13.51,18.95,17.68,,,,,,,,,SMALL HL confirmed @ 206.50,,,,,,1546.47,0.0,0.0,0.0,0.0,,1546.47,,,,,,,1647.28,0.0,0.0,0.0,0.0,,1647.28,
2023-10-01,214.6,219.4,213.1,218.2,415044.58,1.68,213.98,214.04,214.63,False,13.6,21.55,15.99,,,,,,,,,,,,,,,1546.47,0.0,0.0,0.0,0.0,,1546.47,,,,,,,1647.28,0.0,0.0,0.0,0.0,,1647.28,
2023-10-02,218.2,221.6,213.1,214.6,565949.14,-1.65,214.07,214.1,214.63,False,14.22,22.08,14.03,,,,,221.6,,HH,,,,,,,,1546.47,0.0,0.0,0.0,0.0,,1546.47,,,,,,,1647.28,0.0,0.0,0.0,0.0,,1647.28,
2023-10-03,214.6,215.8,212.4,213.5,294511.08,-0.51,213.99,214.04,214.54,False,14.54,20.97,14.36,,,,,,,,,,,,,,,1546.47,0.0,0.0,0.0,0.0,,1546.47,,,,,,,1647.28,0.0,0.0,0.0,0.0,,1647.28,
2023-10-04,213.5,213.8,210.8,213.4,328882.49,-0.05,213.9,213.98,214.46,False,14.27,20.02,16.13,,,,,,,,,,,,,,,1546.47,0.0,0.0,0.0,0.0,,1546.47,,,,,,,1647.28,0.0,0.0,0.0,0.0,,1647.28,
2023-10-05,213.4,213.9,210.2,210.6,259374.04,-1.31,213.39,213.66,214.17,False,13.81,18.88,16.14,,,,,,,,,,,,,,,1546.47,0.0,0.0,0.0,0.0,,1546.47,,,,,,,1647.28,0.0,0.0,0.0,0.0,,1647.28,
2023-10-06,210.7,214.6,210.1,213.4,258866.55,1.33,213.39,213.63,214.11,False,13.6,18.65,15.02,,,,,,,,,,,,,,,1546.47,0.0,0.0,0.0,0.0,,1546.47,,,,,,,1647.28,0.0,0.0,0.0,0.0,,1647.28,
2023-10-07,213.4,213.8,211.5,212.3,125590.79,-0.52,213.22,213.51,213.98,False,13.4,17.97,14.47,,,,,,,,,SMALL HH confirmed @ 221.60,,,,,,1546.47,0.0,0.0,0.0,0.0,,1546.47,,,,,,,1647.28,0.0,0.0,0.0,0.0,,1647.28,
2023-10-08,212.2,212.8,208.8,211.4,225258.3,-0.42,212.94,213.31,213.79,False,12.66,16.81,17.88,,,,,,,,,,,,,,,1546.47,0.0,0.0,0.0,0.0,,1546.47,,,,,,,1647.28,0.0,0.0,0.0,0.0,,1647.28,
2023-10-09,211.3,212.2,202.0,205.8,572318.2,-2.65,211.84,212.59,213.2,False,13.73,14.28,25.21,,202.0,LL,,,202.0,LL,BEAR_BOS,SMALL BEAR BOS @ 205.80 (level 206.50),,,,,,1546.47,0.0,0.0,0.0,0.0,,1546.47,,,,,,,1647.28,0.0,0.0,0.0,0.0,,1647.28,
2023-10-10,205.9,213.1,205.5,208.6,577725.01,1.36,211.34,212.21,212.86,False,14.41,14.02,22.5,,,,,213.1,,LH,,,,,,,,1546.47,0.0,0.0,0.0,0.0,,1546.47,,,,,,,1647.28,0.0,0.0,0.0,0.0,,1647.28,
2023-10-11,208.6,208.8,204.3,206.6,397200.82,-0.96,210.61,211.68,212.39,False,15.3,13.12,22.77,,,,,,,,,,,,,,,1546.47,0.0,0.0,0.0,0.0,,1546.47,,,,,,,1647.28,0.0,0.0,0.0,0.0,,1647.28,
2023-10-12,206.6,207.3,202.8,205.1,355516.96,-0.73,209.77,211.05,211.85,False,16.44,12.27,23.45,,,,,,202.8,HL,,,,,,,,1546.47,0.0,0.0,0.0,0.0,,1546.47,,,,,,,1647.28,0.0,0.0,0.0,0.0,,1647.28,
2023-10-13,205.1,208.3,204.3,206.1,331300.92,0.49,209.2,210.58,211.43,False,17.11,13.02,22.08,,,,,,,,,,,,,,,1546.47,0.0,0.0,0.0,0.0,,1546.47,,,,,,,1647.28,0.0,0.0,0.0,0.0,,1647.28,
2023-10-14,206.1,207.1,205.7,206.5,142741.13,0.19,208.79,210.19,211.06,False,17.74,12.74,21.61,,,,,,,,,SMALL LL confirmed @ 202.00,,,,,,1546.47,0.0,0.0,0.0,0.0,,1546.47,,,,,,,1647.28,0.0,0.0,0.0,0.0,,1647.28,
2023-10-15,206.5,213.0,206.3,209.7,365630.55,1.55,208.93,210.14,210.96,False,16.61,20.25,19.45,,,,,,,,,SMALL LH confirmed @ 213.10,,,,,,1546.47,0.0,0.0,0.0,0.0,,1546.47,,,,,,,1647.28,0.0,0.0,0.0,0.0,,1647.28,
2023-10-16,209.8,219.0,209.6,214.6,773179.81,2.34,209.8,210.57,211.23,False,16.93,25.96,16.9,,,,,219.0,,HH,BULL_CHOCH,SMALL BULL CHOCH @ 214.60 (level 213.10),107.3,-50.0,1.0,7.206298,1546.47,1546.47,0.0,0.0,773.24,773.24,0.0,773.24,"ENTRY @ 214.60 (small green CHoCH, margin $773.24 [50% of bank] @ 2x [ADX 16.9, zone red], 7.206298 units)",107.3,-50.0,1.0,7.676031,1647.28,1647.28,0.0,0.0,823.64,823.64,0.0,823.64,"ENTRY @ 214.60 (small green CHoCH, margin $823.64 [50% of bank] @ 2x [ADX 16.9, zone red], 7.676031 units)"
2023-10-17,214.7,215.0,209.0,211.4,372808.02,-1.49,210.05,210.65,211.24,False,17.06,23.81,16.33,,,,,,,,,SMALL HL confirmed @ 202.80,107.3,-49.24,1.0,7.206298,1523.41,1523.41,-23.06,-1.49,750.18,761.71,-11.53,773.24,,107.3,-49.24,1.0,7.676031,1622.71,1622.71,-24.56,-1.49,799.07,811.36,-12.28,823.64,
2023-10-18,211.4,213.9,209.9,210.2,260942.34,-0.57,210.07,210.6,211.17,False,17.17,22.48,15.42,,,,,,,,,,107.3,-48.95,1.0,7.206298,1514.76,1514.76,-8.65,-0.57,741.53,757.38,-15.85,773.24,,107.3,-48.95,1.0,7.676031,1613.5,1613.5,-9.21,-0.57,789.86,806.75,-16.89,823.64,
2023-10-19,210.3,211.5,208.2,211.2,274491.49,0.48,210.24,210.66,211.17,False,16.74,21.42,17.13,,,,,,208.2,HL,,,107.3,-49.2,1.0,7.206298,1521.97,1521.97,7.21,0.48,748.73,760.99,-12.25,773.24,,107.3,-49.2,1.0,7.676031,1621.18,1621.18,7.68,0.48,797.54,810.59,-13.05,823.64,
2023-10-20,211.2,216.6,210.5,212.1,344927.21,0.43,210.53,210.8,211.24,False,17.41,26.78,15.65,,,,,,,,,,107.3,-49.41,1.0,7.206298,1528.46,1528.46,6.49,0.43,755.22,764.23,-9.01,773.24,,107.3,-49.41,1.0,7.676031,1628.09,1628.09,6.91,0.43,804.45,814.04,-9.6,823.64,
2023-10-21,212.1,215.8,211.4,214.2,263182.51,0.99,211.09,211.12,211.46,False,18.04,25.1,14.67,,,,,,,,,SMALL HH confirmed @ 219.00,107.3,-49.91,1.0,7.206298,1543.59,1543.59,15.13,0.99,770.35,771.79,-1.44,773.24,,107.3,-49.91,1.0,7.676031,1644.21,1644.21,16.12,0.99,820.57,822.1,-1.54,823.64,
2023-10-22,214.2,218.4,213.6,217.8,291845.07,1.68,212.13,211.76,211.93,True,19.11,27.09,13.66,,,,,,,,,,107.3,-50.73,1.0,7.206298,1569.53,1569.53,25.94,1.68,796.3,784.77,11.53,773.24,,107.3,-50.73,1.0,7.676031,1671.84,1671.84,27.63,1.68,848.2,835.92,12.28,823.64,
2023-10-23,217.8,231.0,216.9,228.5,841393.16,4.91,214.64,213.35,213.15,True,21.64,38.2,11.23,,,,,,,,BULL_BOS,SMALL BULL BOS @ 228.50 (level 219.00),107.3,-53.04,1.0,7.206298,1646.64,1646.64,77.11,4.91,873.4,823.32,50.08,773.24,,107.3,-53.04,1.0,7.676031,1753.97,1753.97,82.13,4.91,930.33,876.99,53.35,823.64,
2023-10-24,228.6,238.1,221.2,225.2,1011409.17,-1.44,216.27,214.48,214.05,True,24.52,38.92,9.12,,,,,238.1,,HH,,SMALL HL confirmed @ 208.20,107.3,-52.35,1.0,7.206298,1622.86,1622.86,-23.78,-1.44,849.62,811.43,38.19,773.24,,107.3,-52.35,1.0,7.676031,1728.64,1728.64,-25.33,-1.44,905.0,864.32,40.68,823.64,
2023-10-25,225.2,229.1,221.5,222.1,624789.78,-1.38,217.17,215.21,214.64,True,27.2,35.68,8.37,,,,,,,,,,107.3,-51.69,1.0,7.206298,1600.52,1600.52,-22.34,-1.38,827.28,800.26,27.02,773.24,,107.3,-51.69,1.0,7.676031,1704.85,1704.85,-23.8,-1.38,881.21,852.42,28.79,823.64,
2023-10-26,222.1,228.1,219.2,223.2,726200.67,0.5,218.09,215.97,215.28,True,29.02,32.3,10.02,,,,,,219.2,HL,,,107.3,-51.93,1.0,7.206298,1608.45,1608.45,7.93,0.5,835.21,804.22,30.99,773.24,,107.3,-51.93,1.0,7.676031,1713.29,1713.29,8.44,0.5,889.65,856.65,33.01,823.64,
2023-10-27,223.2,231.6,219.9,224.1,970917.49,0.4,219.02,216.74,215.93,True,31.0,32.01,8.84,,,,,231.6,,LH,,,107.3,-52.12,1.0,7.206298,1614.93,1614.93,6.49,0.4,841.7,807.47,34.23,773.24,,107.3,-52.12,1.0,7.676031,1720.2,1720.2,6.91,0.4,896.56,860.1,36.46,823.64,
2023-10-28,224.2,228.4,224.1,225.7,347691.44,0.71,220.05,217.6,216.65,True,32.84,30.58,8.44,,,,,,,,,,107.3,-52.46,1.0,7.206298,1626.46,1626.46,11.53,0.71,853.23,813.23,39.99,773.24,,107.3,-52.46,1.0,7.676031,1732.48,1732.48,12.28,0.71,908.84,866.24,42.6,823.64,
2023-10-29,225.7,228.1,223.6,227.1,269033.8,0.62,221.13,218.5,217.43,True,34.38,29.11,8.57,,,,,,,,,SMALL HH confirmed @ 238.10,107.3,-52.75,1.0,7.206298,1636.55,1636.55,10.09,0.62,863.31,818.28,45.04,773.24,,107.3,-52.75,1.0,7.676031,1743.23,1743.23,10.75,0.62,919.59,871.61,47.98,823.64,
2023-10-30,227.1,229.2,224.6,228.0,397120.28,0.4,222.19,219.41,218.21,True,35.93,28.85,8.14,,,,,,,,,,107.3,-52.94,1.0,7.206298,1643.04,1643.04,6.49,0.4,869.8,821.52,48.28,773.24,,107.3,-52.94,1.0,7.676031,1750.14,1750.14,6.91,0.4,926.5,875.07,51.43,823.64,
2023-10-31,228.0,229.3,223.9,226.2,465273.27,-0.79,222.81,220.05,218.8,True,37.12,27.13,8.43,,,,,,,,,SMALL HL confirmed @ 219.20,107.3,-52.56,1.0,7.206298,1630.06,1630.06,-12.97,-0.79,856.83,815.03,41.8,773.24,,107.3,-52.56,1.0,7.676031,1736.32,1736.32,-13.82,-0.79,912.68,868.16,44.52,823.64,
2023-11-01,226.3,229.5,222.3,227.9,578647.21,0.75,223.59,220.8,219.48,True,37.67,24.99,9.52,,,,,,222.3,HL,,SMALL LH confirmed @ 231.60,107.3,-52.92,1.0,7.206298,1642.32,1642.32,12.25,0.75,869.08,821.16,47.92,773.24,,107.3,-52.92,1.0,7.676031,1749.37,1749.37,13.05,0.75,925.73,874.68,51.05,823.64,
2023-11-02,228.0,233.7,227.5,231.9,829216.69,1.76,224.87,221.86,220.4,True,38.68,27.9,8.87,,,,,,,,BULL_BOS,SMALL BULL BOS @ 231.90 (level 231.60),107.3,-53.73,1.0,7.206298,1671.14,1671.14,28.83,1.76,897.9,835.57,62.33,773.24,,107.3,-53.73,1.0,7.676031,1780.07,1780.07,30.7,1.76,956.43,890.04,66.4,823.64,
2023-11-03,231.9,232.4,225.6,230.2,501371.79,-0.73,225.69,222.65,221.12,True,38.99,25.82,10.29,,,,,,,,,,107.3,-53.39,1.0,7.206298,1658.89,1658.89,-12.25,-0.73,885.65,829.44,56.21,773.24,,107.3,-53.39,1.0,7.676031,1767.02,1767.02,-13.05,-0.73,943.38,883.51,59.87,823.64,
2023-11-04,230.3,238.7,229.3,237.1,391480.95,3.0,227.44,224.03,222.31,True,39.97,29.94,9.26,,,,,,,,,,107.3,-54.74,1.0,7.206298,1708.61,1708.61,49.72,3.0,935.38,854.31,81.07,773.24,,107.3,-54.74,1.0,7.676031,1819.99,1819.99,52.96,3.0,996.35,909.99,86.36,823.64,
2023-11-05,237.2,245.5,236.1,244.0,613299.47,2.91,229.99,225.93,223.91,True,41.44,34.06,8.36,,,,,,,,,,107.3,-56.02,1.0,7.206298,1758.34,1758.34,49.72,2.91,985.1,879.17,105.93,773.24,,107.3,-56.02,1.0,7.676031,1872.95,1872.95,52.96,2.91,1049.31,936.48,112.84,823.64,
2023-11-06,244.0,256.1,241.5,255.1,844924.32,4.55,233.85,228.71,226.22,True,43.42,39.45,7.19,,,,,,,,,SMALL HL confirmed @ 222.30,107.3,-57.94,1.0,7.206298,1838.33,1838.33,79.99,4.55,1065.09,919.16,145.93,773.24,,107.3,-57.94,1.0,7.676031,1958.16,1958.16,85.2,4.55,1134.52,979.08,155.44,823.64,
2023-11-07,255.1,255.6,242.1,246.2,865045.81,-3.49,235.75,230.37,227.7,True,45.26,34.63,6.31,,,,,,,,,,107.3,-56.42,1.0,7.206298,1774.19,1774.19,-64.14,-3.49,1000.95,887.1,113.86,773.24,,107.3,-56.42,1.0,7.676031,1889.84,1889.84,-68.32,-3.49,1066.2,944.92,121.28,823.64,
2023-11-08,246.2,248.3,244.0,246.7,500403.19,0.2,237.44,231.93,229.11,True,46.97,33.23,6.06,,,,,,,,,,107.3,-56.51,1.0,7.206298,1777.79,1777.79,3.6,0.2,1004.56,888.9,115.66,773.24,,107.3,-56.51,1.0,7.676031,1893.68,1893.68,3.84,0.2,1070.04,946.84,123.2,823.64,
2023-11-09,246.7,255.9,240.0,251.6,1320420.47,1.99,239.62,233.8,230.78,True,48.91,35.24,5.22,,,,,,,,,,107.3,-57.35,1.0,7.206298,1813.1,1813.1,35.31,1.99,1039.87,906.55,133.32,773.24,,107.3,-57.35,1.0,7.676031,1931.29,1931.29,37.61,1.99,1107.65,965.64,142.01,823.64,
2023-11-10,251.7,258.0,248.1,251.0,814936.22,-0.24,241.37,235.44,232.27,True,50.8,34.06,4.78,,,,,258.0,,HH,,,107.3,-57.25,1.0,7.206298,1808.78,1808.78,-4.32,-0.24,1035.55,904.39,131.15,773.24,,107.3,-57.25,1.0,7.676031,1926.68,1926.68,-4.61,-0.24,1103.05,963.34,139.7,823.64,
2023-11-11,251.1,255.2,246.0,251.5,738756.91,0.2,242.93,236.97,233.7,True,51.96,31.39,6.19,,,,,,,,,,107.3,-57.34,1.0,7.206298,1812.38,1812.38,3.6,0.2,1039.15,906.19,132.96,773.24,,107.3,-57.34,1.0,7.676031,1930.52,1930.52,3.84,0.2,1106.88,965.26,141.62,823.64,
2023-11-12,251.6,252.0,244.5,247.4,637126.21,-1.63,243.61,237.96,234.71,True,52.62,29.38,7.08,,,,,,,,,,107.3,-56.63,1.0,7.206298,1782.84,1782.84,-29.55,-1.63,1009.6,891.42,118.18,773.24,,107.3,-56.63,1.0,7.676031,1899.05,1899.05,-31.47,-1.63,1075.41,949.53,125.89,823.64,
2023-11-13,247.5,250.2,240.3,241.1,953917.53,-2.55,243.23,238.26,235.19,True,52.13,26.92,10.04,,,,,,,,,,107.3,-55.5,1.0,7.206298,1737.44,1737.44,-45.4,-2.55,964.2,868.72,95.48,773.24,,107.3,-55.5,1.0,7.676031,1850.69,1850.69,-48.36,-2.55,1027.05,925.35,101.71,823.64,
2023-11-14,241.1,249.4,233.7,242.3,992864.12,0.5,243.09,238.65,235.71,True,50.21,23.55,14.04,,,,,,233.7,HL,,,107.3,-55.72,1.0,7.206298,1746.09,1746.09,8.65,0.5,972.85,873.04,99.81,773.24,,107.3,-55.72,1.0,7.676031,1859.9,1859.9,9.21,0.5,1036.26,929.95,106.31,823.64,
2023-11-15,242.3,254.5,242.1,253.7,911316.43,4.7,244.72,240.08,237.05,True,48.99,25.24,12.69,,,,,,,,,SMALL HH confirmed @ 258.00,107.3,-57.71,1.0,7.206298,1828.24,1828.24,82.15,4.7,1055.0,914.12,140.88,773.24,,107.3,-57.71,1.0,7.676031,1947.41,1947.41,87.51,4.7,1123.77,973.7,150.07,823.64,
2023-11-16,253.7,256.0,240.0,242.7,1090149.24,-4.34,244.41,240.33,237.46,True,47.43,22.27,12.74,,,,,,,,,,107.3,-55.79,1.0,7.206298,1748.97,1748.97,-79.27,-4.34,975.73,874.48,101.25,773.24,,107.3,-55.79,1.0,7.676031,1862.97,1862.97,-84.44,-4.34,1039.33,931.49,107.85,823.64,
2023-11-17,242.7,245.9,238.3,244.9,757117.7,0.91,244.48,240.76,238.02,True,45.65,21.0,13.29,,,,,,,,,,107.3,-56.19,1.0,7.206298,1764.82,1764.82,15.85,0.91,991.59,882.41,109.18,773.24,,107.3,-56.19,1.0,7.676031,1879.86,1879.86,16.89,0.91,1056.22,939.93,116.29,823.64,
2023-11-18,244.9,245.2,238.5,244.8,485737.22,-0.04,244.53,241.15,238.52,True,44.0,19.93,12.61,,,,,,,,,,107.3,-56.17,1.0,7.206298,1764.1,1764.1,-0.72,-0.04,990.87,882.05,108.82,773.24,,107.3,-56.17,1.0,7.676031,1879.09,1879.09,-0.77,-0.04,1055.45,939.55,115.91,823.64,
2023-11-19,244.8,246.9,241.8,246.4,379101.1,0.65,244.82,241.65,239.1,True,42.69,20.47,12.1,,,,,,,,,SMALL HL confirmed @ 233.70,107.3,-56.45,1.0,7.206298,1775.63,1775.63,11.53,0.65,1002.4,887.82,114.58,773.24,,107.3,-56.45,1.0,7.676031,1891.37,1891.37,12.28,0.65,1067.74,945.69,122.05,823.64,
2023-11-20,246.5,268.4,238.6,253.1,1523794.58,2.72,246.09,242.74,240.14,True,43.39,30.92,9.65,,,,,,,,,,107.3,-57.61,1.0,7.206298,1823.91,1823.91,48.28,2.72,1050.68,911.96,138.72,773.24,,107.3,-57.61,1.0,7.676031,1942.8,1942.8,51.43,2.72,1119.17,971.4,147.76,823.64,
2023-11-21,253.1,271.9,224.0,225.5,4050392.78,-10.9,242.93,241.1,239.05,True,41.77,22.9,15.05,,,,,271.9,,HH,BEAR_CHOCH,SMALL BEAR CHOCH @ 225.50 (level 233.70),,,,,,1625.02,-198.89,-10.9,0.0,0.0,,1625.02,"EXIT @ 225.50 (small red CHoCH, realized +78.55)",,,,,,1730.95,-211.86,-10.9,0.0,0.0,,1730.95,"EXIT @ 225.50 (small red CHoCH, realized +83.67)"
2023-11-22,225.5,238.5,224.6,236.1,1791363.24,4.7,241.88,240.62,238.84,True,40.26,21.19,13.92,,,,,,,,,,,,,,,1625.02,0.0,0.0,0.0,0.0,,1625.02,,,,,,,1730.95,0.0,0.0,0.0,0.0,,1730.95,
2023-11-23,236.2,239.2,230.2,233.8,718114.38,-0.97,240.63,239.97,238.46,True,38.93,20.52,13.23,,,,,,,,,,,,,,,1625.02,0.0,0.0,0.0,0.0,,1625.02,,,,,,,1730.95,0.0,0.0,0.0,0.0,,1730.95,
2023-11-24,233.8,236.7,231.6,232.7,616904.31,-0.47,239.41,239.28,238.04,True,37.69,19.92,12.84,,,,,,,,,,,,,,,1625.02,0.0,0.0,0.0,0.0,,1625.02,,,,,,,1730.95,0.0,0.0,0.0,0.0,,1730.95,
2023-11-25,232.8,235.7,232.1,234.4,313338.26,0.73,238.64,238.81,237.77,True,36.54,19.48,12.56,,,,,,,,,,,,,,,1625.02,0.0,0.0,0.0,0.0,,1625.02,,,,,,,1730.95,0.0,0.0,0.0,0.0,,1730.95,
2023-11-26,234.5,234.5,227.9,231.7,437624.72,-1.15,237.57,238.14,237.32,True,34.78,18.67,14.68,,,,,,,,,SMALL HH confirmed @ 271.90,,,,,,1625.02,0.0,0.0,0.0,0.0,,1625.02,,,,,,,1730.95,0.0,0.0,0.0,0.0,,1730.95,
2023-11-27,231.8,232.9,222.5,227.2,831147.03,-1.94,235.98,237.1,236.57,False,32.37,17.45,17.12,,,,,,,,,,,,,,,1625.02,0.0,0.0,0.0,0.0,,1625.02,,,,,,,1730.95,0.0,0.0,0.0,0.0,,1730.95,
2023-11-28,227.3,231.7,224.3,229.6,547422.86,1.06,235.0,236.38,236.05,False,30.12,16.61,16.3,,,,,,224.3,LL,,BIG LL confirmed @ 202.00,,,,,,1625.02,0.0,0.0,0.0,0.0,,1625.02,,,,,,,1730.95,0.0,0.0,0.0,0.0,,1730.95,
2023-11-29,229.6,231.2,226.1,227.3,416529.0,-1.0,233.81,235.52,235.4,False,28.04,16.04,15.74,,,,,,,,,,,,,,,1625.02,0.0,0.0,0.0,0.0,,1625.02,,,,,,,1730.95,0.0,0.0,0.0,0.0,,1730.95,
2023-11-30,227.3,229.2,225.9,227.6,360874.42,0.13,232.86,234.76,234.83,False,26.07,15.67,15.52,,,,,,,,,,,,,,,1625.02,0.0,0.0,0.0,0.0,,1625.02,,,,,,,1730.95,0.0,0.0,0.0,0.0,,1730.95,
2023-12-01,227.6,230.0,227.0,228.5,425879.28,0.4,232.19,234.17,234.36,False,24.38,15.91,15.17,,,,,,,,,,,,,,,1625.02,0.0,0.0,0.0,0.0,,1625.02,,,,,,,1730.95,0.0,0.0,0.0,0.0,,1730.95,
2023-12-02,228.5,230.1,224.8,229.0,456196.93,0.22,231.7,233.67,233.96,False,22.86,15.26,16.24,,,,,,,,,,,,,,,1625.02,0.0,0.0,0.0,0.0,,1625.02,,,,,,,1730.95,0.0,0.0,0.0,0.0,,1730.95,
2023-12-03,229.1,231.9,225.9,228.1,594689.61,-0.39,231.14,233.14,233.53,False,21.34,15.96,15.47,,,,,,,,,SMALL LL confirmed @ 224.30,,,,,,1625.02,0.0,0.0,0.0,0.0,,1625.02,,,,,,,1730.95,0.0,0.0,0.0,0.0,,1730.95,
2023-12-04,228.1,237.4,224.8,233.5,1475825.97,2.37,231.51,233.18,233.52,False,20.84,18.64,13.98,,,,,,,,,,,,,,,1625.02,0.0,0.0,0.0,0.0,,1625.02,,,,,,,1730.95,0.0,0.0,0.0,0.0,,1730.95,
2023-12-05,233.5,234.9,227.9,231.2,861796.38,-0.99,231.46,232.99,233.35,False,20.37,17.62,13.21,,,,,,,,,,,,,,,1625.02,0.0,0.0,0.0,0.0,,1625.02,,,,,,,1730.95,0.0,0.0,0.0,0.0,,1730.95,
2023-12-06,231.3,234.8,228.6,229.4,858794.13,-0.78,231.14,232.65,233.06,False,19.94,16.75,12.56,,,,,,,,,,,,,,,1625.02,0.0,0.0,0.0,0.0,,1625.02,,,,,,,1730.95,0.0,0.0,0.0,0.0,,1730.95,
2023-12-07,229.5,234.8,228.3,232.6,793571.25,1.39,231.37,232.64,233.03,False,19.46,15.86,12.13,,,,,,,,,,,,,,,1625.02,0.0,0.0,0.0,0.0,,1625.02,,,,,,,1730.95,0.0,0.0,0.0,0.0,,1730.95,
2023-12-08,232.6,240.0,232.2,238.9,764638.52,2.71,232.53,233.24,233.46,False,19.89,19.12,11.36,,,,,,,,,,,,,,,1625.02,0.0,0.0,0.0,0.0,,1625.02,,,,,,,1730.95,0.0,0.0,0.0,0.0,,1730.95,
2023-12-09,238.8,245.5,236.3,237.7,838098.22,-0.5,233.32,233.66,233.77,False,21.02,22.18,10.5,,,,,,,,,,,,,,,1625.02,0.0,0.0,0.0,0.0,,1625.02,,,,,,,1730.95,0.0,0.0,0.0,0.0,,1730.95,
2023-12-10,237.8,241.4,236.8,239.8,433591.53,0.88,234.32,234.25,234.22,True,22.08,21.32,10.09,,,,,,,,,,,,,,,1625.02,0.0,0.0,0.0,0.0,,1625.02,,,,,,,1730.95,0.0,0.0,0.0,0.0,,1730.95,
2023-12-11,239.8,248.2,228.0,246.4,2010717.77,2.75,236.18,235.41,235.12,True,21.08,18.0,15.3,,,,,,,,,,,,,,,1625.02,0.0,0.0,0.0,0.0,,1625.02,,,,,,,1730.95,0.0,0.0,0.0,0.0,,1730.95,
2023-12-12,246.4,257.3,245.5,254.6,1877670.63,3.33,239.01,237.23,236.57,True,21.36,23.27,13.94,,,,,257.3,,LH,,,,,,,,1625.02,0.0,0.0,0.0,0.0,,1625.02,,,,,,,1730.95,0.0,0.0,0.0,0.0,,1730.95,
2023-12-13,254.6,255.9,244.1,252.0,1149182.34,-1.02,241.01,238.64,237.71,True,21.36,21.23,13.76,,,,,,,,,,,,,,,1625.02,0.0,0.0,0.0,0.0,,1625.02,,,,,,,1730.95,0.0,0.0,0.0,0.0,,1730.95,
2023-12-14,252.1,254.0,247.7,253.3,818946.79,0.52,242.9,240.04,238.86,True,21.37,20.21,13.1,,,,,,,,,,,,,,,1625.02,0.0,0.0,0.0,0.0,,1625.02,,,,,,,1730.95,0.0,0.0,0.0,0.0,,1730.95,
2023-12-15,253.2,253.4,242.6,244.9,655654.89,-3.32,243.21,240.5,239.31,True,20.4,18.57,15.87,,,,,,,,,,,,,,,1625.02,0.0,0.0,0.0,0.0,,1625.02,,,,,,,1730.95,0.0,0.0,0.0,0.0,,1730.95,
2023-12-16,244.9,248.4,242.7,244.4,444080.33,-0.2,243.39,240.87,239.69,True,19.5,17.75,15.17,,,,,,,,,,,,,,,1625.02,0.0,0.0,0.0,0.0,,1625.02,,,,,,,1730.95,0.0,0.0,0.0,0.0,,1730.95,
2023-12-17,244.4,244.5,238.8,238.8,464957.45,-2.29,242.68,240.67,239.62,True,18.24,16.94,17.59,,,,,,,,,SMALL LH confirmed @ 257.30,,,,,,1625.02,0.0,0.0,0.0,0.0,,1625.02,,,,,,,1730.95,0.0,0.0,0.0,0.0,,1730.95,
2023-12-18,238.9,241.7,232.0,241.7,876189.24,1.21,242.53,240.77,239.78,True,18.09,15.64,21.63,,,,,,232.0,HL,,,,,,,,1625.02,0.0,0.0,0.0,0.0,,1625.02,,,,,,,1730.95,0.0,0.0,0.0,0.0,,1730.95,
2023-12-19,241.7,254.8,241.3,252.9,1569167.39,4.63,244.13,241.93,240.75,True,17.56,24.05,19.39,,,,,,,,,,,,,,,1625.02,0.0,0.0,0.0,0.0,,1625.02,,,,,,,1730.95,0.0,0.0,0.0,0.0,,1730.95,
2023-12-20,252.8,261.9,250.1,260.3,1116951.0,2.93,246.62,243.68,242.2,True,17.83,27.25,17.67,,,,,,,,BULL_CHOCH,SMALL BULL CHOCH @ 260.30 (level 257.30),234.27,-10.0,5.0,31.214373,8125.1,1625.02,0.0,0.0,812.51,812.51,0.0,812.51,"ENTRY @ 260.30 (small green CHoCH, margin $812.51 [50% of bank] @ 10x [ADX 17.8, zone green], 31.214373 units)",234.27,-10.0,5.0,33.24904,8654.73,1730.95,0.0,0.0,865.47,865.47,0.0,865.47,"ENTRY @ 260.30 (small green CHoCH, margin $865.47 [50% of bank] @ 10x [ADX 17.8, zone green], 33.249040 units)"
2023-12-21,260.4,274.9,256.2,272.1,1286767.65,4.53,250.54,246.38,244.41,True,19.14,32.8,15.35,,,,BULL_CHOCH,,,,,BIG BULL CHOCH @ 272.10 (level 261.70),234.27,-13.9,4.26,31.214373,8493.43,1993.35,368.33,22.67,1180.84,849.34,331.5,812.51,,234.27,-13.9,4.26,33.24904,9047.06,2123.28,392.34,22.67,1257.81,904.71,353.1,865.47,
2023-12-22,272.1,276.5,264.9,271.1,967819.92,-0.37,253.7,248.74,246.39,True,20.48,31.27,14.11,,,,,,,,,,234.27,-13.59,4.31,31.214373,8462.22,1962.14,-31.21,-1.57,1149.63,846.22,303.4,812.51,,234.27,-13.59,4.31,33.24904,9013.81,2090.03,-33.25,-1.57,1224.56,901.38,323.18,865.47,
2023-12-23,271.1,272.0,265.6,271.0,408213.41,-0.04,256.36,250.86,248.21,True,21.71,29.84,13.47,,,,,,,,,SMALL HL confirmed @ 232.00,234.27,-13.55,4.32,31.214373,8459.1,1959.01,-3.12,-0.16,1146.5,845.91,300.59,812.51,,234.27,-13.55,4.32,33.24904,9010.49,2086.71,-3.32,-0.16,1221.24,901.05,320.19,865.47,
2023-12-24,271.0,272.9,261.9,264.5,572645.14,-2.4,257.61,252.16,249.42,True,22.26,27.51,15.04,,,,,,,,,,234.27,-11.43,4.7,31.214373,8256.2,1756.12,-202.89,-10.36,943.61,825.62,117.99,812.51,,234.27,-11.43,4.7,33.24904,8794.37,1870.59,-216.12,-10.36,1005.12,879.44,125.68,865.47,
2023-12-25,264.4,268.2,261.5,266.9,469743.42,0.91,259.04,253.56,250.71,True,22.69,26.17,14.6,,,,,,,,,,234.27,-12.23,4.55,31.214373,8331.12,1831.04,74.91,4.27,1018.52,833.11,185.41,812.51,,234.27,-12.23,4.55,33.24904,8874.17,1950.39,79.8,4.27,1084.92,887.42,197.5,865.47,
2023-12-26,266.8,303.2,264.0,297.7,2356245.35,11.54,264.99,257.76,254.19,True,25.16,40.99,11.17,,,,,,,,,,234.27,-21.31,3.33,31.214373,9292.52,2792.44,961.4,52.51,1979.93,929.25,1050.68,812.51,,234.27,-21.31,3.33,33.24904,9898.24,2974.46,1024.07,52.51,2108.99,989.82,1119.16,865.47,
2023-12-27,297.7,324.4,285.1,324.1,2126454.61,8.87,274.08,264.08,259.37,True,28.08,43.61,8.91,,,,,,,,,,234.27,-27.72,2.8,31.214373,10116.58,3616.5,824.06,29.51,2803.99,1011.66,1792.33,812.51,,234.27,-27.72,2.8,33.24904,10776.01,3852.23,877.77,29.51,2986.76,1077.6,1909.16,865.47,
2023-12-28,324.0,338.3,320.0,322.6,2249136.22,-0.46,281.55,269.66,264.06,True,31.1,46.59,8.09,,,,,338.3,,HH,,,234.27,-27.38,2.82,31.214373,10069.76,3569.68,-46.82,-1.29,2757.17,1006.98,1750.19,812.51,,234.27,-27.38,2.82,33.24904,10726.14,3802.36,-49.87,-1.29,2936.89,1072.61,1864.27,865.47,
2023-12-29,322.6,325.6,307.0,313.7,1407022.74,-2.76,286.49,273.85,267.73,True,32.52,42.33,13.75,,,,,,,,,,234.27,-25.32,2.97,31.214373,9791.95,3291.87,-277.81,-7.78,2479.36,979.19,1500.16,812.51,,234.27,-25.32,2.97,33.24904,10430.22,3506.44,-295.92,-7.78,2640.97,1043.02,1597.95,865.47,
2023-12-30,313.7,320.8,312.2,317.1,561853.41,1.08,291.2,277.97,271.39,True,33.84,40.48,13.15,,,,,,,,,,234.27,-26.12,2.91,31.214373,9898.08,3398.0,106.13,3.22,2585.49,989.81,1595.68,812.51,,234.27,-26.12,2.91,33.24904,10543.27,3619.49,113.05,3.22,2754.02,1054.33,1699.69,865.47,
2023-12-31,317.0,325.5,307.4,311.8,667097.56,-1.67,294.37,281.19,274.38,True,34.56,36.84,14.35,,,,,,,,,,234.27,-24.87,3.01,31.214373,9732.64,3232.56,-165.44,-4.87,2420.05,973.26,1446.79,812.51,,234.27,-24.87,3.01,33.24904,10367.05,3443.27,-176.22,-4.87,2577.8,1036.71,1541.09,865.47,
2024-01-01,311.9,316.0,307.0,313.5,619455.16,0.55,297.31,284.27,277.28,True,35.18,35.15,13.9,,,,,,,,,,234.27,-25.27,2.98,31.214373,9785.71,3285.62,53.06,1.64,2473.11,978.57,1494.54,812.51,,234.27,-25.27,2.98,33.24904,10423.57,3499.79,56.52,1.64,2634.32,1042.36,1591.96,865.47,
2024-01-02,313.5,321.3,305.8,312.2,937764.74,-0.41,299.6,286.93,279.87,True,35.99,35.07,12.81,,,,,,,,,SMALL HH confirmed @ 338.30,234.27,-24.96,3.0,31.214373,9745.13,3245.05,-40.58,-1.24,2432.54,974.51,1458.02,812.51,,234.27,-24.96,3.0,33.24904,10380.35,3456.57,-43.22,-1.24,2591.1,1038.04,1553.06,865.47,
2024-01-03,312.3,334.3,293.6,315.8,2132158.12,1.15,302.1,289.68,282.53,True,37.24,34.5,10.48,,,,,,,,,,234.27,-25.82,2.94,31.214373,9857.5,3357.42,112.37,3.46,2544.91,985.75,1559.16,812.51,,234.27,-25.82,2.94,33.24904,10500.05,3576.27,119.7,3.46,2710.79,1050.0,1660.79,865.47,
2024-01-04,315.9,324.3,310.9,323.7,1133774.96,2.5,305.42,292.92,285.58,True,38.39,32.41,9.84,,,,,,,,,,234.27,-27.63,2.8,31.214373,10104.09,3604.01,246.59,7.34,2791.5,1010.41,1781.09,812.51,,234.27,-27.63,2.8,33.24904,10762.71,3838.93,262.67,7.34,2973.46,1076.27,1897.19,865.47,
2024-01-05,323.6,327.3,308.6,317.5,1157056.28,-1.92,307.28,295.26,287.94,True,39.58,31.05,9.02,,,,,,,,,,234.27,-26.21,2.91,31.214373,9910.56,3410.48,-193.53,-5.37,2597.97,991.06,1606.92,812.51,,234.27,-26.21,2.91,33.24904,10556.57,3632.79,-206.14,-5.37,2767.32,1055.66,1711.66,865.47,
2024-01-06,317.6,317.6,300.2,307.5,909358.18,-3.15,307.31,296.43,289.39,True,39.66,28.65,12.05,,,,,,,,,,234.27,-23.81,3.1,31.214373,9598.42,3098.34,-312.14,-9.15,2285.83,959.84,1325.99,812.51,,234.27,-23.81,3.1,33.24904,10224.08,3300.3,-332.49,-9.15,2434.83,1022.41,1412.42,865.47,
2024-01-07,307.6,310.0,300.0,302.4,498367.09,-1.66,306.56,296.99,290.36,True,39.72,27.35,11.59,,,,,,,,,,234.27,-22.53,3.21,31.214373,9439.23,2939.15,-159.19,-5.14,2126.64,943.92,1182.71,812.51,,234.27,-22.53,3.21,33.24904,10054.51,3130.73,-169.57,-5.14,2265.26,1005.45,1259.81,865.47,
2024-01-08,302.5,308.1,290.0,303.7,984590.84,0.43,306.12,297.63,291.34,True,38.65,25.12,15.15,,,,,,,,,,234.27,-22.86,3.18,31.214373,9479.81,2979.72,40.58,1.38,2167.21,947.98,1219.23,812.51,,234.27,-22.86,3.18,33.24904,10097.73,3173.95,43.22,1.38,2308.48,1009.77,1298.71,865.47,
2024-01-09,303.6,306.8,295.7,301.1,1401490.16,-0.86,305.35,297.96,292.07,True,37.66,23.83,14.38,,,,,,,,,,234.27,-22.2,3.24,31.214373,9398.65,2898.57,-81.16,-2.72,2086.06,939.86,1146.19,812.51,,234.27,-22.2,3.24,33.24904,10011.29,3087.51,-86.45,-2.72,2222.03,1001.13,1220.9,865.47,
2024-01-10,301.1,310.0,288.8,305.8,1032565.48,1.56,305.42,298.71,293.08,True,36.0,21.57,16.11,,,,,,288.8,HL,,,234.27,-23.39,3.13,31.214373,9545.36,3045.27,146.71,5.06,2232.76,954.54,1278.23,812.51,,234.27,-23.39,3.13,33.24904,10167.56,3243.78,156.27,5.06,2378.3,1016.76,1361.55,865.47,
2024-01-11,305.7,316.8,301.4,308.2,1179601.54,0.78,305.84,299.61,294.2,True,34.96,23.13,14.99,,,,,,,,,,234.27,-23.99,3.08,31.214373,9620.27,3120.19,74.91,2.46,2307.68,962.03,1345.65,812.51,,234.27,-23.99,3.08,33.24904,10247.35,3323.57,79.8,2.46,2458.1,1024.74,1433.37,865.47,
2024-01-12,308.2,313.0,289.1,296.6,1003340.77,-3.76,304.42,299.33,294.38,True,32.81,20.73,18.78,,,,,,,,,,234.27,-21.01,3.36,31.214373,9258.18,2758.1,-362.09,-11.6,1945.59,925.82,1019.77,812.51,,234.27,-21.01,3.36,33.24904,9861.67,2937.89,-385.69,-11.6,2072.41,986.17,1086.25,865.47,
2024-01-13,296.7,303.1,290.8,302.2,436784.24,1.89,304.08,299.6,294.96,True,30.82,19.6,17.75,,,,,,,,,,234.27,-22.48,3.22,31.214373,9432.98,2932.9,174.8,6.34,2120.39,943.3,1177.09,812.51,,234.27,-22.48,3.22,33.24904,10047.86,3124.08,186.19,6.34,2258.61,1004.79,1253.82,865.47,
2024-01-14,302.2,306.7,298.7,299.5,393054.95,-0.89,303.38,299.59,295.3,True,29.27,20.54,17.1,,,,,,,,,,234.27,-21.78,3.28,31.214373,9348.7,2848.62,-84.28,-2.87,2036.11,934.87,1101.24,812.51,,234.27,-21.78,3.28,33.24904,9958.09,3034.31,-89.77,-2.87,2168.83,995.81,1173.03,865.47,
2024-01-15,299.4,320.6,299.4,317.5,1704540.89,6.01,305.55,301.3,296.94,True,28.83,24.8,15.48,,,,,320.6,,LH,,SMALL HL confirmed @ 288.80,234.27,-26.21,2.91,31.214373,9910.56,3410.48,561.86,19.72,2597.97,991.06,1606.92,812.51,,234.27,-26.21,2.91,33.24904,10556.57,3632.79,598.48,19.72,2767.32,1055.66,1711.66,865.47,
2024-01-16,317.6,319.4,313.0,315.2,951149.44,-0.72,307.03,302.62,298.29,True,28.43,24.06,15.02,,,,,,,,,,234.27,-25.68,2.95,31.214373,9838.77,3338.69,-71.79,-2.11,2526.18,983.88,1542.3,812.51,,234.27,-25.68,2.95,33.24904,10480.1,3556.32,-76.47,-2.11,2690.84,1048.01,1642.84,865.47,
2024-01-17,315.1,316.3,306.8,309.4,1071343.5,-1.84,307.4,303.27,299.12,True,27.4,22.97,17.31,,,,,,,,,,234.27,-24.28,3.06,31.214373,9657.73,3157.65,-181.04,-5.42,2345.14,965.77,1379.36,812.51,,234.27,-24.28,3.06,33.24904,10287.25,3363.47,-192.84,-5.42,2498.0,1028.73,1469.28,865.47,
2024-01-18,309.3,315.6,305.7,313.0,921121.89,1.16,308.26,304.19,300.14,True,26.33,21.85,17.01,,,,,,,,,,234.27,-25.15,2.99,31.214373,9770.1,3270.02,112.37,3.56,2457.51,977.01,1480.5,812.51,,234.27,-25.15,2.99,33.24904,10406.95,3483.17,119.7,3.56,2617.7,1040.69,1577.0,865.47,
2024-01-19,313.0,316.2,305.0,314.7,835724.4,0.54,309.25,305.19,301.22,True,25.26,20.62,16.41,,,,,,,,,,234.27,-25.56,2.96,31.214373,9823.16,3323.08,53.06,1.62,2510.57,982.32,1528.26,812.51,,234.27,-25.56,2.96,33.24904,10463.47,3539.69,56.52,1.62,2674.22,1046.35,1627.87,865.47,
2024-01-20,314.7,317.3,312.2,317.2,326090.19,0.79,310.47,306.34,302.41,True,24.37,20.65,15.97,,,,,,,,,SMALL LH confirmed @ 320.60,234.27,-26.14,2.91,31.214373,9901.2,3401.12,78.04,2.35,2588.61,990.12,1598.49,812.51,,234.27,-26.14,2.91,33.24904,10546.6,3622.82,83.12,2.35,2757.34,1054.66,1702.68,865.47,
2024-01-21,317.3,321.7,316.1,318.6,359764.31,0.44,311.72,307.51,303.61,True,23.94,22.42,15.48,,,,,,,,,,234.27,-26.47,2.89,31.214373,9944.9,3444.82,43.7,1.28,2632.31,994.49,1637.82,812.51,,234.27,-26.47,2.89,33.24904,10593.14,3669.36,46.55,1.28,2803.89,1059.31,1744.58,865.47,
2024-01-22,318.7,320.3,303.6,305.9,704437.65,-3.99,310.83,307.35,303.78,True,22.3,20.41,20.8,,,,,,,,,,234.27,-23.42,3.13,31.214373,9548.48,3048.4,-396.42,-11.51,2235.89,954.85,1281.04,812.51,,234.27,-23.42,3.13,33.24904,10170.88,3247.1,-422.26,-11.51,2381.63,1017.09,1364.54,865.47,
2024-01-23,305.9,311.7,290.3,298.8,928195.38,-2.32,308.98,306.54,303.41,True,21.88,18.17,25.35,,,,,,,,,,234.27,-21.6,3.3,31.214373,9326.85,2826.77,-221.62,-7.27,2014.26,932.69,1081.58,812.51,,234.27,-21.6,3.3,33.24904,9934.81,3011.03,-236.07,-7.27,2145.56,993.48,1152.08,865.47,
2024-01-24,298.8,300.7,290.3,293.1,802312.82,-1.91,306.53,305.26,302.64,True,21.5,17.18,23.97,,,,,,,,,,234.27,-20.07,3.45,31.214373,9148.93,2648.85,-177.92,-6.29,1836.34,914.89,921.45,812.51,,234.27,-20.07,3.45,33.24904,9745.29,2821.51,-189.52,-6.29,1956.04,974.53,981.51,865.47,
2024-01-25,293.0,296.7,287.5,292.1,1004156.72,-0.34,304.31,304.0,301.86,True,21.36,16.33,24.29,,,,,,287.5,LL,,,234.27,-19.8,3.48,31.214373,9117.72,2617.64,-31.21,-1.18,1805.13,911.77,893.36,812.51,,234.27,-19.8,3.48,33.24904,9712.04,2788.26,-33.25,-1.18,1922.79,971.2,951.59,865.47,
2024-01-26,292.1,304.2,290.7,302.2,709942.4,3.46,303.99,303.83,301.89,True,20.41,19.17,22.53,,,,,,,,,,234.27,-22.48,3.22,31.214373,9432.98,2932.9,315.27,12.04,2120.39,943.3,1177.09,812.51,,234.27,-22.48,3.22,33.24904,10047.86,3124.08,335.82,12.04,2258.61,1004.79,1253.82,865.47,
2024-01-27,302.2,307.7,301.9,305.6,285357.67,1.13,304.24,304.0,302.16,True,19.17,20.5,21.8,,,,,,,,,,234.27,-23.34,3.14,31.214373,9539.11,3039.03,106.13,3.62,2226.52,953.91,1272.61,812.51,,234.27,-23.34,3.14,33.24904,10160.91,3237.13,113.05,3.62,2371.65,1016.09,1355.56,865.47,
2024-01-28,305.7,309.1,303.1,305.3,409403.06,-0.1,304.4,304.12,302.4,True,17.88,20.6,21.04,,,,,,,,,,234.27,-23.27,3.15,31.214373,9529.75,3029.67,-9.36,-0.31,2217.16,952.97,1264.18,812.51,,234.27,-23.27,3.15,33.24904,10150.93,3227.15,-9.97,-0.31,2361.68,1015.09,1346.59,865.47,
2024-01-29,305.3,311.0,304.4,310.7,442799.5,1.77,305.37,304.75,303.01,True,16.73,20.92,20.21,,,,,,,,,,234.27,-24.6,3.03,31.214373,9698.31,3198.22,168.56,5.56,2385.71,969.83,1415.88,812.51,,234.27,-24.6,3.03,33.24904,10330.48,3406.7,179.54,5.56,2541.22,1033.05,1508.18,865.47,
2024-01-30,310.7,313.1,306.3,307.6,386375.47,-1.0,305.71,305.02,303.35,True,15.88,21.34,19.36,,,,,313.1,,LH,,SMALL LL confirmed @ 287.50,234.27,-23.84,3.1,31.214373,9601.54,3101.46,-96.76,-3.03,2288.95,960.15,1328.8,812.51,,234.27,-23.84,3.1,33.24904,10227.4,3303.62,-103.07,-3.03,2438.15,1022.74,1415.41,865.47,
2024-01-31,307.7,308.2,298.6,300.5,459007.7,-2.31,304.91,304.59,303.14,True,15.24,20.06,23.02,,,,,,,,,,234.27,-22.04,3.26,31.214373,9379.92,2879.84,-221.62,-7.15,2067.33,937.99,1129.34,812.51,,234.27,-22.04,3.26,33.24904,9991.34,3067.56,-236.07,-7.15,2202.08,999.13,1202.95,865.47,
2024-02-01,300.5,302.2,296.4,300.2,373269.79,-0.1,304.19,304.17,302.92,True,14.86,19.3,23.58,,,,,,296.4,HL,,,234.27,-21.96,3.26,31.214373,9370.55,2870.47,-9.36,-0.33,2057.96,937.06,1120.91,812.51,,234.27,-21.96,3.26,33.24904,9981.36,3057.58,-9.97,-0.33,2192.11,998.14,1193.97,865.47,
2024-02-02,300.2,305.2,299.8,301.4,309501.65,0.4,303.76,303.91,302.81,True,14.14,20.62,22.72,,,,,,,,,,234.27,-22.27,3.24,31.214373,9408.01,2907.93,37.46,1.3,2095.42,940.8,1154.62,812.51,,234.27,-22.27,3.24,33.24904,10021.26,3097.48,39.9,1.3,2232.01,1002.13,1229.88,865.47,
2024-02-03,301.4,303.8,299.5,299.7,198730.96,-0.56,303.13,303.51,302.58,True,13.51,20.0,22.24,,,,,,,,,,234.27,-21.83,3.28,31.214373,9354.95,2854.87,-53.06,-1.82,2042.36,935.49,1106.86,812.51,,234.27,-21.83,3.28,33.24904,9964.74,3040.96,-56.52,-1.82,2175.48,996.47,1179.01,865.47,
2024-02-04,299.6,307.7,298.0,304.7,503405.32,1.67,303.37,303.62,302.74,True,12.66,21.38,20.72,,,,,,,,,SMALL LH confirmed @ 313.10,234.27,-23.11,3.16,31.214373,9511.02,3010.94,156.07,5.47,2198.43,951.1,1247.33,812.51,,234.27,-23.11,3.16,33.24904,10130.98,3207.2,166.25,5.47,2341.73,1013.1,1328.63,865.47,
2024-02-05,304.7,306.8,299.5,301.2,488672.27,-1.15,303.04,303.39,302.62,True,11.87,20.26,19.63,,,,,,,,,,234.27,-22.22,3.24,31.214373,9401.77,2901.69,-109.25,-3.63,2089.18,940.18,1149.0,812.51,,234.27,-22.22,3.24,33.24904,10014.61,3090.83,-116.37,-3.63,2225.36,1001.46,1223.9,865.47,
2024-02-06,301.2,304.1,300.9,302.7,260762.32,0.5,302.99,303.33,302.63,True,11.13,19.77,19.16,,,,,,,,,SMALL HL confirmed @ 296.40,234.27,-22.61,3.2,31.214373,9448.59,2948.51,46.82,1.61,2136.0,944.86,1191.14,812.51,,234.27,-22.61,3.2,33.24904,10064.48,3140.7,49.87,1.61,2275.23,1006.45,1268.78,865.47,
2024-02-07,302.8,308.7,300.7,307.3,352421.79,1.52,303.65,303.7,302.97,True,11.07,22.08,17.98,,,,,,,,,,234.27,-23.77,3.1,31.214373,9592.18,3092.1,143.59,4.87,2279.59,959.22,1320.37,812.51,,234.27,-23.77,3.1,33.24904,10217.43,3293.65,152.95,4.87,2428.18,1021.74,1406.43,865.47,
2024-02-08,307.4,320.6,307.3,319.2,921496.5,3.87,306.04,305.18,304.18,True,12.27,28.73,16.21,,,,,,,,BULL_BOS,SMALL BULL BOS @ 319.20 (level 313.10),234.27,-26.61,2.88,31.214373,9963.63,3463.55,371.45,12.01,2651.04,996.36,1654.67,812.51,,234.27,-26.61,2.88,33.24904,10613.09,3689.31,395.66,12.01,2823.84,1061.31,1762.53,865.47,
2024-02-09,319.2,326.3,317.9,324.0,739178.08,1.5,308.81,306.97,305.64,True,13.86,31.2,15.19,,,,,,,,,,234.27,-27.69,2.8,31.214373,10113.46,3613.38,149.83,4.33,2800.87,1011.35,1789.52,812.51,,234.27,-27.69,2.8,33.24904,10772.69,3848.91,159.6,4.33,2983.44,1077.27,1906.17,865.47,
2024-02-10,324.0,325.4,318.9,323.0,321477.06,-0.31,310.99,308.5,306.93,True,15.33,29.64,14.43,,,,,,,,,,234.27,-27.47,2.81,31.214373,10082.24,3582.16,-31.21,-0.86,2769.65,1008.22,1761.43,812.51,,234.27,-27.47,2.81,33.24904,10739.44,3815.66,-33.25,-0.86,2950.19,1073.94,1876.24,865.47,
2024-02-11,323.0,324.9,320.1,320.7,280308.1,-0.71,312.48,309.66,307.95,True,16.7,28.51,13.88,,,,,,,,,,234.27,-26.95,2.85,31.214373,10010.45,3510.37,-71.79,-2.0,2697.86,1001.04,1696.81,812.51,,234.27,-26.95,2.85,33.24904,10662.97,3739.19,-76.47,-2.0,2873.71,1066.3,1807.42,865.47,
2024-02-12,320.6,332.2,315.6,327.8,576734.16,2.21,314.84,311.39,309.42,True,18.57,30.43,12.16,,,,,,,,,,234.27,-28.53,2.74,31.214373,10232.07,3731.99,221.62,6.31,2919.48,1023.21,1896.27,812.51,,234.27,-28.53,2.74,33.24904,10899.04,3975.26,236.07,6.31,3109.78,1089.9,2019.88,865.47,
2024-02-13,327.9,329.2,318.6,324.7,441545.83,-0.95,316.36,312.66,310.55,True,20.31,28.04,11.2,,,,,,,,,,234.27,-27.85,2.79,31.214373,10135.31,3635.23,-96.76,-2.59,2822.72,1013.53,1809.19,812.51,,234.27,-27.85,2.79,33.24904,10795.96,3872.18,-103.07,-2.59,3006.71,1079.6,1927.11,865.47,
2024-02-14,324.6,334.6,323.4,333.9,452466.98,2.83,319.06,314.68,312.28,True,22.33,29.7,10.28,,,,,,,,,,234.27,-29.84,2.66,31.214373,10422.48,3922.4,287.17,7.9,3109.89,1042.25,2067.64,812.51,,234.27,-29.84,2.66,33.24904,11101.85,4178.07,305.89,7.9,3312.6,1110.19,2202.42,865.47,
2024-02-15,333.9,366.6,333.3,354.2,1361590.4,6.08,324.46,318.44,315.39,True,25.63,43.54,8.13,,,,,,,,,,234.27,-33.86,2.43,31.214373,11056.13,4556.05,633.65,16.15,3743.54,1105.61,2637.93,812.51,,234.27,-33.86,2.43,33.24904,11776.81,4853.03,674.96,16.15,3987.56,1177.68,2809.88,865.47,
2024-02-16,354.3,366.8,349.1,360.4,1061855.99,1.75,329.99,322.44,318.72,True,28.7,39.02,7.27,,,,,,,,,,234.27,-35.0,2.37,31.214373,11249.66,4749.58,193.53,4.25,3937.07,1124.97,2812.1,812.51,,234.27,-35.0,2.37,33.24904,11982.95,5059.17,206.14,4.25,4193.7,1198.3,2995.41,865.47,
2024-02-17,360.4,363.7,348.2,352.9,630266.52,-2.08,333.52,325.34,321.25,True,31.4,35.45,7.13,,,,,,,,,,234.27,-33.62,2.44,31.214373,11015.55,4515.47,-234.11,-4.93,3702.96,1101.56,2601.41,812.51,,234.27,-33.62,2.44,33.24904,11733.59,4809.81,-249.37,-4.93,3944.33,1173.36,2770.98,865.47,
2024-02-18,352.9,358.1,349.1,349.8,495667.63,-0.88,336.02,327.67,323.37,True,33.91,33.54,6.75,,,,,,,,,,234.27,-33.03,2.47,31.214373,10918.79,4418.71,-96.76,-2.14,3606.2,1091.88,2514.32,812.51,,234.27,-33.03,2.47,33.24904,11630.51,4706.73,-103.07,-2.14,3841.26,1163.05,2678.21,865.47,
2024-02-19,349.8,356.2,349.3,351.6,830917.53,0.51,338.42,329.95,325.46,True,36.23,32.1,6.46,,,,,,,,,,234.27,-33.37,2.45,31.214373,10974.97,4474.89,56.19,1.27,3662.38,1097.5,2564.89,812.51,,234.27,-33.37,2.45,33.24904,11690.36,4766.58,59.85,1.27,3901.11,1169.04,2732.07,865.47,
2024-02-20,351.7,361.6,344.8,354.6,972650.56,0.85,340.91,332.3,327.62,True,38.6,32.11,5.81,,,,,,,,,,234.27,-33.93,2.42,31.214373,11068.62,4568.54,93.64,2.09,3756.03,1106.86,2649.16,812.51,,234.27,-33.93,2.42,33.24904,11790.11,4866.33,99.75,2.09,4000.86,1179.01,2821.85,865.47,
2024-02-21,354.6,379.3,350.9,379.2,1701415.31,6.94,346.8,336.76,331.44,True,41.3,36.79,4.91,,,,,,,,,,234.27,-38.22,2.22,31.214373,11836.49,5336.41,767.87,16.81,4523.9,1183.65,3340.25,812.51,,234.27,-38.22,2.22,33.24904,12608.04,5684.26,817.93,16.81,4818.78,1260.8,3557.98,865.47,
2024-02-22,379.2,387.3,373.7,382.6,1409647.48,0.9,352.31,341.13,335.23,True,43.99,38.42,4.55,,,,,,,,,,234.27,-38.77,2.19,31.214373,11942.62,5442.54,106.13,1.99,4630.03,1194.26,3435.77,812.51,,234.27,-38.77,2.19,33.24904,12721.08,5797.3,113.05,1.99,4931.83,1272.11,3659.72,865.47,
2024-02-23,382.7,385.8,369.0,375.5,1027891.3,-1.86,355.87,344.4,338.21,True,45.71,34.98,6.65,,,,,,,,,,234.27,-37.61,2.25,31.214373,11721.0,5220.92,-221.62,-4.07,4408.41,1172.1,3236.31,812.51,,234.27,-37.61,2.25,33.24904,12485.01,5561.23,-236.07,-4.07,4695.76,1248.5,3447.26,865.47,
2024-02-24,375.5,383.3,371.7,381.7,444587.48,1.65,359.85,347.95,341.43,True,47.3,32.79,6.23,,,,,,,,,,234.27,-38.62,2.2,31.214373,11914.53,5414.45,193.53,3.71,4601.94,1191.45,3410.48,812.51,,234.27,-38.62,2.2,33.24904,12691.16,5767.38,206.14,3.71,4901.91,1269.12,3632.79,865.47,
2024-02-25,381.6,391.0,377.6,388.5,643002.67,1.78,364.26,351.82,344.92,True,49.02,34.57,5.78,,,,,,,,,,234.27,-39.7,2.16,31.214373,12126.78,5626.7,212.26,3.92,4814.19,1212.68,3601.51,812.51,,234.27,-39.7,2.16,33.24904,12917.25,5993.47,226.09,3.92,5128.0,1291.73,3836.27,865.47,
2024-02-26,388.5,404.9,382.0,401.6,1196262.2,3.37,370.0,356.56,349.12,True,50.96,37.63,5.1,,,,,,,,,,234.27,-41.67,2.08,31.214373,12535.69,6035.61,408.91,7.27,5223.1,1253.57,3969.53,812.51,,234.27,-41.67,2.08,33.24904,13352.81,6429.03,435.56,7.27,5563.56,1335.28,4228.28,865.47,
2024-02-27,401.5,403.7,389.6,394.6,915873.07,-1.74,373.79,360.18,352.49,True,52.75,34.92,4.74,,,,,,,,,,234.27,-40.63,2.12,31.214373,12317.19,5817.11,-218.5,-3.62,5004.6,1231.72,3772.88,812.51,,234.27,-40.63,2.12,33.24904,13120.07,6196.29,-232.74,-3.62,5330.82,1312.01,4018.81,865.47,
2024-02-28,394.6,427.3,394.1,414.6,1348009.0,5.07,380.06,365.36,357.09,True,54.84,40.51,4.0,,,,,427.3,,HH,,,234.27,-43.49,2.01,31.214373,12941.48,6441.4,624.29,10.73,5628.89,1294.15,4334.74,812.51,,234.27,-43.49,2.01,33.24904,13785.05,6861.27,664.98,10.73,5995.8,1378.51,4617.29,865.47,
2024-02-29,414.7,419.7,391.1,399.4,1146024.36,-3.67,383.04,368.6,360.22,True,56.36,35.43,4.82,,,,,,,,,,234.27,-41.34,2.09,31.214373,12467.02,5966.94,-474.46,-7.37,5154.43,1246.7,3907.73,812.51,,234.27,-41.34,2.09,33.24904,13279.67,6355.89,-505.39,-7.37,5490.41,1327.97,4162.45,865.47,
2024-03-01,399.3,408.6,398.8,407.4,586580.61,2.0,386.79,372.3,363.72,True,57.77,33.86,4.6,,,,,,,,,,234.27,-42.5,2.05,31.214373,12716.74,6216.65,249.71,4.18,5404.14,1271.67,4132.47,812.51,,234.27,-42.5,2.05,33.24904,13545.66,6621.88,265.99,4.18,5756.41,1354.57,4401.84,865.47,
2024-03-02,407.4,414.8,405.8,410.9,590018.54,0.86,390.5,375.98,367.21,True,59.2,35.33,4.41,,,,,,,,,,234.27,-42.99,2.03,31.214373,12825.99,6325.9,109.25,1.76,5513.39,1282.6,4230.8,812.51,,234.27,-42.99,2.03,33.24904,13662.03,6738.25,116.37,1.76,5872.78,1366.2,4506.57,865.47,
2024-03-03,410.9,416.8,402.2,414.5,838274.35,0.88,394.19,379.64,370.71,True,59.97,32.92,5.79,,,,,,,,,,234.27,-43.48,2.01,31.214373,12938.36,6438.28,112.37,1.78,5625.77,1293.84,4331.93,812.51,,234.27,-43.48,2.01,33.24904,13781.73,6857.95,119.7,1.78,5992.47,1378.17,4614.3,865.47,
2024-03-04,414.5,423.8,410.6,418.4,1045414.0,0.94,397.91,383.34,374.25,True,60.87,34.17,5.43,,,,,,,,,SMALL HH confirmed @ 427.30,234.27,-44.01,1.99,31.214373,13060.09,6560.01,121.74,1.89,5747.5,1306.01,4441.49,812.51,,234.27,-44.01,1.99,33.24904,13911.4,6987.62,129.67,1.89,6122.15,1391.14,4731.01,865.47,
2024-03-05,418.5,427.2,356.1,394.1,2073303.79,-5.81,397.33,384.36,375.72,True,56.64,25.1,24.33,,,,,,356.1,HL,,,234.27,-40.56,2.12,31.214373,12301.58,5801.5,-758.51,-11.56,4988.99,1230.16,3758.83,812.51,,234.27,-40.56,2.12,33.24904,13103.45,6179.67,-807.95,-11.56,5314.19,1310.34,4003.85,865.47,
2024-03-06,394.1,434.7,385.6,429.4,1804741.11,8.96,402.26,388.65,379.69,True,53.11,23.48,20.32,,,,,,,,BULL_BOS,SMALL BULL BOS @ 429.40 (level 427.30),234.27,-45.44,1.94,31.214373,13403.45,6903.37,1101.87,18.99,6090.86,1340.35,4750.52,812.51,,234.27,-45.44,1.94,33.24904,14277.14,7353.36,1173.69,18.99,6487.89,1427.71,5060.17,865.47,
2024-03-07,429.4,476.8,423.2,474.6,1672134.41,10.53,413.39,396.84,386.72,True,51.54,32.42,17.02,,,,,,,,,,234.27,-50.64,1.78,31.214373,14814.34,8314.26,1410.89,20.44,7501.75,1481.43,6020.32,812.51,,234.27,-50.64,1.78,33.24904,15779.99,8856.21,1502.86,20.44,7990.74,1578.0,6412.74,865.47,
2024-03-08,474.6,489.6,462.5,485.8,1660311.36,2.36,424.53,405.31,394.06,True,50.46,33.62,15.64,,,,,,,,,,234.27,-51.78,1.75,31.214373,15163.94,8663.86,349.6,4.2,7851.35,1516.39,6334.96,812.51,,234.27,-51.78,1.75,33.24904,16152.38,9228.6,372.39,4.2,8363.13,1615.24,6747.89,865.47,
2024-03-09,485.8,493.8,480.7,488.3,852029.24,0.51,434.34,413.21,401.04,True,49.59,33.56,15.01,,,,,,,,,,234.27,-52.02,1.74,31.214373,15241.98,8741.9,78.04,0.9,7929.39,1524.2,6405.19,812.51,,234.27,-52.02,1.74,33.24904,16235.51,9311.73,83.12,0.9,8446.25,1623.55,6822.7,865.47,
2024-03-10,488.3,537.5,484.8,528.9,1944137.08,8.31,448.89,424.23,410.51,True,49.79,40.94,12.76,,,,,,,,,SMALL HL confirmed @ 356.10,234.27,-55.71,1.65,31.214373,16509.28,10009.2,1267.3,14.5,9196.69,1650.93,7545.76,812.51,,234.27,-55.71,1.65,33.24904,17585.42,10661.64,1349.91,14.5,9796.16,1758.54,8037.62,865.47,
2024-03-11,528.9,533.8,505.5,523.0,1608146.4,-1.12,460.29,433.64,418.85,True,49.98,37.68,11.75,,,,,,,,,,234.27,-55.21,1.66,31.214373,16325.12,9825.04,-184.16,-1.84,9012.53,1632.51,7380.01,812.51,,234.27,-55.21,1.66,33.24904,17389.25,10465.47,-196.17,-1.84,9600.0,1738.92,7861.07,865.47,
2024-03-12,523.0,548.5,519.0,537.5,1924767.69,2.77,472.17,443.53,427.64,True,50.44,38.68,10.79,,,,,,,,,,234.27,-56.41,1.63,31.214373,16777.73,10277.64,452.61,4.61,9465.13,1677.77,7787.36,812.51,,234.27,-56.41,1.63,33.24904,17871.36,10947.58,482.11,4.61,10082.11,1787.14,8294.97,865.47,
2024-03-13,537.4,633.5,531.7,630.5,2526002.56,17.3,496.53,461.34,442.66,True,51.92,49.14,8.27,,,,,,,,,,234.27,-62.84,1.49,31.214373,19680.66,13180.58,2902.94,28.25,12368.07,1968.07,10400.0,812.51,,234.27,-62.84,1.49,33.24904,20963.52,14039.74,3092.16,28.25,13174.27,2096.35,11077.92,865.47,
2024-03-14,630.5,631.5,565.5,603.2,2119540.3,-4.33,512.94,474.85,454.55,True,53.3,42.25,7.11,,,,,,,,,,234.27,-61.16,1.53,31.214373,18828.51,12328.43,-852.15,-6.47,11515.92,1882.85,9633.07,812.51,,234.27,-61.16,1.53,33.24904,20055.82,13132.04,-907.7,-6.47,12266.57,2005.58,10260.99,865.47,
2024-03-15,603.2,635.2,540.9,632.7,3066312.79,4.89,531.36,489.88,467.75,True,53.33,34.76,10.48,,,,,,,,,,234.27,-62.97,1.49,31.214373,19749.33,13249.25,920.82,7.47,12436.74,1974.93,10461.81,812.51,,234.27,-62.97,1.49,33.24904,21036.67,14112.89,980.85,7.47,13247.42,2103.67,11143.75,865.47,
2024-03-16,632.7,645.2,567.2,576.4,1811838.04,-8.9,538.29,498.12,475.8,True,53.5,31.76,9.05,645.2,,HH,,645.2,,HH,,,234.27,-59.36,1.57,31.214373,17991.96,11491.88,-1757.37,-13.26,10679.37,1799.2,8880.18,812.51,,234.27,-59.36,1.57,33.24904,19164.75,12240.97,-1871.92,-13.26,11375.49,1916.47,9459.02,865.47,
2024-03-17,576.4,590.5,548.6,571.7,1712920.34,-0.82,543.43,505.13,482.9,True,52.77,29.44,11.63,,,,,,,,,,234.27,-59.02,1.57,31.214373,17845.26,11345.18,-146.71,-1.28,10532.67,1784.53,8748.14,812.51,,234.27,-59.02,1.57,33.24904,19008.48,12084.7,-156.27,-1.28,11219.22,1900.85,9318.38,865.47,
2024-03-18,571.7,587.7,540.1,555.4,2284301.81,-2.85,545.27,509.92,488.27,True,51.72,27.02,12.14,,,,,,,,,,234.27,-57.82,1.6,31.214373,17336.46,10836.38,-508.79,-4.48,10023.87,1733.65,8290.23,812.51,,234.27,-57.82,1.6,33.24904,18466.52,11542.74,-541.96,-4.48,10677.26,1846.65,8830.61,865.47,
2024-03-19,555.4,560.6,495.8,507.7,2551361.51,-8.59,539.49,509.7,489.71,True,49.02,24.11,18.19,,495.8,HL,,,495.8,HL,,,234.27,-53.86,1.7,31.214373,15847.54,9347.46,-1488.93,-13.74,8534.95,1584.75,6950.19,812.51,,234.27,-53.86,1.7,33.24904,16880.54,9956.76,-1585.98,-13.74,9091.29,1688.05,7403.23,865.47,
2024-03-20,507.7,559.0,500.0,556.8,1425296.58,9.67,542.16,514.19,494.68,True,46.52,21.81,16.45,,,,,,,,,,234.27,-57.93,1.6,31.214373,17380.16,10880.08,1532.63,16.4,10067.57,1738.02,8329.56,812.51,,234.27,-57.93,1.6,33.24904,18513.07,11589.29,1632.53,16.4,10723.81,1851.31,8872.51,865.47,
2024-03-21,556.7,571.0,540.6,553.8,953921.37,-0.54,543.95,517.96,499.06,True,44.52,22.7,15.63,,,,,,,,,SMALL HH confirmed @ 645.20,234.27,-57.7,1.6,31.214373,17286.52,10786.44,-93.64,-0.86,9973.93,1728.65,8245.28,812.51,,234.27,-57.7,1.6,33.24904,18413.32,11489.54,-99.75,-0.86,10624.07,1841.33,8782.73,865.47,
2024-03-22,553.8,588.1,535.5,553.8,1181298.51,0.0,545.46,521.38,503.12,True,43.08,23.54,14.29,,,,,,,,,,234.27,-57.7,1.6,31.214373,17286.52,10786.44,0.0,0.0,9973.93,1728.65,8245.28,812.51,,234.27,-57.7,1.6,33.24904,18413.32,11489.54,0.0,0.0,10624.07,1841.33,8782.73,865.47,
2024-03-23,553.8,567.7,543.4,551.9,608753.33,-0.34,546.45,524.28,506.73,True,41.75,22.58,13.7,,,,,,,,,,234.27,-57.55,1.61,31.214373,17227.21,10727.13,-59.31,-0.55,9914.62,1722.72,8191.9,812.51,,234.27,-57.55,1.61,33.24904,18350.15,11426.37,-63.17,-0.55,10560.89,1835.01,8725.88,865.47,
2024-03-24,551.9,573.0,548.7,567.7,442930.35,2.86,549.72,528.42,511.25,True,40.66,22.55,13.13,,,,,,,,,SMALL HL confirmed @ 495.80,234.27,-58.73,1.58,31.214373,17720.4,11220.32,493.19,4.6,10407.81,1772.04,8635.77,812.51,,234.27,-58.73,1.58,33.24904,18875.48,11951.7,525.33,4.6,11086.23,1887.55,9198.68,865.47,
2024-03-25,567.8,598.0,564.4,587.0,802695.51,3.4,555.46,534.0,516.86,True,40.25,25.61,12.35,,,,,,,,,,234.27,-60.09,1.55,31.214373,18322.84,11822.76,602.44,5.37,11010.25,1832.28,9177.96,812.51,,234.27,-60.09,1.55,33.24904,19517.19,12593.41,641.71,5.37,11727.93,1951.72,9776.22,865.47,
2024-03-26,587.1,597.0,571.9,580.4,569324.08,-1.12,559.29,538.42,521.56,True,39.87,24.45,11.79,,,,,,,,,,234.27,-59.64,1.56,31.214373,18116.82,11616.74,-206.01,-1.74,10804.23,1811.68,8992.55,812.51,,234.27,-59.64,1.56,33.24904,19297.74,12373.96,-219.44,-1.74,11508.49,1929.77,9578.72,865.47,
2024-03-27,580.4,585.6,560.3,574.3,531668.4,-1.05,561.6,541.83,525.47,True,38.95,23.3,13.39,,,,,,,,,,234.27,-59.21,1.57,31.214373,17926.41,11426.33,-190.41,-1.64,10613.82,1792.64,8821.18,812.51,,234.27,-59.21,1.57,33.24904,19094.92,12171.14,-202.82,-1.64,11305.67,1909.49,9396.18,865.47,
2024-03-28,574.2,591.7,574.1,583.4,503901.62,1.58,564.96,545.79,529.76,True,38.26,23.69,12.93,,,,,,,,,,234.27,-59.84,1.56,31.214373,18210.47,11710.38,284.05,2.49,10897.87,1821.05,9076.83,812.51,,234.27,-59.84,1.56,33.24904,19397.49,12473.71,302.57,2.49,11608.24,1939.75,9668.49,865.47,
2024-03-29,583.4,620.0,582.1,612.5,1042401.17,4.99,572.27,552.15,535.89,True,38.33,27.41,11.99,,,,,620.0,,LH,,,234.27,-61.75,1.52,31.214373,19118.8,12618.72,908.34,7.76,11806.21,1911.88,9894.33,812.51,,234.27,-61.75,1.52,33.24904,20365.04,13441.26,967.55,7.76,12575.78,2036.5,10539.28,865.47,
2024-03-30,612.5,612.9,596.9,600.7,501020.15,-1.93,576.64,556.77,540.69,True,38.38,26.53,11.61,,,,,,,,,,234.27,-61.0,1.53,31.214373,18750.47,12250.39,-368.33,-2.92,11437.88,1875.05,9562.84,812.51,,234.27,-61.0,1.53,33.24904,19972.7,13048.92,-392.34,-2.92,12183.45,1997.27,10186.18,865.47,
2024-03-31,600.7,608.8,600.4,606.7,325136.97,1.0,581.27,561.52,545.58,True,38.44,26.06,11.4,,,,,,,,,,234.27,-61.39,1.52,31.214373,18937.76,12437.68,187.29,1.53,11625.17,1893.78,9731.39,812.51,,234.27,-61.39,1.52,33.24904,20172.19,13248.41,199.49,1.53,12382.94,2017.22,10365.72,865.47,
2024-04-01,606.7,607.7,568.7,575.8,723114.09,-5.09,580.43,562.88,547.82,True,36.88,23.92,17.12,,,,,,,,,,234.27,-59.31,1.57,31.214373,17973.24,11473.15,-964.52,-7.75,10660.64,1797.32,8863.32,812.51,,234.27,-59.31,1.57,33.24904,19144.8,12221.02,-1027.4,-7.75,11355.54,1914.48,9441.07,865.47,
2024-04-02,575.8,578.2,546.3,551.4,998260.81,-4.24,575.96,561.79,548.08,True,34.51,22.31,20.69,,,,,,,,,,234.27,-57.51,1.61,31.214373,17211.61,10711.52,-761.63,-6.64,9899.01,1721.16,8177.85,812.51,,234.27,-57.51,1.61,33.24904,18333.52,11409.74,-811.28,-6.64,10544.27,1833.35,8710.92,865.47,
2024-04-03,551.4,567.9,539.0,561.5,683925.23,1.83,573.74,561.76,549.08,True,32.05,20.94,20.98,,,,,,539.0,HL,,SMALL LH confirmed @ 620.00,234.27,-58.28,1.59,31.214373,17526.87,11026.79,315.27,2.94,10214.28,1752.69,8461.59,812.51,,234.27,-58.28,1.59,33.24904,18669.34,11745.56,335.82,2.94,10880.08,1866.93,9013.15,865.47,
2024-04-04,561.6,597.6,560.8,585.5,879640.68,4.27,575.55,564.02,551.78,True,30.76,25.59,19.34,,,,,,,,,,234.27,-59.99,1.55,31.214373,18276.02,11775.93,749.14,6.79,10963.42,1827.6,9135.82,812.51,,234.27,-59.99,1.55,33.24904,19467.31,12543.53,797.98,6.79,11678.06,1946.73,9731.33,865.47,
2024-04-05,585.4,591.5,564.4,577.8,634206.62,-1.32,575.89,565.34,553.7,True,29.55,24.1,18.22,,,,,,,,,,234.27,-59.45,1.56,31.214373,18035.66,11535.58,-240.35,-2.04,10723.07,1803.57,8919.51,812.51,,234.27,-59.45,1.56,33.24904,19211.3,12287.52,-256.02,-2.04,11422.04,1921.13,9500.91,865.47,
2024-04-06,577.8,591.3,575.1,585.4,226976.0,1.32,577.36,567.25,556.05,True,28.44,23.23,17.56,,,,,,,,,,234.27,-59.98,1.55,31.214373,18272.89,11772.81,237.23,2.06,10960.3,1827.29,9133.01,812.51,,234.27,-59.98,1.55,33.24904,19463.99,12540.21,252.69,2.06,11674.74,1946.4,9728.34,865.47,
2024-04-07,585.5,591.1,578.0,583.9,263849.22,-0.26,578.36,568.83,558.11,True,27.4,22.53,17.02,,,,,,,,,,234.27,-59.88,1.55,31.214373,18226.07,11725.99,-46.82,-0.4,10913.48,1822.61,9090.87,812.51,,234.27,-59.88,1.55,33.24904,19414.11,12490.33,-49.87,-0.4,11624.86,1941.41,9683.45,865.47,
2024-04-08,583.8,601.1,577.7,586.4,483568.31,0.43,579.6,570.51,560.21,True,26.8,23.65,16.08,,,,,,,,,SMALL HL confirmed @ 539.00,234.27,-60.05,1.55,31.214373,18304.11,11804.03,78.04,0.67,10991.52,1830.41,9161.11,812.51,,234.27,-60.05,1.55,33.24904,19497.24,12573.46,83.12,0.67,11707.98,1949.72,9758.26,865.47,
2024-04-09,586.3,590.3,571.2,580.5,596275.79,-1.01,579.74,571.46,561.71,True,25.91,22.55,16.91,,,,,,,,,,234.27,-59.64,1.56,31.214373,18119.94,11619.86,-184.16,-1.56,10807.35,1811.99,8995.36,812.51,,234.27,-59.64,1.56,33.24904,19301.07,12377.29,-196.17,-1.56,11511.82,1930.11,9581.71,865.47,
2024-04-10,580.4,610.6,573.4,609.7,816050.7,5.03,584.35,575.1,565.27,True,25.8,25.39,15.41,,,,,,,,,,234.27,-61.58,1.52,31.214373,19031.4,12531.32,911.46,7.84,11718.81,1903.14,9815.67,812.51,,234.27,-61.58,1.52,33.24904,20271.94,13348.16,970.87,7.84,12482.69,2027.19,10455.49,865.47,
2024-04-11,609.7,618.4,592.0,604.6,579678.19,-0.84,587.46,577.91,568.18,True,25.96,25.65,14.43,,,,,,,,,,234.27,-61.25,1.53,31.214373,18872.21,12372.13,-159.19,-1.27,11559.62,1887.22,9672.4,812.51,,234.27,-61.25,1.53,33.24904,20102.37,13178.59,-169.57,-1.27,12313.12,2010.24,10302.88,865.47,
2024-04-12,604.6,634.5,571.0,595.6,1517722.66,-1.49,588.71,579.59,570.21,True,25.01,22.03,17.07,634.5,,LH,,634.5,,HH,,,234.27,-60.67,1.54,31.214373,18591.28,12091.2,-280.93,-2.27,11278.69,1859.13,9419.56,812.51,,234.27,-60.67,1.54,33.24904,19803.13,12879.35,-299.24,-2.27,12013.88,1980.31,10033.56,865.47,
2024-04-13,595.6,600.2,508.0,553.1,1761628.47,-7.14,583.24,577.07,568.94,True,24.56,18.04,26.34,,508.0,HL,,,,,,,234.27,-57.64,1.6,31.214373,17264.67,10764.59,-1326.61,-10.97,9952.08,1726.47,8225.61,812.51,,234.27,-57.64,1.6,33.24904,18390.04,11466.26,-1413.08,-10.97,10600.79,1839.0,8761.79,865.47,
2024-04-14,553.0,576.0,536.1,566.4,965488.0,2.4,580.65,576.05,568.76,True,24.14,16.64,24.29,,,,,,,,,,234.27,-58.64,1.58,31.214373,17679.82,11179.74,415.15,3.86,10367.23,1767.98,8599.25,812.51,,234.27,-58.64,1.58,33.24904,18832.26,11908.48,442.21,3.86,11043.0,1883.23,9159.78,865.47,
2024-04-15,566.4,585.5,544.7,552.7,698443.3,-2.42,576.35,573.83,567.57,True,23.36,17.16,22.38,,,,,,,,,,234.27,-57.61,1.6,31.214373,17252.18,10752.1,-427.64,-3.83,9939.59,1725.22,8214.37,812.51,,234.27,-57.61,1.6,33.24904,18376.74,11452.96,-455.51,-3.83,10587.49,1837.67,8749.82,865.47,
2024-04-16,552.7,554.2,522.8,537.6,623668.81,-2.73,570.39,570.38,565.35,True,23.27,16.11,25.28,,,,,,,,BEAR_CHOCH,SMALL BEAR CHOCH @ 537.60 (level 539.00),,,,,,10280.77,-471.34,-4.38,0.0,0.0,,10280.77,"EXIT @ 537.60 (small red CHoCH, realized +8655.75)",,,,,,10950.9,-502.06,-4.38,0.0,0.0,,10950.9,"EXIT @ 537.60 (small red CHoCH, realized +9219.96)"
2024-04-17,537.5,547.9,512.6,534.1,657909.36,-0.65,564.8,566.92,563.03,True,23.47,15.0,25.53,,,,,,512.6,LL,,SMALL HH confirmed @ 634.50,,,,,,10280.77,0.0,0.0,0.0,0.0,,10280.77,,,,,,,10950.9,0.0,0.0,0.0,0.0,,10950.9,
2024-04-18,534.0,555.9,527.0,552.1,589697.3,3.37,562.85,565.51,562.22,True,23.29,15.73,24.07,,,,,,,,,,,,,,,10280.77,0.0,0.0,0.0,0.0,,10280.77,,,,,,,10950.9,0.0,0.0,0.0,0.0,,10950.9,
2024-04-19,552.0,564.3,524.0,554.0,545504.18,0.34,561.49,564.42,561.61,False,22.75,16.13,22.15,,,,,,,,,,,,,,,10280.77,0.0,0.0,0.0,0.0,,10280.77,,,,,,,10950.9,0.0,0.0,0.0,0.0,,10950.9,
2024-04-20,554.1,574.3,548.8,570.9,242132.86,3.05,562.94,565.03,562.3,True,21.81,17.32,21.02,,,,,,,,,,,,,,,10280.77,0.0,0.0,0.0,0.0,,10280.77,,,,,,,10950.9,0.0,0.0,0.0,0.0,,10950.9,
2024-04-21,570.9,582.6,566.3,579.6,277755.72,1.52,565.5,566.42,563.58,True,20.59,18.47,20.3,,,,,,,,,,,,,,,10280.77,0.0,0.0,0.0,0.0,,10280.77,,,,,,,10950.9,0.0,0.0,0.0,0.0,,10950.9,
2024-04-22,579.6,608.7,578.4,604.5,522892.16,4.3,571.5,570.05,566.61,True,19.77,22.8,19.0,,,,,,,,,SMALL LL confirmed @ 512.60,,,,,,10280.77,0.0,0.0,0.0,0.0,,10280.77,,,,,,,10950.9,0.0,0.0,0.0,0.0,,10950.9,
2024-04-23,604.4,618.3,598.7,606.2,556883.34,0.28,576.84,573.49,569.55,True,19.33,23.91,18.19,,,,,,,,,,,,,,,10280.77,0.0,0.0,0.0,0.0,,10280.77,,,,,,,10950.9,0.0,0.0,0.0,0.0,,10950.9,
2024-04-24,606.2,618.5,592.6,608.8,656953.68,0.43,581.76,576.85,572.45,True,18.65,22.54,18.5,,,,,618.5,,LH,,,,,,,,10280.77,0.0,0.0,0.0,0.0,,10280.77,,,,,,,10950.9,0.0,0.0,0.0,0.0,,10950.9,
2024-04-25,608.8,617.9,600.7,613.2,453745.52,0.72,586.59,580.32,575.47,True,18.03,21.66,17.77,,,,,,,,,,,,,,,10280.77,0.0,0.0,0.0,0.0,,10280.77,,,,,,,10950.9,0.0,0.0,0.0,0.0,,10950.9,
2024-04-26,613.3,615.0,597.0,598.0,302119.88,-2.48,588.35,582.0,577.14,True,17.26,20.74,17.89,,,,,,,,,,,,,,,10280.77,0.0,0.0,0.0,0.0,,10280.77,,,,,,,10950.9,0.0,0.0,0.0,0.0,,10950.9,
2024-04-27,598.0,599.7,585.0,596.2,268783.91,-0.3,589.56,583.35,578.55,True,16.07,19.99,20.18,,,,,,,,,,,,,,,10280.77,0.0,0.0,0.0,0.0,,10280.77,,,,,,,10950.9,0.0,0.0,0.0,0.0,,10950.9,
2024-04-28,596.2,609.0,596.2,600.2,258059.43,0.67,591.19,584.96,580.16,True,15.3,21.71,19.52,,,,,,,,,,,,,,,10280.77,0.0,0.0,0.0,0.0,,10280.77,,,,,,,10950.9,0.0,0.0,0.0,0.0,,10950.9,
2024-04-29,600.2,602.8,581.3,592.8,330474.0,-1.23,591.44,585.7,581.09,True,14.5,20.5,22.3,,,,,,,,,SMALL LH confirmed @ 618.50,,,,,,10280.77,0.0,0.0,0.0,0.0,,10280.77,,,,,,,10950.9,0.0,0.0,0.0,0.0,,10950.9,
2024-04-30,592.8,604.3,555.7,578.4,766513.45,-2.43,589.43,585.01,580.89,True,14.75,18.05,25.93,,,,,,,,,,,,,,,10280.77,0.0,0.0,0.0,0.0,,10280.77,,,,,,,10950.9,0.0,0.0,0.0,0.0,,10950.9,
2024-05-01,578.4,580.4,536.7,561.8,669027.32,-2.87,585.18,582.8,579.48,True,15.58,16.18,27.75,,,,,,536.7,HL,,,,,,,,10280.77,0.0,0.0,0.0,0.0,,10280.77,,,,,,,10950.9,0.0,0.0,0.0,0.0,,10950.9,
2024-05-02,561.8,565.9,539.5,560.5,359794.32,-0.23,581.39,580.67,578.07,True,16.35,15.16,25.99,,,,,,,,,,,,,,,10280.77,0.0,0.0,0.0,0.0,,10280.77,,,,,,,10950.9,0.0,0.0,0.0,0.0,,10950.9,
2024-05-03,560.5,590.0,558.9,587.0,342906.43,4.73,582.25,581.28,578.73,True,15.87,19.78,24.06,,,,,,,,,,,,,,,10280.77,0.0,0.0,0.0,0.0,,10280.77,,,,,,,10950.9,0.0,0.0,0.0,0.0,,10950.9,
2024-05-04,587.0,593.6,582.5,585.7,197129.25,-0.22,582.78,581.7,579.25,True,15.28,20.13,23.4,,,,,,,,,,,,,,,10280.77,0.0,0.0,0.0,0.0,,10280.77,,,,,,,10950.9,0.0,0.0,0.0,0.0,,10950.9,
2024-05-05,585.7,595.0,579.3,592.0,180458.24,1.08,584.2,582.68,580.19,True,14.85,19.32,23.27,,,,,,,,,BIG HH confirmed @ 645.20,,,,,,10280.77,0.0,0.0,0.0,0.0,,10280.77,,,,,,,10950.9,0.0,0.0,0.0,0.0,,10950.9,
2024-05-06,592.0,602.3,583.1,588.2,278669.0,-0.64,584.81,583.2,580.79,True,14.1,20.27,22.09,,,,,,,,,SMALL HL confirmed @ 536.70,,,,,,10280.77,0.0,0.0,0.0,0.0,,10280.77,,,,,,,10950.9,0.0,0.0,0.0,0.0,,10950.9,
2024-05-07,588.2,600.4,576.0,576.5,289488.71,-1.99,583.54,582.57,580.47,True,13.71,18.95,22.55,,,,,,,,,,,,,,,10280.77,0.0,0.0,0.0,0.0,,10280.77,,,,,,,10950.9,0.0,0.0,0.0,0.0,,10950.9,
2024-05-08,576.5,590.0,574.4,588.6,297016.62,2.1,584.31,583.14,581.07,True,13.42,18.14,22.02,,,,,,,,,BIG HL confirmed @ 495.80,,,,,,10280.77,0.0,0.0,0.0,0.0,,10280.77,,,,,,,10950.9,0.0,0.0,0.0,0.0,,10950.9,
2024-05-09,588.6,605.8,586.3,596.8,464857.6,1.39,586.24,584.44,582.24,True,12.59,21.56,20.82,,,,,605.8,,LH,,,,,,,,10280.77,0.0,0.0,0.0,0.0,,10280.77,,,,,,,10950.9,0.0,0.0,0.0,0.0,,10950.9,
2024-05-10,596.8,597.0,581.5,585.6,296215.52,-1.88,586.14,584.55,582.49,True,11.8,20.6,21.28,,,,,,,,,,,,,,,10280.77,0.0,0.0,0.0,0.0,,10280.77,,,,,,,10950.9,0.0,0.0,0.0,0.0,,10950.9,
2024-05-11,585.7,594.5,580.8,592.2,210698.3,1.13,587.07,585.28,583.21,True,11.11,19.77,20.62,,,,,,,,,,,,,,,10280.77,0.0,0.0,0.0,0.0,,10280.77,,,,,,,10950.9,0.0,0.0,0.0,0.0,,10950.9,
2024-05-12,592.2,600.1,587.3,594.8,191190.56,0.44,588.26,586.19,584.06,True,10.47,20.71,19.81,,,,,,,,,,,,,,,10280.77,0.0,0.0,0.0,0.0,,10280.77,,,,,,,10950.9,0.0,0.0,0.0,0.0,,10950.9,
2024-05-13,594.8,598.4,585.2,591.7,389810.29,-0.52,588.79,586.71,584.63,True,9.76,19.84,19.65,,,,,,,,,,,,,,,10280.77,0.0,0.0,0.0,0.0,,10280.77,,,,,,,10950.9,0.0,0.0,0.0,0.0,,10950.9,
2024-05-14,591.7,593.1,562.0,567.1,453308.32,-4.16,585.45,584.84,583.33,True,10.23,17.94,24.92,,,,,,,,,SMALL LH confirmed @ 605.80,,,,,,10280.77,0.0,0.0,0.0,0.0,,10280.77,,,,,,,10950.9,0.0,0.0,0.0,0.0,,10950.9,
2024-05-15,567.1,587.3,560.0,581.0,402812.99,2.45,584.77,584.48,583.16,True,10.75,16.45,23.45,,,,,,560.0,HL,,,,,,,,10280.77,0.0,0.0,0.0,0.0,,10280.77,,,,,,,10950.9,0.0,0.0,0.0,0.0,,10950.9,
2024-05-16,581.0,586.6,565.1,569.2,411937.06,-2.03,582.37,583.02,582.13,True,11.24,15.36,21.91,,,,,,,,,,,,,,,10280.77,0.0,0.0,0.0,0.0,,10280.77,,,,,,,10950.9,0.0,0.0,0.0,0.0,,10950.9,
2024-05-17,569.2,584.5,568.6,580.9,236919.62,2.06,582.15,582.82,582.03,True,11.69,14.6,20.82,,,,,,,,,,,,,,,10280.77,0.0,0.0,0.0,0.0,,10280.77,,,,,,,10950.9,0.0,0.0,0.0,0.0,,10950.9,
2024-05-18,580.9,581.9,574.2,580.3,168074.71,-0.1,581.86,582.58,581.91,False,12.11,14.23,20.29,,,,,,,,,,,,,,,10280.77,0.0,0.0,0.0,0.0,,10280.77,,,,,,,10950.9,0.0,0.0,0.0,0.0,,10950.9,
2024-05-19,580.3,581.9,571.3,574.5,142157.48,-1.0,580.73,581.81,581.36,False,12.67,13.71,20.55,,,,,,,,,,,,,,,10280.77,0.0,0.0,0.0,0.0,,10280.77,,,,,,,10950.9,0.0,0.0,0.0,0.0,,10950.9,
2024-05-20,574.6,602.0,568.8,599.6,469252.81,4.37,583.63,583.51,582.71,True,11.86,18.81,18.31,,,,,,,,,SMALL HL confirmed @ 560.00,,,,,,10280.77,0.0,0.0,0.0,0.0,,10280.77,,,,,,,10950.9,0.0,0.0,0.0,0.0,,10950.9,
2024-05-21,599.6,631.4,593.3,618.5,1023559.61,3.15,589.0,586.84,585.36,True,12.65,25.73,16.14,,,,,631.4,,HH,BULL_CHOCH,SMALL BULL CHOCH @ 618.50 (level 605.80),556.65,-10.0,5.0,83.110476,51403.83,10280.77,0.0,0.0,5140.38,5140.38,-0.0,5140.38,"ENTRY @ 618.50 (small green CHoCH, margin $5140.38 [50% of bank] @ 10x [ADX 12.6, zone green], 83.110476 units)",556.65,-10.0,5.0,88.527922,54754.52,10950.9,0.0,0.0,5475.45,5475.45,-0.0,5475.45,"ENTRY @ 618.50 (small green CHoCH, margin $5475.45 [50% of bank] @ 10x [ADX 12.6, zone green], 88.527922 units)"
2024-05-22,618.5,626.3,610.1,614.8,404848.49,-0.6,592.97,589.5,587.54,True,13.38,24.4,15.31,,,,,,,,,,556.65,-9.46,5.12,83.110476,51096.32,9973.26,-307.51,-2.99,4832.87,5109.63,-276.76,5140.38,,556.65,-9.46,5.12,88.527922,54426.97,10623.35,-327.55,-2.99,5147.9,5442.7,-294.8,5475.45,
2024-05-23,614.8,617.5,580.0,599.3,607671.95,-2.52,593.94,590.43,588.41,True,12.6,21.63,22.7,,,,,,,,,,556.65,-7.12,5.73,83.110476,49808.11,8685.04,-1288.21,-12.92,3544.66,4980.81,-1436.15,5140.38,,556.65,-7.12,5.73,88.527922,53054.78,9251.17,-1372.18,-12.92,3775.72,5305.48,-1529.76,5475.45,
2024-05-24,599.4,605.5,588.3,600.3,251965.18,0.17,594.92,591.37,589.29,True,11.87,20.48,21.49,,,,,,588.3,HL,,,556.65,-7.27,5.69,83.110476,49891.22,8768.16,83.11,0.96,3627.77,4989.12,-1361.35,5140.38,,556.65,-7.27,5.69,88.527922,53143.31,9339.7,88.53,0.96,3864.24,5314.33,-1450.09,5475.45,
2024-05-25,600.3,606.7,599.5,602.4,121538.96,0.35,596.07,592.42,590.26,True,11.13,20.39,20.99,,,,,,,,,,556.65,-7.59,5.6,83.110476,50065.75,8942.69,174.53,1.99,3802.3,5006.58,-1204.27,5140.38,,556.65,-7.59,5.6,88.527922,53329.22,9525.6,185.91,1.99,4050.15,5332.92,-1282.77,5475.45,
2024-05-26,602.3,605.4,598.0,600.2,122983.66,-0.37,596.71,593.16,591.0,True,10.52,19.87,20.97,,,,,,,,,SMALL HH confirmed @ 631.40,556.65,-7.26,5.69,83.110476,49882.91,8759.84,-182.84,-2.04,3619.46,4988.29,-1368.83,5140.38,,556.65,-7.26,5.69,88.527922,53134.46,9330.84,-194.76,-2.04,3855.39,5313.45,-1458.05,5475.45,
2024-05-27,600.3,614.4,599.6,603.9,229302.38,0.62,597.81,594.19,591.95,True,10.13,21.98,19.89,,,,,614.4,,LH,,,556.65,-7.82,5.54,83.110476,50190.42,9067.35,307.51,3.51,3926.97,5019.04,-1092.07,5140.38,,556.65,-7.82,5.54,88.527922,53462.01,9658.4,327.55,3.51,4182.94,5346.2,-1163.26,5475.45,
2024-05-28,603.9,606.0,593.8,601.7,284862.98,-0.36,598.41,594.9,592.68,True,9.42,21.02,21.1,,,,,,,,,,556.65,-7.49,5.63,83.110476,50007.57,8884.51,-182.84,-2.02,3744.13,5000.76,-1256.63,5140.38,,556.65,-7.49,5.63,88.527922,53267.25,9463.63,-194.76,-2.02,3988.18,5326.73,-1338.54,5475.45,
2024-05-29,601.7,603.6,593.1,595.7,212706.25,-1.0,597.99,594.98,592.9,True,8.8,20.2,20.53,,,,,,,,,SMALL HL confirmed @ 588.30,556.65,-6.56,5.9,83.110476,49508.91,8385.85,-498.66,-5.61,3245.46,4950.89,-1705.43,5140.38,,556.65,-6.56,5.9,88.527922,52736.08,8932.47,-531.17,-5.61,3457.02,5273.61,-1816.59,5475.45,
2024-05-30,595.7,602.2,586.5,595.1,225452.34,-0.1,597.55,594.99,593.06,True,8.67,19.01,21.81,,,,,,586.5,LL,,,556.65,-6.46,5.93,83.110476,49459.04,8335.98,-49.87,-0.59,3195.6,4945.9,-1750.31,5140.38,,556.65,-6.46,5.93,88.527922,52682.97,8879.35,-53.12,-0.59,3403.9,5268.3,-1864.4,5475.45,
2024-05-31,595.1,599.0,590.0,593.7,168608.05,-0.24,596.96,594.87,593.11,True,8.54,18.34,21.04,,,,,,,,,,556.65,-6.24,6.0,83.110476,49342.69,8219.63,-116.35,-1.4,3079.24,4934.27,-1855.03,5140.38,,556.65,-6.24,6.0,88.527922,52559.03,8755.41,-123.94,-1.4,3279.96,5255.9,-1975.94,5475.45,
2024-06-01,593.8,608.4,593.1,601.9,156464.89,1.38,597.72,595.54,593.76,True,8.13,20.95,19.76,,,,,,,,,BIG LH confirmed @ 634.50 | SMALL LH confirmed @ 614.40,556.65,-7.52,5.62,83.110476,50024.2,8901.13,681.51,8.29,3760.75,5002.42,-1241.67,5140.38,,556.65,-7.52,5.62,88.527922,53284.96,9481.34,725.93,8.29,4005.89,5328.5,-1322.61,5475.45,
2024-06-02,601.9,606.0,596.0,602.9,198300.0,0.17,598.51,596.24,594.44,True,7.76,20.09,18.96,,,,,,,,,BIG HL confirmed @ 508.00,556.65,-7.67,5.58,83.110476,50107.31,8984.24,83.11,0.93,3843.86,5010.73,-1166.87,5140.38,,556.65,-7.67,5.58,88.527922,53373.48,9569.87,88.53,0.93,4094.42,5337.35,-1242.93,5475.45,
2024-06-03,602.8,638.8,601.2,626.4,654161.47,3.9,602.8,599.11,596.81,True,9.29,29.63,16.26,,,,,,,,BULL_BOS,SMALL BULL BOS @ 626.40 (level 614.40),556.65,-11.14,4.76,83.110476,52060.4,10937.34,1953.1,21.74,5796.96,5206.04,590.92,5140.38,,556.65,-11.14,4.76,88.527922,55453.89,11650.27,2080.41,21.74,6174.82,5545.39,629.43,5475.45,
2024-06-04,626.4,688.2,624.8,685.7,736322.68,9.47,615.56,607.36,603.39,True,12.25,39.53,12.93,,,,BULL_BOS,,,,,SMALL LL confirmed @ 586.50 | BIG BULL BOS @ 685.70 (level 634.50),556.65,-18.82,3.59,83.110476,56988.85,15865.79,4928.45,45.06,10725.41,5698.89,5026.52,5140.38,,556.65,-18.82,3.59,88.527922,60703.6,16899.98,5249.71,45.06,11424.53,6070.36,5354.17,5475.45,
2024-06-05,685.7,716.0,684.7,698.8,673820.57,1.91,628.36,616.07,610.46,True,15.54,44.37,11.66,,,,,,,,,,556.65,-20.34,3.43,83.110476,58077.6,16954.54,1088.75,6.86,11814.15,5807.76,6006.39,5140.38,,556.65,-20.34,3.43,88.527922,61863.31,18059.7,1159.72,6.86,12584.24,6186.33,6397.91,5475.45,
2024-06-06,698.8,721.8,692.0,711.2,544042.96,1.77,641.11,625.13,617.92,True,18.7,42.09,10.59,721.8,,HH,,721.8,,HH,,,556.65,-21.73,3.29,83.110476,59108.17,17985.11,1030.57,6.08,12844.72,5910.82,6933.91,5140.38,,556.65,-21.73,3.29,88.527922,62961.06,19157.44,1097.75,6.08,13681.99,6296.11,7385.88,5475.45,
2024-06-07,711.1,712.0,658.9,684.0,594753.99,-3.82,647.71,630.73,622.82,True,19.67,35.8,18.32,,,,,,,,,,556.65,-18.62,3.62,83.110476,56847.57,15724.5,-2260.6,-12.57,10584.12,5684.76,4899.36,5140.38,,556.65,-18.62,3.62,88.527922,60553.1,16749.48,-2407.96,-12.57,11274.03,6055.31,5218.72,5475.45,
2024-06-08,684.0,694.9,677.9,682.7,216849.47,-0.19,653.09,635.68,627.25,True,20.57,34.05,17.43,,,,,,,,,,556.65,-18.46,3.63,83.110476,56739.52,15616.46,-108.04,-0.69,10476.08,5673.95,4802.12,5140.38,,556.65,-18.46,3.63,88.527922,60438.01,16634.4,-115.09,-0.69,11158.94,6043.8,5115.14,5475.45,
2024-06-09,682.7,684.8,670.3,673.0,173565.78,-1.42,656.15,639.24,630.64,True,21.0,32.58,18.93,,,,,,,,,,556.65,-17.29,3.78,83.110476,55933.35,14810.29,-806.17,-5.16,9669.9,5593.34,4076.57,5140.38,,556.65,-17.29,3.78,88.527922,59579.29,15775.68,-858.72,-5.16,10300.22,5957.93,4342.29,5475.45,
2024-06-10,673.1,674.8,613.3,625.1,692122.62,-7.12,651.38,637.89,630.23,True,19.97,27.23,31.06,,,,,,,,,,556.65,-10.95,4.8,83.110476,51952.36,10829.3,-3980.99,-26.88,5688.91,5195.24,493.68,5140.38,,556.65,-10.95,4.8,88.527922,55338.8,11535.19,-4240.49,-26.88,6059.74,5533.88,525.86,5475.45,
2024-06-11,625.1,629.0,595.8,602.5,640655.92,-3.62,643.86,634.52,628.18,True,19.54,24.85,32.95,,,,,,,,,SMALL HH confirmed @ 721.80,556.65,-7.61,5.59,83.110476,50074.06,8951.0,-1878.3,-17.34,3810.62,5007.41,-1196.79,5140.38,,556.65,-7.61,5.59,88.527922,53338.07,9534.46,-2000.73,-17.34,4059.01,5333.81,-1274.8,5475.45,
2024-06-12,602.5,635.4,591.3,619.4,454148.66,2.8,640.09,633.08,627.53,True,18.9,23.7,29.29,,,,,,,,,,556.65,-10.13,4.97,83.110476,51478.63,10355.57,1404.57,15.69,5215.18,5147.86,67.32,5140.38,,556.65,-10.13,4.97,88.527922,54834.19,11030.58,1496.12,15.69,5555.13,5483.42,71.71,5475.45,
2024-06-13,619.4,619.9,595.6,599.8,313465.47,-3.16,633.89,629.91,625.47,True,18.3,22.24,27.48,,,,,,,,,,556.65,-7.19,5.71,83.110476,49849.66,8726.6,-1628.97,-15.73,3586.22,4984.97,-1398.75,5140.38,,556.65,-7.19,5.71,88.527922,53099.05,9295.43,-1735.15,-15.73,3819.98,5309.9,-1489.92,5475.45,
2024-06-14,599.8,612.5,590.0,603.3,279802.09,0.58,629.19,627.38,623.83,True,17.94,20.95,27.33,,,,,,,,,,556.65,-7.73,5.56,83.110476,50140.55,9017.49,290.89,3.33,3877.1,5014.06,-1136.95,5140.38,,556.65,-7.73,5.56,88.527922,53408.9,9605.28,309.85,3.33,4129.83,5340.89,-1211.06,5475.45,
2024-06-15,603.3,609.7,601.3,608.2,122650.2,0.81,625.96,625.55,622.67,True,17.6,20.47,26.71,,,,,,,,,,556.65,-8.48,5.36,83.110476,50547.79,9424.73,407.24,4.52,4284.35,5054.78,-770.43,5140.38,,556.65,-8.48,5.36,88.527922,53842.68,10039.07,433.79,4.52,4563.61,5384.27,-820.65,5475.45,
2024-06-16,608.2,611.8,601.1,610.8,104827.15,0.43,623.63,624.15,621.79,True,17.18,20.45,25.9,,,,,,,,,,556.65,-8.87,5.27,83.110476,50763.88,9640.82,216.09,2.29,4500.43,5076.39,-575.96,5140.38,,556.65,-8.87,5.27,88.527922,54072.85,10269.24,230.17,2.29,4793.79,5407.29,-613.5,5475.45,
2024-06-17,610.9,612.6,591.4,604.3,235509.03,-1.06,620.65,622.26,620.5,True,17.17,19.2,27.1,,,,,,,,,,556.65,-7.89,5.52,83.110476,50223.66,9100.6,-540.22,-5.6,3960.21,5022.37,-1062.15,5140.38,,556.65,-7.89,5.52,88.527922,53497.42,9693.81,-575.43,-5.6,4218.36,5349.74,-1131.39,5475.45,
2024-06-18,604.3,605.2,575.0,588.6,459142.57,-2.6,615.72,619.05,618.13,False,17.75,17.57,29.42,,,,,,575.0,LL,,,556.65,-5.43,6.28,83.110476,48918.83,7795.76,-1304.83,-14.34,2655.38,4891.88,-2236.5,5140.38,,556.65,-5.43,6.28,88.527922,52107.53,8303.92,-1389.89,-14.34,2828.47,5210.75,-2382.29,5475.45,
2024-06-19,588.6,605.9,586.6,599.3,260529.06,1.82,613.2,617.17,616.74,False,18.24,16.79,27.79,,,,,,,,,,556.65,-7.12,5.73,83.110476,49808.11,8685.04,889.28,11.41,3544.66,4980.81,-1436.15,5140.38,,556.65,-7.12,5.73,88.527922,53054.78,9251.17,947.25,11.41,3775.72,5305.48,-1529.76,5475.45,
2024-06-20,599.3,608.0,584.6,587.7,289498.77,-1.94,609.27,614.36,614.59,False,18.58,16.27,25.92,,,,,608.0,,LH,,,556.65,-5.28,6.33,83.110476,48844.03,7720.96,-964.08,-11.1,2580.58,4884.4,-2303.82,5140.38,,556.65,-5.28,6.33,88.527922,52027.86,8224.24,-1026.92,-11.1,2748.79,5202.79,-2453.99,5475.45,
2024-06-21,587.7,589.3,577.8,586.1,191182.61,-0.27,605.71,611.67,612.48,False,19.15,15.71,27.06,,,,,,,,BEAR_CHOCH,SMALL BEAR CHOCH @ 586.10 (level 586.50),,,,,,7587.99,-132.98,-1.72,0.0,0.0,,7587.99,"EXIT @ 586.10 (small red CHoCH, realized -2692.78)",,,,,,8082.6,-141.64,-1.72,0.0,0.0,,8082.6,"EXIT @ 586.10 (small red CHoCH, realized -2868.30)"
2024-06-22,586.2,591.4,581.0,591.1,100439.58,0.85,603.46,609.71,610.89,False,19.53,15.85,26.18,,,,,,,,,,,,,,,7587.99,0.0,0.0,0.0,0.0,,7587.99,,,,,,,8082.6,0.0,0.0,0.0,0.0,,8082.6,
2024-06-23,591.1,593.2,576.0,577.5,141025.83,-2.3,599.47,606.64,608.42,False,20.1,14.98,26.34,,,,,,,,,SMALL LL confirmed @ 575.00,,,,,,7587.99,0.0,0.0,0.0,0.0,,7587.99,,,,,,,8082.6,0.0,0.0,0.0,0.0,,8082.6,
2024-06-24,577.5,582.0,551.2,568.1,356915.25,-1.63,594.64,602.97,605.43,False,21.51,13.55,31.51,,,,,,551.2,LL,BEAR_BOS,SMALL BEAR BOS @ 568.10 (level 575.00),,,,,,7587.99,0.0,0.0,0.0,0.0,,7587.99,,,,,,,8082.6,0.0,0.0,0.0,0.0,,8082.6,
2024-06-25,568.1,580.0,566.4,578.2,177300.7,1.78,592.11,600.61,603.42,False,22.82,12.97,30.14,,,,,,,,,SMALL LH confirmed @ 608.00,,,,,,7587.99,0.0,0.0,0.0,0.0,,7587.99,,,,,,,8082.6,0.0,0.0,0.0,0.0,,8082.6,
2024-06-26,578.3,584.7,567.4,573.0,154770.34,-0.9,589.17,597.98,601.16,False,23.68,13.76,28.45,,,,,,,,,,,,,,,7587.99,0.0,0.0,0.0,0.0,,7587.99,,,,,,,8082.6,0.0,0.0,0.0,0.0,,8082.6,
2024-06-27,573.1,584.7,566.4,581.7,199582.23,1.52,588.02,596.43,599.72,False,24.51,12.94,27.07,,,,,,,,,,,,,,,7587.99,0.0,0.0,0.0,0.0,,7587.99,,,,,,,8082.6,0.0,0.0,0.0,0.0,,8082.6,
2024-06-28,581.8,585.3,565.6,567.4,210308.56,-2.46,584.85,593.67,597.33,False,25.32,12.09,25.57,,,,,,,,,,,,,,,7587.99,0.0,0.0,0.0,0.0,,7587.99,,,,,,,8082.6,0.0,0.0,0.0,0.0,,8082.6,
2024-06-29,567.4,573.9,566.9,570.0,99951.17,0.46,582.56,591.41,595.3,False,26.06,11.8,24.95,,,,,,,,,SMALL LL confirmed @ 551.20,,,,,,7587.99,0.0,0.0,0.0,0.0,,7587.99,,,,,,,8082.6,0.0,0.0,0.0,0.0,,8082.6,
2024-06-30,570.0,585.3,568.3,582.2,169894.15,2.14,582.51,590.54,594.33,False,25.75,15.1,23.46,,,,,,,,,,,,,,,7587.99,0.0,0.0,0.0,0.0,,7587.99,,,,,,,8082.6,0.0,0.0,0.0,0.0,,8082.6,
2024-07-01,582.3,588.3,576.2,576.9,188481.95,-0.91,581.65,589.24,593.04,False,25.21,15.53,22.43,,,,,588.3,,LH,,,,,,,,7587.99,0.0,0.0,0.0,0.0,,7587.99,,,,,,,8082.6,0.0,0.0,0.0,0.0,,8082.6,
2024-07-02,576.9,582.0,573.9,580.1,144561.93,0.55,581.41,588.37,592.08,False,24.84,15.05,22.61,,,,,,,,,,,,,,,7587.99,0.0,0.0,0.0,0.0,,7587.99,,,,,,,8082.6,0.0,0.0,0.0,0.0,,8082.6,
2024-07-03,580.1,581.0,550.5,556.7,288318.81,-4.03,577.61,585.35,589.46,False,25.65,13.39,28.59,,,,,,,,,,,,,,,7587.99,0.0,0.0,0.0,0.0,,7587.99,,,,,,,8082.6,0.0,0.0,0.0,0.0,,8082.6,
2024-07-04,556.7,558.1,511.6,513.6,511359.49,-7.74,567.76,578.52,583.84,False,27.62,11.33,37.05,,,,,,,,BEAR_BOS,SMALL BEAR BOS @ 513.60 (level 551.20),,,,,,7587.99,0.0,0.0,0.0,0.0,,7587.99,,,,,,,8082.6,0.0,0.0,0.0,0.0,,8082.6,
2024-07-05,513.5,516.1,454.8,497.7,992708.16,-3.1,556.98,570.82,577.46,False,30.43,9.3,47.0,,,,BEAR_CHOCH,,454.8,LL,,BIG BEAR CHOCH @ 497.70 (level 508.00),,,,,,7587.99,0.0,0.0,0.0,0.0,,7587.99,,,,,,,8082.6,0.0,0.0,0.0,0.0,,8082.6,
2024-07-06,497.8,530.7,496.0,526.0,226597.14,5.69,552.21,566.55,573.65,False,32.14,12.53,42.38,,,,,,,,,SMALL LH confirmed @ 588.30,,,,,,7587.99,0.0,0.0,0.0,0.0,,7587.99,,,,,,,8082.6,0.0,0.0,0.0,0.0,,8082.6,
2024-07-07,526.0,526.6,488.4,490.7,279027.46,-6.71,542.75,559.33,567.51,False,33.86,11.22,40.03,,,,,,,,,,,,,,,7587.99,0.0,0.0,0.0,0.0,,7587.99,,,,,,,8082.6,0.0,0.0,0.0,0.0,,8082.6,
2024-07-08,490.7,524.2,471.0,510.6,580970.1,4.06,537.8,554.69,563.29,False,35.74,9.7,39.04,,,,,,,,,,,,,,,7587.99,0.0,0.0,0.0,0.0,,7587.99,,,,,,,8082.6,0.0,0.0,0.0,0.0,,8082.6,
2024-07-09,510.5,520.8,506.5,516.9,203358.6,1.23,534.59,551.09,559.85,False,37.48,9.33,37.56,,,,,,,,,,,,,,,7587.99,0.0,0.0,0.0,0.0,,7587.99,,,,,,,8082.6,0.0,0.0,0.0,0.0,,8082.6,
2024-07-10,516.9,529.4,511.3,524.7,205460.21,1.51,533.07,548.58,557.25,False,38.54,11.2,35.73,,,,,,,,,SMALL LL confirmed @ 454.80,,,,,,7587.99,0.0,0.0,0.0,0.0,,7587.99,,,,,,,8082.6,0.0,0.0,0.0,0.0,,8082.6,
2024-07-11,524.7,545.1,520.1,524.8,262788.58,0.02,531.8,546.31,554.85,False,38.55,14.7,33.3,,,,,,,,,,,,,,,7587.99,0.0,0.0,0.0,0.0,,7587.99,,,,,,,8082.6,0.0,0.0,0.0,0.0,,8082.6,
2024-07-12,524.9,537.5,517.0,533.8,207870.78,1.71,532.1,545.12,553.29,False,38.65,13.87,32.28,,,,,,,,,,,,,,,7587.99,0.0,0.0,0.0,0.0,,7587.99,,,,,,,8082.6,0.0,0.0,0.0,0.0,,8082.6,
2024-07-13,533.9,539.4,527.3,532.4,161128.43,-0.26,532.15,543.91,551.74,False,38.62,13.93,31.16,,,,,,,,,,,,,,,7587.99,0.0,0.0,0.0,0.0,,7587.99,,,,,,,8082.6,0.0,0.0,0.0,0.0,,8082.6,
2024-07-14,532.5,547.7,531.2,544.8,148566.27,2.33,534.1,543.99,551.23,False,38.06,15.7,29.65,,,,,,,,,,,,,,,7587.99,0.0,0.0,0.0,0.0,,7587.99,,,,,,,8082.6,0.0,0.0,0.0,0.0,,8082.6,
2024-07-15,544.9,586.8,543.8,585.3,335372.77,7.43,541.97,547.93,553.75,False,35.53,24.7,26.1,,,,,,,,,,,,,,,7587.99,0.0,0.0,0.0,0.0,,7587.99,,,,,,,8082.6,0.0,0.0,0.0,0.0,,8082.6,
2024-07-16,585.3,587.5,554.4,576.2,347825.03,-1.55,547.24,550.62,555.41,False,33.16,22.66,23.74,,,,,,,,,,,,,,,7587.99,0.0,0.0,0.0,0.0,,7587.99,,,,,,,8082.6,0.0,0.0,0.0,0.0,,8082.6,
2024-07-17,576.3,584.0,564.3,568.9,198271.2,-1.27,550.57,552.36,556.41,False,30.96,21.42,22.44,,,,,,,,,,,,,,,7587.99,0.0,0.0,0.0,0.0,,7587.99,,,,,,,8082.6,0.0,0.0,0.0,0.0,,8082.6,
2024-07-18,568.9,579.6,561.6,571.9,153121.78,0.53,553.85,554.22,557.56,False,29.04,20.33,22.06,,,,,,,,,,,,,,,7587.99,0.0,0.0,0.0,0.0,,7587.99,,,,,,,8082.6,0.0,0.0,0.0,0.0,,8082.6,
2024-07-19,572.0,598.7,565.0,593.4,331877.53,3.76,559.94,557.95,560.21,False,27.57,23.72,20.0,,,,,,,,BULL_CHOCH,SMALL BULL CHOCH @ 593.40 (level 588.30),296.7,-50.0,1.0,12.787304,7587.99,7587.99,0.0,0.0,3793.99,3793.99,0.0,3793.99,"ENTRY @ 593.40 (small green CHoCH, margin $3793.99 [50% of bank] @ 2x [ADX 27.6, zone red], 12.787304 units)",296.7,-50.0,1.0,13.620828,8082.6,8082.6,0.0,0.0,4041.3,4041.3,0.0,4041.3,"ENTRY @ 593.40 (small green CHoCH, margin $4041.30 [50% of bank] @ 2x [ADX 27.6, zone red], 13.620828 units)"
2024-07-20,593.4,597.9,586.7,593.1,144679.4,-0.05,565.04,561.3,562.65,True,26.21,22.96,19.36,,,,,,,,,,296.7,-49.97,1.0,12.787304,7584.15,7584.15,-3.84,-0.05,3790.16,3792.08,-1.92,3793.99,,296.7,-49.97,1.0,13.620828,8078.51,8078.51,-4.09,-0.05,4037.21,4039.26,-2.04,4041.3,
2024-07-21,593.2,603.4,581.5,602.5,243931.76,1.58,570.8,565.22,565.6,True,25.2,23.09,18.12,,,,,,,,,,296.7,-50.76,1.0,12.787304,7704.35,7704.35,120.2,1.58,3910.36,3852.18,58.18,3793.99,,296.7,-50.76,1.0,13.620828,8206.55,8206.55,128.04,1.58,4165.25,4103.27,61.97,4041.3,
2024-07-22,602.5,605.6,580.3,587.2,212452.69,-2.54,573.32,567.32,567.2,True,24.37,22.03,16.79,,,,,605.6,,HH,,,296.7,-49.47,1.0,12.787304,7508.71,7508.71,-195.65,-2.54,3714.71,3754.35,-39.64,3793.99,,296.7,-49.47,1.0,13.620828,7998.15,7998.15,-208.4,-2.54,3956.85,3999.08,-42.22,4041.3,
2024-07-23,587.3,593.5,577.2,581.9,214355.31,-0.9,574.64,568.71,568.29,True,23.39,20.97,16.9,,,,,,,,,,296.7,-49.01,1.0,12.787304,7440.93,7440.93,-67.77,-0.9,3646.94,3720.47,-73.53,3793.99,,296.7,-49.01,1.0,13.620828,7925.96,7925.96,-72.19,-0.9,3884.66,3962.98,-78.32,4041.3,
2024-07-24,582.0,589.1,570.4,574.9,160535.21,-1.2,574.68,569.3,568.78,True,22.06,19.78,18.0,,,,,,,,,,296.7,-48.39,1.0,12.787304,7351.42,7351.42,-89.51,-1.2,3557.43,3675.71,-118.28,3793.99,,296.7,-48.39,1.0,13.620828,7830.61,7830.61,-95.35,-1.2,3789.31,3915.31,-125.99,4041.3,
2024-07-25,574.9,576.6,553.1,570.6,286997.52,-0.75,574.06,569.42,568.91,True,21.12,18.37,21.95,,,,,,553.1,HL,,,296.7,-48.0,1.0,12.787304,7296.44,7296.44,-54.99,-0.75,3502.44,3648.22,-145.78,3793.99,,296.7,-48.0,1.0,13.620828,7772.04,7772.04,-58.57,-0.75,3730.74,3886.02,-155.28,4041.3,
2024-07-26,570.7,582.8,570.2,580.9,155492.92,1.81,575.11,570.51,569.8,True,19.87,19.59,21.09,,,,,,,,,BIG HH confirmed @ 721.80,296.7,-48.92,1.0,12.787304,7428.15,7428.15,131.71,1.81,3634.15,3714.07,-79.92,3793.99,,296.7,-48.92,1.0,13.620828,7912.34,7912.34,140.29,1.81,3871.04,3956.17,-85.13,4041.3,
2024-07-27,580.9,592.8,572.6,581.6,184468.86,0.12,576.11,571.57,570.68,True,18.75,21.5,19.74,,,,,,,,,SMALL HH confirmed @ 605.60,296.7,-48.99,1.0,12.787304,7437.1,7437.1,8.95,0.12,3643.1,3718.55,-75.45,3793.99,,296.7,-48.99,1.0,13.620828,7921.87,7921.87,9.53,0.12,3880.57,3960.94,-80.36,4041.3,
2024-07-28,581.6,584.9,574.5,583.9,92606.64,0.4,577.31,572.74,571.66,True,17.72,20.76,19.07,,,,,,,,,,296.7,-49.19,1.0,12.787304,7466.51,7466.51,29.41,0.4,3672.51,3733.25,-60.74,3793.99,,296.7,-49.19,1.0,13.620828,7953.2,7953.2,31.33,0.4,3911.9,3976.6,-64.7,4041.3,
2024-07-29,583.9,598.0,572.2,574.3,213824.09,-1.64,576.84,572.89,571.85,True,17.47,23.27,17.48,,,,,598.0,,LH,,,296.7,-48.34,1.0,12.787304,7343.75,7343.75,-122.76,-1.64,3549.76,3671.87,-122.12,3793.99,,296.7,-48.34,1.0,13.620828,7822.44,7822.44,-130.76,-1.64,3781.14,3911.22,-130.08,4041.3,
2024-07-30,574.3,588.3,566.6,588.2,165024.41,2.42,578.59,574.35,573.06,True,16.86,21.63,18.06,,,,,,,,,SMALL HL confirmed @ 553.10,296.7,-49.56,1.0,12.787304,7521.49,7521.49,177.74,2.42,3727.5,3760.75,-33.25,3793.99,,296.7,-49.56,1.0,13.620828,8011.77,8011.77,189.33,2.42,3970.47,4005.89,-35.41,4041.3,
2024-07-31,588.1,592.9,574.7,576.5,194701.72,-1.99,578.27,574.55,573.32,True,16.55,21.85,16.98,,,,,,,,,,296.7,-48.53,1.0,12.787304,7371.88,7371.88,-149.61,-1.99,3577.89,3685.94,-108.05,3793.99,,296.7,-48.53,1.0,13.620828,7852.41,7852.41,-159.36,-1.99,3811.11,3926.2,-115.1,4041.3,
2024-08-01,576.5,578.0,553.7,575.1,280418.86,-0.24,577.78,574.61,573.45,True,15.77,20.12,22.48,,,,,,,,,,296.7,-48.41,1.0,12.787304,7353.98,7353.98,-17.9,-0.24,3559.99,3676.99,-117.0,3793.99,,296.7,-48.41,1.0,13.620828,7833.34,7833.34,-19.07,-0.24,3792.04,3916.67,-124.63,4041.3,
2024-08-02,575.2,577.6,540.2,542.9,283605.0,-5.6,572.42,571.59,571.19,True,15.71,17.79,24.06,,,,,,,,BEAR_CHOCH,SMALL BEAR CHOCH @ 542.90 (level 553.10),,,,,,6942.23,-411.75,-5.6,0.0,0.0,,6942.23,"EXIT @ 542.90 (small red CHoCH, realized -645.76)",,,,,,7394.75,-438.59,-5.6,0.0,0.0,,7394.75,"EXIT @ 542.90 (small red CHoCH, realized -687.85)"
2024-08-03,542.9,545.3,521.3,529.6,245777.52,-2.45,565.83,567.59,568.11,False,16.45,16.47,28.11,,,,,,,,,SMALL LH confirmed @ 598.00,,,,,,6942.23,0.0,0.0,0.0,0.0,,6942.23,,,,,,,7394.75,0.0,0.0,0.0,0.0,,7394.75,
2024-08-04,529.7,532.2,486.5,496.9,390238.28,-6.17,555.22,560.86,562.83,False,18.23,14.29,34.46,,,,,,,,,,,,,,,6942.23,0.0,0.0,0.0,0.0,,6942.23,,,,,,,7394.75,0.0,0.0,0.0,0.0,,7394.75,
2024-08-05,496.9,499.9,400.0,464.2,2114679.75,-6.58,541.22,551.65,555.53,False,21.37,10.91,46.82,,400.0,LL,,,400.0,LL,,,,,,,,6942.23,0.0,0.0,0.0,0.0,,6942.23,,,,,,,7394.75,0.0,0.0,0.0,0.0,,7394.75,
2024-08-06,464.3,494.4,463.5,484.8,458815.01,4.44,532.54,545.28,550.29,False,24.29,10.11,43.39,,,,,,,,,,,,,,,6942.23,0.0,0.0,0.0,0.0,,6942.23,,,,,,,7394.75,0.0,0.0,0.0,0.0,,7394.75,
2024-08-07,484.9,497.7,468.1,475.0,322182.49,-2.02,523.69,538.59,544.71,False,26.82,10.18,40.34,,,,,,,,,,,,,,,6942.23,0.0,0.0,0.0,0.0,,6942.23,,,,,,,7394.75,0.0,0.0,0.0,0.0,,7394.75,
2024-08-08,475.0,521.7,467.5,517.1,286744.61,8.86,522.67,536.54,542.66,False,27.93,14.33,35.44,,,,,,,,,,,,,,,6942.23,0.0,0.0,0.0,0.0,,6942.23,,,,,,,7394.75,0.0,0.0,0.0,0.0,,7394.75,
2024-08-09,517.2,518.4,498.7,508.7,195125.11,-1.62,520.52,533.89,540.15,False,28.97,13.68,33.83,,,,,,,,,,,,,,,6942.23,0.0,0.0,0.0,0.0,,6942.23,,,,,,,7394.75,0.0,0.0,0.0,0.0,,7394.75,
2024-08-10,508.7,525.4,507.2,523.1,126212.24,2.83,520.92,532.86,538.89,False,29.57,14.75,32.36,,,,,,,,,SMALL LL confirmed @ 400.00,,,,,,6942.23,0.0,0.0,0.0,0.0,,6942.23,,,,,,,7394.75,0.0,0.0,0.0,0.0,,7394.75,
2024-08-11,523.2,535.8,502.3,503.4,206038.71,-3.77,518.23,530.06,536.26,False,29.6,16.04,29.81,,,,,535.8,,LH,,,,,,,,6942.23,0.0,0.0,0.0,0.0,,6942.23,,,,,,,7394.75,0.0,0.0,0.0,0.0,,7394.75,
2024-08-12,503.5,524.0,499.2,518.2,285951.35,2.94,518.22,528.93,534.92,False,29.72,15.09,28.78,,,,,,499.2,HL,,,,,,,,6942.23,0.0,0.0,0.0,0.0,,6942.23,,,,,,,7394.75,0.0,0.0,0.0,0.0,,7394.75,
2024-08-13,518.3,527.0,513.1,524.2,255029.5,1.16,519.14,528.48,534.13,False,29.67,15.31,27.79,,,,,,,,,,,,,,,6942.23,0.0,0.0,0.0,0.0,,6942.23,,,,,,,7394.75,0.0,0.0,0.0,0.0,,7394.75,
2024-08-14,524.2,531.9,515.4,523.4,220850.01,-0.15,519.8,527.99,533.33,False,29.34,15.92,26.61,,,,,,,,,,,,,,,6942.23,0.0,0.0,0.0,0.0,,6942.23,,,,,,,7394.75,0.0,0.0,0.0,0.0,,7394.75,
2024-08-15,523.4,533.9,510.0,519.2,229628.31,-0.8,519.7,527.16,532.28,False,29.22,14.93,26.37,,,,,,,,,,,,,,,6942.23,0.0,0.0,0.0,0.0,,6942.23,,,,,,,7394.75,0.0,0.0,0.0,0.0,,7394.75,
2024-08-16,519.2,524.5,509.9,519.7,174036.14,0.1,519.7,526.45,531.35,False,29.12,14.35,25.36,,,,,,,,,SMALL LH confirmed @ 535.80,,,,,,6942.23,0.0,0.0,0.0,0.0,,6942.23,,,,,,,7394.75,0.0,0.0,0.0,0.0,,7394.75,
2024-08-17,519.7,547.7,518.3,541.6,196365.59,4.21,523.07,527.89,532.11,False,27.7,19.4,23.38,,,,,,,,BULL_CHOCH,SMALL HL confirmed @ 499.20 | SMALL BULL CHOCH @ 541.60 (level 535.80),270.8,-50.0,1.0,12.817998,6942.23,6942.23,0.0,0.0,3471.11,3471.11,0.0,3471.11,"ENTRY @ 541.60 (small green CHoCH, margin $3471.11 [50% of bank] @ 2x [ADX 27.7, zone red], 12.817998 units)",270.8,-50.0,1.0,13.653522,7394.75,7394.75,0.0,0.0,3697.37,3697.37,0.0,3697.37,"ENTRY @ 541.60 (small green CHoCH, margin $3697.37 [50% of bank] @ 2x [ADX 27.7, zone red], 13.653522 units)"
2024-08-18,541.7,542.6,530.8,531.2,148890.02,-1.92,524.32,528.21,532.04,False,26.39,18.76,22.62,,,,,,,,,,270.8,-49.02,1.0,12.817998,6808.92,6808.92,-133.31,-1.92,3337.81,3404.46,-66.65,3471.11,,270.8,-49.02,1.0,13.653522,7252.75,7252.75,-142.0,-1.92,3555.38,3626.38,-71.0,3697.37,
2024-08-19,531.3,560.7,529.1,558.4,233275.35,5.12,529.57,531.08,534.0,False,24.74,22.08,20.67,,,,,,,,,,270.8,-51.5,1.0,12.817998,7157.57,7157.57,348.65,5.12,3686.46,3578.78,107.67,3471.11,,270.8,-51.5,1.0,13.653522,7624.13,7624.13,371.38,5.12,3926.75,3812.06,114.69,3697.37,
2024-08-20,558.5,574.9,558.2,569.4,422053.69,1.97,535.69,534.73,536.62,False,23.82,25.02,19.7,,,,,,,,,,270.8,-52.44,1.0,12.817998,7298.57,7298.57,141.0,1.97,3827.45,3649.28,178.17,3471.11,,270.8,-52.44,1.0,13.653522,7774.32,7774.32,150.19,1.97,4076.94,3887.16,189.78,3697.37,
2024-08-21,569.4,575.1,546.1,570.1,345601.77,0.12,540.99,538.1,539.1,True,22.37,23.01,21.47,,,,,,,,,,270.8,-52.5,1.0,12.817998,7307.54,7307.54,8.97,0.12,3836.43,3653.77,182.66,3471.11,,270.8,-52.5,1.0,13.653522,7783.87,7783.87,9.56,0.12,4086.5,3891.94,194.56,3697.37,
2024-08-22,570.2,590.0,559.7,582.9,365020.28,2.25,547.44,542.37,542.34,True,21.64,25.18,19.69,,,,,,,,,,270.8,-53.54,1.0,12.817998,7471.61,7471.61,164.07,2.25,4000.5,3735.81,264.69,3471.11,,270.8,-53.54,1.0,13.653522,7958.64,7958.64,174.77,2.25,4261.26,3979.32,281.95,3697.37,
2024-08-23,583.0,600.6,574.3,591.7,387772.66,1.51,554.25,547.06,546.0,True,21.38,26.27,18.27,,,,,600.6,,HH,,,270.8,-54.23,1.0,12.817998,7584.41,7584.41,112.8,1.51,4113.3,3792.2,321.09,3471.11,,270.8,-54.23,1.0,13.653522,8078.79,8078.79,120.15,1.51,4381.42,4039.39,342.02,3697.37,
2024-08-24,591.7,592.4,574.6,580.5,325168.9,-1.89,558.28,550.25,548.55,True,21.13,24.96,17.36,,,,,,,,,,270.8,-53.35,1.0,12.817998,7440.85,7440.85,-143.56,-1.89,3969.73,3720.42,249.31,3471.11,,270.8,-53.35,1.0,13.653522,7925.87,7925.87,-152.92,-1.89,4228.5,3962.93,265.56,3697.37,
2024-08-25,580.5,583.9,569.0,573.9,195984.56,-1.14,560.69,552.5,550.43,True,20.58,23.89,18.23,,,,,,,,,,270.8,-52.81,1.0,12.817998,7356.25,7356.25,-84.6,-1.14,3885.14,3678.12,207.01,3471.11,,270.8,-52.81,1.0,13.653522,7835.76,7835.76,-90.11,-1.14,4138.38,3917.88,220.5,3697.37,
2024-08-26,573.9,575.6,546.7,548.2,280985.58,-4.48,558.77,552.09,550.27,True,19.3,21.92,23.09,,,,,,,,,,270.8,-50.6,1.0,12.817998,7026.83,7026.83,-329.42,-4.48,3555.71,3513.41,42.3,3471.11,,270.8,-50.6,1.0,13.653522,7484.86,7484.86,-350.9,-4.48,3787.49,3742.43,45.06,3697.37,
2024-08-27,548.3,558.3,520.5,533.3,298073.97,-2.72,554.85,550.3,549.01,True,19.16,19.64,27.89,,,,,,,,,,270.8,-49.22,1.0,12.817998,6835.84,6835.84,-190.99,-2.72,3364.72,3417.92,-53.19,3471.11,,270.8,-49.22,1.0,13.653522,7281.42,7281.42,-203.44,-2.72,3584.05,3640.71,-56.66,3697.37,
2024-08-28,533.3,546.8,522.4,537.0,269794.78,0.69,552.1,549.03,548.12,True,19.03,18.32,26.01,,,,,,,,,SMALL HH confirmed @ 600.60,270.8,-49.57,1.0,12.817998,6883.26,6883.26,47.43,0.69,3412.15,3441.63,-29.48,3471.11,,270.8,-49.57,1.0,13.653522,7331.94,7331.94,50.52,0.69,3634.57,3665.97,-31.4,3697.37,
2024-08-29,537.0,545.5,530.9,536.4,166187.11,-0.11,549.69,547.83,547.25,True,18.91,17.55,24.93,,,,,,,,,,270.8,-49.52,1.0,12.817998,6875.57,6875.57,-7.69,-0.11,3404.46,3437.79,-33.33,3471.11,,270.8,-49.52,1.0,13.653522,7323.75,7323.75,-8.19,-0.11,3626.38,3661.87,-35.5,3697.37,
2024-08-30,536.4,543.4,522.0,535.2,197825.9,-0.22,547.46,546.63,546.36,True,19.16,16.47,25.96,,,,,,,,,,270.8,-49.4,1.0,12.817998,6860.19,6860.19,-15.38,-0.22,3389.08,3430.1,-41.02,3471.11,,270.8,-49.4,1.0,13.653522,7307.36,7307.36,-16.38,-0.22,3609.99,3653.68,-43.69,3697.37,
2024-08-31,535.2,541.5,531.1,532.9,95954.07,-0.43,545.22,545.32,545.36,False,19.39,15.96,25.15,,,,,,,,,,270.8,-49.18,1.0,12.817998,6830.71,6830.71,-29.48,-0.43,3359.6,3415.36,-55.76,3471.11,,270.8,-49.18,1.0,13.653522,7275.96,7275.96,-31.4,-0.43,3578.59,3637.98,-59.39,3697.37,
2024-09-01,532.9,533.2,507.7,512.4,203698.87,-3.85,540.17,542.19,542.92,False,20.46,14.74,30.23,,,,,,,,,,270.8,-47.15,1.0,12.817998,6567.94,6567.94,-262.77,-3.85,3096.83,3283.97,-187.14,3471.11,,270.8,-47.15,1.0,13.653522,6996.06,6996.06,-279.9,-3.85,3298.69,3498.03,-199.34,3697.37,
2024-09-02,512.3,530.2,501.5,526.3,262984.43,2.71,538.04,540.67,541.69,False,21.66,13.49,29.5,,,,,,,,,,270.8,-48.55,1.0,12.817998,6746.11,6746.11,178.17,2.71,3275.0,3373.06,-98.06,3471.11,,270.8,-48.55,1.0,13.653522,7185.85,7185.85,189.78,2.71,3488.47,3592.92,-104.45,3697.37,
2024-09-03,526.4,538.4,517.9,518.7,224481.65,-1.44,535.06,538.58,539.99,False,22.21,15.11,27.69,,,,,,,,,,270.8,-47.79,1.0,12.817998,6648.7,6648.7,-97.42,-1.44,3177.58,3324.35,-146.77,3471.11,,270.8,-47.79,1.0,13.653522,7082.08,7082.08,-103.77,-1.44,3384.71,3541.04,-156.33,3697.37,
2024-09-04,518.8,523.7,495.8,507.6,435892.31,-2.14,530.84,535.63,537.59,False,23.44,13.87,31.93,,,,,,,,,,270.8,-46.65,1.0,12.817998,6506.42,6506.42,-142.28,-2.14,3035.3,3253.21,-217.91,3471.11,,270.8,-46.65,1.0,13.653522,6930.53,6930.53,-151.55,-2.14,3233.15,3465.26,-232.11,3697.37,
2024-09-05,507.6,512.9,496.7,502.4,177237.32,-1.02,526.46,532.46,534.98,False,24.59,13.19,30.37,,,,,,,,,,270.8,-46.1,1.0,12.817998,6439.76,6439.76,-66.65,-1.02,2968.65,3219.88,-251.23,3471.11,,270.8,-46.1,1.0,13.653522,6859.53,6859.53,-71.0,-1.02,3162.16,3429.76,-267.61,3697.37,
2024-09-06,502.4,509.9,471.3,487.2,357704.73,-3.03,520.42,528.15,531.44,False,26.34,11.72,34.32,,,,,,471.3,LL,BEAR_CHOCH,SMALL BEAR CHOCH @ 487.20 (level 499.20),,,,,,6244.93,-194.83,-3.03,0.0,0.0,,6244.93,"EXIT @ 487.20 (small red CHoCH, realized -697.30)",,,,,,6652.0,-207.53,-3.03,0.0,0.0,,6652.0,"EXIT @ 487.20 (small red CHoCH, realized -742.75)"
2024-09-07,487.3,499.5,482.9,493.5,140367.31,1.29,516.28,524.85,528.63,False,27.96,11.15,32.63,,,,,,,,,,,,,,,6244.93,0.0,0.0,0.0,0.0,,6244.93,,,,,,,6652.0,0.0,0.0,0.0,0.0,,6652.0,
2024-09-08,493.6,506.9,490.7,503.1,135677.17,1.95,514.25,522.78,526.74,False,28.92,12.84,31.03,,,,,,,,,,,,,,,6244.93,0.0,0.0,0.0,0.0,,6244.93,,,,,,,6652.0,0.0,0.0,0.0,0.0,,6652.0,
2024-09-09,503.2,525.7,501.7,518.7,207528.54,3.1,514.94,522.39,526.14,False,28.58,17.59,28.78,,,,,,,,,,,,,,,6244.93,0.0,0.0,0.0,0.0,,6244.93,,,,,,,6652.0,0.0,0.0,0.0,0.0,,6652.0,
2024-09-10,518.7,524.3,509.2,517.0,161417.81,-0.33,515.25,521.88,525.47,False,28.26,16.77,27.43,,,,,,,,,,,,,,,6244.93,0.0,0.0,0.0,0.0,,6244.93,,,,,,,6652.0,0.0,0.0,0.0,0.0,,6652.0,
2024-09-11,517.0,535.4,506.5,530.1,204079.6,2.53,517.54,522.66,525.81,False,27.28,18.68,25.01,,,,,,,,,SMALL LL confirmed @ 471.30,,,,,,6244.93,0.0,0.0,0.0,0.0,,6244.93,,,,,,,6652.0,0.0,0.0,0.0,0.0,,6652.0,
2024-09-12,530.2,548.7,530.0,544.5,273877.8,2.72,521.69,524.74,527.19,False,25.62,21.71,23.57,,,,,,,,,,,,,,,6244.93,0.0,0.0,0.0,0.0,,6244.93,,,,,,,6652.0,0.0,0.0,0.0,0.0,,6652.0,
2024-09-13,544.6,559.7,538.7,556.4,276743.27,2.19,527.03,527.76,529.36,False,24.06,23.71,22.03,,,,,,,,,,,,,,,6244.93,0.0,0.0,0.0,0.0,,6244.93,,,,,,,6652.0,0.0,0.0,0.0,0.0,,6652.0,
2024-09-14,556.4,559.2,547.5,553.3,138432.96,-0.56,531.07,530.19,531.13,False,22.6,22.82,21.19,,,,,,,,,,,,,,,6244.93,0.0,0.0,0.0,0.0,,6244.93,,,,,,,6652.0,0.0,0.0,0.0,0.0,,6652.0,
2024-09-15,553.4,561.9,546.0,553.4,205254.79,0.02,534.5,532.4,532.78,True,21.4,22.51,20.09,,,,,,,,,,,,,,,6244.93,0.0,0.0,0.0,0.0,,6244.93,,,,,,,6652.0,0.0,0.0,0.0,0.0,,6652.0,
2024-09-16,553.4,555.2,527.0,533.7,267953.69,-3.56,534.38,532.52,532.85,True,20.49,20.47,24.38,,,,,,,,,,,,,,,6244.93,0.0,0.0,0.0,0.0,,6244.93,,,,,,,6652.0,0.0,0.0,0.0,0.0,,6652.0,
2024-09-17,533.7,552.7,529.0,546.2,195288.36,2.34,536.2,533.83,533.84,True,19.65,18.91,22.53,,,,,,,,,,,,,,,6244.93,0.0,0.0,0.0,0.0,,6244.93,,,,,,,6652.0,0.0,0.0,0.0,0.0,,6652.0,
2024-09-18,546.2,559.7,536.8,559.5,201182.98,2.44,539.78,536.27,535.74,True,18.44,19.77,20.88,,,,,,,,,,,,,,,6244.93,0.0,0.0,0.0,0.0,,6244.93,,,,,,,6652.0,0.0,0.0,0.0,0.0,,6652.0,
2024-09-19,559.5,572.2,553.0,567.0,308427.74,1.34,543.97,539.2,538.05,True,17.63,22.58,19.58,,,,,,,,,,,,,,,6244.93,0.0,0.0,0.0,0.0,,6244.93,,,,,,,6652.0,0.0,0.0,0.0,0.0,,6652.0,
2024-09-20,566.9,577.1,555.0,569.0,257077.71,0.35,547.82,542.04,540.35,True,17.14,22.55,18.18,,,,,,,,,,,,,,,6244.93,0.0,0.0,0.0,0.0,,6244.93,,,,,,,6652.0,0.0,0.0,0.0,0.0,,6652.0,
2024-09-21,569.1,590.0,566.4,588.6,208752.23,3.44,554.1,546.47,543.92,True,17.32,24.99,16.8,,,,,,,,,,,,,,,6244.93,0.0,0.0,0.0,0.0,,6244.93,,,,,,,6652.0,0.0,0.0,0.0,0.0,,6652.0,
2024-09-22,588.7,594.6,576.4,588.7,202978.79,0.02,559.42,550.49,547.24,True,17.69,25.01,15.81,,,,,,,,,,,,,,,6244.93,0.0,0.0,0.0,0.0,,6244.93,,,,,,,6652.0,0.0,0.0,0.0,0.0,,6652.0,
2024-09-23,588.7,616.0,583.4,604.5,376010.21,2.68,566.35,555.64,551.48,True,18.9,29.18,14.18,,,,,,,,BULL_CHOCH,SMALL BULL CHOCH @ 604.50 (level 600.60),544.05,-10.0,5.0,51.653668,31224.64,6244.93,0.0,0.0,3122.46,3122.46,0.0,3122.46,"ENTRY @ 604.50 (small green CHoCH, margin $3122.46 [50% of bank] @ 10x [ADX 18.9, zone green], 51.653668 units)",544.05,-10.0,5.0,55.020644,33259.98,6652.0,0.0,0.0,3326.0,3326.0,0.0,3326.0,"ENTRY @ 604.50 (small green CHoCH, margin $3326.00 [50% of bank] @ 10x [ADX 18.9, zone green], 55.020644 units)"
2024-09-24,604.5,613.4,598.5,605.9,261622.13,0.23,572.44,560.42,555.51,True,20.02,27.78,13.5,,,,,,,,,BIG LL confirmed @ 400.00,544.05,-10.21,4.95,51.653668,31296.96,6317.24,72.32,1.16,3194.78,3129.7,65.08,3122.46,,544.05,-10.21,4.95,55.020644,33337.01,6729.02,77.03,1.16,3403.03,3333.7,69.33,3326.0,
2024-09-25,605.8,608.3,584.2,587.4,220793.95,-3.05,574.74,562.99,557.87,True,20.02,25.63,17.04,,,,,,,,,,544.05,-7.38,5.66,51.653668,30341.36,5361.65,-955.59,-15.13,2239.19,3034.14,-794.95,3122.46,,544.05,-7.38,5.66,55.020644,32319.13,5711.14,-1017.88,-15.13,2385.14,3231.91,-846.77,3326.0,
2024-09-26,587.5,609.0,580.8,596.3,334337.47,1.52,578.06,566.16,560.72,True,19.8,23.35,16.6,,,,,,,,,,544.05,-8.76,5.29,51.653668,30801.08,5821.37,459.72,8.57,2698.9,3080.11,-381.2,3122.46,,544.05,-8.76,5.29,55.020644,32808.81,6200.83,489.68,8.57,2874.83,3280.88,-406.05,3326.0,
2024-09-27,596.3,614.7,596.0,606.8,356901.64,1.76,582.48,570.03,564.13,True,19.87,23.78,15.61,,,,,,,,,,544.05,-10.34,4.93,51.653668,31343.45,6363.73,542.36,9.32,3241.27,3134.34,106.92,3122.46,,544.05,-10.34,4.93,55.020644,33386.53,6778.54,577.72,9.32,3452.55,3338.65,113.89,3326.0,
2024-09-28,606.9,618.6,594.5,601.1,262593.38,-0.94,585.34,572.99,566.87,True,20.11,23.2,14.42,,,,,618.6,,HH,,,544.05,-9.49,5.12,51.653668,31049.02,6069.31,-294.43,-4.63,2946.84,3104.9,-158.06,3122.46,,544.05,-9.49,5.12,55.020644,33072.91,6464.93,-313.62,-4.63,3138.93,3307.29,-168.36,3326.0,
2024-09-29,601.1,602.8,592.4,595.6,160103.08,-0.91,586.92,575.15,569.0,True,20.18,22.4,14.62,,,,,,,,,,544.05,-8.66,5.32,51.653668,30764.92,5785.21,-284.1,-4.68,2662.75,3076.49,-413.75,3122.46,,544.05,-8.66,5.32,55.020644,32770.3,6162.31,-302.61,-4.68,2836.31,3277.03,-440.72,3326.0,
2024-09-30,595.6,595.8,563.5,567.4,324086.74,-4.73,583.92,574.41,568.88,True,19.11,20.1,22.32,,,,,,,,,,544.05,-4.12,6.77,51.653668,29308.29,4328.58,-1456.63,-25.18,1206.11,2930.83,-1724.72,3122.46,,544.05,-4.12,6.77,55.020644,31218.71,4610.73,-1551.58,-25.18,1284.73,3121.87,-1837.14,3326.0,
2024-10-01,567.4,583.1,536.8,547.3,476372.94,-3.54,578.28,571.83,567.28,True,19.32,17.34,27.17,,,,,,,,,,,,,,,3122.46,-1206.11,-27.86,0.0,0.0,,3122.46,"** LIQUIDATION EVENT ** @ 544.05 (margin wiped, realized -3122.46)",,,,,,3326.0,-1284.73,-27.86,0.0,0.0,,3326.0,"** LIQUIDATION EVENT ** @ 544.05 (margin wiped, realized -3326.00)"
2024-10-02,547.2,558.3,535.4,542.5,282193.66,-0.88,572.78,569.03,565.45,True,19.58,16.16,25.73,,,,,,,,,,,,,,,3122.46,0.0,0.0,0.0,0.0,,3122.46,,,,,,,3326.0,0.0,0.0,0.0,0.0,,3326.0,
2024-10-03,542.5,550.8,534.3,544.8,220702.34,0.42,568.47,566.73,563.92,True,19.86,15.35,24.78,,,,,,534.3,HL,,SMALL HH confirmed @ 618.60,,,,,,3122.46,0.0,0.0,0.0,0.0,,3122.46,,,,,,,3326.0,0.0,0.0,0.0,0.0,,3326.0,
2024-10-04,544.8,557.8,541.8,555.3,186169.63,1.93,566.45,565.64,563.28,True,19.64,16.76,23.54,,,,,,,,,,,,,,,3122.46,0.0,0.0,0.0,0.0,,3122.46,,,,,,,3326.0,0.0,0.0,0.0,0.0,,3326.0,
2024-10-05,555.3,565.2,551.6,563.0,124906.38,1.39,565.92,565.39,563.26,True,18.95,18.4,22.52,,,,,,,,,,,,,,,3122.46,0.0,0.0,0.0,0.0,,3122.46,,,,,,,3326.0,0.0,0.0,0.0,0.0,,3326.0,
2024-10-06,563.0,571.9,561.1,570.3,106787.34,1.3,566.59,565.85,563.78,True,17.9,19.97,21.71,,,,,,,,,,,,,,,3122.46,0.0,0.0,0.0,0.0,,3122.46,,,,,,,3326.0,0.0,0.0,0.0,0.0,,3326.0,
2024-10-07,570.4,581.8,563.5,564.3,213046.68,-1.05,566.24,565.71,563.82,True,16.91,22.07,20.37,,,,,,,,,,,,,,,3122.46,0.0,0.0,0.0,0.0,,3122.46,,,,,,,3326.0,0.0,0.0,0.0,0.0,,3326.0,
2024-10-08,564.4,586.8,559.5,580.8,286276.18,2.92,568.48,567.14,565.08,True,16.26,21.73,18.54,,,,,586.8,,LH,,SMALL HL confirmed @ 534.30,,,,,,3122.46,0.0,0.0,0.0,0.0,,3122.46,,,,,,,3326.0,0.0,0.0,0.0,0.0,,3326.0,
2024-10-09,580.8,586.0,566.2,570.7,324396.05,-1.74,568.82,567.48,565.49,True,15.67,20.31,17.32,,,,,,,,,,,,,,,3122.46,0.0,0.0,0.0,0.0,,3122.46,,,,,,,3326.0,0.0,0.0,0.0,0.0,,3326.0,
2024-10-10,570.8,572.9,551.5,563.9,178198.31,-1.19,568.06,567.14,565.37,True,14.93,18.87,20.97,,,,,,551.5,HL,,,,,,,,3122.46,0.0,0.0,0.0,0.0,,3122.46,,,,,,,3326.0,0.0,0.0,0.0,0.0,,3326.0,
2024-10-11,563.8,577.5,560.1,573.6,185095.36,1.72,568.92,567.76,565.98,True,13.94,19.31,19.74,,,,,,,,,,,,,,,3122.46,0.0,0.0,0.0,0.0,,3122.46,,,,,,,3326.0,0.0,0.0,0.0,0.0,,3326.0,
2024-10-12,573.7,579.2,573.6,576.6,135773.96,0.52,570.1,568.6,566.77,True,12.98,19.53,19.35,,,,,,,,,,,,,,,3122.46,0.0,0.0,0.0,0.0,,3122.46,,,,,,,3326.0,0.0,0.0,0.0,0.0,,3326.0,
2024-10-13,576.6,578.5,564.9,572.2,118779.98,-0.76,570.42,568.94,567.17,True,12.58,18.56,21.56,,,,,,,,,SMALL LH confirmed @ 586.80,,,,,,3122.46,0.0,0.0,0.0,0.0,,3122.46,,,,,,,3326.0,0.0,0.0,0.0,0.0,,3326.0,
2024-10-14,572.3,592.3,558.9,589.1,252803.18,2.95,573.29,570.86,568.8,True,12.06,21.19,19.06,,,,,,,,BULL_BOS,SMALL BULL BOS @ 589.10 (level 586.80),,,,,,3122.46,0.0,0.0,0.0,0.0,,3122.46,,,,,,,3326.0,0.0,0.0,0.0,0.0,,3326.0,
2024-10-15,589.0,599.9,577.7,594.5,324305.9,0.92,576.56,573.11,570.7,True,12.02,22.19,17.61,,,,,,,,,SMALL HL confirmed @ 551.50,,,,,,3122.46,0.0,0.0,0.0,0.0,,3122.46,,,,,,,3326.0,0.0,0.0,0.0,0.0,,3326.0,
2024-10-16,594.6,605.5,589.7,600.9,259951.13,1.08,580.3,575.76,572.94,True,12.3,22.92,16.63,,,,,,,,,,,,,,,3122.46,0.0,0.0,0.0,0.0,,3122.46,,,,,,,3326.0,0.0,0.0,0.0,0.0,,3326.0,
2024-10-17,601.0,606.3,585.1,592.9,194199.42,-1.33,582.24,577.39,574.42,True,12.21,21.23,17.01,,,,,,,,,,,,,,,3122.46,0.0,0.0,0.0,0.0,,3122.46,,,,,,,3326.0,0.0,0.0,0.0,0.0,,3326.0,
2024-10-18,592.9,602.4,591.8,599.2,136743.67,1.06,584.85,579.47,576.25,True,12.13,20.41,16.36,,,,,,,,,,,,,,,3122.46,0.0,0.0,0.0,0.0,,3122.46,,,,,,,3326.0,0.0,0.0,0.0,0.0,,3326.0,
2024-10-19,599.3,601.4,595.4,597.7,78940.24,-0.25,586.83,581.2,577.84,True,12.05,19.95,15.98,,,,,,,,,,,,,,,3122.46,0.0,0.0,0.0,0.0,,3122.46,,,,,,,3326.0,0.0,0.0,0.0,0.0,,3326.0,
2024-10-20,597.8,607.3,593.1,605.9,123572.06,1.37,589.76,583.56,579.92,True,12.38,21.13,15.1,,,,,,,,,,,,,,,3122.46,0.0,0.0,0.0,0.0,,3122.46,,,,,,,3326.0,0.0,0.0,0.0,0.0,,3326.0,
2024-10-21,605.9,611.8,591.5,598.8,275880.78,-1.17,591.15,585.01,581.32,True,12.97,21.22,13.92,,,,,611.8,,HH,,,,,,,,3122.46,0.0,0.0,0.0,0.0,,3122.46,,,,,,,3326.0,0.0,0.0,0.0,0.0,,3326.0,
2024-10-22,598.8,609.0,587.0,593.8,203756.93,-0.84,591.56,585.85,582.24,True,13.1,19.44,14.47,,,,,,,,,,,,,,,3122.46,0.0,0.0,0.0,0.0,,3122.46,,,,,,,3326.0,0.0,0.0,0.0,0.0,,3326.0,
2024-10-23,593.8,595.0,573.0,584.9,225698.46,-1.5,590.53,585.76,582.44,True,12.29,17.84,18.53,,,,,,,,,,,,,,,3122.46,0.0,0.0,0.0,0.0,,3122.46,,,,,,,3326.0,0.0,0.0,0.0,0.0,,3326.0,
2024-10-24,584.9,598.0,583.3,594.5,145781.54,1.64,591.14,586.59,583.33,True,11.52,17.98,17.49,,,,,,,,,,,,,,,3122.46,0.0,0.0,0.0,0.0,,3122.46,,,,,,,3326.0,0.0,0.0,0.0,0.0,,3326.0,
2024-10-25,594.5,597.6,565.8,575.3,254214.69,-3.23,588.71,585.51,582.74,True,11.81,15.91,21.82,,,,,,565.8,HL,,,,,,,,3122.46,0.0,0.0,0.0,0.0,,3122.46,,,,,,,3326.0,0.0,0.0,0.0,0.0,,3326.0,
2024-10-26,575.3,587.1,571.6,583.4,119987.44,1.41,587.89,585.31,582.79,True,12.09,15.0,20.58,,,,,,,,,SMALL HH confirmed @ 611.80,,,,,,3122.46,0.0,0.0,0.0,0.0,,3122.46,,,,,,,3326.0,0.0,0.0,0.0,0.0,,3326.0,
2024-10-27,583.4,591.0,581.7,589.2,94455.1,0.99,588.09,585.68,583.26,True,12.0,15.96,19.84,,,,,,,,,,,,,,,3122.46,0.0,0.0,0.0,0.0,,3122.46,,,,,,,3326.0,0.0,0.0,0.0,0.0,,3326.0,
2024-10-28,589.3,604.6,585.5,601.1,189815.88,2.02,590.09,587.15,584.58,True,11.44,19.99,18.39,,,,,,,,,,,,,,,3122.46,0.0,0.0,0.0,0.0,,3122.46,,,,,,,3326.0,0.0,0.0,0.0,0.0,,3326.0,
2024-10-29,601.1,612.2,599.9,606.3,301555.36,0.87,592.59,588.97,586.19,True,11.44,22.01,17.51,,,,,612.2,,HH,,,,,,,,3122.46,0.0,0.0,0.0,0.0,,3122.46,,,,,,,3326.0,0.0,0.0,0.0,0.0,,3326.0,
2024-10-30,606.3,606.7,594.1,595.6,186706.28,-1.76,593.05,589.61,586.89,True,10.97,20.89,18.95,,,,,,,,,SMALL HL confirmed @ 565.80,,,,,,3122.46,0.0,0.0,0.0,0.0,,3122.46,,,,,,,3326.0,0.0,0.0,0.0,0.0,,3326.0,
2024-10-31,595.5,596.5,571.1,576.6,279156.18,-3.19,590.52,588.37,586.13,True,11.33,18.83,26.02,,,,,,,,,,,,,,,3122.46,0.0,0.0,0.0,0.0,,3122.46,,,,,,,3326.0,0.0,0.0,0.0,0.0,,3326.0,
2024-11-01,576.5,585.5,567.7,573.1,242255.18,-0.61,587.84,586.91,585.16,True,11.85,17.52,25.54,,,,,,,,,,,,,,,3122.46,0.0,0.0,0.0,0.0,,3122.46,,,,,,,3326.0,0.0,0.0,0.0,0.0,,3326.0,
2024-11-02,573.1,577.2,562.4,568.6,143716.6,-0.79,584.88,585.17,583.93,True,12.62,16.5,26.14,,,,,,,,,,,,,,,3122.46,0.0,0.0,0.0,0.0,,3122.46,,,,,,,3326.0,0.0,0.0,0.0,0.0,,3326.0,
2024-11-03,568.6,569.3,547.0,557.7,217508.47,-1.92,580.7,582.55,581.99,False,14.07,15.07,29.86,,,,,,,,BEAR_CHOCH,SMALL HH confirmed @ 612.20 | SMALL BEAR CHOCH @ 557.70 (level 565.80),,,,,,3122.46,0.0,0.0,0.0,0.0,,3122.46,,,,,,,3326.0,0.0,0.0,0.0,0.0,,3326.0,
2024-11-04,557.7,564.8,543.6,552.5,264951.83,-0.93,576.36,579.69,579.81,False,15.56,13.84,28.73,,,,,,543.6,LL,,,,,,,,3122.46,0.0,0.0,0.0,0.0,,3122.46,,,,,,,3326.0,0.0,0.0,0.0,0.0,,3326.0,
2024-11-05,552.51,572.8,551.22,563.21,211437.75,1.94,574.34,578.12,578.58,False,16.26,15.75,26.38,,,,,,,,,,,,,,,3122.46,0.0,0.0,0.0,0.0,,3122.46,,,,,,,3326.0,0.0,0.0,0.0,0.0,,3326.0,
2024-11-06,563.21,595.0,563.0,592.22,535934.93,5.15,577.09,579.46,579.59,False,15.31,21.96,23.32,,,,,,,,,,,,,,,3122.46,0.0,0.0,0.0,0.0,,3122.46,,,,,,,3326.0,0.0,0.0,0.0,0.0,,3326.0,
2024-11-07,592.22,611.2,587.01,598.26,377600.51,1.02,580.35,581.25,580.97,False,14.9,25.84,21.31,,,,,,,,,,,,,,,3122.46,0.0,0.0,0.0,0.0,,3122.46,,,,,,,3326.0,0.0,0.0,0.0,0.0,,3326.0,
2024-11-08,598.27,605.9,588.1,597.82,318752.72,-0.07,583.03,582.83,582.22,True,14.52,24.18,19.95,,,,,,,,,,,,,,,3122.46,0.0,0.0,0.0,0.0,,3122.46,,,,,,,3326.0,0.0,0.0,0.0,0.0,,3326.0,
2024-11-09,597.82,638.0,597.51,624.66,772172.66,4.49,589.44,586.82,585.36,True,15.59,31.64,17.25,,,,,,,,BULL_CHOCH,SMALL LL confirmed @ 543.60 | SMALL BULL CHOCH @ 624.66 (level 612.20),562.19,-10.0,5.0,24.99331,15612.32,3122.46,0.0,0.0,1561.23,1561.23,0.0,1561.23,"ENTRY @ 624.66 (small green CHoCH, margin $1561.23 [50% of bank] @ 10x [ADX 15.6, zone green], 24.993310 units)",562.19,-10.0,5.0,26.622466,16629.99,3326.0,0.0,0.0,1663.0,1663.0,0.0,1663.0,"ENTRY @ 624.66 (small green CHoCH, margin $1663.00 [50% of bank] @ 10x [ADX 15.6, zone green], 26.622466 units)"
2024-11-10,624.67,644.2,611.62,627.33,812783.75,0.43,595.27,590.67,588.47,True,16.8,30.32,15.44,,,,,,,,,,562.19,-10.38,4.92,24.99331,15679.05,3189.2,66.73,2.14,1627.96,1567.91,60.06,1561.23,,562.19,-10.38,4.92,26.622466,16701.07,3397.08,71.08,2.14,1734.08,1670.11,63.97,1663.0,
2024-11-11,627.34,665.54,613.0,659.63,1006384.74,5.15,605.17,597.24,593.74,True,18.59,31.91,13.06,,,,,,,,,,562.19,-14.77,4.13,24.99331,16486.34,3996.48,807.28,25.31,2435.25,1648.63,786.61,1561.23,,562.19,-14.77,4.13,26.622466,17560.98,4256.99,859.91,25.31,2593.99,1756.1,837.89,1663.0,
2024-11-12,659.63,667.4,610.0,625.33,1166459.01,-5.2,608.27,599.92,596.08,True,20.05,27.01,11.86,,,,,667.4,,HH,,,562.19,-10.1,4.98,24.99331,15629.07,3139.21,-857.27,-21.45,1577.98,1562.91,15.07,1561.23,,562.19,-10.1,4.98,26.622466,16647.83,3343.83,-913.15,-21.45,1680.84,1664.78,16.05,1663.0,
2024-11-13,625.42,638.06,598.6,620.68,1034672.11,-0.74,610.18,601.89,597.9,True,20.63,24.25,13.59,,,,,,598.6,HL,,,562.19,-9.42,5.13,24.99331,15512.85,3022.99,-116.22,-3.7,1461.76,1551.28,-89.53,1561.23,,562.19,-9.42,5.13,26.622466,16524.03,3220.04,-123.79,-3.7,1557.04,1652.4,-95.36,1663.0,
2024-11-14,620.68,660.4,610.5,622.3,1060649.7,0.26,612.04,603.84,599.71,True,21.89,26.75,11.94,,,,,660.4,,LH,,,562.19,-9.66,5.08,24.99331,15553.34,3063.48,40.49,1.34,1502.25,1555.33,-53.09,1561.23,,562.19,-9.66,5.08,26.622466,16567.16,3263.17,43.13,1.34,1600.17,1656.72,-56.55,1663.0,
2024-11-15,622.3,628.3,603.4,619.37,654908.22,-0.47,613.17,605.32,601.17,True,22.61,25.11,12.96,,,,,,,,,,562.19,-9.23,5.18,24.99331,15480.11,2990.25,-73.23,-2.39,1429.02,1548.01,-118.99,1561.23,,562.19,-9.23,5.18,26.622466,16489.16,3185.17,-78.0,-2.39,1522.17,1648.92,-126.75,1663.0,
2024-11-16,619.37,633.7,617.5,622.69,447887.92,0.54,614.64,606.97,602.76,True,23.45,25.45,12.42,,,,,,,,,,562.19,-9.72,5.06,24.99331,15563.08,3073.23,82.98,2.77,1512.0,1556.31,-44.31,1561.23,,562.19,-9.72,5.06,26.622466,16577.54,3273.55,88.39,2.77,1610.55,1657.75,-47.2,1663.0,
2024-11-17,622.69,647.6,605.2,618.9,595820.38,-0.61,615.29,608.11,603.96,True,24.66,26.21,11.12,,,,,,,,,SMALL HH confirmed @ 667.40,562.19,-9.16,5.19,24.99331,15468.36,2978.5,-94.72,-3.08,1417.27,1546.84,-129.57,1561.23,,562.19,-9.16,5.19,26.622466,16476.64,3172.65,-100.9,-3.08,1509.65,1647.66,-138.01,1663.0,
2024-11-18,618.93,630.91,612.1,618.93,483382.14,0.0,615.85,609.14,605.07,True,25.79,24.97,10.6,,,,,,,,,SMALL HL confirmed @ 598.60,562.19,-9.17,5.19,24.99331,15469.11,2979.25,0.75,0.03,1418.02,1546.91,-128.89,1561.23,,562.19,-9.17,5.19,26.622466,16477.44,3173.45,0.8,0.03,1510.45,1647.74,-137.29,1663.0,
2024-11-19,618.93,621.41,605.21,615.5,420441.21,-0.55,615.8,609.74,605.84,True,26.33,23.91,11.94,,,,,,,,,SMALL LH confirmed @ 660.40,562.19,-8.66,5.32,24.99331,15383.38,2893.53,-85.73,-2.88,1332.29,1538.34,-206.04,1561.23,,562.19,-8.66,5.32,26.622466,16386.13,3082.14,-91.32,-2.88,1419.14,1638.61,-219.48,1663.0,
2024-11-20,615.49,620.78,600.0,605.39,411142.63,-1.64,614.2,609.33,605.81,True,26.46,22.6,12.67,,,,,,,,,,562.19,-7.14,5.73,24.99331,15130.7,2640.84,-252.68,-8.73,1079.61,1513.07,-433.46,1561.23,,562.19,-7.14,5.73,26.622466,16116.97,2812.98,-269.15,-8.73,1149.98,1611.7,-461.71,1663.0,
2024-11-21,605.39,629.37,593.05,621.86,647295.16,2.72,615.38,610.52,607.0,True,26.92,22.7,11.48,,,,,,593.05,LL,,,562.19,-9.59,5.09,24.99331,15542.34,3052.48,411.64,15.59,1491.25,1554.23,-62.98,1561.23,,562.19,-9.59,5.09,26.622466,16555.45,3251.46,438.47,15.59,1588.46,1655.54,-67.09,1663.0,
2024-11-22,621.86,639.64,615.05,633.0,582665.92,1.79,618.09,612.66,608.92,True,27.71,23.92,10.74,,,,,,,,,,562.19,-11.19,4.75,24.99331,15820.77,3330.91,278.43,9.12,1769.68,1582.08,187.6,1561.23,,562.19,-11.19,4.75,26.622466,16852.02,3548.03,296.57,9.12,1885.03,1685.2,199.83,1663.0,
2024-11-23,633.0,680.0,631.1,650.42,1071184.97,2.75,623.06,616.26,612.0,True,29.54,30.99,9.44,,,,,,,,,,562.19,-13.56,4.32,24.99331,16256.15,3766.29,435.38,13.07,2205.06,1625.61,579.44,1561.23,,562.19,-13.56,4.32,26.622466,17315.78,4011.79,463.76,13.07,2348.79,1731.58,617.22,1663.0,
2024-11-24,650.42,687.75,637.08,659.65,914571.37,1.42,628.69,620.39,615.53,True,31.39,29.13,8.32,,,,,687.75,,HH,,,562.19,-14.77,4.12,24.99331,16486.84,3996.98,230.69,6.13,2435.75,1648.68,787.06,1561.23,,562.19,-14.77,4.12,26.622466,17561.51,4257.52,245.73,6.13,2594.52,1756.15,838.37,1663.0,
2024-11-25,659.65,676.79,626.43,636.2,783511.29,-3.55,629.85,621.9,617.06,True,32.38,25.85,9.77,,,,,,,,,,562.19,-11.63,4.66,24.99331,15900.74,3410.89,-586.09,-14.66,1849.65,1590.07,259.58,1561.23,,562.19,-11.63,4.66,26.622466,16937.21,3633.22,-624.3,-14.66,1970.22,1693.72,276.5,1663.0,
2024-11-26,636.16,645.57,600.02,613.51,814621.94,-3.57,627.33,621.1,616.79,True,31.72,23.29,14.54,,,,,,600.02,HL,,SMALL LL confirmed @ 593.05,562.19,-8.36,5.39,24.99331,15333.65,2843.79,-567.1,-16.63,1282.56,1533.36,-250.81,1561.23,,562.19,-8.36,5.39,26.622466,16333.15,3029.16,-604.06,-16.63,1366.16,1633.31,-267.16,1663.0,
2024-11-27,613.5,646.75,607.79,644.14,629623.88,4.99,629.92,623.29,618.82,True,31.14,21.6,13.32,,,,,,,,,,562.19,-12.72,4.46,24.99331,16099.19,3609.33,765.55,26.92,2048.1,1609.92,438.18,1561.23,,562.19,-12.72,4.46,26.622466,17148.6,3844.6,815.45,26.92,2181.6,1714.86,466.75,1663.0,
2024-11-28,644.15,664.68,639.79,653.83,684789.63,1.5,633.6,626.2,621.41,True,31.19,24.34,12.6,,,,,,,,,,562.19,-14.02,4.24,24.99331,16341.38,3851.52,242.19,6.71,2290.29,1634.14,656.15,1561.23,,562.19,-14.02,4.24,26.622466,17406.57,4102.58,257.97,6.71,2439.58,1740.66,698.92,1663.0,
2024-11-29,653.84,663.8,648.42,654.67,429893.73,0.13,636.84,628.91,623.88,True,31.23,23.49,12.16,,,,,,,,,SMALL HH confirmed @ 687.75,562.19,-14.13,4.23,24.99331,16362.37,3872.51,20.99,0.55,2311.28,1636.24,675.04,1561.23,,562.19,-14.13,4.23,26.622466,17428.93,4124.94,22.36,0.55,2461.94,1742.89,719.05,1663.0,
2024-11-30,654.67,677.2,648.0,653.43,545812.57,-0.19,639.39,631.25,626.07,True,31.68,24.98,11.35,,,,,,,,,,562.19,-13.96,4.25,24.99331,16331.38,3841.52,-30.99,-0.8,2280.29,1633.14,647.15,1561.23,,562.19,-13.96,4.25,26.622466,17395.92,4091.93,-33.01,-0.8,2428.93,1739.59,689.34,1663.0,
2024-12-01,653.44,664.17,645.16,655.99,434417.25,0.39,641.95,633.6,628.28,True,31.91,23.87,11.51,,,,,,,,,SMALL HL confirmed @ 600.02,562.19,-14.3,4.2,24.99331,16395.36,3905.5,63.98,1.67,2344.27,1639.54,704.74,1561.23,,562.19,-14.3,4.2,26.622466,17464.07,4160.08,68.15,1.67,2497.08,1746.41,750.67,1663.0,
2024-12-02,656.0,667.2,627.99,647.82,771630.19,-1.25,642.85,634.96,629.73,True,31.07,21.71,14.42,,,,,,,,,,562.19,-13.22,4.37,24.99331,16191.17,3701.31,-204.2,-5.23,2140.08,1619.12,520.96,1561.23,,562.19,-13.22,4.37,26.622466,17246.57,3942.57,-217.51,-5.23,2279.58,1724.66,554.92,1663.0,
2024-12-03,647.83,750.01,622.85,734.64,1575647.8,13.4,656.97,644.45,637.5,True,32.36,32.11,10.97,,,,BULL_CHOCH,,,,BULL_BOS,BIG BULL CHOCH @ 734.64 (level 721.80) | SMALL BULL BOS @ 734.64 (level 687.75),562.19,-23.47,3.13,24.99331,18361.09,5871.23,2169.92,58.63,4310.0,1836.11,2473.89,1561.23,,562.19,-23.47,3.13,26.622466,19557.93,6253.94,2311.36,58.63,4590.94,1955.79,2635.14,1663.0,
2024-12-04,734.64,793.86,720.0,739.53,2092976.43,0.67,669.67,653.51,645.06,True,34.18,35.66,9.54,793.86,,HH,,793.86,,HH,,,562.19,-23.98,3.08,24.99331,18483.3,5993.45,122.22,2.08,4432.21,1848.33,2583.88,1561.23,,562.19,-23.98,3.08,26.622466,19688.11,6384.12,130.18,2.08,4721.12,1968.81,2752.31,1663.0,
2024-12-05,739.54,739.9,690.0,717.1,1159099.39,-3.03,676.97,659.56,650.39,True,34.6,32.57,13.92,,,,,,,,,,562.19,-21.6,3.3,24.99331,17922.7,5432.85,-560.6,-9.35,3871.61,1792.27,2079.34,1561.23,,562.19,-21.6,3.3,26.622466,19090.97,5786.98,-597.14,-9.35,4123.98,1909.1,2214.88,1663.0,
2024-12-06,717.1,745.93,705.06,730.22,747138.48,1.83,685.16,666.29,656.31,True,35.1,31.31,12.93,,,,,,,,,,562.19,-23.01,3.17,24.99331,18250.62,5760.76,327.91,6.04,4199.53,1825.06,2374.46,1561.23,,562.19,-23.01,3.17,26.622466,19440.26,6136.27,349.29,6.04,4473.27,1944.03,2529.24,1663.0,
2024-12-07,730.22,761.0,729.69,749.72,445276.17,2.67,695.09,674.24,663.23,True,35.81,32.24,12.22,,,,,,,,,,562.19,-25.01,3.0,24.99331,18737.98,6248.13,487.37,8.46,4686.9,1873.8,2813.1,1561.23,,562.19,-25.01,3.0,26.622466,19959.4,6655.4,519.14,8.46,4992.4,1995.94,2996.47,1663.0,
2024-12-08,749.71,757.26,727.47,742.0,343120.56,-1.03,702.31,680.69,669.06,True,36.37,30.51,11.96,,,,,,,,,,562.19,-24.23,3.06,24.99331,18545.04,6055.18,-192.95,-3.09,4493.95,1854.5,2639.44,1561.23,,562.19,-24.23,3.06,26.622466,19753.87,6449.88,-205.53,-3.09,4786.88,1975.39,2811.49,1663.0,
2024-12-09,742.0,742.5,642.0,689.19,1068109.72,-7.12,700.29,681.5,670.55,True,34.01,25.54,23.88,,,,,,,,,SMALL HH confirmed @ 793.86,562.19,-18.43,3.64,24.99331,17225.14,4735.28,-1319.9,-21.8,3174.05,1722.51,1451.54,1561.23,,562.19,-18.43,3.64,26.622466,18347.94,5043.95,-1405.93,-21.8,3380.95,1834.79,1546.15,1663.0,
2024-12-10,689.2,704.92,649.13,676.8,984801.75,-1.8,696.68,681.05,671.02,True,31.82,23.27,21.76,,,,,,649.13,HL,,,562.19,-16.93,3.82,24.99331,16915.47,4425.62,-309.67,-6.54,2864.38,1691.55,1172.84,1561.23,,562.19,-16.93,3.82,26.622466,18018.09,4714.09,-329.85,-6.54,3051.09,1801.81,1249.29,1663.0,
2024-12-11,676.8,713.0,658.54,711.21,526819.3,5.08,698.91,683.93,673.99,True,29.99,22.55,19.9,,,,,,,,,,562.19,-20.95,3.36,24.99331,17775.49,5285.64,860.02,19.43,3724.4,1777.55,1946.85,1561.23,,562.19,-20.95,3.36,26.622466,18934.16,5630.17,916.08,19.43,3967.17,1893.42,2073.76,1663.0,
2024-12-12,711.2,725.61,699.36,705.77,576876.96,-0.76,699.97,686.01,676.35,True,28.62,23.63,19.05,,,,,,,,,,562.19,-20.34,3.43,24.99331,17639.53,5149.67,-135.96,-2.57,3588.44,1763.95,1824.49,1561.23,,562.19,-20.34,3.43,26.622466,18789.34,5485.35,-144.83,-2.57,3822.35,1878.93,1943.41,1663.0,
2024-12-13,705.77,729.88,696.8,725.72,548598.29,2.83,703.93,689.79,680.0,True,27.45,23.05,18.02,,,,,,,,,,562.19,-22.53,3.21,24.99331,18138.15,5648.29,498.62,9.68,4087.06,1813.81,2273.24,1561.23,,562.19,-22.53,3.21,26.622466,19320.46,6016.46,531.12,9.68,4353.47,1932.05,2421.42,1663.0,
2024-12-14,725.73,732.11,705.01,715.79,341929.14,-1.37,705.75,692.26,682.66,True,26.42,22.37,17.19,,,,,,,,,,562.19,-21.46,3.31,24.99331,17889.96,5400.1,-248.18,-4.39,3838.87,1789.0,2049.88,1561.23,,562.19,-21.46,3.31,26.622466,19056.1,5752.1,-264.36,-4.39,4089.1,1905.61,2183.49,1663.0,
2024-12-15,715.8,724.08,702.66,718.87,282457.8,0.43,707.77,694.8,685.34,True,25.38,21.53,16.96,,,,,,,,,SMALL HL confirmed @ 649.13,562.19,-21.79,3.28,24.99331,17966.94,5477.08,76.98,1.43,3915.85,1796.69,2119.16,1561.23,,562.19,-21.79,3.28,26.622466,19138.09,5834.1,82.0,1.43,4171.1,1913.81,2257.29,1663.0,
2024-12-16,718.87,730.0,704.16,720.58,483844.55,0.24,709.74,697.25,687.95,True,24.6,21.59,16.17,,,,,,,,,,562.19,-21.98,3.26,24.99331,18009.68,5519.82,42.74,0.78,3958.59,1800.97,2157.62,1561.23,,562.19,-21.98,3.26,26.622466,19183.62,5879.62,45.52,0.78,4216.63,1918.36,2298.26,1663.0,
2024-12-17,720.58,737.37,712.24,717.69,502868.87,-0.4,710.97,699.2,690.15,True,24.09,21.95,15.42,,,,,737.37,,LH,,,562.19,-21.67,3.29,24.99331,17937.45,5447.59,-72.23,-1.31,3886.36,1793.74,2092.61,1561.23,,562.19,-21.67,3.29,26.622466,19106.68,5802.69,-76.94,-1.31,4139.69,1910.67,2229.02,1663.0,
2024-12-18,717.7,722.0,681.0,686.38,726576.02,-4.36,707.18,697.98,689.87,True,22.42,20.29,20.0,,,,,,,,,,562.19,-18.09,3.68,24.99331,17154.91,4665.05,-782.54,-14.36,3103.82,1715.49,1388.33,1561.23,,562.19,-18.09,3.68,26.622466,18273.13,4969.14,-833.55,-14.36,3306.14,1827.31,1478.82,1663.0,
2024-12-19,686.39,705.57,648.63,665.62,840266.48,-3.02,700.79,694.9,688.08,True,21.76,18.23,23.74,,,,,,,,,,562.19,-15.54,4.01,24.99331,16636.05,4146.19,-518.86,-11.12,2584.96,1663.6,921.35,1561.23,,562.19,-15.54,4.01,26.622466,17720.45,4416.45,-552.68,-11.12,2753.46,1772.04,981.41,1663.0,
2024-12-20,665.61,680.58,618.69,678.6,982349.41,1.95,697.38,693.35,687.37,True,21.89,16.3,26.36,,,,,,618.69,LL,,,562.19,-17.15,3.79,24.99331,16960.46,4470.6,324.41,7.82,2909.37,1696.05,1213.33,1561.23,,562.19,-17.15,3.79,26.622466,18066.01,4762.01,345.56,7.82,3099.01,1806.6,1292.41,1663.0,
2024-12-21,678.6,693.39,652.0,663.49,529437.79,-2.23,692.16,690.5,685.6,True,21.54,17.34,24.48,,,,,,,,,,562.19,-15.27,4.05,24.99331,16582.81,4092.95,-377.65,-8.45,2531.72,1658.28,873.44,1561.23,,562.19,-15.27,4.05,26.622466,17663.74,4359.75,-402.27,-8.45,2696.75,1766.37,930.38,1663.0,
2024-12-22,663.5,669.71,639.37,649.77,333704.38,-2.07,685.64,686.62,682.95,True,21.54,16.42,25.39,,,,,,,,,SMALL LH confirmed @ 737.37,562.19,-13.48,4.33,24.99331,16239.9,3750.05,-342.91,-8.38,2188.81,1623.99,564.82,1561.23,,562.19,-13.48,4.33,26.622466,17298.48,3994.49,-365.26,-8.38,2331.49,1729.85,601.64,1663.0,
2024-12-23,649.77,698.5,638.1,694.16,606364.09,6.83,686.95,687.34,683.78,True,20.54,19.61,22.8,,,,,,,,,,562.19,-19.01,3.57,24.99331,17349.36,4859.5,1109.45,29.59,3298.27,1734.94,1563.33,1561.23,,562.19,-19.01,3.57,26.622466,18480.25,5176.26,1181.77,29.59,3513.26,1848.03,1665.24,1663.0,
2024-12-24,694.16,699.0,682.68,696.9,386936.22,0.39,688.48,688.25,684.75,True,19.59,19.13,22.14,,,,,,,,,,562.19,-19.33,3.53,24.99331,17417.84,4927.98,68.48,1.41,3366.75,1741.78,1624.97,1561.23,,562.19,-19.33,3.53,26.622466,18553.2,5249.2,72.95,1.41,3586.21,1855.32,1730.89,1663.0,
2024-12-25,696.89,713.28,695.94,702.72,232510.25,0.84,690.67,689.63,686.08,True,18.24,21.16,21.43,,,,,,,,,SMALL LL confirmed @ 618.69,562.19,-20.0,3.46,24.99331,17563.3,5073.44,145.46,2.95,3512.21,1756.33,1755.88,1561.23,,562.19,-20.0,3.46,26.622466,18708.14,5404.15,154.94,2.95,3741.15,1870.81,1870.33,1663.0,
2024-12-26,702.71,719.99,683.0,689.4,381100.0,-1.9,690.48,689.61,686.33,True,17.38,19.71,22.36,,,,,,,,,,562.19,-18.45,3.63,24.99331,17230.39,4740.53,-332.91,-6.56,3179.3,1723.04,1456.26,1561.23,,562.19,-18.45,3.63,26.622466,18353.53,5049.54,-354.61,-6.56,3386.54,1835.35,1551.18,1663.0,
2024-12-27,689.4,718.88,685.73,691.85,347156.04,0.36,690.69,689.82,686.74,True,16.59,18.49,20.98,,,,,,,,,,562.19,-18.74,3.6,24.99331,17291.62,4801.76,61.23,1.29,3240.53,1729.16,1511.37,1561.23,,562.19,-18.74,3.6,26.622466,18418.75,5114.76,65.23,1.29,3451.76,1841.88,1609.89,1663.0,
2024-12-28,691.86,731.24,691.3,722.13,344251.86,4.38,695.52,692.9,689.36,True,15.41,19.41,19.41,,,,,731.24,,LH,,,562.19,-22.15,3.25,24.99331,18048.42,5558.56,756.8,15.76,3997.33,1804.84,2192.49,1561.23,,562.19,-22.15,3.25,26.622466,19224.88,5920.89,806.13,15.76,4257.89,1922.49,2335.4,1663.0,
2024-12-29,722.13,724.7,690.0,694.71,241528.14,-3.8,695.4,693.07,689.76,True,14.35,18.15,18.39,,,,,,,,,,562.19,-19.08,3.56,24.99331,17363.1,4873.25,-685.32,-12.33,3312.01,1736.31,1575.7,1561.23,,562.19,-19.08,3.56,26.622466,18494.89,5190.9,-729.99,-12.33,3527.9,1849.49,1678.41,1663.0,
2024-12-30,694.71,712.2,687.75,705.36,297267.1,1.53,696.93,694.24,690.91,True,13.46,17.3,17.96,,,,,,687.75,HL,,,562.19,-20.3,3.43,24.99331,17629.28,5139.42,266.18,5.46,3578.19,1762.93,1815.26,1561.23,,562.19,-20.3,3.43,26.622466,18778.42,5474.43,283.53,5.46,3811.43,1877.84,1933.59,1663.0,
2024-12-31,705.35,714.99,698.48,702.3,235464.83,-0.43,697.76,695.01,691.76,True,12.52,17.28,17.37,,,,,,,,,,562.19,-19.95,3.47,24.99331,17552.8,5062.94,-76.48,-1.49,3501.71,1755.28,1746.43,1561.23,,562.19,-19.95,3.47,26.622466,18696.96,5392.97,-81.46,-1.49,3729.97,1869.7,1860.27,1663.0,
2025-01-01,702.31,711.5,700.3,707.84,135703.34,0.79,699.31,696.23,692.95,True,11.64,16.87,16.96,,,,,,,,,,562.19,-20.58,3.4,24.99331,17691.26,5201.41,138.46,2.73,3640.18,1769.13,1871.05,1561.23,,562.19,-20.58,3.4,26.622466,18844.45,5540.45,147.49,2.73,3877.46,1884.44,1993.01,1663.0,
2025-01-02,707.84,715.8,698.04,706.25,292533.81,-0.22,700.38,697.18,693.93,True,10.99,17.16,16.3,,,,,,,,,SMALL LH confirmed @ 731.24,562.19,-20.4,3.42,24.99331,17651.53,5161.67,-39.74,-0.76,3600.44,1765.15,1835.28,1561.23,,562.19,-20.4,3.42,26.622466,18802.12,5498.12,-42.33,-0.76,3835.13,1880.21,1954.91,1663.0,
2025-01-03,706.24,715.69,697.03,714.88,291701.68,1.22,702.61,698.87,695.48,True,10.34,16.44,15.84,,,,,,,,,,562.19,-21.36,3.32,24.99331,17867.22,5377.36,215.69,4.18,3816.13,1786.72,2029.41,1561.23,,562.19,-21.36,3.32,26.622466,19031.87,5727.88,229.75,4.18,4064.88,1903.19,2161.69,1663.0,
2025-01-04,714.87,721.84,707.82,713.41,167274.26,-0.21,704.27,700.25,696.81,True,10.04,17.34,15.32,,,,,,,,,SMALL HL confirmed @ 687.75,562.19,-21.2,3.34,24.99331,17830.48,5340.62,-36.74,-0.68,3779.39,1783.05,1996.34,1561.23,,562.19,-21.2,3.34,26.622466,18992.73,5688.74,-39.14,-0.68,4025.74,1899.27,2126.47,1663.0,
2025-01-05,713.41,713.93,702.51,709.29,115144.34,-0.58,705.04,701.12,697.74,True,9.47,16.85,16.2,,,,,,,,,,562.19,-20.74,3.38,24.99331,17727.51,5237.65,-102.97,-1.93,3676.42,1772.75,1903.67,1561.23,,562.19,-20.74,3.38,26.622466,18883.05,5579.06,-109.68,-1.93,3916.06,1888.3,2027.75,1663.0,
2025-01-06,709.29,745.29,705.91,729.42,357347.86,2.84,708.79,703.81,700.08,True,10.34,22.77,14.67,,,,,745.29,,HH,,,562.19,-22.93,3.18,24.99331,18230.62,5740.76,503.12,9.61,4179.53,1823.06,2356.47,1561.23,,562.19,-22.93,3.18,26.622466,19418.96,6114.97,535.91,9.61,4451.97,1941.9,2510.07,1663.0,
2025-01-07,729.42,733.33,691.2,698.01,436096.68,-4.31,707.13,703.26,699.93,True,10.35,20.54,16.65,,,,,,,,,,562.19,-19.46,3.52,24.99331,17445.58,4955.72,-785.04,-13.67,3394.49,1744.56,1649.93,1561.23,,562.19,-19.46,3.52,26.622466,18582.75,5278.76,-836.21,-13.67,3615.76,1858.27,1757.48,1663.0,
2025-01-08,698.0,707.46,674.72,696.03,427277.96,-0.28,705.43,702.57,699.64,True,9.65,18.98,19.21,,,,,,,,,,562.19,-19.23,3.55,24.99331,17396.09,4906.24,-49.49,-1.0,3345.0,1739.61,1605.4,1561.23,,562.19,-19.23,3.55,26.622466,18530.04,5226.04,-52.71,-1.0,3563.04,1853.0,1710.04,1663.0,
2025-01-09,696.03,701.72,675.12,685.48,331906.58,-1.52,702.36,700.94,698.59,True,9.0,17.8,18.01,,,,,,,,BEAR_CHOCH,SMALL BEAR CHOCH @ 685.48 (level 687.75),,,,,,4642.56,-263.68,-5.37,0.0,0.0,,4642.56,"EXIT @ 685.48 (small red CHoCH, realized +1520.09)",,,,,,4945.18,-280.87,-5.37,0.0,0.0,,4945.18,"EXIT @ 685.48 (small red CHoCH, realized +1619.18)"
2025-01-10,685.47,700.69,683.18,693.21,234590.49,1.13,700.95,700.21,698.19,True,8.4,17.05,17.25,,,,,,,,,,,,,,,4642.56,0.0,0.0,0.0,0.0,,4642.56,,,,,,,4945.18,0.0,0.0,0.0,0.0,,4945.18,
2025-01-11,693.21,701.47,690.39,696.7,87734.79,0.5,700.3,699.87,698.08,True,7.8,16.77,16.77,,,,,,,,,SMALL HH confirmed @ 745.29,,,,,,4642.56,0.0,0.0,0.0,0.0,,4642.56,,,,,,,4945.18,0.0,0.0,0.0,0.0,,4945.18,
2025-01-12,696.71,698.63,689.8,693.34,78211.3,-0.48,699.23,699.25,697.73,True,7.28,16.38,16.53,,,,,,,,,,,,,,,4642.56,0.0,0.0,0.0,0.0,,4642.56,,,,,,,4945.18,0.0,0.0,0.0,0.0,,4945.18,
2025-01-13,693.35,700.0,660.0,688.64,386629.94,-0.68,697.6,698.24,697.06,True,8.25,14.7,22.48,,,,,,660.0,LL,,,,,,,,4642.56,0.0,0.0,0.0,0.0,,4642.56,,,,,,,4945.18,0.0,0.0,0.0,0.0,,4945.18,
2025-01-14,688.64,699.97,686.3,698.89,159723.61,1.49,697.8,698.3,697.19,True,9.16,14.16,21.66,,,,,,,,,,,,,,,4642.56,0.0,0.0,0.0,0.0,,4642.56,,,,,,,4945.18,0.0,0.0,0.0,0.0,,4945.18,
2025-01-15,698.89,715.0,688.45,714.59,282718.75,2.25,700.38,699.85,698.48,True,9.07,17.17,20.13,,,,,,,,,,,,,,,4642.56,0.0,0.0,0.0,0.0,,4642.56,,,,,,,4945.18,0.0,0.0,0.0,0.0,,4945.18,
2025-01-16,714.59,717.5,700.5,708.1,268104.73,-0.91,701.57,700.64,699.19,True,8.84,17.05,19.19,,,,,,,,,,,,,,,4642.56,0.0,0.0,0.0,0.0,,4642.56,,,,,,,4945.18,0.0,0.0,0.0,0.0,,4945.18,
2025-01-17,708.1,729.97,708.1,721.76,289751.28,1.93,704.67,702.65,700.87,True,8.49,19.47,18.03,,,,,729.97,,LH,,,,,,,,4642.56,0.0,0.0,0.0,0.0,,4642.56,,,,,,,4945.18,0.0,0.0,0.0,0.0,,4945.18,
2025-01-18,721.76,723.32,695.0,709.52,370480.46,-1.7,705.42,703.3,701.51,True,8.31,17.96,20.23,,,,,,,,,SMALL LL confirmed @ 660.00,,,,,,4642.56,0.0,0.0,0.0,0.0,,4642.56,,,,,,,4945.18,0.0,0.0,0.0,0.0,,4945.18,
2025-01-19,709.52,714.6,676.0,683.19,712985.3,-3.71,702.0,701.39,700.15,True,9.0,16.11,23.2,,,,,,,,,,,,,,,4642.56,0.0,0.0,0.0,0.0,,4642.56,,,,,,,4945.18,0.0,0.0,0.0,0.0,,4945.18,
2025-01-20,683.2,709.38,671.0,682.51,668236.49,-0.1,699.0,699.59,698.84,True,9.85,14.52,22.2,,,,,,,,,,,,,,,4642.56,0.0,0.0,0.0,0.0,,4642.56,,,,,,,4945.18,0.0,0.0,0.0,0.0,,4945.18,
2025-01-21,682.51,697.0,675.01,692.21,294203.47,1.42,697.96,698.89,698.35,False,10.64,13.68,20.92,,,,,,,,,,,,,,,4642.56,0.0,0.0,0.0,0.0,,4642.56,,,,,,,4945.18,0.0,0.0,0.0,0.0,,4945.18,
2025-01-22,692.21,704.13,689.93,695.52,218410.23,0.48,697.58,698.57,698.14,False,10.9,15.09,20.11,,,,,,,,,SMALL LH confirmed @ 729.97,,,,,,4642.56,0.0,0.0,0.0,0.0,,4642.56,,,,,,,4945.18,0.0,0.0,0.0,0.0,,4945.18,
2025-01-23,695.52,697.65,680.26,689.74,331191.46,-0.83,696.38,697.73,697.52,False,11.59,14.36,21.83,,,,,,,,,BIG HH confirmed @ 793.86,,,,,,4642.56,0.0,0.0,0.0,0.0,,4642.56,,,,,,,4945.18,0.0,0.0,0.0,0.0,,4945.18,
2025-01-24,689.73,691.31,678.75,680.45,280584.3,-1.35,693.93,696.08,696.26,False,12.31,13.84,21.47,,,,,,,,,,,,,,,4642.56,0.0,0.0,0.0,0.0,,4642.56,,,,,,,4945.18,0.0,0.0,0.0,0.0,,4945.18,
2025-01-25,680.45,689.56,677.68,686.4,140203.28,0.87,692.77,695.16,695.53,False,13.03,13.35,21.03,,,,,,,,,,,,,,,4642.56,0.0,0.0,0.0,0.0,,4642.56,,,,,,,4945.18,0.0,0.0,0.0,0.0,,4945.18,
2025-01-26,686.4,690.82,664.64,667.37,195887.17,-2.77,688.86,692.51,693.44,False,14.3,12.31,23.27,,,,,,,,,,,,,,,4642.56,0.0,0.0,0.0,0.0,,4642.56,,,,,,,4945.18,0.0,0.0,0.0,0.0,,4945.18,
2025-01-27,667.36,680.53,637.79,679.74,486667.8,1.85,687.46,691.3,692.43,False,16.44,10.83,28.03,,,,,,637.79,LL,,,,,,,,4642.56,0.0,0.0,0.0,0.0,,4642.56,,,,,,,4945.18,0.0,0.0,0.0,0.0,,4945.18,
2025-01-28,679.75,682.88,659.4,661.29,202591.47,-2.71,683.43,688.44,690.12,False,18.24,10.77,26.17,,,,,,,,,,,,,,,4642.56,0.0,0.0,0.0,0.0,,4642.56,,,,,,,4945.18,0.0,0.0,0.0,0.0,,4945.18,
2025-01-29,661.28,680.01,659.37,667.97,255536.14,1.01,681.05,686.49,688.48,False,19.91,10.14,24.63,,,,,,,,,,,,,,,4642.56,0.0,0.0,0.0,0.0,,4642.56,,,,,,,4945.18,0.0,0.0,0.0,0.0,,4945.18,
2025-01-30,667.97,682.99,666.0,677.53,145419.42,1.43,680.51,685.64,687.67,False,21.21,10.51,23.4,,,,,,,,,,,,,,,4642.56,0.0,0.0,0.0,0.0,,4642.56,,,,,,,4945.18,0.0,0.0,0.0,0.0,,4945.18,
2025-01-31,677.53,689.44,673.5,677.47,190707.86,-0.01,680.04,684.86,686.91,False,21.85,11.94,22.28,,,,,689.44,,LH,,,,,,,,4642.56,0.0,0.0,0.0,0.0,,4642.56,,,,,,,4945.18,0.0,0.0,0.0,0.0,,4945.18,
2025-02-01,677.48,681.56,650.73,652.94,177371.37,-3.62,675.87,681.82,684.4,False,23.33,10.86,26.96,,,,,,,,,SMALL LL confirmed @ 637.79,,,,,,4642.56,0.0,0.0,0.0,0.0,,4642.56,,,,,,,4945.18,0.0,0.0,0.0,0.0,,4945.18,
2025-02-02,652.94,663.22,600.0,617.8,506728.6,-5.38,666.94,675.72,679.46,False,25.93,9.04,35.86,,,,,,,,BEAR_BOS,SMALL BEAR BOS @ 617.80 (level 637.79),,,,,,4642.56,0.0,0.0,0.0,0.0,,4642.56,,,,,,,4945.18,0.0,0.0,0.0,0.0,,4945.18,
2025-02-03,617.8,619.19,500.0,617.21,1340856.88,-0.1,659.29,670.15,674.85,False,29.46,6.75,48.03,,500.0,HL,,,500.0,LL,,,,,,,,4642.56,0.0,0.0,0.0,0.0,,4642.56,,,,,,,4945.18,0.0,0.0,0.0,0.0,,4945.18,
2025-02-04,617.21,619.24,557.88,572.69,549571.47,-7.21,645.97,660.87,667.28,False,32.73,5.93,42.12,,,,,,,,,,,,,,,4642.56,0.0,0.0,0.0,0.0,,4642.56,,,,,,,4945.18,0.0,0.0,0.0,0.0,,4945.18,
2025-02-05,572.69,580.0,561.22,569.55,227055.22,-0.55,634.21,652.17,660.04,False,35.78,5.7,40.47,,,,,,,,,SMALL LH confirmed @ 689.44,,,,,,4642.56,0.0,0.0,0.0,0.0,,4642.56,,,,,,,4945.18,0.0,0.0,0.0,0.0,,4945.18,
2025-02-06,569.55,589.99,568.87,571.72,334342.95,0.38,624.6,644.51,653.5,False,38.02,7.58,38.65,,,,,,,,,,,,,,,4642.56,0.0,0.0,0.0,0.0,,4642.56,,,,,,,4945.18,0.0,0.0,0.0,0.0,,4945.18,
2025-02-07,571.71,589.9,570.58,577.71,222673.88,1.05,617.38,638.15,647.89,False,40.11,7.25,37.0,,,,,,,,,,,,,,,4642.56,0.0,0.0,0.0,0.0,,4642.56,,,,,,,4945.18,0.0,0.0,0.0,0.0,,4945.18,
2025-02-08,577.7,633.73,573.62,612.39,490805.55,6.0,616.61,635.69,645.26,False,39.77,15.45,32.39,,,,,,,,,SMALL LL confirmed @ 500.00,,,,,,4642.56,0.0,0.0,0.0,0.0,,4642.56,,,,,,,4945.18,0.0,0.0,0.0,0.0,,4945.18,
2025-02-09,612.39,648.13,602.4,615.81,774091.07,0.56,616.49,633.8,643.08,False,38.85,16.93,29.38,,,,,,,,,,,,,,,4642.56,0.0,0.0,0.0,0.0,,4642.56,,,,,,,4945.18,0.0,0.0,0.0,0.0,,4945.18,
2025-02-10,615.81,622.42,596.24,618.65,360129.04,0.46,616.82,632.36,641.27,False,38.14,16.02,29.07,,,,,,,,,,,,,,,4642.56,0.0,0.0,0.0,0.0,,4642.56,,,,,,,4945.18,0.0,0.0,0.0,0.0,,4945.18,
2025-02-11,618.65,646.94,615.08,642.11,488539.29,3.79,620.71,633.29,641.33,False,36.49,20.05,27.14,,,,,,,,,,,,,,,4642.56,0.0,0.0,0.0,0.0,,4642.56,,,,,,,4945.18,0.0,0.0,0.0,0.0,,4945.18,
2025-02-12,642.12,705.48,626.88,696.93,822216.62,8.54,632.44,639.35,645.45,False,34.6,28.19,23.08,,,,,,,,BULL_CHOCH,SMALL BULL CHOCH @ 696.93 (level 689.44),348.46,-50.0,1.0,6.66144,4642.56,4642.56,0.0,0.0,2321.28,2321.28,0.0,2321.28,"ENTRY @ 696.93 (small green CHoCH, margin $2321.28 [50% of bank] @ 2x [ADX 34.6, zone red], 6.661440 units)",348.46,-50.0,1.0,7.095657,4945.18,4945.18,0.0,0.0,2472.59,2472.59,0.0,2472.59,"ENTRY @ 696.93 (small green CHoCH, margin $2472.59 [50% of bank] @ 2x [ADX 34.6, zone red], 7.095657 units)"
2025-02-13,696.92,732.0,658.28,664.72,1766921.7,-4.62,637.41,641.76,646.88,False,33.45,29.21,20.05,732.0,,LH,,732.0,,HH,,,348.46,-47.58,1.0,6.66144,4427.99,4427.99,-214.56,-4.62,2106.71,2214.0,-107.28,2321.28,,348.46,-47.58,1.0,7.095657,4716.63,4716.63,-228.55,-4.62,2244.04,2358.31,-114.28,2472.59,
2025-02-14,664.73,684.86,652.0,659.71,650460.88,-0.75,640.84,643.47,647.83,False,32.19,27.48,20.0,,,,,,,,,,348.46,-47.18,1.0,6.66144,4394.62,4394.62,-33.37,-0.75,2073.34,2197.31,-123.97,2321.28,,348.46,-47.18,1.0,7.095657,4681.08,4681.08,-35.55,-0.75,2208.49,2340.54,-132.05,2472.59,
2025-02-15,659.72,671.43,653.46,662.21,255950.9,0.38,644.12,645.26,648.89,False,31.02,26.56,19.32,,,,,,,,,,348.46,-47.38,1.0,6.66144,4411.27,4411.27,16.65,0.38,2089.99,2205.64,-115.64,2321.28,,348.46,-47.38,1.0,7.095657,4698.82,4698.82,17.74,0.38,2226.23,2349.41,-123.18,2472.59,
2025-02-16,662.21,686.04,653.11,673.1,362205.96,1.64,648.58,647.91,650.69,False,30.29,27.67,18.12,,,,,,,,,,348.46,-48.23,1.0,6.66144,4483.82,4483.82,72.54,1.64,2162.54,2241.91,-79.37,2321.28,,348.46,-48.23,1.0,7.095657,4776.09,4776.09,77.27,1.64,2303.5,2388.04,-84.54,2472.59,
2025-02-17,673.1,682.29,657.99,667.51,323350.28,-0.83,651.49,649.78,651.93,False,29.62,26.36,17.26,,,,,,,,,,348.46,-47.8,1.0,6.66144,4446.58,4446.58,-37.24,-0.83,2125.3,2223.29,-97.99,2321.28,,348.46,-47.8,1.0,7.095657,4736.42,4736.42,-39.66,-0.83,2263.83,2368.21,-104.38,2472.59,
2025-02-18,667.52,668.3,629.65,648.18,366356.99,-2.9,650.98,649.62,651.65,False,27.96,24.39,21.46,,,,,,629.65,HL,,SMALL HH confirmed @ 732.00,348.46,-46.24,1.0,6.66144,4317.81,4317.81,-128.77,-2.9,1996.53,2158.91,-162.37,2321.28,,348.46,-46.24,1.0,7.095657,4599.26,4599.26,-137.16,-2.9,2126.67,2299.63,-172.96,2472.59,
2025-02-19,648.19,664.44,636.99,653.38,352798.24,0.8,651.35,649.98,651.78,False,26.42,23.07,20.3,,,,,,,,,,348.46,-46.67,1.0,6.66144,4352.45,4352.45,34.64,0.8,2031.17,2176.23,-145.05,2321.28,,348.46,-46.67,1.0,7.095657,4636.16,4636.16,36.9,0.8,2163.57,2318.08,-154.51,2472.59,
2025-02-20,653.38,659.03,645.88,656.36,215894.37,0.46,652.12,650.59,652.12,True,24.99,22.44,19.75,,,,,,,,,,348.46,-46.91,1.0,6.66144,4372.3,4372.3,19.85,0.46,2051.02,2186.15,-135.13,2321.28,,348.46,-46.91,1.0,7.095657,4657.31,4657.31,21.15,0.46,2184.72,2328.65,-143.94,2472.59,
2025-02-21,656.36,668.5,635.0,647.47,317327.16,-1.35,651.41,650.29,651.78,False,23.24,20.88,20.63,,,,,,,,,,348.46,-46.18,1.0,6.66144,4313.08,4313.08,-59.22,-1.35,1991.8,2156.54,-164.74,2321.28,,348.46,-46.18,1.0,7.095657,4594.23,4594.23,-63.08,-1.35,2121.64,2297.11,-175.48,2472.59,
2025-02-22,647.47,679.9,645.21,668.57,297923.18,3.26,654.05,652.03,653.02,True,22.04,21.74,19.15,,,,,679.9,,LH,,,348.46,-47.88,1.0,6.66144,4453.64,4453.64,140.56,3.26,2132.36,2226.82,-94.46,2321.28,,348.46,-47.88,1.0,7.095657,4743.94,4743.94,149.72,3.26,2271.36,2371.97,-100.62,2472.59,
2025-02-23,668.57,671.1,648.49,658.42,166658.01,-1.52,654.72,652.64,653.42,True,20.92,20.7,18.23,,,,,,,,,SMALL HL confirmed @ 629.65,348.46,-47.08,1.0,6.66144,4386.03,4386.03,-67.61,-1.52,2064.75,2193.01,-128.27,2321.28,,348.46,-47.08,1.0,7.095657,4671.92,4671.92,-72.02,-1.52,2199.33,2335.96,-136.63,2472.59,
2025-02-24,658.41,659.56,610.6,614.2,360147.15,-6.72,648.49,648.98,650.51,False,20.35,18.61,24.18,,,,,,,,BEAR_CHOCH,SMALL BEAR CHOCH @ 614.20 (level 629.65),,,,,,4091.46,-294.57,-6.72,0.0,0.0,,4091.46,"EXIT @ 614.20 (small red CHoCH, realized -551.10)",,,,,,4358.15,-313.77,-6.72,0.0,0.0,,4358.15,"EXIT @ 614.20 (small red CHoCH, realized -587.02)"
2025-02-25,614.19,628.7,586.0,623.49,647434.61,1.51,644.64,646.55,648.51,False,20.53,17.01,27.07,,,,,,,,,,,,,,,4091.46,0.0,0.0,0.0,0.0,,4091.46,,,,,,,4358.15,0.0,0.0,0.0,0.0,,4358.15,
2025-02-26,623.49,632.14,594.07,611.57,428035.43,-1.91,639.55,643.22,645.78,False,20.55,16.4,25.0,,,,,,,,,,,,,,,4091.46,0.0,0.0,0.0,0.0,,4091.46,,,,,,,4358.15,0.0,0.0,0.0,0.0,,4358.15,
2025-02-27,611.57,619.77,595.84,605.41,295518.12,-1.01,634.3,639.62,642.79,False,20.56,15.59,23.77,,,,,,,,,SMALL LH confirmed @ 679.90,,,,,,4091.46,0.0,0.0,0.0,0.0,,4091.46,,,,,,,4358.15,0.0,0.0,0.0,0.0,,4358.15,
2025-02-28,605.41,606.33,559.71,588.07,600999.32,-2.86,627.19,634.71,638.73,False,21.54,14.13,28.8,,,,,,,,,,,,,,,4091.46,0.0,0.0,0.0,0.0,,4091.46,,,,,,,4358.15,0.0,0.0,0.0,0.0,,4358.15,
2025-03-01,588.07,609.48,586.4,607.93,292254.36,3.38,624.23,632.16,636.45,False,22.29,14.1,27.43,,,,,,,,,,,,,,,4091.46,0.0,0.0,0.0,0.0,,4091.46,,,,,,,4358.15,0.0,0.0,0.0,0.0,,4358.15,
2025-03-02,607.94,635.01,601.5,623.94,469069.23,2.63,624.18,631.38,635.52,False,21.86,18.4,25.53,,,,,,,,,,,,,,,4091.46,0.0,0.0,0.0,0.0,,4091.46,,,,,,,4358.15,0.0,0.0,0.0,0.0,,4358.15,
2025-03-03,623.94,624.36,567.5,576.1,497949.88,-7.67,616.78,626.11,631.12,False,22.33,16.34,29.38,,,,,,,,,,,,,,,4091.46,0.0,0.0,0.0,0.0,,4091.46,,,,,,,4358.15,0.0,0.0,0.0,0.0,,4358.15,
2025-03-04,576.09,588.75,546.83,584.01,488869.85,1.37,611.74,622.1,627.63,False,23.22,15.0,31.01,,,,,,546.83,LL,,,,,,,,4091.46,0.0,0.0,0.0,0.0,,4091.46,,,,,,,4358.15,0.0,0.0,0.0,0.0,,4358.15,
2025-03-05,584.01,606.06,580.57,598.24,206205.99,2.44,609.66,619.83,625.46,False,23.35,17.69,29.43,,,,,,,,,,,,,,,4091.46,0.0,0.0,0.0,0.0,,4091.46,,,,,,,4358.15,0.0,0.0,0.0,0.0,,4358.15,
2025-03-06,598.25,612.9,589.2,596.5,223701.39,-0.29,607.64,617.61,623.31,False,23.19,18.23,28.01,,,,,612.9,,LH,,,,,,,,4091.46,0.0,0.0,0.0,0.0,,4091.46,,,,,,,4358.15,0.0,0.0,0.0,0.0,,4358.15,
2025-03-07,596.49,610.2,577.23,594.77,289363.93,-0.29,605.66,615.43,621.2,False,23.35,17.0,28.57,,,,,,,,,,,,,,,4091.46,0.0,0.0,0.0,0.0,,4091.46,,,,,,,4358.15,0.0,0.0,0.0,0.0,,4358.15,
2025-03-08,594.77,602.77,590.11,593.1,117220.63,-0.28,603.73,613.31,619.12,False,23.49,16.54,27.79,,,,,,,,,,,,,,,4091.46,0.0,0.0,0.0,0.0,,4091.46,,,,,,,4358.15,0.0,0.0,0.0,0.0,,4358.15,
2025-03-09,593.1,593.1,550.2,554.65,246382.9,-6.48,596.18,607.72,614.34,False,24.55,15.04,33.69,,,,,,,,,SMALL LL confirmed @ 546.83,,,,,,4091.46,0.0,0.0,0.0,0.0,,4091.46,,,,,,,4358.15,0.0,0.0,0.0,0.0,,4358.15,
2025-03-10,554.65,573.4,523.01,531.49,410154.62,-4.18,586.23,600.46,608.2,False,26.02,13.5,35.77,,,,,,,,BEAR_BOS,SMALL BEAR BOS @ 531.49 (level 546.83),,,,,,4091.46,0.0,0.0,0.0,0.0,,4091.46,,,,,,,4358.15,0.0,0.0,0.0,0.0,,4358.15,
2025-03-11,531.49,566.0,507.0,551.61,691870.52,3.79,580.9,595.81,604.01,False,27.65,11.95,34.78,,507.0,HL,,,507.0,LL,,SMALL LH confirmed @ 612.90,,,,,,4091.46,0.0,0.0,0.0,0.0,,4091.46,,,,,,,4358.15,0.0,0.0,0.0,0.0,,4358.15,
2025-03-12,551.61,574.95,544.63,569.87,367224.21,3.31,579.2,593.34,601.48,False,28.76,13.0,32.71,,,,,,,,,,,,,,,4091.46,0.0,0.0,0.0,0.0,,4091.46,,,,,,,4358.15,0.0,0.0,0.0,0.0,,4358.15,
2025-03-13,569.87,613.71,567.99,579.8,647497.03,1.74,579.29,592.05,599.88,False,28.23,19.34,29.82,,,,,,,,,,,,,,,4091.46,0.0,0.0,0.0,0.0,,4091.46,,,,,,,4358.15,0.0,0.0,0.0,0.0,,4358.15,
2025-03-14,579.8,589.81,576.61,587.76,213012.08,1.37,580.6,591.64,598.98,False,27.74,18.82,29.02,,,,,,,,,,,,,,,4091.46,0.0,0.0,0.0,0.0,,4091.46,,,,,,,4358.15,0.0,0.0,0.0,0.0,,4358.15,
2025-03-15,587.76,619.96,587.49,619.83,254324.01,5.46,586.63,594.32,600.52,False,26.23,23.71,27.1,,,,,,,,BULL_CHOCH,SMALL BULL CHOCH @ 619.83 (level 612.90),309.91,-50.0,1.0,6.600933,4091.46,4091.46,0.0,0.0,2045.73,2045.73,0.0,2045.73,"ENTRY @ 619.83 (small green CHoCH, margin $2045.73 [50% of bank] @ 2x [ADX 26.2, zone red], 6.600933 units)",309.92,-50.0,1.0,7.031206,4358.15,4358.15,0.0,0.0,2179.08,2179.08,0.0,2179.08,"ENTRY @ 619.83 (small green CHoCH, margin $2179.08 [50% of bank] @ 2x [ADX 26.2, zone red], 7.031206 units)"
2025-03-16,619.82,622.8,593.06,602.2,255774.32,-2.84,589.03,595.07,600.65,False,24.74,22.85,25.44,,,,,,,,,SMALL LL confirmed @ 507.00,309.91,-48.54,1.0,6.600933,3975.08,3975.08,-116.37,-2.84,1929.35,1987.54,-58.19,2045.73,,309.92,-48.54,1.0,7.031206,4234.19,4234.19,-123.96,-2.84,2055.12,2117.1,-61.98,2179.08,
2025-03-17,602.21,643.72,602.04,631.69,591668.18,4.9,595.59,598.56,602.95,False,23.25,25.16,23.29,,,,,643.72,,HH,,,309.91,-50.94,1.0,6.600933,4169.74,4169.74,194.66,4.9,2124.02,2084.87,39.14,2045.73,,309.92,-50.94,1.0,7.031206,4441.54,4441.54,207.35,4.9,2262.47,2220.77,41.7,2179.08,
2025-03-18,631.68,643.33,620.28,627.81,443437.83,-0.61,600.55,601.35,604.79,False,21.86,23.95,22.18,,,,,,,,,,309.91,-50.64,1.0,6.600933,4144.13,4144.13,-25.61,-0.61,2098.4,2072.07,26.34,2045.73,,309.92,-50.64,1.0,7.031206,4414.26,4414.26,-27.28,-0.61,2235.19,2207.13,28.05,2179.08,
2025-03-19,627.81,628.2,604.36,618.7,399993.64,-1.45,603.34,603.0,605.82,False,20.56,22.74,24.44,,,,,,604.36,HL,,,309.91,-49.91,1.0,6.600933,4084.0,4084.0,-60.13,-1.45,2038.27,2042.0,-3.73,2045.73,,309.92,-49.91,1.0,7.031206,4350.21,4350.21,-64.05,-1.45,2171.13,2175.1,-3.97,2179.08,
2025-03-20,618.71,637.75,616.55,630.47,578472.12,1.9,607.51,605.62,607.65,False,19.16,23.77,23.31,,,,,,,,,,309.91,-50.84,1.0,6.600933,4161.69,4161.69,77.69,1.9,2115.96,2080.85,35.12,2045.73,,309.92,-50.84,1.0,7.031206,4432.96,4432.96,82.76,1.9,2253.89,2216.48,37.41,2179.08,
2025-03-21,630.47,637.8,624.92,635.17,262205.57,0.75,611.77,608.43,609.68,True,17.87,23.08,22.62,,,,,,,,,,309.91,-51.21,1.0,6.600933,4192.71,4192.71,31.02,0.75,2146.99,2096.36,50.63,2045.73,,309.92,-51.21,1.0,7.031206,4466.01,4466.01,33.05,0.75,2286.94,2233.01,53.93,2179.08,
2025-03-22,635.16,636.1,623.79,627.01,140206.08,-1.28,614.11,610.2,610.97,True,16.62,22.4,22.23,,,,,,,,,SMALL HH confirmed @ 643.72,309.91,-50.57,1.0,6.600933,4138.85,4138.85,-53.86,-1.28,2093.12,2069.43,23.7,2045.73,,309.92,-50.57,1.0,7.031206,4408.64,4408.64,-57.37,-1.28,2229.56,2204.32,25.24,2179.08,
2025-03-23,627.01,629.14,619.5,623.79,155602.58,-0.51,615.6,611.49,611.92,True,15.58,21.86,22.76,,,,,,,,,,309.91,-50.32,1.0,6.600933,4117.6,4117.6,-21.26,-0.51,2071.87,2058.8,13.07,2045.73,,309.92,-50.32,1.0,7.031206,4386.0,4386.0,-22.64,-0.51,2206.92,2193.0,13.92,2179.08,
2025-03-24,623.8,639.5,618.0,637.08,307575.99,2.13,618.91,613.93,613.78,True,14.75,23.31,21.51,,,,,,,,,SMALL HL confirmed @ 604.36,309.91,-51.35,1.0,6.600933,4205.32,4205.32,87.73,2.13,2159.59,2102.66,56.93,2045.73,,309.92,-51.35,1.0,7.031206,4479.44,4479.44,93.44,2.13,2300.36,2239.72,60.64,2179.08,
2025-03-25,637.08,644.88,627.05,629.82,554571.56,-1.14,620.59,615.44,614.97,True,14.2,23.63,20.51,,,,,644.88,,HH,,BIG HL confirmed @ 500.00,309.91,-50.79,1.0,6.600933,4157.4,4157.4,-47.92,-1.14,2111.67,2078.7,32.97,2045.73,,309.92,-50.79,1.0,7.031206,4428.39,4428.39,-51.05,-1.14,2249.32,2214.2,35.12,2179.08,
2025-03-26,629.82,634.01,615.3,617.99,222093.84,-1.88,620.19,615.69,615.19,True,13.22,22.44,22.63,,,,,,,,,,309.91,-49.85,1.0,6.600933,4079.31,4079.31,-78.09,-1.88,2033.58,2039.66,-6.07,2045.73,,309.92,-49.85,1.0,7.031206,4345.22,4345.22,-83.18,-1.88,2166.14,2172.61,-6.47,2179.08,
2025-03-27,618.0,642.5,617.2,637.36,743401.85,3.13,622.83,617.75,616.83,True,12.61,23.2,21.09,,,,,,,,,,309.91,-51.38,1.0,6.600933,4207.17,4207.17,127.86,3.13,2161.44,2103.59,57.86,2045.73,,309.92,-51.38,1.0,7.031206,4481.41,4481.41,136.19,3.13,2302.33,2240.7,61.63,2179.08,
2025-03-28,637.36,637.51,616.0,619.81,317817.16,-2.75,622.36,617.95,617.06,True,11.99,21.84,20.18,,,,,,,,,,309.91,-50.0,1.0,6.600933,4091.32,4091.32,-115.85,-2.75,2045.6,2045.66,-0.07,2045.73,,309.92,-50.0,1.0,7.031206,4358.01,4358.01,-123.4,-2.75,2178.94,2179.01,-0.07,2179.08,
2025-03-29,619.81,623.84,596.97,602.99,254422.26,-2.71,619.38,616.52,616.01,True,11.73,20.24,23.88,,,,,,,,BEAR_CHOCH,SMALL BEAR CHOCH @ 602.99 (level 604.36),,,,,,3980.3,-111.03,-2.71,0.0,0.0,,3980.3,"EXIT @ 602.99 (small red CHoCH, realized -111.16)",,,,,,4239.75,-118.26,-2.71,0.0,0.0,,4239.75,"EXIT @ 602.99 (small red CHoCH, realized -118.41)"
2025-03-30,603.0,613.37,593.58,602.2,195649.4,-0.13,616.74,615.16,614.99,True,11.62,19.13,23.51,,,,,,,,,SMALL HH confirmed @ 644.88,,,,,,3980.3,0.0,0.0,0.0,0.0,,3980.3,,,,,,,4239.75,0.0,0.0,0.0,0.0,,4239.75,
2025-03-31,602.2,608.89,587.26,604.81,254764.27,0.43,614.9,614.17,614.24,True,11.8,17.97,23.86,,,,,,,,,,,,,,,3980.3,0.0,0.0,0.0,0.0,,3980.3,,,,,,,4239.75,0.0,0.0,0.0,0.0,,4239.75,
2025-04-01,604.81,618.54,604.46,611.13,565603.07,1.04,614.32,613.88,614.01,True,11.43,20.03,22.89,,,,,,,,,,,,,,,3980.3,0.0,0.0,0.0,0.0,,3980.3,,,,,,,4239.75,0.0,0.0,0.0,0.0,,4239.75,
2025-04-02,611.12,614.0,584.85,590.68,399507.96,-3.35,610.69,611.67,612.28,False,11.92,18.36,26.59,,,,,,,,,,,,,,,3980.3,0.0,0.0,0.0,0.0,,3980.3,,,,,,,4239.75,0.0,0.0,0.0,0.0,,4239.75,
2025-04-03,590.67,610.58,578.46,592.67,507928.51,0.34,607.91,609.86,610.83,False,12.62,16.71,25.98,,,,,,,,,,,,,,,3980.3,0.0,0.0,0.0,0.0,,3980.3,,,,,,,4239.75,0.0,0.0,0.0,0.0,,4239.75,
2025-04-04,592.68,600.0,585.0,597.71,177145.4,0.85,606.34,608.71,609.85,False,13.27,15.99,24.86,,,,,,,,,BIG LH confirmed @ 732.00,,,,,,3980.3,0.0,0.0,0.0,0.0,,3980.3,,,,,,,4239.75,0.0,0.0,0.0,0.0,,4239.75,
2025-04-05,597.71,599.0,588.71,593.13,85938.08,-0.77,604.31,607.22,608.62,False,13.87,15.49,24.09,,,,,,,,,,,,,,,3980.3,0.0,0.0,0.0,0.0,,3980.3,,,,,,,4239.75,0.0,0.0,0.0,0.0,,4239.75,
2025-04-06,593.13,593.78,544.17,555.54,332256.26,-6.34,596.81,602.3,604.68,False,15.93,13.34,33.19,,,,,,,,,,,,,,,3980.3,0.0,0.0,0.0,0.0,,3980.3,,,,,,,4239.75,0.0,0.0,0.0,0.0,,4239.75,
2025-04-07,555.55,567.6,520.0,554.6,727293.86,-0.17,590.31,597.76,600.97,False,18.39,11.67,35.4,,,,,,520.0,LL,,,,,,,,3980.3,0.0,0.0,0.0,0.0,,3980.3,,,,,,,4239.75,0.0,0.0,0.0,0.0,,4239.75,
2025-04-08,554.6,566.0,547.64,553.72,212191.86,-0.16,584.68,593.56,597.47,False,20.68,11.1,33.65,,,,,,,,,,,,,,,3980.3,0.0,0.0,0.0,0.0,,3980.3,,,,,,,4239.75,0.0,0.0,0.0,0.0,,4239.75,
2025-04-09,553.72,585.97,534.3,582.32,378370.13,5.17,584.32,592.49,596.35,False,21.57,14.69,29.26,,,,,,,,,,,,,,,3980.3,0.0,0.0,0.0,0.0,,3980.3,,,,,,,4239.75,0.0,0.0,0.0,0.0,,4239.75,
2025-04-10,582.32,583.58,566.17,578.03,369219.86,-0.74,583.35,591.12,594.99,False,22.4,14.02,27.94,,,,,,,,,,,,,,,3980.3,0.0,0.0,0.0,0.0,,3980.3,,,,,,,4239.75,0.0,0.0,0.0,0.0,,4239.75,
2025-04-11,578.03,590.36,575.7,585.93,174700.72,1.37,583.75,590.62,594.32,False,22.75,15.29,26.84,,,,,,,,,,,,,,,3980.3,0.0,0.0,0.0,0.0,,3980.3,,,,,,,4239.75,0.0,0.0,0.0,0.0,,4239.75,
2025-04-12,585.93,600.48,584.0,597.29,151268.71,1.94,585.83,591.26,594.54,False,22.5,17.39,25.62,,,,,600.48,,LH,,SMALL LL confirmed @ 520.00,,,,,,3980.3,0.0,0.0,0.0,0.0,,3980.3,,,,,,,4239.75,0.0,0.0,0.0,0.0,,4239.75,
2025-04-13,597.3,598.67,580.32,584.28,144896.28,-2.18,585.59,590.59,593.78,False,22.4,16.49,25.33,,,,,,,,,,,,,,,3980.3,0.0,0.0,0.0,0.0,,3980.3,,,,,,,4239.75,0.0,0.0,0.0,0.0,,4239.75,
2025-04-14,584.29,593.1,583.14,584.54,153827.8,0.04,585.43,590.02,593.1,False,22.31,16.01,24.59,,,,,,,,,,,,,,,3980.3,0.0,0.0,0.0,0.0,,3980.3,,,,,,,4239.75,0.0,0.0,0.0,0.0,,4239.75,
2025-04-15,584.53,590.84,579.38,579.52,141640.58,-0.86,584.52,589.02,592.09,False,22.39,15.44,24.88,,,,,,,,,,,,,,,3980.3,0.0,0.0,0.0,0.0,,3980.3,,,,,,,4239.75,0.0,0.0,0.0,0.0,,4239.75,
2025-04-16,579.52,587.0,576.0,582.8,174537.95,0.57,584.26,588.42,591.4,False,22.6,14.9,25.08,,,,,,576.0,HL,,,,,,,,3980.3,0.0,0.0,0.0,0.0,,3980.3,,,,,,,4239.75,0.0,0.0,0.0,0.0,,4239.75,
2025-04-17,582.8,592.97,581.0,590.49,151848.26,1.32,585.22,588.62,591.34,False,22.37,16.28,24.09,,,,,,,,,SMALL LH confirmed @ 600.48,,,,,,3980.3,0.0,0.0,0.0,0.0,,3980.3,,,,,,,4239.75,0.0,0.0,0.0,0.0,,4239.75,
2025-04-18,590.5,596.08,587.08,591.71,191575.75,0.21,586.22,588.92,591.36,False,21.93,16.85,23.35,,,,,,,,,,,,,,,3980.3,0.0,0.0,0.0,0.0,,3980.3,,,,,,,4239.75,0.0,0.0,0.0,0.0,,4239.75,
2025-04-19,591.7,594.49,587.7,591.73,96609.0,0.0,587.06,589.18,591.39,False,21.52,16.43,22.78,,,,,,,,,,,,,,,3980.3,0.0,0.0,0.0,0.0,,3980.3,,,,,,,4239.75,0.0,0.0,0.0,0.0,,4239.75,
2025-04-20,591.74,595.23,587.5,592.77,115343.6,0.18,587.94,589.52,591.49,False,21.08,16.23,22.11,,,,,,,,,,,,,,,3980.3,0.0,0.0,0.0,0.0,,3980.3,,,,,,,4239.75,0.0,0.0,0.0,0.0,,4239.75,
2025-04-21,592.77,608.52,592.53,597.34,171926.42,0.77,589.39,590.27,591.93,False,19.65,20.31,20.76,,,,,,,,,SMALL HL confirmed @ 576.00,,,,,,3980.3,0.0,0.0,0.0,0.0,,3980.3,,,,,,,4239.75,0.0,0.0,0.0,0.0,,4239.75,
2025-04-22,597.32,619.9,595.0,618.51,285468.16,3.54,593.87,592.96,593.9,False,18.9,22.67,18.84,,,,,,,,BULL_CHOCH,SMALL BULL CHOCH @ 618.51 (level 600.48),309.26,-50.0,1.0,6.435299,3980.3,3980.3,0.0,0.0,1990.15,1990.15,0.0,1990.15,"ENTRY @ 618.51 (small green CHoCH, margin $1990.15 [50% of bank] @ 2x [ADX 18.9, zone red], 6.435299 units)",309.26,-50.0,1.0,6.854775,4239.75,4239.75,0.0,0.0,2119.87,2119.87,0.0,2119.87,"ENTRY @ 618.51 (small green CHoCH, margin $2119.87 [50% of bank] @ 2x [ADX 18.9, zone red], 6.854775 units)"
2025-04-23,618.5,619.99,601.38,605.71,314125.45,-2.07,595.69,594.17,594.77,True,18.22,21.13,17.53,,,,,619.99,,HH,,,309.26,-48.94,1.0,6.435299,3897.92,3897.92,-82.37,-2.07,1907.78,1948.96,-41.19,1990.15,,309.26,-48.94,1.0,6.854775,4152.01,4152.01,-87.74,-2.07,2032.13,2076.0,-43.87,2119.87,
2025-04-24,605.72,606.78,592.59,601.55,204214.28,-0.69,596.59,594.88,595.27,True,16.93,19.99,19.93,,,,,,592.59,HL,,,309.26,-48.59,1.0,6.435299,3871.15,3871.15,-26.77,-0.69,1881.01,1935.58,-54.57,1990.15,,309.26,-48.59,1.0,6.854775,4123.49,4123.49,-28.52,-0.69,2003.62,2061.75,-58.13,2119.87,
2025-04-25,601.56,610.35,597.2,599.91,257426.55,-0.27,597.1,595.36,595.62,True,15.98,20.35,18.91,,,,,,,,,,309.26,-48.45,1.0,6.435299,3860.6,3860.6,-10.55,-0.27,1870.45,1930.3,-59.85,1990.15,,309.26,-48.45,1.0,6.854775,4112.25,4112.25,-11.24,-0.27,1992.37,2056.12,-63.75,2119.87,
2025-04-26,599.9,609.25,599.34,607.23,137533.14,1.22,598.66,596.49,596.48,True,15.1,19.54,18.15,,,,,,,,,,309.26,-49.07,1.0,6.435299,3907.71,3907.71,47.11,1.22,1917.56,1953.85,-36.3,1990.15,,309.26,-49.07,1.0,6.854775,4162.43,4162.43,50.18,1.22,2042.55,2081.21,-38.66,2119.87,
2025-04-27,607.23,608.68,597.0,603.46,121784.48,-0.62,599.4,597.15,596.99,True,14.1,18.6,18.24,,,,,,,,,,309.26,-48.75,1.0,6.435299,3883.45,3883.45,-24.26,-0.62,1893.3,1941.72,-48.43,1990.15,,309.26,-48.75,1.0,6.854775,4136.58,4136.58,-25.84,-0.62,2016.71,2068.29,-51.58,2119.87,
2025-04-28,603.46,608.27,598.2,606.16,143778.01,0.45,600.44,598.01,597.67,True,13.16,17.81,17.46,,,,,,,,,SMALL HH confirmed @ 619.99,309.26,-48.98,1.0,6.435299,3900.82,3900.82,17.38,0.45,1910.67,1950.41,-39.74,1990.15,,309.26,-48.98,1.0,6.854775,4155.09,4155.09,18.51,0.45,2035.22,2077.55,-42.33,2119.87,
2025-04-29,606.16,610.75,598.1,601.0,236810.0,-0.85,600.53,598.29,597.92,True,12.51,17.9,16.51,,,,,610.75,,LH,,SMALL HL confirmed @ 592.59,309.26,-48.54,1.0,6.435299,3867.61,3867.61,-33.21,-0.85,1877.47,1933.81,-56.34,1990.15,,309.26,-48.54,1.0,6.854775,4119.72,4119.72,-35.37,-0.85,1999.85,2059.86,-60.01,2119.87,
2025-04-30,601.0,604.44,591.42,599.88,210580.66,-0.19,600.43,598.44,598.06,True,11.94,16.88,18.5,,,,,,,,,BIG HL confirmed @ 507.00,309.26,-48.45,1.0,6.435299,3860.41,3860.41,-7.21,-0.19,1870.26,1930.2,-59.94,1990.15,,309.26,-48.45,1.0,6.854775,4112.04,4112.04,-7.68,-0.19,1992.17,2056.02,-63.85,2119.87,
2025-05-01,599.88,605.28,598.14,599.63,156229.23,-0.04,600.3,598.56,598.18,True,11.33,16.71,17.89,,,,,,,,,,309.26,-48.43,1.0,6.435299,3858.8,3858.8,-1.61,-0.04,1868.65,1929.4,-60.75,1990.15,,309.26,-48.43,1.0,6.854775,4110.33,4110.33,-1.71,-0.04,1990.46,2055.16,-64.71,2119.87,
2025-05-02,599.64,603.61,595.12,600.69,141344.86,0.18,600.36,598.76,598.37,True,11.05,16.04,18.6,,,,,,,,,,309.26,-48.52,1.0,6.435299,3865.62,3865.62,6.82,0.18,1875.47,1932.81,-57.34,1990.15,,309.26,-48.52,1.0,6.854775,4117.59,4117.59,7.27,0.18,1997.72,2058.8,-61.08,2119.87,
2025-05-03,600.69,601.2,595.23,599.36,100770.29,-0.22,600.21,598.82,598.44,True,10.79,15.57,18.05,,,,,,,,,,309.26,-48.4,1.0,6.435299,3857.06,3857.06,-8.56,-0.22,1866.91,1928.53,-61.62,1990.15,,309.26,-48.4,1.0,6.854775,4108.48,4108.48,-9.12,-0.22,1988.6,2054.24,-65.63,2119.87,
2025-05-04,599.36,600.49,584.7,586.03,143960.84,-2.22,598.03,597.6,597.52,True,11.49,14.36,21.82,,,,,,,,BEAR_CHOCH,SMALL LH confirmed @ 610.75 | SMALL BEAR CHOCH @ 586.03 (level 592.59),,,,,,3771.28,-85.78,-2.22,0.0,0.0,,3771.28,"EXIT @ 586.03 (small red CHoCH, realized -209.02)",,,,,,4017.1,-91.37,-2.22,0.0,0.0,,4017.1,"EXIT @ 586.03 (small red CHoCH, realized -222.64)"
2025-05-05,586.02,599.98,583.55,597.61,201100.59,1.98,597.96,597.6,597.53,True,12.24,13.21,20.64,,,,,,583.55,LL,,,,,,,,3771.28,0.0,0.0,0.0,0.0,,3771.28,,,,,,,4017.1,0.0,0.0,0.0,0.0,,4017.1,
2025-05-06,597.61,603.18,593.23,602.57,214613.11,0.83,598.67,598.07,597.9,True,12.52,14.15,19.62,,,,,,,,,,,,,,,3771.28,0.0,0.0,0.0,0.0,,3771.28,,,,,,,4017.1,0.0,0.0,0.0,0.0,,4017.1,
2025-05-07,602.57,609.07,597.89,602.7,194088.59,0.02,599.29,598.51,598.26,True,12.07,16.33,18.51,,,,,,,,,,,,,,,3771.28,0.0,0.0,0.0,0.0,,3771.28,,,,,,,4017.1,0.0,0.0,0.0,0.0,,4017.1,
2025-05-08,602.7,629.33,600.8,629.17,384267.52,4.39,603.89,601.43,600.55,True,12.59,23.69,16.02,,,,,,,,BULL_CHOCH,SMALL BULL CHOCH @ 629.17 (level 610.75),566.25,-10.0,5.0,29.970264,18856.39,3771.28,0.0,0.0,1885.64,1885.64,0.0,1885.64,"ENTRY @ 629.17 (small green CHoCH, margin $1885.64 [50% of bank] @ 10x [ADX 12.6, zone green], 29.970264 units)",566.25,-10.0,5.0,31.923836,20085.52,4017.1,0.0,0.0,2008.55,2008.55,-0.0,2008.55,"ENTRY @ 629.17 (small green CHoCH, margin $2008.55 [50% of bank] @ 10x [ADX 12.6, zone green], 31.923836 units)"
2025-05-09,629.17,671.15,623.12,666.29,480734.87,5.9,613.49,607.61,605.42,True,15.08,36.12,12.88,,,,,,,,,,566.25,-15.01,4.09,29.970264,19968.89,4883.77,1112.5,29.5,2998.14,1996.89,1001.25,1885.64,,566.25,-15.01,4.09,31.923836,21270.53,5202.12,1185.01,29.5,3193.56,2127.05,1066.51,2008.55,
2025-05-10,666.29,678.95,648.83,663.9,444595.43,-0.36,621.24,612.97,609.75,True,17.63,34.92,11.37,,,,,,,,,SMALL LL confirmed @ 583.55,566.25,-14.71,4.13,29.970264,19897.26,4812.15,-71.63,-1.47,2926.51,1989.73,936.78,1885.64,,566.25,-14.71,4.13,31.923836,21194.23,5125.82,-76.3,-1.47,3117.27,2119.42,997.84,2008.55,
2025-05-11,663.9,668.49,647.83,651.15,319998.96,-1.92,625.85,616.61,612.82,True,19.91,32.14,10.85,,,,,,,,,,566.25,-13.04,4.41,29.970264,19515.14,4430.02,-382.12,-7.94,2544.39,1951.51,592.87,1885.64,,566.25,-13.04,4.41,31.923836,20787.21,4718.79,-407.03,-7.94,2710.24,2078.72,631.52,2008.55,
2025-05-12,651.15,693.0,647.31,660.07,586386.94,1.37,631.11,620.75,616.32,True,22.72,35.57,9.12,,,,,693.0,,HH,,,566.25,-14.21,4.21,29.970264,19782.47,4697.36,267.33,6.03,2811.72,1978.25,833.47,1885.64,,566.25,-14.21,4.21,31.923836,21071.97,5003.55,284.76,6.03,2995.0,2107.2,887.8,2008.55,
2025-05-13,660.08,672.0,640.66,664.13,416309.75,0.62,636.19,624.88,619.86,True,24.72,31.82,10.4,,,,,,,,,,566.25,-14.74,4.13,29.970264,19904.15,4819.04,121.68,2.59,2933.4,1990.42,942.98,1885.64,,566.25,-14.74,4.13,31.923836,21201.58,5133.16,129.61,2.59,3124.61,2120.16,1004.45,2008.55,
2025-05-14,664.12,667.33,647.15,652.47,290029.99,-1.76,638.69,627.51,622.27,True,26.58,29.66,9.69,,,,,,,,,,566.25,-13.21,4.38,29.970264,19554.7,4469.59,-349.45,-7.25,2583.95,1955.47,628.48,1885.64,,566.25,-13.21,4.38,31.923836,20829.35,4760.93,-372.23,-7.25,2752.38,2082.93,669.44,2008.55,
2025-05-15,652.47,661.0,642.29,651.88,313560.81,-0.09,640.72,629.83,624.47,True,27.84,27.77,10.73,,,,,,,,,,566.25,-13.14,4.39,29.970264,19537.02,4451.9,-17.68,-0.4,2566.26,1953.7,612.56,1885.64,,566.25,-13.14,4.39,31.923836,20810.51,4742.09,-18.84,-0.4,2733.54,2081.05,652.49,2008.55,
2025-05-16,651.88,659.97,644.0,646.76,200793.61,-0.79,641.65,631.44,626.12,True,29.02,26.24,10.13,,,,,,,,,,566.25,-12.45,4.51,29.970264,19383.57,4298.46,-153.45,-3.45,2412.82,1938.36,474.46,1885.64,,566.25,-12.45,4.51,31.923836,20647.06,4578.64,-163.45,-3.45,2570.09,2064.71,505.39,2008.55,
2025-05-17,646.76,646.9,635.05,639.51,141777.71,-1.12,641.32,632.21,627.11,True,29.24,25.13,12.9,,,,,,,,,SMALL HH confirmed @ 693.00,566.25,-11.46,4.7,29.970264,19166.28,4081.17,-217.28,-5.05,2195.53,1916.63,278.9,1885.64,,566.25,-11.46,4.7,31.923836,20415.61,4347.2,-231.45,-5.05,2338.64,2041.56,297.08,2008.55,
2025-05-18,639.5,655.19,634.39,651.53,189475.3,1.88,642.89,634.05,628.92,True,29.83,26.22,11.94,,,,,,,,,,566.25,-13.09,4.4,29.970264,19526.53,4441.41,360.24,8.83,2555.77,1952.65,603.12,1885.64,,566.25,-13.09,4.4,31.923836,20799.34,4730.92,383.72,8.83,2722.37,2079.93,642.44,2008.55,
2025-05-19,651.54,653.53,633.51,649.62,210901.52,-0.29,643.93,635.53,630.45,True,30.28,24.35,11.41,,,,,,633.51,HL,,,566.25,-12.83,4.44,29.970264,19469.28,4384.17,-57.24,-1.29,2498.53,1946.93,551.6,1885.64,,566.25,-12.83,4.44,31.923836,20738.36,4669.95,-60.97,-1.29,2661.39,2073.84,587.56,2008.55,
2025-05-20,649.62,653.75,640.14,650.0,169584.29,0.06,644.86,636.91,631.9,True,30.72,23.23,10.84,,,,,,,,,,566.25,-12.88,4.43,29.970264,19480.67,4395.56,11.39,0.26,2509.92,1948.07,561.85,1885.64,,566.25,-12.88,4.43,31.923836,20750.49,4682.08,12.13,0.26,2673.53,2075.05,598.48,2008.55,
2025-05-21,650.0,678.0,648.49,673.31,470531.9,3.59,649.24,640.38,634.97,True,32.11,29.34,9.72,,,,,,,,,,566.25,-15.9,3.96,29.970264,20179.28,5094.17,698.61,15.89,3208.53,2017.93,1190.6,1885.64,,566.25,-15.9,3.96,31.923836,21494.64,5426.22,744.14,15.89,3417.67,2149.46,1268.21,2008.55,
2025-05-22,673.31,690.02,673.0,686.57,390008.0,1.97,654.98,644.78,638.79,True,33.78,31.84,9.13,,,,,,,,,,566.25,-17.52,3.75,29.970264,20576.68,5491.57,397.41,7.8,3605.93,2057.67,1548.26,1885.64,,566.25,-17.52,3.75,31.923836,21917.95,5849.53,423.31,7.8,3840.98,2191.79,1649.19,2008.55,
2025-05-23,686.57,691.35,652.19,656.98,343668.71,-4.31,655.29,645.94,640.14,True,33.52,27.69,14.87,,,,,,,,,,566.25,-13.81,4.28,29.970264,19689.86,4604.75,-886.82,-16.15,2719.11,1968.99,750.13,1885.64,,566.25,-13.81,4.28,31.923836,20973.32,4904.91,-944.63,-16.15,2896.35,2097.33,799.02,2008.55,
2025-05-24,656.99,677.47,655.4,668.01,165142.04,1.68,657.25,648.04,642.2,True,33.27,25.66,13.78,,,,,,,,,SMALL HL confirmed @ 633.51,566.25,-15.23,4.06,29.970264,20020.44,4935.32,330.57,7.18,3049.68,2002.04,1047.64,1885.64,,566.25,-15.23,4.06,31.923836,21325.44,5257.03,352.12,7.18,3248.47,2132.54,1115.93,2008.55,
2025-05-25,668.0,671.67,657.1,669.44,169208.32,0.21,659.12,650.08,644.22,True,33.05,24.38,13.09,,,,,,,,,,566.25,-15.41,4.03,29.970264,20063.29,4978.18,42.86,0.87,3092.54,2006.33,1086.21,1885.64,,566.25,-15.41,4.03,31.923836,21371.09,5302.68,45.65,0.87,3294.12,2137.11,1157.02,2008.55,
2025-05-26,669.45,678.33,668.22,674.29,180148.25,0.72,661.46,652.38,646.45,True,33.15,25.87,12.63,,,,,,,,,,566.25,-16.02,3.94,29.970264,20208.65,5123.54,145.36,2.92,3237.9,2020.86,1217.03,1885.64,,566.25,-16.02,3.94,31.923836,21525.92,5457.51,154.83,2.92,3448.96,2152.59,1296.36,2008.55,
2025-05-27,674.3,697.73,666.56,686.91,326163.49,1.87,665.37,655.67,649.44,True,33.99,29.72,11.29,,,,,697.73,,HH,,,566.25,-17.57,3.74,29.970264,20586.87,5501.76,378.22,7.38,3616.12,2058.69,1557.43,1885.64,,566.25,-17.57,3.74,31.923836,21928.8,5860.39,402.88,7.38,3851.83,2192.88,1658.95,2008.55,
2025-05-28,686.9,689.22,680.04,686.89,211875.74,-0.0,668.68,658.65,652.22,True,34.77,28.76,10.92,,,,,,,,,,566.25,-17.56,3.74,29.970264,20586.27,5501.16,-0.6,-0.01,3615.52,2058.63,1556.9,1885.64,,566.25,-17.56,3.74,31.923836,21928.16,5859.75,-0.64,-0.01,3851.2,2192.82,1658.38,2008.55,
2025-05-29,686.89,691.24,673.33,675.02,260985.14,-1.73,669.66,660.2,653.91,True,34.87,26.92,12.62,,,,,,,,,,566.25,-16.11,3.93,29.970264,20230.53,5145.41,-355.75,-6.47,3259.78,2023.05,1236.72,1885.64,,566.25,-16.11,3.93,31.923836,21549.23,5480.81,-378.94,-6.47,3472.26,2154.92,1317.34,2008.55,
2025-05-30,675.02,678.5,653.22,655.36,218723.51,-2.91,667.46,659.74,654.01,True,33.37,24.53,18.55,,,,,,,,,,566.25,-13.6,4.31,29.970264,19641.31,4556.2,-589.22,-11.45,2670.56,1964.13,706.43,1885.64,,566.25,-13.6,4.31,31.923836,20921.61,4853.19,-627.62,-11.45,2844.64,2092.16,752.48,2008.55,
2025-05-31,655.36,661.42,645.04,658.01,158379.39,0.4,666.0,659.58,654.31,True,31.44,23.1,20.38,,,,,,,,,,566.25,-13.94,4.25,29.970264,19720.73,4635.62,79.42,1.74,2749.98,1972.07,777.91,1885.64,,566.25,-13.94,4.25,31.923836,21006.2,4937.79,84.6,1.74,2929.24,2100.62,828.62,2008.55,
2025-06-01,658.01,662.48,647.58,660.77,131807.45,0.42,665.2,659.69,654.79,True,29.7,22.24,19.28,,,,,,,,,SMALL HH confirmed @ 697.73,566.25,-14.3,4.2,29.970264,19803.45,4718.34,82.72,1.78,2832.7,1980.35,852.35,1885.64,,566.25,-14.3,4.2,31.923836,21094.31,5025.9,88.11,1.78,3017.35,2109.43,907.91,2008.55,
2025-06-02,660.77,667.0,650.05,665.93,143785.61,0.78,665.31,660.29,655.61,True,28.36,22.51,18.08,,,,,,,,,,566.25,-14.97,4.1,29.970264,19958.1,4872.99,154.65,3.28,2987.35,1995.81,991.54,1885.64,,566.25,-14.97,4.1,31.923836,21259.04,5190.62,164.73,3.28,3182.07,2125.9,1056.17,2008.55,
2025-06-03,665.93,673.43,657.11,661.59,158377.46,-0.65,664.74,660.41,656.06,True,27.49,23.53,16.99,,,,,,,,,,566.25,-14.41,4.18,29.970264,19828.03,4742.91,-130.07,-2.67,2857.28,1982.8,874.47,1885.64,,566.25,-14.41,4.18,31.923836,21120.49,5052.07,-138.55,-2.67,3043.52,2112.05,931.47,2008.55,
2025-06-04,661.6,671.76,660.84,663.23,124473.8,0.25,664.51,660.68,656.59,True,26.68,22.55,16.28,,,,,,,,,,566.25,-14.62,4.15,29.970264,19877.18,4792.07,49.15,1.04,2906.43,1987.72,918.71,1885.64,,566.25,-14.62,4.15,31.923836,21172.85,5104.43,52.36,1.04,3095.88,2117.28,978.59,2008.55,
2025-06-05,663.24,670.92,625.44,633.32,271543.15,-4.51,659.71,658.07,654.86,True,25.88,19.0,25.98,,,,,,625.44,LL,BEAR_CHOCH,SMALL BEAR CHOCH @ 633.32 (level 633.51),,,,,,3895.65,-896.41,-18.71,0.0,0.0,,3895.65,"EXIT @ 633.32 (small red CHoCH, realized +124.38)",,,,,,4149.59,-954.84,-18.71,0.0,0.0,,4149.59,"EXIT @ 633.32 (small red CHoCH, realized +132.48)"
2025-06-06,633.33,651.51,629.38,642.7,169535.96,1.48,657.09,656.61,653.96,True,25.14,17.55,24.0,,,,,,,,,,,,,,,3895.65,0.0,0.0,0.0,0.0,,3895.65,,,,,,,4149.59,0.0,0.0,0.0,0.0,,4149.59,
2025-06-07,642.71,653.81,639.69,650.82,90666.37,1.26,656.13,656.06,653.73,True,24.29,17.48,22.81,,,,,,,,,,,,,,,3895.65,0.0,0.0,0.0,0.0,,3895.65,,,,,,,4149.59,0.0,0.0,0.0,0.0,,4149.59,
2025-06-08,650.82,656.39,646.49,652.0,72300.31,0.18,655.49,655.67,653.6,True,23.3,17.8,21.98,,,,,,,,,,,,,,,3895.65,0.0,0.0,0.0,0.0,,3895.65,,,,,,,4149.59,0.0,0.0,0.0,0.0,,4149.59,
2025-06-09,652.0,667.74,648.01,665.58,127272.16,2.08,657.04,656.61,654.49,True,21.69,20.66,20.39,,,,,,,,,,,,,,,3895.65,0.0,0.0,0.0,0.0,,3895.65,,,,,,,4149.59,0.0,0.0,0.0,0.0,,4149.59,
2025-06-10,665.58,674.0,657.26,673.51,176645.06,1.19,659.58,658.22,655.9,True,20.59,21.7,19.13,,,,,,,,,SMALL LL confirmed @ 625.44,,,,,,3895.65,0.0,0.0,0.0,0.0,,3895.65,,,,,,,4149.59,0.0,0.0,0.0,0.0,,4149.59,
2025-06-11,673.51,674.8,662.2,667.43,177934.08,-0.9,660.79,659.1,656.75,True,19.62,20.97,18.22,,,,,674.8,,LH,,,,,,,,3895.65,0.0,0.0,0.0,0.0,,3895.65,,,,,,,4149.59,0.0,0.0,0.0,0.0,,4149.59,
2025-06-12,667.42,669.93,651.91,654.75,152793.98,-1.9,659.86,658.69,656.6,True,18.46,19.53,20.88,,,,,,,,,,,,,,,3895.65,0.0,0.0,0.0,0.0,,3895.65,,,,,,,4149.59,0.0,0.0,0.0,0.0,,4149.59,
2025-06-13,654.76,659.42,639.01,655.35,223303.92,0.09,659.16,658.37,656.51,True,18.17,18.02,24.15,,,,,,,,,,,,,,,3895.65,0.0,0.0,0.0,0.0,,3895.65,,,,,,,4149.59,0.0,0.0,0.0,0.0,,4149.59,
2025-06-14,655.35,655.36,639.0,645.61,93690.14,-1.49,657.08,657.15,655.7,True,17.91,16.9,22.64,,,,,,,,,,,,,,,3895.65,0.0,0.0,0.0,0.0,,3895.65,,,,,,,4149.59,0.0,0.0,0.0,0.0,,4149.59,
2025-06-15,645.61,652.0,642.77,648.19,79324.65,0.4,655.71,656.3,655.15,True,17.67,16.28,21.82,,,,,,,,,,,,,,,3895.65,0.0,0.0,0.0,0.0,,3895.65,,,,,,,4149.59,0.0,0.0,0.0,0.0,,4149.59,
2025-06-16,648.19,659.46,646.26,650.74,124203.79,0.39,654.95,655.77,654.82,True,16.82,18.42,20.65,,,,,,,,,SMALL LH confirmed @ 674.80,,,,,,3895.65,0.0,0.0,0.0,0.0,,3895.65,,,,,,,4149.59,0.0,0.0,0.0,0.0,,4149.59,
2025-06-17,650.74,659.0,640.11,648.08,182982.26,-0.41,653.89,655.04,654.32,False,16.45,17.03,21.56,,,,,,,,,,,,,,,3895.65,0.0,0.0,0.0,0.0,,3895.65,,,,,,,4149.59,0.0,0.0,0.0,0.0,,4149.59,
2025-06-18,648.09,654.31,637.35,644.77,143725.67,-0.51,652.49,654.06,653.61,False,16.31,15.86,21.2,,,,,,,,,,,,,,,3895.65,0.0,0.0,0.0,0.0,,3895.65,,,,,,,4149.59,0.0,0.0,0.0,0.0,,4149.59,
2025-06-19,644.77,646.5,638.66,644.65,80404.98,-0.02,651.28,653.16,652.95,False,16.17,15.34,20.5,,,,,,,,,,,,,,,3895.65,0.0,0.0,0.0,0.0,,3895.65,,,,,,,4149.59,0.0,0.0,0.0,0.0,,4149.59,
2025-06-20,644.65,651.02,638.0,641.61,143279.62,-0.47,649.79,652.06,652.11,False,15.6,16.42,19.36,,,,,,,,,,,,,,,3895.65,0.0,0.0,0.0,0.0,,3895.65,,,,,,,4149.59,0.0,0.0,0.0,0.0,,4149.59,
2025-06-21,641.61,644.84,621.94,628.97,143508.12,-1.97,646.59,649.86,650.4,False,16.2,14.85,24.19,,,,,,,,,,,,,,,3895.65,0.0,0.0,0.0,0.0,,3895.65,,,,,,,4149.59,0.0,0.0,0.0,0.0,,4149.59,
2025-06-22,628.98,635.51,601.25,615.81,243515.03,-2.09,641.85,646.62,647.83,False,17.79,12.88,29.01,,,,,,601.25,LL,BEAR_BOS,SMALL BEAR BOS @ 615.81 (level 625.44),,,,,,3895.65,0.0,0.0,0.0,0.0,,3895.65,,,,,,,4149.59,0.0,0.0,0.0,0.0,,4149.59,
2025-06-23,615.81,642.79,615.05,640.49,219674.33,4.01,641.64,646.04,647.29,False,18.6,14.27,25.99,,,,,,,,,,,,,,,3895.65,0.0,0.0,0.0,0.0,,3895.65,,,,,,,4149.59,0.0,0.0,0.0,0.0,,4149.59,
2025-06-24,640.5,644.09,636.17,643.53,131607.23,0.47,641.93,645.8,647.01,False,19.23,14.33,25.19,,,,,,,,,,,,,,,3895.65,0.0,0.0,0.0,0.0,,3895.65,,,,,,,4149.59,0.0,0.0,0.0,0.0,,4149.59,
2025-06-25,643.53,652.64,641.85,646.07,169433.15,0.39,642.57,645.82,646.94,False,19.06,17.15,24.09,,,,,,,,,,,,,,,3895.65,0.0,0.0,0.0,0.0,,3895.65,,,,,,,4149.59,0.0,0.0,0.0,0.0,,4149.59,
2025-06-26,646.06,650.0,641.12,642.3,103057.29,-0.58,642.53,645.49,646.6,False,18.95,16.52,23.51,,,,,,,,,,,,,,,3895.65,0.0,0.0,0.0,0.0,,3895.65,,,,,,,4149.59,0.0,0.0,0.0,0.0,,4149.59,
2025-06-27,642.3,648.44,639.16,645.71,81302.96,0.53,643.02,645.51,646.53,False,18.97,15.86,23.41,,,,,,,,,SMALL LL confirmed @ 601.25,,,,,,3895.65,0.0,0.0,0.0,0.0,,3895.65,,,,,,,4149.59,0.0,0.0,0.0,0.0,,4149.59,
2025-06-28,645.72,649.18,644.25,648.6,57714.96,0.45,643.88,645.8,646.69,False,18.91,15.84,22.89,,,,,,,,,,,,,,,3895.65,0.0,0.0,0.0,0.0,,3895.65,,,,,,,4149.59,0.0,0.0,0.0,0.0,,4149.59,
2025-06-29,648.61,656.0,646.72,654.9,73235.8,0.97,645.57,646.67,647.29,False,18.19,18.34,21.89,,,,,,,,,,,,,,,3895.65,0.0,0.0,0.0,0.0,,3895.65,,,,,,,4149.59,0.0,0.0,0.0,0.0,,4149.59,
2025-06-30,654.9,660.0,651.17,656.9,110702.2,0.31,647.32,647.64,648.01,False,17.15,19.49,20.96,,,,,,,,,,,,,,,3895.65,0.0,0.0,0.0,0.0,,3895.65,,,,,,,4149.59,0.0,0.0,0.0,0.0,,4149.59,
2025-07-01,656.9,659.1,644.0,646.33,85803.06,-1.61,647.16,647.52,647.88,False,16.77,18.07,22.89,,,,,,,,,,,,,,,3895.65,0.0,0.0,0.0,0.0,,3895.65,,,,,,,4149.59,0.0,0.0,0.0,0.0,,4149.59,
2025-07-02,646.34,664.85,643.71,659.71,112807.96,2.07,649.09,648.68,648.76,True,15.87,18.98,20.62,,,,,,,,,,,,,,,3895.65,0.0,0.0,0.0,0.0,,3895.65,,,,,,,4149.59,0.0,0.0,0.0,0.0,,4149.59,
2025-07-03,659.7,664.57,656.7,663.59,99001.44,0.59,651.32,650.1,649.86,True,15.03,18.25,19.84,,,,,,,,,,,,,,,3895.65,0.0,0.0,0.0,0.0,,3895.65,,,,,,,4149.59,0.0,0.0,0.0,0.0,,4149.59,
2025-07-04,663.58,664.17,650.21,653.6,89027.41,-1.51,651.67,650.43,650.13,True,14.81,17.01,21.65,,,,,,,,,,,,,,,3895.65,0.0,0.0,0.0,0.0,,3895.65,,,,,,,4149.59,0.0,0.0,0.0,0.0,,4149.59,
2025-07-05,653.6,656.75,652.0,656.16,51648.29,0.39,652.36,650.98,650.58,True,14.61,16.6,21.12,,,,,,,,,,,,,,,3895.65,0.0,0.0,0.0,0.0,,3895.65,,,,,,,4149.59,0.0,0.0,0.0,0.0,,4149.59,
2025-07-06,656.17,664.99,653.54,663.13,82399.12,1.06,654.02,652.14,651.51,True,13.57,19.88,19.87,,,,,,,,,,,,,,,3895.65,0.0,0.0,0.0,0.0,,3895.65,,,,,,,4149.59,0.0,0.0,0.0,0.0,,4149.59,
2025-07-07,663.13,663.5,656.77,661.06,83232.98,-0.31,655.1,652.99,652.22,True,12.6,19.16,19.15,,,,,,,,,,,,,,,3895.65,0.0,0.0,0.0,0.0,,3895.65,,,,,,,4149.59,0.0,0.0,0.0,0.0,,4149.59,
2025-07-08,661.06,662.6,657.36,660.63,86374.04,-0.07,655.95,653.71,652.84,True,11.71,18.6,18.59,,,,,,,,,,,,,,,3895.65,0.0,0.0,0.0,0.0,,3895.65,,,,,,,4149.59,0.0,0.0,0.0,0.0,,4149.59,
2025-07-09,660.63,671.5,659.05,668.68,123551.6,1.22,657.91,655.14,654.01,True,11.77,22.3,17.29,,,,,,,,,,,,,,,3895.65,0.0,0.0,0.0,0.0,,3895.65,,,,,,,4149.59,0.0,0.0,0.0,0.0,,4149.59,
2025-07-10,668.69,687.7,667.25,685.8,214967.54,2.56,662.2,658.06,656.37,True,13.08,28.58,15.38,,,,,,,,BULL_CHOCH,SMALL BULL CHOCH @ 685.80 (level 674.80),617.22,-10.0,5.0,28.402266,19478.27,3895.65,0.0,0.0,1947.83,1947.83,0.0,1947.83,"ENTRY @ 685.80 (small green CHoCH, margin $1947.83 [50% of bank] @ 10x [ADX 13.1, zone green], 28.402266 units)",617.22,-10.0,5.0,30.25363,20747.94,4149.59,0.0,0.0,2074.79,2074.79,0.0,2074.79,"ENTRY @ 685.80 (small green CHoCH, margin $2074.79 [50% of bank] @ 10x [ADX 13.1, zone green], 30.253630 units)"
2025-07-11,685.8,697.24,682.83,689.99,268353.9,0.61,666.48,661.1,658.86,True,14.85,31.48,14.19,,,,,,,,,,617.22,-10.55,4.88,28.402266,19597.28,4014.66,119.01,3.05,2066.83,1959.73,107.1,1947.83,,617.22,-10.55,4.88,30.25363,20874.7,4276.35,126.76,3.05,2201.56,2087.47,114.09,2074.79,
2025-07-12,689.98,697.0,679.63,685.86,134785.18,-0.6,669.46,663.46,660.86,True,16.11,28.62,14.58,,,,,,,,,,617.22,-10.01,5.0,28.402266,19479.98,3897.36,-117.3,-2.92,1949.53,1948.0,1.53,1947.83,,617.22,-10.01,5.0,30.25363,20749.75,4151.4,-124.95,-2.92,2076.61,2074.98,1.63,2074.79,
2025-07-13,685.86,694.12,685.12,692.0,84925.72,0.9,672.93,666.18,663.17,True,17.28,27.23,13.87,,,,,,,,,,617.22,-10.81,4.83,28.402266,19654.37,4071.75,174.39,4.47,2123.92,1965.44,158.48,1947.83,,617.22,-10.81,4.83,30.25363,20935.51,4337.16,185.76,4.47,2262.37,2093.55,168.82,2074.79,
2025-07-14,692.01,707.54,686.05,689.12,253635.0,-0.42,675.42,668.36,665.09,True,19.13,31.13,12.34,,,,,,,,,,617.22,-10.43,4.91,28.402266,19572.57,3989.95,-81.8,-2.01,2042.12,1957.26,84.87,1947.83,,617.22,-10.43,4.91,30.25363,20848.38,4250.03,-87.13,-2.01,2175.24,2084.84,90.4,2074.79,
2025-07-15,689.13,693.21,675.3,689.92,188962.49,0.12,677.65,670.41,666.93,True,19.62,28.32,16.64,,,,,,,,,,617.22,-10.54,4.88,28.402266,19595.29,4012.67,22.72,0.57,2064.84,1959.53,105.32,1947.83,,617.22,-10.54,4.88,30.25363,20872.58,4274.23,24.2,0.57,2199.44,2087.26,112.18,2074.79,
2025-07-16,689.93,715.56,685.2,708.61,238334.94,2.71,682.41,674.05,670.02,True,21.2,34.73,14.29,,,,,,,,,,617.22,-12.9,4.43,28.402266,20126.13,4543.51,530.84,13.23,2595.68,2012.61,583.07,1947.83,,617.22,-12.9,4.43,30.25363,21438.02,4839.67,565.44,13.23,2764.88,2143.8,621.08,2074.79,
2025-07-17,708.61,727.85,706.14,720.65,409572.68,1.7,688.3,678.49,673.77,True,23.13,36.88,12.88,,,,,,,,,,617.22,-14.35,4.19,28.402266,20468.09,4885.47,341.96,7.53,2937.65,2046.81,890.84,1947.83,,617.22,-14.35,4.19,30.25363,21802.28,5203.93,364.25,7.53,3129.13,2180.23,948.91,2074.79,
2025-07-18,720.64,765.56,718.73,729.92,556430.08,1.29,694.7,683.39,677.93,True,25.92,44.99,10.49,,,,,,,,,,617.22,-15.44,4.03,28.402266,20731.38,5148.76,263.29,5.39,3200.94,2073.14,1127.8,1947.83,,617.22,-15.44,4.03,30.25363,22082.73,5484.38,280.45,5.39,3409.58,2208.27,1201.31,2074.79,
2025-07-19,729.92,742.5,718.76,733.2,188095.81,0.45,700.62,688.13,682.02,True,28.51,40.85,9.52,,,,BULL_BOS,,,,,BIG BULL BOS @ 733.20 (level 732.00),617.22,-15.82,3.97,28.402266,20824.54,5241.92,93.16,1.81,3294.09,2082.45,1211.64,1947.83,,617.22,-15.82,3.97,30.25363,22181.96,5583.61,99.23,1.81,3508.82,2218.2,1290.62,2074.79,
2025-07-20,733.2,761.29,731.5,756.82,253255.2,3.22,709.27,694.67,687.56,True,31.28,43.31,8.47,,,,,,,,,,617.22,-18.45,3.64,28.402266,21495.4,5912.78,670.86,12.8,3964.96,2149.54,1815.42,1947.83,,617.22,-18.45,3.64,30.25363,22896.55,6298.2,714.59,12.8,4223.41,2289.66,1933.75,2074.79,
2025-07-21,756.82,781.99,746.06,766.22,338419.95,1.24,718.03,701.49,693.39,True,34.17,45.11,7.4,,,,,,,,,,617.22,-19.45,3.52,28.402266,21762.38,6179.77,266.98,4.52,4231.94,2176.24,2055.7,1947.83,,617.22,-19.45,3.52,30.25363,23180.94,6582.58,284.38,4.52,4507.79,2318.09,2189.7,2074.79,
2025-07-22,766.22,788.35,745.0,786.68,359074.06,2.67,728.59,709.6,700.3,True,36.95,40.83,6.36,,,,,,,,,,617.22,-21.54,3.3,28.402266,22343.49,6760.88,581.11,9.4,4813.05,2234.35,2578.7,1947.83,,617.22,-21.54,3.3,30.25363,23799.93,7201.57,618.99,9.4,5126.78,2379.99,2746.79,2074.79,
2025-07-23,786.69,809.84,752.47,776.74,709087.16,-1.26,736.0,716.0,705.96,True,39.79,40.27,5.3,,,,,,,,,,617.22,-20.54,3.41,28.402266,22061.18,6478.56,-282.32,-4.18,4530.73,2206.12,2324.61,1947.83,,617.22,-20.54,3.41,30.25363,23499.2,6900.85,-300.72,-4.18,4826.06,2349.92,2476.14,2074.79,
2025-07-24,776.74,786.16,742.62,770.74,363436.74,-0.77,741.34,721.21,710.76,True,41.63,35.44,7.38,,,,,,,,,,617.22,-19.92,3.47,28.402266,21890.76,6308.14,-170.41,-2.63,4360.32,2189.08,2171.24,1947.83,,617.22,-19.92,3.47,30.25363,23317.68,6719.33,-181.52,-2.63,4644.54,2331.77,2312.77,2074.79,
2025-07-25,770.74,786.0,752.22,785.45,284068.12,1.91,748.13,727.33,716.29,True,43.34,32.21,6.71,,,,,,,,,,617.22,-21.42,3.32,28.402266,22308.56,6725.94,417.8,6.62,4778.11,2230.86,2547.26,1947.83,,617.22,-21.42,3.32,30.25363,23762.71,7164.36,445.03,6.62,5089.57,2376.27,2713.3,2074.79,
2025-07-26,785.44,798.0,778.28,793.29,128764.39,1.0,755.08,733.61,721.99,True,45.12,33.76,6.34,,,,,,,,,,617.22,-22.19,3.24,28.402266,22531.23,6948.61,222.67,3.31,5000.79,2253.12,2747.66,1947.83,,617.22,-22.19,3.24,30.25363,23999.9,7401.55,237.19,3.31,5326.76,2399.99,2926.77,2074.79,
2025-07-27,793.3,847.12,791.04,844.0,397296.26,6.39,768.76,744.12,731.03,True,47.38,41.42,5.44,,,,,,,,,,617.22,-26.87,2.86,28.402266,23971.51,8388.89,1440.28,20.73,6441.07,2397.15,4043.91,1947.83,,617.22,-26.87,2.86,30.25363,25534.06,8935.71,1534.16,20.73,6860.92,2553.41,4307.51,2074.79,
2025-07-28,844.0,861.1,820.64,824.07,517734.69,-2.36,777.27,751.74,737.92,True,49.61,40.74,4.9,,,,,861.1,,HH,,,617.22,-25.1,2.99,28.402266,23405.46,7822.84,-566.06,-6.75,5875.01,2340.55,3534.46,1947.83,,617.22,-25.1,2.99,30.25363,24931.11,8332.76,-602.95,-6.75,6257.96,2493.11,3764.85,2074.79,
2025-07-29,824.07,835.06,800.12,805.1,427366.13,-2.3,781.55,756.82,742.9,True,50.32,37.29,9.46,,,,,,,,,,617.22,-23.34,3.14,28.402266,22866.66,7284.05,-538.79,-6.89,5336.22,2286.67,3049.55,1947.83,,617.22,-23.34,3.14,30.25363,24357.2,7758.85,-573.91,-6.89,5684.05,2435.72,3248.33,2074.79,
2025-07-30,805.11,811.64,766.21,793.51,369598.74,-1.44,783.39,760.31,746.65,True,49.16,33.33,16.37,,,,,,,,,,617.22,-22.22,3.24,28.402266,22537.48,6954.86,-329.18,-4.52,5007.04,2253.75,2753.29,1947.83,,617.22,-22.22,3.24,30.25363,24006.56,7408.21,-350.64,-4.52,5333.41,2400.66,2932.76,2074.79,
2025-07-31,793.51,814.8,781.38,783.14,335026.14,-1.31,783.35,762.49,749.35,True,48.16,31.48,15.11,,,,,,,,,,617.22,-21.19,3.34,28.402266,22242.95,6660.33,-294.53,-4.23,4712.5,2224.3,2488.21,1947.83,,617.22,-21.19,3.34,30.25363,23692.83,7094.48,-313.73,-4.23,5019.68,2369.28,2650.4,2074.79,
2025-08-01,783.13,795.4,744.69,757.08,393831.56,-3.33,779.31,761.97,749.92,True,45.64,27.94,21.54,,,,,,,,,,617.22,-18.47,3.63,28.402266,21502.79,5920.17,-740.16,-11.11,3972.34,2150.28,1822.06,1947.83,,617.22,-18.47,3.63,30.25363,22904.42,6306.07,-788.41,-11.11,4231.27,2290.44,1940.83,2074.79,
2025-08-02,757.08,770.11,732.36,736.42,209282.99,-2.73,772.71,759.54,748.92,True,42.85,25.63,22.46,,,,,,,,,SMALL HH confirmed @ 861.10,617.22,-16.19,3.92,28.402266,20916.0,5333.38,-586.79,-9.91,3385.55,2091.6,1293.95,1947.83,,617.22,-16.19,3.92,30.25363,22279.38,5681.03,-625.04,-9.91,3606.23,2227.94,1378.29,2074.79,
2025-08-03,736.43,755.53,730.01,751.21,142700.96,2.01,769.4,758.75,749.09,True,40.18,24.18,21.71,,,,,,730.01,HL,,,617.22,-17.84,3.71,28.402266,21336.07,5753.45,420.07,7.88,3805.62,2133.61,1672.01,1947.83,,617.22,-17.84,3.71,30.25363,22726.83,6128.48,447.45,7.88,4053.68,2272.68,1781.0,2074.79,
2025-08-04,751.21,770.0,750.47,768.63,171505.41,2.32,769.28,759.69,750.54,True,38.17,26.41,20.74,,,,,,,,,,617.22,-19.7,3.49,28.402266,21830.83,6248.21,494.77,8.6,4300.39,2183.08,2117.3,1947.83,,617.22,-19.7,3.49,30.25363,23253.85,6655.5,527.02,8.6,4580.7,2325.38,2255.32,2074.79,
2025-08-05,768.62,769.79,745.11,755.13,179458.96,-1.76,767.11,759.25,750.88,True,36.08,24.89,20.79,,,,,,,,,,617.22,-18.26,3.66,28.402266,21447.4,5864.78,-383.43,-6.14,3916.96,2144.74,1772.22,1947.83,,617.22,-18.26,3.66,30.25363,22845.42,6247.07,-408.42,-6.14,4172.28,2284.54,1887.74,2074.79,
2025-08-06,755.13,774.84,746.26,769.55,163684.71,1.91,767.48,760.23,752.26,True,34.32,24.41,19.41,,,,,,,,,,617.22,-19.79,3.48,28.402266,21856.96,6274.34,409.56,6.98,4326.52,2185.7,2140.82,1947.83,,617.22,-19.79,3.48,30.25363,23281.68,6683.33,436.26,6.98,4608.54,2328.17,2280.37,2074.79,
2025-08-07,769.55,788.68,764.17,788.67,188106.8,2.48,770.74,762.94,754.96,True,33.15,26.27,18.28,,,,,,,,,,617.22,-21.74,3.29,28.402266,22400.02,6817.4,543.05,8.66,4869.57,2240.0,2629.57,1947.83,,617.22,-21.74,3.29,30.25363,23860.13,7261.78,578.45,8.66,5186.98,2386.01,2800.97,2074.79,
2025-08-08,788.67,798.5,780.74,793.5,195309.72,0.61,774.24,765.85,757.82,True,32.38,27.53,17.49,,,,,,,,,SMALL HL confirmed @ 730.01,617.22,-22.22,3.24,28.402266,22537.2,6954.58,137.18,2.01,5006.75,2253.72,2753.03,1947.83,,617.22,-22.22,3.24,30.25363,24006.26,7407.9,146.13,2.01,5333.11,2400.63,2932.48,2074.79,
2025-08-09,793.5,819.44,792.81,798.83,202384.75,0.67,778.03,768.99,760.85,True,32.26,30.87,16.34,,,,,,,,,,617.22,-22.73,3.19,28.402266,22688.58,7105.96,151.38,2.18,5158.14,2268.86,2889.28,1947.83,,617.22,-22.73,3.19,30.25363,24167.51,7569.16,161.25,2.18,5494.36,2416.75,3077.61,2074.79,
2025-08-10,798.83,815.5,793.68,807.22,162735.3,1.05,782.52,772.63,764.29,True,32.15,29.19,15.45,,,,,,,,,,617.22,-23.54,3.12,28.402266,22926.88,7344.26,238.3,3.35,5396.43,2292.69,3103.74,1947.83,,617.22,-23.54,3.12,30.25363,24421.34,7822.98,253.83,3.35,5748.19,2442.13,3306.06,2074.79,
2025-08-11,807.22,827.59,792.0,805.09,316220.57,-0.26,785.99,775.72,767.31,True,32.39,29.61,14.1,,,,,,,,,,617.22,-23.34,3.14,28.402266,22866.38,7283.76,-60.5,-0.82,5335.93,2286.64,3049.3,1947.83,,617.22,-23.34,3.14,30.25363,24356.9,7758.54,-64.44,-0.82,5683.75,2435.69,3248.06,2074.79,
2025-08-12,805.09,839.9,797.73,832.47,268762.26,3.4,793.14,781.13,772.14,True,32.93,29.56,12.68,,,,,,,,,,617.22,-25.86,2.93,28.402266,23644.03,8061.42,777.65,10.68,6113.59,2364.4,3749.18,1947.83,,617.22,-25.86,2.93,30.25363,25185.24,8586.89,828.34,10.68,6512.09,2518.52,3993.57,2074.79,
2025-08-13,832.48,858.89,828.23,848.01,395861.31,1.87,801.58,787.5,777.76,True,33.88,31.92,11.76,,,,,,,,,,617.22,-27.22,2.83,28.402266,24085.41,8502.79,441.37,5.48,6554.96,2408.54,4146.42,1947.83,,617.22,-27.22,2.83,30.25363,25655.38,9057.03,470.14,5.48,6982.24,2565.54,4416.7,2074.79,
2025-08-14,848.02,869.4,820.6,840.42,592656.98,-0.9,807.56,792.54,782.4,True,34.98,30.77,10.45,,,,,869.4,,HH,,,617.22,-26.56,2.88,28.402266,23869.83,8287.21,-215.57,-2.54,6339.39,2386.98,3952.4,1947.83,,617.22,-26.56,2.88,30.25363,25425.76,8827.4,-229.63,-2.54,6752.61,2542.58,4210.03,2074.79,
2025-08-15,840.42,853.53,812.57,827.81,252091.11,-1.5,810.67,795.9,785.76,True,35.51,27.96,11.29,,,,,,812.57,HL,,,617.22,-25.44,2.97,28.402266,23511.68,7929.06,-358.15,-4.32,5981.23,2351.17,3630.07,1947.83,,617.22,-25.44,2.97,30.25363,25044.26,8445.91,-381.5,-4.32,6371.11,2504.43,3866.69,2074.79,
2025-08-16,827.8,839.79,825.06,838.71,114512.1,1.32,814.99,799.98,789.68,True,36.01,27.01,10.9,,,,,,,,,,617.22,-26.41,2.89,28.402266,23821.26,8238.65,309.58,3.9,6290.82,2382.13,3908.69,1947.83,,617.22,-26.41,2.89,30.25363,25374.02,8775.67,329.76,3.9,6700.88,2537.4,4163.47,2074.79,
2025-08-17,838.71,864.0,838.04,855.38,164953.86,1.99,821.2,805.25,794.55,True,37.04,31.04,10.24,,,,,,,,,,617.22,-27.84,2.79,28.402266,24294.73,8712.11,473.47,5.75,6764.28,2429.47,4334.81,1947.83,,617.22,-27.84,2.79,30.25363,25878.35,9280.0,504.33,5.75,7205.2,2587.84,4617.37,2074.79,
2025-08-18,855.38,858.51,825.0,846.99,233741.6,-0.98,825.17,809.23,798.44,True,37.2,28.62,12.48,,,,,,,,,,617.22,-27.13,2.84,28.402266,24056.44,8473.82,-238.3,-2.74,6525.99,2405.64,4120.35,1947.83,,617.22,-27.13,2.84,30.25363,25624.52,9026.17,-253.83,-2.74,6951.38,2562.45,4388.92,2074.79,
2025-08-19,847.0,851.95,823.0,824.11,211802.03,-2.7,825.01,810.64,800.34,True,37.23,26.68,12.1,,,,,,,,,SMALL HH confirmed @ 869.40,617.22,-25.1,2.99,28.402266,23406.59,7823.97,-649.84,-7.67,5876.14,2340.66,3535.49,1947.83,,617.22,-25.1,2.99,30.25363,24932.32,8333.97,-692.2,-7.67,6259.17,2493.23,3765.94,2074.79,
2025-08-20,824.1,881.02,818.57,869.05,392159.86,5.45,831.78,816.21,805.43,True,37.96,29.38,10.46,,,,,,,,,SMALL HL confirmed @ 812.57,617.22,-28.98,2.71,28.402266,24682.99,9100.37,1276.4,16.31,7152.54,2468.3,4684.24,1947.83,,617.22,-28.98,2.71,30.25363,26291.92,9693.57,1359.6,16.31,7618.77,2629.19,4989.58,2074.79,
2025-08-21,869.05,883.86,833.46,839.49,277889.68,-3.4,832.97,818.42,807.95,True,38.7,26.87,9.35,,,,,,,,,,617.22,-26.48,2.89,28.402266,23843.42,8260.8,-839.57,-9.23,6312.97,2384.34,3928.63,1947.83,,617.22,-26.48,2.89,30.25363,25397.62,8799.27,-894.3,-9.23,6724.47,2539.76,4184.71,2074.79,
2025-08-22,839.49,900.71,839.23,900.21,430842.53,7.23,843.31,826.21,814.78,True,39.74,26.94,8.21,,,,,900.71,,HH,BULL_BOS,SMALL BULL BOS @ 900.21 (level 869.40),617.22,-31.44,2.56,28.402266,25568.0,9985.38,1724.59,20.88,8037.56,2556.8,5480.76,1947.83,,617.22,-31.44,2.56,30.25363,27234.62,10636.27,1837.0,20.88,8561.47,2723.46,5838.01,2074.79,
2025-08-23,900.2,900.21,875.55,880.42,209279.87,-2.2,849.02,831.38,819.65,True,40.71,25.59,7.8,,,,,,,,,,617.22,-29.89,2.65,28.402266,25005.92,9423.3,-562.08,-5.63,7475.48,2500.59,4974.88,1947.83,,617.22,-29.89,2.65,30.25363,26635.9,10037.55,-598.72,-5.63,7962.76,2663.59,5299.17,2074.79,
2025-08-24,880.42,886.66,859.34,876.51,289492.32,-0.44,853.25,835.67,823.86,True,40.56,24.15,10.7,,,,,,,,,,617.22,-29.58,2.67,28.402266,24894.87,9312.25,-111.05,-1.18,7364.42,2489.49,4874.94,1947.83,,617.22,-29.58,2.67,30.25363,26517.61,9919.26,-118.29,-1.18,7844.46,2651.76,5192.7,2074.79,
2025-08-25,876.51,880.75,832.76,839.32,320570.16,-4.24,851.11,836.02,825.0,True,38.99,21.83,15.0,,,,,,,,,,617.22,-26.46,2.89,28.402266,23838.59,8255.97,-1056.28,-11.34,6308.14,2383.86,3924.28,1947.83,,617.22,-26.46,2.89,30.25363,25392.48,8794.13,-1125.13,-11.34,6719.33,2539.25,4180.08,2074.79,
2025-08-26,839.32,868.0,829.59,863.7,194882.09,2.9,853.04,838.66,827.87,True,37.37,20.16,14.48,,,,,,829.59,HL,,,617.22,-28.54,2.74,28.402266,24531.04,8948.42,692.45,8.39,7000.59,2453.1,4547.49,1947.83,,617.22,-28.54,2.74,30.25363,26130.06,9531.71,737.58,8.39,7456.91,2613.01,4843.91,2074.79,
2025-08-27,863.7,867.1,852.9,855.18,135243.46,-0.99,853.37,840.23,829.89,True,35.87,19.56,14.06,,,,,,,,,SMALL HH confirmed @ 900.71,617.22,-27.83,2.79,28.402266,24289.05,8706.43,-241.99,-2.7,6758.6,2428.91,4329.7,1947.83,,617.22,-27.83,2.79,30.25363,25872.3,9273.95,-257.76,-2.7,7199.15,2587.23,4611.92,2074.79,
2025-08-28,855.18,881.36,850.85,873.47,232414.92,2.14,856.46,843.4,833.12,True,35.0,21.3,13.16,,,,,881.36,,LH,,,617.22,-29.34,2.69,28.402266,24808.53,9225.91,519.48,5.97,7278.08,2480.85,4797.23,1947.83,,617.22,-29.34,2.69,30.25363,26425.64,9827.29,553.34,5.97,7752.49,2642.56,5109.93,2074.79,
2025-08-29,873.48,878.0,850.19,862.3,180524.22,-1.28,857.36,845.2,835.28,True,34.15,20.04,12.52,,,,,,,,,,617.22,-28.42,2.75,28.402266,24491.27,8908.65,-317.25,-3.44,6960.83,2449.13,4511.7,1947.83,,617.22,-28.42,2.75,30.25363,26087.71,9489.35,-337.93,-3.44,7414.56,2608.77,4805.79,2074.79,
2025-08-30,862.3,864.0,851.61,862.0,101039.98,-0.03,858.08,846.8,837.26,True,33.36,19.49,12.17,,,,,,,,,,617.22,-28.4,2.75,28.402266,24482.75,8900.13,-8.52,-0.1,6952.31,2448.28,4504.03,1947.83,,617.22,-28.4,2.75,30.25363,26078.63,9480.28,-9.08,-0.1,7405.48,2607.86,4797.62,2074.79,
2025-08-31,862.0,867.7,857.0,857.65,94241.19,-0.5,858.01,847.83,838.77,True,32.78,19.87,11.87,,,,,,,,,SMALL HL confirmed @ 829.59,617.22,-28.03,2.78,28.402266,24359.2,8776.58,-123.55,-1.39,6828.76,2435.92,4392.84,1947.83,,617.22,-28.03,2.78,30.25363,25947.03,9348.67,-131.6,-1.39,7273.88,2594.7,4679.18,2074.79,
2025-09-01,857.66,869.15,840.0,845.68,254185.72,-1.4,856.11,847.63,839.28,True,31.17,18.51,15.05,,,,,,,,,,617.22,-27.01,2.85,28.402266,24019.23,8436.61,-339.98,-3.87,6488.78,2401.92,4086.86,1947.83,,617.22,-27.01,2.85,30.25363,25584.89,8986.54,-362.14,-3.87,6911.74,2558.49,4353.26,2074.79,
2025-09-02,845.68,856.68,840.71,851.8,164333.17,0.72,855.45,848.02,840.21,True,29.68,17.79,14.46,,,,,,840.71,HL,,SMALL LH confirmed @ 881.36,617.22,-27.54,2.81,28.402266,24193.05,8610.43,173.82,2.06,6662.6,2419.31,4243.3,1947.83,,617.22,-27.54,2.81,30.25363,25770.04,9171.69,185.15,2.06,7096.9,2577.0,4519.89,2074.79,
2025-09-03,851.8,864.06,848.91,854.76,116453.02,0.35,855.34,848.67,841.29,True,28.66,18.97,13.91,,,,,,,,,,617.22,-27.79,2.79,28.402266,24277.12,8694.5,84.07,0.98,6746.67,2427.71,4318.96,1947.83,,617.22,-27.79,2.79,30.25363,25859.59,9261.24,89.55,0.98,7186.45,2585.96,4600.49,2074.79,
2025-09-04,854.76,856.72,841.1,843.63,108195.9,-1.3,853.54,848.19,841.46,True,27.22,18.2,15.38,,,,,,,,,,617.22,-26.84,2.86,28.402266,23961.0,8378.38,-316.12,-3.64,6430.56,2396.1,4034.46,1947.83,,617.22,-26.84,2.86,30.25363,25522.87,8924.52,-336.72,-3.64,6849.72,2552.29,4297.44,2074.79,
2025-09-05,843.62,857.73,842.22,850.14,120856.95,0.77,853.02,848.37,842.1,True,25.93,17.71,14.74,,,,,,,,,,617.22,-27.4,2.82,28.402266,24145.9,8563.28,184.9,2.21,6615.46,2414.59,4200.87,1947.83,,617.22,-27.4,2.82,30.25363,25719.82,9121.47,196.95,2.21,7046.68,2571.98,4474.69,2074.79,
2025-09-06,850.14,865.0,849.55,860.85,144234.05,1.26,854.22,849.56,843.49,True,25.12,18.97,14.11,,,,,,,,,,617.22,-28.3,2.76,28.402266,24450.09,8867.47,304.19,3.55,6919.64,2445.01,4474.64,1947.83,,617.22,-28.3,2.76,30.25363,26043.84,9445.49,324.02,3.55,7370.69,2604.38,4766.31,2074.79,
2025-09-07,860.86,884.05,860.55,880.05,136538.06,2.23,858.2,852.46,846.2,True,25.27,23.03,13.18,,,,,,,,,SMALL HL confirmed @ 840.71,617.22,-29.87,2.66,28.402266,24995.41,9412.8,545.32,6.15,7464.97,2499.54,4965.43,1947.83,,617.22,-29.87,2.66,30.25363,26624.71,10026.36,580.87,6.15,7951.56,2662.47,5289.09,2074.79,
2025-09-08,880.05,885.85,870.01,878.08,177574.78,-0.22,861.26,854.9,848.56,True,25.49,22.5,12.59,,,,,,,,,,617.22,-29.71,2.67,28.402266,24939.46,9356.84,-55.95,-0.59,7409.02,2493.95,4915.07,1947.83,,617.22,-29.71,2.67,30.25363,26565.11,9966.76,-59.6,-0.59,7891.96,2656.51,5235.45,2074.79,
2025-09-09,878.08,884.83,871.38,880.01,150610.03,0.22,864.14,857.29,850.89,True,25.68,21.6,12.08,,,,,,,,,,617.22,-29.86,2.66,28.402266,24994.28,9411.66,54.82,0.59,7463.83,2499.43,4964.4,1947.83,,617.22,-29.86,2.66,30.25363,26623.5,10025.15,58.39,0.59,7950.35,2662.35,5288.0,2074.79,
2025-09-10,880.0,907.38,877.04,893.77,306830.18,1.56,868.7,860.77,854.07,True,26.77,26.25,11.02,,,,,,,,BULL_BOS,SMALL BULL BOS @ 893.77 (level 881.36),617.22,-30.94,2.59,28.402266,25385.09,9802.47,390.82,4.15,7854.65,2538.51,5316.14,1947.83,,617.22,-30.94,2.59,30.25363,27039.79,10441.44,416.29,4.15,8366.64,2703.98,5662.66,2074.79,
2025-09-11,893.77,904.53,888.38,902.77,179913.18,1.01,873.94,864.77,857.68,True,27.78,24.99,10.49,,,,,,,,,,617.22,-31.63,2.55,28.402266,25640.71,10058.09,255.62,2.61,8110.27,2564.07,5546.2,1947.83,,617.22,-31.63,2.55,30.25363,27312.07,10713.72,272.28,2.61,8638.92,2731.21,5907.72,2074.79,
2025-09-12,902.77,929.9,901.41,924.8,240267.94,2.44,881.77,870.49,862.65,True,29.5,30.36,9.61,,,,,,,,,,617.22,-33.26,2.46,28.402266,26266.42,10683.8,625.7,6.22,8735.97,2626.64,6109.33,1947.83,,617.22,-33.26,2.46,30.25363,27978.56,11380.21,666.49,6.22,9305.41,2797.86,6507.56,2074.79,
2025-09-13,924.81,943.86,922.11,933.68,251751.23,0.96,889.75,876.5,867.91,True,31.44,32.54,8.99,,,,,,,,,,617.22,-33.89,2.42,28.402266,26518.63,10936.01,252.21,2.36,8988.18,2651.86,6336.32,1947.83,,617.22,-33.89,2.42,30.25363,28247.21,11648.86,268.65,2.36,9574.06,2824.72,6749.34,2074.79,
2025-09-14,933.68,944.95,921.91,926.51,159814.98,-0.77,895.41,881.27,872.25,True,33.27,30.63,8.38,,,,,,,,,,617.22,-33.38,2.45,28.402266,26314.98,10732.36,-203.64,-1.86,8784.54,2631.5,6153.04,1947.83,,617.22,-33.38,2.45,30.25363,28030.29,11431.94,-216.92,-1.86,9357.15,2803.03,6554.12,2074.79,
2025-09-15,926.51,935.72,910.64,919.68,175249.09,-0.74,899.14,884.93,875.76,True,34.02,28.36,11.09,,,,,,,,,,617.22,-32.89,2.48,28.402266,26121.0,10538.38,-193.99,-1.81,8590.55,2612.1,5978.45,1947.83,,617.22,-32.89,2.48,30.25363,27823.66,11225.31,-206.63,-1.81,9150.51,2782.37,6368.15,2074.79,
2025-09-16,919.68,959.0,916.66,955.65,284918.84,3.91,907.84,891.66,881.68,True,35.35,31.52,9.77,,,,,,,,,,617.22,-35.41,2.35,28.402266,27142.63,11560.01,1021.63,9.69,9612.18,2714.26,6897.92,1947.83,,617.22,-35.41,2.35,30.25363,28911.88,12313.53,1088.22,9.69,10238.74,2891.19,7347.55,2074.79,
2025-09-17,955.65,995.44,946.1,989.98,362193.2,3.59,920.47,901.02,889.7,True,37.3,37.02,8.5,,,,,,,,,,617.22,-37.65,2.24,28.402266,28117.68,12535.06,975.05,8.43,10587.23,2811.77,7775.46,1947.83,,617.22,-37.65,2.24,30.25363,29950.49,13352.14,1038.61,8.43,11277.34,2995.05,8282.29,2074.79,
2025-09-18,989.97,1006.88,979.48,981.04,402672.56,-0.9,929.79,908.65,896.47,True,39.29,37.37,7.89,,,,,,,,,,617.22,-37.09,2.27,28.402266,27863.76,12281.14,-253.92,-2.03,10333.31,2786.38,7546.94,1947.83,,617.22,-37.09,2.27,30.25363,29680.02,13081.67,-270.47,-2.03,11006.88,2968.0,8038.87,2074.79,
2025-09-19,981.05,1002.99,973.9,984.1,333582.76,0.31,938.15,915.83,902.96,True,40.74,34.52,8.75,,,,,,,,,,617.22,-37.28,2.26,28.402266,27950.67,12368.05,86.91,0.71,10420.22,2795.07,7625.16,1947.83,,617.22,-37.28,2.26,30.25363,29772.6,13174.25,92.58,0.71,11099.45,2977.26,8122.19,2074.79,
2025-09-20,984.1,1048.0,982.9,1043.77,380966.08,6.06,954.4,928.02,913.39,True,42.74,39.89,7.39,,,,,,,,,,617.22,-40.87,2.11,28.402266,29645.43,14062.81,1694.76,13.7,12114.99,2964.54,9150.44,1947.83,,617.22,-40.87,2.11,30.25363,31577.83,14979.48,1805.23,13.7,12904.69,3157.78,9746.9,2074.79,
2025-09-21,1043.77,1083.47,1039.2,1047.8,464411.28,0.39,968.77,939.42,923.35,True,44.96,43.99,6.64,,,,,1083.47,,HH,,,617.22,-41.09,2.1,28.402266,29759.89,14177.28,114.46,0.81,12229.45,2975.99,9253.46,1947.83,,617.22,-41.09,2.1,30.25363,31699.75,15101.4,121.92,0.81,13026.61,3169.98,9856.63,2074.79,
2025-09-22,1047.8,1050.55,976.89,992.9,588730.4,-5.24,972.48,944.52,928.5,True,44.11,37.19,18.68,,,,,,,,,,617.22,-37.84,2.23,28.402266,28200.61,12617.99,-1559.28,-11.0,10670.16,2820.06,7850.1,1947.83,,617.22,-37.84,2.23,30.25363,30038.83,13440.48,-1660.92,-11.0,11365.68,3003.88,8361.8,2074.79,
2025-09-23,992.9,1027.37,962.38,1015.98,420071.07,2.32,979.17,951.32,934.98,True,42.8,32.43,19.15,,,,,,,,,,617.22,-39.25,2.17,28.402266,28856.13,13273.52,655.52,5.2,11325.69,2885.61,8440.07,1947.83,,617.22,-39.25,2.17,30.25363,30737.08,14138.73,698.25,5.2,12063.94,3073.71,8990.23,2074.79,
2025-09-24,1015.98,1034.5,991.46,1018.49,363049.88,0.25,985.22,957.72,941.16,True,41.73,31.11,17.55,,,,,,,,,,617.22,-39.4,2.17,28.402266,28927.42,13344.8,71.29,0.54,11396.98,2892.74,8504.23,1947.83,,617.22,-39.4,2.17,30.25363,30813.02,14214.67,75.94,0.54,12139.87,3081.3,9058.57,2074.79,
2025-09-25,1018.49,1019.9,939.55,945.9,635121.25,-7.13,979.17,956.59,941.52,True,39.07,26.63,24.32,,,,,,,,,,617.22,-34.75,2.38,28.402266,26865.7,11283.08,-2061.72,-15.45,9335.26,2686.57,6648.69,1947.83,,617.22,-34.75,2.38,30.25363,28616.91,12018.56,-2196.11,-15.45,9943.76,2861.69,7082.07,2074.79,
2025-09-26,945.9,966.23,932.01,960.8,384757.51,1.58,976.34,956.99,942.94,True,36.4,24.98,24.18,,,,,,932.01,HL,,SMALL HH confirmed @ 1083.47,617.22,-35.76,2.33,28.402266,27288.9,11706.28,423.19,3.75,9758.45,2728.89,7029.56,1947.83,,617.22,-35.76,2.33,30.25363,29067.69,12469.34,450.78,3.75,10394.54,2906.77,7487.77,2074.79,
2025-09-27,960.81,985.79,955.56,968.45,245246.42,0.8,975.13,958.09,944.83,True,34.42,27.19,22.84,,,,,,,,,,617.22,-36.27,2.31,28.402266,27506.17,11923.56,217.28,1.86,9975.73,2750.62,7225.11,1947.83,,617.22,-36.27,2.31,30.25363,29299.13,12700.78,231.44,1.86,10625.98,2929.91,7696.07,2074.79,
2025-09-28,968.46,993.65,962.68,993.01,188486.48,2.54,977.88,961.41,948.4,True,32.78,27.08,21.51,,,,,,,,,,617.22,-37.84,2.23,28.402266,28203.73,12621.12,697.56,5.85,10673.29,2820.37,7852.91,1947.83,,617.22,-37.84,2.23,30.25363,30042.16,13443.81,743.03,5.85,11369.01,3004.22,8364.8,2074.79,
2025-09-29,993.01,1036.0,991.12,1029.79,291982.5,3.7,985.87,967.92,954.43,True,32.2,32.65,19.73,,,,,,,,,,617.22,-40.06,2.14,28.402266,29248.37,13665.75,1044.64,8.28,11717.92,2924.84,8793.09,1947.83,,617.22,-40.06,2.14,30.25363,31154.89,14556.53,1112.73,8.28,12481.74,3115.49,9366.25,2074.79,
2025-09-30,1029.79,1034.01,992.93,1008.51,258830.97,-2.07,989.35,971.79,958.44,True,31.66,30.19,18.24,,,,,,,,,,617.22,-38.8,2.19,28.402266,28643.97,13061.35,-604.4,-4.42,11113.52,2864.4,8249.13,1947.83,,617.22,-38.8,2.19,30.25363,30511.09,13912.74,-643.8,-4.42,11837.94,3051.11,8786.83,2074.79,
