date,open,high,low,close,volume,pct_change,ema12,ema20,ema26,az_bullish,adx14,di_plus,di_minus,big_swing_high,big_swing_low,big_pivot_label,big_break,small_swing_high,small_swing_low,small_pivot_label,small_break,structure_action,a_liquidate_price,a_pct_liquidate,a_leverage,a_position_size,a_notional,a_total,a_pnl,a_pct_pnl,a_margin,a_position,a_unrealized,a_realized,a_action,b_liquidate_price,b_pct_liquidate,b_leverage,b_position_size,b_notional,b_total,b_pnl,b_pct_pnl,b_margin,b_position,b_unrealized,b_realized,b_action
2022-07-01,0.33,0.34,0.31,0.31,373042743.0,-5.48,0.34,0.34,0.35,False,27.9,16.34,25.23,,,,,0.34,,LH,,,,,,,,2000.0,0.0,0.0,0.0,0.0,,2000.0,,,,,,,2000.0,0.0,0.0,0.0,0.0,,2000.0,
2022-07-02,0.31,0.32,0.31,0.32,179482724.0,0.54,0.33,0.34,0.35,False,27.48,15.91,24.89,,,,,,,,,,,,,,,2000.0,0.0,0.0,0.0,0.0,,2000.0,,,,,,,2000.0,0.0,0.0,0.0,0.0,,2000.0,
2022-07-03,0.32,0.33,0.31,0.32,194701668.0,1.87,0.33,0.34,0.35,False,26.61,17.34,23.65,,,,,,0.31,HL,,,,,,,,2000.0,0.0,0.0,0.0,0.0,,2000.0,,,,,,,2000.0,0.0,0.0,0.0,0.0,,2000.0,
2022-07-04,0.32,0.33,0.31,0.33,276890244.0,2.24,0.33,0.34,0.35,False,25.56,17.79,22.57,,,,,,,,,,,,,,,2000.0,0.0,0.0,0.0,0.0,,2000.0,,,,,,,2000.0,0.0,0.0,0.0,0.0,,2000.0,
2022-07-05,0.33,0.33,0.31,0.33,332749123.0,-1.06,0.33,0.34,0.34,False,24.66,16.82,21.87,,,,,,,,,SMALL HL confirmed @ 0.31,,,,,,2000.0,0.0,0.0,0.0,0.0,,2000.0,,,,,,,2000.0,0.0,0.0,0.0,0.0,,2000.0,
2022-07-06,0.33,0.33,0.32,0.33,295359140.0,2.21,0.33,0.34,0.34,False,23.64,17.02,20.92,,,,,,,,,SMALL LH confirmed @ 0.34,,,,,,2000.0,0.0,0.0,0.0,0.0,,2000.0,,,,,,,2000.0,0.0,0.0,0.0,0.0,,2000.0,
2022-07-07,0.33,0.35,0.33,0.34,261063763.0,2.95,0.33,0.34,0.34,False,21.95,19.67,19.69,,,,,,,,BULL_CHOCH,SMALL BULL CHOCH @ 0.34 (level 0.34),0.17,-50.0,1.0,5844.535359,2000.0,2000.0,0.0,0.0,1000.0,1000.0,0.0,1000.0,"ENTRY @ 0.34 (small green CHoCH, margin $1000.00 [50% of bank] @ 2x [ADX 22.0, zone red], 5844.535359 units)",,,,,,2000.0,0.0,0.0,0.0,0.0,,2000.0,
2022-07-08,0.34,0.36,0.34,0.34,383269941.0,-0.58,0.33,0.34,0.34,False,21.12,22.46,18.26,,,,,0.36,,HH,,SMALL HL confirmed @ 0.31,0.17,-49.71,1.0,5844.535359,1988.31,1988.31,-11.69,-0.58,988.31,994.16,-5.84,1000.0,,,,,,,2000.0,0.0,0.0,0.0,0.0,,2000.0,
2022-07-09,0.34,0.35,0.34,0.34,131799232.0,1.35,0.34,0.34,0.34,False,20.35,21.83,17.75,,,,,,,,,,0.17,-50.38,1.0,5844.535359,2015.2,2015.2,26.88,1.35,1015.2,1007.6,7.6,1000.0,,,,,,,2000.0,0.0,0.0,0.0,0.0,,2000.0,
2022-07-10,0.34,0.34,0.32,0.33,240237163.0,-5.6,0.33,0.34,0.34,False,19.33,20.04,22.64,,,,,,,,,,0.17,-47.43,1.0,5844.535359,1902.4,1902.4,-112.8,-5.6,902.4,951.2,-48.8,1000.0,,,,,,,2000.0,0.0,0.0,0.0,0.0,,2000.0,
2022-07-11,0.33,0.33,0.31,0.32,246538517.0,-3.16,0.33,0.34,0.34,False,18.84,18.82,24.2,,,,,,,,,,0.17,-45.72,1.0,5844.535359,1842.2,1842.2,-60.2,-3.16,842.2,921.1,-78.9,1000.0,,,,,,,2000.0,0.0,0.0,0.0,0.0,,2000.0,
2022-07-12,0.32,0.32,0.31,0.31,234067778.0,-1.14,0.33,0.33,0.34,False,18.54,18.15,24.36,,,,,,,,,,0.17,-45.09,1.0,5844.535359,1821.16,1821.16,-21.04,-1.14,821.16,910.58,-89.42,1000.0,,,,,,,2000.0,0.0,0.0,0.0,0.0,,2000.0,
2022-07-13,0.31,0.33,0.3,0.32,354463864.0,3.88,0.33,0.33,0.34,False,17.74,19.32,22.38,,,,,,0.3,LL,,SMALL HH confirmed @ 0.36,0.17,-47.14,1.0,5844.535359,1891.88,1891.88,70.72,3.88,891.88,945.94,-54.06,1000.0,,,,,,,2000.0,0.0,0.0,0.0,0.0,,2000.0,
2022-07-14,0.32,0.33,0.31,0.33,323459383.0,3.12,0.33,0.33,0.34,False,16.5,20.6,20.74,,,,,,,,,,0.17,-48.74,1.0,5844.535359,1950.91,1950.91,59.03,3.12,950.91,975.45,-24.55,1000.0,,,,,,,2000.0,0.0,0.0,0.0,0.0,,2000.0,
2022-07-15,0.33,0.35,0.33,0.33,392883643.0,0.12,0.33,0.33,0.34,False,16.13,24.15,19.22,,,,,,,,,,0.17,-48.8,1.0,5844.535359,1953.24,1953.24,2.34,0.12,953.24,976.62,-23.38,1000.0,,,,,,,2000.0,0.0,0.0,0.0,0.0,,2000.0,
2022-07-16,0.33,0.36,0.33,0.35,271487176.0,4.88,0.33,0.33,0.34,False,16.16,24.62,17.61,,,,,,,,,,0.17,-51.18,1.0,5844.535359,2048.51,2048.51,95.27,4.88,1048.51,1024.25,24.25,1000.0,,,,,,,2000.0,0.0,0.0,0.0,0.0,,2000.0,
2022-07-17,0.35,0.36,0.34,0.34,203255685.0,-2.05,0.33,0.34,0.34,False,16.43,24.6,16.43,,,,,,,,,,0.17,-50.16,1.0,5844.535359,2006.43,2006.43,-42.08,-2.05,1006.43,1003.21,3.21,1000.0,,,,,,,2000.0,0.0,0.0,0.0,0.0,,2000.0,
2022-07-18,0.34,0.37,0.34,0.37,404237689.0,6.41,0.34,0.34,0.34,False,17.09,25.26,14.96,,,,,,,,BULL_BOS,SMALL LL confirmed @ 0.30 | SMALL BULL BOS @ 0.37 (level 0.36),0.17,-53.16,1.0,5844.535359,2135.01,2135.01,128.58,6.41,1135.01,1067.5,67.5,1000.0,,,,,,,2000.0,0.0,0.0,0.0,0.0,,2000.0,
2022-07-19,0.37,0.38,0.35,0.37,372635897.0,2.08,0.34,0.34,0.34,True,17.99,25.33,13.74,,,,,,,,,,0.17,-54.12,1.0,5844.535359,2179.43,2179.43,44.42,2.08,1179.43,1089.71,89.71,1000.0,,,,,,,2000.0,0.0,0.0,0.0,0.0,,2000.0,
2022-07-20,0.37,0.38,0.36,0.36,329852165.0,-2.52,0.35,0.34,0.34,True,19.03,24.95,12.66,,,,,0.38,,HH,,,0.17,-52.93,1.0,5844.535359,2124.49,2124.49,-54.94,-2.52,1124.49,1062.24,62.24,1000.0,,,,,,,2000.0,0.0,0.0,0.0,0.0,,2000.0,
2022-07-21,0.36,0.37,0.35,0.37,276798269.0,0.94,0.35,0.35,0.35,True,19.31,23.33,14.66,,,,,,,,,,0.17,-53.37,1.0,5844.535359,2144.36,2144.36,19.87,0.94,1144.36,1072.18,72.18,1000.0,,,,,,,2000.0,0.0,0.0,0.0,0.0,,2000.0,
2022-07-22,0.37,0.37,0.35,0.36,231304449.0,-2.48,0.35,0.35,0.35,True,19.71,23.01,13.81,,,,,,,,,,0.17,-52.18,1.0,5844.535359,2091.17,2091.17,-53.19,-2.48,1091.17,1045.59,45.59,1000.0,,,,,,,2000.0,0.0,0.0,0.0,0.0,,2000.0,
2022-07-23,0.36,0.36,0.35,0.36,140472336.0,0.39,0.35,0.35,0.35,True,19.73,22.0,14.66,,,,,,,,,,0.17,-52.37,1.0,5844.535359,2099.36,2099.36,8.18,0.39,1099.36,1049.68,49.68,1000.0,,,,,,,2000.0,0.0,0.0,0.0,0.0,,2000.0,
2022-07-24,0.36,0.37,0.36,0.36,154710249.0,-0.17,0.35,0.35,0.35,True,19.97,22.52,14.1,,,,,,,,,,0.17,-52.29,1.0,5844.535359,2095.85,2095.85,-3.51,-0.17,1095.85,1047.93,47.93,1000.0,,,,,,,2000.0,0.0,0.0,0.0,0.0,,2000.0,
2022-07-25,0.36,0.36,0.34,0.34,250777496.0,-6.25,0.35,0.35,0.35,True,18.63,20.57,20.04,,,,,,,,,SMALL HH confirmed @ 0.38,0.17,-49.11,1.0,5844.535359,1964.93,1964.93,-130.92,-6.25,964.93,982.47,-17.53,1000.0,,,,,,,2000.0,0.0,0.0,0.0,0.0,,2000.0,
2022-07-26,0.34,0.34,0.33,0.34,248516564.0,0.3,0.35,0.35,0.35,True,17.8,19.6,22.57,,,,,,0.33,HL,,,0.17,-49.26,1.0,5844.535359,1970.78,1970.78,5.84,0.3,970.78,985.39,-14.61,1000.0,,,,,,,2000.0,0.0,0.0,0.0,0.0,,2000.0,
2022-07-27,0.34,0.36,0.33,0.36,270820690.0,6.58,0.35,0.35,0.35,True,17.26,24.9,20.3,,,,,,,,,,0.17,-52.39,1.0,5844.535359,2100.53,2100.53,129.75,6.58,1100.53,1050.26,50.26,1000.0,,,,,,,2000.0,0.0,0.0,0.0,0.0,,2000.0,
2022-07-28,0.36,0.38,0.35,0.37,338381188.0,4.03,0.35,0.35,0.35,True,17.63,28.86,18.26,,,,,,,,,,0.17,-54.24,1.0,5844.535359,2185.27,2185.27,84.75,4.03,1185.27,1092.64,92.64,1000.0,,,,,,,2000.0,0.0,0.0,0.0,0.0,,2000.0,
2022-07-29,0.37,0.38,0.36,0.37,276456259.0,-1.6,0.36,0.35,0.35,True,18.01,27.14,17.02,,,,,,,,,,0.17,-53.49,1.0,5844.535359,2150.2,2150.2,-35.07,-1.6,1150.2,1075.1,75.1,1000.0,,,,,,,2000.0,0.0,0.0,0.0,0.0,,2000.0,
2022-07-30,0.37,0.41,0.36,0.39,388154871.0,5.44,0.36,0.36,0.35,True,19.44,32.44,14.57,0.41,,LH,,0.41,,HH,BULL_BOS,SMALL BULL BOS @ 0.39 (level 0.38),0.17,-55.89,1.0,5844.535359,2267.1,2267.1,116.89,5.44,1267.1,1133.55,133.55,1000.0,,,,,,,2000.0,0.0,0.0,0.0,0.0,,2000.0,
2022-07-31,0.39,0.4,0.38,0.38,231814092.0,-2.24,0.36,0.36,0.36,True,20.77,30.36,13.63,,,,,,,,,SMALL HL confirmed @ 0.33,0.17,-54.88,1.0,5844.535359,2216.25,2216.25,-50.85,-2.24,1216.25,1108.12,108.12,1000.0,,,,,,,2000.0,0.0,0.0,0.0,0.0,,2000.0,
2022-08-01,0.38,0.39,0.37,0.38,215729685.0,-0.03,0.37,0.36,0.36,True,21.49,28.92,15.27,,,,,,,,,,0.17,-54.87,1.0,5844.535359,2215.66,2215.66,-0.58,-0.03,1215.66,1107.83,107.83,1000.0,,,,,,,2000.0,0.0,0.0,0.0,0.0,,2000.0,
2022-08-02,0.38,0.39,0.37,0.37,261343324.0,-2.03,0.37,0.36,0.36,True,22.47,29.08,13.94,,,,,,,,,,0.17,-53.93,1.0,5844.535359,2170.66,2170.66,-45.0,-2.03,1170.66,1085.33,85.33,1000.0,,,,,,,2000.0,0.0,0.0,0.0,0.0,,2000.0,
2022-08-03,0.37,0.38,0.36,0.37,212254602.0,-0.51,0.37,0.36,0.36,True,23.11,27.74,14.45,,,,,,0.36,HL,,,0.17,-53.69,1.0,5844.535359,2159.56,2159.56,-11.1,-0.51,1159.56,1079.78,79.78,1000.0,,,,,,,2000.0,0.0,0.0,0.0,0.0,,2000.0,
2022-08-04,0.37,0.38,0.36,0.37,170860294.0,0.41,0.37,0.36,0.36,True,23.71,26.75,13.94,,,,,,,,,SMALL HH confirmed @ 0.41,0.17,-53.88,1.0,5844.535359,2168.32,2168.32,8.77,0.41,1168.32,1084.16,84.16,1000.0,,,,,,,2000.0,0.0,0.0,0.0,0.0,,2000.0,
2022-08-05,0.37,0.38,0.37,0.38,178170072.0,1.46,0.37,0.36,0.36,True,24.41,26.92,13.4,,,,,,,,,,0.17,-54.54,1.0,5844.535359,2199.88,2199.88,31.56,1.46,1199.88,1099.94,99.94,1000.0,,,,,,,2000.0,0.0,0.0,0.0,0.0,,2000.0,
2022-08-06,0.38,0.38,0.37,0.37,88658479.0,-1.3,0.37,0.36,0.36,True,25.07,26.18,13.03,,,,,,,,,,0.17,-53.94,1.0,5844.535359,2171.24,2171.24,-28.64,-1.3,1171.24,1085.62,85.62,1000.0,,,,,,,2000.0,0.0,0.0,0.0,0.0,,2000.0,
2022-08-07,0.37,0.38,0.37,0.37,94432362.0,0.19,0.37,0.37,0.36,True,25.48,25.29,13.37,,,,,,,,,BIG LL confirmed @ 0.29,0.17,-54.03,1.0,5844.535359,2175.34,2175.34,4.09,0.19,1175.34,1087.67,87.67,1000.0,,,,,,,2000.0,0.0,0.0,0.0,0.0,,2000.0,
2022-08-08,0.37,0.38,0.37,0.38,221476216.0,1.75,0.37,0.37,0.36,True,26.22,26.84,12.67,,,,,,,,,SMALL HL confirmed @ 0.36,0.17,-54.82,1.0,5844.535359,2213.33,2213.33,37.99,1.75,1213.33,1106.66,106.66,1000.0,,,,,,,2000.0,0.0,0.0,0.0,0.0,,2000.0,
2022-08-09,0.38,0.38,0.36,0.37,168358813.0,-3.04,0.37,0.37,0.36,True,25.96,24.84,15.7,,,,,,,,,,0.17,-53.4,1.0,5844.535359,2146.11,2146.11,-67.21,-3.04,1146.11,1073.06,73.06,1000.0,,,,,,,2000.0,0.0,0.0,0.0,0.0,,2000.0,
2022-08-10,0.37,0.38,0.36,0.38,218617309.0,3.87,0.37,0.37,0.37,True,25.51,22.67,15.2,,,,,,,,,,0.17,-55.14,1.0,5844.535359,2229.11,2229.11,82.99,3.87,1229.11,1114.55,114.55,1000.0,,,,,,,2000.0,0.0,0.0,0.0,0.0,,2000.0,
2022-08-11,0.38,0.39,0.38,0.38,212303676.0,-0.31,0.37,0.37,0.37,True,25.36,23.63,14.66,,,,,,,,,,0.17,-55.0,1.0,5844.535359,2222.09,2222.09,-7.01,-0.31,1222.09,1111.05,111.05,1000.0,,,,,,,2000.0,0.0,0.0,0.0,0.0,,2000.0,
2022-08-12,0.38,0.38,0.37,0.38,169377982.0,-0.16,0.37,0.37,0.37,True,24.59,22.62,16.89,,,,,,,,,,0.17,-54.93,1.0,5844.535359,2218.59,2218.59,-3.51,-0.16,1218.59,1109.29,109.29,1000.0,,,,,,,2000.0,0.0,0.0,0.0,0.0,,2000.0,
2022-08-13,0.38,0.39,0.38,0.38,122728952.0,-0.42,0.38,0.37,0.37,True,24.3,24.45,16.1,,,,,,,,,,0.17,-54.74,1.0,5844.535359,2209.23,2209.23,-9.35,-0.42,1209.23,1104.62,104.62,1000.0,,,,,,,2000.0,0.0,0.0,0.0,0.0,,2000.0,
2022-08-14,0.38,0.39,0.37,0.38,184744299.0,-0.61,0.38,0.37,0.37,True,24.31,24.49,14.88,,,,,,,,,,0.17,-54.46,1.0,5844.535359,2195.79,2195.79,-13.44,-0.61,1195.79,1097.9,97.9,1000.0,,,,,,,2000.0,0.0,0.0,0.0,0.0,,2000.0,
2022-08-15,0.38,0.39,0.37,0.38,231352894.0,-0.16,0.38,0.37,0.37,True,23.58,22.56,16.97,,,,,,,,,,0.17,-54.39,1.0,5844.535359,2192.29,2192.29,-3.51,-0.16,1192.29,1096.14,96.14,1000.0,,,,,,,2000.0,0.0,0.0,0.0,0.0,,2000.0,
2022-08-16,0.38,0.38,0.37,0.38,196904975.0,0.51,0.38,0.37,0.37,True,22.91,21.45,16.13,,,,,,,,,,0.17,-54.62,1.0,5844.535359,2203.39,2203.39,11.1,0.51,1203.39,1101.69,101.69,1000.0,,,,,,,2000.0,0.0,0.0,0.0,0.0,,2000.0,
2022-08-17,0.38,0.39,0.37,0.38,333525617.0,0.66,0.38,0.37,0.37,True,23.16,24.97,14.54,,,,,0.39,,LH,,,0.17,-54.91,1.0,5844.535359,2218.0,2218.0,14.61,0.66,1218.0,1109.0,109.0,1000.0,,,,,,,2000.0,0.0,0.0,0.0,0.0,,2000.0,
2022-08-18,0.38,0.38,0.37,0.37,206448429.0,-2.4,0.38,0.37,0.37,True,23.39,23.69,13.8,,,,,,,,,,0.17,-53.81,1.0,5844.535359,2164.82,2164.82,-53.19,-2.4,1164.82,1082.41,82.41,1000.0,,,,,,,2000.0,0.0,0.0,0.0,0.0,,2000.0,
2022-08-19,0.37,0.37,0.33,0.33,437831008.0,-9.72,0.37,0.37,0.37,True,22.65,20.12,26.18,,,,,,,,BEAR_CHOCH,SMALL BEAR CHOCH @ 0.33 (level 0.36),,,,,,1954.41,-210.4,-9.72,0.0,0.0,,1954.41,"EXIT @ 0.33 (small red CHoCH, realized -45.59)",,,,,,2000.0,0.0,0.0,0.0,0.0,,2000.0,
2022-08-20,0.33,0.34,0.33,0.34,206218319.0,0.72,0.36,0.37,0.37,False,21.97,19.27,25.09,,,,,,,,,,,,,,,1954.41,0.0,0.0,0.0,0.0,,1954.41,,,,,,,2000.0,0.0,0.0,0.0,0.0,,2000.0,
2022-08-21,0.34,0.35,0.34,0.34,185595697.0,2.4,0.36,0.36,0.36,False,20.92,20.55,23.78,,,,,,,,,,,,,,,1954.41,0.0,0.0,0.0,0.0,,1954.41,,,,,,,2000.0,0.0,0.0,0.0,0.0,,2000.0,
2022-08-22,0.34,0.35,0.33,0.34,259125051.0,-0.26,0.36,0.36,0.36,False,20.21,19.38,24.14,,,,,,,,,SMALL LH confirmed @ 0.39,,,,,,1954.41,0.0,0.0,0.0,0.0,,1954.41,,,,,,,2000.0,0.0,0.0,0.0,0.0,,2000.0,
2022-08-23,0.34,0.35,0.33,0.35,224844843.0,0.93,0.36,0.36,0.36,False,19.34,19.27,22.62,,,,,,,,,,,,,,,1954.41,0.0,0.0,0.0,0.0,,1954.41,,,,,,,2000.0,0.0,0.0,0.0,0.0,,2000.0,
2022-08-24,0.35,0.35,0.34,0.35,190760736.0,-0.46,0.35,0.36,0.36,False,18.18,20.05,21.34,,,,,,,,,,,,,,,1954.41,0.0,0.0,0.0,0.0,,1954.41,,,,,,,2000.0,0.0,0.0,0.0,0.0,,2000.0,
2022-08-25,0.35,0.35,0.34,0.35,200831070.0,1.01,0.35,0.36,0.36,False,17.1,19.3,20.54,,,,,,,,,,,,,,,1954.41,0.0,0.0,0.0,0.0,,1954.41,,,,,,,2000.0,0.0,0.0,0.0,0.0,,2000.0,
2022-08-26,0.35,0.37,0.33,0.34,439211758.0,-2.81,0.35,0.36,0.36,False,16.99,23.83,17.41,,,,,,,,,,,,,,,1954.41,0.0,0.0,0.0,0.0,,1954.41,,,,,,,2000.0,0.0,0.0,0.0,0.0,,2000.0,
2022-08-27,0.34,0.34,0.33,0.33,175871454.0,-1.39,0.35,0.35,0.36,False,16.55,22.28,17.95,,,,,,,,,,,,,,,1954.41,0.0,0.0,0.0,0.0,,1954.41,,,,,,,2000.0,0.0,0.0,0.0,0.0,,2000.0,
2022-08-28,0.33,0.34,0.32,0.32,148984590.0,-3.65,0.35,0.35,0.35,False,15.59,20.86,19.59,,,,,,,,,,,,,,,1954.41,0.0,0.0,0.0,0.0,,1954.41,,,,,,,2000.0,0.0,0.0,0.0,0.0,,2000.0,
2022-08-29,0.32,0.33,0.32,0.33,268856257.0,3.5,0.34,0.35,0.35,False,14.5,19.55,19.45,,,,,,0.32,LL,,,,,,,,1954.41,0.0,0.0,0.0,0.0,,1954.41,,,,,,,2000.0,0.0,0.0,0.0,0.0,,2000.0,
2022-08-30,0.33,0.34,0.32,0.33,213879108.0,-2.1,0.34,0.35,0.35,False,13.61,18.98,18.2,,,,,0.34,,LH,,,,,,,,1954.41,0.0,0.0,0.0,0.0,,1954.41,,,,,,,2000.0,0.0,0.0,0.0,0.0,,2000.0,
2022-08-31,0.33,0.33,0.32,0.33,195043842.0,0.31,0.34,0.35,0.35,False,12.79,18.11,17.37,,,,,,,,,,,,,,,1954.41,0.0,0.0,0.0,0.0,,1954.41,,,,,,,2000.0,0.0,0.0,0.0,0.0,,2000.0,
2022-09-01,0.33,0.33,0.32,0.33,183564987.0,1.65,0.34,0.34,0.35,False,11.89,17.2,17.13,,,,,,,,,,,,,,,1954.41,0.0,0.0,0.0,0.0,,1954.41,,,,,,,2000.0,0.0,0.0,0.0,0.0,,2000.0,
2022-09-02,0.33,0.34,0.33,0.33,179601436.0,-0.51,0.34,0.34,0.35,False,11.25,17.35,16.36,,,,,,,,,,,,,,,1954.41,0.0,0.0,0.0,0.0,,1954.41,,,,,,,2000.0,0.0,0.0,0.0,0.0,,2000.0,
2022-09-03,0.33,0.34,0.33,0.33,103317904.0,-0.51,0.34,0.34,0.35,False,10.66,16.68,15.73,,,,,,,,,SMALL LL confirmed @ 0.32,,,,,,1954.41,0.0,0.0,0.0,0.0,,1954.41,,,,,,,2000.0,0.0,0.0,0.0,0.0,,2000.0,
2022-09-04,0.33,0.33,0.33,0.33,95913393.0,0.61,0.34,0.34,0.34,False,10.1,16.26,15.33,,,,,,,,,SMALL LH confirmed @ 0.34,,,,,,1954.41,0.0,0.0,0.0,0.0,,1954.41,,,,,,,2000.0,0.0,0.0,0.0,0.0,,2000.0,
2022-09-05,0.33,0.33,0.32,0.33,178320876.0,0.36,0.33,0.34,0.34,False,9.73,15.36,16.92,,,,,,,,,,,,,,,1954.41,0.0,0.0,0.0,0.0,,1954.41,,,,,,,2000.0,0.0,0.0,0.0,0.0,,2000.0,
2022-09-06,0.33,0.34,0.32,0.32,337153895.0,-3.51,0.33,0.34,0.34,False,9.67,17.67,14.78,,,,,,,,,,,,,,,1954.41,0.0,0.0,0.0,0.0,,1954.41,,,,,,,2000.0,0.0,0.0,0.0,0.0,,2000.0,
2022-09-07,0.32,0.34,0.31,0.34,267709589.0,4.89,0.33,0.34,0.34,False,9.23,15.62,14.55,,0.31,HL,,,0.31,LL,BULL_CHOCH,SMALL BULL CHOCH @ 0.34 (level 0.34),0.17,-50.0,1.0,5801.165403,1954.41,1954.41,0.0,0.0,977.21,977.21,0.0,977.21,"ENTRY @ 0.34 (small green CHoCH, margin $977.21 [50% of bank] @ 2x [ADX 9.2, zone red], 5801.165403 units)",,,,,,2000.0,0.0,0.0,0.0,0.0,,2000.0,
2022-09-08,0.34,0.34,0.33,0.34,234589959.0,0.8,0.33,0.34,0.34,False,9.3,16.68,13.58,,,,,,,,,,0.17,-50.4,1.0,5801.165403,1970.08,1970.08,15.66,0.8,992.87,985.04,7.83,977.21,,,,,,,2000.0,0.0,0.0,0.0,0.0,,2000.0,
2022-09-09,0.34,0.36,0.34,0.36,334849027.0,5.06,0.34,0.34,0.34,False,10.67,22.23,12.39,,,,,,,,,,0.17,-52.79,1.0,5801.165403,2069.86,2069.86,99.78,5.06,1092.65,1034.93,57.72,977.21,,,,,,,2000.0,0.0,0.0,0.0,0.0,,2000.0,
2022-09-10,0.36,0.36,0.35,0.36,186010258.0,0.14,0.34,0.34,0.34,False,12.1,22.28,11.8,,,,,0.36,,HH,,,0.17,-52.85,1.0,5801.165403,2072.76,2072.76,2.9,0.14,1095.55,1036.38,59.17,977.21,,,,,,,2000.0,0.0,0.0,0.0,0.0,,2000.0,
2022-09-11,0.36,0.36,0.35,0.36,146159090.0,-0.59,0.34,0.34,0.34,False,13.07,21.09,12.48,,,,,,,,,,0.17,-52.58,1.0,5801.165403,2060.57,2060.57,-12.18,-0.59,1083.37,1030.29,53.08,977.21,,,,,,,2000.0,0.0,0.0,0.0,0.0,,2000.0,
2022-09-12,0.36,0.36,0.35,0.36,243143764.0,1.3,0.35,0.34,0.35,True,13.88,19.89,12.09,,,,,,,,,SMALL LL confirmed @ 0.31,0.17,-53.18,1.0,5801.165403,2087.26,2087.26,26.69,1.3,1110.05,1043.63,66.42,977.21,,,,,,,2000.0,0.0,0.0,0.0,0.0,,2000.0,
2022-09-13,0.36,0.36,0.33,0.33,364278378.0,-7.56,0.34,0.34,0.34,False,12.99,17.37,17.86,,,,,,,,,,0.17,-49.35,1.0,5801.165403,1929.47,1929.47,-157.79,-7.56,952.26,964.73,-12.47,977.21,,,,,,,2000.0,0.0,0.0,0.0,0.0,,2000.0,
2022-09-14,0.33,0.34,0.33,0.34,308604961.0,2.68,0.34,0.34,0.34,False,12.16,16.39,16.84,,,,,,,,,,0.17,-50.67,1.0,5801.165403,1981.1,1981.1,51.63,2.68,1003.89,990.55,13.34,977.21,,,,,,,2000.0,0.0,0.0,0.0,0.0,,2000.0,
2022-09-15,0.34,0.34,0.32,0.33,406236125.0,-4.51,0.34,0.34,0.34,False,12.03,15.06,18.54,,,,,,,,,SMALL HH confirmed @ 0.36,0.17,-48.34,1.0,5801.165403,1891.76,1891.76,-89.34,-4.51,914.55,945.88,-31.33,977.21,,,,,,,2000.0,0.0,0.0,0.0,0.0,,2000.0,
2022-09-16,0.33,0.36,0.32,0.36,370003740.0,8.92,0.34,0.34,0.34,False,11.8,18.91,15.85,,,,,,0.32,HL,,,0.17,-52.58,1.0,5801.165403,2060.57,2060.57,168.81,8.92,1083.37,1030.29,53.08,977.21,,,,,,,2000.0,0.0,0.0,0.0,0.0,,2000.0,
2022-09-17,0.36,0.38,0.35,0.38,443007880.0,5.91,0.35,0.35,0.35,True,13.02,25.01,13.81,,,,,,,,BULL_BOS,SMALL BULL BOS @ 0.38 (level 0.36),0.17,-55.22,1.0,5801.165403,2182.4,2182.4,121.82,5.91,1205.19,1091.2,113.99,977.21,,,,,,,2000.0,0.0,0.0,0.0,0.0,,2000.0,
2022-09-18,0.38,0.4,0.36,0.36,680858418.0,-4.94,0.35,0.35,0.35,True,14.91,27.23,11.8,,,,,,,,,BIG LH confirmed @ 0.41,0.17,-52.89,1.0,5801.165403,2074.5,2074.5,-107.9,-4.94,1097.29,1037.25,60.04,977.21,,,,,,,2000.0,0.0,0.0,0.0,0.0,,2000.0,
2022-09-19,0.36,0.39,0.34,0.38,737172977.0,7.61,0.35,0.35,0.35,True,15.4,22.77,14.65,,,,,,,,,,0.17,-56.22,1.0,5801.165403,2232.29,2232.29,157.79,7.61,1255.08,1116.14,138.94,977.21,,,,,,,2000.0,0.0,0.0,0.0,0.0,,2000.0,
2022-09-20,0.38,0.42,0.37,0.41,1113792429.0,7.59,0.36,0.36,0.35,True,17.05,28.05,12.43,,,,BULL_CHOCH,,,,,BIG BULL CHOCH @ 0.41 (level 0.41),0.17,-59.31,1.0,5801.165403,2401.68,2401.68,169.39,7.59,1424.48,1200.84,223.63,977.21,,,,,,,2000.0,0.0,0.0,0.0,0.0,,2000.0,
2022-09-21,0.41,0.43,0.38,0.39,925735817.0,-4.93,0.37,0.36,0.36,True,18.89,26.66,10.67,,,,,,,,,SMALL HL confirmed @ 0.32,0.17,-57.2,1.0,5801.165403,2283.34,2283.34,-118.34,-4.93,1306.13,1141.67,164.46,977.21,,,,,,,2000.0,0.0,0.0,0.0,0.0,,2000.0,
2022-09-22,0.39,0.5,0.39,0.49,1322834928.0,23.53,0.39,0.37,0.37,True,21.96,34.78,8.21,,,,,,,,,,0.17,-65.35,1.0,5801.165403,2820.53,2820.53,537.19,23.53,1843.32,1410.26,433.06,977.21,,,,,,,2000.0,0.0,0.0,0.0,0.0,,2000.0,
2022-09-23,0.49,0.56,0.46,0.51,1820625745.0,4.26,0.41,0.39,0.38,True,25.47,39.16,6.63,0.56,,HH,,0.56,,HH,,,0.17,-66.77,1.0,5801.165403,2940.61,2940.61,120.08,4.26,1963.4,1470.31,493.1,977.21,,,,,,,2000.0,0.0,0.0,0.0,0.0,,2000.0,
2022-09-24,0.51,0.52,0.47,0.49,711158721.0,-3.77,0.42,0.39,0.39,True,28.72,35.71,6.04,,,,,,,,,,0.17,-65.47,1.0,5801.165403,2829.81,2829.81,-110.8,-3.77,1852.6,1414.9,437.7,977.21,,,,,,,2000.0,0.0,0.0,0.0,0.0,,2000.0,
2022-09-25,0.49,0.52,0.48,0.49,738162563.0,0.8,0.43,0.4,0.39,True,31.76,33.09,5.54,,,,,,,,,,0.17,-65.74,1.0,5801.165403,2852.43,2852.43,22.62,0.8,1875.23,1426.22,449.01,977.21,,,,,,,2000.0,0.0,0.0,0.0,0.0,,2000.0,
2022-09-26,0.49,0.5,0.46,0.47,626520230.0,-4.76,0.44,0.41,0.4,True,33.56,30.44,8.36,,,,,,,,,,0.17,-64.03,1.0,5801.165403,2716.69,2716.69,-135.75,-4.76,1739.48,1358.34,381.14,977.21,,,,,,,2000.0,0.0,0.0,0.0,0.0,,2000.0,
2022-09-27,0.47,0.49,0.44,0.45,628394011.0,-4.83,0.44,0.41,0.4,True,34.09,27.59,11.56,,,,,,,,,,0.17,-62.21,1.0,5801.165403,2585.58,2585.58,-131.11,-4.83,1608.37,1292.79,315.58,977.21,,,,,,,2000.0,0.0,0.0,0.0,0.0,,2000.0,
2022-09-28,0.45,0.46,0.42,0.45,595920283.0,0.72,0.44,0.42,0.41,True,33.76,25.69,13.98,,,,,,0.42,HL,,SMALL HH confirmed @ 0.56,0.17,-62.47,1.0,5801.165403,2604.14,2604.14,18.56,0.72,1626.94,1302.07,324.87,977.21,,,,,,,2000.0,0.0,0.0,0.0,0.0,,2000.0,
2022-09-29,0.45,0.51,0.43,0.49,788666701.0,8.64,0.45,0.42,0.41,True,34.51,31.17,12.05,,,,,0.51,,LH,,,0.17,-65.46,1.0,5801.165403,2829.23,2829.23,225.09,8.64,1852.02,1414.61,437.41,977.21,,,,,,,2000.0,0.0,0.0,0.0,0.0,,2000.0,
2022-09-30,0.49,0.5,0.47,0.48,683028303.0,-1.6,0.45,0.43,0.42,True,35.21,29.48,11.39,,,,,,,,,,0.17,-64.9,1.0,5801.165403,2783.98,2783.98,-45.25,-1.6,1806.77,1391.99,414.78,977.21,,,,,,,2000.0,0.0,0.0,0.0,0.0,,2000.0,
2022-10-01,0.48,0.49,0.47,0.48,332745201.0,-0.94,0.46,0.43,0.42,True,35.85,28.47,11.0,,,,,,,,,,0.17,-64.57,1.0,5801.165403,2757.87,2757.87,-26.11,-0.94,1780.67,1378.94,401.73,977.21,,,,,,,2000.0,0.0,0.0,0.0,0.0,,2000.0,
2022-10-02,0.48,0.48,0.44,0.45,331325448.0,-5.66,0.45,0.43,0.42,True,35.41,26.69,14.47,,,,,,,,,,0.17,-62.44,1.0,5801.165403,2601.82,2601.82,-156.05,-5.66,1624.62,1300.91,323.71,977.21,,,,,,,2000.0,0.0,0.0,0.0,0.0,,2000.0,
2022-10-03,0.45,0.47,0.44,0.46,393625435.0,3.03,0.46,0.44,0.43,True,34.76,25.16,14.67,,,,,,0.44,HL,,SMALL HL confirmed @ 0.42,0.17,-63.55,1.0,5801.165403,2680.72,2680.72,78.9,3.03,1703.51,1340.36,363.15,977.21,,,,,,,2000.0,0.0,0.0,0.0,0.0,,2000.0,
2022-10-04,0.46,0.49,0.45,0.48,528294804.0,3.77,0.46,0.44,0.43,True,34.55,26.56,13.77,,,,,,,,,SMALL LH confirmed @ 0.51,0.17,-64.87,1.0,5801.165403,2781.66,2781.66,100.94,3.77,1804.45,1390.83,413.62,977.21,,,,,,,2000.0,0.0,0.0,0.0,0.0,,2000.0,
2022-10-05,0.48,0.5,0.47,0.49,582675616.0,1.92,0.46,0.45,0.43,True,34.7,28.05,13.0,,,,,,,,,,0.17,-65.53,1.0,5801.165403,2835.03,2835.03,53.37,1.92,1857.82,1417.51,440.31,977.21,,,,,,,2000.0,0.0,0.0,0.0,0.0,,2000.0,
2022-10-06,0.49,0.51,0.49,0.49,412623504.0,0.96,0.47,0.45,0.44,True,34.93,27.9,12.56,,,,,,,,,,0.17,-65.86,1.0,5801.165403,2862.3,2862.3,27.27,0.96,1885.09,1431.15,453.94,977.21,,,,,,,2000.0,0.0,0.0,0.0,0.0,,2000.0,
2022-10-07,0.49,0.53,0.48,0.52,523500800.0,4.93,0.48,0.46,0.44,True,35.69,30.22,11.31,,,,,,,,BULL_BOS,SMALL BULL BOS @ 0.52 (level 0.51),0.17,-67.46,1.0,5801.165403,3003.26,3003.26,140.97,4.93,2026.06,1501.63,524.43,977.21,,,,,,,2000.0,0.0,0.0,0.0,0.0,,2000.0,
2022-10-08,0.52,0.53,0.51,0.52,340783746.0,-0.14,0.48,0.46,0.45,True,36.39,29.17,10.92,,,,,,,,,SMALL HL confirmed @ 0.44,0.17,-67.42,1.0,5801.165403,2999.2,2999.2,-4.06,-0.14,2022.0,1499.6,522.39,977.21,,,,,,,2000.0,0.0,0.0,0.0,0.0,,2000.0,
2022-10-09,0.52,0.55,0.51,0.53,366379188.0,3.0,0.49,0.47,0.46,True,37.4,30.55,10.03,,,,,0.55,,HH,,,0.17,-68.37,1.0,5801.165403,3089.12,3089.12,89.92,3.0,2111.91,1544.56,567.35,977.21,,,,,,,2000.0,0.0,0.0,0.0,0.0,,2000.0,
2022-10-10,0.53,0.54,0.49,0.49,519737735.0,-7.25,0.49,0.47,0.46,True,37.67,27.96,11.66,,,,,,,,,,0.17,-65.89,1.0,5801.165403,2865.2,2865.2,-223.92,-7.25,1887.99,1432.6,455.39,977.21,,,,,,,2000.0,0.0,0.0,0.0,0.0,,2000.0,
2022-10-11,0.49,0.5,0.48,0.49,445279743.0,-1.58,0.49,0.47,0.46,True,37.16,26.59,14.13,,,,,,,,,,0.17,-65.35,1.0,5801.165403,2819.95,2819.95,-45.25,-1.58,1842.74,1409.97,432.77,977.21,,,,,,,2000.0,0.0,0.0,0.0,0.0,,2000.0,
2022-10-12,0.49,0.5,0.48,0.49,245221984.0,0.41,0.49,0.47,0.46,True,36.69,25.84,13.74,,,,,,,,,,0.17,-65.49,1.0,5801.165403,2831.55,2831.55,11.6,0.41,1854.34,1415.77,438.57,977.21,,,,,,,2000.0,0.0,0.0,0.0,0.0,,2000.0,
2022-10-13,0.49,0.49,0.44,0.48,601751609.0,-1.84,0.49,0.47,0.46,True,34.52,23.34,20.57,,,,,,0.44,HL,,,0.17,-64.84,1.0,5801.165403,2779.34,2779.34,-52.21,-1.84,1802.13,1389.67,412.46,977.21,,,,,,,2000.0,0.0,0.0,0.0,0.0,,2000.0,
2022-10-14,0.48,0.51,0.48,0.49,457259209.0,1.92,0.49,0.48,0.47,True,33.16,26.21,19.19,,,,,0.51,,LH,,SMALL HH confirmed @ 0.55,0.17,-65.5,1.0,5801.165403,2832.71,2832.71,53.37,1.92,1855.5,1416.35,439.15,977.21,,,,,,,2000.0,0.0,0.0,0.0,0.0,,2000.0,
2022-10-15,0.49,0.49,0.48,0.48,155163123.0,-1.33,0.49,0.48,0.47,True,31.87,25.54,18.86,,,,,,,,,,0.17,-65.04,1.0,5801.165403,2795.0,2795.0,-37.71,-1.33,1817.8,1397.5,420.29,977.21,,,,,,,2000.0,0.0,0.0,0.0,0.0,,2000.0,
2022-10-16,0.48,0.49,0.47,0.48,220894101.0,-1.08,0.49,0.48,0.47,True,30.3,24.47,20.07,,,,,,,,,,0.17,-64.66,1.0,5801.165403,2764.84,2764.84,-30.17,-1.08,1787.63,1382.42,405.21,977.21,,,,,,,2000.0,0.0,0.0,0.0,0.0,,2000.0,
2022-10-17,0.48,0.48,0.46,0.48,266511552.0,0.8,0.48,0.48,0.47,True,28.63,23.42,20.36,,,,,,,,,,0.17,-64.94,1.0,5801.165403,2786.88,2786.88,22.04,0.8,1809.67,1393.44,416.23,977.21,,,,,,,2000.0,0.0,0.0,0.0,0.0,,2000.0,
2022-10-18,0.48,0.48,0.46,0.47,289689721.0,-3.04,0.48,0.48,0.47,True,26.86,22.01,20.37,,,,,,,,,SMALL HL confirmed @ 0.44,0.17,-63.84,1.0,5801.165403,2702.18,2702.18,-84.7,-3.04,1724.98,1351.09,373.89,977.21,,,,,,,2000.0,0.0,0.0,0.0,0.0,,2000.0,
2022-10-19,0.47,0.47,0.45,0.45,330327507.0,-3.31,0.48,0.47,0.47,True,25.06,21.03,21.74,,,,,,,,,SMALL LH confirmed @ 0.51,0.17,-62.6,1.0,5801.165403,2612.84,2612.84,-89.34,-3.31,1635.64,1306.42,329.22,977.21,,,,,,,2000.0,0.0,0.0,0.0,0.0,,2000.0,
2022-10-20,0.45,0.46,0.42,0.45,396744045.0,-0.87,0.47,0.47,0.47,True,24.26,19.06,25.19,,,,,,0.42,LL,,,0.17,-62.27,1.0,5801.165403,2590.22,2590.22,-22.62,-0.87,1613.01,1295.11,317.9,977.21,,,,,,,2000.0,0.0,0.0,0.0,0.0,,2000.0,
2022-10-21,0.45,0.46,0.43,0.46,362000551.0,3.34,0.47,0.47,0.47,True,23.52,17.86,23.6,,,,,,,,,,0.17,-63.49,1.0,5801.165403,2676.66,2676.66,86.44,3.34,1699.45,1338.33,361.12,977.21,,,,,,,2000.0,0.0,0.0,0.0,0.0,,2000.0,
2022-10-22,0.46,0.47,0.46,0.47,168922503.0,0.85,0.47,0.47,0.47,True,22.42,19.37,22.79,,,,,,,,,,0.17,-63.8,1.0,5801.165403,2699.28,2699.28,22.62,0.85,1722.08,1349.64,372.43,977.21,,,,,,,2000.0,0.0,0.0,0.0,0.0,,2000.0,
2022-10-23,0.47,0.47,0.45,0.47,201619037.0,0.75,0.47,0.47,0.47,True,21.56,18.4,22.69,,,,,,,,,,0.17,-64.07,1.0,5801.165403,2719.59,2719.59,20.3,0.75,1742.38,1359.79,382.59,977.21,,,,,,,2000.0,0.0,0.0,0.0,0.0,,2000.0,
2022-10-24,0.47,0.47,0.45,0.45,269189993.0,-3.39,0.47,0.47,0.46,True,20.92,17.29,22.27,,,,,,,,,,0.17,-62.81,1.0,5801.165403,2627.35,2627.35,-92.24,-3.39,1650.14,1313.67,336.47,977.21,,,,,,,2000.0,0.0,0.0,0.0,0.0,,2000.0,
2022-10-25,0.45,0.47,0.44,0.46,350361399.0,1.68,0.47,0.47,0.46,True,20.5,16.06,21.75,,,,,,,,,SMALL LL confirmed @ 0.42,0.17,-63.42,1.0,5801.165403,2671.44,2671.44,44.09,1.68,1694.23,1335.72,358.51,977.21,,,,,,,2000.0,0.0,0.0,0.0,0.0,,2000.0,
2022-10-26,0.46,0.47,0.46,0.47,308800077.0,1.82,0.47,0.47,0.46,True,20.12,15.44,20.92,,,,,,,,,,0.17,-64.08,1.0,5801.165403,2720.17,2720.17,48.73,1.82,1742.96,1360.08,382.88,977.21,,,,,,,2000.0,0.0,0.0,0.0,0.0,,2000.0,
2022-10-27,0.47,0.48,0.46,0.46,386147200.0,-1.58,0.47,0.47,0.46,True,19.14,17.26,19.65,,,,,,,,,BIG HL confirmed @ 0.31,0.17,-63.5,1.0,5801.165403,2677.24,2677.24,-42.93,-1.58,1700.03,1338.62,361.41,977.21,,,,,,,2000.0,0.0,0.0,0.0,0.0,,2000.0,
2022-10-28,0.46,0.48,0.46,0.47,258511622.0,2.8,0.47,0.47,0.47,True,18.33,16.41,19.2,,,,,,,,,,0.17,-64.49,1.0,5801.165403,2752.07,2752.07,74.84,2.8,1774.87,1376.04,398.83,977.21,,,,,,,2000.0,0.0,0.0,0.0,0.0,,2000.0,
2022-10-29,0.47,0.48,0.47,0.47,284375501.0,-0.91,0.47,0.47,0.47,True,17.12,17.8,18.28,,,,,0.48,,LH,,,0.17,-64.17,1.0,5801.165403,2727.13,2727.13,-24.95,-0.91,1749.92,1363.56,386.36,977.21,,,,,,,2000.0,0.0,0.0,0.0,0.0,,2000.0,
2022-10-30,0.47,0.47,0.45,0.46,182831402.0,-2.53,0.47,0.47,0.47,True,16.6,16.85,20.55,,,,,,,,,,0.17,-63.24,1.0,5801.165403,2658.09,2658.09,-69.03,-2.53,1680.89,1329.05,351.84,977.21,,,,,,,2000.0,0.0,0.0,0.0,0.0,,2000.0,
2022-10-31,0.46,0.47,0.45,0.46,291632134.0,1.29,0.47,0.47,0.46,True,16.41,15.93,21.11,,,,,,,,,,0.17,-63.7,1.0,5801.165403,2692.32,2692.32,34.23,1.29,1715.11,1346.16,368.95,977.21,,,,,,,2000.0,0.0,0.0,0.0,0.0,,2000.0,
2022-11-01,0.46,0.47,0.45,0.46,272552886.0,-0.11,0.47,0.47,0.46,True,16.24,15.35,20.34,,,,,,,,,,0.17,-63.66,1.0,5801.165403,2689.42,2689.42,-2.9,-0.11,1712.21,1344.71,367.5,977.21,,,,,,,2000.0,0.0,0.0,0.0,0.0,,2000.0,
2022-11-02,0.46,0.47,0.45,0.45,305327596.0,-3.0,0.46,0.46,0.46,False,16.53,14.43,21.78,,,,,,0.45,HL,,,0.17,-62.54,1.0,5801.165403,2608.78,2608.78,-80.64,-3.0,1631.58,1304.39,327.19,977.21,,,,,,,2000.0,0.0,0.0,0.0,0.0,,2000.0,
2022-11-03,0.45,0.46,0.45,0.45,221405589.0,1.13,0.46,0.46,0.46,False,16.8,13.95,21.05,,,,,,,,,SMALL LH confirmed @ 0.48,0.17,-62.96,1.0,5801.165403,2638.37,2638.37,29.59,1.13,1661.16,1319.19,341.98,977.21,,,,,,,2000.0,0.0,0.0,0.0,0.0,,2000.0,
2022-11-04,0.45,0.51,0.45,0.51,561979429.0,11.35,0.47,0.47,0.47,True,16.8,25.07,17.88,,,,,,,,BULL_BOS,SMALL BULL BOS @ 0.51 (level 0.48),0.17,-66.74,1.0,5801.165403,2937.71,2937.71,299.34,11.35,1960.5,1468.86,491.65,977.21,,,,,,,2000.0,0.0,0.0,0.0,0.0,,2000.0,
2022-11-05,0.51,0.51,0.49,0.49,199360700.0,-2.65,0.47,0.47,0.47,True,16.88,24.22,16.83,,,,,0.51,,HH,,,0.17,-65.83,1.0,5801.165403,2859.97,2859.97,-77.74,-2.65,1882.77,1429.99,452.78,977.21,,,,,,,2000.0,0.0,0.0,0.0,0.0,,2000.0,
2022-11-06,0.49,0.49,0.47,0.47,163125807.0,-4.48,0.47,0.47,0.47,True,15.84,22.42,21.43,,,,,,,,,,0.17,-64.23,1.0,5801.165403,2731.77,2731.77,-128.21,-4.48,1754.56,1365.88,388.68,977.21,,,,,,,2000.0,0.0,0.0,0.0,0.0,,2000.0,
2022-11-07,0.47,0.48,0.46,0.46,325333918.0,-1.3,0.47,0.47,0.47,True,14.99,21.06,22.81,,,,,,,,,SMALL HL confirmed @ 0.45,0.17,-63.76,1.0,5801.165403,2696.38,2696.38,-35.39,-1.3,1719.18,1348.19,370.98,977.21,,,,,,,2000.0,0.0,0.0,0.0,0.0,,2000.0,
2022-11-08,0.46,0.47,0.34,0.41,978082649.0,-12.67,0.46,0.46,0.46,False,17.36,15.06,42.99,,,,,,,,BEAR_CHOCH,SMALL BEAR CHOCH @ 0.41 (level 0.45),,,,,,2354.69,-341.69,-12.67,0.0,0.0,,2354.69,"EXIT @ 0.41 (small red CHoCH, realized +400.28)",,,,,,2000.0,0.0,0.0,0.0,0.0,,2000.0,
2022-11-09,0.41,0.41,0.32,0.33,908074197.0,-17.94,0.44,0.45,0.45,False,19.82,12.32,38.91,,0.32,HL,,,,,,,,,,,,2354.69,0.0,0.0,0.0,0.0,,2354.69,,,,,,,2000.0,0.0,0.0,0.0,0.0,,2000.0,
2022-11-10,0.33,0.4,0.33,0.39,815070852.0,18.34,0.43,0.45,0.45,False,22.11,10.71,33.83,,,,,,,,,SMALL HH confirmed @ 0.51,,,,,,2354.69,0.0,0.0,0.0,0.0,,2354.69,,,,,,,2000.0,0.0,0.0,0.0,0.0,,2000.0,
2022-11-11,0.39,0.4,0.37,0.38,477945830.0,-2.51,0.43,0.44,0.44,False,24.24,10.07,31.81,,,,,,,,,,,,,,,2354.69,0.0,0.0,0.0,0.0,,2354.69,,,,,,,2000.0,0.0,0.0,0.0,0.0,,2000.0,
2022-11-12,0.38,0.38,0.36,0.36,254821436.0,-5.39,0.42,0.43,0.44,False,26.32,9.6,31.59,,,,,,,,,BIG HH confirmed @ 0.56,,,,,,2354.69,0.0,0.0,0.0,0.0,,2354.69,,,,,,,2000.0,0.0,0.0,0.0,0.0,,2000.0,
2022-11-13,0.36,0.37,0.33,0.34,334510449.0,-6.27,0.41,0.42,0.43,False,28.64,8.94,34.39,,,,,,,,,,,,,,,2354.69,0.0,0.0,0.0,0.0,,2354.69,,,,,,,2000.0,0.0,0.0,0.0,0.0,,2000.0,
2022-11-14,0.34,0.38,0.32,0.38,693547037.0,10.8,0.4,0.42,0.43,False,30.94,8.0,32.84,,,,,,0.32,LL,,,,,,,,2354.69,0.0,0.0,0.0,0.0,,2354.69,,,,,,,2000.0,0.0,0.0,0.0,0.0,,2000.0,
2022-11-15,0.38,0.4,0.37,0.39,541305225.0,2.97,0.4,0.42,0.42,False,32.17,10.85,30.99,,,,,0.4,,LH,,,,,,,,2354.69,0.0,0.0,0.0,0.0,,2354.69,,,,,,,2000.0,0.0,0.0,0.0,0.0,,2000.0,
2022-11-16,0.39,0.39,0.36,0.38,363276410.0,-3.5,0.4,0.41,0.42,False,33.4,10.24,30.26,,,,,,,,,,,,,,,2354.69,0.0,0.0,0.0,0.0,,2354.69,,,,,,,2000.0,0.0,0.0,0.0,0.0,,2000.0,
2022-11-17,0.38,0.39,0.37,0.38,413772413.0,1.79,0.39,0.41,0.42,False,34.54,9.88,29.19,,,,,,,,,,,,,,,2354.69,0.0,0.0,0.0,0.0,,2354.69,,,,,,,2000.0,0.0,0.0,0.0,0.0,,2000.0,
2022-11-18,0.38,0.39,0.37,0.38,292591109.0,0.26,0.39,0.41,0.42,False,35.58,9.7,28.34,,,,,,,,,,,,,,,2354.69,0.0,0.0,0.0,0.0,,2354.69,,,,,,,2000.0,0.0,0.0,0.0,0.0,,2000.0,
2022-11-19,0.38,0.39,0.38,0.38,145313373.0,0.31,0.39,0.4,0.41,False,36.49,9.59,27.54,,,,,,,,,SMALL LL confirmed @ 0.32,,,,,,2354.69,0.0,0.0,0.0,0.0,,2354.69,,,,,,,2000.0,0.0,0.0,0.0,0.0,,2000.0,
2022-11-20,0.38,0.4,0.36,0.36,308373842.0,-6.07,0.39,0.4,0.41,False,37.68,8.82,28.82,,,,,,,,,SMALL LH confirmed @ 0.40,,,,,,2354.69,0.0,0.0,0.0,0.0,,2354.69,,,,,,,2000.0,0.0,0.0,0.0,0.0,,2000.0,
2022-11-21,0.36,0.37,0.35,0.36,591706474.0,1.03,0.38,0.4,0.41,False,39.02,8.38,30.12,,,,,,0.35,HL,,,,,,,,2354.69,0.0,0.0,0.0,0.0,,2354.69,,,,,,,2000.0,0.0,0.0,0.0,0.0,,2000.0,
2022-11-22,0.36,0.38,0.35,0.38,464705247.0,3.07,0.38,0.4,0.4,False,39.67,9.93,28.35,,,,,,,,,,,,,,,2354.69,0.0,0.0,0.0,0.0,,2354.69,,,,,,,2000.0,0.0,0.0,0.0,0.0,,2000.0,
2022-11-23,0.38,0.38,0.37,0.38,354058802.0,1.54,0.38,0.39,0.4,False,40.02,10.51,27.44,,,,,,,,,,,,,,,2354.69,0.0,0.0,0.0,0.0,,2354.69,,,,,,,2000.0,0.0,0.0,0.0,0.0,,2000.0,
2022-11-24,0.38,0.4,0.37,0.4,454087891.0,5.32,0.38,0.39,0.4,False,39.04,14.9,25.53,,,,,,,,BULL_CHOCH,SMALL BULL CHOCH @ 0.40 (level 0.40),0.2,-50.0,1.0,5860.360968,2354.69,2354.69,0.0,0.0,1177.35,1177.35,0.0,1177.35,"ENTRY @ 0.40 (small green CHoCH, margin $1177.35 [50% of bank] @ 2x [ADX 39.0, zone red], 5860.360968 units)",,,,,,2000.0,0.0,0.0,0.0,0.0,,2000.0,
2022-11-25,0.4,0.42,0.39,0.41,428503257.0,1.49,0.39,0.4,0.4,False,37.41,17.13,23.76,0.42,,LH,,0.42,,HH,,,0.2,-50.74,1.0,5860.360968,2389.86,2389.86,35.16,1.49,1212.51,1194.93,17.58,1177.35,,,,,,,2000.0,0.0,0.0,0.0,0.0,,2000.0,
2022-11-26,0.41,0.41,0.39,0.4,184581391.0,-2.89,0.39,0.4,0.4,False,35.9,16.26,22.55,,,,,,,,,SMALL HL confirmed @ 0.35,0.2,-49.27,1.0,5860.360968,2320.7,2320.7,-69.15,-2.89,1143.36,1160.35,-17.0,1177.35,,,,,,,2000.0,0.0,0.0,0.0,0.0,,2000.0,
2022-11-27,0.4,0.41,0.39,0.4,199432182.0,0.05,0.39,0.4,0.4,False,34.49,15.66,21.71,,,,,,,,,,0.2,-49.29,1.0,5860.360968,2321.88,2321.88,1.17,0.05,1144.53,1160.94,-16.41,1177.35,,,,,,,2000.0,0.0,0.0,0.0,0.0,,2000.0,
2022-11-28,0.4,0.4,0.37,0.39,434930297.0,-1.87,0.39,0.4,0.4,False,33.95,14.67,25.48,,,,,,0.37,HL,,,0.2,-48.33,1.0,5860.360968,2278.51,2278.51,-43.37,-1.87,1101.16,1139.25,-38.09,1177.35,,,,,,,2000.0,0.0,0.0,0.0,0.0,,2000.0,
2022-11-29,0.39,0.4,0.38,0.4,355638077.0,2.39,0.39,0.4,0.4,False,33.18,15.09,24.16,,,,,,,,,,0.2,-49.54,1.0,5860.360968,2333.01,2333.01,54.5,2.39,1155.66,1166.5,-10.84,1177.35,,,,,,,2000.0,0.0,0.0,0.0,0.0,,2000.0,
2022-11-30,0.4,0.41,0.39,0.41,329757224.0,2.44,0.39,0.4,0.4,False,32.01,16.34,22.99,,,,,0.41,,LH,,SMALL HH confirmed @ 0.42,0.2,-50.74,1.0,5860.360968,2389.86,2389.86,56.85,2.44,1212.51,1194.93,17.58,1177.35,,,,,,,2000.0,0.0,0.0,0.0,0.0,,2000.0,
2022-12-01,0.41,0.41,0.39,0.4,251203503.0,-2.67,0.39,0.4,0.4,False,30.93,15.7,22.09,,,,,,,,,,0.2,-49.38,1.0,5860.360968,2325.98,2325.98,-63.88,-2.67,1148.63,1162.99,-14.36,1177.35,,,,,,,2000.0,0.0,0.0,0.0,0.0,,2000.0,
2022-12-02,0.4,0.4,0.38,0.4,257877078.0,-0.2,0.39,0.4,0.4,False,30.37,15.11,24.15,,,,,,,,,,0.2,-49.28,1.0,5860.360968,2321.29,2321.29,-4.69,-0.2,1143.94,1160.64,-16.7,1177.35,,,,,,,2000.0,0.0,0.0,0.0,0.0,,2000.0,
2022-12-03,0.4,0.4,0.39,0.39,152919238.0,-2.22,0.39,0.4,0.4,False,29.84,14.6,23.33,,,,,,,,,SMALL HL confirmed @ 0.37,0.2,-48.13,1.0,5860.360968,2269.72,2269.72,-51.57,-2.22,1092.37,1134.86,-42.49,1177.35,,,,,,,2000.0,0.0,0.0,0.0,0.0,,2000.0,
2022-12-04,0.39,0.39,0.39,0.39,134434499.0,0.57,0.39,0.4,0.4,False,29.36,14.29,22.83,,,,,,,,,,0.2,-48.42,1.0,5860.360968,2282.61,2282.61,12.89,0.57,1105.26,1141.31,-36.04,1177.35,,,,,,,2000.0,0.0,0.0,0.0,0.0,,2000.0,
2022-12-05,0.39,0.4,0.38,0.39,338205071.0,-0.05,0.39,0.39,0.4,False,29.17,13.61,23.59,,,,,,,,,SMALL LH confirmed @ 0.41,0.2,-48.39,1.0,5860.360968,2281.44,2281.44,-1.17,-0.05,1104.09,1140.72,-36.63,1177.35,,,,,,,2000.0,0.0,0.0,0.0,0.0,,2000.0,
2022-12-06,0.39,0.39,0.38,0.39,302191639.0,0.54,0.39,0.39,0.4,False,29.0,13.11,22.71,,,,,,,,,,0.2,-48.67,1.0,5860.360968,2293.75,2293.75,12.31,0.54,1116.4,1146.87,-30.47,1177.35,,,,,,,2000.0,0.0,0.0,0.0,0.0,,2000.0,
2022-12-07,0.39,0.39,0.37,0.38,307733325.0,-2.02,0.39,0.39,0.4,False,29.2,12.3,23.72,,,,,,,,,,0.2,-47.61,1.0,5860.360968,2247.45,2247.45,-46.3,-2.02,1070.1,1123.72,-53.62,1177.35,,,,,,,2000.0,0.0,0.0,0.0,0.0,,2000.0,
2022-12-08,0.38,0.4,0.38,0.39,276255107.0,2.76,0.39,0.39,0.4,False,29.05,12.97,22.65,,,,,,,,,,0.2,-49.02,1.0,5860.360968,2309.57,2309.57,62.12,2.76,1132.22,1154.78,-22.56,1177.35,,,,,,,2000.0,0.0,0.0,0.0,0.0,,2000.0,
2022-12-09,0.39,0.4,0.38,0.39,259535105.0,-1.32,0.39,0.39,0.4,False,28.92,12.48,21.81,,,,,,,,,,0.2,-48.34,1.0,5860.360968,2279.09,2279.09,-30.47,-1.32,1101.75,1139.55,-37.8,1177.35,,,,,,,2000.0,0.0,0.0,0.0,0.0,,2000.0,
2022-12-10,0.39,0.39,0.39,0.39,99433210.0,-0.62,0.39,0.39,0.4,False,28.8,12.31,21.5,,,,,,,,,,0.2,-48.02,1.0,5860.360968,2265.03,2265.03,-14.06,-0.62,1087.68,1132.51,-44.83,1177.35,,,,,,,2000.0,0.0,0.0,0.0,0.0,,2000.0,
2022-12-11,0.39,0.39,0.38,0.38,96374128.0,-1.45,0.39,0.39,0.39,False,29.1,11.81,23.48,,,,,,,,,,0.2,-47.26,1.0,5860.360968,2232.21,2232.21,-32.82,-1.45,1054.86,1116.11,-61.24,1177.35,,,,,,,2000.0,0.0,0.0,0.0,0.0,,2000.0,
2022-12-12,0.38,0.39,0.37,0.39,348028456.0,1.71,0.39,0.39,0.39,False,29.75,10.96,24.46,,,,,,,,,,0.2,-48.14,1.0,5860.360968,2270.3,2270.3,38.09,1.71,1092.96,1135.15,-42.19,1177.35,,,,,,,2000.0,0.0,0.0,0.0,0.0,,2000.0,
2022-12-13,0.39,0.4,0.38,0.4,440118070.0,2.01,0.39,0.39,0.39,False,29.59,12.91,22.77,,,,,,,,,,0.2,-49.16,1.0,5860.360968,2316.01,2316.01,45.71,2.01,1138.67,1158.01,-19.34,1177.35,,,,,,,2000.0,0.0,0.0,0.0,0.0,,2000.0,
2022-12-14,0.4,0.4,0.38,0.39,329607186.0,-2.51,0.39,0.39,0.39,False,29.56,12.0,21.84,,,,,,,,,,0.2,-47.86,1.0,5860.360968,2258.0,2258.0,-58.02,-2.51,1080.65,1129.0,-48.35,1177.35,,,,,,,2000.0,0.0,0.0,0.0,0.0,,2000.0,
2022-12-15,0.39,0.39,0.37,0.38,226540166.0,-1.89,0.39,0.39,0.39,False,29.72,11.39,22.0,,,,,,,,,,0.2,-46.85,1.0,5860.360968,2215.22,2215.22,-42.78,-1.89,1037.87,1107.61,-69.74,1177.35,,,,,,,2000.0,0.0,0.0,0.0,0.0,,2000.0,
2022-12-16,0.38,0.38,0.34,0.35,376428572.0,-7.12,0.38,0.39,0.39,False,31.17,9.91,29.79,,,,,,,,BEAR_CHOCH,SMALL BEAR CHOCH @ 0.35 (level 0.37),,,,,,2057.57,-157.64,-7.12,0.0,0.0,,2057.57,"EXIT @ 0.35 (small red CHoCH, realized -297.12)",,,,,,2000.0,0.0,0.0,0.0,0.0,,2000.0,
2022-12-17,0.35,0.36,0.35,0.35,208492422.0,0.97,0.38,0.38,0.39,False,32.52,9.43,28.35,,,,,,,,,,,,,,,2057.57,0.0,0.0,0.0,0.0,,2057.57,,,,,,,2000.0,0.0,0.0,0.0,0.0,,2000.0,
2022-12-18,0.35,0.36,0.35,0.35,115421793.0,-1.3,0.37,0.38,0.38,False,33.77,9.13,27.44,,,,,,,,,,,,,,,2057.57,0.0,0.0,0.0,0.0,,2057.57,,,,,,,2000.0,0.0,0.0,0.0,0.0,,2000.0,
2022-12-19,0.35,0.35,0.33,0.34,365699862.0,-3.14,0.37,0.38,0.38,False,35.46,8.4,31.08,,,,,,0.33,LL,,,,,,,,2057.57,0.0,0.0,0.0,0.0,,2057.57,,,,,,,2000.0,0.0,0.0,0.0,0.0,,2000.0,
2022-12-20,0.34,0.35,0.34,0.35,312424782.0,2.74,0.36,0.37,0.38,False,37.01,7.92,29.02,,,,,,,,,,,,,,,2057.57,0.0,0.0,0.0,0.0,,2057.57,,,,,,,2000.0,0.0,0.0,0.0,0.0,,2000.0,
2022-12-21,0.35,0.35,0.34,0.34,287425951.0,-0.95,0.36,0.37,0.38,False,38.45,7.5,27.49,,,,,,,,,,,,,,,2057.57,0.0,0.0,0.0,0.0,,2057.57,,,,,,,2000.0,0.0,0.0,0.0,0.0,,2000.0,
2022-12-22,0.34,0.35,0.34,0.35,255155313.0,1.25,0.36,0.37,0.37,False,39.78,7.23,26.5,,,,,,,,,,,,,,,2057.57,0.0,0.0,0.0,0.0,,2057.57,,,,,,,2000.0,0.0,0.0,0.0,0.0,,2000.0,
2022-12-23,0.35,0.36,0.35,0.35,221882542.0,1.46,0.36,0.37,0.37,False,40.37,8.98,25.61,,,,,,,,,,,,,,,2057.57,0.0,0.0,0.0,0.0,,2057.57,,,,,,,2000.0,0.0,0.0,0.0,0.0,,2000.0,
2022-12-24,0.35,0.35,0.35,0.35,62857912.0,-0.73,0.36,0.37,0.37,False,40.93,8.84,25.21,,,,,,,,,SMALL LL confirmed @ 0.33,,,,,,2057.57,0.0,0.0,0.0,0.0,,2057.57,,,,,,,2000.0,0.0,0.0,0.0,0.0,,2000.0,
2022-12-25,0.35,0.35,0.34,0.35,100344595.0,-1.71,0.36,0.36,0.37,False,41.77,8.51,27.53,,,,,,,,,,,,,,,2057.57,0.0,0.0,0.0,0.0,,2057.57,,,,,,,2000.0,0.0,0.0,0.0,0.0,,2000.0,
2022-12-26,0.35,0.37,0.35,0.37,337834881.0,5.81,0.36,0.36,0.37,False,40.37,15.65,24.52,,,,,,,,,,,,,,,2057.57,0.0,0.0,0.0,0.0,,2057.57,,,,,,,2000.0,0.0,0.0,0.0,0.0,,2000.0,
2022-12-27,0.37,0.37,0.36,0.37,385194770.0,0.46,0.36,0.36,0.37,False,38.75,16.03,22.92,,,,,0.37,,LH,,,,,,,,2057.57,0.0,0.0,0.0,0.0,,2057.57,,,,,,,2000.0,0.0,0.0,0.0,0.0,,2000.0,
2022-12-28,0.37,0.37,0.35,0.36,337095747.0,-3.18,0.36,0.36,0.37,False,37.52,15.0,23.27,,,,,,,,,,,,,,,2057.57,0.0,0.0,0.0,0.0,,2057.57,,,,,,,2000.0,0.0,0.0,0.0,0.0,,2000.0,
2022-12-29,0.36,0.36,0.34,0.34,347820025.0,-3.85,0.36,0.36,0.37,False,37.45,13.57,29.22,,,,,,,,,BIG HL confirmed @ 0.32,,,,,,2057.57,0.0,0.0,0.0,0.0,,2057.57,,,,,,,2000.0,0.0,0.0,0.0,0.0,,2000.0,
2022-12-30,0.34,0.35,0.33,0.35,270037618.0,0.88,0.35,0.36,0.36,False,37.51,12.82,28.67,,,,,,,,,,,,,,,2057.57,0.0,0.0,0.0,0.0,,2057.57,,,,,,,2000.0,0.0,0.0,0.0,0.0,,2000.0,
2022-12-31,0.34,0.35,0.34,0.34,138156698.0,-1.8,0.35,0.36,0.36,False,37.56,12.4,27.74,,,,,,,,,,,,,,,2057.57,0.0,0.0,0.0,0.0,,2057.57,,,,,,,2000.0,0.0,0.0,0.0,0.0,,2000.0,
2023-01-01,0.34,0.34,0.34,0.34,102026821.0,-0.06,0.35,0.36,0.36,False,37.76,12.12,28.59,,,,,,,,,SMALL LH confirmed @ 0.37,,,,,,2057.57,0.0,0.0,0.0,0.0,,2057.57,,,,,,,2000.0,0.0,0.0,0.0,0.0,,2000.0,
2023-01-02,0.34,0.36,0.3,0.35,647520487.0,2.8,0.35,0.36,0.36,False,39.3,9.37,36.59,,0.3,LL,,,0.3,LL,,,,,,,,2057.57,0.0,0.0,0.0,0.0,,2057.57,,,,,,,2000.0,0.0,0.0,0.0,0.0,,2000.0,
2023-01-03,0.35,0.35,0.34,0.34,346410334.0,-1.32,0.35,0.35,0.36,False,40.72,8.88,34.68,,,,,,,,,,,,,,,2057.57,0.0,0.0,0.0,0.0,,2057.57,,,,,,,2000.0,0.0,0.0,0.0,0.0,,2000.0,
2023-01-04,0.34,0.36,0.34,0.35,372672796.0,1.05,0.35,0.35,0.36,False,41.12,11.58,31.62,,,,,0.36,,LH,,,,,,,,2057.57,0.0,0.0,0.0,0.0,,2057.57,,,,,,,2000.0,0.0,0.0,0.0,0.0,,2000.0,
2023-01-05,0.35,0.35,0.33,0.34,265529668.0,-2.65,0.35,0.35,0.36,False,41.71,10.85,31.96,,,,,,,,,,,,,,,2057.57,0.0,0.0,0.0,0.0,,2057.57,,,,,,,2000.0,0.0,0.0,0.0,0.0,,2000.0,
2023-01-06,0.34,0.35,0.33,0.34,278304929.0,1.86,0.35,0.35,0.36,False,42.33,10.16,30.87,,,,,,0.33,HL,,,,,,,,2057.57,0.0,0.0,0.0,0.0,,2057.57,,,,,,,2000.0,0.0,0.0,0.0,0.0,,2000.0,
2023-01-07,0.34,0.35,0.34,0.34,103851424.0,-0.03,0.35,0.35,0.35,False,42.92,9.96,30.27,,,,,,,,,SMALL LL confirmed @ 0.30,,,,,,2057.57,0.0,0.0,0.0,0.0,,2057.57,,,,,,,2000.0,0.0,0.0,0.0,0.0,,2000.0,
2023-01-08,0.34,0.35,0.34,0.35,185516324.0,0.29,0.35,0.35,0.35,False,43.68,9.45,31.36,,,,,,,,,,,,,,,2057.57,0.0,0.0,0.0,0.0,,2057.57,,,,,,,2000.0,0.0,0.0,0.0,0.0,,2000.0,
2023-01-09,0.35,0.36,0.34,0.35,527746615.0,1.1,0.35,0.35,0.35,False,43.16,13.71,29.38,,,,,,,,,SMALL LH confirmed @ 0.36,,,,,,2057.57,0.0,0.0,0.0,0.0,,2057.57,,,,,,,2000.0,0.0,0.0,0.0,0.0,,2000.0,
2023-01-10,0.35,0.35,0.34,0.35,338577860.0,0.49,0.35,0.35,0.35,False,42.7,13.02,28.12,,,,,,,,,,,,,,,2057.57,0.0,0.0,0.0,0.0,,2057.57,,,,,,,2000.0,0.0,0.0,0.0,0.0,,2000.0,
2023-01-11,0.35,0.38,0.35,0.37,626037461.0,6.3,0.35,0.35,0.35,False,40.04,21.86,24.37,,,,,,,,BULL_CHOCH,SMALL HL confirmed @ 0.33 | SMALL BULL CHOCH @ 0.37 (level 0.36),0.19,-50.0,1.0,5519.240171,2057.57,2057.57,0.0,0.0,1028.79,1028.79,0.0,1028.79,"ENTRY @ 0.37 (small green CHoCH, margin $1028.79 [50% of bank] @ 2x [ADX 40.0, zone red], 5519.240171 units)",0.19,-50.0,1.0,5364.806867,2000.0,2000.0,0.0,0.0,1000.0,1000.0,0.0,1000.0,"ENTRY @ 0.37 (small green CHoCH, margin $1000.00 [50% of bank] @ 2x [ADX 40.0, zone red], 5364.806867 units)"
2023-01-12,0.37,0.38,0.36,0.37,505754231.0,0.54,0.35,0.35,0.36,False,37.31,21.37,22.16,,,,,,,,,,0.19,-50.27,1.0,5519.240171,2068.61,2068.61,11.04,0.54,1039.82,1034.31,5.52,1028.79,,0.19,-50.27,1.0,5364.806867,2010.73,2010.73,10.73,0.54,1010.73,1005.36,5.36,1000.0,
2023-01-13,0.37,0.39,0.37,0.39,405120914.0,2.93,0.36,0.36,0.36,True,34.86,21.7,20.41,,,,,,,,,,0.19,-51.68,1.0,5519.240171,2129.32,2129.32,60.71,2.93,1100.54,1064.66,35.88,1028.79,,0.19,-51.68,1.0,5364.806867,2069.74,2069.74,59.01,2.93,1069.74,1034.87,34.87,1000.0,
2023-01-14,0.39,0.41,0.38,0.4,582781070.0,2.46,0.37,0.36,0.36,True,33.92,27.67,17.8,,,,,0.41,,HH,,BIG LH confirmed @ 0.42,0.19,-52.85,1.0,5519.240171,2181.76,2181.76,52.43,2.46,1152.97,1090.88,62.09,1028.79,,0.19,-52.85,1.0,5364.806867,2120.71,2120.71,50.97,2.46,1120.71,1060.35,60.35,1000.0,
2023-01-15,0.4,0.4,0.38,0.38,294014260.0,-2.73,0.37,0.36,0.36,True,33.05,25.76,16.57,,,,,,,,,,0.19,-51.52,1.0,5519.240171,2122.15,2122.15,-59.61,-2.73,1093.36,1061.07,32.29,1028.79,,0.19,-51.52,1.0,5364.806867,2062.77,2062.77,-57.94,-2.73,1062.77,1031.38,31.38,1000.0,
2023-01-16,0.38,0.41,0.38,0.39,542041099.0,0.26,0.37,0.37,0.36,True,32.73,26.56,14.76,,,,,,,,,,0.19,-51.65,1.0,5519.240171,2127.67,2127.67,5.52,0.26,1098.88,1063.83,35.05,1028.79,,0.19,-51.65,1.0,5364.806867,2068.13,2068.13,5.36,0.26,1068.13,1034.07,34.07,1000.0,
2023-01-17,0.39,0.4,0.38,0.39,378212343.0,0.34,0.37,0.37,0.37,True,32.43,24.57,13.66,,,,,,,,,,0.19,-51.81,1.0,5519.240171,2134.84,2134.84,7.18,0.34,1106.06,1067.42,38.63,1028.79,,0.19,-51.81,1.0,5364.806867,2075.11,2075.11,6.97,0.34,1075.11,1037.55,37.55,1000.0,
2023-01-18,0.39,0.4,0.37,0.38,615064764.0,-2.22,0.37,0.37,0.37,True,30.99,21.82,17.02,,,,,,0.37,HL,,,0.19,-50.71,1.0,5519.240171,2087.38,2087.38,-47.47,-2.22,1058.59,1043.69,14.9,1028.79,,0.19,-50.71,1.0,5364.806867,2028.97,2028.97,-46.14,-2.22,1028.97,1014.48,14.48,1000.0,
2023-01-19,0.38,0.4,0.38,0.39,416112670.0,3.86,0.38,0.37,0.37,True,29.67,20.26,15.77,,,,,,,,,SMALL HH confirmed @ 0.41,0.19,-52.55,1.0,5519.240171,2167.96,2167.96,80.58,3.86,1139.17,1083.98,55.19,1028.79,,0.19,-52.55,1.0,5364.806867,2107.3,2107.3,78.33,3.86,1107.3,1053.65,53.65,1000.0,
2023-01-20,0.39,0.41,0.39,0.41,366316527.0,5.12,0.38,0.37,0.37,True,29.44,24.43,14.21,,,,,,,,BULL_BOS,SMALL BULL BOS @ 0.41 (level 0.41),0.19,-54.86,1.0,5519.240171,2278.89,2278.89,110.94,5.12,1250.11,1139.45,110.66,1028.79,,0.19,-54.86,1.0,5364.806867,2215.13,2215.13,107.83,5.12,1215.13,1107.56,107.56,1000.0,
2023-01-21,0.41,0.42,0.4,0.4,346602583.0,-2.3,0.39,0.38,0.37,True,29.35,23.6,13.22,,,,,,,,,,0.19,-53.79,1.0,5519.240171,2226.46,2226.46,-52.43,-2.3,1197.68,1113.23,84.44,1028.79,,0.19,-53.79,1.0,5364.806867,2164.16,2164.16,-50.97,-2.3,1164.16,1082.08,82.08,1000.0,
2023-01-22,0.4,0.41,0.4,0.4,250067543.0,-0.74,0.39,0.38,0.38,True,29.22,22.25,12.64,,,,,,,,,,0.19,-53.45,1.0,5519.240171,2209.9,2209.9,-16.56,-0.74,1181.12,1104.95,76.17,1028.79,,0.19,-53.45,1.0,5364.806867,2148.07,2148.07,-16.09,-0.74,1148.07,1074.03,74.03,1000.0,
2023-01-23,0.4,0.43,0.4,0.42,723894773.0,5.74,0.39,0.38,0.38,True,30.06,26.8,11.2,0.43,,HH,BULL_BOS,0.43,,HH,,SMALL HL confirmed @ 0.37 | BIG BULL BOS @ 0.42 (level 0.42),0.19,-55.98,1.0,5519.240171,2336.85,2336.85,126.94,5.74,1308.06,1168.42,139.64,1028.79,,0.19,-55.98,1.0,5364.806867,2271.46,2271.46,123.39,5.74,1271.46,1135.73,135.73,1000.0,
2023-01-24,0.42,0.43,0.4,0.41,411297898.0,-3.68,0.4,0.39,0.38,True,30.85,24.24,10.13,,,,,,,,,,0.19,-54.29,1.0,5519.240171,2250.75,2250.75,-86.1,-3.68,1221.96,1125.37,96.59,1028.79,,0.19,-54.29,1.0,5364.806867,2187.77,2187.77,-83.69,-3.68,1187.77,1093.88,93.88,1000.0,
2023-01-25,0.41,0.42,0.4,0.42,375065459.0,2.26,0.4,0.39,0.38,True,30.99,22.04,11.16,,,,,,,,,,0.19,-55.3,1.0,5519.240171,2301.52,2301.52,50.78,2.26,1272.74,1150.76,121.98,1028.79,,0.19,-55.3,1.0,5364.806867,2237.12,2237.12,49.36,2.26,1237.12,1118.56,118.56,1000.0,
2023-01-26,0.42,0.42,0.41,0.41,290069659.0,-1.87,0.4,0.39,0.39,True,31.11,21.12,10.69,,,,,,,,,,0.19,-54.45,1.0,5519.240171,2258.47,2258.47,-43.05,-1.87,1229.69,1129.24,100.45,1028.79,,0.19,-54.45,1.0,5364.806867,2195.28,2195.28,-41.85,-1.87,1195.28,1097.64,97.64,1000.0,
2023-01-27,0.41,0.41,0.4,0.41,274281738.0,0.88,0.4,0.39,0.39,True,30.58,20.05,12.38,,,,,,,,,,0.19,-54.84,1.0,5519.240171,2278.34,2278.34,19.87,0.88,1249.56,1139.17,110.38,1028.79,,0.19,-54.84,1.0,5364.806867,2214.59,2214.59,19.31,0.88,1214.59,1107.3,107.3,1000.0,
2023-01-28,0.41,0.42,0.41,0.41,148949278.0,-1.21,0.4,0.39,0.39,True,30.28,20.42,11.89,,,,,,,,,SMALL HH confirmed @ 0.43,0.19,-54.29,1.0,5519.240171,2250.75,2250.75,-27.6,-1.21,1221.96,1125.37,96.59,1028.79,,0.19,-54.29,1.0,5364.806867,2187.77,2187.77,-26.82,-1.21,1187.77,1093.88,93.88,1000.0,
2023-01-29,0.41,0.42,0.41,0.41,166884667.0,1.37,0.4,0.4,0.39,True,30.04,19.8,11.42,,,,,,,,,,0.19,-54.91,1.0,5519.240171,2281.65,2281.65,30.91,1.37,1252.87,1140.83,112.04,1028.79,,0.19,-54.91,1.0,5364.806867,2217.81,2217.81,30.04,1.37,1217.81,1108.91,108.91,1000.0,
2023-01-30,0.41,0.42,0.39,0.39,433795926.0,-4.84,0.4,0.4,0.39,True,27.93,17.32,17.11,,,,,,,,,,0.19,-52.62,1.0,5519.240171,2171.27,2171.27,-110.38,-4.84,1142.48,1085.63,56.85,1028.79,,0.19,-52.62,1.0,5364.806867,2110.52,2110.52,-107.3,-4.84,1110.52,1055.26,55.26,1000.0,
2023-01-31,0.39,0.41,0.39,0.41,346580963.0,3.13,0.4,0.4,0.39,True,25.98,15.94,15.74,,,,,,0.39,HL,,,0.19,-54.05,1.0,5519.240171,2239.16,2239.16,67.89,3.13,1210.37,1119.58,90.79,1028.79,,0.19,-54.05,1.0,5364.806867,2176.5,2176.5,65.99,3.13,1176.5,1088.25,88.25,1000.0,
2023-02-01,0.41,0.42,0.4,0.41,379103907.0,1.82,0.4,0.4,0.39,True,24.52,16.39,14.69,,,,,,,,,,0.19,-54.88,1.0,5519.240171,2280.0,2280.0,40.84,1.82,1251.21,1140.0,111.21,1028.79,,0.19,-54.88,1.0,5364.806867,2216.2,2216.2,39.7,1.82,1216.2,1108.1,108.1,1000.0,
2023-02-02,0.41,0.42,0.41,0.41,322532370.0,-0.8,0.41,0.4,0.4,True,23.43,16.98,14.1,,,,,,,,,,0.19,-54.51,1.0,5519.240171,2261.78,2261.78,-18.21,-0.8,1233.0,1130.89,102.11,1028.79,,0.19,-54.51,1.0,5364.806867,2198.5,2198.5,-17.7,-0.8,1198.5,1099.25,99.25,1000.0,
2023-02-03,0.41,0.41,0.41,0.41,274689680.0,0.46,0.41,0.4,0.4,True,22.17,16.45,14.63,,,,,,,,,,0.19,-54.72,1.0,5519.240171,2272.27,2272.27,10.49,0.46,1243.48,1136.14,107.35,1028.79,,0.19,-54.72,1.0,5364.806867,2208.69,2208.69,10.19,0.46,1208.69,1104.35,104.35,1000.0,
2023-02-04,0.41,0.42,0.41,0.41,178134111.0,-0.27,0.41,0.4,0.4,True,21.54,18.2,13.92,,,,,0.42,,LH,,,0.19,-54.6,1.0,5519.240171,2266.2,2266.2,-6.07,-0.27,1237.41,1133.1,104.31,1028.79,,0.19,-54.6,1.0,5364.806867,2202.79,2202.79,-5.9,-0.27,1202.79,1101.39,101.39,1000.0,
2023-02-05,0.41,0.41,0.39,0.4,237111362.0,-2.97,0.41,0.4,0.4,True,20.22,16.96,18.05,,,,,,,,,SMALL HL confirmed @ 0.39,0.19,-53.21,1.0,5519.240171,2198.87,2198.87,-67.33,-2.97,1170.08,1099.43,70.65,1028.79,,0.19,-53.21,1.0,5364.806867,2137.34,2137.34,-65.45,-2.97,1137.34,1068.67,68.67,1000.0,
2023-02-06,0.4,0.4,0.39,0.39,315995053.0,-1.61,0.4,0.4,0.4,True,19.26,16.11,18.43,,,,,,,,,,0.19,-52.45,1.0,5519.240171,2163.54,2163.54,-35.32,-1.61,1134.76,1081.77,52.98,1028.79,,0.19,-52.45,1.0,5364.806867,2103.0,2103.0,-34.33,-1.61,1103.0,1051.5,51.5,1000.0,
2023-02-07,0.39,0.4,0.39,0.4,356160688.0,2.96,0.4,0.4,0.4,True,18.26,15.61,17.36,,,,,,,,,,0.19,-53.82,1.0,5519.240171,2227.57,2227.57,64.02,2.96,1198.78,1113.78,85.0,1028.79,,0.19,-53.82,1.0,5364.806867,2165.24,2165.24,62.23,2.96,1165.24,1082.62,82.62,1000.0,
2023-02-08,0.4,0.41,0.39,0.4,263188839.0,-1.51,0.4,0.4,0.4,True,17.22,15.31,16.49,,,,,,,,,,0.19,-53.11,1.0,5519.240171,2193.9,2193.9,-33.67,-1.51,1165.11,1096.95,68.16,1028.79,,0.19,-53.11,1.0,5364.806867,2132.51,2132.51,-32.73,-1.51,1132.51,1066.26,66.26,1000.0,
2023-02-09,0.4,0.41,0.37,0.38,526681339.0,-3.92,0.4,0.4,0.4,True,17.8,13.2,22.12,,,,,,,,BEAR_CHOCH,SMALL LH confirmed @ 0.42 | SMALL BEAR CHOCH @ 0.38 (level 0.39),,,,,,2107.8,-86.1,-3.92,0.0,0.0,,2107.8,"EXIT @ 0.38 (small red CHoCH, realized +50.23)",,,,,,2048.82,-83.69,-3.92,0.0,0.0,,2048.82,"EXIT @ 0.38 (small red CHoCH, realized +48.82)"
2023-02-10,0.38,0.39,0.38,0.38,279931749.0,-0.05,0.4,0.4,0.4,True,18.33,12.66,21.2,,,,,,,,,,,,,,,2107.8,0.0,0.0,0.0,0.0,,2107.8,,,,,,,2048.82,0.0,0.0,0.0,0.0,,2048.82,
2023-02-11,0.38,0.38,0.38,0.38,123179600.0,0.42,0.39,0.4,0.39,True,18.82,12.43,20.82,,,,,,,,,,,,,,,2107.8,0.0,0.0,0.0,0.0,,2107.8,,,,,,,2048.82,0.0,0.0,0.0,0.0,,2048.82,
2023-02-12,0.38,0.38,0.37,0.37,135976322.0,-2.24,0.39,0.39,0.39,False,19.8,11.74,23.08,,,,,,,,,,,,,,,2107.8,0.0,0.0,0.0,0.0,,2107.8,,,,,,,2048.82,0.0,0.0,0.0,0.0,,2048.82,
2023-02-13,0.37,0.38,0.36,0.37,382768169.0,-1.17,0.39,0.39,0.39,False,21.29,10.9,25.78,,,,,,0.36,LL,,,,,,,,2107.8,0.0,0.0,0.0,0.0,,2107.8,,,,,,,2048.82,0.0,0.0,0.0,0.0,,2048.82,
2023-02-14,0.37,0.38,0.36,0.38,372274074.0,3.13,0.39,0.39,0.39,False,22.02,12.33,23.7,,,,,,,,,,,,,,,2107.8,0.0,0.0,0.0,0.0,,2107.8,,,,,,,2048.82,0.0,0.0,0.0,0.0,,2048.82,
2023-02-15,0.38,0.4,0.38,0.4,370966882.0,5.03,0.39,0.39,0.39,False,20.95,18.44,21.25,,,,,,,,,,,,,,,2107.8,0.0,0.0,0.0,0.0,,2107.8,,,,,,,2048.82,0.0,0.0,0.0,0.0,,2048.82,
2023-02-16,0.4,0.4,0.38,0.38,450636395.0,-4.24,0.39,0.39,0.39,False,19.77,17.88,19.5,,,,,,,,,,,,,,,2107.8,0.0,0.0,0.0,0.0,,2107.8,,,,,,,2048.82,0.0,0.0,0.0,0.0,,2048.82,
2023-02-17,0.38,0.4,0.38,0.4,358052399.0,2.84,0.39,0.39,0.39,False,18.9,16.54,19.26,,,,,,,,,,,,,,,2107.8,0.0,0.0,0.0,0.0,,2107.8,,,,,,,2048.82,0.0,0.0,0.0,0.0,,2048.82,
2023-02-18,0.39,0.4,0.39,0.39,145625421.0,-0.18,0.39,0.39,0.39,False,18.09,16.09,18.74,,,,,,,,,SMALL LL confirmed @ 0.36,,,,,,2107.8,0.0,0.0,0.0,0.0,,2107.8,,,,,,,2048.82,0.0,0.0,0.0,0.0,,2048.82,
2023-02-19,0.39,0.4,0.38,0.39,237992952.0,-2.03,0.39,0.39,0.39,False,17.85,15.18,20.44,,,,,,,,,,,,,,,2107.8,0.0,0.0,0.0,0.0,,2107.8,,,,,,,2048.82,0.0,0.0,0.0,0.0,,2048.82,
2023-02-20,0.39,0.41,0.38,0.4,557018367.0,3.13,0.39,0.39,0.39,False,16.64,17.58,17.89,,,,,0.41,,LH,,,,,,,,2107.8,0.0,0.0,0.0,0.0,,2107.8,,,,,,,2048.82,0.0,0.0,0.0,0.0,,2048.82,
2023-02-21,0.4,0.4,0.39,0.39,448284088.0,-1.63,0.39,0.39,0.39,False,15.51,16.51,16.8,,,,,,,,,BIG LL confirmed @ 0.30,,,,,,2107.8,0.0,0.0,0.0,0.0,,2107.8,,,,,,,2048.82,0.0,0.0,0.0,0.0,,2048.82,
2023-02-22,0.39,0.4,0.38,0.4,389277544.0,0.87,0.39,0.39,0.39,False,14.85,15.52,17.56,,,,,,,,,,,,,,,2107.8,0.0,0.0,0.0,0.0,,2107.8,,,,,,,2048.82,0.0,0.0,0.0,0.0,,2048.82,
2023-02-23,0.4,0.4,0.39,0.39,348351954.0,-1.8,0.39,0.39,0.39,False,14.21,14.79,16.65,,,,,,,,,,,,,,,2107.8,0.0,0.0,0.0,0.0,,2107.8,,,,,,,2048.82,0.0,0.0,0.0,0.0,,2048.82,
2023-02-24,0.39,0.39,0.37,0.38,356652233.0,-2.55,0.39,0.39,0.39,False,14.66,13.67,20.72,,,,,,,,,,,,,,,2107.8,0.0,0.0,0.0,0.0,,2107.8,,,,,,,2048.82,0.0,0.0,0.0,0.0,,2048.82,
2023-02-25,0.38,0.38,0.37,0.38,179723963.0,-0.13,0.39,0.39,0.39,False,15.29,13.08,21.13,,,,,,0.37,HL,,SMALL LH confirmed @ 0.41,,,,,,2107.8,0.0,0.0,0.0,0.0,,2107.8,,,,,,,2048.82,0.0,0.0,0.0,0.0,,2048.82,
2023-02-26,0.38,0.38,0.37,0.38,130843027.0,0.03,0.39,0.39,0.39,False,15.74,13.25,20.55,,,,,,,,,,,,,,,2107.8,0.0,0.0,0.0,0.0,,2107.8,,,,,,,2048.82,0.0,0.0,0.0,0.0,,2048.82,
2023-02-27,0.38,0.38,0.37,0.38,421412885.0,0.16,0.38,0.39,0.39,False,16.44,12.69,21.37,,,,,,,,,,,,,,,2107.8,0.0,0.0,0.0,0.0,,2107.8,,,,,,,2048.82,0.0,0.0,0.0,0.0,,2048.82,
2023-02-28,0.38,0.38,0.37,0.38,371401256.0,-0.61,0.38,0.39,0.39,False,16.76,13.26,20.29,,,,,,,,,,,,,,,2107.8,0.0,0.0,0.0,0.0,,2107.8,,,,,,,2048.82,0.0,0.0,0.0,0.0,,2048.82,
2023-03-01,0.38,0.38,0.37,0.38,317577485.0,1.94,0.38,0.39,0.39,False,16.8,13.49,19.12,,,,,0.38,,LH,,,,,,,,2107.8,0.0,0.0,0.0,0.0,,2107.8,,,,,,,2048.82,0.0,0.0,0.0,0.0,,2048.82,
2023-03-02,0.38,0.38,0.37,0.38,281873061.0,-1.64,0.38,0.39,0.39,False,16.83,12.78,18.11,,,,,,,,,SMALL HL confirmed @ 0.37,,,,,,2107.8,0.0,0.0,0.0,0.0,,2107.8,,,,,,,2048.82,0.0,0.0,0.0,0.0,,2048.82,
2023-03-03,0.38,0.38,0.35,0.38,490515388.0,0.05,0.38,0.38,0.39,False,18.34,11.22,24.95,,,,,,0.35,LL,,,,,,,,2107.8,0.0,0.0,0.0,0.0,,2107.8,,,,,,,2048.82,0.0,0.0,0.0,0.0,,2048.82,
2023-03-04,0.38,0.38,0.37,0.37,164275250.0,-1.03,0.38,0.38,0.38,False,19.74,10.59,23.56,,,,,,,,,,,,,,,2107.8,0.0,0.0,0.0,0.0,,2107.8,,,,,,,2048.82,0.0,0.0,0.0,0.0,,2048.82,
2023-03-05,0.37,0.38,0.37,0.37,163637644.0,-1.79,0.38,0.38,0.38,False,21.21,9.99,23.48,,,,,,,,BEAR_BOS,SMALL BEAR BOS @ 0.37 (level 0.37),,,,,,2107.8,0.0,0.0,0.0,0.0,,2107.8,,,,,,,2048.82,0.0,0.0,0.0,0.0,,2048.82,
2023-03-06,0.37,0.37,0.36,0.37,428373378.0,0.74,0.38,0.38,0.38,False,22.95,9.27,24.8,,,,,,,,,SMALL LH confirmed @ 0.38,,,,,,2107.8,0.0,0.0,0.0,0.0,,2107.8,,,,,,,2048.82,0.0,0.0,0.0,0.0,,2048.82,
2023-03-07,0.37,0.38,0.37,0.38,562644274.0,2.87,0.38,0.38,0.38,False,23.21,13.22,22.77,,,,,,,,,,,,,,,2107.8,0.0,0.0,0.0,0.0,,2107.8,,,,,,,2048.82,0.0,0.0,0.0,0.0,,2048.82,
2023-03-08,0.38,0.4,0.37,0.39,682406723.0,2.32,0.38,0.38,0.38,False,21.68,19.12,19.84,,,,,0.4,,HH,BULL_CHOCH,SMALL LL confirmed @ 0.35 | SMALL BULL CHOCH @ 0.39 (level 0.38),0.19,-50.0,1.0,5419.896687,2107.8,2107.8,0.0,0.0,1053.9,1053.9,0.0,1053.9,"ENTRY @ 0.39 (small green CHoCH, margin $1053.90 [50% of bank] @ 2x [ADX 21.7, zone red], 5419.896687 units)",0.19,-50.0,1.0,5268.243102,2048.82,2048.82,0.0,0.0,1024.41,1024.41,0.0,1024.41,"ENTRY @ 0.39 (small green CHoCH, margin $1024.41 [50% of bank] @ 2x [ADX 21.7, zone red], 5268.243102 units)"
2023-03-09,0.39,0.4,0.36,0.37,655014119.0,-4.71,0.38,0.38,0.38,False,20.91,16.5,20.53,,,,,,,,,,0.19,-47.53,1.0,5419.896687,2008.61,2008.61,-99.18,-4.71,954.71,1004.31,-49.59,1053.9,,0.19,-47.53,1.0,5268.243102,1952.41,1952.41,-96.41,-4.71,928.0,976.21,-48.2,1024.41,
2023-03-10,0.37,0.38,0.36,0.37,541098785.0,-0.16,0.38,0.38,0.38,False,20.67,15.29,21.78,,,,,,,,,,0.19,-47.45,1.0,5419.896687,2005.36,2005.36,-3.25,-0.16,951.46,1002.68,-51.22,1053.9,,0.19,-47.45,1.0,5268.243102,1949.25,1949.25,-3.16,-0.16,924.84,974.62,-49.78,1024.41,
2023-03-11,0.37,0.37,0.36,0.36,342981412.0,-1.68,0.37,0.38,0.38,False,20.44,14.3,20.37,,,,,,,,,,0.19,-46.55,1.0,5419.896687,1971.76,1971.76,-33.6,-1.68,917.86,985.88,-68.02,1053.9,,0.19,-46.55,1.0,5268.243102,1916.59,1916.59,-32.66,-1.68,892.18,958.29,-66.12,1024.41,
2023-03-12,0.36,0.37,0.35,0.37,389760071.0,2.09,0.37,0.38,0.38,False,20.95,12.92,22.74,,0.35,HL,,,0.35,LL,,,0.19,-47.64,1.0,5419.896687,2012.95,2012.95,41.19,2.09,959.05,1006.47,-47.42,1053.9,,0.19,-47.64,1.0,5268.243102,1956.63,1956.63,40.04,2.09,932.22,978.31,-46.1,1024.41,
2023-03-13,0.37,0.38,0.36,0.37,556402600.0,0.27,0.37,0.38,0.38,False,20.58,14.98,20.57,,,,,,,,,SMALL HH confirmed @ 0.40,0.19,-47.78,1.0,5419.896687,2018.37,2018.37,5.42,0.27,964.47,1009.18,-44.71,1053.9,,0.19,-47.78,1.0,5268.243102,1961.89,1961.89,5.27,0.27,937.48,980.95,-43.46,1024.41,
2023-03-14,0.37,0.39,0.36,0.37,544803822.0,0.0,0.37,0.38,0.38,False,19.6,16.37,18.82,,,,,,,,,BIG HH confirmed @ 0.43,0.19,-47.78,1.0,5419.896687,2018.37,2018.37,0.0,0.0,964.47,1009.18,-44.71,1053.9,,0.19,-47.78,1.0,5268.243102,1961.89,1961.89,0.0,0.0,937.48,980.95,-43.46,1024.41,
2023-03-15,0.37,0.38,0.36,0.36,385093409.0,-3.63,0.37,0.37,0.38,False,19.31,15.15,20.72,,,,,,,,,,0.19,-45.82,1.0,5419.896687,1945.2,1945.2,-73.17,-3.63,891.3,972.6,-81.3,1053.9,,0.19,-45.82,1.0,5268.243102,1890.77,1890.77,-71.12,-3.63,866.36,945.39,-79.02,1024.41,
2023-03-16,0.36,0.37,0.36,0.36,259083315.0,1.62,0.37,0.37,0.38,False,19.04,14.51,19.84,,,,,,,,,,0.19,-46.68,1.0,5419.896687,1976.64,1976.64,31.44,1.62,922.74,988.32,-65.58,1053.9,,0.19,-46.68,1.0,5268.243102,1921.33,1921.33,30.56,1.62,896.92,960.66,-63.75,1024.41,
2023-03-17,0.36,0.38,0.36,0.38,405873760.0,4.14,0.37,0.37,0.38,False,17.89,19.37,18.26,,,,,,,,,SMALL LL confirmed @ 0.35,0.19,-48.8,1.0,5419.896687,2058.48,2058.48,81.84,4.14,1004.58,1029.24,-24.66,1053.9,,0.19,-48.8,1.0,5268.243102,2000.88,2000.88,79.55,4.14,976.47,1000.44,-23.97,1024.41,
2023-03-18,0.38,0.39,0.37,0.37,360335327.0,-1.55,0.37,0.37,0.38,False,17.35,20.64,16.8,,,,,,,,,,0.19,-47.99,1.0,5419.896687,2026.5,2026.5,-31.98,-1.55,972.6,1013.25,-40.65,1053.9,,0.19,-47.99,1.0,5268.243102,1969.8,1969.8,-31.08,-1.55,945.39,984.9,-39.51,1024.41,
2023-03-19,0.37,0.4,0.37,0.39,476291604.0,3.16,0.37,0.38,0.38,False,17.49,22.41,15.15,,,,,,,,,,0.19,-49.59,1.0,5419.896687,2090.45,2090.45,63.95,3.16,1036.56,1045.23,-8.67,1053.9,,0.19,-49.59,1.0,5268.243102,2031.96,2031.96,62.17,3.16,1007.55,1015.98,-8.43,1024.41,
2023-03-20,0.39,0.39,0.37,0.37,443129416.0,-3.19,0.37,0.38,0.38,False,17.37,20.7,15.06,,,,,,,,,,0.19,-47.92,1.0,5419.896687,2023.79,2023.79,-66.66,-3.19,969.89,1011.89,-42.0,1053.9,,0.19,-47.92,1.0,5268.243102,1967.16,1967.16,-64.8,-3.19,942.75,983.58,-40.83,1024.41,
2023-03-21,0.37,0.49,0.37,0.47,1698380685.0,25.76,0.39,0.38,0.38,True,20.45,41.44,10.17,,,,BULL_BOS,0.49,,HH,BULL_BOS,BIG BULL BOS @ 0.47 (level 0.43) | SMALL BULL BOS @ 0.47 (level 0.40),0.19,-58.59,1.0,5419.896687,2545.18,2545.18,521.39,25.76,1491.28,1272.59,218.69,1053.9,,0.19,-58.59,1.0,5268.243102,2473.97,2473.97,506.8,25.76,1449.56,1236.98,212.57,1024.41,
2023-03-22,0.47,0.48,0.41,0.42,1409641087.0,-10.29,0.39,0.39,0.39,True,23.32,34.58,8.49,,,,,,0.41,HL,,,0.19,-53.85,1.0,5419.896687,2283.4,2283.4,-261.78,-10.29,1229.5,1141.7,87.8,1053.9,,0.19,-53.85,1.0,5268.243102,2219.51,2219.51,-254.46,-10.29,1195.1,1109.76,85.35,1024.41,
2023-03-23,0.42,0.46,0.41,0.44,837629903.0,5.34,0.4,0.39,0.39,True,25.98,31.01,7.61,,,,,,,,,,0.19,-56.19,1.0,5419.896687,2405.35,2405.35,121.95,5.34,1351.45,1202.68,148.78,1053.9,,0.19,-56.19,1.0,5268.243102,2338.05,2338.05,118.54,5.34,1313.64,1169.02,144.61,1024.41,
2023-03-24,0.44,0.44,0.41,0.43,507977567.0,-4.03,0.41,0.4,0.39,True,28.45,28.83,7.08,,,,,,,,,,0.19,-54.34,1.0,5419.896687,2308.33,2308.33,-97.02,-4.03,1254.44,1154.17,100.27,1053.9,,0.19,-54.34,1.0,5268.243102,2243.74,2243.74,-94.3,-4.03,1219.33,1121.87,97.46,1024.41,
2023-03-25,0.43,0.46,0.42,0.44,635312958.0,3.99,0.41,0.4,0.4,True,31.11,30.81,6.39,,,,,,,,,,0.19,-56.1,1.0,5419.896687,2400.47,2400.47,92.14,3.99,1346.57,1200.24,146.34,1053.9,,0.19,-56.1,1.0,5268.243102,2333.3,2333.3,89.56,3.99,1308.89,1166.65,142.24,1024.41,
2023-03-26,0.44,0.46,0.44,0.45,364479792.0,1.13,0.42,0.41,0.4,True,33.58,29.17,6.05,,,,,,,,,SMALL HH confirmed @ 0.49,0.19,-56.59,1.0,5419.896687,2427.57,2427.57,27.1,1.13,1373.67,1213.79,159.89,1053.9,,0.19,-56.59,1.0,5268.243102,2359.65,2359.65,26.34,1.13,1335.24,1179.82,155.41,1024.41,
2023-03-27,0.45,0.49,0.44,0.48,1003256531.0,6.94,0.43,0.41,0.41,True,36.25,31.89,5.42,,,,,,,,,SMALL HL confirmed @ 0.41,0.19,-59.41,1.0,5419.896687,2596.13,2596.13,168.56,6.94,1542.23,1298.07,244.17,1053.9,,0.19,-59.41,1.0,5268.243102,2523.49,2523.49,163.84,6.94,1499.08,1261.74,237.33,1024.41,
2023-03-28,0.48,0.53,0.47,0.51,1126346466.0,7.39,0.44,0.42,0.41,True,39.19,36.82,4.66,,,,,,,,BULL_BOS,SMALL BULL BOS @ 0.51 (level 0.49),0.19,-62.2,1.0,5419.896687,2787.99,2787.99,191.86,7.39,1734.1,1394.0,340.1,1053.9,,0.19,-62.2,1.0,5268.243102,2709.98,2709.98,186.5,7.39,1685.57,1354.99,330.58,1024.41,
2023-03-29,0.51,0.58,0.51,0.54,1291815558.0,5.46,0.46,0.43,0.42,True,42.28,41.65,4.02,0.58,,HH,,0.58,,HH,,,0.19,-64.16,1.0,5419.896687,2940.29,2940.29,152.3,5.46,1886.4,1470.15,416.25,1053.9,,0.19,-64.16,1.0,5268.243102,2858.02,2858.02,148.04,5.46,1833.61,1429.01,404.6,1024.41,
2023-03-30,0.54,0.56,0.52,0.53,827691286.0,-1.95,0.47,0.44,0.43,True,45.14,38.7,3.74,,,,,,,,,,0.19,-63.44,1.0,5419.896687,2882.84,2882.84,-57.45,-1.95,1828.94,1441.42,387.52,1053.9,,0.19,-63.44,1.0,5268.243102,2802.18,2802.18,-55.84,-1.95,1777.77,1401.09,376.68,1024.41,
2023-03-31,0.53,0.56,0.53,0.54,532875635.0,1.03,0.48,0.45,0.44,True,47.84,37.0,3.46,,,,,,,,,,0.19,-63.82,1.0,5419.896687,2912.65,2912.65,29.81,1.03,1858.75,1456.33,402.43,1053.9,,0.19,-63.82,1.0,5268.243102,2831.15,2831.15,28.98,1.03,1806.74,1415.58,391.17,1024.41,
2023-04-01,0.54,0.54,0.5,0.51,516087832.0,-5.19,0.48,0.46,0.44,True,48.68,34.14,8.66,,,,,,,,,,0.19,-61.84,1.0,5419.896687,2761.44,2761.44,-151.22,-5.19,1707.54,1380.72,326.82,1053.9,,0.19,-61.84,1.0,5268.243102,2684.17,2684.17,-146.98,-5.19,1659.76,1342.08,317.68,1024.41,
2023-04-02,0.51,0.53,0.5,0.52,391347744.0,1.67,0.49,0.46,0.45,True,49.45,32.31,8.19,,,,,,,,,,0.19,-62.46,1.0,5419.896687,2807.51,2807.51,46.07,1.67,1753.61,1403.75,349.85,1053.9,,0.19,-62.46,1.0,5268.243102,2728.95,2728.95,44.78,1.67,1704.54,1364.47,340.07,1024.41,
2023-04-03,0.52,0.52,0.48,0.5,522070023.0,-4.27,0.49,0.47,0.45,True,49.07,29.57,11.45,,,,,,0.48,HL,,SMALL HH confirmed @ 0.58,0.19,-60.79,1.0,5419.896687,2687.73,2687.73,-119.78,-4.27,1633.83,1343.86,289.96,1053.9,,0.19,-60.79,1.0,5268.243102,2612.52,2612.52,-116.43,-4.27,1588.11,1306.26,281.85,1024.41,
2023-04-04,0.5,0.51,0.49,0.5,360227447.0,1.35,0.49,0.47,0.46,True,48.72,28.35,10.98,,,,,,,,,,0.19,-61.31,1.0,5419.896687,2724.04,2724.04,36.31,1.35,1670.14,1362.02,308.12,1053.9,,0.19,-61.31,1.0,5268.243102,2647.82,2647.82,35.3,1.35,1623.41,1323.91,299.5,1024.41,
2023-04-05,0.5,0.53,0.5,0.51,411989031.0,0.58,0.49,0.47,0.46,True,48.78,30.62,10.35,,,,,0.53,,LH,,,0.19,-61.53,1.0,5419.896687,2739.76,2739.76,15.72,0.58,1685.86,1369.88,315.98,1053.9,,0.19,-61.53,1.0,5268.243102,2663.1,2663.1,15.28,0.58,1638.69,1331.55,307.14,1024.41,
2023-04-06,0.51,0.51,0.49,0.5,315900045.0,-0.53,0.5,0.48,0.46,True,48.43,29.44,11.47,,,,,,0.49,HL,,,0.19,-61.33,1.0,5419.896687,2725.12,2725.12,-14.63,-0.53,1671.23,1362.56,308.66,1053.9,,0.19,-61.33,1.0,5268.243102,2648.87,2648.87,-14.22,-0.53,1624.46,1324.44,300.03,1024.41,
2023-04-07,0.5,0.52,0.5,0.51,318185786.0,1.95,0.5,0.48,0.47,True,48.23,29.54,11.02,,,,,,,,,,0.19,-62.07,1.0,5419.896687,2778.24,2778.24,53.11,1.95,1724.34,1389.12,335.22,1053.9,,0.19,-62.07,1.0,5268.243102,2700.5,2700.5,51.63,1.95,1676.09,1350.25,325.84,1024.41,
2023-04-08,0.51,0.51,0.5,0.5,136614694.0,-1.52,0.5,0.48,0.47,True,48.05,28.81,10.74,,,,,,,,,SMALL HL confirmed @ 0.48,0.19,-61.48,1.0,5419.896687,2735.96,2735.96,-42.28,-1.52,1682.06,1367.98,314.08,1053.9,,0.19,-61.48,1.0,5268.243102,2659.41,2659.41,-41.09,-1.52,1635.0,1329.7,305.29,1024.41,
2023-04-09,0.5,0.51,0.5,0.51,116122379.0,0.12,0.5,0.48,0.47,True,47.64,28.06,11.39,,,,,,,,,,0.19,-61.53,1.0,5419.896687,2739.22,2739.22,3.25,0.12,1685.32,1369.61,315.71,1053.9,,0.19,-61.53,1.0,5268.243102,2662.57,2662.57,3.16,0.12,1638.16,1331.29,306.88,1024.41,
2023-04-10,0.51,0.52,0.5,0.52,264898196.0,2.41,0.5,0.49,0.48,True,47.52,29.28,10.84,,,,,,,,,SMALL LH confirmed @ 0.53,0.19,-62.43,1.0,5419.896687,2805.34,2805.34,66.12,2.41,1751.44,1402.67,348.77,1053.9,,0.19,-62.43,1.0,5268.243102,2726.84,2726.84,64.27,2.41,1702.43,1363.42,339.01,1024.41,
2023-04-11,0.52,0.53,0.51,0.52,358821527.0,-0.17,0.5,0.49,0.48,True,47.61,30.12,10.37,,,,,,,,,SMALL HL confirmed @ 0.49,0.19,-62.37,1.0,5419.896687,2800.46,2800.46,-4.88,-0.17,1746.56,1400.23,346.33,1053.9,,0.19,-62.37,1.0,5268.243102,2722.1,2722.1,-4.74,-0.17,1697.69,1361.05,336.64,1024.41,
2023-04-12,0.52,0.52,0.5,0.5,339100343.0,-2.28,0.5,0.49,0.48,True,46.87,28.61,13.09,,,,,,,,,,0.19,-61.49,1.0,5419.896687,2736.51,2736.51,-63.95,-2.28,1682.61,1368.25,314.35,1053.9,,0.19,-61.49,1.0,5268.243102,2659.94,2659.94,-62.17,-2.28,1635.53,1329.97,305.56,1024.41,
2023-04-13,0.5,0.52,0.5,0.51,273342378.0,1.51,0.51,0.49,0.48,True,46.18,27.53,12.59,,,,,,,,,,0.19,-62.06,1.0,5419.896687,2777.7,2777.7,41.19,1.51,1723.8,1388.85,334.95,1053.9,,0.19,-62.06,1.0,5268.243102,2699.97,2699.97,40.04,1.51,1675.56,1349.99,325.58,1024.41,
2023-04-14,0.51,0.55,0.51,0.52,462335443.0,1.99,0.51,0.5,0.49,True,46.35,33.04,11.43,,,,,0.55,,HH,,,0.19,-62.8,1.0,5419.896687,2832.98,2832.98,55.28,1.99,1779.08,1416.49,362.59,1053.9,,0.19,-62.8,1.0,5268.243102,2753.71,2753.71,53.74,1.99,1729.3,1376.86,352.45,1024.41,
2023-04-15,0.52,0.53,0.52,0.52,152508925.0,-0.67,0.51,0.5,0.49,True,46.51,32.13,11.12,,,,,,,,,,0.19,-62.55,1.0,5419.896687,2814.01,2814.01,-18.97,-0.67,1760.11,1407.01,353.11,1053.9,,0.19,-62.55,1.0,5268.243102,2735.27,2735.27,-18.44,-0.67,1710.86,1367.64,343.23,1024.41,
2023-04-16,0.52,0.52,0.52,0.52,157240759.0,0.33,0.51,0.5,0.49,True,46.6,31.28,11.05,,,,,,,,,,0.19,-62.67,1.0,5419.896687,2823.22,2823.22,9.21,0.33,1769.33,1411.61,357.71,1053.9,,0.19,-62.67,1.0,5268.243102,2744.23,2744.23,8.96,0.33,1719.82,1372.11,347.7,1024.41,
2023-04-17,0.52,0.52,0.51,0.51,299749754.0,-1.92,0.51,0.5,0.49,True,46.06,29.95,13.12,,,,,,,,,,0.19,-61.94,1.0,5419.896687,2769.03,2769.03,-54.2,-1.92,1715.13,1384.51,330.61,1053.9,,0.19,-61.94,1.0,5268.243102,2691.55,2691.55,-52.68,-1.92,1667.14,1345.77,321.36,1024.41,
2023-04-18,0.51,0.54,0.51,0.53,358112470.0,4.21,0.51,0.5,0.5,True,46.08,32.61,11.98,,,,,,,,BULL_BOS,SMALL BULL BOS @ 0.53 (level 0.53),0.19,-63.48,1.0,5419.896687,2885.55,2885.55,116.53,4.21,1831.65,1442.78,388.88,1053.9,,0.19,-63.48,1.0,5268.243102,2804.81,2804.81,113.27,4.21,1780.4,1402.41,378.0,1024.41,
2023-04-19,0.53,0.54,0.47,0.49,620153279.0,-7.76,0.51,0.5,0.5,True,43.88,27.0,19.8,,,,,,,,BEAR_CHOCH,SMALL HH confirmed @ 0.55 | SMALL BEAR CHOCH @ 0.49 (level 0.49),,,,,,2661.71,-223.84,-7.76,0.0,0.0,,2661.71,"EXIT @ 0.49 (small red CHoCH, realized +553.91)",,,,,,2587.23,-217.58,-7.76,0.0,0.0,,2587.23,"EXIT @ 0.49 (small red CHoCH, realized +538.41)"
2023-04-20,0.49,0.5,0.46,0.48,454997513.0,-3.24,0.51,0.5,0.49,True,41.56,24.64,19.6,,,,,,,,,,,,,,,2661.71,0.0,0.0,0.0,0.0,,2661.71,,,,,,,2587.23,0.0,0.0,0.0,0.0,,2587.23,
2023-04-21,0.48,0.48,0.44,0.45,425209825.0,-5.49,0.5,0.5,0.49,True,38.84,22.27,23.82,,,,,,,,,,,,,,,2661.71,0.0,0.0,0.0,0.0,,2661.71,,,,,,,2587.23,0.0,0.0,0.0,0.0,,2587.23,
2023-04-22,0.45,0.48,0.45,0.47,242021955.0,5.08,0.49,0.49,0.49,True,36.3,20.59,22.03,,,,,,,,,,,,,,,2661.71,0.0,0.0,0.0,0.0,,2661.71,,,,,,,2587.23,0.0,0.0,0.0,0.0,,2587.23,
2023-04-23,0.47,0.47,0.45,0.46,222191297.0,-1.53,0.49,0.49,0.49,True,33.95,19.58,20.95,,,,,,,,,,,,,,,2661.71,0.0,0.0,0.0,0.0,,2661.71,,,,,,,2587.23,0.0,0.0,0.0,0.0,,2587.23,
2023-04-24,0.46,0.49,0.45,0.46,408426760.0,-0.77,0.48,0.49,0.49,False,31.91,21.08,18.95,,,,,,,,,,,,,,,2661.71,0.0,0.0,0.0,0.0,,2661.71,,,,,,,2587.23,0.0,0.0,0.0,0.0,,2587.23,
2023-04-25,0.46,0.47,0.45,0.47,377056298.0,1.82,0.48,0.49,0.48,False,30.01,19.94,17.92,,,,,,,,,,,,,,,2661.71,0.0,0.0,0.0,0.0,,2661.71,,,,,,,2587.23,0.0,0.0,0.0,0.0,,2587.23,
2023-04-26,0.47,0.48,0.43,0.46,551155391.0,-1.64,0.48,0.48,0.48,False,28.33,17.56,19.99,,,,,,0.43,LL,,,,,,,,2661.71,0.0,0.0,0.0,0.0,,2661.71,,,,,,,2587.23,0.0,0.0,0.0,0.0,,2587.23,
2023-04-27,0.46,0.47,0.46,0.47,345756985.0,1.06,0.48,0.48,0.48,False,26.76,16.95,19.29,,,,,,,,,,,,,,,2661.71,0.0,0.0,0.0,0.0,,2661.71,,,,,,,2587.23,0.0,0.0,0.0,0.0,,2587.23,
2023-04-28,0.47,0.48,0.46,0.48,384917512.0,2.76,0.48,0.48,0.48,False,25.06,19.43,18.35,,,,,,,,,,,,,,,2661.71,0.0,0.0,0.0,0.0,,2661.71,,,,,,,2587.23,0.0,0.0,0.0,0.0,,2587.23,
2023-04-29,0.48,0.49,0.47,0.48,175533507.0,-0.33,0.48,0.48,0.48,False,23.66,19.64,17.58,,,,,0.49,,LH,,,,,,,,2661.71,0.0,0.0,0.0,0.0,,2661.71,,,,,,,2587.23,0.0,0.0,0.0,0.0,,2587.23,
2023-04-30,0.48,0.48,0.47,0.47,143199211.0,-1.57,0.48,0.48,0.48,False,22.24,18.94,17.55,,,,,,,,,,,,,,,2661.71,0.0,0.0,0.0,0.0,,2661.71,,,,,,,2587.23,0.0,0.0,0.0,0.0,,2587.23,
2023-05-01,0.47,0.47,0.45,0.46,338231418.0,-1.19,0.47,0.48,0.48,False,21.14,17.99,20.64,,,,,,,,,BIG HL confirmed @ 0.35 | SMALL LL confirmed @ 0.43,,,,,,2661.71,0.0,0.0,0.0,0.0,,2661.71,,,,,,,2587.23,0.0,0.0,0.0,0.0,,2587.23,
2023-05-02,0.46,0.47,0.46,0.46,330734355.0,-0.09,0.47,0.48,0.48,False,20.12,17.53,20.11,,,,,,,,,,,,,,,2661.71,0.0,0.0,0.0,0.0,,2661.71,,,,,,,2587.23,0.0,0.0,0.0,0.0,,2587.23,
2023-05-03,0.46,0.47,0.45,0.46,341232638.0,-0.28,0.47,0.48,0.48,False,19.58,16.7,21.46,,,,,,,,,,,,,,,2661.71,0.0,0.0,0.0,0.0,,2661.71,,,,,,,2587.23,0.0,0.0,0.0,0.0,,2587.23,
2023-05-04,0.46,0.46,0.45,0.46,218212542.0,-0.52,0.47,0.47,0.48,False,19.07,16.17,20.77,,,,,,,,,SMALL LH confirmed @ 0.49,,,,,,2661.71,0.0,0.0,0.0,0.0,,2661.71,,,,,,,2587.23,0.0,0.0,0.0,0.0,,2587.23,
2023-05-05,0.46,0.47,0.45,0.47,292855620.0,1.37,0.47,0.47,0.48,False,18.21,17.12,19.71,,,,,,,,,,,,,,,2661.71,0.0,0.0,0.0,0.0,,2661.71,,,,,,,2587.23,0.0,0.0,0.0,0.0,,2587.23,
2023-05-06,0.47,0.47,0.45,0.46,168649976.0,-1.91,0.47,0.47,0.47,False,17.61,16.11,19.61,,,,,,,,,,,,,,,2661.71,0.0,0.0,0.0,0.0,,2661.71,,,,,,,2587.23,0.0,0.0,0.0,0.0,,2587.23,
2023-05-07,0.46,0.46,0.45,0.45,119401215.0,-2.01,0.46,0.47,0.47,False,17.37,15.34,20.49,,,,,,,,,,,,,,,2661.71,0.0,0.0,0.0,0.0,,2661.71,,,,,,,2587.23,0.0,0.0,0.0,0.0,,2587.23,
2023-05-08,0.45,0.45,0.41,0.43,483055933.0,-4.61,0.46,0.47,0.47,False,18.76,13.38,28.95,,0.41,HL,,,,,BEAR_BOS,SMALL BEAR BOS @ 0.43 (level 0.43),,,,,,2661.71,0.0,0.0,0.0,0.0,,2661.71,,,,,,,2587.23,0.0,0.0,0.0,0.0,,2587.23,
2023-05-09,0.43,0.43,0.42,0.43,331497882.0,0.14,0.45,0.46,0.47,False,20.05,12.92,27.96,,,,,,,,,,,,,,,2661.71,0.0,0.0,0.0,0.0,,2661.71,,,,,,,2587.23,0.0,0.0,0.0,0.0,,2587.23,
2023-05-10,0.43,0.43,0.41,0.43,334930240.0,0.33,0.45,0.46,0.46,False,21.54,12.0,28.65,,,,,,,,,,,,,,,2661.71,0.0,0.0,0.0,0.0,,2661.71,,,,,,,2587.23,0.0,0.0,0.0,0.0,,2587.23,
2023-05-11,0.43,0.43,0.41,0.42,288769811.0,-2.23,0.45,0.46,0.46,False,22.94,11.26,27.03,,,,,,0.41,LL,,,,,,,,2661.71,0.0,0.0,0.0,0.0,,2661.71,,,,,,,2587.23,0.0,0.0,0.0,0.0,,2587.23,
2023-05-12,0.42,0.44,0.42,0.43,408757650.0,2.33,0.44,0.45,0.46,False,23.09,14.71,24.54,,,,,,,,,,,,,,,2661.71,0.0,0.0,0.0,0.0,,2661.71,,,,,,,2587.23,0.0,0.0,0.0,0.0,,2587.23,
2023-05-13,0.43,0.43,0.42,0.42,102125283.0,-1.51,0.44,0.45,0.46,False,23.23,14.32,23.89,,,,,,,,,,,,,,,2661.71,0.0,0.0,0.0,0.0,,2661.71,,,,,,,2587.23,0.0,0.0,0.0,0.0,,2587.23,
2023-05-14,0.42,0.43,0.42,0.43,97517794.0,0.31,0.44,0.45,0.45,False,23.44,13.79,23.59,,,,,,,,,,,,,,,2661.71,0.0,0.0,0.0,0.0,,2661.71,,,,,,,2587.23,0.0,0.0,0.0,0.0,,2587.23,
2023-05-15,0.43,0.43,0.42,0.43,263543031.0,0.47,0.44,0.45,0.45,False,23.64,13.34,22.83,,,,,,,,,,,,,,,2661.71,0.0,0.0,0.0,0.0,,2661.71,,,,,,,2587.23,0.0,0.0,0.0,0.0,,2587.23,
2023-05-16,0.43,0.44,0.42,0.44,357854908.0,3.56,0.44,0.45,0.45,False,22.75,16.59,20.76,,,,,,,,,SMALL LL confirmed @ 0.41,,,,,,2661.71,0.0,0.0,0.0,0.0,,2661.71,,,,,,,2587.23,0.0,0.0,0.0,0.0,,2587.23,
2023-05-17,0.44,0.46,0.44,0.45,511331200.0,1.33,0.44,0.45,0.45,False,21.59,21.69,19.01,,,,,,,,,,,,,,,2661.71,0.0,0.0,0.0,0.0,,2661.71,,,,,,,2587.23,0.0,0.0,0.0,0.0,,2587.23,
2023-05-18,0.45,0.47,0.44,0.46,420292099.0,2.5,0.44,0.45,0.45,False,21.16,23.34,17.09,,,,,,,,,BIG HH confirmed @ 0.58,,,,,,2661.71,0.0,0.0,0.0,0.0,,2661.71,,,,,,,2587.23,0.0,0.0,0.0,0.0,,2587.23,
2023-05-19,0.46,0.48,0.46,0.47,327924286.0,1.72,0.45,0.45,0.45,False,20.88,22.74,16.03,,,,,0.48,,LH,,,,,,,,2661.71,0.0,0.0,0.0,0.0,,2661.71,,,,,,,2587.23,0.0,0.0,0.0,0.0,,2587.23,
2023-05-20,0.47,0.47,0.46,0.47,133085427.0,0.21,0.45,0.45,0.45,False,20.63,21.93,15.45,,,,,,,,,,,,,,,2661.71,0.0,0.0,0.0,0.0,,2661.71,,,,,,,2587.23,0.0,0.0,0.0,0.0,,2587.23,
2023-05-21,0.47,0.47,0.46,0.46,152105849.0,-2.35,0.45,0.45,0.45,False,19.85,20.7,17.03,,,,,,,,,,,,,,,2661.71,0.0,0.0,0.0,0.0,,2661.71,,,,,,,2587.23,0.0,0.0,0.0,0.0,,2587.23,
2023-05-22,0.46,0.47,0.45,0.46,289989578.0,0.94,0.45,0.45,0.45,False,18.71,19.36,17.89,,,,,,,,,,,,,,,2661.71,0.0,0.0,0.0,0.0,,2661.71,,,,,,,2587.23,0.0,0.0,0.0,0.0,,2587.23,
2023-05-23,0.46,0.47,0.46,0.47,270491006.0,0.71,0.45,0.45,0.46,False,17.66,18.71,17.29,,,,,,,,,,,,,,,2661.71,0.0,0.0,0.0,0.0,,2661.71,,,,,,,2587.23,0.0,0.0,0.0,0.0,,2587.23,
2023-05-24,0.47,0.47,0.45,0.45,334128026.0,-2.6,0.45,0.45,0.46,False,17.04,17.34,20.77,,,,,,,,,SMALL LH confirmed @ 0.48,,,,,,2661.71,0.0,0.0,0.0,0.0,,2661.71,,,,,,,2587.23,0.0,0.0,0.0,0.0,,2587.23,
2023-05-25,0.45,0.46,0.44,0.45,190174437.0,0.18,0.45,0.45,0.45,False,16.64,16.54,20.82,,,,,,0.44,HL,,,,,,,,2661.71,0.0,0.0,0.0,0.0,,2661.71,,,,,,,2587.23,0.0,0.0,0.0,0.0,,2587.23,
2023-05-26,0.45,0.47,0.45,0.47,284645154.0,3.22,0.46,0.46,0.46,True,15.76,21.16,19.4,,,,,,,,,,,,,,,2661.71,0.0,0.0,0.0,0.0,,2661.71,,,,,,,2587.23,0.0,0.0,0.0,0.0,,2587.23,
2023-05-27,0.47,0.48,0.47,0.47,178798933.0,0.64,0.46,0.46,0.46,True,15.54,23.67,18.33,,,,,,,,,,,,,,,2661.71,0.0,0.0,0.0,0.0,,2661.71,,,,,,,2587.23,0.0,0.0,0.0,0.0,,2587.23,
2023-05-28,0.47,0.49,0.47,0.48,166534206.0,2.25,0.46,0.46,0.46,True,15.76,24.95,17.13,,,,,,,,BULL_CHOCH,SMALL BULL CHOCH @ 0.48 (level 0.48),0.43,-10.0,5.0,27611.112685,13308.56,2661.71,0.0,0.0,1330.86,1330.86,0.0,1330.86,"ENTRY @ 0.48 (small green CHoCH, margin $1330.86 [50% of bank] @ 10x [ADX 15.8, zone green], 27611.112685 units)",0.43,-10.0,5.0,26838.528916,12936.17,2587.23,0.0,0.0,1293.62,1293.62,0.0,1293.62,"ENTRY @ 0.48 (small green CHoCH, margin $1293.62 [50% of bank] @ 10x [ADX 15.8, zone green], 26838.528916 units)"
2023-05-29,0.48,0.5,0.48,0.49,328535756.0,2.61,0.47,0.46,0.46,True,16.45,26.64,15.82,,,,,,,,,,0.43,-12.29,4.54,27611.112685,13656.46,3009.61,347.9,13.07,1678.76,1365.65,313.11,1330.86,,0.43,-12.29,4.54,26838.528916,13274.34,2925.4,338.17,13.07,1631.78,1327.43,304.35,1293.62,
2023-05-30,0.49,0.53,0.49,0.52,662891231.0,5.24,0.48,0.47,0.47,True,18.45,35.1,13.52,,,,,,,,,SMALL HL confirmed @ 0.44,0.43,-16.66,3.86,27611.112685,14371.58,3724.74,715.13,23.76,2393.88,1437.16,956.73,1330.86,,0.43,-16.66,3.86,26838.528916,13969.45,3620.52,695.12,23.76,2326.9,1396.95,929.96,1293.62,
2023-05-31,0.52,0.53,0.5,0.52,440917044.0,-0.75,0.48,0.47,0.47,True,20.3,31.73,12.22,,,,,,,,,,0.43,-16.03,3.94,27611.112685,14263.9,3617.06,-107.68,-2.89,2286.2,1426.39,859.81,1330.86,,0.43,-16.03,3.94,26838.528916,13864.78,3515.85,-104.67,-2.89,2222.23,1386.48,835.75,1293.62,
2023-06-01,0.52,0.52,0.5,0.51,320782418.0,-1.96,0.49,0.48,0.47,True,22.02,29.98,11.55,,,,,,,,,,0.43,-14.35,4.19,27611.112685,13985.03,3338.18,-278.87,-7.71,2007.33,1398.5,608.83,1330.86,,0.43,-14.35,4.19,26838.528916,13593.71,3244.78,-271.07,-7.71,1951.16,1359.37,591.79,1293.62,
2023-06-02,0.51,0.53,0.5,0.52,293048961.0,3.53,0.49,0.48,0.48,True,23.97,31.14,10.57,,,,,,,,,,0.43,-17.28,3.78,27611.112685,14479.27,3832.42,494.24,14.81,2501.57,1447.93,1053.64,1330.86,,0.43,-17.28,3.78,26838.528916,14074.12,3725.19,480.41,14.81,2431.57,1407.41,1024.16,1293.62,
2023-06-03,0.52,0.53,0.51,0.52,172139129.0,-1.07,0.5,0.48,0.48,True,26.0,31.42,9.83,,,,,,,,,,0.43,-16.38,3.89,27611.112685,14324.65,3677.8,-154.62,-4.03,2346.94,1432.46,914.48,1330.86,,0.43,-16.38,3.89,26838.528916,13923.83,3574.89,-150.3,-4.03,2281.27,1392.38,888.89,1293.62,
2023-06-04,0.52,0.55,0.52,0.54,250235168.0,3.3,0.5,0.49,0.48,True,28.24,32.44,8.76,,,,,0.55,,HH,,,0.43,-19.05,3.57,27611.112685,14796.8,4149.95,472.15,12.84,2819.09,1479.68,1339.42,1330.86,,0.43,-19.05,3.57,26838.528916,14382.77,4033.83,458.94,12.84,2740.21,1438.28,1301.94,1293.62,
2023-06-05,0.54,0.54,0.49,0.51,616993814.0,-5.02,0.5,0.49,0.49,True,28.06,26.87,15.91,,,,,,,,,,0.43,-14.77,4.12,27611.112685,14054.06,3407.21,-742.74,-17.9,2076.36,1405.41,670.95,1330.86,,0.43,-14.77,4.12,26838.528916,13660.81,3311.87,-721.96,-17.9,2018.26,1366.08,652.18,1293.62,
2023-06-06,0.51,0.53,0.5,0.53,458413458.0,4.13,0.51,0.49,0.49,True,27.88,23.92,14.16,,,,,,,,,,0.43,-18.15,3.67,27611.112685,14633.89,3987.04,579.83,17.02,2656.19,1463.39,1192.8,1330.86,,0.43,-18.15,3.67,26838.528916,14224.42,3875.48,563.61,17.02,2581.87,1422.44,1159.42,1293.62,
2023-06-07,0.53,0.54,0.51,0.52,467474175.0,-2.21,0.51,0.5,0.49,True,27.96,23.37,12.89,,,,,,,,,,0.43,-16.3,3.91,27611.112685,14310.84,3663.99,-323.05,-8.1,2333.14,1431.08,902.06,1330.86,,0.43,-16.3,3.91,26838.528916,13910.41,3561.47,-314.01,-8.1,2267.86,1391.04,876.81,1293.62,
2023-06-08,0.52,0.53,0.52,0.52,262982251.0,1.02,0.51,0.5,0.49,True,28.02,22.52,12.42,,,,,,,,,,0.43,-17.15,3.79,27611.112685,14457.18,3810.33,146.34,3.99,2479.48,1445.72,1033.76,1330.86,,0.43,-17.15,3.79,26838.528916,14052.65,3703.72,142.24,3.99,2410.1,1405.27,1004.83,1293.62,
2023-06-09,0.52,0.54,0.52,0.54,352068623.0,2.75,0.52,0.5,0.5,True,28.66,25.28,11.63,,,,,,,,,SMALL HH confirmed @ 0.55,0.43,-19.37,3.53,27611.112685,14854.78,4207.93,397.6,10.43,2877.08,1485.48,1391.6,1330.86,,0.43,-19.37,3.53,26838.528916,14439.13,4090.19,386.47,10.43,2796.57,1443.91,1352.66,1293.62,
2023-06-10,0.54,0.54,0.47,0.51,609302319.0,-5.82,0.51,0.5,0.5,True,26.89,20.8,22.44,,,,,,,,,,0.43,-14.39,4.18,27611.112685,13990.55,3343.71,-864.23,-20.54,2012.85,1399.06,613.8,1330.86,,0.43,-14.39,4.18,26838.528916,13599.08,3250.15,-840.05,-20.54,1956.53,1359.91,596.62,1293.62,
2023-06-11,0.51,0.53,0.5,0.52,221202480.0,2.78,0.52,0.51,0.5,True,25.24,19.33,20.85,,,,,,,,,,0.43,-16.71,3.85,27611.112685,14379.87,3733.02,389.32,11.64,2402.17,1437.99,964.18,1330.86,,0.43,-16.71,3.85,26838.528916,13977.51,3628.57,378.42,11.64,2334.95,1397.75,937.2,1293.62,
2023-06-12,0.52,0.53,0.51,0.53,356547544.0,0.83,0.52,0.51,0.5,True,23.71,18.31,19.76,,,,,,,,,,0.43,-17.39,3.76,27611.112685,14498.6,3851.75,118.73,3.18,2520.89,1449.86,1071.04,1330.86,,0.43,-17.39,3.76,26838.528916,14092.91,3743.97,115.41,3.18,2450.36,1409.29,1041.07,1293.62,
2023-06-13,0.53,0.57,0.51,0.52,771631184.0,-1.12,0.52,0.51,0.5,True,23.41,24.95,16.8,,,,,,,,,,0.43,-16.45,3.89,27611.112685,14335.69,3688.84,-162.91,-4.23,2357.99,1433.57,924.42,1330.86,,0.43,-16.45,3.89,26838.528916,13934.56,3585.63,-158.35,-4.23,2292.01,1393.46,898.55,1293.62,
2023-06-14,0.52,0.52,0.46,0.48,544396397.0,-7.53,0.51,0.51,0.5,True,22.23,21.52,24.73,,,,,,,,,,0.43,-9.64,5.08,27611.112685,13256.1,2609.25,-1079.59,-29.27,1278.39,1325.61,-47.22,1330.86,,0.43,-9.64,5.08,26838.528916,12885.18,2536.24,-1049.39,-29.27,1242.62,1288.52,-45.89,1293.62,
2023-06-15,0.48,0.49,0.47,0.48,337742736.0,0.0,0.51,0.5,0.5,True,21.14,20.53,23.59,,,,,,,,,,0.43,-9.64,5.08,27611.112685,13256.1,2609.25,0.0,0.0,1278.39,1325.61,-47.22,1330.86,,0.43,-9.64,5.08,26838.528916,12885.18,2536.24,0.0,0.0,1242.62,1288.52,-45.89,1293.62,
2023-06-16,0.48,0.48,0.46,0.48,376661662.0,-0.87,0.5,0.5,0.5,True,20.5,19.18,24.54,,,,,,0.46,HL,,,0.43,-8.85,5.27,27611.112685,13140.13,2493.28,-115.97,-4.44,1162.43,1314.01,-151.59,1330.86,,0.43,-8.85,5.27,26838.528916,12772.46,2423.52,-112.72,-4.44,1129.9,1277.25,-147.34,1293.62,
2023-06-17,0.48,0.49,0.47,0.48,189579671.0,0.74,0.5,0.5,0.5,True,19.75,19.24,23.49,,,,,,,,,,0.43,-9.51,5.11,27611.112685,13236.77,2589.92,96.64,3.88,1259.07,1323.68,-64.61,1330.86,,0.43,-9.51,5.11,26838.528916,12866.39,2517.45,93.93,3.88,1223.84,1286.64,-62.8,1293.62,
2023-06-18,0.48,0.5,0.47,0.49,225020544.0,1.54,0.5,0.5,0.5,True,18.55,20.84,22.1,,,,,,,,,,0.43,-10.89,4.81,27611.112685,13441.09,2794.24,204.32,7.89,1463.39,1344.11,119.28,1330.86,,0.43,-10.89,4.81,26838.528916,13065.0,2716.06,198.61,7.89,1422.44,1306.5,115.94,1293.62,
2023-06-19,0.49,0.5,0.48,0.49,322187608.0,1.4,0.5,0.5,0.5,True,17.38,20.19,21.08,,,,,,,,,,0.43,-12.12,4.57,27611.112685,13628.85,2982.0,187.76,6.72,1651.14,1362.88,288.26,1330.86,,0.43,-12.12,4.57,26838.528916,13247.5,2898.56,182.5,6.72,1604.94,1324.75,280.19,1293.62,
2023-06-20,0.49,0.5,0.47,0.49,378325906.0,-0.14,0.5,0.5,0.5,True,16.71,18.88,22.16,,,,,,,,,,0.43,-11.99,4.59,27611.112685,13609.52,2962.67,-19.33,-0.65,1631.82,1360.95,270.87,1330.86,,0.43,-11.99,4.59,26838.528916,13228.71,2879.77,-18.79,-0.65,1586.16,1322.87,263.29,1293.62,
2023-06-21,0.49,0.5,0.49,0.5,408749828.0,1.42,0.5,0.5,0.5,True,15.75,19.96,21.32,,,,,,,,,SMALL HL confirmed @ 0.46,0.43,-13.22,4.37,27611.112685,13802.8,3155.95,193.28,6.52,1825.09,1380.28,444.82,1330.86,,0.43,-13.22,4.37,26838.528916,13416.58,3067.64,187.87,6.52,1774.03,1341.66,432.37,1293.62,
2023-06-22,0.5,0.53,0.48,0.49,442729597.0,-1.22,0.5,0.5,0.5,True,15.44,23.72,18.88,,,,,0.53,,LH,,,0.43,-12.15,4.56,27611.112685,13634.37,2987.52,-168.43,-5.34,1656.67,1363.44,293.23,1330.86,,0.43,-12.15,4.56,26838.528916,13252.87,2903.93,-163.72,-5.34,1610.31,1325.29,285.03,1293.62,
2023-06-23,0.49,0.5,0.48,0.5,345391930.0,0.47,0.5,0.5,0.5,True,15.15,22.59,17.98,,,,,,,,,,0.43,-12.56,4.49,27611.112685,13697.87,3051.03,63.51,2.13,1720.17,1369.79,350.39,1330.86,,0.43,-12.56,4.49,26838.528916,13314.59,2965.66,61.73,2.13,1672.04,1331.46,340.58,1293.62,
2023-06-24,0.5,0.5,0.48,0.49,193097516.0,-1.94,0.49,0.5,0.49,False,14.56,21.5,18.71,,,,,,,,,,0.43,-10.83,4.82,27611.112685,13432.81,2785.96,-265.07,-8.69,1455.11,1343.28,111.83,1330.86,,0.43,-10.83,4.82,26838.528916,13056.94,2708.01,-257.65,-8.69,1414.39,1305.69,108.7,1293.62,
2023-06-25,0.49,0.5,0.48,0.49,191583170.0,0.78,0.49,0.5,0.49,False,14.09,21.06,17.95,,,,,,,,,,0.43,-11.52,4.68,27611.112685,13537.73,2890.88,104.92,3.77,1560.03,1353.77,206.26,1330.86,,0.43,-11.52,4.68,26838.528916,13158.93,2809.99,101.99,3.77,1516.38,1315.89,200.48,1293.62,
2023-06-26,0.49,0.49,0.47,0.48,305338027.0,-2.3,0.49,0.49,0.49,False,13.2,19.78,20.43,,,,,,,,,,0.43,-9.44,5.13,27611.112685,13225.72,2578.88,-312.01,-10.79,1248.02,1322.57,-74.55,1330.86,,0.43,-9.44,5.13,26838.528916,12855.66,2506.72,-303.28,-10.79,1213.1,1285.57,-72.46,1293.62,
2023-06-27,0.48,0.49,0.48,0.48,291583944.0,1.0,0.49,0.49,0.49,False,12.37,19.24,19.88,,,,,,,,,BIG HL confirmed @ 0.41 | SMALL LH confirmed @ 0.53,0.43,-10.33,4.93,27611.112685,13358.26,2711.41,132.53,5.14,1380.56,1335.83,44.73,1330.86,,0.43,-10.33,4.93,26838.528916,12984.48,2635.54,128.82,5.14,1341.93,1298.45,43.48,1293.62,
2023-06-28,0.48,0.48,0.45,0.46,325837765.0,-3.95,0.49,0.49,0.49,False,12.84,17.33,25.45,,,,,,0.45,LL,,,0.43,-6.65,5.87,27611.112685,12830.88,2184.04,-527.37,-19.45,853.18,1283.09,-429.91,1330.86,,0.43,-6.65,5.87,26838.528916,12471.86,2122.93,-512.62,-19.45,829.31,1247.19,-417.88,1293.62,
2023-06-29,0.46,0.48,0.46,0.47,211214558.0,2.15,0.48,0.49,0.49,False,13.28,16.51,24.25,,,,,,,,,,0.43,-8.62,5.33,27611.112685,13107.0,2460.15,276.11,12.64,1129.29,1310.7,-181.41,1330.86,,0.43,-8.62,5.33,26838.528916,12740.25,2391.31,268.39,12.64,1097.7,1274.02,-176.33,1293.62,
2023-06-30,0.47,0.48,0.45,0.47,393612239.0,-0.38,0.48,0.49,0.49,False,14.16,14.97,25.23,,,,,,,,,,0.43,-8.27,5.42,27611.112685,13057.3,2410.45,-49.7,-2.02,1079.59,1305.73,-226.14,1330.86,,0.43,-8.27,5.42,26838.528916,12691.94,2343.0,-48.31,-2.02,1049.39,1269.19,-219.81,1293.62,
2023-07-01,0.47,0.48,0.46,0.47,232549409.0,0.06,0.48,0.49,0.49,False,14.97,14.44,24.33,,,,,,,,,,0.43,-8.33,5.4,27611.112685,13065.58,2418.73,8.28,0.34,1087.88,1306.56,-218.68,1330.86,,0.43,-8.33,5.4,26838.528916,12699.99,2351.06,8.05,0.34,1057.44,1270.0,-212.56,1293.62,
2023-07-02,0.47,0.5,0.47,0.48,337155089.0,2.39,0.48,0.49,0.49,False,14.45,19.22,22.45,,,,,0.5,,LH,,,0.43,-10.46,4.9,27611.112685,13377.58,2730.74,312.01,12.9,1399.88,1337.76,62.13,1330.86,,0.43,-10.46,4.9,26838.528916,13003.27,2654.33,303.28,12.9,1360.71,1300.33,60.39,1293.62,
2023-07-03,0.48,0.49,0.48,0.49,357020349.0,0.93,0.48,0.49,0.49,False,13.97,18.46,21.56,,,,,,,,,SMALL LL confirmed @ 0.45,0.43,-11.29,4.73,27611.112685,13501.83,2854.99,124.25,4.55,1524.13,1350.18,173.95,1330.86,,0.43,-11.29,4.73,26838.528916,13124.04,2775.1,120.77,4.55,1481.49,1312.4,169.08,1293.62,
2023-07-04,0.49,0.49,0.48,0.49,299439491.0,-0.37,0.48,0.49,0.49,False,13.4,18.43,20.75,,,,,,,,,,0.43,-10.96,4.8,27611.112685,13452.13,2805.29,-49.7,-1.74,1474.43,1345.21,129.22,1330.86,,0.43,-10.96,4.8,26838.528916,13075.73,2726.79,-48.31,-1.74,1433.18,1307.57,125.6,1293.62,
2023-07-05,0.49,0.49,0.47,0.48,292620010.0,-1.95,0.48,0.49,0.49,False,13.5,17.14,23.08,,,,,,,,,,0.43,-9.19,5.19,27611.112685,13189.83,2542.98,-262.31,-9.35,1212.13,1318.98,-106.86,1330.86,,0.43,-9.19,5.19,26838.528916,12820.77,2471.83,-254.97,-9.35,1178.21,1282.08,-103.87,1293.62,
2023-07-06,0.48,0.48,0.46,0.46,304125111.0,-3.24,0.48,0.48,0.48,False,13.99,15.89,24.05,,,,,,,,,,0.43,-6.14,6.03,27611.112685,12761.86,2115.01,-427.97,-16.83,784.16,1276.19,-492.03,1330.86,,0.43,-6.14,6.03,26838.528916,12404.77,2055.83,-416.0,-16.83,762.21,1240.48,-478.26,1293.62,
2023-07-07,0.46,0.47,0.46,0.47,230688947.0,1.41,0.48,0.48,0.48,False,14.62,15.21,24.21,,,,,,0.46,HL,,SMALL LH confirmed @ 0.50,0.43,-7.45,5.64,27611.112685,12941.33,2294.48,179.47,8.49,963.63,1294.13,-330.51,1330.86,,0.43,-7.45,5.64,26838.528916,12579.22,2230.28,174.45,8.49,936.66,1257.92,-321.26,1293.62,
2023-07-08,0.47,0.47,0.46,0.47,116031881.0,0.36,0.48,0.48,0.48,False,14.91,16.05,23.4,,,,,,,,,,0.43,-7.78,5.55,27611.112685,12988.27,2341.42,46.94,2.05,1010.57,1298.83,-288.26,1330.86,,0.43,-7.78,5.55,26838.528916,12624.84,2275.91,45.63,2.05,982.29,1262.48,-280.19,1293.62,
2023-07-09,0.47,0.47,0.47,0.47,80147955.0,-0.51,0.48,0.48,0.48,False,15.18,15.75,22.96,,,,,,,,,,0.43,-7.31,5.68,27611.112685,12922.0,2275.16,-66.27,-2.83,944.3,1292.2,-347.9,1330.86,,0.43,-7.31,5.68,26838.528916,12560.43,2211.49,-64.41,-2.83,917.88,1256.04,-338.17,1293.62,
2023-07-10,0.47,0.48,0.46,0.48,334545737.0,2.14,0.48,0.48,0.48,False,14.78,17.72,21.49,,,,,,,,,,0.43,-9.25,5.17,27611.112685,13198.11,2551.27,276.11,12.14,1220.41,1319.81,-99.4,1330.86,,0.43,-9.25,5.17,26838.528916,12828.82,2479.88,268.39,12.14,1186.26,1282.88,-96.62,1293.62,
2023-07-11,0.48,0.48,0.47,0.48,225681776.0,-0.56,0.48,0.48,0.48,False,14.41,17.22,20.88,,,,,,,,,,0.43,-8.73,5.3,27611.112685,13123.56,2476.72,-74.55,-2.92,1145.86,1312.36,-166.5,1330.86,,0.43,-8.73,5.3,26838.528916,12756.35,2407.42,-72.46,-2.92,1113.8,1275.64,-161.84,1293.62,
2023-07-12,0.48,0.48,0.46,0.47,220670755.0,-0.9,0.47,0.48,0.48,False,14.46,16.4,22.24,,,,,,,,,SMALL HL confirmed @ 0.46,0.43,-7.9,5.52,27611.112685,13004.83,2357.99,-118.73,-4.79,1027.13,1300.48,-273.35,1330.86,,0.43,-7.9,5.52,26838.528916,12640.95,2292.01,-115.41,-4.79,998.39,1264.09,-265.7,1293.62,
2023-07-13,0.47,0.94,0.47,0.82,2499971165.0,73.1,0.53,0.51,0.5,True,19.19,70.54,7.55,0.94,,HH,BULL_BOS,0.94,,HH,BULL_BOS,BIG BULL BOS @ 0.82 (level 0.58) | SMALL BULL BOS @ 0.82 (level 0.50),0.43,-46.79,1.9,27611.112685,22511.34,11864.5,9506.51,403.16,10533.64,2251.13,8282.51,1330.86,,0.43,-46.79,1.9,26838.528916,21881.45,11532.52,9240.51,403.16,10238.9,2188.15,8050.75,1293.62,
2023-07-14,0.82,0.83,0.67,0.72,1525175518.0,-11.95,0.56,0.53,0.52,True,23.58,56.98,6.1,,,,,,0.67,HL,,,0.43,-39.57,2.16,27611.112685,19822.02,9175.17,-2689.32,-22.67,7844.32,1982.2,5862.12,1330.86,,0.43,-39.57,2.16,26838.528916,19267.38,8918.44,-2614.07,-22.67,7624.83,1926.74,5698.09,1293.62,
2023-07-15,0.72,0.74,0.69,0.71,703355719.0,-0.47,0.58,0.55,0.53,True,27.66,53.83,5.76,,,,,,,,,,0.43,-39.29,2.17,27611.112685,19728.14,9081.29,-93.88,-1.02,7750.44,1972.81,5777.63,1330.86,,0.43,-39.29,2.17,26838.528916,19176.13,8827.19,-91.25,-1.02,7533.58,1917.61,5615.96,1293.62,
2023-07-16,0.71,0.79,0.7,0.75,946644269.0,4.52,0.61,0.57,0.55,True,31.59,54.61,5.15,,,,,,,,,,0.43,-41.91,2.07,27611.112685,20619.98,9973.13,891.84,9.82,8642.28,2062.0,6580.28,1330.86,,0.43,-41.91,2.07,26838.528916,20043.01,9694.08,866.88,9.82,8400.46,2004.3,6396.16,1293.62,
2023-07-17,0.75,0.77,0.71,0.74,608872143.0,-1.26,0.63,0.58,0.56,True,35.25,51.04,4.81,,,,,,,,,,0.43,-41.17,2.1,27611.112685,20360.43,9713.59,-259.54,-2.6,8382.73,2036.04,6346.69,1330.86,,0.43,-41.17,2.1,26838.528916,19790.73,9441.79,-252.28,-2.6,8148.18,1979.07,6169.1,1293.62,
2023-07-18,0.74,0.78,0.73,0.78,598030609.0,5.49,0.65,0.6,0.58,True,38.69,49.94,4.49,,,,,,,,,SMALL HH confirmed @ 0.94,0.43,-44.23,1.98,27611.112685,21478.68,10831.84,1118.25,11.51,9500.98,2147.87,7353.12,1330.86,,0.43,-44.23,1.98,26838.528916,20877.69,10528.75,1086.96,11.51,9235.14,2087.77,7147.37,1293.62,
2023-07-19,0.78,0.85,0.77,0.82,913495953.0,5.4,0.68,0.62,0.6,True,42.06,53.07,4.04,,,,,0.85,,LH,,SMALL HL confirmed @ 0.67,0.43,-47.09,1.89,27611.112685,22638.35,11991.51,1159.67,10.71,10660.65,2263.84,8396.82,1330.86,,0.43,-47.09,1.89,26838.528916,22004.91,11655.97,1127.22,10.71,10362.36,2200.49,8161.87,1293.62,
2023-07-20,0.82,0.85,0.77,0.79,643507521.0,-3.13,0.69,0.64,0.61,True,45.19,48.3,3.68,,,,,,,,,,0.43,-45.38,1.94,27611.112685,21928.75,11281.9,-709.61,-5.92,9951.05,2192.87,7758.17,1330.86,,0.43,-45.38,1.94,26838.528916,21315.16,10966.22,-689.75,-5.92,9672.61,2131.52,7541.09,1293.62,
2023-07-21,0.79,0.8,0.76,0.77,411233974.0,-2.88,0.71,0.65,0.62,True,47.76,46.09,4.8,,,,,,,,,,0.43,-43.76,2.0,27611.112685,21296.45,10649.61,-632.29,-5.6,9318.75,2129.65,7189.11,1330.86,,0.43,-43.76,2.0,26838.528916,20700.56,10351.62,-614.6,-5.6,9058.0,2070.06,6987.95,1293.62,
2023-07-22,0.77,0.78,0.72,0.73,324984749.0,-4.95,0.71,0.66,0.63,True,49.0,42.89,9.05,,,,,,,,,,0.43,-40.83,2.11,27611.112685,20241.71,9594.86,-1054.74,-9.9,8264.01,2024.17,6239.84,1330.86,,0.43,-40.83,2.11,26838.528916,19675.33,9326.39,-1025.23,-9.9,8032.77,1967.53,6065.24,1293.62,
2023-07-23,0.73,0.75,0.71,0.74,293811431.0,0.72,0.71,0.67,0.64,True,49.97,40.93,9.44,,,,,,,,,,0.43,-41.25,2.09,27611.112685,20388.05,9741.2,146.34,1.53,8410.34,2038.8,6371.54,1330.86,,0.43,-41.25,2.09,26838.528916,19817.57,9468.63,142.24,1.53,8175.02,1981.76,6193.26,1293.62,
2023-07-24,0.74,0.74,0.68,0.7,513611905.0,-4.92,0.71,0.67,0.64,True,49.91,37.83,12.87,,,,,,,,,SMALL LH confirmed @ 0.85,0.43,-38.21,2.22,27611.112685,19385.76,8738.92,-1002.28,-10.29,7408.06,1938.58,5469.49,1330.86,,0.43,-38.21,2.22,26838.528916,18843.33,8494.39,-974.24,-10.29,7200.78,1884.33,5316.44,1293.62,
2023-07-25,0.7,0.72,0.67,0.71,393523223.0,0.97,0.71,0.67,0.65,True,49.69,35.86,13.01,,,,,,0.67,HL,,,0.43,-38.81,2.19,27611.112685,19573.52,8926.67,187.76,2.15,7595.82,1957.35,5638.47,1330.86,,0.43,-38.81,2.19,26838.528916,19025.83,8676.9,182.5,2.15,7383.28,1902.58,5480.7,1293.62,
2023-07-26,0.71,0.73,0.69,0.72,369415295.0,1.02,0.71,0.68,0.65,True,49.63,36.01,12.37,,,,,,,,,,0.43,-39.42,2.17,27611.112685,19772.32,9125.47,198.8,2.23,7794.62,1977.23,5817.39,1330.86,,0.43,-39.42,2.17,26838.528916,19219.07,8870.13,193.24,2.23,7576.52,1921.91,5654.61,1293.62,
2023-07-27,0.72,0.73,0.71,0.71,312450860.0,-0.31,0.71,0.68,0.66,True,49.59,34.94,11.93,,,,,,,,,,0.43,-39.24,2.17,27611.112685,19711.57,9064.73,-60.74,-0.67,7733.87,1971.16,5762.72,1330.86,,0.43,-39.24,2.17,26838.528916,19160.03,8811.09,-59.04,-0.67,7517.47,1916.0,5601.47,1293.62,
2023-07-28,0.71,0.72,0.7,0.71,200990844.0,-0.27,0.71,0.68,0.66,True,49.42,34.12,12.21,,,,,,,,,,0.43,-39.07,2.18,27611.112685,19659.11,9012.27,-52.46,-0.58,7681.41,1965.91,5715.5,1330.86,,0.43,-39.07,2.18,26838.528916,19109.03,8760.1,-50.99,-0.58,7466.48,1910.9,5555.58,1293.62,
2023-07-29,0.71,0.72,0.7,0.71,105603908.0,0.01,0.71,0.69,0.67,True,49.27,33.54,12.0,,,,,,,,,,0.43,-39.08,2.18,27611.112685,19661.87,9015.03,2.76,0.03,7684.17,1966.19,5717.99,1330.86,,0.43,-39.08,2.18,26838.528916,19111.72,8762.78,2.68,0.03,7469.16,1911.17,5557.99,1293.62,
2023-07-30,0.71,0.74,0.68,0.7,267572438.0,-1.05,0.71,0.69,0.67,True,48.4,30.93,14.22,,,,,0.74,,LH,,SMALL HL confirmed @ 0.67,0.43,-38.43,2.21,27611.112685,19454.79,8807.94,-207.08,-2.3,7477.09,1945.48,5531.61,1330.86,,0.43,-38.43,2.21,26838.528916,18910.43,8561.49,-201.29,-2.3,7267.87,1891.04,5376.83,1293.62,
2023-07-31,0.7,0.72,0.68,0.7,378390957.0,-0.99,0.71,0.69,0.67,True,47.58,29.29,13.47,,,,,,,,,,0.43,-37.82,2.24,27611.112685,19261.51,8614.67,-193.28,-2.19,7283.81,1926.15,5357.66,1330.86,,0.43,-37.82,2.24,26838.528916,18722.56,8373.62,-187.87,-2.19,7080.0,1872.26,5207.75,1293.62,
2023-08-01,0.7,0.71,0.67,0.71,366664318.0,1.33,0.71,0.69,0.67,True,46.41,27.74,14.54,,,,,,,,,,0.43,-38.63,2.2,27611.112685,19518.3,8871.45,256.78,2.98,7540.59,1951.83,5588.77,1330.86,,0.43,-38.63,2.2,26838.528916,18972.16,8623.22,249.6,2.98,7329.6,1897.22,5432.39,1293.62,
2023-08-02,0.71,0.71,0.68,0.68,257325957.0,-3.1,0.71,0.69,0.67,True,45.33,26.36,13.82,,,,,,,,,,0.43,-36.67,2.29,27611.112685,18913.61,8266.77,-604.68,-6.82,6935.91,1891.36,5044.55,1330.86,,0.43,-36.67,2.29,26838.528916,18384.39,8035.46,-587.76,-6.82,6741.84,1838.44,4903.4,1293.62,
2023-08-03,0.68,0.69,0.65,0.66,353547025.0,-3.21,0.7,0.69,0.67,True,43.53,24.97,16.57,,,,,,,,BEAR_CHOCH,SMALL BEAR CHOCH @ 0.66 (level 0.67),,,,,,7659.32,-607.44,-7.35,0.0,0.0,,7659.32,"EXIT @ 0.66 (small red CHoCH, realized +4997.61)",,,,,,7445.01,-590.45,-7.35,0.0,0.0,,7445.01,"EXIT @ 0.66 (small red CHoCH, realized +4857.77)"
2023-08-04,0.66,0.67,0.62,0.64,350885648.0,-4.13,0.69,0.68,0.67,True,40.95,23.28,20.1,,,,,,,,,SMALL LH confirmed @ 0.74,,,,,,7659.32,0.0,0.0,0.0,0.0,,7659.32,,,,,,,7445.01,0.0,0.0,0.0,0.0,,7445.01,
2023-08-05,0.64,0.64,0.61,0.63,290912373.0,-1.07,0.68,0.68,0.67,True,38.13,22.31,21.64,,,,,,,,,,,,,,,7659.32,0.0,0.0,0.0,0.0,,7659.32,,,,,,,7445.01,0.0,0.0,0.0,0.0,,7445.01,
2023-08-06,0.63,0.64,0.62,0.62,201522971.0,-0.76,0.67,0.67,0.66,True,35.6,22.16,20.99,,,,,,,,,,,,,,,7659.32,0.0,0.0,0.0,0.0,,7659.32,,,,,,,7445.01,0.0,0.0,0.0,0.0,,7445.01,
2023-08-07,0.62,0.63,0.6,0.62,446625792.0,-0.06,0.66,0.67,0.66,True,33.57,20.88,24.08,,,,,,0.6,LL,,,,,,,,7659.32,0.0,0.0,0.0,0.0,,7659.32,,,,,,,7445.01,0.0,0.0,0.0,0.0,,7445.01,
2023-08-08,0.62,0.65,0.61,0.64,377837388.0,2.92,0.66,0.67,0.66,True,31.2,22.85,22.63,,,,,,,,,,,,,,,7659.32,0.0,0.0,0.0,0.0,,7659.32,,,,,,,7445.01,0.0,0.0,0.0,0.0,,7445.01,
2023-08-09,0.64,0.67,0.63,0.64,440268396.0,0.23,0.66,0.66,0.66,False,29.51,24.64,21.23,,,,,0.67,,LH,,,,,,,,7659.32,0.0,0.0,0.0,0.0,,7659.32,,,,,,,7445.01,0.0,0.0,0.0,0.0,,7445.01,
2023-08-10,0.64,0.64,0.62,0.63,294658012.0,-1.59,0.65,0.66,0.66,False,27.7,23.71,21.78,,,,,,,,,,,,,,,7659.32,0.0,0.0,0.0,0.0,,7659.32,,,,,,,7445.01,0.0,0.0,0.0,0.0,,7445.01,
2023-08-11,0.63,0.64,0.63,0.63,225898829.0,-0.21,0.65,0.66,0.66,False,26.03,23.0,21.12,,,,,,,,,,,,,,,7659.32,0.0,0.0,0.0,0.0,,7659.32,,,,,,,7445.01,0.0,0.0,0.0,0.0,,7445.01,
2023-08-12,0.63,0.63,0.62,0.63,87289374.0,-0.66,0.65,0.65,0.65,False,24.36,22.48,21.32,,,,,,,,,SMALL LL confirmed @ 0.60,,,,,,7659.32,0.0,0.0,0.0,0.0,,7659.32,,,,,,,7445.01,0.0,0.0,0.0,0.0,,7445.01,
2023-08-13,0.63,0.64,0.62,0.63,137308778.0,-0.32,0.64,0.65,0.65,False,22.98,22.83,20.64,,,,,,,,,,,,,,,7659.32,0.0,0.0,0.0,0.0,,7659.32,,,,,,,7445.01,0.0,0.0,0.0,0.0,,7445.01,
2023-08-14,0.63,0.64,0.62,0.63,260175236.0,1.39,0.64,0.65,0.65,False,21.7,22.18,20.05,,,,,,,,,SMALL LH confirmed @ 0.67,,,,,,7659.32,0.0,0.0,0.0,0.0,,7659.32,,,,,,,7445.01,0.0,0.0,0.0,0.0,,7445.01,
2023-08-15,0.63,0.63,0.58,0.61,388356202.0,-3.77,0.64,0.65,0.65,False,21.28,19.62,27.04,,,,,,,,,,,,,,,7659.32,0.0,0.0,0.0,0.0,,7659.32,,,,,,,7445.01,0.0,0.0,0.0,0.0,,7445.01,
2023-08-16,0.61,0.62,0.57,0.59,581618879.0,-3.52,0.63,0.64,0.64,False,21.12,17.8,26.18,,,,,,,,BEAR_BOS,SMALL BEAR BOS @ 0.59 (level 0.60),,,,,,7659.32,0.0,0.0,0.0,0.0,,7659.32,,,,,,,7445.01,0.0,0.0,0.0,0.0,,7445.01,
2023-08-17,0.59,0.59,0.42,0.51,847602528.0,-14.01,0.61,0.63,0.63,False,23.46,12.88,42.93,,,,,,,,,,,,,,,7659.32,0.0,0.0,0.0,0.0,,7659.32,,,,,,,7445.01,0.0,0.0,0.0,0.0,,7445.01,
2023-08-18,0.51,0.52,0.48,0.51,724839898.0,-0.04,0.59,0.62,0.62,False,25.63,12.04,40.14,,,,,,0.48,LL,,,,,,,,7659.32,0.0,0.0,0.0,0.0,,7659.32,,,,,,,7445.01,0.0,0.0,0.0,0.0,,7445.01,
2023-08-19,0.51,0.52,0.5,0.52,298930279.0,2.71,0.58,0.61,0.62,False,27.58,11.87,38.51,,,,,,,,,,,,,,,7659.32,0.0,0.0,0.0,0.0,,7659.32,,,,,,,7445.01,0.0,0.0,0.0,0.0,,7445.01,
2023-08-20,0.52,0.56,0.52,0.54,452910011.0,3.56,0.58,0.6,0.61,False,28.22,16.6,35.8,,,,,0.56,,LH,,,,,,,,7659.32,0.0,0.0,0.0,0.0,,7659.32,,,,,,,7445.01,0.0,0.0,0.0,0.0,,7445.01,
2023-08-21,0.54,0.54,0.5,0.52,528716245.0,-2.58,0.57,0.59,0.6,False,29.02,15.57,35.77,,,,,,,,,,,,,,,7659.32,0.0,0.0,0.0,0.0,,7659.32,,,,,,,7445.01,0.0,0.0,0.0,0.0,,7445.01,
2023-08-22,0.52,0.53,0.5,0.52,422200069.0,-0.67,0.56,0.59,0.6,False,29.76,14.96,34.37,,,,,,0.5,HL,,,,,,,,7659.32,0.0,0.0,0.0,0.0,,7659.32,,,,,,,7445.01,0.0,0.0,0.0,0.0,,7445.01,
2023-08-23,0.52,0.54,0.52,0.53,286855957.0,1.75,0.56,0.58,0.59,False,30.03,16.42,33.05,,,,,0.54,,LH,,SMALL LL confirmed @ 0.48,,,,,,7659.32,0.0,0.0,0.0,0.0,,7659.32,,,,,,,7445.01,0.0,0.0,0.0,0.0,,7445.01,
2023-08-24,0.53,0.53,0.51,0.52,252154333.0,-2.15,0.55,0.58,0.59,False,30.37,15.78,32.63,,,,,,,,,,,,,,,7659.32,0.0,0.0,0.0,0.0,,7659.32,,,,,,,7445.01,0.0,0.0,0.0,0.0,,7445.01,
2023-08-25,0.52,0.53,0.51,0.53,326124248.0,1.37,0.55,0.57,0.58,False,30.75,15.05,31.75,,,,,,0.51,HL,,SMALL LH confirmed @ 0.56,,,,,,7659.32,0.0,0.0,0.0,0.0,,7659.32,,,,,,,7445.01,0.0,0.0,0.0,0.0,,7445.01,
2023-08-26,0.53,0.53,0.52,0.52,110436094.0,-0.51,0.54,0.57,0.58,False,31.11,14.72,31.07,,,,,,,,,,,,,,,7659.32,0.0,0.0,0.0,0.0,,7659.32,,,,,,,7445.01,0.0,0.0,0.0,0.0,,7445.01,
2023-08-27,0.52,0.53,0.52,0.52,132391247.0,0.1,0.54,0.56,0.57,False,31.34,14.71,30.15,,,,,,,,,SMALL HL confirmed @ 0.50,,,,,,7659.32,0.0,0.0,0.0,0.0,,7659.32,,,,,,,7445.01,0.0,0.0,0.0,0.0,,7445.01,
2023-08-28,0.52,0.52,0.51,0.52,266211960.0,-0.08,0.54,0.56,0.57,False,31.7,14.23,30.51,,,,,,,,,SMALL LH confirmed @ 0.54,,,,,,7659.32,0.0,0.0,0.0,0.0,,7659.32,,,,,,,7445.01,0.0,0.0,0.0,0.0,,7445.01,
2023-08-29,0.52,0.55,0.51,0.54,458921685.0,3.17,0.54,0.56,0.57,False,30.91,18.48,28.08,,,,,0.55,,HH,BULL_CHOCH,SMALL BULL CHOCH @ 0.54 (level 0.54),0.27,-50.0,1.0,14189.186104,7659.32,7659.32,0.0,0.0,3829.66,3829.66,0.0,3829.66,"ENTRY @ 0.54 (small green CHoCH, margin $3829.66 [50% of bank] @ 2x [ADX 30.9, zone red], 14189.186104 units)",0.27,-50.0,1.0,13792.159914,7445.01,7445.01,0.0,0.0,3722.5,3722.5,0.0,3722.5,"ENTRY @ 0.54 (small green CHoCH, margin $3722.50 [50% of bank] @ 2x [ADX 30.9, zone red], 13792.159914 units)"
2023-08-30,0.54,0.54,0.52,0.53,279526116.0,-2.11,0.54,0.55,0.57,False,30.18,17.69,26.89,,,,,,,,,SMALL HL confirmed @ 0.51,0.27,-48.92,1.0,14189.186104,7497.57,7497.57,-161.76,-2.11,3667.9,3748.78,-80.88,3829.66,,0.27,-48.92,1.0,13792.159914,7287.78,7287.78,-157.23,-2.11,3565.27,3643.89,-78.62,3722.5,
2023-08-31,0.53,0.53,0.5,0.51,359350681.0,-3.29,0.53,0.55,0.56,False,30.21,16.35,30.82,,,,,,,,,,0.27,-47.18,1.0,14189.186104,7250.67,7250.67,-246.89,-3.29,3421.01,3625.34,-204.32,3829.66,,0.27,-47.18,1.0,13792.159914,7047.79,7047.79,-239.98,-3.29,3325.29,3523.9,-198.61,3722.5,
2023-09-01,0.51,0.51,0.49,0.5,390869888.0,-2.54,0.53,0.54,0.56,False,30.46,15.4,30.98,,,,,,0.49,LL,BEAR_CHOCH,BIG HH confirmed @ 0.94 | SMALL BEAR CHOCH @ 0.50 (level 0.51),,,,,,7066.21,-184.46,-2.54,0.0,0.0,,7066.21,"EXIT @ 0.50 (small red CHoCH, realized -593.11)",,,,,,6868.5,-179.3,-2.54,0.0,0.0,,6868.5,"EXIT @ 0.50 (small red CHoCH, realized -576.51)"
2023-09-02,0.5,0.5,0.49,0.5,173634913.0,0.16,0.52,0.54,0.55,False,30.68,15.08,30.34,,,,,,,,,,,,,,,7066.21,0.0,0.0,0.0,0.0,,7066.21,,,,,,,6868.5,0.0,0.0,0.0,0.0,,6868.5,
2023-09-03,0.5,0.51,0.5,0.5,148603214.0,1.18,0.52,0.54,0.55,False,30.48,16.52,29.31,,,,,,,,,SMALL HH confirmed @ 0.55,,,,,,7066.21,0.0,0.0,0.0,0.0,,7066.21,,,,,,,6868.5,0.0,0.0,0.0,0.0,,6868.5,
2023-09-04,0.5,0.51,0.5,0.51,293271541.0,0.79,0.52,0.53,0.55,False,30.18,16.41,28.07,,,,,0.51,,LH,,,,,,,,7066.21,0.0,0.0,0.0,0.0,,7066.21,,,,,,,6868.5,0.0,0.0,0.0,0.0,,6868.5,
2023-09-05,0.51,0.51,0.5,0.51,260333041.0,-0.61,0.52,0.53,0.54,False,29.9,15.98,27.33,,,,,,,,,,,,,,,7066.21,0.0,0.0,0.0,0.0,,7066.21,,,,,,,6868.5,0.0,0.0,0.0,0.0,,6868.5,
2023-09-06,0.51,0.51,0.49,0.5,255134232.0,-0.45,0.51,0.53,0.54,False,29.9,15.31,28.45,,,,,,,,,SMALL LL confirmed @ 0.49,,,,,,7066.21,0.0,0.0,0.0,0.0,,7066.21,,,,,,,6868.5,0.0,0.0,0.0,0.0,,6868.5,
2023-09-07,0.5,0.51,0.5,0.5,209969723.0,0.34,0.51,0.53,0.54,False,29.84,15.17,27.59,,,,,,,,,,,,,,,7066.21,0.0,0.0,0.0,0.0,,7066.21,,,,,,,6868.5,0.0,0.0,0.0,0.0,,6868.5,
2023-09-08,0.51,0.51,0.49,0.5,223628172.0,0.0,0.51,0.52,0.53,False,29.87,14.55,27.19,,,,,,,,,,,,,,,7066.21,0.0,0.0,0.0,0.0,,7066.21,,,,,,,6868.5,0.0,0.0,0.0,0.0,,6868.5,
2023-09-09,0.5,0.5,0.5,0.5,69132813.0,-0.24,0.51,0.52,0.53,False,29.9,14.39,26.89,,,,,,,,,SMALL LH confirmed @ 0.51,,,,,,7066.21,0.0,0.0,0.0,0.0,,7066.21,,,,,,,6868.5,0.0,0.0,0.0,0.0,,6868.5,
2023-09-10,0.5,0.5,0.49,0.5,144849888.0,-1.37,0.51,0.52,0.53,False,30.29,13.84,28.9,,,,,,,,,,,,,,,7066.21,0.0,0.0,0.0,0.0,,7066.21,,,,,,,6868.5,0.0,0.0,0.0,0.0,,6868.5,
2023-09-11,0.5,0.5,0.46,0.47,484437445.0,-4.53,0.5,0.52,0.53,False,31.65,12.14,35.79,,0.46,HL,,,0.46,LL,BEAR_BOS,SMALL BEAR BOS @ 0.47 (level 0.49),,,,,,7066.21,0.0,0.0,0.0,0.0,,7066.21,,,,,,,6868.5,0.0,0.0,0.0,0.0,,6868.5,
2023-09-12,0.47,0.49,0.47,0.48,356403388.0,1.26,0.5,0.51,0.52,False,32.91,11.49,33.88,,,,,,,,,,,,,,,7066.21,0.0,0.0,0.0,0.0,,7066.21,,,,,,,6868.5,0.0,0.0,0.0,0.0,,6868.5,
2023-09-13,0.48,0.49,0.47,0.48,274586793.0,0.58,0.5,0.51,0.52,False,33.85,11.81,31.96,,,,,,,,,,,,,,,7066.21,0.0,0.0,0.0,0.0,,7066.21,,,,,,,6868.5,0.0,0.0,0.0,0.0,,6868.5,
2023-09-14,0.48,0.49,0.48,0.49,232539752.0,1.24,0.5,0.51,0.52,False,34.36,12.72,30.45,,,,,,,,,,,,,,,7066.21,0.0,0.0,0.0,0.0,,7066.21,,,,,,,6868.5,0.0,0.0,0.0,0.0,,6868.5,
2023-09-15,0.49,0.51,0.49,0.5,305608308.0,2.31,0.5,0.51,0.52,False,33.76,16.65,28.3,,,,,,,,,,,,,,,7066.21,0.0,0.0,0.0,0.0,,7066.21,,,,,,,6868.5,0.0,0.0,0.0,0.0,,6868.5,
2023-09-16,0.5,0.5,0.5,0.5,132881408.0,-0.14,0.5,0.51,0.51,False,33.2,16.26,27.64,,,,,,,,,SMALL LL confirmed @ 0.46,,,,,,7066.21,0.0,0.0,0.0,0.0,,7066.21,,,,,,,6868.5,0.0,0.0,0.0,0.0,,6868.5,
2023-09-17,0.5,0.5,0.49,0.49,142846615.0,-1.46,0.5,0.51,0.51,False,33.0,15.61,29.22,,,,,,,,,,,,,,,7066.21,0.0,0.0,0.0,0.0,,7066.21,,,,,,,6868.5,0.0,0.0,0.0,0.0,,6868.5,
2023-09-18,0.49,0.51,0.49,0.5,298374742.0,2.13,0.5,0.5,0.51,False,32.25,17.05,26.97,,,,,,,,,,,,,,,7066.21,0.0,0.0,0.0,0.0,,7066.21,,,,,,,6868.5,0.0,0.0,0.0,0.0,,6868.5,
2023-09-19,0.5,0.52,0.5,0.51,295258283.0,2.19,0.5,0.51,0.51,False,30.92,19.3,25.39,,,,,,,,BULL_CHOCH,SMALL BULL CHOCH @ 0.51 (level 0.51),0.26,-50.0,1.0,13747.499377,7066.21,7066.21,0.0,0.0,3533.11,3533.11,0.0,3533.11,"ENTRY @ 0.51 (small green CHoCH, margin $3533.11 [50% of bank] @ 2x [ADX 30.9, zone red], 13747.499377 units)",0.26,-50.0,1.0,13362.831979,6868.5,6868.5,0.0,0.0,3434.25,3434.25,0.0,3434.25,"ENTRY @ 0.51 (small green CHoCH, margin $3434.25 [50% of bank] @ 2x [ADX 30.9, zone red], 13362.831979 units)"
2023-09-20,0.51,0.53,0.51,0.52,288497937.0,1.4,0.5,0.51,0.51,False,29.1,21.18,23.63,,,,,0.53,,HH,,,0.26,-50.69,1.0,13747.499377,7165.2,7165.2,98.98,1.4,3632.09,3582.6,49.49,3533.11,,0.26,-50.69,1.0,13362.831979,6964.71,6964.71,96.21,1.4,3530.46,3482.35,48.11,3434.25,
2023-09-21,0.52,0.52,0.5,0.51,277323578.0,-2.71,0.5,0.51,0.51,False,27.77,19.54,24.13,,,,,,,,,,0.26,-49.32,1.0,13747.499377,6971.36,6971.36,-193.84,-2.71,3438.25,3485.68,-47.43,3533.11,,0.26,-49.32,1.0,13362.831979,6776.29,6776.29,-188.42,-2.71,3342.04,3388.15,-46.1,3434.25,
2023-09-22,0.51,0.52,0.5,0.51,233893377.0,1.01,0.51,0.51,0.51,False,26.54,18.57,22.92,,,,,,,,,,0.26,-49.82,1.0,13747.499377,7041.47,7041.47,70.11,1.01,3508.36,3520.73,-12.37,3533.11,,0.26,-49.82,1.0,13362.831979,6844.44,6844.44,68.15,1.01,3410.19,3422.22,-12.03,3434.25,
2023-09-23,0.51,0.51,0.51,0.51,101716334.0,-0.9,0.51,0.51,0.51,False,25.39,17.97,22.19,,,,,,,,,,0.26,-49.37,1.0,13747.499377,6978.23,6978.23,-63.24,-0.9,3445.12,3489.12,-43.99,3533.11,,0.26,-49.37,1.0,13362.831979,6782.97,6782.97,-61.47,-0.9,3348.73,3391.49,-42.76,3434.25,
2023-09-24,0.51,0.51,0.5,0.5,112889323.0,-1.08,0.5,0.51,0.51,False,24.77,17.02,23.82,,,,,,,,,,0.26,-48.81,1.0,13747.499377,6902.62,6902.62,-75.61,-1.08,3369.51,3451.31,-81.8,3533.11,,0.26,-48.81,1.0,13362.831979,6709.48,6709.48,-73.5,-1.08,3275.23,3354.74,-79.51,3434.25,
2023-09-25,0.5,0.51,0.49,0.51,303674393.0,0.7,0.51,0.51,0.51,False,24.61,15.93,25.17,,,,,,0.49,HL,,SMALL HH confirmed @ 0.53,0.26,-49.17,1.0,13747.499377,6950.74,6950.74,48.12,0.7,3417.63,3475.37,-57.74,3533.11,,0.26,-49.17,1.0,13362.831979,6756.25,6756.25,46.77,0.7,3322.0,3378.12,-56.12,3434.25,
2023-09-26,0.51,0.51,0.5,0.5,271054261.0,-0.73,0.5,0.51,0.51,False,24.43,15.3,23.99,,,,,,,,,,0.26,-48.79,1.0,13747.499377,6899.87,6899.87,-50.87,-0.73,3366.76,3449.93,-83.17,3533.11,,0.26,-48.79,1.0,13362.831979,6706.81,6706.81,-49.44,-0.73,3272.56,3353.4,-80.85,3434.25,
2023-09-27,0.5,0.51,0.5,0.5,237514582.0,-0.52,0.5,0.51,0.51,False,24.26,14.64,22.94,,,,,,,,,,0.26,-48.53,1.0,13747.499377,6864.13,6864.13,-35.74,-0.52,3331.02,3432.06,-101.04,3533.11,,0.26,-48.53,1.0,13362.831979,6672.06,6672.06,-34.74,-0.52,3237.81,3336.03,-98.22,3434.25,
2023-09-28,0.5,0.51,0.5,0.51,247906960.0,2.1,0.5,0.51,0.51,False,23.79,15.02,21.48,,,,,,,,,,0.26,-49.59,1.0,13747.499377,7008.48,7008.48,144.35,2.1,3475.37,3504.24,-28.87,3533.11,,0.26,-49.59,1.0,13362.831979,6812.37,6812.37,140.31,2.1,3378.12,3406.19,-28.06,3434.25,
2023-09-29,0.51,0.55,0.51,0.52,604996777.0,2.3,0.51,0.51,0.51,False,23.6,27.52,17.93,,,,,0.55,,HH,,,0.26,-50.72,1.0,13747.499377,7169.32,7169.32,160.85,2.3,3636.21,3584.66,51.55,3533.11,,0.26,-50.72,1.0,13362.831979,6968.72,6968.72,156.35,2.3,3534.47,3484.36,50.11,3434.25,
2023-09-30,0.52,0.52,0.51,0.51,144866051.0,-1.27,0.51,0.51,0.51,False,23.42,26.6,17.33,,,,,,,,,SMALL HL confirmed @ 0.49,0.26,-50.09,1.0,13747.499377,7078.59,7078.59,-90.73,-1.27,3545.48,3539.29,6.19,3533.11,,0.26,-50.09,1.0,13362.831979,6880.52,6880.52,-88.19,-1.27,3446.27,3440.26,6.01,3434.25,
2023-10-01,0.51,0.53,0.51,0.52,167673504.0,1.79,0.51,0.51,0.51,False,23.48,26.97,16.46,,,,,,,,,,0.26,-50.96,1.0,13747.499377,7205.06,7205.06,126.48,1.79,3671.96,3602.53,69.42,3533.11,,0.26,-50.96,1.0,13362.831979,7003.46,7003.46,122.94,1.79,3569.21,3501.73,67.48,3434.25,
2023-10-02,0.52,0.53,0.51,0.51,319018957.0,-2.25,0.51,0.51,0.51,False,23.01,24.89,17.7,,,,,,,,,,0.26,-49.83,1.0,13747.499377,7042.84,7042.84,-162.22,-2.25,3509.74,3521.42,-11.69,3533.11,,0.26,-49.83,1.0,13362.831979,6845.78,6845.78,-157.68,-2.25,3411.53,3422.89,-11.36,3434.25,
2023-10-03,0.51,0.55,0.51,0.54,398167814.0,5.21,0.52,0.51,0.51,True,23.63,28.84,14.94,,,,,,,,BULL_BOS,SMALL BULL BOS @ 0.54 (level 0.53),0.26,-52.32,1.0,13747.499377,7409.9,7409.9,367.06,5.21,3876.79,3704.95,171.84,3533.11,,0.26,-52.32,1.0,13362.831979,7202.57,7202.57,356.79,5.21,3768.32,3601.28,167.04,3434.25,
2023-10-04,0.54,0.54,0.52,0.53,422012491.0,-1.19,0.52,0.51,0.52,True,24.21,26.41,13.68,,,,,,,,,SMALL HH confirmed @ 0.55,0.26,-51.75,1.0,13747.499377,7321.92,7321.92,-87.98,-1.19,3788.81,3660.96,127.85,3533.11,,0.26,-51.75,1.0,13362.831979,7117.04,7117.04,-85.52,-1.19,3682.8,3558.52,124.27,3434.25,
2023-10-05,0.53,0.53,0.52,0.52,234313709.0,-1.86,0.52,0.52,0.52,True,24.41,24.76,14.25,,,,,,,,,,0.26,-50.83,1.0,13747.499377,7185.82,7185.82,-136.1,-1.86,3652.71,3592.91,59.8,3533.11,,0.26,-50.83,1.0,13362.831979,6984.75,6984.75,-132.29,-1.86,3550.5,3492.38,58.13,3434.25,
2023-10-06,0.52,0.53,0.52,0.53,219784262.0,0.54,0.52,0.52,0.52,True,24.59,23.56,13.56,,,,,,,,,,0.26,-51.09,1.0,13747.499377,7224.31,7224.31,38.49,0.54,3691.2,3612.16,79.05,3533.11,,0.26,-51.09,1.0,13362.831979,7022.17,7022.17,37.42,0.54,3587.92,3511.08,76.84,3434.25,
2023-10-07,0.53,0.53,0.52,0.52,63137112.0,-0.74,0.52,0.52,0.52,True,24.75,23.0,13.24,,,,,,,,,,0.26,-50.73,1.0,13747.499377,7170.7,7170.7,-53.62,-0.74,3637.59,3585.35,52.24,3533.11,,0.26,-50.73,1.0,13362.831979,6970.05,6970.05,-52.12,-0.74,3535.81,3485.03,50.78,3434.25,
2023-10-08,0.52,0.52,0.52,0.52,82864720.0,-0.81,0.52,0.52,0.52,True,24.47,22.23,14.6,,,,,,,,,,0.26,-50.33,1.0,13747.499377,7112.96,7112.96,-57.74,-0.81,3579.85,3556.48,23.37,3533.11,,0.26,-50.33,1.0,13362.831979,6913.93,6913.93,-56.12,-0.81,3479.68,3456.96,22.72,3434.25,
2023-10-09,0.52,0.52,0.49,0.5,322604658.0,-2.84,0.52,0.52,0.52,True,23.4,19.43,23.5,,,,,,,,,,0.26,-48.88,1.0,13747.499377,6910.87,6910.87,-202.09,-2.84,3377.76,3455.43,-77.67,3533.11,,0.26,-48.88,1.0,13362.831979,6717.5,6717.5,-196.43,-2.84,3283.25,3358.75,-75.5,3434.25,
2023-10-10,0.5,0.5,0.49,0.5,228001743.0,-1.23,0.51,0.51,0.51,False,22.4,18.58,22.48,,,,,,,,,,0.26,-48.24,1.0,13747.499377,6825.63,6825.63,-85.23,-1.23,3292.53,3412.82,-120.29,3533.11,,0.26,-48.24,1.0,13362.831979,6634.65,6634.65,-82.85,-1.23,3200.4,3317.32,-116.92,3434.25,
2023-10-11,0.5,0.5,0.48,0.49,241504648.0,-1.55,0.51,0.51,0.51,False,22.25,17.19,25.91,,,,,,,,BEAR_CHOCH,SMALL BEAR CHOCH @ 0.49 (level 0.49),,,,,,6719.78,-105.86,-1.55,0.0,0.0,,6719.78,"EXIT @ 0.49 (small red CHoCH, realized -346.44)",,,,,,6531.75,-102.89,-1.55,0.0,0.0,,6531.75,"EXIT @ 0.49 (small red CHoCH, realized -336.74)"
2023-10-12,0.49,0.49,0.47,0.48,259545095.0,-1.19,0.51,0.51,0.51,False,22.42,16.09,26.61,,,,,,0.47,LL,,,,,,,,6719.78,0.0,0.0,0.0,0.0,,6719.78,,,,,,,6531.75,0.0,0.0,0.0,0.0,,6531.75,
2023-10-13,0.48,0.49,0.48,0.49,257150898.0,0.43,0.5,0.51,0.51,False,22.42,16.03,25.29,,,,,,,,,,,,,,,6719.78,0.0,0.0,0.0,0.0,,6719.78,,,,,,,6531.75,0.0,0.0,0.0,0.0,,6531.75,
2023-10-14,0.49,0.49,0.48,0.49,93826664.0,0.29,0.5,0.5,0.51,False,22.42,15.7,24.77,,,,,,,,,,,,,,,6719.78,0.0,0.0,0.0,0.0,,6719.78,,,,,,,6531.75,0.0,0.0,0.0,0.0,,6531.75,
2023-10-15,0.49,0.49,0.48,0.49,101648635.0,0.18,0.5,0.5,0.51,False,22.23,16.19,24.18,,,,,,,,,,,,,,,6719.78,0.0,0.0,0.0,0.0,,6719.78,,,,,,,6531.75,0.0,0.0,0.0,0.0,,6531.75,
2023-10-16,0.49,0.51,0.48,0.5,405705160.0,2.13,0.5,0.5,0.5,False,20.94,23.35,21.47,,,,,,,,,,,,,,,6719.78,0.0,0.0,0.0,0.0,,6719.78,,,,,,,6531.75,0.0,0.0,0.0,0.0,,6531.75,
2023-10-17,0.5,0.5,0.48,0.49,268586946.0,-1.33,0.5,0.5,0.5,False,19.71,21.96,20.41,,,,,,,,,SMALL LL confirmed @ 0.47,,,,,,6719.78,0.0,0.0,0.0,0.0,,6719.78,,,,,,,6531.75,0.0,0.0,0.0,0.0,,6531.75,
2023-10-18,0.49,0.49,0.49,0.49,202731261.0,-0.69,0.5,0.5,0.5,False,18.56,21.27,19.77,,,,,,,,,,,,,,,6719.78,0.0,0.0,0.0,0.0,,6719.78,,,,,,,6531.75,0.0,0.0,0.0,0.0,,6531.75,
2023-10-19,0.49,0.52,0.48,0.52,445455672.0,6.54,0.5,0.5,0.5,False,19.41,30.05,16.01,,,,,,,,,,,,,,,6719.78,0.0,0.0,0.0,0.0,,6719.78,,,,,,,6531.75,0.0,0.0,0.0,0.0,,6531.75,
2023-10-20,0.52,0.53,0.51,0.51,412008957.0,-0.92,0.5,0.5,0.5,False,20.48,29.91,14.6,,,,,,,,,,,,,,,6719.78,0.0,0.0,0.0,0.0,,6719.78,,,,,,,6531.75,0.0,0.0,0.0,0.0,,6531.75,
2023-10-21,0.52,0.53,0.51,0.52,179110644.0,1.15,0.5,0.5,0.51,False,21.55,28.03,13.37,,,,,,,,,,,,,,,6719.78,0.0,0.0,0.0,0.0,,6719.78,,,,,,,6531.75,0.0,0.0,0.0,0.0,,6531.75,
2023-10-22,0.52,0.52,0.51,0.52,165306102.0,0.35,0.51,0.51,0.51,True,22.54,26.65,12.72,,,,,,,,,,,,,,,6719.78,0.0,0.0,0.0,0.0,,6719.78,,,,,,,6531.75,0.0,0.0,0.0,0.0,,6531.75,
2023-10-23,0.52,0.55,0.52,0.55,522483834.0,4.76,0.51,0.51,0.51,True,24.57,34.27,11.12,,,,,,,,,,,,,,,6719.78,0.0,0.0,0.0,0.0,,6719.78,,,,,,,6531.75,0.0,0.0,0.0,0.0,,6531.75,
2023-10-24,0.55,0.59,0.53,0.56,798801237.0,2.06,0.52,0.52,0.51,True,27.25,39.32,9.2,,,,,0.59,,HH,BULL_CHOCH,SMALL BULL CHOCH @ 0.56 (level 0.55),0.45,-20.0,2.5,30063.429203,16799.44,6719.78,0.0,0.0,3359.89,3359.89,0.0,3359.89,"ENTRY @ 0.56 (small green CHoCH, margin $3359.89 [50% of bank] @ 5x [ADX 27.2, zone green], 30063.429203 units)",0.45,-20.0,2.5,29222.227412,16329.38,6531.75,0.0,0.0,3265.88,3265.88,0.0,3265.88,"ENTRY @ 0.56 (small green CHoCH, margin $3265.88 [50% of bank] @ 5x [ADX 27.2, zone green], 29222.227412 units)"
2023-10-25,0.56,0.56,0.54,0.56,369106629.0,-0.64,0.53,0.52,0.52,True,29.74,36.26,8.48,,,,,,,,,,0.45,-19.48,2.52,30063.429203,16691.22,6611.55,-108.23,-1.61,3251.66,3338.24,-86.58,3359.89,,0.45,-19.48,2.52,29222.227412,16224.18,6426.55,-105.2,-1.61,3160.68,3244.84,-84.16,3265.88,
2023-10-26,0.56,0.57,0.54,0.55,397423009.0,-0.34,0.53,0.52,0.52,True,32.16,34.92,7.74,,,,,,,,,,0.45,-19.2,2.54,30063.429203,16634.1,6554.43,-57.12,-0.86,3194.54,3326.82,-132.28,3359.89,,0.45,-19.2,2.54,29222.227412,16168.66,6371.03,-55.52,-0.86,3105.15,3233.73,-128.58,3265.88,
2023-10-27,0.55,0.56,0.53,0.54,312543838.0,-1.86,0.53,0.52,0.52,True,33.52,31.98,10.32,,,,,,0.53,HL,,,0.45,-17.67,2.61,30063.429203,16324.44,6244.78,-309.65,-4.72,2884.89,3264.89,-380.0,3359.89,,0.45,-17.67,2.61,29222.227412,15867.67,6070.04,-300.99,-4.72,2804.16,3173.53,-369.37,3265.88,
2023-10-28,0.54,0.55,0.54,0.54,110912293.0,0.29,0.53,0.53,0.52,True,34.78,30.9,9.98,,,,,,,,,,0.45,-17.91,2.6,30063.429203,16372.54,6292.88,48.1,0.77,2932.99,3274.51,-341.52,3359.89,,0.45,-17.91,2.6,29222.227412,15914.43,6116.8,46.76,0.77,2850.92,3182.89,-331.96,3265.88,
2023-10-29,0.54,0.56,0.54,0.56,160069611.0,2.11,0.54,0.53,0.53,True,36.26,32.35,9.28,,,,,,,,,SMALL HH confirmed @ 0.59,0.45,-19.61,2.52,30063.429203,16718.27,6638.61,345.73,5.49,3278.72,3343.65,-64.94,3359.89,,0.45,-19.61,2.52,29222.227412,16250.48,6452.85,336.06,5.49,3186.98,3250.1,-63.12,3265.88,
2023-10-30,0.56,0.58,0.55,0.58,436757242.0,3.94,0.54,0.53,0.53,True,38.15,36.06,8.25,,,,,,,,,,0.45,-22.66,2.38,30063.429203,17376.66,7297.0,658.39,9.92,3937.11,3475.33,461.77,3359.89,,0.45,-22.66,2.38,29222.227412,16890.45,7092.82,639.97,9.92,3826.94,3378.09,448.85,3265.88,
2023-10-31,0.58,0.62,0.56,0.6,621793128.0,3.74,0.55,0.54,0.53,True,40.5,40.6,6.86,,,,,,,,BULL_BOS,BIG HL confirmed @ 0.46 | SMALL BULL BOS @ 0.60 (level 0.59),0.45,-25.44,2.27,30063.429203,18026.03,7946.37,649.37,8.9,4586.48,3605.21,981.27,3359.89,,0.45,-25.44,2.27,29222.227412,17521.65,7724.02,631.2,8.9,4458.14,3504.33,953.81,3265.88,
2023-11-01,0.6,0.62,0.58,0.61,468312081.0,1.48,0.56,0.55,0.54,True,42.69,36.52,6.17,,,,,,,,,SMALL HL confirmed @ 0.53,0.45,-26.53,2.23,30063.429203,18293.6,8213.93,267.56,3.37,4854.04,3658.72,1195.32,3359.89,,0.45,-26.53,2.23,29222.227412,17781.73,7984.1,260.08,3.37,4718.22,3556.35,1161.88,3265.88,
2023-11-02,0.61,0.63,0.59,0.61,438254076.0,-0.51,0.57,0.55,0.54,True,44.85,35.27,5.52,,,,,,,,,,0.45,-26.16,2.24,30063.429203,18200.4,8120.73,-93.2,-1.13,4760.84,3640.08,1120.76,3359.89,,0.45,-26.16,2.24,29222.227412,17691.14,7893.51,-90.59,-1.13,4627.63,3538.23,1089.4,3265.88,
2023-11-03,0.61,0.62,0.59,0.61,329096876.0,1.11,0.57,0.56,0.55,True,46.86,33.03,5.17,,,,,,,,,,0.45,-26.97,2.21,30063.429203,18401.83,8322.16,201.42,2.48,4962.27,3680.37,1281.9,3359.89,,0.45,-26.97,2.21,29222.227412,17886.93,8089.3,195.79,2.48,4823.42,3577.39,1246.04,3265.88,
2023-11-04,0.61,0.62,0.61,0.61,142897570.0,0.46,0.58,0.56,0.55,True,48.76,32.99,5.03,,,,,,,,,,0.45,-27.3,2.2,30063.429203,18486.0,8406.34,84.18,1.01,5046.45,3697.2,1349.25,3359.89,,0.45,-27.3,2.2,29222.227412,17968.75,8171.12,81.82,1.01,4905.24,3593.75,1311.49,3265.88,
2023-11-05,0.61,0.66,0.61,0.66,418017252.0,7.45,0.59,0.57,0.56,True,51.03,40.55,4.37,,,,,,,,,,0.45,-32.34,2.03,30063.429203,19862.91,9783.24,1376.91,16.38,6423.35,3972.58,2450.77,3359.89,,0.45,-32.34,2.03,29222.227412,19307.13,9509.5,1338.38,16.38,6243.62,3861.43,2382.2,3265.88,
2023-11-06,0.66,0.73,0.66,0.71,703629362.0,8.19,0.61,0.59,0.57,True,53.56,49.81,3.61,,,,,0.73,,HH,,,0.45,-37.46,1.88,30063.429203,21489.34,11409.67,1626.43,16.62,8049.78,4297.87,3751.92,3359.89,,0.45,-37.46,1.88,29222.227412,20888.05,11090.42,1580.92,16.62,7824.54,4177.61,3646.93,3265.88,
2023-11-07,0.71,0.72,0.65,0.68,618276758.0,-4.17,0.62,0.6,0.58,True,55.41,42.73,4.92,,,,,,,,,,0.45,-34.74,1.96,30063.429203,20593.45,10513.78,-895.89,-7.85,7153.89,4118.69,3035.2,3359.89,,0.45,-34.74,1.96,29222.227412,20017.23,10219.6,-870.82,-7.85,6953.72,4003.45,2950.28,3265.88,
2023-11-08,0.69,0.7,0.67,0.69,344396095.0,0.28,0.63,0.6,0.59,True,57.12,40.23,4.63,,,,,,,,,,0.45,-34.92,1.95,30063.429203,20650.57,10570.9,57.12,0.54,7211.01,4130.11,3080.9,3359.89,,0.45,-34.92,1.95,29222.227412,20072.75,10275.12,55.52,0.54,7009.24,4014.55,2994.69,3265.88,
2023-11-09,0.69,0.71,0.63,0.67,777778139.0,-2.97,0.64,0.61,0.6,True,56.35,34.03,12.44,,,,,,,,,,0.45,-32.93,2.01,30063.429203,20037.28,9957.61,-613.29,-5.8,6597.72,4007.46,2590.27,3359.89,,0.45,-32.93,2.01,29222.227412,19476.61,9678.99,-596.13,-5.8,6413.11,3895.32,2517.79,3265.88,
2023-11-10,0.67,0.67,0.64,0.66,464857348.0,-1.05,0.64,0.61,0.6,True,55.65,31.63,11.56,,,,,,,,,,0.45,-32.22,2.03,30063.429203,19826.83,9747.17,-210.44,-2.11,6387.28,3965.37,2421.91,3359.89,,0.45,-32.22,2.03,29222.227412,19272.06,9474.43,-204.56,-2.11,6208.55,3854.41,2354.14,3265.88,
2023-11-11,0.66,0.69,0.64,0.66,380232188.0,0.47,0.64,0.62,0.6,True,55.32,32.23,10.44,,,,,,,,,SMALL HH confirmed @ 0.73,0.45,-32.53,2.02,30063.429203,19920.03,9840.36,93.2,0.96,6480.47,3984.01,2496.47,3359.89,,0.45,-32.53,2.02,29222.227412,19362.65,9565.02,90.59,0.96,6299.14,3872.53,2426.61,3265.88,
2023-11-12,0.66,0.67,0.65,0.66,216031217.0,-0.2,0.65,0.62,0.61,True,55.02,30.62,9.91,,,,,,,,,,0.45,-32.4,2.03,30063.429203,19880.95,9801.28,-39.08,-0.4,6441.39,3976.19,2465.2,3359.89,,0.45,-32.4,2.03,29222.227412,19324.66,9527.03,-37.99,-0.4,6261.15,3864.93,2396.22,3265.88,
2023-11-13,0.66,0.75,0.64,0.67,749884441.0,1.35,0.65,0.63,0.61,True,55.77,38.49,8.01,0.75,,LH,,,,,,,0.45,-33.3,2.0,30063.429203,20148.51,10068.84,267.56,2.73,6708.95,4029.7,2679.25,3359.89,,0.45,-33.3,2.0,29222.227412,19584.74,9787.11,260.08,2.73,6521.23,3916.95,2604.28,3265.88,
2023-11-14,0.67,0.67,0.6,0.63,597417769.0,-6.06,0.65,0.63,0.61,True,54.72,33.72,14.07,,,,,,,,,,0.45,-29.0,2.14,30063.429203,18927.94,8848.27,-1220.58,-12.12,5488.38,3785.59,1702.79,3359.89,,0.45,-29.0,2.14,29222.227412,18398.31,8600.69,-1186.42,-12.12,5334.81,3679.66,1655.15,3265.88,
2023-11-15,0.63,0.65,0.63,0.65,339283800.0,2.94,0.65,0.63,0.62,True,53.75,32.28,13.47,,,,,,,,,,0.45,-31.02,2.07,30063.429203,19484.11,9404.44,556.17,6.29,6044.55,3896.82,2147.73,3359.89,,0.45,-31.02,2.07,29222.227412,18938.93,9141.3,540.61,6.29,5875.42,3787.79,2087.64,3265.88,
2023-11-16,0.65,0.65,0.6,0.61,440591531.0,-5.59,0.64,0.63,0.62,True,52.05,29.6,15.99,,,,,,,,,,0.45,-26.94,2.21,30063.429203,18395.81,8316.15,-1088.3,-11.57,4956.26,3679.16,1277.09,3359.89,,0.45,-26.94,2.21,29222.227412,17881.08,8083.45,-1057.84,-11.57,4817.58,3576.22,1241.36,3265.88,
2023-11-17,0.61,0.62,0.59,0.61,368525340.0,0.23,0.64,0.63,0.62,True,49.87,27.69,17.88,,,,,,,,,,0.45,-27.11,2.21,30063.429203,18437.9,8358.23,42.09,0.51,4998.35,3687.58,1310.77,3359.89,,0.45,-27.11,2.21,29222.227412,17921.99,8124.36,40.91,0.51,4858.49,3584.4,1274.09,3265.88,
2023-11-18,0.61,0.61,0.59,0.61,192040293.0,-0.44,0.63,0.63,0.62,True,47.84,26.47,17.09,,,,,,,,,,0.45,-26.79,2.22,30063.429203,18356.73,8277.06,-81.17,-0.97,4917.17,3671.35,1245.83,3359.89,,0.45,-26.79,2.22,29222.227412,17843.09,8045.46,-78.9,-0.97,4779.59,3568.62,1210.97,3265.88,
2023-11-19,0.61,0.63,0.6,0.63,240044861.0,2.49,0.63,0.63,0.62,True,46.28,27.7,16.26,,,,,,,,,,0.45,-28.57,2.15,30063.429203,18813.69,8734.03,456.96,5.52,5374.14,3762.74,1611.4,3359.89,,0.45,-28.57,2.15,29222.227412,18287.27,8489.64,444.18,5.52,5223.77,3657.45,1566.31,3265.88,
2023-11-20,0.63,0.63,0.61,0.61,298231745.0,-2.17,0.63,0.62,0.62,True,44.84,26.58,15.6,,,,,,,,,,0.45,-26.98,2.21,30063.429203,18404.83,8325.16,-408.86,-4.68,4965.28,3680.97,1284.31,3359.89,,0.45,-26.98,2.21,29222.227412,17889.85,8092.22,-397.42,-4.68,4826.34,3577.97,1248.37,3265.88,
2023-11-21,0.61,0.62,0.57,0.58,468850910.0,-5.46,0.62,0.62,0.61,True,42.27,24.4,20.41,,,,,,0.57,HL,,,0.45,-22.76,2.38,30063.429203,17400.71,7321.05,-1004.12,-12.06,3961.16,3480.14,481.01,3359.89,,0.45,-22.76,2.38,29222.227412,16913.83,7116.2,-976.02,-12.06,3850.32,3382.77,467.56,3265.88,
2023-11-22,0.58,0.62,0.58,0.61,346216216.0,5.55,0.62,0.62,0.61,True,39.89,22.68,18.97,,,,,,,,,,0.45,-26.82,2.22,30063.429203,18365.75,8286.08,965.04,13.18,4926.19,3673.15,1253.04,3359.89,,0.45,-26.82,2.22,29222.227412,17851.86,8054.23,938.03,13.18,4788.35,3570.37,1217.98,3265.88,
2023-11-23,0.61,0.62,0.61,0.62,305693192.0,1.64,0.62,0.62,0.61,True,37.9,23.35,18.33,,,,,,,,,,0.45,-28.0,2.17,30063.429203,18666.38,8586.72,300.63,3.63,5226.83,3733.28,1493.55,3359.89,,0.45,-28.0,2.17,29222.227412,18144.08,8346.45,292.22,3.63,5080.58,3628.82,1451.76,3265.88,
2023-11-24,0.62,0.63,0.62,0.62,303149239.0,0.05,0.62,0.62,0.61,True,36.11,23.27,17.96,,,,,,,,,,0.45,-28.04,2.17,30063.429203,18675.4,8595.74,9.02,0.11,5235.85,3735.08,1500.77,3359.89,,0.45,-28.04,2.17,29222.227412,18152.85,8355.22,8.77,0.11,5089.34,3630.57,1458.77,3265.88,
2023-11-25,0.62,0.62,0.62,0.62,121921267.0,0.26,0.62,0.62,0.62,True,34.45,22.87,17.65,,,,,,,,,,0.45,-28.22,2.17,30063.429203,18723.5,8643.84,48.1,0.56,5283.95,3744.7,1539.25,3359.89,,0.45,-28.22,2.17,29222.227412,18199.6,8401.97,46.76,0.56,5136.1,3639.92,1496.18,3265.88,
2023-11-26,0.62,0.64,0.61,0.62,266307412.0,-1.14,0.62,0.62,0.62,True,33.36,24.27,16.49,,,,,0.64,,LH,,SMALL HL confirmed @ 0.57,0.45,-27.39,2.2,30063.429203,18510.05,8430.39,-213.45,-2.47,5070.5,3702.01,1368.49,3359.89,,0.45,-27.39,2.2,29222.227412,17992.13,8194.5,-207.48,-2.47,4928.62,3598.43,1330.2,3265.88,
2023-11-27,0.62,0.62,0.59,0.6,309411406.0,-1.92,0.62,0.62,0.61,True,31.77,23.05,18.41,,,,,,0.59,HL,,,0.45,-25.97,2.25,30063.429203,18155.3,8075.64,-354.75,-4.21,4715.75,3631.06,1084.69,3359.89,,0.45,-25.97,2.25,29222.227412,17647.3,7849.67,-344.82,-4.21,4583.8,3529.46,1054.34,3265.88,
2023-11-28,0.6,0.61,0.6,0.61,286127938.0,1.13,0.62,0.62,0.61,True,30.3,22.11,17.66,,,,,,,,,,0.45,-26.8,2.22,30063.429203,18359.74,8280.07,204.43,2.53,4920.18,3671.95,1248.23,3359.89,,0.45,-26.8,2.22,29222.227412,17846.01,8048.39,198.71,2.53,4782.51,3569.2,1213.31,3265.88,
2023-11-29,0.61,0.62,0.6,0.61,235341461.0,-0.26,0.62,0.62,0.61,True,29.05,22.17,17.13,,,,,,,,,,0.45,-26.61,2.22,30063.429203,18311.63,8231.97,-48.1,-0.58,4872.08,3662.33,1209.75,3359.89,,0.45,-26.61,2.22,29222.227412,17799.26,8001.63,-46.76,-0.58,4735.75,3559.85,1175.9,3265.88,
2023-11-30,0.61,0.61,0.6,0.61,232714430.0,-0.46,0.61,0.62,0.61,True,27.61,21.53,18.05,,,,,,,,,,0.45,-26.27,2.24,30063.429203,18227.46,8147.79,-84.18,-1.02,4787.9,3645.49,1142.41,3359.89,,0.45,-26.27,2.24,29222.227412,17717.44,7919.81,-81.82,-1.02,4653.93,3543.49,1110.44,3265.88,
2023-12-01,0.61,0.61,0.6,0.61,248446111.0,1.02,0.61,0.62,0.61,True,26.45,22.04,17.54,,,,,,,,,SMALL LH confirmed @ 0.64,0.45,-27.01,2.21,30063.429203,18413.85,8334.18,186.39,2.29,4974.29,3682.77,1291.52,3359.89,,0.45,-27.01,2.21,29222.227412,17898.61,8100.99,181.18,2.29,4835.11,3579.72,1255.39,3265.88,
2023-12-02,0.61,0.62,0.61,0.62,144130252.0,1.36,0.61,0.62,0.61,True,25.73,23.64,16.98,,,,,,,,,SMALL HL confirmed @ 0.59,0.45,-27.99,2.17,30063.429203,18663.38,8583.71,249.53,2.99,5223.82,3732.68,1491.15,3359.89,,0.45,-27.99,2.17,29222.227412,18141.16,8343.53,242.54,2.99,5077.65,3628.23,1449.42,3265.88,
2023-12-03,0.62,0.63,0.62,0.62,240660124.0,0.34,0.62,0.62,0.61,True,25.5,25.6,16.17,,,,,,,,,,0.45,-28.23,2.17,30063.429203,18726.51,8646.84,63.13,0.74,5286.95,3745.3,1541.65,3359.89,,0.45,-28.23,2.17,29222.227412,18202.53,8404.9,61.37,0.74,5139.02,3640.51,1498.52,3265.88,
2023-12-04,0.62,0.64,0.58,0.62,492198799.0,0.26,0.62,0.62,0.62,True,23.8,21.65,22.35,,,,,,,,,,0.45,-28.42,2.16,30063.429203,18774.61,8694.94,48.1,0.56,5335.06,3754.92,1580.13,3359.89,,0.45,-28.42,2.16,29222.227412,18249.28,8451.65,46.76,0.56,5185.78,3649.86,1535.92,3265.88,
2023-12-05,0.62,0.63,0.61,0.62,369372743.0,-0.56,0.62,0.62,0.62,True,22.21,20.39,21.05,,,,,,,,,,0.45,-28.01,2.17,30063.429203,18669.39,8589.72,-105.22,-1.21,5229.83,3733.88,1495.96,3359.89,,0.45,-28.01,2.17,29222.227412,18147.0,8349.37,-102.28,-1.21,5083.5,3629.4,1454.1,3265.88,
2023-12-06,0.62,0.64,0.61,0.64,498860756.0,3.06,0.62,0.62,0.62,True,21.08,21.94,19.3,,,,,,,,BULL_BOS,SMALL BULL BOS @ 0.64 (level 0.64),0.45,-30.15,2.1,30063.429203,19240.59,9160.93,571.21,6.65,5801.04,3848.12,1952.92,3359.89,,0.45,-30.15,2.1,29222.227412,18702.23,8904.6,555.22,6.65,5638.72,3740.45,1898.28,3265.88,
2023-12-07,0.64,0.65,0.62,0.64,454683854.0,0.5,0.62,0.62,0.62,True,20.47,22.74,17.68,,,,,,,,,,0.45,-30.5,2.09,30063.429203,19336.8,9257.13,96.2,1.05,5897.24,3867.36,2029.88,3359.89,,0.45,-30.5,2.09,29222.227412,18795.74,8998.11,93.51,1.05,5732.23,3759.15,1973.08,3265.88,
2023-12-08,0.64,0.68,0.64,0.67,497144485.0,4.49,0.63,0.63,0.62,True,20.66,25.74,16.05,,,,,,,,,,0.45,-33.49,2.0,30063.429203,20205.63,10125.96,868.83,9.39,6766.08,4041.13,2724.95,3359.89,,0.45,-33.49,2.0,29222.227412,19640.26,9842.63,844.52,9.39,6576.75,3928.05,2648.7,3265.88,
2023-12-09,0.67,0.7,0.65,0.66,522942153.0,-2.04,0.64,0.63,0.63,True,21.56,28.46,14.24,,,,,0.7,,HH,,,0.45,-32.1,2.04,30063.429203,19793.76,9714.1,-411.87,-4.07,6354.21,3958.75,2395.45,3359.89,,0.45,-32.1,2.04,29222.227412,19239.91,9442.29,-400.34,-4.07,6176.41,3847.98,2328.43,3265.88,
2023-12-10,0.66,0.67,0.65,0.66,251001949.0,0.5,0.64,0.63,0.63,True,22.18,26.81,14.4,,,,,,,,,,0.45,-32.44,2.03,30063.429203,19892.97,9813.3,99.21,1.02,6453.42,3978.59,2474.82,3359.89,,0.45,-32.44,2.03,29222.227412,19336.35,9538.72,96.43,1.02,6272.84,3867.27,2405.57,3265.88,
2023-12-11,0.66,0.66,0.6,0.62,601855237.0,-6.5,0.64,0.63,0.63,True,20.68,23.16,22.6,,,,,,,,,,0.45,-27.75,2.18,30063.429203,18600.24,8520.58,-1292.73,-13.17,5160.69,3720.05,1440.64,3359.89,,0.45,-27.75,2.18,29222.227412,18079.79,8282.16,-1256.56,-13.17,5016.29,3615.96,1400.33,3265.88,
2023-12-12,0.62,0.63,0.61,0.62,372907112.0,0.08,0.63,0.63,0.63,True,19.29,22.14,21.61,,,,,,,,,,0.45,-27.8,2.18,30063.429203,18615.28,8535.61,15.03,0.18,5175.72,3723.06,1452.66,3359.89,,0.45,-27.8,2.18,29222.227412,18094.4,8296.77,14.61,0.18,5030.9,3618.88,1412.02,3265.88,
2023-12-13,0.62,0.63,0.59,0.63,383566539.0,1.34,0.63,0.63,0.63,True,18.35,20.1,22.71,,,,,,,,,,0.45,-28.76,2.15,30063.429203,18864.8,8785.14,249.53,2.92,5425.25,3772.96,1652.29,3359.89,,0.45,-28.76,2.15,29222.227412,18336.95,8539.32,242.54,2.92,5273.44,3667.39,1606.05,3265.88,
2023-12-14,0.63,0.64,0.61,0.63,340698850.0,0.65,0.63,0.63,0.63,True,17.35,19.34,21.1,,,,,,,,,SMALL HH confirmed @ 0.70,0.45,-29.22,2.13,30063.429203,18988.06,8908.4,123.26,1.4,5548.51,3797.61,1750.89,3359.89,,0.45,-29.22,2.13,29222.227412,18456.76,8659.13,119.81,1.4,5393.25,3691.35,1701.9,3265.88,
2023-12-15,0.63,0.64,0.61,0.62,356613976.0,-2.53,0.63,0.63,0.63,True,16.16,19.32,19.6,,,,,,,,,,0.45,-27.38,2.2,30063.429203,18507.05,8427.38,-481.01,-5.4,5067.49,3701.41,1366.08,3359.89,,0.45,-27.38,2.2,29222.227412,17989.2,8191.57,-467.56,-5.4,4925.7,3597.84,1327.86,3265.88,
2023-12-16,0.62,0.63,0.61,0.62,160755138.0,0.76,0.63,0.63,0.63,True,15.12,18.63,19.26,,,,,,,,,,0.45,-27.93,2.18,30063.429203,18648.35,8568.68,141.3,1.68,5208.79,3729.67,1479.12,3359.89,,0.45,-27.93,2.18,29222.227412,18126.55,8328.92,137.34,1.68,5063.04,3625.31,1437.73,3265.88,
2023-12-17,0.62,0.62,0.61,0.61,176476817.0,-1.61,0.63,0.63,0.62,True,14.23,17.96,18.94,,,,,,,,,,0.45,-26.75,2.22,30063.429203,18347.71,8268.04,-300.63,-3.51,4908.16,3669.54,1238.61,3359.89,,0.45,-26.75,2.22,29222.227412,17834.33,8036.7,-292.22,-3.51,4770.82,3566.87,1203.96,3265.88,
2023-12-18,0.61,0.61,0.58,0.61,477105096.0,0.36,0.62,0.62,0.62,False,14.61,16.43,24.43,,,,,,0.58,LL,,,0.45,-27.01,2.21,30063.429203,18413.85,8334.18,66.14,0.8,4974.29,3682.77,1291.52,3359.89,,0.45,-27.01,2.21,29222.227412,17898.61,8100.99,64.29,0.8,4835.11,3579.72,1255.39,3265.88,
2023-12-19,0.61,0.62,0.6,0.6,309456484.0,-1.27,0.62,0.62,0.62,False,14.86,16.19,23.29,,,,,,,,,,0.45,-26.07,2.24,30063.429203,18179.36,8099.69,-234.49,-2.81,4739.8,3635.87,1103.93,3359.89,,0.45,-26.07,2.24,29222.227412,17670.68,7873.05,-227.93,-2.81,4607.18,3534.14,1073.04,3265.88,
2023-12-20,0.6,0.63,0.6,0.62,380133323.0,2.05,0.62,0.62,0.62,False,14.58,17.54,21.87,,,,,,,,,,0.45,-27.56,2.19,30063.429203,18552.14,8472.48,372.79,4.6,5112.59,3710.43,1402.16,3359.89,,0.45,-27.56,2.19,29222.227412,18033.04,8235.41,362.36,4.6,4969.53,3606.61,1362.92,3265.88,
2023-12-21,0.62,0.62,0.61,0.62,294263304.0,1.13,0.62,0.62,0.62,False,14.32,16.9,21.07,,,,,,,,,,0.45,-28.37,2.16,30063.429203,18762.59,8682.92,210.44,2.48,5323.03,3752.52,1570.51,3359.89,,0.45,-28.37,2.16,29222.227412,18237.59,8439.96,204.56,2.48,5174.09,3647.52,1526.57,3265.88,
2023-12-22,0.62,0.63,0.62,0.62,386616422.0,0.05,0.62,0.62,0.62,False,13.72,17.94,20.18,,,,,,,,,,0.45,-28.4,2.16,30063.429203,18771.61,8691.94,9.02,0.1,5332.05,3754.32,1577.73,3359.89,,0.45,-28.4,2.16,29222.227412,18246.36,8448.73,8.77,0.1,5182.85,3649.27,1533.58,3265.88,
2023-12-23,0.62,0.62,0.61,0.62,170948891.0,-0.78,0.62,0.62,0.62,False,13.39,17.25,20.7,,,,,,,,,SMALL LL confirmed @ 0.58,0.45,-27.84,2.18,30063.429203,18624.29,8544.63,-147.31,-1.69,5184.74,3724.86,1459.88,3359.89,,0.45,-27.84,2.18,29222.227412,18103.17,8305.54,-143.19,-1.69,5039.67,3620.63,1419.03,3265.88,
2023-12-24,0.62,0.63,0.6,0.61,305003397.0,-1.19,0.62,0.62,0.62,False,13.41,16.05,21.16,,,,,,,,,,0.45,-26.97,2.21,30063.429203,18401.83,8322.16,-222.47,-2.6,4962.27,3680.37,1281.9,3359.89,,0.45,-26.97,2.21,29222.227412,17886.93,8089.3,-216.24,-2.6,4823.42,3577.39,1246.04,3265.88,
2023-12-25,0.61,0.65,0.61,0.65,501529244.0,5.57,0.62,0.62,0.62,True,12.53,19.35,18.94,,,,,,,,,,0.45,-30.82,2.08,30063.429203,19426.99,9347.32,1025.16,12.32,5987.43,3885.4,2102.03,3359.89,,0.45,-30.82,2.08,29222.227412,18883.4,9085.77,996.48,12.32,5819.9,3776.68,2043.22,3265.88,
2023-12-26,0.65,0.65,0.6,0.62,427204990.0,-3.76,0.62,0.62,0.62,True,11.97,17.12,18.77,,,,,,,,,,0.45,-28.12,2.17,30063.429203,18696.45,8616.78,-730.54,-7.82,5256.89,3739.29,1517.6,3359.89,,0.45,-28.12,2.17,29222.227412,18173.3,8375.67,-710.1,-7.82,5109.8,3634.66,1475.14,3265.88,
2023-12-27,0.62,0.64,0.61,0.63,363959180.0,1.95,0.63,0.62,0.62,True,11.44,15.88,17.41,,,,,,,,,,0.45,-29.49,2.12,30063.429203,19060.21,8980.55,363.77,4.22,5620.66,3812.04,1808.62,3359.89,,0.45,-29.49,2.12,29222.227412,18526.89,8729.26,353.59,4.22,5463.39,3705.38,1758.01,3265.88,
2023-12-28,0.63,0.66,0.62,0.63,468193003.0,0.09,0.63,0.63,0.62,True,11.15,18.55,16.0,,,,,0.66,,LH,,,0.45,-29.56,2.12,30063.429203,19078.25,8998.59,18.04,0.2,5638.7,3815.65,1823.05,3359.89,,0.45,-29.56,2.12,29222.227412,18544.43,8746.8,17.53,0.2,5480.92,3708.89,1772.04,3265.88,
2023-12-29,0.63,0.64,0.61,0.62,347060742.0,-1.83,0.63,0.63,0.62,True,10.5,17.45,18.19,,,,,,,,,,0.45,-28.24,2.17,30063.429203,18729.52,8649.85,-348.74,-3.88,5289.96,3745.9,1544.06,3359.89,,0.45,-28.24,2.17,29222.227412,18205.45,8407.82,-338.98,-3.88,5141.94,3641.09,1500.85,3265.88,
2023-12-30,0.62,0.63,0.62,0.62,168141907.0,-0.37,0.63,0.62,0.62,True,9.9,16.83,17.55,,,,,,,,,,0.45,-27.98,2.17,30063.429203,18660.37,8580.7,-69.15,-0.8,5220.82,3732.07,1488.74,3359.89,,0.45,-27.98,2.17,29222.227412,18138.24,8340.61,-67.21,-0.8,5074.73,3627.65,1447.08,3265.88,
2023-12-31,0.62,0.63,0.61,0.62,160978768.0,-0.82,0.62,0.62,0.62,False,9.88,15.82,19.17,,,,,,,,,,0.45,-27.38,2.2,30063.429203,18507.05,8427.38,-153.32,-1.79,5067.49,3701.41,1366.08,3359.89,,0.45,-27.38,2.2,29222.227412,17989.2,8191.57,-149.03,-1.79,4925.7,3597.84,1327.86,3265.88,
2024-01-01,0.62,0.63,0.61,0.63,165869400.0,2.24,0.62,0.62,0.62,True,9.71,15.52,18.03,,,,,,,,,,0.45,-28.97,2.14,30063.429203,18921.92,8842.26,414.88,4.92,5482.37,3784.38,1697.98,3359.89,,0.45,-28.97,2.14,29222.227412,18392.47,8594.84,403.27,4.92,5328.97,3678.49,1650.47,3265.88,
2024-01-02,0.63,0.64,0.62,0.62,371069494.0,-0.76,0.62,0.62,0.62,True,9.05,17.29,17.11,,,,,,,,,BIG LH confirmed @ 0.75 | SMALL LH confirmed @ 0.66,0.45,-28.43,2.16,30063.429203,18777.62,8697.95,-144.3,-1.63,5338.06,3755.52,1582.54,3359.89,,0.45,-28.43,2.16,29222.227412,18252.2,8454.57,-140.27,-1.63,5188.7,3650.44,1538.26,3265.88,
2024-01-03,0.62,0.64,0.5,0.58,1063513320.0,-6.77,0.62,0.62,0.62,False,11.99,12.33,37.16,,,,,,,,,,0.45,-23.23,2.36,30063.429203,17505.93,7426.27,-1271.68,-14.62,4066.38,3501.19,565.19,3359.89,,0.45,-23.23,2.36,29222.227412,17016.1,7218.47,-1236.1,-14.62,3952.6,3403.22,549.38,3265.88,
2024-01-04,0.58,0.59,0.57,0.59,384638363.0,0.77,0.61,0.62,0.62,False,14.72,11.69,35.24,,,,,,,,,,0.45,-23.82,2.33,30063.429203,17641.22,7561.55,135.29,1.82,4201.66,3528.24,673.42,3359.89,,0.45,-23.82,2.33,29222.227412,17147.6,7349.97,131.5,1.82,4084.1,3429.52,654.58,3265.88,
2024-01-05,0.59,0.59,0.55,0.58,383229345.0,-1.89,0.61,0.61,0.62,False,17.51,10.82,36.01,,,,,,,,BEAR_CHOCH,SMALL BEAR CHOCH @ 0.58 (level 0.58),,,,,,7227.85,-333.7,-4.41,0.0,0.0,,7227.85,"EXIT @ 0.58 (small red CHoCH, realized +508.07)",,,,,,7025.61,-324.37,-4.41,0.0,0.0,,7025.61,"EXIT @ 0.58 (small red CHoCH, realized +493.86)"
2024-01-06,0.58,0.58,0.56,0.57,166749051.0,-1.35,0.6,0.61,0.61,False,20.1,10.38,34.53,,,,,,,,,,,,,,,7227.85,0.0,0.0,0.0,0.0,,7227.85,,,,,,,7025.61,0.0,0.0,0.0,0.0,,7025.61,
2024-01-07,0.57,0.57,0.55,0.55,226717559.0,-2.89,0.59,0.6,0.61,False,22.69,9.75,34.94,,,,,,,,,,,,,,,7227.85,0.0,0.0,0.0,0.0,,7227.85,,,,,,,7025.61,0.0,0.0,0.0,0.0,,7025.61,
2024-01-08,0.55,0.58,0.54,0.58,520587965.0,4.73,0.59,0.6,0.61,False,24.58,10.92,32.08,,,,,,0.54,LL,,,,,,,,7227.85,0.0,0.0,0.0,0.0,,7227.85,,,,,,,7025.61,0.0,0.0,0.0,0.0,,7025.61,
2024-01-09,0.58,0.58,0.55,0.57,454568370.0,-1.85,0.59,0.6,0.6,False,26.34,10.29,30.23,,,,,,,,,,,,,,,7227.85,0.0,0.0,0.0,0.0,,7227.85,,,,,,,7025.61,0.0,0.0,0.0,0.0,,7025.61,
2024-01-10,0.57,0.62,0.55,0.6,565711997.0,5.98,0.59,0.6,0.6,False,26.14,16.2,26.14,,,,,,,,,,,,,,,7227.85,0.0,0.0,0.0,0.0,,7227.85,,,,,,,7025.61,0.0,0.0,0.0,0.0,,7025.61,
2024-01-11,0.6,0.62,0.59,0.6,513518254.0,0.18,0.59,0.6,0.6,False,25.55,16.77,24.1,,,,,0.62,,LH,,,,,,,,7227.85,0.0,0.0,0.0,0.0,,7227.85,,,,,,,7025.61,0.0,0.0,0.0,0.0,,7025.61,
2024-01-12,0.6,0.6,0.55,0.57,462016509.0,-5.32,0.59,0.6,0.6,False,25.91,15.06,28.34,,,,,,,,,,,,,,,7227.85,0.0,0.0,0.0,0.0,,7227.85,,,,,,,7025.61,0.0,0.0,0.0,0.0,,7025.61,
2024-01-13,0.57,0.58,0.56,0.57,144723019.0,0.84,0.59,0.59,0.6,False,26.25,14.61,27.5,,,,,,,,,SMALL LL confirmed @ 0.54,,,,,,7227.85,0.0,0.0,0.0,0.0,,7227.85,,,,,,,7025.61,0.0,0.0,0.0,0.0,,7025.61,
2024-01-14,0.57,0.59,0.57,0.58,188471401.0,0.28,0.58,0.59,0.6,False,25.85,17.26,26.25,,,,,,,,,,,,,,,7227.85,0.0,0.0,0.0,0.0,,7227.85,,,,,,,7025.61,0.0,0.0,0.0,0.0,,7025.61,
2024-01-15,0.58,0.59,0.57,0.58,267118552.0,-0.1,0.58,0.59,0.59,False,25.57,16.48,25.72,,,,,,,,,,,,,,,7227.85,0.0,0.0,0.0,0.0,,7227.85,,,,,,,7025.61,0.0,0.0,0.0,0.0,,7025.61,
2024-01-16,0.58,0.58,0.57,0.58,250036650.0,0.0,0.58,0.59,0.59,False,25.39,15.96,25.55,,,,,,,,,SMALL LH confirmed @ 0.62,,,,,,7227.85,0.0,0.0,0.0,0.0,,7227.85,,,,,,,7025.61,0.0,0.0,0.0,0.0,,7025.61,
2024-01-17,0.58,0.58,0.56,0.57,229435711.0,-1.25,0.58,0.59,0.59,False,25.38,15.39,25.76,,,,,,,,,,,,,,,7227.85,0.0,0.0,0.0,0.0,,7227.85,,,,,,,7025.61,0.0,0.0,0.0,0.0,,7025.61,
2024-01-18,0.57,0.57,0.54,0.55,286860737.0,-2.9,0.58,0.58,0.59,False,25.9,14.44,28.47,,,,,,,,,,,,,,,7227.85,0.0,0.0,0.0,0.0,,7227.85,,,,,,,7025.61,0.0,0.0,0.0,0.0,,7025.61,
2024-01-19,0.55,0.55,0.52,0.54,412467369.0,-1.39,0.57,0.58,0.59,False,26.93,13.35,31.37,,,,,,,,,,,,,,,7227.85,0.0,0.0,0.0,0.0,,7227.85,,,,,,,7025.61,0.0,0.0,0.0,0.0,,7025.61,
2024-01-20,0.54,0.56,0.54,0.55,190027866.0,1.67,0.57,0.58,0.58,False,27.8,13.16,30.13,,,,,,,,,,,,,,,7227.85,0.0,0.0,0.0,0.0,,7227.85,,,,,,,7025.61,0.0,0.0,0.0,0.0,,7025.61,
2024-01-21,0.55,0.56,0.55,0.55,115018674.0,-1.26,0.56,0.57,0.58,False,28.61,12.85,29.35,,,,,,,,,,,,,,,7227.85,0.0,0.0,0.0,0.0,,7227.85,,,,,,,7025.61,0.0,0.0,0.0,0.0,,7025.61,
2024-01-22,0.55,0.55,0.52,0.53,340622198.0,-3.46,0.56,0.57,0.58,False,30.04,11.78,34.06,,,,,,,,BEAR_BOS,SMALL BEAR BOS @ 0.53 (level 0.54),,,,,,7227.85,0.0,0.0,0.0,0.0,,7227.85,,,,,,,7025.61,0.0,0.0,0.0,0.0,,7025.61,
2024-01-23,0.53,0.53,0.5,0.52,468522571.0,-1.74,0.55,0.57,0.57,False,31.77,10.74,36.19,,,,,,0.5,LL,,,,,,,,7227.85,0.0,0.0,0.0,0.0,,7227.85,,,,,,,7025.61,0.0,0.0,0.0,0.0,,7025.61,
2024-01-24,0.52,0.52,0.51,0.52,256315507.0,-0.04,0.55,0.56,0.57,False,33.37,10.5,35.39,,,,,,,,,,,,,,,7227.85,0.0,0.0,0.0,0.0,,7227.85,,,,,,,7025.61,0.0,0.0,0.0,0.0,,7025.61,
2024-01-25,0.52,0.52,0.5,0.51,251423038.0,-0.83,0.54,0.56,0.56,False,35.0,10.09,35.98,,,,,,,,,,,,,,,7227.85,0.0,0.0,0.0,0.0,,7227.85,,,,,,,7025.61,0.0,0.0,0.0,0.0,,7025.61,
2024-01-26,0.51,0.54,0.51,0.53,345499020.0,3.6,0.54,0.55,0.56,False,35.34,14.33,33.23,,,,,,,,,,,,,,,7227.85,0.0,0.0,0.0,0.0,,7227.85,,,,,,,7025.61,0.0,0.0,0.0,0.0,,7025.61,
2024-01-27,0.53,0.53,0.53,0.53,109437595.0,-0.38,0.54,0.55,0.56,False,35.65,13.98,32.41,,,,,,,,,,,,,,,7227.85,0.0,0.0,0.0,0.0,,7227.85,,,,,,,7025.61,0.0,0.0,0.0,0.0,,7025.61,
2024-01-28,0.53,0.54,0.52,0.52,133344725.0,-1.17,0.54,0.55,0.56,False,36.09,13.39,32.53,,,,,,,,,SMALL LL confirmed @ 0.50,,,,,,7227.85,0.0,0.0,0.0,0.0,,7227.85,,,,,,,7025.61,0.0,0.0,0.0,0.0,,7025.61,
2024-01-29,0.52,0.54,0.52,0.54,315810144.0,2.12,0.54,0.55,0.56,False,36.18,13.9,30.55,,,,,0.54,,LH,,,,,,,,7227.85,0.0,0.0,0.0,0.0,,7227.85,,,,,,,7025.61,0.0,0.0,0.0,0.0,,7025.61,
2024-01-30,0.54,0.54,0.51,0.51,551143127.0,-4.58,0.53,0.54,0.55,False,36.63,12.61,31.23,,,,,,,,,,,,,,,7227.85,0.0,0.0,0.0,0.0,,7227.85,,,,,,,7025.61,0.0,0.0,0.0,0.0,,7025.61,
2024-01-31,0.51,0.51,0.49,0.5,485421774.0,-1.45,0.53,0.54,0.55,False,37.6,11.56,34.85,,0.49,HL,,,0.49,LL,,,,,,,,7227.85,0.0,0.0,0.0,0.0,,7227.85,,,,,,,7025.61,0.0,0.0,0.0,0.0,,7025.61,
2024-02-01,0.5,0.51,0.49,0.51,339711167.0,0.5,0.52,0.54,0.55,False,38.5,10.87,32.77,,,,,,,,,,,,,,,7227.85,0.0,0.0,0.0,0.0,,7227.85,,,,,,,7025.61,0.0,0.0,0.0,0.0,,7025.61,
2024-02-02,0.51,0.51,0.5,0.51,362229325.0,0.93,0.52,0.53,0.54,False,39.07,11.41,31.26,,,,,,,,,,,,,,,7227.85,0.0,0.0,0.0,0.0,,7227.85,,,,,,,7025.61,0.0,0.0,0.0,0.0,,7025.61,
2024-02-03,0.51,0.53,0.51,0.52,268503943.0,1.59,0.52,0.53,0.54,False,38.69,14.52,29.3,,,,,0.53,,LH,,SMALL LH confirmed @ 0.54,,,,,,7227.85,0.0,0.0,0.0,0.0,,7227.85,,,,,,,7025.61,0.0,0.0,0.0,0.0,,7025.61,
2024-02-04,0.52,0.52,0.5,0.5,156461025.0,-2.97,0.52,0.53,0.54,False,38.53,13.69,29.35,,,,,,,,,,,,,,,7227.85,0.0,0.0,0.0,0.0,,7227.85,,,,,,,7025.61,0.0,0.0,0.0,0.0,,7025.61,
2024-02-05,0.5,0.51,0.5,0.51,316744221.0,0.74,0.52,0.53,0.54,False,38.49,12.95,28.82,,,,,,0.5,HL,,SMALL LL confirmed @ 0.49,,,,,,7227.85,0.0,0.0,0.0,0.0,,7227.85,,,,,,,7025.61,0.0,0.0,0.0,0.0,,7025.61,
2024-02-06,0.51,0.51,0.5,0.5,296361361.0,-0.37,0.52,0.53,0.53,False,38.45,12.41,27.62,,,,,,,,,,,,,,,7227.85,0.0,0.0,0.0,0.0,,7227.85,,,,,,,7025.61,0.0,0.0,0.0,0.0,,7025.61,
2024-02-07,0.5,0.52,0.5,0.51,337065844.0,1.74,0.52,0.52,0.53,False,38.07,13.16,26.16,,,,,,,,,,,,,,,7227.85,0.0,0.0,0.0,0.0,,7227.85,,,,,,,7025.61,0.0,0.0,0.0,0.0,,7025.61,
2024-02-08,0.51,0.52,0.51,0.51,319558939.0,0.18,0.51,0.52,0.53,False,37.34,14.24,25.28,,,,,,,,,SMALL LH confirmed @ 0.53,,,,,,7227.85,0.0,0.0,0.0,0.0,,7227.85,,,,,,,7025.61,0.0,0.0,0.0,0.0,,7025.61,
2024-02-09,0.51,0.53,0.51,0.53,381663993.0,2.23,0.52,0.52,0.53,False,36.03,16.38,24.03,,,,,,,,,,,,,,,7227.85,0.0,0.0,0.0,0.0,,7227.85,,,,,,,7025.61,0.0,0.0,0.0,0.0,,7025.61,
2024-02-10,0.53,0.53,0.52,0.52,136051851.0,-0.44,0.52,0.52,0.53,False,34.81,15.82,23.2,,,,,,,,,SMALL HL confirmed @ 0.50,,,,,,7227.85,0.0,0.0,0.0,0.0,,7227.85,,,,,,,7025.61,0.0,0.0,0.0,0.0,,7025.61,
2024-02-11,0.52,0.54,0.52,0.53,218992618.0,0.42,0.52,0.52,0.53,False,33.06,17.85,21.97,,,,,,,,,,,,,,,7227.85,0.0,0.0,0.0,0.0,,7227.85,,,,,,,7025.61,0.0,0.0,0.0,0.0,,7025.61,
2024-02-12,0.53,0.54,0.51,0.53,383946428.0,1.03,0.52,0.52,0.53,False,31.87,16.32,22.73,,,,,,,,BULL_CHOCH,SMALL BULL CHOCH @ 0.53 (level 0.53),0.27,-50.0,1.0,13598.964532,7227.85,7227.85,0.0,0.0,3613.92,3613.92,0.0,3613.92,"ENTRY @ 0.53 (small green CHoCH, margin $3613.92 [50% of bank] @ 2x [ADX 31.9, zone red], 13598.964532 units)",0.27,-50.0,1.0,13218.453273,7025.61,7025.61,0.0,0.0,3512.8,3512.8,0.0,3512.8,"ENTRY @ 0.53 (small green CHoCH, margin $3512.80 [50% of bank] @ 2x [ADX 31.9, zone red], 13218.453273 units)"
2024-02-13,0.53,0.53,0.51,0.52,398803382.0,-1.28,0.52,0.52,0.53,False,30.79,15.15,21.21,,,,,,,,,,0.27,-49.35,1.0,13598.964532,7135.38,7135.38,-92.47,-1.28,3521.45,3567.69,-46.24,3613.92,,0.27,-49.35,1.0,13218.453273,6935.72,6935.72,-89.89,-1.28,3422.92,3467.86,-44.94,3512.8,
2024-02-14,0.52,0.54,0.52,0.54,402071120.0,2.5,0.52,0.53,0.53,False,29.12,16.85,19.57,,,,,,,,,,0.27,-50.59,1.0,13598.964532,7313.52,7313.52,178.15,2.5,3699.6,3656.76,42.84,3613.92,,0.27,-50.59,1.0,13218.453273,7108.88,7108.88,173.16,2.5,3596.08,3554.44,41.64,3512.8,
2024-02-15,0.54,0.58,0.54,0.56,640584098.0,4.54,0.53,0.53,0.53,False,28.6,26.38,16.95,,,,,,,,,,0.27,-52.73,1.0,13598.964532,7645.34,7645.34,331.81,4.54,4031.41,3822.67,208.74,3613.92,,0.27,-52.73,1.0,13218.453273,7431.41,7431.41,322.53,4.54,3918.61,3715.71,202.9,3512.8,
2024-02-16,0.56,0.58,0.55,0.56,522111567.0,0.37,0.54,0.53,0.53,True,28.21,24.77,15.45,,,,,0.58,,HH,,,0.27,-52.91,1.0,13598.964532,7673.9,7673.9,28.56,0.37,4059.97,3836.95,223.02,3613.92,,0.27,-52.91,1.0,13218.453273,7459.17,7459.17,27.76,0.37,3946.37,3729.59,216.78,3512.8,
2024-02-17,0.56,0.57,0.54,0.55,254033578.0,-2.6,0.54,0.53,0.54,True,26.94,22.66,18.38,,,,,,,,,,0.27,-51.65,1.0,13598.964532,7473.99,7473.99,-199.9,-2.6,3860.07,3737.0,123.07,3613.92,,0.27,-51.65,1.0,13218.453273,7264.86,7264.86,-194.31,-2.6,3752.06,3632.43,119.63,3512.8,
2024-02-18,0.55,0.56,0.55,0.56,199644484.0,1.36,0.54,0.54,0.54,True,25.76,21.5,17.45,,,,,,,,,,0.27,-52.3,1.0,13598.964532,7575.98,7575.98,101.99,1.36,3962.06,3787.99,174.07,3613.92,,0.27,-52.3,1.0,13218.453273,7364.0,7364.0,99.14,1.36,3851.2,3682.0,169.2,3512.8,
2024-02-19,0.56,0.57,0.55,0.56,361659945.0,0.99,0.54,0.54,0.54,True,24.96,22.31,16.61,,,,,,,,,,0.27,-52.76,1.0,13598.964532,7650.78,7650.78,74.79,0.99,4036.85,3825.39,211.46,3613.92,,0.27,-52.76,1.0,13218.453273,7436.7,7436.7,72.7,0.99,3923.9,3718.35,205.55,3512.8,
2024-02-20,0.56,0.58,0.54,0.56,577494529.0,-0.07,0.55,0.54,0.54,True,23.47,19.96,18.4,,,,,,,,,,0.27,-52.73,1.0,13598.964532,7645.34,7645.34,-5.44,-0.07,4031.41,3822.67,208.74,3613.92,,0.27,-52.73,1.0,13218.453273,7431.41,7431.41,-5.29,-0.07,3918.61,3715.71,202.9,3512.8,
2024-02-21,0.56,0.56,0.53,0.55,443537294.0,-2.33,0.55,0.54,0.54,True,22.15,18.03,19.94,,,,,,,,,SMALL HH confirmed @ 0.58,0.27,-51.6,1.0,13598.964532,7467.19,7467.19,-178.15,-2.33,3853.27,3733.6,119.67,3613.92,,0.27,-51.6,1.0,13218.453273,7258.25,7258.25,-173.16,-2.33,3745.45,3629.13,116.32,3512.8,
2024-02-22,0.55,0.55,0.54,0.54,363824441.0,-1.48,0.55,0.54,0.54,True,20.93,17.14,18.96,,,,,,,,,,0.27,-50.88,1.0,13598.964532,7357.04,7357.04,-110.15,-1.48,3743.11,3678.52,64.6,3613.92,,0.27,-50.88,1.0,13218.453273,7151.18,7151.18,-107.07,-1.48,3638.38,3575.59,62.79,3512.8,
2024-02-23,0.54,0.54,0.53,0.53,435074448.0,-1.26,0.54,0.54,0.54,True,20.48,16.09,21.59,,,,,,0.53,HL,,,0.27,-50.25,1.0,13598.964532,7264.57,7264.57,-92.47,-1.26,3650.64,3632.28,18.36,3613.92,,0.27,-50.25,1.0,13218.453273,7061.3,7061.3,-89.89,-1.26,3548.49,3530.65,17.84,3512.8,
2024-02-24,0.53,0.55,0.53,0.55,201672485.0,2.02,0.54,0.54,0.54,True,19.73,16.66,20.37,,,,,,,,,,0.27,-51.24,1.0,13598.964532,7411.44,7411.44,146.87,2.02,3797.51,3705.72,91.79,3613.92,,0.27,-51.24,1.0,13218.453273,7204.06,7204.06,142.76,2.02,3691.25,3602.03,89.22,3512.8,
2024-02-25,0.54,0.55,0.54,0.54,200338025.0,-0.46,0.54,0.54,0.54,True,18.98,16.54,19.88,,,,,,,,,,0.27,-51.01,1.0,13598.964532,7377.44,7377.44,-34.0,-0.46,3763.51,3688.72,74.79,3613.92,,0.27,-51.01,1.0,13218.453273,7171.01,7171.01,-33.05,-0.46,3658.21,3585.51,72.7,3512.8,
2024-02-26,0.54,0.55,0.53,0.55,442051388.0,1.49,0.55,0.54,0.54,True,19.06,15.16,22.81,,,,,,,,,,0.27,-51.73,1.0,13598.964532,7487.59,7487.59,110.15,1.49,3873.67,3743.79,129.87,3613.92,,0.27,-51.73,1.0,13218.453273,7278.08,7278.08,107.07,1.49,3765.28,3639.04,126.24,3512.8,
2024-02-27,0.55,0.6,0.55,0.59,852720045.0,6.45,0.55,0.55,0.55,True,18.89,26.9,19.21,,,,,,,,BULL_BOS,SMALL BULL BOS @ 0.59 (level 0.58),0.27,-54.66,1.0,13598.964532,7970.35,7970.35,482.76,6.45,4356.43,3985.18,371.25,3613.92,,0.27,-54.66,1.0,13218.453273,7747.34,7747.34,469.26,6.45,4234.53,3873.67,360.86,3512.8,
2024-02-28,0.59,0.61,0.53,0.57,1038133713.0,-1.89,0.56,0.55,0.55,True,17.77,21.38,20.03,,,,,,,,,SMALL HL confirmed @ 0.53,0.27,-53.78,1.0,13598.964532,7819.4,7819.4,-150.95,-1.89,4205.48,3909.7,295.78,3613.92,,0.27,-53.78,1.0,13218.453273,7600.61,7600.61,-146.72,-1.89,4087.81,3800.31,287.5,3512.8,
2024-02-29,0.57,0.63,0.57,0.59,1323123117.0,2.03,0.56,0.55,0.55,True,17.59,23.24,17.09,,,,,,,,,,0.27,-54.7,1.0,13598.964532,7978.51,7978.51,159.11,2.03,4364.59,3989.26,375.33,3613.92,,0.27,-54.7,1.0,13218.453273,7755.27,7755.27,154.66,2.03,4242.46,3877.63,364.83,3512.8,
2024-03-01,0.59,0.6,0.58,0.6,545783016.0,2.49,0.57,0.56,0.55,True,17.43,22.03,16.2,,,,,,,,,,0.27,-55.8,1.0,13598.964532,8177.06,8177.06,198.54,2.49,4563.13,4088.53,474.6,3613.92,,0.27,-55.8,1.0,13218.453273,7948.26,7948.26,192.99,2.49,4435.45,3974.13,461.32,3512.8,
2024-03-02,0.6,0.65,0.6,0.64,891150692.0,7.13,0.58,0.57,0.56,True,18.78,30.54,14.23,,,,,,,,,,0.27,-58.75,1.0,13598.964532,8760.45,8760.45,583.4,7.13,5146.53,4380.23,766.3,3613.92,,0.27,-58.75,1.0,13218.453273,8515.33,8515.33,567.07,7.13,5002.52,4257.66,744.86,3512.8,
2024-03-03,0.64,0.64,0.59,0.63,626556050.0,-2.65,0.59,0.57,0.57,True,19.55,26.77,14.57,,,,,,,,,,0.27,-57.62,1.0,13598.964532,8527.91,8527.91,-232.54,-2.65,4913.99,4263.96,650.03,3613.92,,0.27,-57.62,1.0,13218.453273,8289.29,8289.29,-226.04,-2.65,4776.49,4144.65,631.84,3512.8,
2024-03-04,0.63,0.67,0.62,0.65,1053563753.0,3.28,0.6,0.58,0.57,True,20.82,28.45,12.96,,,,,,,,,,0.27,-58.97,1.0,13598.964532,8808.05,8808.05,280.14,3.28,5194.12,4404.02,790.1,3613.92,,0.27,-58.97,1.0,13218.453273,8561.59,8561.59,272.3,3.28,5048.79,4280.8,767.99,3512.8,
2024-03-05,0.65,0.67,0.54,0.59,1554937673.0,-8.72,0.59,0.58,0.57,True,19.62,21.83,23.63,,,,,0.67,,HH,,,0.27,-55.05,1.0,13598.964532,8039.71,8039.71,-768.34,-8.72,4425.78,4019.85,405.93,3613.92,,0.27,-55.05,1.0,13218.453273,7814.75,7814.75,-746.84,-8.72,4301.95,3907.37,394.57,3512.8,
2024-03-06,0.59,0.62,0.58,0.61,832599729.0,3.54,0.6,0.58,0.58,True,18.5,19.96,21.6,,,,,,0.58,HL,,,0.27,-56.58,1.0,13598.964532,8323.93,8323.93,284.22,3.54,4710.0,4161.96,548.04,3613.92,,0.27,-56.58,1.0,13218.453273,8091.02,8091.02,276.27,3.54,4578.21,4045.51,532.7,3512.8,
2024-03-07,0.61,0.64,0.61,0.63,789389082.0,2.43,0.6,0.59,0.58,True,17.38,21.53,20.33,,,,,,,,,,0.27,-57.62,1.0,13598.964532,8526.55,8526.55,202.62,2.43,4912.63,4263.28,649.35,3613.92,,0.27,-57.62,1.0,13218.453273,8287.97,8287.97,196.95,2.43,4775.17,4143.99,631.18,3512.8,
2024-03-08,0.63,0.63,0.6,0.62,648298999.0,-1.12,0.6,0.59,0.58,True,16.15,20.22,20.25,,,,,,,,,,0.27,-57.14,1.0,13598.964532,8431.36,8431.36,-95.19,-1.12,4817.43,4215.68,601.75,3613.92,,0.27,-57.14,1.0,13218.453273,8195.44,8195.44,-92.53,-1.12,4682.64,4097.72,584.92,3512.8,
2024-03-09,0.62,0.63,0.62,0.62,399105613.0,-0.05,0.61,0.59,0.59,True,15.0,19.59,19.62,,,,,,,,,,0.27,-57.12,1.0,13598.964532,8427.28,8427.28,-4.08,-0.05,4813.35,4213.64,599.71,3613.92,,0.27,-57.12,1.0,13218.453273,8191.48,8191.48,-3.97,-0.05,4678.67,4095.74,582.93,3512.8,
2024-03-10,0.62,0.63,0.6,0.61,431213931.0,-1.89,0.61,0.59,0.59,True,14.58,18.42,22.13,,,,,,,,,SMALL HH confirmed @ 0.67,0.27,-56.29,1.0,13598.964532,8268.17,8268.17,-159.11,-1.89,4654.25,4134.09,520.16,3613.92,,0.27,-56.29,1.0,13218.453273,8036.82,8036.82,-154.66,-1.89,4524.02,4018.41,505.61,3512.8,
2024-03-11,0.61,0.74,0.58,0.72,2035920643.0,18.91,0.62,0.61,0.6,True,15.78,31.79,16.63,0.74,,LH,,0.74,,HH,BULL_BOS,SMALL HL confirmed @ 0.58 | SMALL BULL BOS @ 0.72 (level 0.67),0.27,-63.24,1.0,13598.964532,9832.05,9832.05,1563.88,18.91,6218.13,4916.03,1302.1,3613.92,,0.27,-63.24,1.0,13218.453273,9556.94,9556.94,1520.12,18.91,6044.14,4778.47,1265.67,3512.8,
2024-03-12,0.72,0.73,0.66,0.69,1164823272.0,-4.84,0.63,0.61,0.6,True,16.89,28.27,14.79,,,,,,,,,,0.27,-61.37,1.0,13598.964532,9356.09,9356.09,-475.96,-4.84,5742.16,4678.04,1064.12,3613.92,,0.27,-61.37,1.0,13218.453273,9094.3,9094.3,-462.65,-4.84,5581.49,4547.15,1034.34,3512.8,
2024-03-13,0.69,0.7,0.67,0.69,629718012.0,0.16,0.64,0.62,0.61,True,17.92,26.81,14.02,,,,,,,,,,0.27,-61.44,1.0,13598.964532,9371.05,9371.05,14.96,0.16,5757.12,4685.52,1071.6,3613.92,,0.27,-61.44,1.0,13218.453273,9108.84,9108.84,14.54,0.16,5596.03,4554.42,1041.61,3512.8,
2024-03-14,0.69,0.71,0.64,0.67,866913230.0,-2.92,0.65,0.63,0.61,True,17.85,24.07,17.06,,,,,,,,,,0.27,-60.28,1.0,13598.964532,9097.71,9097.71,-273.34,-2.92,5483.78,4548.85,934.93,3613.92,,0.27,-60.28,1.0,13218.453273,8843.15,8843.15,-265.69,-2.92,5330.34,4421.57,908.77,3512.8,
2024-03-15,0.67,0.68,0.6,0.63,1046569627.0,-5.2,0.65,0.63,0.62,True,16.64,21.39,21.0,,,,,,,,,,0.27,-58.1,1.0,13598.964532,8624.46,8624.46,-473.24,-5.2,5010.54,4312.23,698.31,3613.92,,0.27,-58.1,1.0,13218.453273,8383.14,8383.14,-460.0,-5.2,4870.34,4191.57,678.77,3512.8,
2024-03-16,0.63,0.65,0.59,0.6,637944105.0,-4.9,0.64,0.62,0.62,True,15.5,19.71,19.98,,,,,,,,,SMALL HH confirmed @ 0.74,0.27,-55.94,1.0,13598.964532,8201.54,8201.54,-422.93,-4.9,4587.61,4100.77,486.84,3613.92,,0.27,-55.94,1.0,13218.453273,7972.05,7972.05,-411.09,-4.9,4459.25,3986.02,473.22,3512.8,
2024-03-17,0.6,0.62,0.59,0.62,520417354.0,2.65,0.64,0.62,0.62,True,14.57,18.65,19.56,,,,,,,,,,0.27,-57.07,1.0,13598.964532,8419.12,8419.12,217.58,2.65,4805.19,4209.56,595.63,3613.92,,0.27,-57.07,1.0,13218.453273,8183.54,8183.54,211.5,2.65,4670.74,4091.77,578.97,3512.8,
2024-03-18,0.62,0.67,0.59,0.65,868146942.0,4.23,0.64,0.63,0.62,True,14.44,22.74,17.58,,,,,,,,,,0.27,-58.82,1.0,13598.964532,8775.41,8775.41,356.29,4.23,5161.49,4387.71,773.78,3613.92,,0.27,-58.82,1.0,13218.453273,8529.87,8529.87,346.32,4.23,5017.06,4264.93,752.13,3512.8,
2024-03-19,0.65,0.65,0.57,0.58,1036258366.0,-9.42,0.63,0.62,0.62,True,13.69,20.41,18.87,,,,,,,,,,0.27,-54.53,1.0,13598.964532,7948.59,7948.59,-826.82,-9.42,4334.67,3974.3,360.37,3613.92,,0.27,-54.53,1.0,13218.453273,7726.19,7726.19,-803.68,-9.42,4213.38,3863.09,350.29,3512.8,
2024-03-20,0.58,0.62,0.57,0.61,802805428.0,4.48,0.63,0.62,0.61,True,12.91,19.04,18.01,,,,,,0.57,LL,,,0.27,-56.48,1.0,13598.964532,8304.89,8304.89,356.29,4.48,4690.96,4152.44,538.52,3613.92,,0.27,-56.48,1.0,13218.453273,8072.51,8072.51,346.32,4.48,4559.71,4036.25,523.45,3512.8,
2024-03-21,0.61,0.65,0.6,0.64,799317843.0,4.86,0.63,0.62,0.62,True,13.03,22.34,16.64,,,,,,,,,BIG HL confirmed @ 0.49,0.27,-58.5,1.0,13598.964532,8708.78,8708.78,403.89,4.86,5094.85,4354.39,740.46,3613.92,,0.27,-58.5,1.0,13218.453273,8465.1,8465.1,392.59,4.86,4952.29,4232.55,719.74,3512.8,
2024-03-22,0.64,0.65,0.6,0.61,580029104.0,-4.51,0.63,0.62,0.62,True,13.14,20.94,15.6,,,,,,,,,,0.27,-56.54,1.0,13598.964532,8315.77,8315.77,-393.01,-4.51,4701.84,4157.88,543.96,3613.92,,0.27,-56.54,1.0,13218.453273,8083.08,8083.08,-382.01,-4.51,4570.28,4041.54,528.74,3512.8,
2024-03-23,0.61,0.63,0.6,0.62,278695151.0,0.85,0.62,0.62,0.62,True,13.25,20.08,14.96,,,,,,,,,,0.27,-56.91,1.0,13598.964532,8386.48,8386.48,70.71,0.85,4772.56,4193.24,579.32,3613.92,,0.27,-56.91,1.0,13218.453273,8151.82,8151.82,68.74,0.85,4639.02,4075.91,563.11,3512.8,
2024-03-24,0.62,0.64,0.61,0.63,304667124.0,2.56,0.63,0.62,0.62,True,13.42,19.85,14.48,,,,,,,,,,0.27,-57.98,1.0,13598.964532,8601.35,8601.35,214.86,2.56,4987.42,4300.67,686.75,3613.92,,0.27,-57.98,1.0,13218.453273,8360.67,8360.67,208.85,2.56,4847.87,4180.34,667.53,3512.8,
2024-03-25,0.63,0.66,0.63,0.64,598260361.0,1.28,0.63,0.62,0.62,True,14.23,22.75,13.7,,,,,0.66,,LH,,SMALL LL confirmed @ 0.57,0.27,-58.52,1.0,13598.964532,8711.5,8711.5,110.15,1.28,5097.57,4355.75,741.82,3613.92,,0.27,-58.52,1.0,13218.453273,8467.74,8467.74,107.07,1.28,4954.94,4233.87,721.07,3512.8,
2024-03-26,0.64,0.65,0.62,0.63,483920076.0,-1.39,0.63,0.62,0.62,True,14.94,21.79,13.32,,,,,,,,,,0.27,-57.93,1.0,13598.964532,8590.47,8590.47,-121.03,-1.39,4976.54,4295.23,681.31,3613.92,,0.27,-57.93,1.0,13218.453273,8350.1,8350.1,-117.64,-1.39,4837.29,4175.05,662.24,3512.8,
2024-03-27,0.63,0.63,0.61,0.61,576105586.0,-3.15,0.63,0.62,0.62,True,14.86,20.8,15.74,,,,,,,,,,0.27,-56.56,1.0,13598.964532,8319.85,8319.85,-270.62,-3.15,4705.92,4159.92,546.0,3613.92,,0.27,-56.56,1.0,13218.453273,8087.05,8087.05,-263.05,-3.15,4574.25,4043.52,530.72,3512.8,
2024-03-28,0.61,0.64,0.6,0.62,500717330.0,2.06,0.63,0.62,0.62,True,14.87,20.12,14.88,,,,,,,,,,0.27,-57.44,1.0,13598.964532,8491.19,8491.19,171.35,2.06,4877.27,4245.6,631.67,3613.92,,0.27,-57.44,1.0,13218.453273,8253.6,8253.6,166.55,2.06,4740.8,4126.8,614.0,3512.8,
2024-03-29,0.62,0.65,0.61,0.63,536802072.0,0.91,0.63,0.62,0.62,True,15.1,20.17,14.0,,,,,,,,,,0.27,-57.82,1.0,13598.964532,8568.71,8568.71,77.51,0.91,4954.78,4284.35,670.43,3613.92,,0.27,-57.82,1.0,13218.453273,8328.95,8328.95,75.35,0.91,4816.14,4164.47,651.67,3512.8,
2024-03-30,0.63,0.64,0.62,0.62,275028227.0,-1.41,0.63,0.62,0.62,True,15.31,19.52,13.55,,,,,,,,,SMALL LH confirmed @ 0.66,0.27,-57.22,1.0,13598.964532,8447.68,8447.68,-121.03,-1.41,4833.75,4223.84,609.91,3613.92,,0.27,-57.22,1.0,13218.453273,8211.3,8211.3,-117.64,-1.41,4698.5,4105.65,592.85,3512.8,
2024-03-31,0.62,0.63,0.62,0.63,181972969.0,1.29,0.63,0.62,0.62,True,15.5,19.18,13.32,,,,,,,,,,0.27,-57.76,1.0,13598.964532,8556.47,8556.47,108.79,1.29,4942.54,4278.23,664.31,3613.92,,0.27,-57.76,1.0,13218.453273,8317.05,8317.05,105.75,1.29,4804.25,4158.53,645.72,3512.8,
2024-04-01,0.63,0.63,0.59,0.61,546287523.0,-2.89,0.62,0.62,0.62,True,14.58,17.86,16.95,,,,,,,,,,0.27,-56.51,1.0,13598.964532,8308.97,8308.97,-247.5,-2.89,4695.04,4154.48,540.56,3613.92,,0.27,-56.51,1.0,13218.453273,8076.47,8076.47,-240.58,-2.89,4563.67,4038.24,525.43,3512.8,
2024-04-02,0.61,0.62,0.58,0.59,648286441.0,-4.19,0.62,0.62,0.62,False,13.93,16.61,18.55,,,,,,,,,,0.27,-54.6,1.0,13598.964532,7960.83,7960.83,-348.13,-4.19,4346.91,3980.42,366.49,3613.92,,0.27,-54.6,1.0,13218.453273,7738.08,7738.08,-338.39,-4.19,4225.28,3869.04,356.24,3512.8,
2024-04-03,0.59,0.59,0.57,0.57,493903933.0,-1.91,0.61,0.62,0.61,False,13.77,15.8,19.96,,,,,,,,,,0.27,-53.72,1.0,13598.964532,7808.53,7808.53,-152.31,-1.91,4194.6,3904.26,290.34,3613.92,,0.27,-53.72,1.0,13218.453273,7590.04,7590.04,-148.05,-1.91,4077.23,3795.02,282.21,3512.8,
2024-04-04,0.57,0.62,0.56,0.59,701629386.0,3.36,0.61,0.61,0.61,False,12.9,18.6,18.01,,,,,,0.56,LL,,,0.27,-55.22,1.0,13598.964532,8070.99,8070.99,262.46,3.36,4457.06,4035.49,421.57,3613.92,,0.27,-55.22,1.0,13218.453273,7845.15,7845.15,255.12,3.36,4332.35,3922.58,409.77,3512.8,
2024-04-05,0.59,0.59,0.57,0.59,421470900.0,-1.08,0.61,0.61,0.61,False,12.1,17.75,17.18,,,,,,,,,,0.27,-54.74,1.0,13598.964532,7983.95,7983.95,-87.03,-1.08,4370.03,3991.98,378.05,3613.92,,0.27,-54.74,1.0,13218.453273,7760.55,7760.55,-84.6,-1.08,4247.75,3880.28,367.47,3512.8,
2024-04-06,0.59,0.6,0.59,0.59,165404890.0,1.0,0.6,0.61,0.61,False,11.54,18.23,16.74,,,,,,,,,,0.27,-55.19,1.0,13598.964532,8064.19,8064.19,80.23,1.0,4450.26,4032.09,418.17,3613.92,,0.27,-55.19,1.0,13218.453273,7838.54,7838.54,77.99,1.0,4325.74,3919.27,406.47,3512.8,
2024-04-07,0.59,0.6,0.59,0.59,210766117.0,0.24,0.6,0.61,0.61,False,11.17,18.54,16.29,,,,,,,,,,0.27,-55.29,1.0,13598.964532,8083.22,8083.22,19.04,0.24,4469.3,4041.61,427.69,3613.92,,0.27,-55.29,1.0,13218.453273,7857.05,7857.05,18.51,0.24,4344.24,3928.52,415.72,3512.8,
2024-04-08,0.59,0.63,0.59,0.61,512812491.0,3.42,0.6,0.61,0.61,False,11.69,21.83,15.05,,,,,,,,,,0.27,-56.77,1.0,13598.964532,8359.28,8359.28,276.06,3.42,4745.36,4179.64,565.72,3613.92,,0.27,-56.77,1.0,13218.453273,8125.38,8125.38,268.33,3.42,4612.58,4062.69,549.89,3512.8,
2024-04-09,0.61,0.64,0.6,0.61,648585747.0,-0.1,0.61,0.61,0.61,False,12.68,23.29,13.81,,,,,0.64,,LH,,SMALL LL confirmed @ 0.56,0.27,-56.73,1.0,13598.964532,8351.12,8351.12,-8.16,-0.1,4737.2,4175.56,561.64,3613.92,,0.27,-56.73,1.0,13218.453273,8117.45,8117.45,-7.93,-0.1,4604.65,4058.73,545.92,3512.8,
2024-04-10,0.61,0.62,0.59,0.62,449695736.0,0.5,0.61,0.61,0.61,False,13.19,22.01,14.73,,,,,,,,,,0.27,-56.94,1.0,13598.964532,8393.28,8393.28,42.16,0.5,4779.36,4196.64,582.72,3613.92,,0.27,-56.94,1.0,13218.453273,8158.43,8158.43,40.98,0.5,4645.63,4079.21,566.41,3512.8,
2024-04-11,0.62,0.62,0.6,0.61,316314812.0,-1.39,0.61,0.61,0.61,False,13.69,21.37,14.16,,,,,,,,,,0.27,-56.33,1.0,13598.964532,8276.33,8276.33,-116.95,-1.39,4662.4,4138.16,524.24,3613.92,,0.27,-56.33,1.0,13218.453273,8044.75,8044.75,-113.68,-1.39,4531.95,4022.38,509.57,3512.8,
2024-04-12,0.61,0.62,0.51,0.55,903224330.0,-10.15,0.6,0.6,0.61,False,14.5,17.19,28.62,,,,,,,,BEAR_CHOCH,SMALL BEAR CHOCH @ 0.55 (level 0.56),,,,,,7435.91,-840.42,-10.15,0.0,0.0,,7435.91,"EXIT @ 0.55 (small red CHoCH, realized +208.06)",,,,,,7227.85,-816.9,-10.15,0.0,0.0,,7227.85,"EXIT @ 0.55 (small red CHoCH, realized +202.24)"
2024-04-13,0.55,0.55,0.42,0.48,1199425184.0,-12.44,0.58,0.59,0.6,False,16.69,13.74,36.43,,0.42,LL,BEAR_CHOCH,,,,,BIG BEAR CHOCH @ 0.48 (level 0.49),,,,,,7435.91,0.0,0.0,0.0,0.0,,7435.91,,,,,,,7227.85,0.0,0.0,0.0,0.0,,7227.85,
2024-04-14,0.48,0.51,0.46,0.5,820741178.0,5.12,0.57,0.58,0.59,False,18.73,12.81,33.98,,,,,,0.46,LL,,SMALL LH confirmed @ 0.64,,,,,,7435.91,0.0,0.0,0.0,0.0,,7435.91,,,,,,,7227.85,0.0,0.0,0.0,0.0,,7227.85,
2024-04-15,0.5,0.52,0.48,0.5,680790708.0,-1.11,0.56,0.58,0.58,False,20.21,13.87,31.96,,,,,,,,,,,,,,,7435.91,0.0,0.0,0.0,0.0,,7435.91,,,,,,,7227.85,0.0,0.0,0.0,0.0,,7227.85,
2024-04-16,0.5,0.5,0.48,0.5,535103938.0,-0.24,0.55,0.57,0.58,False,21.68,13.27,31.5,,,,,,,,,,,,,,,7435.91,0.0,0.0,0.0,0.0,,7435.91,,,,,,,7227.85,0.0,0.0,0.0,0.0,,7227.85,
2024-04-17,0.5,0.51,0.47,0.5,496078590.0,-0.28,0.54,0.56,0.57,False,22.81,13.46,29.62,,,,,,,,,,,,,,,7435.91,0.0,0.0,0.0,0.0,,7435.91,,,,,,,7227.85,0.0,0.0,0.0,0.0,,7227.85,
2024-04-18,0.5,0.51,0.49,0.5,408855589.0,1.49,0.53,0.56,0.56,False,23.86,13.0,28.6,,,,,,,,,,,,,,,7435.91,0.0,0.0,0.0,0.0,,7435.91,,,,,,,7227.85,0.0,0.0,0.0,0.0,,7227.85,
2024-04-19,0.5,0.51,0.47,0.5,649243049.0,0.1,0.53,0.55,0.56,False,25.18,12.02,29.69,,,,,,,,,SMALL LL confirmed @ 0.46,,,,,,7435.91,0.0,0.0,0.0,0.0,,7435.91,,,,,,,7227.85,0.0,0.0,0.0,0.0,,7227.85,
2024-04-20,0.5,0.53,0.5,0.53,323152269.0,5.13,0.53,0.55,0.56,False,25.62,14.67,28.06,,,,,,,,,,,,,,,7435.91,0.0,0.0,0.0,0.0,,7435.91,,,,,,,7227.85,0.0,0.0,0.0,0.0,,7227.85,
2024-04-21,0.53,0.54,0.52,0.52,209381366.0,-0.79,0.53,0.55,0.56,False,25.76,15.39,27.13,,,,,,,,,,,,,,,7435.91,0.0,0.0,0.0,0.0,,7435.91,,,,,,,7227.85,0.0,0.0,0.0,0.0,,7227.85,
2024-04-22,0.52,0.57,0.52,0.56,481213218.0,5.99,0.53,0.55,0.56,False,24.64,20.2,24.76,0.57,,LH,,0.57,,LH,,,,,,,,7435.91,0.0,0.0,0.0,0.0,,7435.91,,,,,,,7227.85,0.0,0.0,0.0,0.0,,7227.85,
2024-04-23,0.56,0.56,0.54,0.54,395536969.0,-2.07,0.53,0.55,0.55,False,23.61,19.6,24.03,,,,,,,,,,,,,,,7435.91,0.0,0.0,0.0,0.0,,7435.91,,,,,,,7227.85,0.0,0.0,0.0,0.0,,7227.85,
2024-04-24,0.54,0.55,0.52,0.53,437750382.0,-3.12,0.53,0.54,0.55,False,23.19,18.47,26.45,,,,,,,,,,,,,,,7435.91,0.0,0.0,0.0,0.0,,7435.91,,,,,,,7227.85,0.0,0.0,0.0,0.0,,7227.85,
2024-04-25,0.53,0.53,0.51,0.53,358100461.0,-0.4,0.53,0.54,0.55,False,23.0,17.79,26.93,,,,,,,,,,,,,,,7435.91,0.0,0.0,0.0,0.0,,7435.91,,,,,,,7227.85,0.0,0.0,0.0,0.0,,7227.85,
2024-04-26,0.53,0.54,0.51,0.53,354085810.0,0.13,0.53,0.54,0.55,False,22.68,17.69,25.75,,,,,,,,,,,,,,,7435.91,0.0,0.0,0.0,0.0,,7435.91,,,,,,,7227.85,0.0,0.0,0.0,0.0,,7227.85,
2024-04-27,0.53,0.53,0.51,0.52,195569696.0,-1.56,0.53,0.54,0.55,False,22.56,17.01,26.07,,,,,,,,,SMALL LH confirmed @ 0.57,,,,,,7435.91,0.0,0.0,0.0,0.0,,7435.91,,,,,,,7227.85,0.0,0.0,0.0,0.0,,7227.85,
2024-04-28,0.52,0.53,0.51,0.51,135893039.0,-1.47,0.53,0.54,0.54,False,22.45,16.4,25.13,,,,,,,,,,,,,,,7435.91,0.0,0.0,0.0,0.0,,7435.91,,,,,,,7227.85,0.0,0.0,0.0,0.0,,7227.85,
2024-04-29,0.51,0.52,0.5,0.52,347828455.0,0.94,0.52,0.53,0.54,False,22.64,15.71,26.27,,,,,,,,,,,,,,,7435.91,0.0,0.0,0.0,0.0,,7435.91,,,,,,,7227.85,0.0,0.0,0.0,0.0,,7227.85,
2024-04-30,0.52,0.52,0.49,0.5,395591280.0,-2.81,0.52,0.53,0.54,False,23.14,14.59,26.85,,,,,,,,,BIG LH confirmed @ 0.74,,,,,,7435.91,0.0,0.0,0.0,0.0,,7435.91,,,,,,,7227.85,0.0,0.0,0.0,0.0,,7227.85,
2024-05-01,0.5,0.52,0.48,0.52,478521177.0,3.38,0.52,0.53,0.54,False,23.86,13.22,26.36,,,,,,0.48,HL,,,,,,,,7435.91,0.0,0.0,0.0,0.0,,7435.91,,,,,,,7227.85,0.0,0.0,0.0,0.0,,7227.85,
2024-05-02,0.52,0.52,0.51,0.52,344602656.0,0.1,0.52,0.53,0.54,False,24.36,13.39,25.3,,,,,,,,,,,,,,,7435.91,0.0,0.0,0.0,0.0,,7435.91,,,,,,,7227.85,0.0,0.0,0.0,0.0,,7227.85,
2024-05-03,0.52,0.54,0.51,0.53,363626848.0,2.64,0.52,0.53,0.54,False,24.16,15.5,24.02,,,,,,,,,,,,,,,7435.91,0.0,0.0,0.0,0.0,,7435.91,,,,,,,7227.85,0.0,0.0,0.0,0.0,,7227.85,
2024-05-04,0.53,0.54,0.53,0.53,158694221.0,-0.28,0.52,0.53,0.54,False,23.74,16.02,23.23,,,,,,,,,,,,,,,7435.91,0.0,0.0,0.0,0.0,,7435.91,,,,,,,7227.85,0.0,0.0,0.0,0.0,,7227.85,
2024-05-05,0.53,0.53,0.52,0.53,112344720.0,-0.11,0.52,0.53,0.53,False,23.48,15.64,23.48,,,,,,,,,,,,,,,7435.91,0.0,0.0,0.0,0.0,,7435.91,,,,,,,7227.85,0.0,0.0,0.0,0.0,,7227.85,
2024-05-06,0.53,0.57,0.52,0.54,567274807.0,2.0,0.53,0.53,0.54,False,22.11,22.79,20.91,,,,,0.57,,LH,,SMALL HL confirmed @ 0.48,,,,,,7435.91,0.0,0.0,0.0,0.0,,7435.91,,,,,,,7227.85,0.0,0.0,0.0,0.0,,7227.85,
2024-05-07,0.54,0.54,0.52,0.52,346192205.0,-2.91,0.53,0.53,0.53,False,20.71,21.53,20.49,,,,,,,,,,,,,,,7435.91,0.0,0.0,0.0,0.0,,7435.91,,,,,,,7227.85,0.0,0.0,0.0,0.0,,7227.85,
2024-05-08,0.52,0.53,0.52,0.52,346832658.0,-1.41,0.52,0.53,0.53,False,19.33,20.73,21.35,,,,,,,,,,,,,,,7435.91,0.0,0.0,0.0,0.0,,7435.91,,,,,,,7227.85,0.0,0.0,0.0,0.0,,7227.85,
2024-05-09,0.52,0.52,0.51,0.52,299812797.0,0.73,0.52,0.53,0.53,False,18.35,19.91,22.23,,,,,,,,,,,,,,,7435.91,0.0,0.0,0.0,0.0,,7435.91,,,,,,,7227.85,0.0,0.0,0.0,0.0,,7227.85,
2024-05-10,0.52,0.52,0.5,0.5,356081362.0,-3.59,0.52,0.53,0.53,False,17.92,18.65,23.92,,,,,,,,,,,,,,,7435.91,0.0,0.0,0.0,0.0,,7435.91,,,,,,,7227.85,0.0,0.0,0.0,0.0,,7227.85,
2024-05-11,0.5,0.51,0.5,0.51,99554446.0,0.74,0.52,0.52,0.53,False,17.52,18.27,23.43,,,,,,,,,SMALL LH confirmed @ 0.57,,,,,,7435.91,0.0,0.0,0.0,0.0,,7435.91,,,,,,,7227.85,0.0,0.0,0.0,0.0,,7227.85,
2024-05-12,0.51,0.51,0.5,0.5,96995150.0,-1.3,0.52,0.52,0.53,False,17.37,17.57,23.93,,,,,,,,,,,,,,,7435.91,0.0,0.0,0.0,0.0,,7435.91,,,,,,,7227.85,0.0,0.0,0.0,0.0,,7227.85,
2024-05-13,0.5,0.51,0.49,0.51,307847853.0,1.2,0.51,0.52,0.52,False,17.61,16.28,24.79,,,,,,0.49,HL,,,,,,,,7435.91,0.0,0.0,0.0,0.0,,7435.91,,,,,,,7227.85,0.0,0.0,0.0,0.0,,7227.85,
2024-05-14,0.51,0.51,0.5,0.5,306746811.0,-1.01,0.51,0.52,0.52,False,17.76,15.84,23.62,,,,,,,,,,,,,,,7435.91,0.0,0.0,0.0,0.0,,7435.91,,,,,,,7227.85,0.0,0.0,0.0,0.0,,7227.85,
2024-05-15,0.5,0.52,0.5,0.52,323956909.0,3.72,0.51,0.52,0.52,False,17.48,16.66,22.01,,,,,,,,,,,,,,,7435.91,0.0,0.0,0.0,0.0,,7435.91,,,,,,,7227.85,0.0,0.0,0.0,0.0,,7227.85,
2024-05-16,0.52,0.52,0.51,0.52,327561119.0,-0.6,0.51,0.52,0.52,False,17.01,17.11,21.3,,,,,,,,,,,,,,,7435.91,0.0,0.0,0.0,0.0,,7435.91,,,,,,,7227.85,0.0,0.0,0.0,0.0,,7227.85,
2024-05-17,0.52,0.53,0.51,0.52,286496760.0,1.49,0.51,0.52,0.52,False,16.16,18.29,20.24,,,,,,,,,,,,,,,7435.91,0.0,0.0,0.0,0.0,,7435.91,,,,,,,7227.85,0.0,0.0,0.0,0.0,,7227.85,
2024-05-18,0.52,0.53,0.52,0.52,90176826.0,-0.4,0.52,0.52,0.52,False,15.36,17.86,19.77,,,,,,,,,SMALL HL confirmed @ 0.49,,,,,,7435.91,0.0,0.0,0.0,0.0,,7435.91,,,,,,,7227.85,0.0,0.0,0.0,0.0,,7227.85,
2024-05-19,0.52,0.52,0.51,0.51,112974578.0,-2.24,0.51,0.52,0.52,False,15.34,16.82,22.77,,,,,,,,,,,,,,,7435.91,0.0,0.0,0.0,0.0,,7435.91,,,,,,,7227.85,0.0,0.0,0.0,0.0,,7227.85,
2024-05-20,0.51,0.54,0.51,0.54,404880454.0,5.51,0.52,0.52,0.52,False,14.36,19.78,20.42,,,,,,,,,,,,,,,7435.91,0.0,0.0,0.0,0.0,,7435.91,,,,,,,7227.85,0.0,0.0,0.0,0.0,,7227.85,
2024-05-21,0.54,0.56,0.53,0.54,491396281.0,-0.13,0.52,0.52,0.52,False,14.26,24.34,18.76,,,,,0.56,,LH,,,,,,,,7435.91,0.0,0.0,0.0,0.0,,7435.91,,,,,,,7227.85,0.0,0.0,0.0,0.0,,7227.85,
2024-05-22,0.54,0.54,0.52,0.53,303183587.0,-1.9,0.52,0.52,0.52,False,13.59,23.06,20.9,,,,,,,,,,,,,,,7435.91,0.0,0.0,0.0,0.0,,7435.91,,,,,,,7227.85,0.0,0.0,0.0,0.0,,7227.85,
2024-05-23,0.53,0.55,0.5,0.53,585134596.0,0.4,0.52,0.52,0.52,False,13.3,19.82,23.97,,,,,,,,,,,,,,,7435.91,0.0,0.0,0.0,0.0,,7435.91,,,,,,,7227.85,0.0,0.0,0.0,0.0,,7227.85,
2024-05-24,0.53,0.54,0.52,0.54,322992520.0,1.34,0.53,0.52,0.52,True,13.02,18.56,22.45,,,,,,0.52,HL,,,,,,,,7435.91,0.0,0.0,0.0,0.0,,7435.91,,,,,,,7227.85,0.0,0.0,0.0,0.0,,7227.85,
2024-05-25,0.54,0.54,0.53,0.54,132376204.0,1.04,0.53,0.53,0.53,True,12.46,19.55,21.67,,,,,0.54,,LH,,,,,,,,7435.91,0.0,0.0,0.0,0.0,,7435.91,,,,,,,7227.85,0.0,0.0,0.0,0.0,,7227.85,
2024-05-26,0.54,0.54,0.53,0.53,108799266.0,-2.46,0.53,0.53,0.53,True,12.28,18.5,22.56,,,,,,,,,SMALL LH confirmed @ 0.56,,,,,,7435.91,0.0,0.0,0.0,0.0,,7435.91,,,,,,,7227.85,0.0,0.0,0.0,0.0,,7227.85,
2024-05-27,0.53,0.54,0.52,0.53,244982717.0,1.08,0.53,0.53,0.53,True,12.21,17.44,21.9,,,,,,,,,,,,,,,7435.91,0.0,0.0,0.0,0.0,,7435.91,,,,,,,7227.85,0.0,0.0,0.0,0.0,,7227.85,
2024-05-28,0.53,0.54,0.52,0.53,282469800.0,-0.99,0.53,0.53,0.53,True,12.29,16.59,21.68,,,,,,,,,,,,,,,7435.91,0.0,0.0,0.0,0.0,,7435.91,,,,,,,7227.85,0.0,0.0,0.0,0.0,,7227.85,
2024-05-29,0.53,0.53,0.52,0.52,316791079.0,-0.93,0.53,0.53,0.53,True,12.42,15.82,21.05,,,,,,,,,SMALL HL confirmed @ 0.52,,,,,,7435.91,0.0,0.0,0.0,0.0,,7435.91,,,,,,,7227.85,0.0,0.0,0.0,0.0,,7227.85,
2024-05-30,0.52,0.53,0.51,0.52,361762802.0,-0.99,0.53,0.53,0.53,True,12.97,14.94,22.47,,,,,,,,,SMALL LH confirmed @ 0.54,,,,,,7435.91,0.0,0.0,0.0,0.0,,7435.91,,,,,,,7227.85,0.0,0.0,0.0,0.0,,7227.85,
2024-05-31,0.52,0.53,0.51,0.52,304398744.0,-0.19,0.53,0.52,0.53,False,13.53,14.19,21.62,,,,,,,,,,,,,,,7435.91,0.0,0.0,0.0,0.0,,7435.91,,,,,,,7227.85,0.0,0.0,0.0,0.0,,7227.85,
2024-06-01,0.52,0.52,0.52,0.52,88294554.0,0.21,0.52,0.52,0.53,False,14.05,13.94,21.25,,,,,,,,,,,,,,,7435.91,0.0,0.0,0.0,0.0,,7435.91,,,,,,,7227.85,0.0,0.0,0.0,0.0,,7227.85,
2024-06-02,0.52,0.52,0.51,0.51,130902096.0,-1.0,0.52,0.52,0.52,False,15.09,13.24,23.86,,,,,,,,BEAR_BOS,BIG LL confirmed @ 0.42 | SMALL BEAR BOS @ 0.51 (level 0.52),,,,,,7435.91,0.0,0.0,0.0,0.0,,7435.91,,,,,,,7227.85,0.0,0.0,0.0,0.0,,7227.85,
2024-06-03,0.51,0.52,0.51,0.52,237659106.0,1.25,0.52,0.52,0.52,False,15.82,13.55,22.76,,,,,,,,,,,,,,,7435.91,0.0,0.0,0.0,0.0,,7435.91,,,,,,,7227.85,0.0,0.0,0.0,0.0,,7227.85,
2024-06-04,0.52,0.53,0.52,0.53,252531633.0,1.12,0.52,0.52,0.52,False,15.8,15.8,21.63,,,,,,,,,,,,,,,7435.91,0.0,0.0,0.0,0.0,,7435.91,,,,,,,7227.85,0.0,0.0,0.0,0.0,,7227.85,
2024-06-05,0.53,0.53,0.52,0.53,248045273.0,0.02,0.52,0.52,0.52,False,15.57,16.2,20.83,,,,,,,,,,,,,,,7435.91,0.0,0.0,0.0,0.0,,7435.91,,,,,,,7227.85,0.0,0.0,0.0,0.0,,7227.85,
2024-06-06,0.53,0.53,0.52,0.52,289657499.0,-0.82,0.52,0.52,0.52,False,15.89,15.38,23.09,,,,,,,,,,,,,,,7435.91,0.0,0.0,0.0,0.0,,7435.91,,,,,,,7227.85,0.0,0.0,0.0,0.0,,7227.85,
2024-06-07,0.52,0.53,0.45,0.5,549543388.0,-4.3,0.52,0.52,0.52,False,18.73,11.28,39.56,,,,,,,,,,,,,,,7435.91,0.0,0.0,0.0,0.0,,7435.91,,,,,,,7227.85,0.0,0.0,0.0,0.0,,7227.85,
2024-06-08,0.5,0.5,0.49,0.49,152121412.0,-1.3,0.52,0.52,0.52,False,21.36,10.84,38.0,,,,,,,,,,,,,,,7435.91,0.0,0.0,0.0,0.0,,7435.91,,,,,,,7227.85,0.0,0.0,0.0,0.0,,7227.85,
2024-06-09,0.49,0.5,0.49,0.5,90936082.0,1.22,0.51,0.52,0.52,False,23.81,10.5,36.82,,,,,,,,,,,,,,,7435.91,0.0,0.0,0.0,0.0,,7435.91,,,,,,,7227.85,0.0,0.0,0.0,0.0,,7227.85,
2024-06-10,0.5,0.51,0.49,0.5,249759346.0,-0.34,0.51,0.51,0.52,False,25.47,12.59,35.04,,,,,,,,,,,,,,,7435.91,0.0,0.0,0.0,0.0,,7435.91,,,,,,,7227.85,0.0,0.0,0.0,0.0,,7227.85,
2024-06-11,0.5,0.5,0.47,0.48,429410619.0,-3.36,0.51,0.51,0.51,False,27.64,11.36,40.0,,,,,,,,,BIG LH confirmed @ 0.57,,,,,,7435.91,0.0,0.0,0.0,0.0,,7435.91,,,,,,,7227.85,0.0,0.0,0.0,0.0,,7227.85,
2024-06-12,0.48,0.5,0.47,0.49,341106347.0,2.37,0.5,0.51,0.51,False,29.54,10.8,36.5,,,,,,,,,,,,,,,7435.91,0.0,0.0,0.0,0.0,,7435.91,,,,,,,7227.85,0.0,0.0,0.0,0.0,,7227.85,
2024-06-13,0.49,0.49,0.48,0.48,290198216.0,-2.99,0.5,0.51,0.51,False,31.32,10.16,34.34,,,,,,,,,,,,,,,7435.91,0.0,0.0,0.0,0.0,,7435.91,,,,,,,7227.85,0.0,0.0,0.0,0.0,,7227.85,
2024-06-14,0.48,0.48,0.46,0.47,389318737.0,-0.48,0.5,0.5,0.51,False,33.36,9.37,37.34,,,,,,0.46,LL,,,,,,,,7435.91,0.0,0.0,0.0,0.0,,7435.91,,,,,,,7227.85,0.0,0.0,0.0,0.0,,7227.85,
2024-06-15,0.47,0.51,0.47,0.49,176444562.0,3.41,0.49,0.5,0.51,False,33.33,16.73,33.23,,,,,,,,,,,,,,,7435.91,0.0,0.0,0.0,0.0,,7435.91,,,,,,,7227.85,0.0,0.0,0.0,0.0,,7227.85,
2024-06-16,0.49,0.5,0.49,0.49,161562815.0,-0.35,0.49,0.5,0.5,False,33.31,16.01,31.8,,,,,,,,,,,,,,,7435.91,0.0,0.0,0.0,0.0,,7435.91,,,,,,,7227.85,0.0,0.0,0.0,0.0,,7227.85,
2024-06-17,0.49,0.52,0.48,0.5,584945066.0,3.19,0.5,0.5,0.5,False,31.87,21.32,27.74,,,,,0.52,,LH,,,,,,,,7435.91,0.0,0.0,0.0,0.0,,7435.91,,,,,,,7227.85,0.0,0.0,0.0,0.0,,7227.85,
2024-06-18,0.5,0.51,0.47,0.49,582727016.0,-2.71,0.49,0.5,0.5,False,31.14,18.56,28.87,,,,,,,,,,,,,,,7435.91,0.0,0.0,0.0,0.0,,7435.91,,,,,,,7227.85,0.0,0.0,0.0,0.0,,7227.85,
2024-06-19,0.49,0.5,0.49,0.49,260612342.0,0.47,0.49,0.5,0.5,False,30.47,17.78,27.66,,,,,,,,,SMALL LL confirmed @ 0.46,,,,,,7435.91,0.0,0.0,0.0,0.0,,7435.91,,,,,,,7227.85,0.0,0.0,0.0,0.0,,7227.85,
2024-06-20,0.49,0.5,0.49,0.49,324974220.0,-0.91,0.49,0.5,0.5,False,29.67,17.85,26.35,,,,,,,,,,,,,,,7435.91,0.0,0.0,0.0,0.0,,7435.91,,,,,,,7227.85,0.0,0.0,0.0,0.0,,7227.85,
2024-06-21,0.49,0.5,0.48,0.49,336098409.0,0.02,0.49,0.5,0.5,False,29.3,16.85,27.84,,,,,,,,,,,,,,,7435.91,0.0,0.0,0.0,0.0,,7435.91,,,,,,,7227.85,0.0,0.0,0.0,0.0,,7227.85,
2024-06-22,0.49,0.49,0.48,0.49,79168277.0,-0.47,0.49,0.5,0.5,False,28.97,16.51,27.27,,,,,,,,,SMALL LH confirmed @ 0.52,,,,,,7435.91,0.0,0.0,0.0,0.0,,7435.91,,,,,,,7227.85,0.0,0.0,0.0,0.0,,7227.85,
2024-06-23,0.49,0.49,0.47,0.48,95099780.0,-1.42,0.49,0.49,0.5,False,29.09,15.6,29.41,,,,,,,,,,,,,,,7435.91,0.0,0.0,0.0,0.0,,7435.91,,,,,,,7227.85,0.0,0.0,0.0,0.0,,7227.85,
2024-06-24,0.48,0.48,0.46,0.47,385123013.0,-1.19,0.49,0.49,0.5,False,29.68,14.43,31.68,,,,,,,,,,,,,,,7435.91,0.0,0.0,0.0,0.0,,7435.91,,,,,,,7227.85,0.0,0.0,0.0,0.0,,7227.85,
2024-06-25,0.47,0.48,0.47,0.48,226045665.0,0.36,0.49,0.49,0.49,False,30.24,14.03,30.81,,,,,,,,,,,,,,,7435.91,0.0,0.0,0.0,0.0,,7435.91,,,,,,,7227.85,0.0,0.0,0.0,0.0,,7227.85,
2024-06-26,0.48,0.48,0.47,0.47,243409484.0,-1.24,0.48,0.49,0.49,False,31.05,13.31,32.33,,,,,,0.47,HL,,,,,,,,7435.91,0.0,0.0,0.0,0.0,,7435.91,,,,,,,7227.85,0.0,0.0,0.0,0.0,,7227.85,
2024-06-27,0.47,0.48,0.47,0.48,243549420.0,1.17,0.48,0.49,0.49,False,31.81,12.7,30.84,,,,,,,,,,,,,,,7435.91,0.0,0.0,0.0,0.0,,7435.91,,,,,,,7227.85,0.0,0.0,0.0,0.0,,7227.85,
2024-06-28,0.48,0.48,0.47,0.47,264186218.0,-0.78,0.48,0.49,0.49,False,32.13,13.73,29.33,,,,,,,,,,,,,,,7435.91,0.0,0.0,0.0,0.0,,7435.91,,,,,,,7227.85,0.0,0.0,0.0,0.0,,7227.85,
2024-06-29,0.47,0.48,0.47,0.47,57959490.0,0.23,0.48,0.49,0.49,False,32.42,13.42,28.66,,,,,,,,,,,,,,,7435.91,0.0,0.0,0.0,0.0,,7435.91,,,,,,,7227.85,0.0,0.0,0.0,0.0,,7227.85,
2024-06-30,0.47,0.48,0.47,0.48,82862100.0,0.72,0.48,0.48,0.49,False,32.52,13.64,27.59,,,,,,,,,,,,,,,7435.91,0.0,0.0,0.0,0.0,,7435.91,,,,,,,7227.85,0.0,0.0,0.0,0.0,,7227.85,
2024-07-01,0.48,0.48,0.48,0.48,211844474.0,0.19,0.48,0.48,0.49,False,31.94,16.05,26.37,,,,,,,,,SMALL HL confirmed @ 0.47,,,,,,7435.91,0.0,0.0,0.0,0.0,,7435.91,,,,,,,7227.85,0.0,0.0,0.0,0.0,,7227.85,
2024-07-02,0.48,0.49,0.48,0.49,226194005.0,1.74,0.48,0.48,0.49,False,30.99,16.96,24.78,,,,,0.49,,LH,,,,,,,,7435.91,0.0,0.0,0.0,0.0,,7435.91,,,,,,,7227.85,0.0,0.0,0.0,0.0,,7227.85,
2024-07-03,0.49,0.49,0.46,0.47,317610313.0,-3.73,0.48,0.48,0.49,False,31.01,14.96,28.5,,,,,,,,,,,,,,,7435.91,0.0,0.0,0.0,0.0,,7435.91,,,,,,,7227.85,0.0,0.0,0.0,0.0,,7227.85,
2024-07-04,0.47,0.47,0.43,0.43,436420394.0,-7.34,0.47,0.48,0.48,False,32.24,12.63,36.15,,,,,,,,BEAR_BOS,SMALL BEAR BOS @ 0.43 (level 0.47),,,,,,7435.91,0.0,0.0,0.0,0.0,,7435.91,,,,,,,7227.85,0.0,0.0,0.0,0.0,,7227.85,
2024-07-05,0.43,0.43,0.38,0.43,728055932.0,-1.8,0.46,0.47,0.48,False,34.5,10.32,47.03,,0.38,LL,,,0.38,LL,,,,,,,,7435.91,0.0,0.0,0.0,0.0,,7435.91,,,,,,,7227.85,0.0,0.0,0.0,0.0,,7227.85,
2024-07-06,0.43,0.45,0.42,0.45,168945863.0,5.58,0.46,0.47,0.48,False,35.46,15.04,42.73,,,,,,,,,,,,,,,7435.91,0.0,0.0,0.0,0.0,,7435.91,,,,,,,7227.85,0.0,0.0,0.0,0.0,,7227.85,
2024-07-07,0.45,0.45,0.42,0.42,175785229.0,-6.53,0.45,0.47,0.47,False,36.48,13.45,40.01,,,,,,,,,SMALL LH confirmed @ 0.49,,,,,,7435.91,0.0,0.0,0.0,0.0,,7435.91,,,,,,,7227.85,0.0,0.0,0.0,0.0,,7227.85,
2024-07-08,0.42,0.44,0.4,0.43,528743623.0,2.88,0.45,0.46,0.47,False,37.75,11.73,39.62,,,,,,,,,,,,,,,7435.91,0.0,0.0,0.0,0.0,,7435.91,,,,,,,7227.85,0.0,0.0,0.0,0.0,,7227.85,
2024-07-09,0.43,0.44,0.43,0.44,289512370.0,0.93,0.45,0.46,0.47,False,38.94,11.24,37.97,,,,,,,,,,,,,,,7435.91,0.0,0.0,0.0,0.0,,7435.91,,,,,,,7227.85,0.0,0.0,0.0,0.0,,7227.85,
2024-07-10,0.44,0.44,0.43,0.44,294639692.0,0.73,0.45,0.46,0.46,False,39.82,11.74,36.48,,,,,,,,,SMALL LL confirmed @ 0.38,,,,,,7435.91,0.0,0.0,0.0,0.0,,7435.91,,,,,,,7227.85,0.0,0.0,0.0,0.0,,7227.85,
2024-07-11,0.44,0.46,0.44,0.45,347547669.0,2.35,0.45,0.46,0.46,False,39.56,15.87,33.9,,,,,,,,,,,,,,,7435.91,0.0,0.0,0.0,0.0,,7435.91,,,,,,,7227.85,0.0,0.0,0.0,0.0,,7227.85,
2024-07-12,0.45,0.48,0.44,0.47,472984849.0,5.66,0.45,0.46,0.46,False,38.05,20.86,30.22,,,,,,,,,,,,,,,7435.91,0.0,0.0,0.0,0.0,,7435.91,,,,,,,7227.85,0.0,0.0,0.0,0.0,,7227.85,
2024-07-13,0.47,0.57,0.47,0.53,744327354.0,10.79,0.46,0.46,0.47,False,37.2,39.02,22.85,,,,,,,,BULL_CHOCH,SMALL BULL CHOCH @ 0.53 (level 0.49),0.26,-50.0,1.0,14144.785631,7435.91,7435.91,0.0,0.0,3717.96,3717.96,0.0,3717.96,"ENTRY @ 0.53 (small green CHoCH, margin $3717.96 [50% of bank] @ 2x [ADX 37.2, zone red], 14144.785631 units)",0.26,-50.0,1.0,13749.001806,7227.85,7227.85,0.0,0.0,3613.93,3613.93,0.0,3613.93,"ENTRY @ 0.53 (small green CHoCH, margin $3613.93 [50% of bank] @ 2x [ADX 37.2, zone red], 13749.001806 units)"
2024-07-14,0.53,0.54,0.51,0.52,350964405.0,-0.99,0.47,0.47,0.47,False,36.41,36.3,21.25,,,,,,,,,,0.26,-49.5,1.0,14144.785631,7362.36,7362.36,-73.55,-0.99,3644.4,3681.18,-36.78,3717.96,,0.26,-49.5,1.0,13749.001806,7156.36,7156.36,-71.49,-0.99,3542.43,3578.18,-35.75,3613.93,
2024-07-15,0.52,0.54,0.52,0.54,437376565.0,3.21,0.48,0.48,0.48,True,35.68,34.44,20.1,,,,,,,,,,0.26,-51.07,1.0,14144.785631,7598.58,7598.58,236.22,3.21,3880.62,3799.29,81.33,3717.96,,0.26,-51.07,1.0,13749.001806,7385.96,7385.96,229.61,3.21,3772.04,3692.98,79.06,3613.93,
2024-07-16,0.54,0.59,0.53,0.58,824632586.0,7.84,0.5,0.49,0.48,True,36.19,42.32,16.97,,,,BULL_CHOCH,,,,,BIG BULL CHOCH @ 0.58 (level 0.57),0.26,-54.63,1.0,14144.785631,8194.07,8194.07,595.5,7.84,4476.12,4097.04,379.08,3717.96,,0.26,-54.63,1.0,13749.001806,7964.8,7964.8,578.83,7.84,4350.87,3982.4,368.47,3613.93,
2024-07-17,0.58,0.64,0.58,0.63,806805412.0,8.06,0.52,0.5,0.5,True,37.32,46.45,14.67,,,,,0.64,,HH,,,0.26,-58.01,1.0,14144.785631,8854.64,8854.64,660.56,8.06,5136.68,4427.32,709.36,3717.96,,0.26,-58.01,1.0,13749.001806,8606.88,8606.88,642.08,8.06,4992.95,4303.44,689.51,3613.93,
2024-07-18,0.63,0.64,0.56,0.57,660623865.0,-8.99,0.52,0.51,0.5,True,37.53,38.87,16.55,,,,,,,,,,0.26,-53.86,1.0,14144.785631,8058.28,8058.28,-796.35,-8.99,4340.33,4029.14,311.19,3717.96,,0.26,-53.86,1.0,13749.001806,7832.81,7832.81,-774.07,-8.99,4218.88,3916.4,302.48,3613.93,
2024-07-19,0.57,0.59,0.54,0.57,539155049.0,0.63,0.53,0.51,0.51,True,37.07,35.23,18.51,,,,,,0.54,HL,,,0.26,-54.15,1.0,14144.785631,8109.21,8109.21,50.92,0.63,4391.25,4054.6,336.65,3717.96,,0.26,-54.15,1.0,13749.001806,7882.3,7882.3,49.5,0.63,4268.38,3941.15,327.23,3613.93,
2024-07-20,0.57,0.6,0.57,0.59,300097994.0,3.56,0.54,0.52,0.51,True,36.98,36.45,17.24,,,,,,,,,,0.26,-55.73,1.0,14144.785631,8397.76,8397.76,288.55,3.56,4679.8,4198.88,480.92,3717.96,,0.26,-55.73,1.0,13749.001806,8162.78,8162.78,280.48,3.56,4548.86,4081.39,467.47,3613.93,
2024-07-21,0.59,0.61,0.57,0.6,291988877.0,0.79,0.55,0.53,0.52,True,36.95,34.48,16.0,,,,,,,,,,0.26,-56.07,1.0,14144.785631,8464.24,8464.24,66.48,0.79,4746.28,4232.12,514.16,3717.96,,0.26,-56.07,1.0,13749.001806,8227.4,8227.4,64.62,0.79,4613.48,4113.7,499.78,3613.93,
2024-07-22,0.6,0.62,0.59,0.61,412923068.0,1.6,0.56,0.54,0.53,True,37.2,34.88,14.8,,,,,,,,,SMALL HH confirmed @ 0.64,0.26,-56.77,1.0,14144.785631,8600.03,8600.03,135.79,1.6,4882.07,4300.01,582.06,3717.96,,0.26,-56.77,1.0,13749.001806,8359.39,8359.39,131.99,1.6,4745.47,4179.7,565.77,3613.93,
2024-07-23,0.61,0.62,0.58,0.6,353756166.0,-1.73,0.57,0.54,0.53,True,37.18,32.28,14.86,,,,,,,,,,0.26,-56.01,1.0,14144.785631,8451.51,8451.51,-148.52,-1.73,4733.55,4225.75,507.8,3717.96,,0.26,-56.01,1.0,13749.001806,8215.03,8215.03,-144.36,-1.73,4601.1,4107.51,493.59,3613.93,
2024-07-24,0.6,0.63,0.59,0.62,420617643.0,3.41,0.57,0.55,0.54,True,37.47,32.76,13.65,,,,,0.63,,LH,,SMALL HL confirmed @ 0.54,0.26,-57.46,1.0,14144.785631,8740.06,8740.06,288.55,3.41,5022.11,4370.03,652.07,3717.96,,0.26,-57.46,1.0,13749.001806,8495.51,8495.51,280.48,3.41,4881.58,4247.75,633.83,3613.93,
2024-07-25,0.62,0.63,0.58,0.6,485187006.0,-2.96,0.58,0.55,0.54,True,37.41,29.92,13.85,,,,,,,,,,0.26,-56.16,1.0,14144.785631,8481.21,8481.21,-258.85,-2.96,4763.26,4240.61,522.65,3717.96,,0.26,-56.16,1.0,13749.001806,8243.9,8243.9,-251.61,-2.96,4629.98,4121.95,508.03,3613.93,
2024-07-26,0.6,0.61,0.59,0.6,268729317.0,0.63,0.58,0.56,0.55,True,37.36,28.53,13.2,,,,,,,,,,0.26,-56.44,1.0,14144.785631,8534.96,8534.96,53.75,0.63,4817.01,4267.48,549.52,3717.96,,0.26,-56.44,1.0,13749.001806,8296.15,8296.15,52.25,0.63,4682.22,4148.07,534.15,3613.93,
2024-07-27,0.6,0.61,0.58,0.6,172975781.0,-1.29,0.58,0.56,0.55,True,37.19,27.03,13.06,,,,,,,,,,0.26,-55.87,1.0,14144.785631,8424.63,8424.63,-110.33,-1.29,4706.68,4212.32,494.36,3717.96,,0.26,-55.87,1.0,13749.001806,8188.91,8188.91,-107.24,-1.29,4574.98,4094.45,480.53,3613.93,
2024-07-28,0.6,0.62,0.59,0.6,182173334.0,0.94,0.59,0.57,0.55,True,37.19,27.08,12.38,,,,,,,,,,0.26,-56.28,1.0,14144.785631,8503.85,8503.85,79.21,0.94,4785.89,4251.92,533.97,3717.96,,0.26,-56.28,1.0,13749.001806,8265.9,8265.9,76.99,0.94,4651.97,4132.95,519.02,3613.93,
2024-07-29,0.6,0.61,0.59,0.6,235245176.0,0.12,0.59,0.57,0.56,True,37.2,25.9,11.84,,,,,,,,,SMALL LH confirmed @ 0.63,0.26,-56.33,1.0,14144.785631,8513.75,8513.75,9.9,0.12,4795.79,4256.87,538.92,3717.96,,0.26,-56.33,1.0,13749.001806,8275.52,8275.52,9.62,0.12,4661.6,4137.76,523.84,3613.93,
2024-07-30,0.6,0.64,0.6,0.63,431409390.0,4.29,0.59,0.57,0.56,True,37.8,28.94,10.78,,,,,,,,,,0.26,-58.12,1.0,14144.785631,8878.68,8878.68,364.94,4.29,5160.73,4439.34,721.38,3717.96,,0.26,-58.12,1.0,13749.001806,8630.25,8630.25,354.72,4.29,5016.32,4315.12,701.2,3613.93,
2024-07-31,0.63,0.66,0.62,0.62,473184106.0,-0.75,0.6,0.58,0.57,True,38.78,31.03,9.95,0.66,,HH,,,,,,,0.26,-57.81,1.0,14144.785631,8812.2,8812.2,-66.48,-0.75,5094.24,4406.1,688.14,3717.96,,0.26,-57.81,1.0,13749.001806,8565.63,8565.63,-64.62,-0.75,4951.7,4282.81,668.89,3613.93,
2024-08-01,0.62,0.63,0.57,0.6,423266147.0,-4.27,0.6,0.58,0.57,True,37.22,27.22,19.31,,,,,,,,,,0.26,-55.93,1.0,14144.785631,8435.95,8435.95,-376.25,-4.27,4717.99,4217.98,500.02,3717.96,,0.26,-55.93,1.0,13749.001806,8199.9,8199.9,-365.72,-4.27,4585.98,4099.95,486.03,3613.93,
2024-08-02,0.6,0.6,0.55,0.56,410967898.0,-5.99,0.59,0.58,0.57,True,35.03,24.58,21.58,,,,,,,,,,0.26,-53.12,1.0,14144.785631,7930.98,7930.98,-504.97,-5.99,4213.02,3965.49,247.53,3717.96,,0.26,-53.12,1.0,13749.001806,7709.07,7709.07,-490.84,-5.99,4095.14,3854.53,240.61,3613.93,
2024-08-03,0.56,0.58,0.54,0.56,265483095.0,-0.87,0.59,0.58,0.57,True,32.8,22.83,21.16,,,,,,,,,,0.26,-52.71,1.0,14144.785631,7861.67,7861.67,-69.31,-0.87,4143.71,3930.84,212.88,3717.96,,0.26,-52.71,1.0,13749.001806,7641.7,7641.7,-67.37,-0.87,4027.77,3820.85,206.92,3613.93,
2024-08-04,0.56,0.56,0.51,0.52,240108087.0,-5.94,0.58,0.57,0.56,True,31.02,20.87,24.44,,,,,,,,BEAR_CHOCH,SMALL BEAR CHOCH @ 0.52 (level 0.54),,,,,,7394.89,-466.78,-5.94,0.0,0.0,,7394.89,"EXIT @ 0.52 (small red CHoCH, realized -41.02)",,,,,,7187.98,-453.72,-5.94,0.0,0.0,,7187.98,"EXIT @ 0.52 (small red CHoCH, realized -39.87)"
2024-08-05,0.52,0.53,0.43,0.49,1250454532.0,-6.48,0.56,0.56,0.56,True,31.13,17.53,34.47,,0.43,HL,,,0.43,LL,,,,,,,,7394.89,0.0,0.0,0.0,0.0,,7394.89,,,,,,,7187.98,0.0,0.0,0.0,0.0,,7187.98,
2024-08-06,0.49,0.52,0.49,0.51,410337831.0,3.54,0.55,0.56,0.55,False,31.23,16.58,32.61,,,,,,,,,,,,,,,7394.89,0.0,0.0,0.0,0.0,,7394.89,,,,,,,7187.98,0.0,0.0,0.0,0.0,,7187.98,
2024-08-07,0.51,0.64,0.49,0.6,1000802326.0,18.57,0.56,0.56,0.56,True,29.72,31.11,25.41,0.64,,LH,,0.64,,HH,,,,,,,,7394.89,0.0,0.0,0.0,0.0,,7394.89,,,,,,,7187.98,0.0,0.0,0.0,0.0,,7187.98,
2024-08-08,0.6,0.64,0.58,0.62,730482227.0,2.73,0.57,0.57,0.56,True,28.32,28.27,23.09,,,,,,,,,,,,,,,7394.89,0.0,0.0,0.0,0.0,,7394.89,,,,,,,7187.98,0.0,0.0,0.0,0.0,,7187.98,
2024-08-09,0.62,0.62,0.57,0.58,456932445.0,-5.85,0.57,0.57,0.56,True,26.72,25.92,22.99,,,,,,,,,,,,,,,7394.89,0.0,0.0,0.0,0.0,,7394.89,,,,,,,7187.98,0.0,0.0,0.0,0.0,,7187.98,
2024-08-10,0.58,0.6,0.58,0.58,213745629.0,0.62,0.57,0.57,0.57,True,25.24,25.0,22.18,,,,,,,,,SMALL LL confirmed @ 0.43,,,,,,7394.89,0.0,0.0,0.0,0.0,,7394.89,,,,,,,7187.98,0.0,0.0,0.0,0.0,,7187.98,
2024-08-11,0.58,0.59,0.55,0.55,251097812.0,-5.36,0.57,0.57,0.56,True,23.76,23.23,25.4,,,,,,,,,,,,,,,7394.89,0.0,0.0,0.0,0.0,,7394.89,,,,,,,7187.98,0.0,0.0,0.0,0.0,,7187.98,
2024-08-12,0.55,0.58,0.55,0.57,355253164.0,2.82,0.57,0.57,0.56,True,22.38,22.2,24.27,,,,,,0.55,HL,,SMALL HH confirmed @ 0.64,,,,,,7394.89,0.0,0.0,0.0,0.0,,7394.89,,,,,,,7187.98,0.0,0.0,0.0,0.0,,7187.98,
2024-08-13,0.57,0.58,0.56,0.58,252380249.0,1.51,0.57,0.57,0.57,True,21.0,22.09,23.48,,,,,,,,,,,,,,,7394.89,0.0,0.0,0.0,0.0,,7394.89,,,,,,,7187.98,0.0,0.0,0.0,0.0,,7187.98,
2024-08-14,0.58,0.58,0.56,0.57,253532158.0,-1.44,0.57,0.57,0.57,True,19.72,21.41,22.76,,,,,,,,,,,,,,,7394.89,0.0,0.0,0.0,0.0,,7394.89,,,,,,,7187.98,0.0,0.0,0.0,0.0,,7187.98,
2024-08-15,0.57,0.57,0.55,0.56,267098570.0,-1.41,0.57,0.57,0.57,True,18.89,20.54,24.16,,,,,,,,,,,,,,,7394.89,0.0,0.0,0.0,0.0,,7394.89,,,,,,,7187.98,0.0,0.0,0.0,0.0,,7187.98,
2024-08-16,0.56,0.57,0.55,0.56,234628410.0,0.55,0.57,0.57,0.57,True,18.12,19.86,23.36,,,,,,,,,,,,,,,7394.89,0.0,0.0,0.0,0.0,,7394.89,,,,,,,7187.98,0.0,0.0,0.0,0.0,,7187.98,
2024-08-17,0.56,0.57,0.56,0.57,68057519.0,0.48,0.57,0.57,0.57,True,17.4,19.5,22.93,,,,,,,,,SMALL HL confirmed @ 0.55,,,,,,7394.89,0.0,0.0,0.0,0.0,,7394.89,,,,,,,7187.98,0.0,0.0,0.0,0.0,,7187.98,
2024-08-18,0.57,0.58,0.56,0.56,119904362.0,-0.6,0.57,0.57,0.57,True,16.27,21.27,21.96,,,,,,,,,,,,,,,7394.89,0.0,0.0,0.0,0.0,,7394.89,,,,,,,7187.98,0.0,0.0,0.0,0.0,,7187.98,
2024-08-19,0.56,0.61,0.56,0.6,387069502.0,6.29,0.57,0.57,0.57,True,15.76,23.97,19.96,,,,,,,,,,,,,,,7394.89,0.0,0.0,0.0,0.0,,7394.89,,,,,,,7187.98,0.0,0.0,0.0,0.0,,7187.98,
2024-08-20,0.6,0.62,0.59,0.59,276882583.0,-0.8,0.58,0.57,0.57,True,15.46,23.83,18.91,,,,,,,,,,,,,,,7394.89,0.0,0.0,0.0,0.0,,7394.89,,,,,,,7187.98,0.0,0.0,0.0,0.0,,7187.98,
2024-08-21,0.59,0.61,0.58,0.6,274275573.0,1.04,0.58,0.58,0.57,True,15.05,22.81,18.79,,,,,,,,,,,,,,,7394.89,0.0,0.0,0.0,0.0,,7394.89,,,,,,,7187.98,0.0,0.0,0.0,0.0,,7187.98,
2024-08-22,0.6,0.6,0.59,0.6,207559419.0,-0.38,0.58,0.58,0.57,True,14.66,22.22,18.3,,,,,,,,,,,,,,,7394.89,0.0,0.0,0.0,0.0,,7394.89,,,,,,,7187.98,0.0,0.0,0.0,0.0,,7187.98,
2024-08-23,0.6,0.62,0.59,0.61,297079009.0,2.23,0.59,0.58,0.58,True,14.68,23.39,17.33,,,,,,,,,,,,,,,7394.89,0.0,0.0,0.0,0.0,,7394.89,,,,,,,7187.98,0.0,0.0,0.0,0.0,,7187.98,
2024-08-24,0.61,0.63,0.6,0.61,242435317.0,0.29,0.59,0.58,0.58,True,15.16,25.27,16.33,,,,,0.63,,LH,,BIG LL confirmed @ 0.38,,,,,,7394.89,0.0,0.0,0.0,0.0,,7394.89,,,,,,,7187.98,0.0,0.0,0.0,0.0,,7187.98,
2024-08-25,0.61,0.61,0.6,0.6,163663049.0,-2.07,0.59,0.59,0.58,True,15.19,24.21,17.71,,,,,,,,,,,,,,,7394.89,0.0,0.0,0.0,0.0,,7394.89,,,,,,,7187.98,0.0,0.0,0.0,0.0,,7187.98,
2024-08-26,0.6,0.6,0.58,0.59,236874640.0,-2.1,0.59,0.59,0.58,True,14.49,22.9,20.55,,,,,,,,,,,,,,,7394.89,0.0,0.0,0.0,0.0,,7394.89,,,,,,,7187.98,0.0,0.0,0.0,0.0,,7187.98,
2024-08-27,0.59,0.6,0.55,0.57,331644513.0,-3.54,0.59,0.58,0.58,True,14.01,20.53,23.96,,,,,,,,,,,,,,,7394.89,0.0,0.0,0.0,0.0,,7394.89,,,,,,,7187.98,0.0,0.0,0.0,0.0,,7187.98,
2024-08-28,0.57,0.58,0.56,0.57,312994647.0,0.48,0.58,0.58,0.58,True,13.56,19.23,22.44,,,,,,,,,,,,,,,7394.89,0.0,0.0,0.0,0.0,,7394.89,,,,,,,7187.98,0.0,0.0,0.0,0.0,,7187.98,
2024-08-29,0.57,0.58,0.56,0.56,209040650.0,-1.3,0.58,0.58,0.58,True,13.14,18.37,21.44,,,,,,,,,SMALL LH confirmed @ 0.63,,,,,,7394.89,0.0,0.0,0.0,0.0,,7394.89,,,,,,,7187.98,0.0,0.0,0.0,0.0,,7187.98,
2024-08-30,0.56,0.57,0.55,0.57,258840588.0,0.85,0.58,0.58,0.58,True,13.17,17.45,22.94,,,,,,,,,,,,,,,7394.89,0.0,0.0,0.0,0.0,,7394.89,,,,,,,7187.98,0.0,0.0,0.0,0.0,,7187.98,
2024-08-31,0.57,0.57,0.56,0.57,67155202.0,-0.09,0.58,0.58,0.58,True,12.99,18.09,22.4,,,,,,,,,,,,,,,7394.89,0.0,0.0,0.0,0.0,,7394.89,,,,,,,7187.98,0.0,0.0,0.0,0.0,,7187.98,
2024-09-01,0.57,0.57,0.54,0.55,121191438.0,-3.36,0.57,0.57,0.57,False,13.52,17.05,25.81,,,,,,,,BEAR_BOS,SMALL BEAR BOS @ 0.55 (level 0.55),,,,,,7394.89,0.0,0.0,0.0,0.0,,7394.89,,,,,,,7187.98,0.0,0.0,0.0,0.0,,7187.98,
2024-09-02,0.55,0.57,0.54,0.57,174750033.0,3.75,0.57,0.57,0.57,False,13.91,16.53,24.23,,,,,,,,,,,,,,,7394.89,0.0,0.0,0.0,0.0,,7394.89,,,,,,,7187.98,0.0,0.0,0.0,0.0,,7187.98,
2024-09-03,0.57,0.57,0.56,0.56,179781483.0,-1.85,0.57,0.57,0.57,False,14.07,16.78,23.23,,,,,,,,,,,,,,,7394.89,0.0,0.0,0.0,0.0,,7394.89,,,,,,,7187.98,0.0,0.0,0.0,0.0,,7187.98,
2024-09-04,0.56,0.56,0.53,0.56,272577067.0,0.13,0.57,0.57,0.57,False,15.07,15.4,27.42,,,,,,,,,,,,,,,7394.89,0.0,0.0,0.0,0.0,,7394.89,,,,,,,7187.98,0.0,0.0,0.0,0.0,,7187.98,
2024-09-05,0.56,0.56,0.54,0.54,213816210.0,-2.42,0.56,0.57,0.57,False,16.0,14.6,26.0,,,,,,,,,,,,,,,7394.89,0.0,0.0,0.0,0.0,,7394.89,,,,,,,7187.98,0.0,0.0,0.0,0.0,,7187.98,
2024-09-06,0.54,0.55,0.5,0.52,382035412.0,-4.28,0.56,0.56,0.57,False,17.91,12.97,32.4,,,,,,,,,,,,,,,7394.89,0.0,0.0,0.0,0.0,,7394.89,,,,,,,7187.98,0.0,0.0,0.0,0.0,,7187.98,
2024-09-07,0.52,0.53,0.52,0.52,82924642.0,0.71,0.55,0.56,0.56,False,19.69,12.53,31.29,,,,,,0.52,LL,,,,,,,,7394.89,0.0,0.0,0.0,0.0,,7394.89,,,,,,,7187.98,0.0,0.0,0.0,0.0,,7187.98,
2024-09-08,0.52,0.53,0.52,0.53,67909459.0,0.9,0.55,0.56,0.56,False,21.34,12.16,30.38,,,,,,,,,,,,,,,7394.89,0.0,0.0,0.0,0.0,,7394.89,,,,,,,7187.98,0.0,0.0,0.0,0.0,,7187.98,
2024-09-09,0.53,0.54,0.53,0.54,168358952.0,1.89,0.55,0.56,0.56,False,22.13,14.82,29.0,,,,,,,,,,,,,,,7394.89,0.0,0.0,0.0,0.0,,7394.89,,,,,,,7187.98,0.0,0.0,0.0,0.0,,7187.98,
2024-09-10,0.54,0.54,0.53,0.54,135693250.0,0.24,0.55,0.55,0.56,False,22.86,14.43,28.23,,,,,,,,,,,,,,,7394.89,0.0,0.0,0.0,0.0,,7394.89,,,,,,,7187.98,0.0,0.0,0.0,0.0,,7187.98,
2024-09-11,0.54,0.54,0.52,0.53,187554599.0,-1.11,0.54,0.55,0.56,False,23.89,13.64,29.86,,,,,,,,,,,,,,,7394.89,0.0,0.0,0.0,0.0,,7394.89,,,,,,,7187.98,0.0,0.0,0.0,0.0,,7187.98,
2024-09-12,0.53,0.59,0.53,0.56,380827353.0,5.2,0.55,0.55,0.56,False,22.32,24.43,25.38,,,,,,,,,SMALL LL confirmed @ 0.52,,,,,,7394.89,0.0,0.0,0.0,0.0,,7394.89,,,,,,,7187.98,0.0,0.0,0.0,0.0,,7187.98,
2024-09-13,0.56,0.57,0.56,0.57,270151559.0,1.81,0.55,0.56,0.56,False,20.86,23.15,24.05,,,,,,,,,,,,,,,7394.89,0.0,0.0,0.0,0.0,,7394.89,,,,,,,7187.98,0.0,0.0,0.0,0.0,,7187.98,
2024-09-14,0.57,0.6,0.57,0.6,231500545.0,3.98,0.56,0.56,0.56,False,20.22,28.12,22.14,,,,,0.6,,LH,,,,,,,,7394.89,0.0,0.0,0.0,0.0,,7394.89,,,,,,,7187.98,0.0,0.0,0.0,0.0,,7187.98,
2024-09-15,0.6,0.6,0.57,0.57,126437096.0,-4.2,0.56,0.56,0.56,False,19.54,26.02,20.98,,,,,,,,,,,,,,,7394.89,0.0,0.0,0.0,0.0,,7394.89,,,,,,,7187.98,0.0,0.0,0.0,0.0,,7187.98,
2024-09-16,0.57,0.59,0.56,0.59,247830927.0,2.8,0.56,0.56,0.56,True,18.5,23.78,21.56,,,,,,0.56,HL,,,,,,,,7394.89,0.0,0.0,0.0,0.0,,7394.89,,,,,,,7187.98,0.0,0.0,0.0,0.0,,7187.98,
2024-09-17,0.59,0.59,0.58,0.58,173044465.0,-0.46,0.57,0.56,0.56,True,17.6,23.32,20.68,,,,,,,,,,,,,,,7394.89,0.0,0.0,0.0,0.0,,7394.89,,,,,,,7187.98,0.0,0.0,0.0,0.0,,7187.98,
2024-09-18,0.58,0.59,0.56,0.59,204818640.0,0.22,0.57,0.57,0.57,True,16.7,21.76,24.05,,,,,,,,,,,,,,,7394.89,0.0,0.0,0.0,0.0,,7394.89,,,,,,,7187.98,0.0,0.0,0.0,0.0,,7187.98,
2024-09-19,0.59,0.59,0.58,0.59,222336927.0,0.27,0.57,0.57,0.57,True,15.56,23.44,23.1,,,,,,,,,BIG HH confirmed @ 0.66 | SMALL LH confirmed @ 0.60,,,,,,7394.89,0.0,0.0,0.0,0.0,,7394.89,,,,,,,7187.98,0.0,0.0,0.0,0.0,,7187.98,
2024-09-20,0.59,0.59,0.58,0.59,217408757.0,-0.29,0.57,0.57,0.57,True,14.62,22.27,23.35,,,,,,,,,,,,,,,7394.89,0.0,0.0,0.0,0.0,,7394.89,,,,,,,7187.98,0.0,0.0,0.0,0.0,,7187.98,
2024-09-21,0.59,0.61,0.58,0.6,144964801.0,2.14,0.58,0.57,0.57,True,14.3,25.89,21.13,,,,,0.61,,HH,,SMALL HL confirmed @ 0.56,,,,,,7394.89,0.0,0.0,0.0,0.0,,7394.89,,,,,,,7187.98,0.0,0.0,0.0,0.0,,7187.98,
2024-09-22,0.6,0.61,0.58,0.59,120373196.0,-1.76,0.58,0.57,0.57,True,13.89,23.85,20.1,,,,,,,,,,,,,,,7394.89,0.0,0.0,0.0,0.0,,7394.89,,,,,,,7187.98,0.0,0.0,0.0,0.0,,7187.98,
2024-09-23,0.59,0.6,0.58,0.58,161038706.0,-0.41,0.58,0.58,0.57,True,13.5,22.63,19.07,,,,,,,,,,,,,,,7394.89,0.0,0.0,0.0,0.0,,7394.89,,,,,,,7187.98,0.0,0.0,0.0,0.0,,7187.98,
2024-09-24,0.58,0.59,0.58,0.59,169233403.0,1.09,0.58,0.58,0.57,True,13.15,21.85,18.42,,,,,,,,,BIG HL confirmed @ 0.43,,,,,,7394.89,0.0,0.0,0.0,0.0,,7394.89,,,,,,,7187.98,0.0,0.0,0.0,0.0,,7187.98,
2024-09-25,0.59,0.6,0.58,0.58,179932001.0,-1.35,0.58,0.58,0.58,True,12.98,21.88,17.64,,,,,,,,,,,,,,,7394.89,0.0,0.0,0.0,0.0,,7394.89,,,,,,,7187.98,0.0,0.0,0.0,0.0,,7187.98,
2024-09-26,0.58,0.6,0.57,0.59,226481301.0,1.27,0.58,0.58,0.58,True,12.28,20.33,19.07,,,,,,0.57,HL,,BIG LH confirmed @ 0.64 | SMALL HH confirmed @ 0.61,,,,,,7394.89,0.0,0.0,0.0,0.0,,7394.89,,,,,,,7187.98,0.0,0.0,0.0,0.0,,7187.98,
2024-09-27,0.59,0.6,0.58,0.59,222819497.0,-0.29,0.58,0.58,0.58,True,11.68,19.62,18.16,,,,,,,,,,,,,,,7394.89,0.0,0.0,0.0,0.0,,7394.89,,,,,,,7187.98,0.0,0.0,0.0,0.0,,7187.98,
2024-09-28,0.59,0.63,0.59,0.61,442520365.0,4.25,0.59,0.58,0.58,True,12.55,25.97,15.93,,,,,,,,BULL_CHOCH,SMALL BULL CHOCH @ 0.61 (level 0.61),0.55,-10.0,5.0,60238.627631,36974.47,7394.89,0.0,0.0,3697.45,3697.45,0.0,3697.45,"ENTRY @ 0.61 (small green CHoCH, margin $3697.45 [50% of bank] @ 10x [ADX 12.6, zone green], 60238.627631 units)",0.55,-10.0,5.0,58553.096646,35939.89,7187.98,0.0,0.0,3593.99,3593.99,0.0,3593.99,"ENTRY @ 0.61 (small green CHoCH, margin $3593.99 [50% of bank] @ 10x [ADX 12.6, zone green], 58553.096646 units)"
2024-09-29,0.61,0.66,0.61,0.64,442349596.0,4.46,0.6,0.59,0.58,True,14.64,32.64,13.4,,,,,0.66,,HH,,,0.55,-13.85,4.27,60238.627631,38625.01,9045.43,1650.54,22.32,5347.99,3862.5,1485.48,3697.45,,0.55,-13.85,4.27,58553.096646,37544.25,8792.33,1604.35,22.32,5198.34,3754.42,1443.92,3593.99,
2024-09-30,0.64,0.65,0.61,0.61,396654376.0,-4.65,0.6,0.59,0.59,True,16.58,28.71,11.79,,,,,,,,,,0.55,-9.65,5.08,60238.627631,36829.9,7250.32,-1795.11,-19.85,3552.87,3682.99,-130.12,3697.45,,0.55,-9.65,5.08,58553.096646,35799.36,7047.45,-1744.88,-19.85,3453.46,3579.94,-126.47,3593.99,
2024-10-01,0.61,0.63,0.58,0.6,579510147.0,-2.4,0.6,0.59,0.59,True,16.58,24.76,17.71,,,,,,,,,SMALL HL confirmed @ 0.57,0.55,-7.42,5.65,60238.627631,35944.39,6364.81,-885.51,-12.21,2667.37,3594.44,-927.07,3697.45,,0.55,-7.42,5.65,58553.096646,34938.63,6186.72,-860.73,-12.21,2592.73,3493.86,-901.13,3593.99,
2024-10-02,0.6,0.61,0.53,0.54,634074670.0,-9.79,0.59,0.59,0.58,True,16.21,20.46,25.71,,,,,,,,BEAR_CHOCH,SMALL BEAR CHOCH @ 0.54 (level 0.57),,,,,,3697.45,-2667.37,-41.91,0.0,0.0,,3697.45,"** LIQUIDATION EVENT ** @ 0.55 (margin wiped, realized -3697.45)",,,,,,3593.99,-2592.73,-41.91,0.0,0.0,,3593.99,"** LIQUIDATION EVENT ** @ 0.55 (margin wiped, realized -3593.99)"
2024-10-03,0.54,0.54,0.51,0.52,562879573.0,-3.08,0.58,0.58,0.58,True,16.44,18.81,27.9,,,,,,0.51,LL,,,,,,,,3697.45,0.0,0.0,0.0,0.0,,3697.45,,,,,,,3593.99,0.0,0.0,0.0,0.0,,3593.99,
2024-10-04,0.52,0.54,0.51,0.53,341840613.0,2.36,0.57,0.58,0.58,False,16.66,17.63,26.14,,,,,,,,,SMALL HH confirmed @ 0.66,,,,,,3697.45,0.0,0.0,0.0,0.0,,3697.45,,,,,,,3593.99,0.0,0.0,0.0,0.0,,3593.99,
2024-10-05,0.53,0.54,0.53,0.53,107009165.0,-0.86,0.57,0.57,0.57,False,16.86,17.26,25.6,,,,,,,,,,,,,,,3697.45,0.0,0.0,0.0,0.0,,3697.45,,,,,,,3593.99,0.0,0.0,0.0,0.0,,3593.99,
2024-10-06,0.53,0.54,0.53,0.53,90314821.0,0.79,0.56,0.57,0.57,False,16.95,17.35,25.02,,,,,,,,,,,,,,,3697.45,0.0,0.0,0.0,0.0,,3697.45,,,,,,,3593.99,0.0,0.0,0.0,0.0,,3593.99,
2024-10-07,0.53,0.55,0.53,0.53,246483895.0,-0.94,0.56,0.56,0.57,False,16.6,18.76,23.95,,,,,0.55,,LH,,,,,,,,3697.45,0.0,0.0,0.0,0.0,,3697.45,,,,,,,3593.99,0.0,0.0,0.0,0.0,,3593.99,
2024-10-08,0.53,0.54,0.52,0.53,164201090.0,0.45,0.55,0.56,0.56,False,16.57,18.05,25.01,,,,,,0.52,HL,,SMALL LL confirmed @ 0.51,,,,,,3697.45,0.0,0.0,0.0,0.0,,3697.45,,,,,,,3593.99,0.0,0.0,0.0,0.0,,3593.99,
2024-10-09,0.53,0.53,0.52,0.52,169687079.0,-1.22,0.55,0.56,0.56,False,16.54,17.39,24.11,,,,,,,,,,,,,,,3697.45,0.0,0.0,0.0,0.0,,3697.45,,,,,,,3593.99,0.0,0.0,0.0,0.0,,3593.99,
2024-10-10,0.52,0.55,0.52,0.53,267008101.0,1.14,0.55,0.55,0.56,False,15.96,19.15,22.66,,,,,,,,,,,,,,,3697.45,0.0,0.0,0.0,0.0,,3697.45,,,,,,,3593.99,0.0,0.0,0.0,0.0,,3593.99,
2024-10-11,0.53,0.54,0.53,0.54,196729073.0,1.56,0.54,0.55,0.56,False,15.42,18.49,21.88,,,,,,,,,,,,,,,3697.45,0.0,0.0,0.0,0.0,,3697.45,,,,,,,3593.99,0.0,0.0,0.0,0.0,,3593.99,
2024-10-12,0.54,0.54,0.54,0.54,83887179.0,0.09,0.54,0.55,0.56,False,14.84,18.45,21.37,,,,,,,,,SMALL LH confirmed @ 0.55,,,,,,3697.45,0.0,0.0,0.0,0.0,,3697.45,,,,,,,3593.99,0.0,0.0,0.0,0.0,,3593.99,
2024-10-13,0.54,0.54,0.53,0.53,94059459.0,-1.34,0.54,0.55,0.55,False,14.8,17.65,23.51,,,,,,,,,SMALL HL confirmed @ 0.52,,,,,,3697.45,0.0,0.0,0.0,0.0,,3697.45,,,,,,,3593.99,0.0,0.0,0.0,0.0,,3593.99,
2024-10-14,0.53,0.55,0.53,0.55,219397937.0,3.04,0.54,0.55,0.55,False,14.0,20.26,21.79,,,,,,,,BULL_CHOCH,SMALL BULL CHOCH @ 0.55 (level 0.55),0.27,-50.0,1.0,6743.47431,3697.45,3697.45,0.0,0.0,1848.72,1848.72,-0.0,1848.72,"ENTRY @ 0.55 (small green CHoCH, margin $1848.72 [50% of bank] @ 2x [ADX 14.0, zone red], 6743.474310 units)",0.27,-50.0,1.0,6554.785833,3593.99,3593.99,0.0,0.0,1796.99,1796.99,0.0,1796.99,"ENTRY @ 0.55 (small green CHoCH, margin $1796.99 [50% of bank] @ 2x [ADX 14.0, zone red], 6554.785833 units)"
2024-10-15,0.55,0.56,0.53,0.54,283568637.0,-1.2,0.54,0.55,0.55,False,13.08,19.75,20.2,,,,,,,,,,0.27,-49.39,1.0,6743.47431,3652.94,3652.94,-44.51,-1.2,1804.22,1826.47,-22.25,1848.72,,0.27,-49.39,1.0,6554.785833,3550.73,3550.73,-43.26,-1.2,1753.73,1775.36,-21.63,1796.99,
2024-10-16,0.54,0.55,0.54,0.55,222285502.0,1.2,0.54,0.55,0.55,False,12.23,18.76,19.18,,,,,,,,,,0.27,-49.99,1.0,6743.47431,3696.77,3696.77,43.83,1.2,1848.05,1848.39,-0.34,1848.72,,0.27,-49.99,1.0,6554.785833,3593.33,3593.33,42.61,1.2,1796.34,1796.67,-0.33,1796.99,
2024-10-17,0.55,0.57,0.54,0.54,312103613.0,-0.75,0.54,0.55,0.55,False,12.01,21.27,17.72,,,,,0.57,,HH,,,0.27,-49.61,1.0,6743.47431,3669.12,3669.12,-27.65,-0.75,1820.4,1834.56,-14.16,1848.72,,0.27,-49.61,1.0,6554.785833,3566.46,3566.46,-26.87,-0.75,1769.46,1783.23,-13.77,1796.99,
2024-10-18,0.54,0.55,0.54,0.55,219767509.0,0.44,0.54,0.55,0.55,False,11.66,20.36,17.66,,,,,,,,,,0.27,-49.84,1.0,6743.47431,3685.31,3685.31,16.18,0.44,1836.59,1842.65,-6.07,1848.72,,0.27,-49.84,1.0,6554.785833,3582.19,3582.19,15.73,0.44,1785.2,1791.1,-5.9,1796.99,
2024-10-19,0.55,0.55,0.54,0.54,90144479.0,-0.46,0.54,0.55,0.55,False,11.33,19.73,17.11,,,,,,,,,,0.27,-49.6,1.0,6743.47431,3668.45,3668.45,-16.86,-0.46,1819.73,1834.23,-14.5,1848.72,,0.27,-49.6,1.0,6554.785833,3565.8,3565.8,-16.39,-0.46,1768.81,1782.9,-14.09,1796.99,
2024-10-20,0.54,0.55,0.54,0.55,117461950.0,0.77,0.54,0.55,0.55,False,10.74,18.89,17.75,,,,,,,,,,0.27,-49.99,1.0,6743.47431,3696.77,3696.77,28.32,0.77,1848.05,1848.39,-0.34,1848.72,,0.27,-49.99,1.0,6554.785833,3593.33,3593.33,27.53,0.77,1796.34,1796.67,-0.33,1796.99,
2024-10-21,0.55,0.56,0.54,0.54,283328526.0,-0.6,0.54,0.55,0.55,False,10.93,21.65,16.54,,,,,,,,,,0.27,-49.69,1.0,6743.47431,3674.52,3674.52,-22.25,-0.6,1825.8,1837.26,-11.46,1848.72,,0.27,-49.69,1.0,6554.785833,3571.7,3571.7,-21.63,-0.6,1774.71,1785.85,-11.14,1796.99,
2024-10-22,0.54,0.55,0.53,0.53,250206589.0,-2.02,0.54,0.55,0.55,False,10.28,20.11,19.41,,,,,,,,,SMALL HH confirmed @ 0.57,0.27,-48.65,1.0,6743.47431,3600.34,3600.34,-74.18,-2.02,1751.62,1800.17,-48.55,1848.72,,0.27,-48.65,1.0,6554.785833,3499.6,3499.6,-72.1,-2.02,1702.61,1749.8,-47.19,1796.99,
2024-10-23,0.53,0.53,0.51,0.53,211146628.0,-1.52,0.54,0.54,0.55,False,10.43,18.57,23.86,,,,,,,,,,0.27,-47.86,1.0,6743.47431,3545.72,3545.72,-54.62,-1.52,1697.0,1772.86,-75.86,1848.72,,0.27,-47.86,1.0,6554.785833,3446.51,3446.51,-53.09,-1.52,1649.51,1723.25,-73.74,1796.99,
2024-10-24,0.53,0.53,0.52,0.53,195840193.0,1.18,0.54,0.54,0.55,False,10.58,17.93,23.04,,,,,,,,,,0.27,-48.47,1.0,6743.47431,3587.53,3587.53,41.81,1.18,1738.8,1793.76,-54.96,1848.72,,0.27,-48.47,1.0,6554.785833,3487.15,3487.15,40.64,1.18,1690.15,1743.57,-53.42,1796.99,
2024-10-25,0.53,0.53,0.49,0.5,350905027.0,-5.6,0.53,0.54,0.54,False,12.35,15.24,31.96,,0.49,HL,,,,,BEAR_CHOCH,SMALL BEAR CHOCH @ 0.50 (level 0.52),,,,,,3386.57,-200.96,-5.6,0.0,0.0,,3386.57,"EXIT @ 0.50 (small red CHoCH, realized -310.87)",,,,,,3291.81,-195.33,-5.6,0.0,0.0,,3291.81,"EXIT @ 0.50 (small red CHoCH, realized -302.18)"
2024-10-26,0.5,0.52,0.5,0.51,121828009.0,2.23,0.53,0.54,0.54,False,14.0,14.41,30.21,,,,,,0.5,LL,,,,,,,,3386.57,0.0,0.0,0.0,0.0,,3386.57,,,,,,,3291.81,0.0,0.0,0.0,0.0,,3291.81,
2024-10-27,0.51,0.52,0.51,0.52,65734998.0,0.66,0.53,0.53,0.54,False,15.33,14.96,29.46,,,,,,,,,,,,,,,3386.57,0.0,0.0,0.0,0.0,,3386.57,,,,,,,3291.81,0.0,0.0,0.0,0.0,,3291.81,
2024-10-28,0.52,0.52,0.51,0.52,159504690.0,0.52,0.53,0.53,0.54,False,16.28,15.73,28.36,,,,,,,,,,,,,,,3386.57,0.0,0.0,0.0,0.0,,3386.57,,,,,,,3291.81,0.0,0.0,0.0,0.0,,3291.81,
2024-10-29,0.52,0.53,0.52,0.53,220863830.0,1.71,0.53,0.53,0.54,False,16.5,18.29,27.1,,,,,0.53,,LH,,,,,,,,3386.57,0.0,0.0,0.0,0.0,,3386.57,,,,,,,3291.81,0.0,0.0,0.0,0.0,,3291.81,
2024-10-30,0.53,0.53,0.52,0.52,177555669.0,-1.04,0.53,0.53,0.54,False,16.71,17.65,26.15,,,,,,,,,,,,,,,3386.57,0.0,0.0,0.0,0.0,,3386.57,,,,,,,3291.81,0.0,0.0,0.0,0.0,,3291.81,
2024-10-31,0.52,0.52,0.5,0.51,195063825.0,-2.56,0.52,0.53,0.53,False,17.67,16.25,30.3,,,,,,,,,SMALL LL confirmed @ 0.50,,,,,,3386.57,0.0,0.0,0.0,0.0,,3386.57,,,,,,,3291.81,0.0,0.0,0.0,0.0,,3291.81,
2024-11-01,0.51,0.52,0.5,0.51,277144347.0,0.71,0.52,0.53,0.53,False,18.59,14.91,28.03,,,,,,,,,,,,,,,3386.57,0.0,0.0,0.0,0.0,,3386.57,,,,,,,3291.81,0.0,0.0,0.0,0.0,,3291.81,
2024-11-02,0.51,0.52,0.51,0.51,68679320.0,-0.55,0.52,0.53,0.53,False,19.45,14.35,26.96,,,,,,,,,,,,,,,3386.57,0.0,0.0,0.0,0.0,,3386.57,,,,,,,3291.81,0.0,0.0,0.0,0.0,,3291.81,
2024-11-03,0.51,0.51,0.49,0.5,176012483.0,-1.43,0.52,0.52,0.53,False,20.88,13.26,30.61,,,,,,0.49,LL,,SMALL LH confirmed @ 0.53,,,,,,3386.57,0.0,0.0,0.0,0.0,,3386.57,,,,,,,3291.81,0.0,0.0,0.0,0.0,,3291.81,
2024-11-04,0.5,0.51,0.5,0.5,211259474.0,0.1,0.52,0.52,0.53,False,21.88,13.68,28.35,,,,,,,,,,,,,,,3386.57,0.0,0.0,0.0,0.0,,3386.57,,,,,,,3291.81,0.0,0.0,0.0,0.0,,3291.81,
2024-11-05,0.5,0.52,0.5,0.51,190711816.0,2.09,0.52,0.52,0.53,False,22.41,14.48,26.45,,,,,,,,,,,,,,,3386.57,0.0,0.0,0.0,0.0,,3386.57,,,,,,,3291.81,0.0,0.0,0.0,0.0,,3291.81,
2024-11-06,0.51,0.55,0.51,0.54,452294069.0,5.41,0.52,0.52,0.53,False,20.85,22.98,23.24,,,,,,,,BULL_CHOCH,SMALL BULL CHOCH @ 0.54 (level 0.53),0.27,-50.0,1.0,6250.595789,3386.57,3386.57,0.0,0.0,1693.29,1693.29,0.0,1693.29,"ENTRY @ 0.54 (small green CHoCH, margin $1693.29 [50% of bank] @ 2x [ADX 20.9, zone red], 6250.595789 units)",0.27,-50.0,1.0,6075.698496,3291.81,3291.81,0.0,0.0,1645.91,1645.91,0.0,1645.91,"ENTRY @ 0.54 (small green CHoCH, margin $1645.91 [50% of bank] @ 2x [ADX 20.9, zone red], 6075.698496 units)"
2024-11-07,0.54,0.58,0.54,0.56,348528218.0,2.55,0.52,0.53,0.53,False,20.85,30.57,20.0,,,,,,,,,,0.27,-51.24,1.0,6250.595789,3472.83,3472.83,86.26,2.55,1779.54,1736.42,43.13,1693.29,,0.27,-51.24,1.0,6075.698496,3375.66,3375.66,83.84,2.55,1729.75,1687.83,41.92,1645.91,
2024-11-08,0.56,0.56,0.54,0.55,261155203.0,-0.34,0.53,0.53,0.53,False,20.86,28.61,18.71,,,,,,,,,SMALL LL confirmed @ 0.49,0.27,-51.07,1.0,6250.595789,3460.95,3460.95,-11.88,-0.34,1767.67,1730.48,37.19,1693.29,,0.27,-51.07,1.0,6075.698496,3364.11,3364.11,-11.54,-0.34,1718.21,1682.06,36.15,1645.91,
2024-11-09,0.55,0.56,0.54,0.56,230978970.0,1.01,0.53,0.53,0.53,True,20.95,27.47,17.52,,,,,,,,,,0.27,-51.56,1.0,6250.595789,3495.96,3495.96,35.0,1.01,1802.67,1747.98,54.69,1693.29,,0.27,-51.56,1.0,6075.698496,3398.14,3398.14,34.02,1.01,1752.23,1699.07,53.16,1645.91,
2024-11-10,0.56,0.62,0.56,0.59,712821995.0,5.2,0.54,0.54,0.54,True,22.82,39.37,14.17,,,,,,,,,,0.27,-53.96,1.0,6250.595789,3677.85,3677.85,181.89,5.2,1984.56,1838.93,145.64,1693.29,,0.27,-53.96,1.0,6075.698496,3574.94,3574.94,176.8,5.2,1929.03,1787.47,141.56,1645.91,
2024-11-11,0.59,0.63,0.57,0.62,661084405.0,5.49,0.55,0.55,0.54,True,24.85,36.56,11.76,,,,,,,,,,0.27,-56.36,1.0,6250.595789,3879.74,3879.74,201.89,5.49,2186.46,1939.87,246.59,1693.29,,0.27,-56.36,1.0,6075.698496,3771.19,3771.19,196.25,5.49,2125.28,1885.59,239.69,1645.91,
2024-11-12,0.62,0.74,0.6,0.7,1776854012.0,13.42,0.58,0.56,0.56,True,28.1,47.77,8.31,,,,BULL_BOS,,,,,BIG BULL BOS @ 0.70 (level 0.64),0.27,-61.52,1.0,6250.595789,4400.42,4400.42,520.67,13.42,2707.13,2200.21,506.92,1693.29,,0.27,-61.52,1.0,6075.698496,4277.29,4277.29,506.11,13.42,2631.39,2138.65,492.74,1645.91,
2024-11-13,0.7,0.75,0.64,0.69,1208545721.0,-2.02,0.59,0.57,0.57,True,31.19,40.02,6.7,,,,,,,,,,0.27,-60.73,1.0,6250.595789,4311.66,4311.66,-88.76,-2.02,2618.37,2155.83,462.54,1693.29,,0.27,-60.73,1.0,6075.698496,4191.02,4191.02,-86.27,-2.02,2545.11,2095.51,449.6,1645.91,
2024-11-14,0.69,0.85,0.68,0.77,1349353792.0,12.15,0.62,0.59,0.58,True,34.65,44.87,5.09,,,,,,,,,,0.27,-64.98,1.0,6250.595789,4835.46,4835.46,523.8,12.15,3142.17,2417.73,724.44,1693.29,,0.27,-64.98,1.0,6075.698496,4700.16,4700.16,509.14,12.15,3054.25,2350.08,704.17,1645.91,
2024-11-15,0.77,0.93,0.77,0.89,1413430891.0,15.33,0.66,0.62,0.6,True,38.16,46.12,4.08,,,,,,,,,,0.27,-69.64,1.0,6250.595789,5576.78,5576.78,741.32,15.33,3883.5,2788.39,1095.1,1693.29,,0.27,-69.64,1.0,6075.698496,5420.74,5420.74,720.58,15.33,3774.83,2710.37,1064.46,1645.91,
2024-11-16,0.89,1.27,0.88,1.12,2373030780.0,25.63,0.73,0.67,0.64,True,41.97,60.4,2.66,,,,,1.27,,HH,,,0.27,-75.83,1.0,6250.595789,7006.29,7006.29,1429.51,25.63,5313.01,3503.15,1809.86,1693.29,,0.27,-75.83,1.0,6075.698496,6810.25,6810.25,1389.51,25.63,5164.34,3405.13,1759.22,1645.91,
2024-11-17,1.12,1.16,1.0,1.05,1245814358.0,-5.94,0.78,0.7,0.67,True,45.51,52.5,2.31,,,,,,1.0,HL,,,0.27,-74.31,1.0,6250.595789,6590.0,6590.0,-416.29,-5.94,4896.72,3295.0,1601.72,1693.29,,0.27,-74.31,1.0,6075.698496,6405.61,6405.61,-404.64,-5.94,4759.7,3202.8,1556.9,1645.91,
2024-11-18,1.05,1.19,1.05,1.11,941344489.0,5.63,0.83,0.74,0.71,True,48.83,49.05,2.07,,,,,,,,,,0.27,-75.68,1.0,6250.595789,6961.29,6961.29,371.29,5.63,5268.0,3480.64,1787.36,1693.29,,0.27,-75.68,1.0,6075.698496,6766.51,6766.51,360.9,5.63,5120.6,3383.25,1737.35,1645.91,
2024-11-19,1.11,1.15,1.07,1.1,562678894.0,-1.2,0.88,0.78,0.73,True,51.9,45.92,1.94,,,,,,,,,,0.27,-75.38,1.0,6250.595789,6877.53,6877.53,-83.76,-1.2,5184.24,3438.77,1745.48,1693.29,,0.27,-75.38,1.0,6075.698496,6685.09,6685.09,-81.41,-1.2,5039.18,3342.55,1696.64,1645.91,
2024-11-20,1.1,1.15,1.06,1.1,609804658.0,0.35,0.91,0.81,0.76,True,54.44,42.41,2.85,,,,,,,,,,0.27,-75.46,1.0,6250.595789,6901.28,6901.28,23.75,0.35,5208.0,3450.64,1757.36,1693.29,,0.27,-75.46,1.0,6075.698496,6708.18,6708.18,23.09,0.35,5062.27,3354.09,1708.18,1645.91,
2024-11-21,1.1,1.26,1.08,1.25,1050788977.0,12.94,0.96,0.85,0.8,True,56.96,44.94,2.45,,,,,,,,,SMALL HH confirmed @ 1.27,0.27,-78.28,1.0,6250.595789,7794.49,7794.49,893.21,12.94,6101.21,3897.25,2203.96,1693.29,,0.27,-78.28,1.0,6075.698496,7576.4,7576.4,868.22,12.94,5930.49,3788.2,2142.29,1645.91,
2024-11-22,1.25,1.5,1.25,1.47,1597772473.98,18.09,1.04,0.91,0.85,True,59.5,53.06,2.04,,,,,,,,BULL_BOS,SMALL HL confirmed @ 1.00 | SMALL BULL BOS @ 1.47 (level 1.27),0.27,-81.6,1.0,6250.595789,9204.63,9204.63,1410.13,18.09,7511.34,4602.31,2909.03,1693.29,,0.27,-81.6,1.0,6075.698496,8947.07,8947.07,1370.68,18.09,7301.17,4473.54,2827.63,1645.91,
2024-11-23,1.47,1.63,1.4,1.47,1243933645.71,-0.28,1.11,0.96,0.89,True,61.94,53.65,1.75,,,,,1.63,,HH,,,0.27,-81.55,1.0,6250.595789,9179.0,9179.0,-25.63,-0.28,7485.71,4589.5,2896.21,1693.29,,0.27,-81.55,1.0,6075.698496,8922.16,8922.16,-24.91,-0.28,7276.26,4461.08,2815.17,1645.91,
2024-11-24,1.47,1.51,1.28,1.43,960628070.0,-2.41,1.16,1.01,0.93,True,62.4,46.4,8.74,,,,,,1.28,HL,,,0.27,-81.1,1.0,6250.595789,8957.73,8957.73,-221.27,-2.41,7264.44,4478.86,2785.58,1693.29,,0.27,-81.1,1.0,6075.698496,8707.08,8707.08,-215.08,-2.41,7061.18,4353.54,2707.64,1645.91,
2024-11-25,1.43,1.54,1.36,1.41,912385354.0,-1.32,1.2,1.05,0.97,True,62.88,43.11,7.84,,,,,,,,,,0.27,-80.84,1.0,6250.595789,8839.59,8839.59,-118.14,-1.32,7146.31,4419.8,2726.51,1693.29,,0.27,-80.84,1.0,6075.698496,8592.25,8592.25,-114.83,-1.32,6946.35,4296.13,2650.22,1645.91,
2024-11-26,1.41,1.46,1.28,1.4,777417208.0,-1.12,1.23,1.08,1.0,True,62.4,39.02,10.98,,,,,,,,,,0.27,-80.63,1.0,6250.595789,8740.83,8740.83,-98.76,-1.12,7047.55,4370.42,2677.13,1693.29,,0.27,-80.63,1.0,6075.698496,8496.26,8496.26,-96.0,-1.12,6850.35,4248.13,2602.22,1645.91,
2024-11-27,1.4,1.52,1.35,1.47,594887636.0,5.09,1.26,1.12,1.04,True,62.16,38.85,9.99,,,,,,,,,,0.27,-81.57,1.0,6250.595789,9185.88,9185.88,445.04,5.09,7492.59,4592.94,2899.65,1693.29,,0.27,-81.57,1.0,6075.698496,8928.85,8928.85,432.59,5.09,7282.94,4464.42,2818.52,1645.91,
2024-11-28,1.47,1.55,1.43,1.54,440541778.0,4.93,1.31,1.16,1.07,True,62.02,37.74,9.37,,,,,,,,,SMALL HH confirmed @ 1.63,0.27,-82.43,1.0,6250.595789,9639.04,9639.04,453.17,4.93,7945.76,4819.52,3126.24,1693.29,,0.27,-82.43,1.0,6075.698496,9369.33,9369.33,440.49,4.93,7723.43,4684.67,3038.76,1645.91,
2024-11-29,1.54,1.81,1.52,1.8,1055874162.77,16.76,1.38,1.22,1.13,True,62.6,45.55,8.02,,,,,,,,BULL_BOS,SMALL HL confirmed @ 1.28 | SMALL BULL BOS @ 1.80 (level 1.63),0.27,-84.96,1.0,6250.595789,11254.82,11254.82,1615.78,16.76,9561.54,5627.41,3934.12,1693.29,,0.27,-84.96,1.0,6075.698496,10939.9,10939.9,1570.57,16.76,9294.0,5469.95,3824.04,1645.91,
2024-11-30,1.8,1.96,1.76,1.95,1118556534.97,8.37,1.47,1.29,1.19,True,63.4,48.17,7.27,,,,,,,,,,0.27,-86.12,1.0,6250.595789,12196.79,12196.79,941.96,8.37,10503.5,6098.39,4405.11,1693.29,,0.27,-86.12,1.0,6075.698496,11855.51,11855.51,915.61,8.37,10209.6,5927.76,4281.85,1645.91,
2024-12-01,1.95,2.35,1.85,2.29,1171510986.43,17.55,1.6,1.38,1.27,True,64.64,54.36,5.77,,,,,,,,,,0.27,-88.19,1.0,6250.595789,14336.99,14336.99,2140.2,17.55,12643.71,7168.5,5475.21,1693.29,,0.27,-88.19,1.0,6075.698496,13935.83,13935.83,2080.32,17.55,12289.92,6967.91,5322.01,1645.91,
2024-12-02,2.29,2.87,2.2,2.72,2543716698.49,18.78,1.77,1.51,1.38,True,66.18,59.74,4.44,,,,,,,,,,0.27,-90.06,1.0,6250.595789,17029.75,17029.75,2692.76,18.78,15336.46,8514.87,6821.59,1693.29,,0.27,-90.06,1.0,6075.698496,16553.24,16553.24,2617.41,18.78,14907.33,8276.62,6630.71,1645.91,
2024-12-03,2.72,2.91,2.25,2.51,1955605237.21,-7.87,1.88,1.61,1.46,True,67.63,49.17,3.58,,,,,2.91,,HH,,,0.27,-89.21,1.0,6250.595789,15690.25,15690.25,-1339.5,-7.87,13996.96,7845.12,6151.84,1693.29,,0.27,-89.21,1.0,6075.698496,15251.22,15251.22,-1302.02,-7.87,13605.31,7625.61,5979.7,1645.91,
2024-12-04,2.51,2.68,2.28,2.36,1127878148.0,-6.09,1.96,1.68,1.53,True,68.97,43.61,3.17,,,,,,,,,,0.27,-88.51,1.0,6250.595789,14735.15,14735.15,-955.09,-6.09,13041.87,7367.58,5674.29,1693.29,,0.27,-88.51,1.0,6075.698496,14322.85,14322.85,-928.37,-6.09,12676.94,7161.43,5515.52,1645.91,
2024-12-05,2.36,2.49,2.17,2.24,1095218093.0,-4.78,2.0,1.73,1.58,True,69.36,39.74,5.82,,,,,,,,,,0.27,-87.93,1.0,6250.595789,14030.09,14030.09,-705.07,-4.78,12336.8,7015.04,5321.76,1693.29,,0.27,-87.93,1.0,6075.698496,13637.51,13637.51,-685.34,-4.78,11991.61,6818.76,5172.85,1645.91,
2024-12-06,2.24,2.46,2.23,2.43,671195786.0,8.07,2.07,1.8,1.64,True,69.72,37.09,5.44,,,,,,,,,,0.27,-88.83,1.0,6250.595789,15162.07,15162.07,1131.98,8.07,13468.78,7581.04,5887.75,1693.29,,0.27,-88.83,1.0,6075.698496,14737.82,14737.82,1100.31,8.07,13091.92,7368.91,5723.0,1645.91,
2024-12-07,2.43,2.62,2.38,2.61,541326545.0,7.59,2.15,1.88,1.72,True,70.24,39.02,5.08,,,,,,,,,,0.27,-89.62,1.0,6250.595789,16313.43,16313.43,1151.36,7.59,14620.14,8156.71,6463.43,1693.29,,0.27,-89.62,1.0,6075.698496,15856.97,15856.97,1119.14,7.59,14211.06,7928.48,6282.58,1645.91,
2024-12-08,2.61,2.65,2.48,2.6,456273582.0,-0.33,2.22,1.94,1.78,True,70.75,37.98,4.84,,,,,,,,,SMALL HH confirmed @ 2.91,0.27,-89.59,1.0,6250.595789,16259.67,16259.67,-53.76,-0.33,14566.39,8129.84,6436.55,1693.29,,0.27,-89.59,1.0,6075.698496,15804.71,15804.71,-52.25,-0.33,14158.81,7902.36,6256.45,1645.91,
2024-12-09,2.6,2.61,2.0,2.21,991793616.0,-14.95,2.22,1.97,1.81,True,67.94,31.96,16.68,,,,,,,,,,0.27,-87.76,1.0,6250.595789,13828.82,13828.82,-2430.86,-14.95,12135.53,6914.41,5221.12,1693.29,,0.27,-87.76,1.0,6075.698496,13441.88,13441.88,-2362.84,-14.95,11795.97,6720.94,5075.03,1645.91,
2024-12-10,2.21,2.42,1.9,2.37,1376683984.0,7.16,2.24,2.01,1.85,True,64.81,27.89,17.04,,,,,,1.9,HL,,,0.27,-88.57,1.0,6250.595789,14819.54,14819.54,990.72,7.16,13126.25,7409.77,5716.48,1693.29,,0.27,-88.57,1.0,6075.698496,14404.87,14404.87,963.0,7.16,12758.97,7202.44,5556.53,1645.91,
2024-12-11,2.37,2.47,2.23,2.39,696138801.0,0.98,2.27,2.05,1.89,True,62.06,27.47,16.02,,,,,,,,,,0.27,-88.68,1.0,6250.595789,14964.55,14964.55,145.01,0.98,13271.26,7482.28,5788.99,1693.29,,0.27,-88.68,1.0,6075.698496,14545.83,14545.83,140.96,0.98,12899.92,7272.91,5627.01,1645.91,
2024-12-12,2.39,2.48,2.31,2.34,528351934.0,-2.33,2.28,2.07,1.93,True,59.56,26.59,15.3,,,,,,,,,,0.27,-88.42,1.0,6250.595789,14616.39,14616.39,-348.16,-2.33,12923.11,7308.2,5614.91,1693.29,,0.27,-88.42,1.0,6075.698496,14207.41,14207.41,-338.42,-2.33,12561.51,7103.71,5457.8,1645.91,
2024-12-13,2.34,2.48,2.28,2.42,468083967.0,3.56,2.3,2.11,1.96,True,57.09,25.24,15.15,,,,,,,,,,0.27,-88.81,1.0,6250.595789,15137.07,15137.07,520.67,3.56,13443.78,7568.53,5875.25,1693.29,,0.27,-88.81,1.0,6075.698496,14713.52,14713.52,506.11,3.56,13067.61,7356.76,5710.85,1645.91,
2024-12-14,2.42,2.53,2.35,2.4,347447120.0,-0.88,2.31,2.13,2.0,True,54.98,25.46,14.43,,,,,,,,,BIG HL confirmed @ 0.49,0.27,-88.71,1.0,6250.595789,15004.56,15004.56,-132.51,-0.88,13311.27,7502.28,5808.99,1693.29,,0.27,-88.71,1.0,6075.698496,14584.71,14584.71,-128.8,-0.88,12938.81,7292.36,5646.45,1645.91,
2024-12-15,2.4,2.47,2.37,2.45,275970977.0,1.93,2.33,2.16,2.03,True,53.03,24.71,14.01,,,,,,,,,SMALL HL confirmed @ 1.90,0.27,-88.93,1.0,6250.595789,15294.58,15294.58,290.03,1.93,13601.3,7647.29,5954.01,1693.29,,0.27,-88.93,1.0,6075.698496,14866.63,14866.63,281.91,1.93,13220.72,7433.31,5787.41,1645.91,
2024-12-16,2.45,2.59,2.33,2.48,603893921.0,1.52,2.36,2.19,2.06,True,51.64,26.15,13.01,,,,,,,,,,0.27,-89.09,1.0,6250.595789,15527.1,15527.1,232.52,1.52,13833.82,7763.55,6070.27,1693.29,,0.27,-89.09,1.0,6075.698496,15092.64,15092.64,226.02,1.52,13446.74,7546.32,5900.41,1645.91,
2024-12-17,2.48,2.73,2.44,2.57,745688394.0,3.35,2.39,2.23,2.1,True,50.81,27.97,11.97,,,,,2.73,,LH,,,0.27,-89.45,1.0,6250.595789,16047.15,16047.15,520.05,3.35,14353.87,8023.58,6330.29,1693.29,,0.27,-89.45,1.0,6075.698496,15598.14,15598.14,505.5,3.35,13952.23,7799.07,6153.16,1645.91,
2024-12-18,2.57,2.59,2.25,2.31,759860891.0,-10.01,2.38,2.24,2.12,True,48.79,25.36,16.06,,,,,,,,,,0.27,-88.27,1.0,6250.595789,14440.75,14440.75,-1606.4,-10.01,12747.47,7220.38,5527.09,1693.29,,0.27,-88.27,1.0,6075.698496,14036.69,14036.69,-1561.45,-10.01,12390.78,7018.34,5372.44,1645.91,
2024-12-19,2.31,2.43,2.16,2.24,811210695.0,-3.09,2.36,2.24,2.13,True,46.39,23.5,17.27,,,,,,,,,,0.27,-87.9,1.0,6250.595789,13995.08,13995.08,-445.67,-3.09,12301.8,6997.54,5304.26,1693.29,,0.27,-87.9,1.0,6075.698496,13603.49,13603.49,-433.2,-3.09,11957.58,6801.74,5155.84,1645.91,
2024-12-20,2.24,2.36,1.96,2.28,1110347016.0,1.8,2.34,2.24,2.14,True,43.14,21.07,20.7,,,,,,1.96,HL,,,0.27,-88.11,1.0,6250.595789,14246.98,14246.98,251.9,1.8,12553.7,7123.49,5430.21,1693.29,,0.27,-88.11,1.0,6075.698496,13848.34,13848.34,244.85,1.8,12202.43,6924.17,5278.26,1645.91,
2024-12-21,2.28,2.39,2.19,2.24,451599864.0,-1.81,2.33,2.24,2.14,True,40.27,20.8,19.62,,,,,2.39,,LH,,,0.27,-87.9,1.0,6250.595789,13988.83,13988.83,-258.15,-1.81,12295.55,6994.42,5301.13,1693.29,,0.27,-87.9,1.0,6075.698496,13597.41,13597.41,-250.93,-1.81,11951.51,6798.71,5152.8,1645.91,
2024-12-22,2.24,2.29,2.16,2.2,310318499.0,-1.56,2.31,2.24,2.15,True,37.44,20.04,19.76,,,,,,,,,SMALL LH confirmed @ 2.73,0.27,-87.7,1.0,6250.595789,13770.69,13770.69,-218.15,-1.56,12077.4,6885.34,5192.06,1693.29,,0.27,-87.7,1.0,6075.698496,13385.37,13385.37,-212.04,-1.56,11739.46,6692.69,5046.78,1645.91,
2024-12-23,2.2,2.28,2.13,2.26,388820902.0,2.66,2.3,2.24,2.16,True,34.88,19.19,19.77,,,,,,,,,,0.27,-88.02,1.0,6250.595789,14136.97,14136.97,366.28,2.66,12443.69,7068.49,5375.2,1693.29,,0.27,-88.02,1.0,6075.698496,13741.41,13741.41,356.04,2.66,12095.5,6870.7,5224.8,1645.91,
2024-12-24,2.26,2.35,2.21,2.32,249021066.0,2.75,2.31,2.25,2.17,True,32.67,20.53,18.97,,,,,,,,,,0.27,-88.34,1.0,6250.595789,14525.13,14525.13,388.16,2.75,12831.85,7262.57,5569.28,1693.29,,0.27,-88.34,1.0,6075.698496,14118.71,14118.71,377.3,2.75,12472.8,7059.35,5413.45,1645.91,
2024-12-25,2.32,2.33,2.26,2.3,162014998.0,-1.14,2.3,2.25,2.18,True,30.61,20.08,18.55,,,,,,,,,SMALL HL confirmed @ 1.96,0.27,-88.21,1.0,6250.595789,14359.49,14359.49,-165.64,-1.14,12666.21,7179.75,5486.46,1693.29,,0.27,-88.21,1.0,6075.698496,13957.7,13957.7,-161.01,-1.14,12311.8,6978.85,5332.94,1645.91,
2024-12-26,2.3,2.32,2.13,2.16,266397920.0,-6.16,2.28,2.24,2.18,True,28.92,18.89,21.66,,,,,,,,,SMALL LH confirmed @ 2.39,0.27,-87.43,1.0,6250.595789,13475.66,13475.66,-883.83,-6.16,11782.37,6737.83,5044.54,1693.29,,0.27,-87.43,1.0,6075.698496,13098.6,13098.6,-859.1,-6.16,11452.69,6549.3,4903.39,1645.91,
2024-12-27,2.16,2.24,2.11,2.15,254236575.0,-0.43,2.26,2.23,2.17,True,27.41,18.13,21.21,,,,,,,,,,0.27,-87.38,1.0,6250.595789,13417.53,13417.53,-58.13,-0.43,11724.24,6708.76,5015.48,1693.29,,0.27,-87.38,1.0,6075.698496,13042.09,13042.09,-56.5,-0.43,11396.19,6521.05,4875.14,1645.91,
2024-12-28,2.15,2.21,2.13,2.18,106144470.0,1.76,2.25,2.23,2.18,True,26.01,17.68,20.68,,,,,,,,,,0.27,-87.6,1.0,6250.595789,13653.18,13653.18,235.65,1.76,11959.89,6826.59,5133.3,1693.29,,0.27,-87.6,1.0,6075.698496,13271.15,13271.15,229.05,1.76,11625.24,6635.57,4989.67,1645.91,
2024-12-29,2.18,2.2,2.07,2.09,129587392.0,-4.12,2.22,2.22,2.17,True,25.09,16.89,21.98,,,,,,,,,,0.27,-87.06,1.0,6250.595789,13090.0,13090.0,-563.18,-4.12,11396.71,6545.0,4851.71,1693.29,,0.27,-87.06,1.0,6075.698496,12723.73,12723.73,-547.42,-4.12,11077.82,6361.86,4715.96,1645.91,
2024-12-30,2.09,2.15,2.0,2.06,326304793.0,-1.7,2.2,2.2,2.16,True,24.66,15.94,23.45,,,,,,2.0,HL,,,0.27,-86.84,1.0,6250.595789,12868.1,12868.1,-221.9,-1.7,11174.82,6434.05,4740.76,1693.29,,0.27,-86.84,1.0,6075.698496,12508.04,12508.04,-215.69,-1.7,10862.13,6254.02,4608.11,1645.91,
2024-12-31,2.06,2.15,2.01,2.08,202867597.0,1.21,2.18,2.19,2.16,True,24.26,15.15,22.28,,,,,,,,,,0.27,-87.0,1.0,6250.595789,13023.74,13023.74,155.64,1.21,11330.45,6511.87,4818.58,1693.29,,0.27,-87.0,1.0,6075.698496,12659.33,12659.33,151.28,1.21,11013.42,6329.66,4683.76,1645.91,
2025-01-01,2.08,2.35,2.08,2.33,340770274.0,11.96,2.2,2.2,2.17,True,22.67,20.97,20.12,,,,,,,,,,0.27,-88.39,1.0,6250.595789,14581.39,14581.39,1557.65,11.96,12888.1,7290.69,5597.41,1693.29,,0.27,-88.39,1.0,6075.698496,14173.39,14173.39,1514.06,11.96,12527.48,7086.69,5440.79,1645.91,
2025-01-02,2.33,2.45,2.33,2.4,361196381.0,2.98,2.24,2.22,2.19,True,21.79,23.61,19.22,,,,,,,,BULL_BOS,SMALL BULL BOS @ 2.40 (level 2.39),0.27,-88.72,1.0,6250.595789,15016.43,15016.43,435.04,2.98,13323.14,7508.22,5814.93,1693.29,,0.27,-88.72,1.0,6075.698496,14596.26,14596.26,422.87,2.98,12950.35,7298.13,5652.22,1645.91,
2025-01-03,2.4,2.48,2.4,2.45,233672728.0,2.18,2.27,2.24,2.21,True,21.12,23.91,18.61,,,,,,,,,,0.27,-88.96,1.0,6250.595789,15343.34,15343.34,326.91,2.18,13650.05,7671.67,5978.38,1693.29,,0.27,-88.96,1.0,6075.698496,14914.02,14914.02,317.76,2.18,13268.11,7457.01,5811.1,1645.91,
2025-01-04,2.45,2.51,2.4,2.42,179793926.0,-1.41,2.29,2.26,2.22,True,20.67,24.03,17.81,,,,,2.51,,HH,,SMALL HL confirmed @ 2.00,0.27,-88.81,1.0,6250.595789,15127.07,15127.07,-216.27,-1.41,13433.78,7563.53,5870.25,1693.29,,0.27,-88.81,1.0,6075.698496,14703.8,14703.8,-210.22,-1.41,13057.89,7351.9,5705.99,1645.91,
2025-01-05,2.42,2.43,2.33,2.4,155537860.0,-0.86,2.31,2.27,2.23,True,19.7,23.05,20.02,,,,,,,,,,0.27,-88.71,1.0,6250.595789,14997.68,14997.68,-129.39,-0.86,13304.39,7498.84,5805.55,1693.29,,0.27,-88.71,1.0,6075.698496,14578.03,14578.03,-125.77,-0.86,12932.12,7289.02,5643.11,1645.91,
2025-01-06,2.4,2.46,2.37,2.42,194293277.0,0.86,2.33,2.29,2.25,True,18.99,23.42,19.26,,,,,,,,,,0.27,-88.81,1.0,6250.595789,15126.44,15126.44,128.76,0.86,13433.16,7563.22,5869.93,1693.29,,0.27,-88.81,1.0,6075.698496,14703.19,14703.19,125.16,0.86,13057.28,7351.6,5705.69,1645.91,
2025-01-07,2.42,2.47,2.26,2.27,342477338.0,-6.15,2.32,2.29,2.25,True,17.76,21.38,22.13,,,,,,,,,,0.27,-88.07,1.0,6250.595789,14196.35,14196.35,-930.09,-6.15,12503.07,7098.18,5404.89,1693.29,,0.27,-88.07,1.0,6075.698496,13799.13,13799.13,-904.06,-6.15,12153.22,6899.56,5253.66,1645.91,
2025-01-08,2.27,2.4,2.2,2.37,401036029.0,4.49,2.33,2.3,2.26,True,17.0,19.64,22.67,,,,,,2.2,HL,,,0.27,-88.58,1.0,6250.595789,14833.29,14833.29,636.94,4.49,13140.0,7416.64,5723.36,1693.29,,0.27,-88.58,1.0,6075.698496,14418.24,14418.24,619.11,4.49,12772.33,7209.12,5563.21,1645.91,
2025-01-09,2.37,2.4,2.24,2.27,294585086.0,-4.25,2.32,2.29,2.26,True,16.29,18.35,21.17,,,,,,,,,SMALL HH confirmed @ 2.51,0.27,-88.08,1.0,6250.595789,14202.6,14202.6,-630.69,-4.25,12509.32,7101.3,5408.02,1693.29,,0.27,-88.08,1.0,6075.698496,13805.2,13805.2,-613.04,-4.25,12159.3,6902.6,5256.69,1645.91,
2025-01-10,2.27,2.37,2.25,2.34,248018278.0,3.05,2.32,2.3,2.27,True,15.64,17.4,20.08,,,,,,,,,,0.27,-88.43,1.0,6250.595789,14635.14,14635.14,432.54,3.05,12941.86,7317.57,5624.29,1693.29,,0.27,-88.43,1.0,6075.698496,14225.64,14225.64,420.44,3.05,12579.73,7112.82,5466.91,1645.91,
2025-01-11,2.34,2.6,2.32,2.58,349172496.0,10.04,2.36,2.32,2.29,True,15.7,24.83,17.83,,,,,,,,BULL_BOS,SMALL BULL BOS @ 2.58 (level 2.51),0.27,-89.49,1.0,6250.595789,16104.03,16104.03,1468.89,10.04,14410.75,8052.02,6358.73,1693.29,,0.27,-89.49,1.0,6075.698496,15653.43,15653.43,1427.79,10.04,14007.52,7826.71,6180.81,1645.91,
2025-01-12,2.58,2.58,2.47,2.5,222912333.0,-2.79,2.38,2.34,2.31,True,15.75,23.67,17.0,,,,,,,,,,0.27,-89.18,1.0,6250.595789,15655.24,15655.24,-448.79,-2.79,13961.96,7827.62,6134.33,1693.29,,0.27,-89.18,1.0,6075.698496,15217.19,15217.19,-436.24,-2.79,13571.29,7608.6,5962.69,1645.91,
2025-01-13,2.5,2.56,2.33,2.52,515356746.0,0.74,2.4,2.36,2.32,True,14.69,21.45,21.04,,,,,,,,,SMALL HL confirmed @ 2.20,0.27,-89.26,1.0,6250.595789,15771.5,15771.5,116.26,0.74,14078.22,7885.75,6192.47,1693.29,,0.27,-89.26,1.0,6075.698496,15330.2,15330.2,113.01,0.74,13684.3,7665.1,6019.19,1645.91,
2025-01-14,2.52,2.7,2.51,2.67,397227342.0,5.71,2.44,2.39,2.35,True,14.58,25.31,19.46,,,,,,,,,,0.27,-89.84,1.0,6250.595789,16672.21,16672.21,900.71,5.71,14978.93,8336.11,6642.82,1693.29,,0.27,-89.84,1.0,6075.698496,16205.71,16205.71,875.51,5.71,14559.8,8102.86,6456.95,1645.91,
2025-01-15,2.67,3.2,2.65,3.14,1062630122.23,17.83,2.55,2.46,2.41,True,16.49,37.88,15.72,,,,,,,,,,0.27,-91.38,1.0,6250.595789,19645.0,19645.0,2972.78,17.83,17951.71,9822.5,8129.21,1693.29,,0.27,-91.38,1.0,6075.698496,19095.31,19095.31,2889.6,17.83,17449.41,9547.66,7901.75,1645.91,
2025-01-16,3.14,3.4,2.92,3.25,1110371222.2,3.25,2.66,2.53,2.47,True,18.78,38.49,13.34,3.4,,HH,,3.4,,HH,,,0.27,-91.65,1.0,6250.595789,20283.81,20283.81,638.81,3.25,18590.52,10141.9,8448.62,1693.29,,0.27,-91.65,1.0,6075.698496,19716.25,19716.25,620.94,3.25,18070.34,9858.12,8212.22,1645.91,
2025-01-17,3.24,3.35,3.18,3.29,529933494.0,1.45,2.76,2.61,2.53,True,20.9,36.27,12.57,,,,,,,,,,0.27,-91.77,1.0,6250.595789,20578.21,20578.21,294.4,1.45,18884.93,10289.11,8595.82,1693.29,,0.27,-91.77,1.0,6075.698496,20002.41,20002.41,286.17,1.45,18356.51,10001.21,8355.3,1645.91,
2025-01-18,3.29,3.3,3.06,3.27,458088944.0,-0.68,2.84,2.67,2.58,True,22.05,33.46,15.37,,,,,,,,,,0.27,-91.71,1.0,6250.595789,20437.57,20437.57,-140.64,-0.68,18744.29,10218.79,8525.5,1693.29,,0.27,-91.71,1.0,6075.698496,19865.71,19865.71,-136.7,-0.68,18219.8,9932.86,8286.95,1645.91,
2025-01-19,3.27,3.29,2.83,2.96,663328805.0,-9.51,2.85,2.7,2.61,True,21.75,28.82,20.1,,,,,,2.83,HL,,,0.27,-90.84,1.0,6250.595789,18493.64,18493.64,-1943.94,-9.51,16800.35,9246.82,7553.53,1693.29,,0.27,-90.84,1.0,6075.698496,17976.17,17976.17,-1889.54,-9.51,16330.26,8988.08,7342.18,1645.91,
2025-01-20,2.96,3.37,2.91,3.11,838761258.0,4.95,2.89,2.74,2.65,True,21.75,27.26,17.51,,,,,3.37,,LH,,,0.27,-91.28,1.0,6250.595789,19409.98,19409.98,916.34,4.95,17716.69,9704.99,8011.7,1693.29,,0.27,-91.28,1.0,6075.698496,18866.87,18866.87,890.7,4.95,17220.96,9433.43,7787.53,1645.91,
2025-01-21,3.11,3.25,3.01,3.17,376423502.0,2.21,2.94,2.78,2.69,True,21.75,25.47,16.36,,,,,,,,,SMALL HH confirmed @ 3.40,0.27,-91.46,1.0,6250.595789,19838.14,19838.14,428.17,2.21,18144.85,9919.07,8225.78,1693.29,,0.27,-91.46,1.0,6075.698496,19283.05,19283.05,416.19,2.21,17637.15,9641.53,7995.62,1645.91,
2025-01-22,3.17,3.29,3.12,3.18,291761274.0,0.2,2.97,2.82,2.72,True,21.91,25.41,15.6,,,,,,,,,,0.27,-91.48,1.0,6250.595789,19878.77,19878.77,40.63,0.2,18185.48,9939.38,8246.1,1693.29,,0.27,-91.48,1.0,6075.698496,19322.54,19322.54,39.49,0.2,17676.64,9661.27,8015.37,1645.91,
2025-01-23,3.18,3.19,3.04,3.12,305314846.0,-1.91,3.0,2.85,2.75,True,21.51,24.29,17.47,,,,,,,,,,0.27,-91.32,1.0,6250.595789,19498.11,19498.11,-380.66,-1.91,17804.82,9749.05,8055.77,1693.29,,0.27,-91.32,1.0,6075.698496,18952.53,18952.53,-370.01,-1.91,17306.63,9476.27,7830.36,1645.91,
2025-01-24,3.12,3.2,3.06,3.1,232626964.0,-0.59,3.01,2.87,2.78,True,21.21,23.69,16.68,,,,,,,,,SMALL HL confirmed @ 2.83,0.27,-91.26,1.0,6250.595789,19382.47,19382.47,-115.64,-0.59,17689.19,9691.24,7997.95,1693.29,,0.27,-91.26,1.0,6075.698496,18840.13,18840.13,-112.4,-0.59,17194.23,9420.07,7774.16,1645.91,
2025-01-25,3.1,3.14,3.08,3.11,99489857.0,0.23,3.03,2.89,2.8,True,20.94,23.18,16.33,,,,,,,,,SMALL LH confirmed @ 3.37,0.27,-91.28,1.0,6250.595789,19426.85,19426.85,44.38,0.23,17733.57,9713.43,8020.14,1693.29,,0.27,-91.28,1.0,6075.698496,18883.27,18883.27,43.14,0.23,17237.36,9441.64,7795.73,1645.91,
2025-01-26,3.11,3.14,3.01,3.02,128937813.0,-2.76,3.03,2.9,2.82,True,20.22,22.16,17.82,,,,,,,,,,0.27,-91.04,1.0,6250.595789,18891.18,18891.18,-535.68,-2.76,17197.89,9445.59,7752.3,1693.29,,0.27,-91.04,1.0,6075.698496,18362.58,18362.58,-520.69,-2.76,16716.68,9181.29,7535.39,1645.91,
2025-01-27,3.02,3.06,2.66,3.06,660056174.0,1.09,3.03,2.92,2.84,True,19.91,19.38,26.68,,,,,,2.66,LL,,,0.27,-91.13,1.0,6250.595789,19096.82,19096.82,205.64,1.09,17403.53,9548.41,7855.12,1693.29,,0.27,-91.13,1.0,6075.698496,18562.47,18562.47,199.89,1.09,16916.57,9281.24,7635.33,1645.91,
2025-01-28,3.06,3.21,3.01,3.06,369470786.0,0.07,3.03,2.93,2.85,True,18.77,22.99,24.94,,,,,3.21,,LH,,,0.27,-91.14,1.0,6250.595789,19109.32,19109.32,12.5,0.07,17416.04,9554.66,7861.37,1693.29,,0.27,-91.14,1.0,6075.698496,18574.63,18574.63,12.15,0.07,16928.72,9287.31,7641.41,1645.91,
2025-01-29,3.06,3.14,2.97,3.07,254756655.0,0.36,3.04,2.95,2.87,True,17.91,21.75,24.83,,,,,,,,,,0.27,-91.17,1.0,6250.595789,19178.7,19178.7,69.38,0.36,17485.42,9589.35,7896.07,1693.29,,0.27,-91.17,1.0,6075.698496,18642.07,18642.07,67.44,0.36,16996.16,9321.03,7675.13,1645.91,
2025-01-30,3.07,3.15,3.05,3.13,173143314.0,1.93,3.05,2.96,2.89,True,17.0,21.57,23.95,,,,,,,,,,0.27,-91.34,1.0,6250.595789,19549.36,19549.36,370.66,1.93,17856.08,9774.68,8081.4,1693.29,,0.27,-91.34,1.0,6075.698496,19002.35,19002.35,360.29,1.93,17356.45,9501.18,7855.27,1645.91,
2025-01-31,3.13,3.13,3.0,3.04,162235322.0,-2.93,3.05,2.97,2.9,True,16.38,20.61,24.37,,,,,,,,,,0.27,-91.08,1.0,6250.595789,18977.43,18977.43,-571.93,-2.93,17284.15,9488.72,7795.43,1693.29,,0.27,-91.08,1.0,6075.698496,18446.43,18446.43,-555.93,-2.93,16800.52,9223.21,7577.31,1645.91,
2025-02-01,3.04,3.07,2.83,2.88,173601404.0,-5.21,3.02,2.96,2.9,True,16.63,18.9,28.26,,,,,,,,,SMALL LL confirmed @ 2.66,0.27,-90.59,1.0,6250.595789,17987.96,17987.96,-989.47,-5.21,16294.68,8993.98,7300.7,1693.29,,0.27,-90.59,1.0,6075.698496,17484.65,17484.65,-961.78,-5.21,15838.74,8742.32,7096.42,1645.91,
2025-02-02,2.88,2.96,2.46,2.58,684089012.0,-10.35,2.96,2.92,2.87,True,18.13,16.02,35.28,,,,,,,,BEAR_CHOCH,SMALL LH confirmed @ 3.21 | SMALL BEAR CHOCH @ 2.58 (level 2.66),,,,,,16126.54,-1861.43,-10.35,0.0,0.0,,16126.54,"EXIT @ 2.58 (small red CHoCH, realized +12739.96)",,,,,,15675.3,-1809.34,-10.35,0.0,0.0,,15675.3,"EXIT @ 2.58 (small red CHoCH, realized +12383.49)"
2025-02-03,2.58,2.78,1.77,2.7,1866758972.0,4.66,2.92,2.9,2.86,True,20.89,12.0,43.55,,1.77,HL,,,1.77,LL,,,,,,,,16126.54,0.0,0.0,0.0,0.0,,16126.54,,,,,,,15675.3,0.0,0.0,0.0,0.0,,15675.3,
2025-02-04,2.7,2.79,2.42,2.53,621552965.0,-6.4,2.86,2.87,2.84,True,23.42,11.07,39.66,,,,,2.79,,LH,,,,,,,,16126.54,0.0,0.0,0.0,0.0,,16126.54,,,,,,,15675.3,0.0,0.0,0.0,0.0,,15675.3,
2025-02-05,2.53,2.57,2.34,2.38,338815093.0,-5.79,2.78,2.82,2.8,False,25.9,10.44,39.44,,,,,,,,,,,,,,,16126.54,0.0,0.0,0.0,0.0,,16126.54,,,,,,,15675.3,0.0,0.0,0.0,0.0,,15675.3,
2025-02-06,2.38,2.47,2.28,2.33,322896937.0,-2.35,2.71,2.77,2.77,False,28.3,9.93,39.06,,,,,,,,,,,,,,,16126.54,0.0,0.0,0.0,0.0,,16126.54,,,,,,,15675.3,0.0,0.0,0.0,0.0,,15675.3,
2025-02-07,2.33,2.54,2.27,2.4,447487945.0,3.09,2.66,2.74,2.74,False,30.09,11.06,36.32,,,,,,,,,,,,,,,16126.54,0.0,0.0,0.0,0.0,,16126.54,,,,,,,15675.3,0.0,0.0,0.0,0.0,,15675.3,
2025-02-08,2.4,2.44,2.35,2.42,154717204.0,0.93,2.63,2.71,2.72,False,31.75,10.81,35.48,,,,,,,,,SMALL LL confirmed @ 1.77,,,,,,16126.54,0.0,0.0,0.0,0.0,,16126.54,,,,,,,15675.3,0.0,0.0,0.0,0.0,,15675.3,
2025-02-09,2.42,2.51,2.31,2.39,204205603.0,-1.08,2.59,2.68,2.69,False,32.82,12.15,33.58,,,,,,2.31,HL,,SMALL LH confirmed @ 2.79,,,,,,16126.54,0.0,0.0,0.0,0.0,,16126.54,,,,,,,15675.3,0.0,0.0,0.0,0.0,,15675.3,
2025-02-10,2.39,2.47,2.32,2.42,207257933.0,1.29,2.56,2.65,2.67,False,33.83,11.64,32.17,,,,,,,,,,,,,,,16126.54,0.0,0.0,0.0,0.0,,16126.54,,,,,,,15675.3,0.0,0.0,0.0,0.0,,15675.3,
2025-02-11,2.42,2.53,2.37,2.41,248182176.0,-0.44,2.54,2.63,2.65,False,34.37,12.72,30.7,,,,,,,,,,,,,,,16126.54,0.0,0.0,0.0,0.0,,16126.54,,,,,,,15675.3,0.0,0.0,0.0,0.0,,15675.3,
2025-02-12,2.41,2.5,2.33,2.47,227957636.0,2.5,2.53,2.62,2.64,False,34.99,12.1,30.35,,,,,,,,,,,,,,,16126.54,0.0,0.0,0.0,0.0,,16126.54,,,,,,,15675.3,0.0,0.0,0.0,0.0,,15675.3,
2025-02-13,2.47,2.61,2.42,2.56,212478703.0,3.5,2.54,2.61,2.63,False,34.78,14.71,28.61,,,,,,,,,,,,,,,16126.54,0.0,0.0,0.0,0.0,,16126.54,,,,,,,15675.3,0.0,0.0,0.0,0.0,,15675.3,
2025-02-14,2.56,2.84,2.53,2.74,407541122.0,6.97,2.57,2.62,2.64,False,33.21,20.14,26.04,,,,,2.84,,HH,,SMALL HL confirmed @ 2.31,,,,,,16126.54,0.0,0.0,0.0,0.0,,16126.54,,,,,,,15675.3,0.0,0.0,0.0,0.0,,15675.3,
2025-02-15,2.74,2.83,2.71,2.76,184181907.0,0.86,2.6,2.64,2.65,False,31.75,19.4,25.08,,,,,,,,,,,,,,,16126.54,0.0,0.0,0.0,0.0,,16126.54,,,,,,,15675.3,0.0,0.0,0.0,0.0,,15675.3,
2025-02-16,2.76,2.81,2.69,2.73,132387997.0,-1.22,2.62,2.64,2.66,False,30.51,18.68,24.94,,,,,,,,,,,,,,,16126.54,0.0,0.0,0.0,0.0,,16126.54,,,,,,,15675.3,0.0,0.0,0.0,0.0,,15675.3,
2025-02-17,2.73,2.76,2.61,2.66,212813356.0,-2.51,2.62,2.65,2.66,False,29.72,17.73,26.27,,,,,,,,,,,,,,,16126.54,0.0,0.0,0.0,0.0,,16126.54,,,,,,,15675.3,0.0,0.0,0.0,0.0,,15675.3,
2025-02-18,2.66,2.67,2.47,2.56,227170019.0,-3.65,2.61,2.64,2.65,False,29.55,16.57,29.06,,,,,,2.47,HL,,,,,,,,16126.54,0.0,0.0,0.0,0.0,,16126.54,,,,,,,15675.3,0.0,0.0,0.0,0.0,,15675.3,
2025-02-19,2.56,2.75,2.51,2.74,208222691.0,6.83,2.63,2.65,2.66,False,28.88,17.8,26.85,,,,,,,,,SMALL HH confirmed @ 2.84,,,,,,16126.54,0.0,0.0,0.0,0.0,,16126.54,,,,,,,15675.3,0.0,0.0,0.0,0.0,,15675.3,
2025-02-20,2.74,2.75,2.67,2.69,161213675.0,-1.83,2.64,2.65,2.66,False,28.25,17.38,26.1,,,,,2.75,,LH,,,,,,,,16126.54,0.0,0.0,0.0,0.0,,16126.54,,,,,,,15675.3,0.0,0.0,0.0,0.0,,15675.3,
2025-02-21,2.69,2.72,2.51,2.57,257754207.0,-4.3,2.63,2.64,2.65,False,28.34,16.15,29.67,,,,,,,,,,,,,,,16126.54,0.0,0.0,0.0,0.0,,16126.54,,,,,,,15675.3,0.0,0.0,0.0,0.0,,15675.3,
2025-02-22,2.57,2.61,2.55,2.57,92516652.0,0.07,2.62,2.64,2.65,False,28.43,15.81,29.04,,,,,,,,,,,,,,,16126.54,0.0,0.0,0.0,0.0,,16126.54,,,,,,,15675.3,0.0,0.0,0.0,0.0,,15675.3,
2025-02-23,2.57,2.6,2.52,2.58,91398009.0,0.09,2.62,2.63,2.64,False,28.63,15.32,29.29,,,,,,,,,SMALL HL confirmed @ 2.47,,,,,,16126.54,0.0,0.0,0.0,0.0,,16126.54,,,,,,,15675.3,0.0,0.0,0.0,0.0,,15675.3,
2025-02-24,2.58,2.61,2.23,2.28,351034781.0,-11.57,2.56,2.6,2.61,False,29.83,13.31,35.46,,,,,,,,BEAR_BOS,SMALL BEAR BOS @ 2.28 (level 2.47),,,,,,16126.54,0.0,0.0,0.0,0.0,,16126.54,,,,,,,15675.3,0.0,0.0,0.0,0.0,,15675.3,
2025-02-25,2.28,2.37,2.06,2.32,762421577.0,1.93,2.53,2.57,2.59,False,31.4,11.95,37.58,,,,,,,,,SMALL LH confirmed @ 2.75,,,,,,16126.54,0.0,0.0,0.0,0.0,,16126.54,,,,,,,15675.3,0.0,0.0,0.0,0.0,,15675.3,
2025-02-26,2.32,2.33,2.15,2.2,364125565.0,-5.34,2.48,2.54,2.56,False,32.85,11.21,35.26,,,,,,,,,,,,,,,16126.54,0.0,0.0,0.0,0.0,,16126.54,,,,,,,15675.3,0.0,0.0,0.0,0.0,,15675.3,
2025-02-27,2.2,2.26,2.15,2.2,229741926.0,0.01,2.43,2.5,2.54,False,34.21,10.77,34.05,,,,,,,,,,,,,,,16126.54,0.0,0.0,0.0,0.0,,16126.54,,,,,,,15675.3,0.0,0.0,0.0,0.0,,15675.3,
2025-02-28,2.2,2.2,1.95,2.15,463166339.0,-2.42,2.39,2.47,2.51,False,35.97,9.83,37.83,,,,,,1.95,LL,,,,,,,,16126.54,0.0,0.0,0.0,0.0,,16126.54,,,,,,,15675.3,0.0,0.0,0.0,0.0,,15675.3,
2025-03-01,2.15,2.22,2.12,2.19,145588191.0,2.16,2.36,2.44,2.48,False,37.43,10.14,36.49,,,,,,,,,,,,,,,16126.54,0.0,0.0,0.0,0.0,,16126.54,,,,,,,15675.3,0.0,0.0,0.0,0.0,,15675.3,
2025-03-02,2.19,3.0,2.17,2.94,806955619.0,34.13,2.45,2.49,2.52,False,35.12,30.59,27.63,3.0,,LH,,3.0,,HH,BULL_CHOCH,SMALL BULL CHOCH @ 2.94 (level 2.75),1.47,-50.0,1.0,5485.963102,16126.54,16126.54,0.0,0.0,8063.27,8063.27,0.0,8063.27,"ENTRY @ 2.94 (small green CHoCH, margin $8063.27 [50% of bank] @ 2x [ADX 35.1, zone red], 5485.963102 units)",1.47,-50.0,1.0,5332.46092,15675.3,15675.3,0.0,0.0,7837.65,7837.65,0.0,7837.65,"ENTRY @ 2.94 (small green CHoCH, margin $7837.65 [50% of bank] @ 2x [ADX 35.1, zone red], 5332.460920 units)"
2025-03-03,2.94,2.97,2.3,2.39,770790136.0,-18.79,2.44,2.48,2.51,False,32.98,25.24,22.79,,,,,,,,,,1.47,-38.43,1.0,5485.963102,13096.64,13096.64,-3029.9,-18.79,5033.37,6548.32,-1514.95,8063.27,,1.47,-38.43,1.0,5332.46092,12730.18,12730.18,-2945.12,-18.79,4892.53,6365.09,-1472.56,7837.65,
2025-03-04,2.39,2.54,2.21,2.45,569915093.0,2.81,2.44,2.48,2.5,False,30.63,23.11,23.07,,,,,,,,,,1.47,-40.11,1.0,5485.963102,13464.2,13464.2,367.56,2.81,5400.93,6732.1,-1331.17,8063.27,,1.47,-40.11,1.0,5332.46092,13087.46,13087.46,357.27,2.81,5249.81,6543.73,-1293.92,7837.65,
2025-03-05,2.45,2.54,2.41,2.5,254905967.0,1.85,2.45,2.48,2.5,False,28.45,22.35,22.25,,,,,,,,,SMALL LL confirmed @ 1.95,1.47,-41.2,1.0,5485.963102,13713.81,13713.81,249.61,1.85,5650.54,6856.91,-1206.36,8063.27,,1.47,-41.2,1.0,5332.46092,13330.09,13330.09,242.63,1.85,5492.43,6665.04,-1172.61,7837.65,
2025-03-06,2.5,2.65,2.47,2.6,293494998.0,4.01,2.47,2.49,2.51,False,26.89,24.16,21.18,,,,,,,,,,1.47,-43.47,1.0,5485.963102,14264.05,14264.05,550.24,4.01,6200.78,7132.03,-931.24,8063.27,,1.47,-43.47,1.0,5332.46092,13864.93,13864.93,534.85,4.01,6027.28,6932.47,-905.19,7837.65,
2025-03-07,2.6,2.62,2.34,2.39,454234094.0,-8.25,2.46,2.48,2.5,False,25.08,22.32,23.05,,,,,,,,,BIG HH confirmed @ 3.40 | SMALL HH confirmed @ 3.00,1.47,-38.39,1.0,5485.963102,13086.76,13086.76,-1177.29,-8.25,5023.5,6543.38,-1519.89,8063.27,,1.47,-38.39,1.0,5332.46092,12720.59,12720.59,-1144.35,-8.25,4882.93,6360.29,-1477.36,7837.65,
2025-03-08,2.39,2.41,2.3,2.33,119040944.0,-2.49,2.44,2.47,2.49,False,23.59,21.63,23.53,,,,,,,,,,1.47,-36.81,1.0,5485.963102,12760.9,12760.9,-325.87,-2.49,4697.63,6380.45,-1682.82,8063.27,,1.47,-36.81,1.0,5332.46092,12403.84,12403.84,-316.75,-2.49,4566.19,6201.92,-1635.73,7837.65,
2025-03-09,2.33,2.35,2.08,2.14,276711052.0,-8.06,2.39,2.44,2.46,False,23.09,19.98,27.93,,,,,,,,,,1.47,-31.28,1.0,5485.963102,11732.83,11732.83,-1028.07,-8.06,3669.56,5866.41,-2196.85,8063.27,,1.47,-31.28,1.0,5332.46092,11404.53,11404.53,-999.3,-8.06,3566.88,5702.27,-2135.38,7837.65,
2025-03-10,2.14,2.26,1.99,2.02,391223631.0,-5.48,2.34,2.4,2.43,False,22.95,18.47,28.37,,,,,,,,,,1.47,-27.3,1.0,5485.963102,11090.42,11090.42,-642.41,-5.48,3027.15,5545.21,-2518.06,8063.27,,1.47,-27.3,1.0,5332.46092,10780.1,10780.1,-624.43,-5.48,2942.45,5390.05,-2447.6,7837.65,
2025-03-11,2.02,2.21,1.9,2.17,382420244.0,7.4,2.31,2.37,2.41,False,23.14,16.86,28.46,,,,,,1.9,LL,,,1.47,-32.3,1.0,5485.963102,11910.57,11910.57,820.15,7.4,3847.31,5955.29,-2107.98,8063.27,,1.47,-32.3,1.0,5332.46092,11577.31,11577.31,797.2,7.4,3739.65,5788.65,-2049.0,7837.65,
2025-03-12,2.17,2.28,2.13,2.24,277560410.0,3.16,2.3,2.36,2.4,False,22.96,17.97,27.29,,,,,,,,,,1.47,-34.37,1.0,5485.963102,12286.36,12286.36,375.79,3.16,4223.09,6143.18,-1920.09,8063.27,,1.47,-34.37,1.0,5332.46092,11942.58,11942.58,365.27,3.16,4104.93,5971.29,-1866.36,7837.65,
2025-03-13,2.24,2.35,2.21,2.25,243896593.0,0.58,2.29,2.35,2.39,False,22.4,19.34,26.21,,,,,,,,,,1.47,-34.75,1.0,5485.963102,12358.23,12358.23,71.87,0.58,4294.96,6179.11,-1884.15,8063.27,,1.47,-34.75,1.0,5332.46092,12012.43,12012.43,69.86,0.58,4174.78,6006.22,-1831.43,7837.65,
2025-03-14,2.25,2.39,2.24,2.36,197286469.0,4.6,2.3,2.35,2.39,False,21.64,19.73,25.0,,,,,,,,,,1.47,-37.63,1.0,5485.963102,12927.12,12927.12,568.89,4.6,4863.85,6463.56,-1599.71,8063.27,,1.47,-37.63,1.0,5332.46092,12565.41,12565.41,552.98,4.6,4727.76,6282.71,-1554.95,7837.65,
2025-03-15,2.36,2.48,2.35,2.39,150056936.0,1.47,2.32,2.36,2.39,False,20.46,21.67,24.03,,,,,,,,,,1.47,-38.53,1.0,5485.963102,13117.49,13117.49,190.36,1.47,5054.22,6558.74,-1504.53,8063.27,,1.47,-38.53,1.0,5332.46092,12750.45,12750.45,185.04,1.47,4912.8,6375.22,-1462.43,7837.65,
2025-03-16,2.39,2.41,2.27,2.29,151974757.0,-4.07,2.31,2.35,2.38,False,19.77,20.67,25.66,,,,,,,,,SMALL LL confirmed @ 1.90,1.47,-35.92,1.0,5485.963102,12583.7,12583.7,-533.78,-4.07,4520.43,6291.85,-1771.42,8063.27,,1.47,-35.92,1.0,5332.46092,12231.6,12231.6,-518.85,-4.07,4393.95,6115.8,-1721.85,7837.65,
2025-03-17,2.29,2.38,2.29,2.34,133923496.0,1.94,2.32,2.35,2.38,False,19.13,20.06,24.91,,,,,,,,,,1.47,-37.14,1.0,5485.963102,12827.28,12827.28,243.58,1.94,4764.01,6413.64,-1649.63,8063.27,,1.47,-37.14,1.0,5332.46092,12468.36,12468.36,236.76,1.94,4630.71,6234.18,-1603.47,7837.65,
2025-03-18,2.34,2.34,2.22,2.29,164719299.0,-2.27,2.31,2.34,2.37,False,18.87,19.24,26.3,,,,,,,,,,1.47,-35.68,1.0,5485.963102,12535.97,12535.97,-291.3,-2.27,4472.71,6267.99,-1795.28,8063.27,,1.47,-35.68,1.0,5332.46092,12185.21,12185.21,-283.15,-2.27,4347.56,6092.6,-1745.05,7837.65,
2025-03-19,2.29,2.59,2.27,2.55,462181815.0,11.46,2.35,2.36,2.38,False,17.83,25.53,23.43,,,,,2.59,,LH,,,1.47,-42.29,1.0,5485.963102,13972.2,13972.2,1436.23,11.46,5908.93,6986.1,-1077.17,8063.27,,1.47,-42.29,1.0,5332.46092,13581.24,13581.24,1396.04,11.46,5743.59,6790.62,-1047.03,7837.65,
2025-03-20,2.55,2.56,2.39,2.44,225573092.0,-4.35,2.36,2.37,2.39,False,16.86,24.01,22.04,,,,,,,,,,1.47,-39.67,1.0,5485.963102,13364.35,13364.35,-607.84,-4.35,5301.09,6682.18,-1381.09,8063.27,,1.47,-39.67,1.0,5332.46092,12990.41,12990.41,-590.84,-4.35,5152.76,6495.2,-1342.45,7837.65,
2025-03-21,2.44,2.47,2.36,2.38,143033066.0,-2.27,2.36,2.37,2.39,False,15.77,23.08,22.33,,,,,,,,,,1.47,-38.27,1.0,5485.963102,13061.53,13061.53,-302.83,-2.27,4998.26,6530.76,-1532.5,8063.27,,1.47,-38.27,1.0,5332.46092,12696.06,12696.06,-294.35,-2.27,4858.41,6348.03,-1489.62,7837.65,
2025-03-22,2.38,2.42,2.36,2.37,69083565.0,-0.41,2.37,2.37,2.38,False,14.76,22.59,21.86,,,,,,,,,,1.47,-38.01,1.0,5485.963102,13007.77,13007.77,-53.76,-0.41,4944.5,6503.88,-1559.39,8063.27,,1.47,-38.01,1.0,5332.46092,12643.8,12643.8,-52.26,-0.41,4806.15,6321.9,-1515.75,7837.65,
2025-03-23,2.37,2.44,2.37,2.44,82171646.0,2.88,2.38,2.38,2.39,False,13.97,22.85,21.21,,,,,,,,,,1.47,-39.75,1.0,5485.963102,13381.91,13381.91,374.14,2.88,5318.64,6690.95,-1372.31,8063.27,,1.47,-39.75,1.0,5332.46092,13007.47,13007.47,363.67,2.88,5169.82,6503.74,-1333.92,7837.65,
2025-03-24,2.44,2.5,2.41,2.45,140591390.0,0.44,2.39,2.38,2.39,False,13.63,24.56,20.44,,,,,,,,,SMALL LH confirmed @ 2.59,1.47,-40.01,1.0,5485.963102,13441.16,13441.16,59.25,0.44,5377.89,6720.58,-1342.69,8063.27,,1.47,-40.01,1.0,5332.46092,13065.06,13065.06,57.59,0.44,5227.41,6532.53,-1305.12,7837.65,
2025-03-25,2.45,2.48,2.41,2.45,107306341.0,-0.04,2.4,2.39,2.4,True,13.26,23.83,20.09,,,,,,,,,BIG HL confirmed @ 1.77,1.47,-39.99,1.0,5485.963102,13436.22,13436.22,-4.94,-0.04,5372.95,6718.11,-1345.16,8063.27,,1.47,-39.99,1.0,5332.46092,13060.26,13060.26,-4.8,-0.04,5222.61,6530.13,-1307.52,7837.65,
2025-03-26,2.45,2.48,2.33,2.35,140813082.0,-4.07,2.39,2.39,2.39,False,12.34,22.3,22.15,,,,,,,,,,1.47,-37.44,1.0,5485.963102,12888.72,12888.72,-547.5,-4.07,4825.45,6444.36,-1618.91,8063.27,,1.47,-37.44,1.0,5332.46092,12528.08,12528.08,-532.18,-4.07,4690.43,6264.04,-1573.61,7837.65,
2025-03-27,2.35,2.39,2.3,2.34,121906802.0,-0.36,2.38,2.38,2.39,False,11.62,21.44,22.43,,,,,,,,,,1.47,-37.21,1.0,5485.963102,12842.64,12842.64,-46.08,-0.36,4779.37,6421.32,-1641.95,8063.27,,1.47,-37.21,1.0,5332.46092,12483.29,12483.29,-44.79,-0.36,4645.64,6241.65,-1596.01,7837.65,
2025-03-28,2.34,2.34,2.15,2.21,211389681.0,-5.71,2.36,2.37,2.38,False,11.91,19.68,27.02,,,,,,,,,,1.47,-33.41,1.0,5485.963102,12109.17,12109.17,-733.47,-5.71,4045.9,6054.58,-2008.69,8063.27,,1.47,-33.41,1.0,5332.46092,11770.34,11770.34,-712.95,-5.71,3932.69,5885.17,-1952.48,7837.65,
2025-03-29,2.21,2.23,2.06,2.14,188344703.0,-3.27,2.32,2.34,2.36,False,12.7,18.27,29.1,,,,,,,,,,1.47,-31.16,1.0,5485.963102,11713.08,11713.08,-396.09,-3.27,3649.81,5856.54,-2206.73,8063.27,,1.47,-31.16,1.0,5332.46092,11385.34,11385.34,-385.0,-3.27,3547.69,5692.67,-2144.98,7837.65,
2025-03-30,2.14,2.21,2.11,2.14,143436566.0,0.08,2.29,2.32,2.34,False,13.42,17.4,27.72,,,,,,,,,,1.47,-31.22,1.0,5485.963102,11722.95,11722.95,9.87,0.08,3659.69,5861.48,-2201.79,8063.27,,1.47,-31.22,1.0,5332.46092,11394.94,11394.94,9.6,0.08,3557.28,5697.47,-2140.18,7837.65,
2025-03-31,2.14,2.14,2.02,2.09,225359911.0,-2.2,2.26,2.3,2.32,False,14.55,16.48,30.04,,,,,,,,,,1.47,-29.67,1.0,5485.963102,11465.11,11465.11,-257.84,-2.2,3401.85,5732.56,-2330.71,8063.27,,1.47,-29.67,1.0,5332.46092,11144.31,11144.31,-250.63,-2.2,3306.66,5572.16,-2265.5,7837.65,
2025-04-01,2.09,2.2,2.06,2.14,206149959.0,2.34,2.24,2.29,2.31,False,15.06,18.13,28.19,,,,,,,,,,1.47,-31.28,1.0,5485.963102,11732.83,11732.83,267.71,2.34,3669.56,5866.41,-2196.85,8063.27,,1.47,-31.28,1.0,5332.46092,11404.53,11404.53,260.22,2.34,3566.88,5702.27,-2135.38,7837.65,
2025-04-02,2.14,2.23,1.98,2.02,312902782.0,-5.38,2.21,2.26,2.29,False,15.98,16.15,28.66,,,,,,,,,,1.47,-27.37,1.0,5485.963102,11101.94,11101.94,-630.89,-5.38,3038.67,5550.97,-2512.3,8063.27,,1.47,-27.37,1.0,5332.46092,10791.3,10791.3,-613.23,-5.38,2953.65,5395.65,-2442.0,7837.65,
2025-04-03,2.02,2.08,1.96,2.06,283049149.0,2.03,2.19,2.24,2.27,False,16.96,15.27,28.17,,,,,,,,,,1.47,-28.82,1.0,5485.963102,11327.42,11327.42,225.47,2.03,3264.15,5663.71,-2399.56,8063.27,,1.47,-28.82,1.0,5332.46092,11010.47,11010.47,219.16,2.03,3172.81,5505.23,-2332.42,7837.65,
2025-04-04,2.06,2.16,2.02,2.13,249538859.0,3.17,2.18,2.23,2.26,False,17.11,17.89,26.32,,,,,,,,,,1.47,-31.0,1.0,5485.963102,11686.2,11686.2,358.78,3.17,3622.93,5843.1,-2220.17,8063.27,,1.47,-31.0,1.0,5332.46092,11359.21,11359.21,348.74,3.17,3521.56,5679.6,-2158.05,7837.65,
2025-04-05,2.13,2.18,2.11,2.14,79039409.0,0.66,2.17,2.22,2.25,False,17.12,18.01,25.55,,,,,,,,,,1.47,-31.45,1.0,5485.963102,11763.0,11763.0,76.8,0.66,3699.73,5881.5,-2181.77,8063.27,,1.47,-31.45,1.0,5332.46092,11433.86,11433.86,74.65,0.66,3596.21,5716.93,-2120.72,7837.65,
2025-04-06,2.14,2.16,1.86,1.92,247306320.0,-10.37,2.13,2.19,2.23,False,18.47,15.66,33.27,,,,,,,,,,1.47,-23.52,1.0,5485.963102,10542.92,10542.92,-1220.08,-10.37,2479.66,5271.46,-2791.81,8063.27,,1.47,-23.52,1.0,5332.46092,10247.92,10247.92,-1185.94,-10.37,2410.27,5123.96,-2713.69,7837.65,
2025-04-07,1.92,2.01,1.61,1.9,862282234.0,-1.2,2.1,2.17,2.2,False,20.61,13.18,37.93,,1.61,LL,,,1.61,LL,BEAR_CHOCH,SMALL BEAR CHOCH @ 1.90 (level 1.90),,,,,,10416.2,-126.73,-1.2,0.0,0.0,,10416.2,"EXIT @ 1.90 (small red CHoCH, realized -5710.34)",,,,,,10124.74,-123.18,-1.2,0.0,0.0,,10124.74,"EXIT @ 1.90 (small red CHoCH, realized -5550.56)"
2025-04-08,1.9,1.98,1.78,1.8,331058344.0,-5.39,2.05,2.13,2.17,False,22.6,12.15,34.96,,,,,,,,,,,,,,,10416.2,0.0,0.0,0.0,0.0,,10416.2,,,,,,,10124.74,0.0,0.0,0.0,0.0,,10124.74,
2025-04-09,1.8,2.09,1.72,2.05,517714914.0,14.28,2.05,2.12,2.16,False,23.44,14.72,30.22,,,,,,,,,,,,,,,10416.2,0.0,0.0,0.0,0.0,,10416.2,,,,,,,10124.74,0.0,0.0,0.0,0.0,,10124.74,
2025-04-10,2.05,2.06,1.92,1.97,224691548.0,-4.24,2.04,2.11,2.15,False,24.23,13.98,28.68,,,,,,,,,,,,,,,10416.2,0.0,0.0,0.0,0.0,,10416.2,,,,,,,10124.74,0.0,0.0,0.0,0.0,,10124.74,
2025-04-11,1.97,2.06,1.95,2.02,175131511.0,2.88,2.04,2.1,2.14,False,24.9,13.63,27.38,,,,,,,,,,,,,,,10416.2,0.0,0.0,0.0,0.0,,10416.2,,,,,,,10124.74,0.0,0.0,0.0,0.0,,10124.74,
2025-04-12,2.02,2.19,2.0,2.16,161856777.0,6.79,2.06,2.11,2.14,False,24.46,17.37,25.44,,,,,,,,,SMALL LL confirmed @ 1.61,,,,,,10416.2,0.0,0.0,0.0,0.0,,10416.2,,,,,,,10124.74,0.0,0.0,0.0,0.0,,10124.74,
2025-04-13,2.16,2.25,2.08,2.12,194098687.0,-1.86,2.07,2.11,2.14,False,23.58,18.63,23.78,,,,,2.25,,LH,,,,,,,,10416.2,0.0,0.0,0.0,0.0,,10416.2,,,,,,,10124.74,0.0,0.0,0.0,0.0,,10124.74,
2025-04-14,2.12,2.18,2.1,2.13,138573013.0,0.37,2.07,2.11,2.14,False,22.77,18.05,23.04,,,,,,,,,,,,,,,10416.2,0.0,0.0,0.0,0.0,,10416.2,,,,,,,10124.74,0.0,0.0,0.0,0.0,,10124.74,
2025-04-15,2.13,2.19,2.08,2.08,131282814.0,-2.04,2.08,2.11,2.14,False,22.14,17.28,22.9,,,,,,,,,,,,,,,10416.2,0.0,0.0,0.0,0.0,,10416.2,,,,,,,10124.74,0.0,0.0,0.0,0.0,,10124.74,
2025-04-16,2.08,2.13,2.04,2.08,152704680.0,-0.04,2.08,2.1,2.13,False,21.87,16.57,24.05,,,,,,2.04,HL,,,,,,,,10416.2,0.0,0.0,0.0,0.0,,10416.2,,,,,,,10124.74,0.0,0.0,0.0,0.0,,10124.74,
2025-04-17,2.08,2.11,2.05,2.07,103280383.3,-0.77,2.08,2.1,2.13,False,21.63,16.11,23.37,,,,,,,,,,,,,,,10416.2,0.0,0.0,0.0,0.0,,10416.2,,,,,,,10124.74,0.0,0.0,0.0,0.0,,10124.74,
2025-04-18,2.07,2.09,2.04,2.06,72730873.5,-0.26,2.07,2.1,2.12,False,21.46,15.75,23.29,,,,,,,,,SMALL LH confirmed @ 2.25,,,,,,10416.2,0.0,0.0,0.0,0.0,,10416.2,,,,,,,10124.74,0.0,0.0,0.0,0.0,,10124.74,
2025-04-19,2.06,2.1,2.06,2.09,50163133.6,1.25,2.08,2.1,2.12,False,21.22,15.84,22.83,,,,,,,,,,,,,,,10416.2,0.0,0.0,0.0,0.0,,10416.2,,,,,,,10124.74,0.0,0.0,0.0,0.0,,10124.74,
2025-04-20,2.09,2.09,2.04,2.08,77348551.3,-0.43,2.08,2.09,2.12,False,21.15,15.37,23.2,,,,,,,,,,,,,,,10416.2,0.0,0.0,0.0,0.0,,10416.2,,,,,,,10124.74,0.0,0.0,0.0,0.0,,10124.74,
2025-04-21,2.08,2.14,2.06,2.09,132502689.7,0.33,2.08,2.09,2.11,False,20.54,17.21,22.18,,,,,,,,,BIG LH confirmed @ 3.00 | SMALL HL confirmed @ 2.04,,,,,,10416.2,0.0,0.0,0.0,0.0,,10416.2,,,,,,,10124.74,0.0,0.0,0.0,0.0,,10124.74,
2025-04-22,2.09,2.25,2.06,2.21,215792646.3,6.16,2.1,2.11,2.12,False,19.3,21.29,20.0,,,,,,,,,,,,,,,10416.2,0.0,0.0,0.0,0.0,,10416.2,,,,,,,10124.74,0.0,0.0,0.0,0.0,,10124.74,
2025-04-23,2.21,2.3,2.19,2.22,220415571.4,0.2,2.12,2.12,2.13,False,18.59,22.73,18.82,,,,,,,,,,,,,,,10416.2,0.0,0.0,0.0,0.0,,10416.2,,,,,,,10124.74,0.0,0.0,0.0,0.0,,10124.74,
2025-04-24,2.22,2.24,2.12,2.2,184941421.4,-0.61,2.13,2.12,2.13,False,17.32,21.28,21.57,,,,,,,,,,,,,,,10416.2,0.0,0.0,0.0,0.0,,10416.2,,,,,,,10124.74,0.0,0.0,0.0,0.0,,10124.74,
2025-04-25,2.2,2.22,2.16,2.18,134014526.9,-1.07,2.14,2.13,2.14,True,16.13,20.61,20.9,,,,,,,,,,,,,,,10416.2,0.0,0.0,0.0,0.0,,10416.2,,,,,,,10124.74,0.0,0.0,0.0,0.0,,10124.74,
2025-04-26,2.18,2.25,2.18,2.19,89667472.4,0.46,2.15,2.14,2.14,True,15.22,21.47,20.06,,,,,,,,,,,,,,,10416.2,0.0,0.0,0.0,0.0,,10416.2,,,,,,,10124.74,0.0,0.0,0.0,0.0,,10124.74,
2025-04-27,2.19,2.29,2.16,2.25,176901254.6,2.77,2.16,2.15,2.15,True,14.82,22.46,18.48,,,,,,,,BULL_CHOCH,SMALL BULL CHOCH @ 2.25 (level 2.25),2.03,-10.0,5.0,23126.550049,52080.99,10416.2,0.0,0.0,5208.1,5208.1,0.0,5208.1,"ENTRY @ 2.25 (small green CHoCH, margin $5208.10 [50% of bank] @ 10x [ADX 14.8, zone green], 23126.550049 units)",2.03,-10.0,5.0,22479.448376,50623.72,10124.74,0.0,0.0,5062.37,5062.37,0.0,5062.37,"ENTRY @ 2.25 (small green CHoCH, margin $5062.37 [50% of bank] @ 10x [ADX 14.8, zone green], 22479.448376 units)"
2025-04-28,2.25,2.36,2.22,2.29,188782972.6,1.9,2.18,2.16,2.16,True,15.06,24.49,16.96,,,,,2.36,,HH,,,2.03,-11.68,4.65,23126.550049,53073.12,11408.33,992.13,9.52,6200.23,5307.31,892.92,5208.1,,2.03,-11.68,4.65,22479.448376,51588.09,11089.11,964.37,9.52,6026.74,5158.81,867.93,5062.37,
2025-04-29,2.3,2.31,2.22,2.24,109021832.7,-2.48,2.19,2.17,2.17,True,15.28,23.17,16.05,,,,,,,,,,2.03,-9.44,5.13,23126.550049,51757.22,10092.43,-1315.9,-11.53,4884.33,5175.72,-291.39,5208.1,,2.03,-9.44,5.13,22479.448376,50309.01,9810.03,-1279.08,-11.53,4747.66,5030.9,-283.24,5062.37,
2025-04-30,2.24,2.26,2.12,2.19,169161178.8,-2.11,2.19,2.17,2.17,True,14.35,21.37,20.45,,,,,,,,,,2.03,-7.49,5.63,23126.550049,50665.65,9000.85,-1091.57,-10.82,3792.75,5066.56,-1273.81,5208.1,,2.03,-7.49,5.63,22479.448376,49247.98,8749.0,-1061.03,-10.82,3686.63,4924.8,-1238.17,5062.37,
2025-05-01,2.19,2.26,2.19,2.21,96594610.5,0.98,2.19,2.17,2.17,True,13.48,20.48,19.6,,,,,,,,,,2.03,-8.38,5.39,23126.550049,51162.87,9498.07,497.22,5.52,4289.98,5116.29,-826.31,5208.1,,2.03,-8.38,5.39,22479.448376,49731.28,9232.31,483.31,5.52,4169.94,4973.13,-803.19,5062.37,
2025-05-02,2.21,2.24,2.19,2.21,84810475.2,-0.14,2.2,2.18,2.17,True,12.67,19.85,19.01,,,,,,,,,,2.03,-8.26,5.42,23126.550049,51093.49,9428.69,-69.38,-0.73,4220.6,5109.35,-888.75,5208.1,,2.03,-8.26,5.42,22479.448376,49663.85,9164.87,-67.44,-0.73,4102.5,4966.38,-863.89,5062.37,
2025-05-03,2.21,2.22,2.18,2.19,48541368.0,-1.0,2.2,2.18,2.18,True,11.81,19.29,19.5,,,,,,,,,SMALL HH confirmed @ 2.36,2.03,-7.33,5.67,23126.550049,50582.39,8917.6,-511.1,-5.42,3709.5,5058.24,-1348.74,5208.1,,2.03,-7.33,5.67,22479.448376,49167.05,8668.08,-496.8,-5.42,3605.7,4916.7,-1311.0,5062.37,
2025-05-04,2.19,2.22,2.15,2.16,58758870.6,-1.43,2.19,2.18,2.17,True,11.31,18.41,20.29,,,,,,,,,,2.03,-5.99,6.08,23126.550049,49860.84,8196.05,-721.55,-8.09,2987.95,4986.08,-1998.13,5208.1,,2.03,-5.99,6.08,22479.448376,48465.69,7966.72,-701.36,-8.09,2904.34,4846.57,-1942.22,5062.37,
2025-05-05,2.16,2.2,2.11,2.13,129350396.3,-1.18,2.18,2.17,2.17,True,11.36,17.26,22.0,,,,,,,,,,2.03,-4.87,6.48,23126.550049,49273.43,7608.63,-587.41,-7.17,2400.54,4927.34,-2526.81,5208.1,,2.03,-4.87,6.48,22479.448376,47894.71,7395.74,-570.98,-7.17,2333.37,4789.47,-2456.1,5062.37,
2025-05-06,2.13,2.16,2.08,2.15,110021214.0,1.15,2.18,2.17,2.17,True,11.73,16.29,22.75,,,,,,2.08,HL,,,2.03,-5.95,6.1,23126.550049,49837.72,8172.92,564.29,7.42,2964.82,4983.77,-2018.95,5208.1,,2.03,-5.95,6.1,22479.448376,48443.21,7944.24,548.5,7.42,2881.87,4844.32,-1962.46,5062.37,
2025-05-07,2.15,2.17,2.1,2.13,91759518.6,-1.32,2.17,2.17,2.17,True,11.89,16.37,21.67,,,,,,,,,,2.03,-4.69,6.55,23126.550049,49178.61,7513.82,-659.11,-8.06,2305.72,4917.86,-2612.14,5208.1,,2.03,-4.69,6.55,22479.448376,47802.55,7303.57,-640.66,-8.06,2241.2,4780.25,-2539.05,5062.37,
2025-05-08,2.13,2.33,2.12,2.33,220454318.8,9.44,2.19,2.18,2.18,True,11.99,24.41,18.67,,,,,,,,,,2.03,-12.91,4.43,23126.550049,53820.11,12155.31,4641.5,61.77,6947.22,5382.01,1565.2,5208.1,,2.03,-12.91,4.43,22479.448376,52314.17,11815.2,4511.63,61.77,6752.83,5231.42,1521.41,5062.37,
2025-05-09,2.33,2.43,2.28,2.34,270485423.5,0.72,2.22,2.2,2.19,True,12.95,28.49,16.95,,,,,,,,,,2.03,-13.53,4.32,23126.550049,54206.32,12541.53,386.21,3.18,7333.43,5420.63,1912.8,5208.1,,2.03,-13.53,4.32,22479.448376,52689.58,12190.6,375.41,3.18,7128.23,5268.96,1859.28,5062.37,
2025-05-10,2.34,2.48,2.34,2.47,173584546.1,5.43,2.26,2.22,2.21,True,14.2,28.98,15.46,,,,,,,,BULL_BOS,SMALL BULL BOS @ 2.47 (level 2.36),2.03,-17.98,3.69,23126.550049,57148.02,15483.23,2941.7,23.46,10275.13,5714.8,4560.32,5208.1,,2.03,-17.98,3.69,22479.448376,55548.96,15049.99,2859.39,23.46,9987.62,5554.9,4432.72,5062.37,
2025-05-11,2.47,2.48,2.33,2.37,162582479.5,-4.21,2.27,2.24,2.22,True,15.25,26.22,14.45,,,,,,,,,SMALL HL confirmed @ 2.08,2.03,-14.37,4.19,23126.550049,54740.54,13075.75,-2407.47,-15.55,7867.65,5474.05,2393.6,5208.1,,2.03,-14.37,4.19,22479.448376,53208.85,12709.88,-2340.11,-15.55,7647.51,5320.89,2326.62,5062.37,
2025-05-12,2.37,2.65,2.35,2.54,507950822.4,7.47,2.31,2.27,2.25,True,17.33,31.2,12.05,2.65,,LH,,2.65,,HH,,,2.03,-20.33,3.43,23126.550049,58831.63,17166.84,4091.09,31.29,11958.74,5883.16,6075.58,5208.1,,2.03,-20.33,3.43,22479.448376,57185.47,16686.49,3976.61,31.29,11624.12,5718.55,5905.58,5062.37,
2025-05-13,2.54,2.61,2.42,2.58,230851038.9,1.53,2.36,2.3,2.27,True,19.25,28.15,10.87,,,,,,,,,,2.03,-21.53,3.31,23126.550049,59733.57,18068.77,901.94,5.25,12860.67,5973.36,6887.32,5208.1,,2.03,-21.53,3.31,22479.448376,58062.17,17563.19,876.7,5.25,12500.82,5806.22,6694.6,5062.37,
2025-05-14,2.58,2.65,2.52,2.55,213599727.4,-1.26,2.39,2.32,2.29,True,21.29,28.63,10.1,,,,,,,,,,2.03,-20.53,3.41,23126.550049,58979.64,17314.85,-753.93,-4.17,12106.75,5897.96,6208.78,5208.1,,2.03,-20.53,3.41,22479.448376,57329.34,16830.36,-732.83,-4.17,11767.99,5732.93,6035.06,5062.37,
2025-05-15,2.55,2.57,2.35,2.39,209320078.3,-6.46,2.39,2.33,2.3,True,21.1,25.43,17.48,,,,,,,,,,2.03,-15.04,4.08,23126.550049,55170.7,13505.91,-3808.94,-22.0,8297.81,5517.07,2780.74,5208.1,,2.03,-15.04,4.08,22479.448376,53626.97,13128.0,-3702.37,-22.0,8065.63,5362.7,2702.93,5062.37,
2025-05-16,2.39,2.44,2.35,2.38,136943221.2,-0.24,2.38,2.33,2.31,True,20.86,24.2,16.91,,,,,,,,,,2.03,-14.83,4.12,23126.550049,55036.56,13371.77,-134.13,-0.99,8163.67,5503.66,2660.02,5208.1,,2.03,-14.83,4.12,22479.448376,53496.59,12997.62,-130.38,-0.99,7935.25,5349.66,2585.59,5062.37,
2025-05-17,2.38,2.39,2.3,2.35,105734565.8,-1.12,2.38,2.33,2.31,True,20.11,23.02,18.7,,,,,,,,,SMALL HH confirmed @ 2.65,2.03,-13.87,4.27,23126.550049,54419.08,12754.29,-617.48,-4.62,7546.19,5441.91,2104.28,5208.1,,2.03,-13.87,4.27,22479.448376,52896.39,12397.42,-600.2,-4.62,7335.04,5289.64,2045.41,5062.37,
2025-05-18,2.35,2.45,2.33,2.43,110034544.5,3.18,2.39,2.34,2.32,True,19.9,24.83,17.51,,,,,,,,,,2.03,-16.52,3.88,23126.550049,56151.26,14486.47,1732.18,13.58,9278.37,5615.13,3663.25,5208.1,,2.03,-16.52,3.88,22479.448376,54580.1,14081.13,1683.71,13.58,9018.75,5458.01,3560.74,5062.37,
2025-05-19,2.43,2.44,2.28,2.38,162880946.4,-1.96,2.39,2.35,2.32,True,19.19,22.73,18.66,,,,,,2.28,HL,,,2.03,-14.85,4.11,23126.550049,55048.13,13383.33,-1103.14,-7.61,8175.24,5504.81,2670.42,5208.1,,2.03,-14.85,4.11,22479.448376,53507.83,13008.86,-1072.27,-7.61,7946.49,5350.78,2595.7,5062.37,
2025-05-20,2.38,2.41,2.31,2.36,136293676.8,-1.0,2.38,2.35,2.32,True,18.52,21.56,17.7,,,,,,,,,,2.03,-13.99,4.25,23126.550049,54497.72,12832.92,-550.41,-4.11,7624.82,5449.77,2175.05,5208.1,,2.03,-13.99,4.25,22479.448376,52972.82,12473.85,-535.01,-4.11,7411.47,5297.28,2114.19,5062.37,
2025-05-21,2.36,2.43,2.33,2.4,175070666.7,1.64,2.38,2.35,2.33,True,18.09,21.49,16.74,,,,,,,,,,2.03,-15.38,4.04,23126.550049,55392.71,13727.92,895.0,6.97,8519.82,5539.27,2980.55,5208.1,,2.03,-15.38,4.04,22479.448376,53842.77,13343.8,869.95,6.97,8281.43,5384.28,2897.15,5062.37,
2025-05-22,2.4,2.46,2.39,2.43,145040194.5,1.5,2.39,2.36,2.34,True,17.93,22.19,16.09,,,,,,,,,,2.03,-16.63,3.86,23126.550049,56222.96,14558.16,830.24,6.05,9350.06,5622.3,3727.77,5208.1,,2.03,-16.63,3.86,22479.448376,54649.79,14150.81,807.01,6.05,9088.44,5464.98,3623.46,5062.37,
2025-05-23,2.43,2.48,2.28,2.3,197335455.4,-5.53,2.38,2.35,2.33,True,16.7,19.79,20.09,,,,,2.48,,LH,,,2.03,-11.75,4.64,23126.550049,53112.43,11447.64,-3110.52,-21.37,6239.54,5311.24,928.3,5208.1,,2.03,-11.75,4.64,22479.448376,51626.3,11127.33,-3023.49,-21.37,6064.96,5162.63,902.33,5062.37,
2025-05-24,2.3,2.36,2.29,2.33,50781088.2,1.47,2.37,2.35,2.33,True,15.57,18.96,19.25,,,,,,,,,SMALL HL confirmed @ 2.28,2.03,-13.02,4.41,23126.550049,53891.8,12227.01,779.36,6.81,7018.91,5389.18,1629.73,5208.1,,2.03,-13.02,4.41,22479.448376,52383.86,11884.88,757.56,6.81,6822.51,5238.39,1584.13,5062.37,
2025-05-25,2.33,2.35,2.27,2.34,81478273.4,0.49,2.37,2.35,2.33,True,14.73,18.09,19.52,,,,,,,,,,2.03,-13.45,4.34,23126.550049,54155.44,12490.65,263.64,2.16,7282.55,5415.54,1867.01,5208.1,,2.03,-13.45,4.34,22479.448376,52640.12,12141.15,256.27,2.16,7078.78,5264.01,1814.77,5062.37,
2025-05-26,2.34,2.36,2.3,2.31,75168770.0,-1.34,2.36,2.35,2.33,True,13.77,18.26,18.77,,,,,,,,,,2.03,-12.27,4.54,23126.550049,53429.27,11764.48,-726.17,-5.81,6556.38,5342.93,1213.45,5208.1,,2.03,-12.27,4.54,22479.448376,51934.27,11435.3,-705.85,-5.81,6372.92,5193.43,1179.5,5062.37,
2025-05-27,2.31,2.35,2.27,2.32,94046517.5,0.28,2.35,2.34,2.33,True,13.23,17.28,19.53,,,,,,,,,BIG LL confirmed @ 1.61,2.03,-12.52,4.5,23126.550049,53579.59,11914.8,150.32,1.28,6706.7,5357.96,1348.74,5208.1,,2.03,-12.52,4.5,22479.448376,52080.39,11581.41,146.12,1.28,6519.04,5208.04,1311.0,5062.37,
2025-05-28,2.32,2.32,2.23,2.27,99791200.4,-1.84,2.34,2.34,2.33,True,13.18,16.24,20.89,,,,,,,,BEAR_CHOCH,SMALL LH confirmed @ 2.48 | SMALL BEAR CHOCH @ 2.27 (level 2.28),,,,,,10929.61,-985.19,-8.27,0.0,0.0,,10929.61,"EXIT @ 2.27 (small red CHoCH, realized +513.41)",,,,,,10623.79,-957.62,-8.27,0.0,0.0,,10623.79,"EXIT @ 2.27 (small red CHoCH, realized +499.04)"
2025-05-29,2.27,2.31,2.24,2.24,99100514.7,-1.32,2.32,2.33,2.32,True,13.13,15.46,19.89,,,,,,,,,,,,,,,10929.61,0.0,0.0,0.0,0.0,,10929.61,,,,,,,10623.79,0.0,0.0,0.0,0.0,,10623.79,
2025-05-30,2.24,2.25,2.13,2.14,192557829.6,-4.65,2.3,2.31,2.31,False,14.18,14.26,25.22,,,,,,,,,,,,,,,10929.61,0.0,0.0,0.0,0.0,,10929.61,,,,,,,10623.79,0.0,0.0,0.0,0.0,,10623.79,
2025-05-31,2.14,2.21,2.08,2.17,109349888.0,1.59,2.28,2.3,2.3,False,15.56,13.12,26.36,,,,,,,,,,,,,,,10929.61,0.0,0.0,0.0,0.0,,10929.61,,,,,,,10623.79,0.0,0.0,0.0,0.0,,10623.79,
2025-06-01,2.17,2.19,2.12,2.18,62964847.7,0.25,2.26,2.29,2.29,False,16.84,12.57,25.26,,,,,,,,,,,,,,,10929.61,0.0,0.0,0.0,0.0,,10929.61,,,,,,,10623.79,0.0,0.0,0.0,0.0,,10623.79,
2025-06-02,2.18,2.2,2.14,2.2,96478578.8,0.79,2.25,2.28,2.28,False,17.75,13.1,24.1,,,,,,,,,,,,,,,10929.61,0.0,0.0,0.0,0.0,,10929.61,,,,,,,10623.79,0.0,0.0,0.0,0.0,,10623.79,
2025-06-03,2.2,2.28,2.18,2.24,110034231.1,2.19,2.25,2.27,2.28,False,17.39,17.44,22.51,,,,,,,,,,,,,,,10929.61,0.0,0.0,0.0,0.0,,10929.61,,,,,,,10623.79,0.0,0.0,0.0,0.0,,10623.79,
2025-06-04,2.24,2.27,2.2,2.2,82924089.7,-1.95,2.24,2.27,2.27,False,17.06,16.59,21.42,,,,,,,,,,,,,,,10929.61,0.0,0.0,0.0,0.0,,10929.61,,,,,,,10623.79,0.0,0.0,0.0,0.0,,10623.79,
2025-06-05,2.2,2.23,2.06,2.09,152227799.7,-4.88,2.22,2.25,2.26,False,18.05,14.76,28.01,,,,,,2.06,LL,,,,,,,,10929.61,0.0,0.0,0.0,0.0,,10929.61,,,,,,,10623.79,0.0,0.0,0.0,0.0,,10623.79,
2025-06-06,2.09,2.19,2.08,2.16,92539769.1,3.16,2.21,2.24,2.25,False,18.97,13.7,26.0,,,,,,,,,,,,,,,10929.61,0.0,0.0,0.0,0.0,,10929.61,,,,,,,10623.79,0.0,0.0,0.0,0.0,,10623.79,
2025-06-07,2.16,2.19,2.15,2.18,40526697.0,0.79,2.21,2.24,2.25,False,19.81,13.35,25.22,,,,,,,,,,,,,,,10929.61,0.0,0.0,0.0,0.0,,10929.61,,,,,,,10623.79,0.0,0.0,0.0,0.0,,10623.79,
2025-06-08,2.18,2.3,2.17,2.27,115809963.6,4.14,2.22,2.24,2.25,False,19.0,19.41,22.96,,,,,,,,,,,,,,,10929.61,0.0,0.0,0.0,0.0,,10929.61,,,,,,,10623.79,0.0,0.0,0.0,0.0,,10623.79,
2025-06-09,2.27,2.33,2.22,2.32,128620231.2,2.39,2.23,2.25,2.25,False,17.85,20.07,21.31,,,,,,,,,,,,,,,10929.61,0.0,0.0,0.0,0.0,,10929.61,,,,,,,10623.79,0.0,0.0,0.0,0.0,,10623.79,
2025-06-10,2.32,2.33,2.26,2.31,119887307.8,-0.59,2.24,2.25,2.26,False,16.79,19.13,20.31,,,,,,,,,SMALL LL confirmed @ 2.06,,,,,,10929.61,0.0,0.0,0.0,0.0,,10929.61,,,,,,,10623.79,0.0,0.0,0.0,0.0,,10623.79,
2025-06-11,2.31,2.34,2.25,2.27,118779485.5,-1.6,2.25,2.25,2.26,False,15.67,18.71,19.1,,,,,2.34,,LH,,,,,,,,10929.61,0.0,0.0,0.0,0.0,,10929.61,,,,,,,10623.79,0.0,0.0,0.0,0.0,,10623.79,
2025-06-12,2.27,2.27,2.17,2.19,98220197.3,-3.55,2.24,2.25,2.25,False,15.61,17.36,23.45,,,,,,,,,,,,,,,10929.61,0.0,0.0,0.0,0.0,,10929.61,,,,,,,10623.79,0.0,0.0,0.0,0.0,,10623.79,
2025-06-13,2.19,2.19,2.08,2.15,171924272.9,-1.95,2.22,2.24,2.25,False,16.41,16.04,27.78,,,,,,2.08,HL,,,,,,,,10929.61,0.0,0.0,0.0,0.0,,10929.61,,,,,,,10623.79,0.0,0.0,0.0,0.0,,10623.79,
2025-06-14,2.15,2.18,2.11,2.14,67644610.7,-0.36,2.21,2.23,2.24,False,17.15,15.23,26.38,,,,,,,,,,,,,,,10929.61,0.0,0.0,0.0,0.0,,10929.61,,,,,,,10623.79,0.0,0.0,0.0,0.0,,10623.79,
2025-06-15,2.14,2.18,2.14,2.17,46595619.5,1.22,2.2,2.22,2.23,False,17.84,14.8,25.63,,,,,,,,,,,,,,,10929.61,0.0,0.0,0.0,0.0,,10929.61,,,,,,,10623.79,0.0,0.0,0.0,0.0,,10623.79,
2025-06-16,2.17,2.34,2.15,2.24,180775839.0,3.35,2.21,2.22,2.23,False,16.85,24.13,22.3,,,,,2.34,,LH,,SMALL LH confirmed @ 2.34,,,,,,10929.61,0.0,0.0,0.0,0.0,,10929.61,,,,,,,10623.79,0.0,0.0,0.0,0.0,,10623.79,
2025-06-17,2.24,2.26,2.14,2.16,145998030.0,-3.53,2.2,2.22,2.23,False,15.81,22.2,21.18,,,,,,,,,,,,,,,10929.61,0.0,0.0,0.0,0.0,,10929.61,,,,,,,10623.79,0.0,0.0,0.0,0.0,,10623.79,
2025-06-18,2.16,2.18,2.12,2.17,95962168.0,0.53,2.2,2.21,2.22,False,14.8,21.21,21.91,,,,,,,,,SMALL HL confirmed @ 2.08,,,,,,10929.61,0.0,0.0,0.0,0.0,,10929.61,,,,,,,10623.79,0.0,0.0,0.0,0.0,,10623.79,
2025-06-19,2.17,2.19,2.14,2.16,56149358.1,-0.26,2.19,2.21,2.22,False,13.8,20.91,21.24,,,,,,,,,,,,,,,10929.61,0.0,0.0,0.0,0.0,,10929.61,,,,,,,10623.79,0.0,0.0,0.0,0.0,,10623.79,
2025-06-20,2.16,2.18,2.09,2.12,97632569.9,-2.1,2.18,2.2,2.21,False,13.58,19.44,24.13,,,,,,,,,,,,,,,10929.61,0.0,0.0,0.0,0.0,,10929.61,,,,,,,10623.79,0.0,0.0,0.0,0.0,,10623.79,
2025-06-21,2.12,2.14,2.0,2.06,88671293.2,-2.65,2.16,2.19,2.2,False,14.24,17.41,27.73,,,,,,,,BEAR_BOS,SMALL LH confirmed @ 2.34 | SMALL BEAR BOS @ 2.06 (level 2.08),,,,,,10929.61,0.0,0.0,0.0,0.0,,10929.61,,,,,,,10623.79,0.0,0.0,0.0,0.0,,10623.79,
2025-06-22,2.06,2.09,1.91,2.02,206511372.5,-2.23,2.14,2.17,2.19,False,15.61,15.27,30.54,,1.91,HL,,,1.91,LL,,,,,,,,10929.61,0.0,0.0,0.0,0.0,,10929.61,,,,,,,10623.79,0.0,0.0,0.0,0.0,,10623.79,
2025-06-23,2.02,2.17,1.96,2.16,175076963.6,7.0,2.14,2.17,2.18,False,15.79,18.37,26.49,,,,,,,,,,,,,,,10929.61,0.0,0.0,0.0,0.0,,10929.61,,,,,,,10623.79,0.0,0.0,0.0,0.0,,10623.79,
2025-06-24,2.16,2.22,2.13,2.19,131247333.7,1.45,2.15,2.17,2.19,False,15.4,20.32,25.04,,,,,,,,,,,,,,,10929.61,0.0,0.0,0.0,0.0,,10929.61,,,,,,,10623.79,0.0,0.0,0.0,0.0,,10623.79,
2025-06-25,2.19,2.23,2.17,2.19,91578502.0,-0.18,2.16,2.17,2.19,False,14.89,20.38,24.04,,,,,,,,,,,,,,,10929.61,0.0,0.0,0.0,0.0,,10929.61,,,,,,,10623.79,0.0,0.0,0.0,0.0,,10623.79,
2025-06-26,2.19,2.21,2.1,2.11,120378866.1,-3.68,2.15,2.17,2.18,False,15.12,18.8,27.08,,,,,,,,,,,,,,,10929.61,0.0,0.0,0.0,0.0,,10929.61,,,,,,,10623.79,0.0,0.0,0.0,0.0,,10623.79,
2025-06-27,2.11,2.16,2.07,2.14,120577000.3,1.73,2.15,2.16,2.18,False,15.57,17.68,27.38,,,,,,,,,SMALL LL confirmed @ 1.91,,,,,,10929.61,0.0,0.0,0.0,0.0,,10929.61,,,,,,,10623.79,0.0,0.0,0.0,0.0,,10623.79,
2025-06-28,2.14,2.21,2.13,2.19,70042779.0,2.03,2.15,2.17,2.18,False,15.33,20.37,25.99,,,,,,,,,,,,,,,10929.61,0.0,0.0,0.0,0.0,,10929.61,,,,,,,10623.79,0.0,0.0,0.0,0.0,,10623.79,
2025-06-29,2.19,2.22,2.18,2.21,46097897.5,0.95,2.16,2.17,2.18,False,14.95,20.57,25.16,,,,,,,,,,,,,,,10929.61,0.0,0.0,0.0,0.0,,10929.61,,,,,,,10623.79,0.0,0.0,0.0,0.0,,10623.79,
2025-06-30,2.21,2.33,2.16,2.24,151525906.2,1.36,2.17,2.18,2.18,False,14.37,25.63,22.37,,,,,2.33,,LH,,,,,,,,10929.61,0.0,0.0,0.0,0.0,,10929.61,,,,,,,10623.79,0.0,0.0,0.0,0.0,,10623.79,
2025-07-01,2.24,2.25,2.15,2.17,123558690.1,-2.87,2.17,2.18,2.18,False,13.63,23.77,21.94,,,,,,2.15,HL,,BIG LH confirmed @ 2.65,,,,,,10929.61,0.0,0.0,0.0,0.0,,10929.61,,,,,,,10623.79,0.0,0.0,0.0,0.0,,10623.79,
2025-07-02,2.17,2.29,2.16,2.23,149340795.4,2.84,2.18,2.18,2.19,False,13.33,24.17,19.96,,,,,,,,,,,,,,,10929.61,0.0,0.0,0.0,0.0,,10929.61,,,,,,,10623.79,0.0,0.0,0.0,0.0,,10623.79,
2025-07-03,2.23,2.31,2.22,2.26,148388595.0,1.04,2.19,2.19,2.19,True,13.29,24.19,18.76,,,,,,,,,,,,,,,10929.61,0.0,0.0,0.0,0.0,,10929.61,,,,,,,10623.79,0.0,0.0,0.0,0.0,,10623.79,
2025-07-04,2.26,2.27,2.2,2.22,72289199.1,-1.61,2.2,2.19,2.19,True,12.87,22.99,19.78,,,,,,,,,,,,,,,10929.61,0.0,0.0,0.0,0.0,,10929.61,,,,,,,10623.79,0.0,0.0,0.0,0.0,,10623.79,
2025-07-05,2.22,2.23,2.2,2.22,34058390.3,-0.12,2.2,2.19,2.2,True,12.49,22.44,19.32,,,,,,,,,SMALL LH confirmed @ 2.33,,,,,,10929.61,0.0,0.0,0.0,0.0,,10929.61,,,,,,,10623.79,0.0,0.0,0.0,0.0,,10623.79,
2025-07-06,2.22,2.29,2.21,2.27,92108127.5,2.39,2.21,2.2,2.2,True,12.76,25.23,18.15,,,,,,,,,SMALL HL confirmed @ 2.15,,,,,,10929.61,0.0,0.0,0.0,0.0,,10929.61,,,,,,,10623.79,0.0,0.0,0.0,0.0,,10623.79,
2025-07-07,2.27,2.35,2.26,2.27,176317450.7,-0.0,2.22,2.21,2.21,True,13.64,28.1,16.84,,,,,,,,,,,,,,,10929.61,0.0,0.0,0.0,0.0,,10929.61,,,,,,,10623.79,0.0,0.0,0.0,0.0,,10623.79,
2025-07-08,2.27,2.32,2.25,2.31,106456008.6,1.76,2.23,2.22,2.21,True,14.35,26.54,16.41,,,,,,,,,,,,,,,10929.61,0.0,0.0,0.0,0.0,,10929.61,,,,,,,10623.79,0.0,0.0,0.0,0.0,,10623.79,
2025-07-09,2.31,2.43,2.3,2.4,181518399.8,4.02,2.26,2.24,2.23,True,15.92,31.77,14.83,,,,,,,,BULL_CHOCH,SMALL BULL CHOCH @ 2.40 (level 2.33),2.16,-10.0,5.0,22734.020203,54648.04,10929.61,0.0,0.0,5464.8,5464.8,0.0,5464.8,"ENTRY @ 2.40 (small green CHoCH, margin $5464.80 [50% of bank] @ 10x [ADX 15.9, zone green], 22734.020203 units)",2.16,-10.0,5.0,22097.901869,53118.94,10623.79,0.0,0.0,5311.89,5311.89,0.0,5311.89,"ENTRY @ 2.40 (small green CHoCH, margin $5311.89 [50% of bank] @ 10x [ADX 15.9, zone green], 22097.901869 units)"
2025-07-10,2.4,2.57,2.39,2.55,209526484.8,5.96,2.3,2.27,2.25,True,18.24,37.55,13.04,,,,,,,,,,2.16,-15.06,4.08,22734.020203,57905.82,14187.39,3257.79,29.81,8722.59,5790.58,2932.01,5464.8,,2.16,-15.06,4.08,22097.901869,56285.57,13790.42,3166.63,29.81,8478.52,5628.56,2849.97,5311.89,
2025-07-11,2.55,2.98,2.51,2.73,615361834.0,7.27,2.37,2.31,2.29,True,21.78,50.46,9.7,,,,BULL_BOS,,,,,BIG BULL BOS @ 2.73 (level 2.65),2.16,-20.82,3.38,22734.020203,62113.89,18395.46,4208.07,29.66,12930.66,6211.39,6719.27,5464.8,,2.16,-20.82,3.38,22097.901869,60375.89,17880.74,4090.32,29.66,12568.84,6037.59,6531.26,5311.89,
2025-07-12,2.73,2.85,2.66,2.74,341517152.0,0.27,2.43,2.35,2.32,True,25.06,45.45,8.74,,,,,,,,,,2.16,-21.03,3.36,22734.020203,62279.85,18561.42,165.96,0.9,13096.61,6227.98,6868.63,5464.8,,2.16,-21.03,3.36,22097.901869,60537.2,18042.05,161.31,0.9,12730.16,6053.72,6676.44,5311.89,
2025-07-13,2.74,2.89,2.72,2.84,260642506.5,3.53,2.49,2.4,2.36,True,28.22,43.82,7.95,,,,,,,,,,2.16,-23.72,3.11,22734.020203,64475.95,20757.52,2196.11,11.83,15292.72,6447.6,8845.13,5464.8,,2.16,-23.72,3.11,22097.901869,62671.86,20176.71,2134.66,11.83,14864.82,6267.19,8597.63,5311.89,
2025-07-14,2.84,3.04,2.82,2.96,442537809.2,4.31,2.56,2.45,2.4,True,31.45,46.15,7.09,,,,,,,,,,2.16,-26.87,2.86,22734.020203,67251.78,23533.35,2775.82,13.37,18068.54,6725.18,11343.37,5464.8,,2.16,-26.87,2.86,22097.901869,65370.01,22874.86,2698.15,13.37,17562.97,6537.0,11025.97,5311.89,
2025-07-15,2.96,2.96,2.8,2.92,303965280.7,-1.33,2.62,2.49,2.44,True,34.23,42.57,7.39,,,,,,,,,,2.16,-25.88,2.93,22734.020203,66360.6,22642.17,-891.17,-3.79,17177.37,6636.06,10541.31,5464.8,,2.16,-25.88,2.93,22097.901869,64503.78,22008.63,-866.24,-3.79,16696.73,6450.38,10246.36,5311.89,
2025-07-16,2.92,3.1,2.88,3.04,272284618.2,4.08,2.68,2.55,2.49,True,37.1,44.84,6.59,,,,,,,,,,2.16,-28.79,2.72,22734.020203,69065.95,25347.52,2705.35,11.95,19882.72,6906.6,12976.12,5464.8,,2.16,-28.79,2.72,22097.901869,67133.43,24638.28,2629.65,11.95,19326.38,6713.34,12613.04,5311.89,
2025-07-17,3.04,3.55,2.99,3.48,648338845.19,14.6,2.8,2.64,2.56,True,40.33,52.78,5.1,,,,,,,,,,2.16,-37.86,2.23,22734.020203,79146.22,35427.79,10080.26,39.77,29962.98,7914.62,22048.36,5464.8,,2.16,-37.86,2.23,22097.901869,76931.64,34436.49,9798.21,39.77,29124.59,7693.16,21431.43,5311.89,
2025-07-18,3.48,3.66,3.34,3.41,608722890.71,-1.95,2.9,2.71,2.62,True,43.43,50.65,4.49,3.66,,HH,,3.66,,HH,,,2.16,-36.62,2.29,22734.020203,77602.58,33884.15,-1543.64,-4.36,28419.34,7760.26,20659.09,5464.8,,2.16,-36.62,2.29,22097.901869,75431.19,32936.04,-1500.45,-4.36,27624.15,7543.12,20081.03,5311.89,
2025-07-19,3.41,3.49,3.35,3.42,204901034.5,0.32,2.98,2.78,2.68,True,46.31,48.07,4.26,,,,,,,,,,2.16,-36.82,2.28,22734.020203,77850.38,34131.95,247.8,0.73,28667.14,7785.04,20882.11,5464.8,,2.16,-36.82,2.28,22097.901869,75672.06,33176.91,240.87,0.73,27865.01,7567.21,20297.81,5311.89,
2025-07-20,3.42,3.56,3.39,3.45,281874484.3,0.86,3.05,2.84,2.74,True,49.05,47.66,3.97,,,,,,,,,,2.16,-37.36,2.26,22734.020203,78523.31,34804.88,672.93,1.97,29340.07,7852.33,21487.74,5464.8,,2.16,-37.36,2.26,22097.901869,76326.15,33831.0,654.1,1.97,28519.11,7632.62,20886.49,5311.89,
2025-07-21,3.45,3.65,3.41,3.55,259730581.6,2.76,3.13,2.91,2.8,True,51.66,46.76,3.6,,,,,,,,,,2.16,-39.05,2.18,22734.020203,80694.4,36975.97,2171.1,6.24,31511.17,8069.44,23441.73,5464.8,,2.16,-39.05,2.18,22097.901869,78436.5,35941.35,2110.35,6.24,30629.46,7843.65,22785.81,5311.89,
2025-07-22,3.55,3.58,3.42,3.55,248664612.7,0.03,3.19,2.97,2.85,True,54.1,43.92,3.39,,,,,,,,,,2.16,-39.07,2.18,22734.020203,80714.87,36996.44,20.46,0.06,31531.63,8071.49,23460.14,5464.8,,2.16,-39.07,2.18,22097.901869,78456.39,35961.24,19.89,0.06,30649.35,7845.64,22803.71,5311.89,
2025-07-23,3.55,3.55,3.02,3.18,444396661.3,-10.33,3.19,2.99,2.88,True,52.89,35.96,16.47,,,,,,,,,SMALL HH confirmed @ 3.66,2.16,-32.05,2.53,22734.020203,72380.57,28662.14,-8334.29,-22.53,23197.34,7238.06,15959.28,5464.8,,2.16,-32.05,2.53,22097.901869,70355.3,27860.15,-8101.09,-22.53,22548.26,7035.53,15512.73,5311.89,
2025-07-24,3.18,3.27,2.96,3.15,366456463.4,-1.21,3.18,3.01,2.9,True,51.34,32.29,16.91,,,,,,2.96,HL,,,2.16,-31.22,2.57,22734.020203,71505.31,27786.88,-875.26,-3.05,22322.08,7150.53,15171.55,5464.8,,2.16,-31.22,2.57,22097.901869,69504.53,27009.38,-850.77,-3.05,21697.49,6950.45,14747.03,5311.89,
2025-07-25,3.15,3.16,3.0,3.14,234280821.9,-0.1,3.18,3.02,2.92,True,49.91,30.52,15.98,,,,,,,,,,2.16,-31.15,2.58,22734.020203,71437.11,27718.68,-68.2,-0.25,22253.88,7143.71,15110.17,5464.8,,2.16,-31.15,2.58,22097.901869,69438.24,26943.09,-66.29,-0.25,21631.19,6943.82,14687.37,5311.89,
2025-07-26,3.14,3.22,3.11,3.17,96831223.5,0.76,3.18,3.03,2.94,True,48.78,31.31,15.38,,,,,,,,,,2.16,-31.67,2.55,22734.020203,71980.45,28262.02,543.34,1.96,22797.22,7198.05,15599.18,5464.8,,2.16,-31.67,2.55,22097.901869,69966.38,27471.23,528.14,1.96,22159.33,6996.64,15162.7,5311.89,
2025-07-27,3.17,3.25,3.16,3.24,130449208.1,2.3,3.19,3.05,2.96,True,47.86,31.45,14.85,,,,,,,,,,2.16,-33.21,2.46,22734.020203,73633.22,29914.79,1652.76,5.85,24449.98,7363.32,17086.66,5464.8,,2.16,-33.21,2.46,22097.901869,71572.89,29077.75,1606.52,5.85,23765.85,7157.29,16608.56,5311.89,
2025-07-28,3.24,3.33,3.11,3.12,221823612.3,-3.56,3.18,3.06,2.97,True,47.29,31.77,13.66,,,,,3.33,,LH,,,2.16,-30.74,2.6,22734.020203,71009.71,27291.28,-2623.51,-8.77,21826.48,7100.97,14725.51,5464.8,,2.16,-30.74,2.6,22097.901869,69022.8,26527.65,-2550.1,-8.77,21215.75,6902.28,14313.47,5311.89,
2025-07-29,3.12,3.19,3.05,3.13,157430969.9,0.14,3.17,3.07,2.98,True,46.32,30.23,14.98,,,,,,,,,SMALL HL confirmed @ 2.96,2.16,-30.84,2.6,22734.020203,71112.02,27393.58,102.3,0.37,21928.78,7111.2,14817.58,5464.8,,2.16,-30.84,2.6,22097.901869,69122.24,26627.09,99.44,0.37,21315.19,6912.22,14402.97,5311.89,
2025-07-30,3.13,3.16,3.0,3.1,173643335.4,-1.0,3.16,3.07,2.99,True,45.0,28.42,16.02,,,,,,,,,,2.16,-30.14,2.64,22734.020203,70398.17,26679.74,-713.85,-2.61,21214.93,7039.82,14175.12,5464.8,,2.16,-30.14,2.64,22097.901869,68428.36,25933.21,-693.87,-2.61,20621.32,6842.84,13778.48,5311.89,
2025-07-31,3.1,3.18,3.01,3.02,135512300.3,-2.4,3.14,3.06,2.99,True,43.86,27.24,15.02,,,,,,,,,,2.16,-28.42,2.75,22734.020203,68711.3,24992.87,-1686.86,-6.32,19528.07,6871.13,12656.94,5464.8,,2.16,-28.42,2.75,22097.901869,66788.7,24293.55,-1639.66,-6.32,18981.66,6678.87,12302.79,5311.89,
2025-08-01,3.02,3.06,2.89,2.96,260984696.4,-2.02,3.11,3.05,2.99,True,41.85,25.52,18.56,,,,,,,,,,2.16,-26.94,2.85,22734.020203,67322.25,23603.82,-1389.05,-5.56,18139.02,6732.23,11406.79,5464.8,,2.16,-26.94,2.85,22097.901869,65438.52,22943.37,-1350.18,-5.56,17631.47,6543.85,11087.62,5311.89,
2025-08-02,2.96,3.02,2.74,2.77,180733656.7,-6.48,3.06,3.03,2.97,True,38.96,22.89,22.25,,,,,,,,BEAR_CHOCH,SMALL LH confirmed @ 3.33 | SMALL BEAR CHOCH @ 2.77 (level 2.96),,,,,,19243.44,-4360.39,-18.47,0.0,0.0,,19243.44,"EXIT @ 2.77 (small red CHoCH, realized +8313.83)",,,,,,18704.99,-4238.38,-18.47,0.0,0.0,,18704.99,"EXIT @ 2.77 (small red CHoCH, realized +8081.20)"
2025-08-03,2.77,2.96,2.73,2.95,149417377.8,6.45,3.04,3.02,2.97,True,36.21,20.96,20.76,,,,,,2.73,LL,,,,,,,,19243.44,0.0,0.0,0.0,0.0,,19243.44,,,,,,,18704.99,0.0,0.0,0.0,0.0,,18704.99,
2025-08-04,2.95,3.09,2.93,3.07,164651624.4,4.19,3.05,3.02,2.98,True,34.42,24.4,19.55,,,,,,,,,,,,,,,19243.44,0.0,0.0,0.0,0.0,,19243.44,,,,,,,18704.99,0.0,0.0,0.0,0.0,,18704.99,
2025-08-05,3.07,3.11,2.92,2.96,144253297.7,-3.56,3.03,3.02,2.98,True,32.84,23.33,18.19,,,,,,,,,,,,,,,19243.44,0.0,0.0,0.0,0.0,,19243.44,,,,,,,18704.99,0.0,0.0,0.0,0.0,,18704.99,
2025-08-06,2.96,3.02,2.9,2.99,114399575.6,0.96,3.03,3.02,2.98,True,31.27,22.3,17.95,,,,,,,,,,,,,,,19243.44,0.0,0.0,0.0,0.0,,19243.44,,,,,,,18704.99,0.0,0.0,0.0,0.0,,18704.99,
2025-08-07,2.99,3.33,2.96,3.32,212195633.1,11.0,3.07,3.04,3.0,True,31.34,30.51,15.61,,,,,,,,,,,,,,,19243.44,0.0,0.0,0.0,0.0,,19243.44,,,,,,,18704.99,0.0,0.0,0.0,0.0,,18704.99,
2025-08-08,3.32,3.38,3.21,3.29,273926156.0,-1.02,3.1,3.07,3.03,True,31.6,30.31,14.62,,,,,3.38,,HH,,SMALL LL confirmed @ 2.73,,,,,,19243.44,0.0,0.0,0.0,0.0,,19243.44,,,,,,,18704.99,0.0,0.0,0.0,0.0,,18704.99,
2025-08-09,3.29,3.35,3.21,3.23,130645790.7,-1.83,3.12,3.08,3.04,True,31.84,28.78,13.88,,,,,,,,,,,,,,,19243.44,0.0,0.0,0.0,0.0,,19243.44,,,,,,,18704.99,0.0,0.0,0.0,0.0,,18704.99,
2025-08-10,3.23,3.28,3.15,3.19,123144721.1,-1.21,3.13,3.09,3.05,True,31.58,27.41,15.32,,,,,,,,,,,,,,,19243.44,0.0,0.0,0.0,0.0,,19243.44,,,,,,,18704.99,0.0,0.0,0.0,0.0,,18704.99,
2025-08-11,3.19,3.33,3.12,3.13,223589776.8,-1.8,3.13,3.1,3.06,True,31.6,27.24,14.09,,,,,,,,,BIG HL confirmed @ 1.91,,,,,,19243.44,0.0,0.0,0.0,0.0,,19243.44,,,,,,,18704.99,0.0,0.0,0.0,0.0,,18704.99,
2025-08-12,3.13,3.31,3.1,3.27,154532178.9,4.41,3.15,3.11,3.07,True,31.49,25.2,13.54,,,,,,,,,,,,,,,19243.44,0.0,0.0,0.0,0.0,,19243.44,,,,,,,18704.99,0.0,0.0,0.0,0.0,,18704.99,
2025-08-13,3.27,3.34,3.2,3.27,193301023.7,0.21,3.17,3.13,3.09,True,31.54,25.01,12.86,,,,,,,,,SMALL HH confirmed @ 3.38,,,,,,19243.44,0.0,0.0,0.0,0.0,,19243.44,,,,,,,18704.99,0.0,0.0,0.0,0.0,,18704.99,
2025-08-14,3.27,3.35,2.99,3.08,301672247.6,-5.96,3.16,3.12,3.09,True,29.83,21.82,18.7,,,,,,,,,,,,,,,19243.44,0.0,0.0,0.0,0.0,,19243.44,,,,,,,18704.99,0.0,0.0,0.0,0.0,,18704.99,
2025-08-15,3.08,3.14,3.0,3.08,134927479.5,-0.04,3.15,3.12,3.09,True,28.25,20.72,17.75,,,,,,,,,,,,,,,19243.44,0.0,0.0,0.0,0.0,,19243.44,,,,,,,18704.99,0.0,0.0,0.0,0.0,,18704.99,
2025-08-16,3.08,3.16,3.07,3.11,64524770.2,0.9,3.14,3.12,3.09,True,26.87,20.56,17.18,,,,,,,,,,,,,,,19243.44,0.0,0.0,0.0,0.0,,19243.44,,,,,,,18704.99,0.0,0.0,0.0,0.0,,18704.99,
2025-08-17,3.11,3.15,3.08,3.09,66692097.5,-0.57,3.13,3.11,3.09,True,25.59,19.99,16.71,,,,,,,,,,,,,,,19243.44,0.0,0.0,0.0,0.0,,19243.44,,,,,,,18704.99,0.0,0.0,0.0,0.0,,18704.99,
2025-08-18,3.09,3.1,2.94,3.06,163460914.2,-0.85,3.12,3.11,3.09,True,24.19,18.74,21.13,,,,,,,,,,,,,,,19243.44,0.0,0.0,0.0,0.0,,19243.44,,,,,,,18704.99,0.0,0.0,0.0,0.0,,18704.99,
2025-08-19,3.06,3.08,2.85,2.86,149185188.7,-6.56,3.08,3.09,3.07,True,23.5,17.04,22.8,,,,,,,,,,,,,,,19243.44,0.0,0.0,0.0,0.0,,19243.44,,,,,,,18704.99,0.0,0.0,0.0,0.0,,18704.99,
2025-08-20,2.86,2.99,2.82,2.95,152651462.5,3.16,3.06,3.07,3.06,True,23.04,15.89,22.46,,,,,,,,,,,,,,,19243.44,0.0,0.0,0.0,0.0,,19243.44,,,,,,,18704.99,0.0,0.0,0.0,0.0,,18704.99,
2025-08-21,2.95,2.96,2.84,2.85,91372655.6,-3.36,3.03,3.05,3.04,False,22.62,15.15,21.4,,,,,,,,,,,,,,,19243.44,0.0,0.0,0.0,0.0,,19243.44,,,,,,,18704.99,0.0,0.0,0.0,0.0,,18704.99,
2025-08-22,2.85,3.11,2.78,3.07,255042164.6,7.8,3.04,3.05,3.05,False,21.02,18.87,18.77,,,,,,2.78,HL,,,,,,,,19243.44,0.0,0.0,0.0,0.0,,19243.44,,,,,,,18704.99,0.0,0.0,0.0,0.0,,18704.99,
2025-08-23,3.07,3.08,2.97,3.05,103250847.4,-0.84,3.04,3.05,3.05,False,19.54,18.09,17.99,,,,,,,,,,,,,,,19243.44,0.0,0.0,0.0,0.0,,19243.44,,,,,,,18704.99,0.0,0.0,0.0,0.0,,18704.99,
2025-08-24,3.05,3.13,2.99,3.03,157353334.0,-0.74,3.04,3.05,3.05,False,18.58,19.16,16.98,,,,,3.13,,LH,,,,,,,,19243.44,0.0,0.0,0.0,0.0,,19243.44,,,,,,,18704.99,0.0,0.0,0.0,0.0,,18704.99,
2025-08-25,3.03,3.05,2.82,2.86,176144258.4,-5.53,3.01,3.03,3.03,False,18.06,17.43,21.88,,,,,,,,,,,,,,,19243.44,0.0,0.0,0.0,0.0,,19243.44,,,,,,,18704.99,0.0,0.0,0.0,0.0,,18704.99,
2025-08-26,2.86,3.08,2.85,3.01,160522587.8,5.38,3.01,3.03,3.03,False,17.34,16.94,19.91,,,,,,,,,,,,,,,19243.44,0.0,0.0,0.0,0.0,,19243.44,,,,,,,18704.99,0.0,0.0,0.0,0.0,,18704.99,
2025-08-27,3.01,3.05,2.96,2.97,124270806.9,-1.44,3.0,3.02,3.03,False,16.68,16.37,19.25,,,,,,,,,SMALL HL confirmed @ 2.78,,,,,,19243.44,0.0,0.0,0.0,0.0,,19243.44,,,,,,,18704.99,0.0,0.0,0.0,0.0,,18704.99,
2025-08-28,2.97,3.03,2.94,2.97,110595938.3,-0.08,3.0,3.02,3.02,False,16.21,15.81,19.37,,,,,,,,,,,,,,,19243.44,0.0,0.0,0.0,0.0,,19243.44,,,,,,,18704.99,0.0,0.0,0.0,0.0,,18704.99,
2025-08-29,2.97,2.98,2.77,2.82,169431466.9,-4.96,2.97,3.0,3.01,False,16.92,14.49,24.71,,,,,,,,,SMALL LH confirmed @ 3.13,,,,,,19243.44,0.0,0.0,0.0,0.0,,19243.44,,,,,,,18704.99,0.0,0.0,0.0,0.0,,18704.99,
2025-08-30,2.82,2.83,2.76,2.82,68213469.6,-0.05,2.95,2.98,2.99,False,17.64,14.03,24.48,,,,,,,,,,,,,,,19243.44,0.0,0.0,0.0,0.0,,19243.44,,,,,,,18704.99,0.0,0.0,0.0,0.0,,18704.99,
2025-08-31,2.82,2.87,2.77,2.78,56440031.3,-1.5,2.92,2.96,2.98,False,17.96,14.94,23.41,,,,,,,,BEAR_BOS,SMALL BEAR BOS @ 2.78 (level 2.78),,,,,,19243.44,0.0,0.0,0.0,0.0,,19243.44,,,,,,,18704.99,0.0,0.0,0.0,0.0,,18704.99,
2025-09-01,2.78,2.84,2.7,2.76,179805399.6,-0.61,2.9,2.94,2.96,False,18.72,14.0,25.19,,,,,,2.7,LL,,,,,,,,19243.44,0.0,0.0,0.0,0.0,,19243.44,,,,,,,18704.99,0.0,0.0,0.0,0.0,,18704.99,
2025-09-02,2.76,2.86,2.75,2.86,134689040.5,3.74,2.89,2.94,2.95,False,19.15,14.4,23.87,,,,,,,,,,,,,,,19243.44,0.0,0.0,0.0,0.0,,19243.44,,,,,,,18704.99,0.0,0.0,0.0,0.0,,18704.99,
2025-09-03,2.86,2.89,2.81,2.84,96774293.1,-0.62,2.88,2.93,2.94,False,19.3,14.95,23.02,,,,,,,,,,,,,,,19243.44,0.0,0.0,0.0,0.0,,19243.44,,,,,,,18704.99,0.0,0.0,0.0,0.0,,18704.99,
2025-09-04,2.84,2.86,2.78,2.79,94539630.5,-1.75,2.87,2.91,2.93,False,19.64,14.38,23.45,,,,,,,,,,,,,,,19243.44,0.0,0.0,0.0,0.0,,19243.44,,,,,,,18704.99,0.0,0.0,0.0,0.0,,18704.99,
2025-09-05,2.79,2.88,2.78,2.81,120949495.7,0.72,2.86,2.91,2.92,False,19.68,14.71,22.2,,,,,,,,,,,,,,,19243.44,0.0,0.0,0.0,0.0,,19243.44,,,,,,,18704.99,0.0,0.0,0.0,0.0,,18704.99,
2025-09-06,2.81,2.83,2.79,2.81,31389546.6,-0.17,2.85,2.9,2.92,False,19.73,14.43,21.78,,,,,,,,,BIG HH confirmed @ 3.66 | SMALL LL confirmed @ 2.70,,,,,,19243.44,0.0,0.0,0.0,0.0,,19243.44,,,,,,,18704.99,0.0,0.0,0.0,0.0,,18704.99,
2025-09-07,2.81,2.93,2.81,2.88,82776839.1,2.39,2.86,2.89,2.91,False,18.61,18.79,20.4,,,,,,,,,,,,,,,19243.44,0.0,0.0,0.0,0.0,,19243.44,,,,,,,18704.99,0.0,0.0,0.0,0.0,,18704.99,
2025-09-08,2.88,3.0,2.86,2.97,121406178.2,3.22,2.87,2.9,2.92,False,17.66,21.06,18.96,,,,,,,,,,,,,,,19243.44,0.0,0.0,0.0,0.0,,19243.44,,,,,,,18704.99,0.0,0.0,0.0,0.0,,18704.99,
2025-09-09,2.97,3.04,2.93,2.95,116913430.2,-0.75,2.89,2.91,2.92,False,17.14,22.05,17.91,,,,,,,,,,,,,,,19243.44,0.0,0.0,0.0,0.0,,19243.44,,,,,,,18704.99,0.0,0.0,0.0,0.0,,18704.99,
2025-09-10,2.95,3.02,2.94,2.98,85328678.0,1.22,2.9,2.91,2.92,False,16.65,20.98,17.03,,,,,,,,,,,,,,,19243.44,0.0,0.0,0.0,0.0,,19243.44,,,,,,,18704.99,0.0,0.0,0.0,0.0,,18704.99,
2025-09-11,2.98,3.05,2.95,3.04,115124443.9,1.89,2.92,2.93,2.93,False,16.45,21.22,16.09,,,,,,,,,,,,,,,19243.44,0.0,0.0,0.0,0.0,,19243.44,,,,,,,18704.99,0.0,0.0,0.0,0.0,,18704.99,
2025-09-12,3.04,3.14,3.02,3.11,130413008.1,2.16,2.95,2.94,2.95,True,17.03,24.79,15.01,,,,,,,,,,,,,,,19243.44,0.0,0.0,0.0,0.0,,19243.44,,,,,,,18704.99,0.0,0.0,0.0,0.0,,18704.99,
2025-09-13,3.11,3.19,3.09,3.12,112791516.9,0.45,2.98,2.96,2.96,True,17.94,26.18,14.17,,,,,3.19,,HH,,,,,,,,19243.44,0.0,0.0,0.0,0.0,,19243.44,,,,,,,18704.99,0.0,0.0,0.0,0.0,,18704.99,
2025-09-14,3.12,3.13,3.01,3.03,86444642.8,-2.93,2.98,2.97,2.96,True,17.78,24.42,17.78,,,,,,,,,,,,,,,19243.44,0.0,0.0,0.0,0.0,,19243.44,,,,,,,18704.99,0.0,0.0,0.0,0.0,,18704.99,
2025-09-15,3.03,3.07,2.95,3.0,121536076.0,-1.02,2.99,2.97,2.97,True,17.0,22.81,19.89,,,,,,2.95,HL,,,,,,,,19243.44,0.0,0.0,0.0,0.0,,19243.44,,,,,,,18704.99,0.0,0.0,0.0,0.0,,18704.99,
2025-09-16,3.0,3.06,2.96,3.04,76953763.0,1.36,2.99,2.98,2.97,True,16.27,21.54,18.79,,,,,,,,,,,,,,,19243.44,0.0,0.0,0.0,0.0,,19243.44,,,,,,,18704.99,0.0,0.0,0.0,0.0,,18704.99,
2025-09-17,3.04,3.11,2.98,3.08,132508658.4,1.53,3.01,2.99,2.98,True,16.08,22.83,17.39,,,,,,,,,,,,,,,19243.44,0.0,0.0,0.0,0.0,,19243.44,,,,,,,18704.99,0.0,0.0,0.0,0.0,,18704.99,
2025-09-18,3.08,3.14,3.06,3.07,121098940.7,-0.34,3.02,2.99,2.99,True,16.19,23.59,16.51,,,,,3.14,,LH,,SMALL HH confirmed @ 3.19,,,,,,19243.44,0.0,0.0,0.0,0.0,,19243.44,,,,,,,18704.99,0.0,0.0,0.0,0.0,,18704.99,
2025-09-19,3.07,3.09,2.98,2.99,92714638.6,-2.71,3.01,2.99,2.99,True,15.36,21.95,20.02,,,,,,,,,,,,,,,19243.44,0.0,0.0,0.0,0.0,,19243.44,,,,,,,18704.99,0.0,0.0,0.0,0.0,,18704.99,
2025-09-20,2.99,3.01,2.97,2.98,62723730.0,-0.5,3.01,2.99,2.99,True,14.44,21.34,20.3,,,,,,,,,SMALL HL confirmed @ 2.95,,,,,,19243.44,0.0,0.0,0.0,0.0,,19243.44,,,,,,,18704.99,0.0,0.0,0.0,0.0,,18704.99,
2025-09-21,2.98,3.01,2.95,2.97,45668741.1,-0.16,3.0,2.99,2.99,True,13.44,20.49,20.33,,,,,,,,,,,,,,,19243.44,0.0,0.0,0.0,0.0,,19243.44,,,,,,,18704.99,0.0,0.0,0.0,0.0,,18704.99,
2025-09-22,2.97,2.98,2.7,2.85,228747192.9,-3.96,2.98,2.98,2.98,True,14.64,17.14,31.98,,,,,,2.7,LL,BEAR_BOS,SMALL BEAR BOS @ 2.85 (level 2.95),,,,,,19243.44,0.0,0.0,0.0,0.0,,19243.44,,,,,,,18704.99,0.0,0.0,0.0,0.0,,18704.99,
2025-09-23,2.85,2.9,2.8,2.82,100392302.3,-0.98,2.96,2.96,2.96,False,15.75,16.15,30.13,,,,,,,,,SMALL LH confirmed @ 3.14,,,,,,19243.44,0.0,0.0,0.0,0.0,,19243.44,,,,,,,18704.99,0.0,0.0,0.0,0.0,,18704.99,
2025-09-24,2.82,3.0,2.79,2.93,125417232.6,3.58,2.95,2.96,2.96,False,15.66,19.87,26.59,,,,,3.0,,LH,,,,,,,,19243.44,0.0,0.0,0.0,0.0,,19243.44,,,,,,,18704.99,0.0,0.0,0.0,0.0,,18704.99,
2025-09-25,2.93,2.94,2.72,2.74,196421176.9,-6.23,2.92,2.94,2.95,False,16.04,17.52,26.88,,,,,,,,,,,,,,,19243.44,0.0,0.0,0.0,0.0,,19243.44,,,,,,,18704.99,0.0,0.0,0.0,0.0,,18704.99,
2025-09-26,2.74,2.81,2.7,2.78,162801304.7,1.46,2.9,2.92,2.93,False,16.59,16.46,26.67,,,,,,2.7,HL,,,,,,,,19243.44,0.0,0.0,0.0,0.0,,19243.44,,,,,,,18704.99,0.0,0.0,0.0,0.0,,18704.99,
2025-09-27,2.78,2.83,2.76,2.8,44703806.2,0.76,2.88,2.91,2.92,False,16.87,16.95,25.67,,,,,,,,,SMALL LL confirmed @ 2.70,,,,,,19243.44,0.0,0.0,0.0,0.0,,19243.44,,,,,,,18704.99,0.0,0.0,0.0,0.0,,18704.99,
2025-09-28,2.8,2.87,2.77,2.87,65853510.0,2.24,2.88,2.91,2.92,False,16.67,18.19,24.18,,,,,,,,,,,,,,,19243.44,0.0,0.0,0.0,0.0,,19243.44,,,,,,,18704.99,0.0,0.0,0.0,0.0,,18704.99,
2025-09-29,2.87,2.93,2.85,2.88,116473375.3,0.44,2.88,2.91,2.92,False,15.82,20.9,23.0,,,,,,,,,SMALL LH confirmed @ 3.00,,,,,,19243.44,0.0,0.0,0.0,0.0,,19243.44,,,,,,,18704.99,0.0,0.0,0.0,0.0,,18704.99,
2025-09-30,2.88,2.91,2.81,2.85,100392419.7,-1.16,2.88,2.9,2.91,False,15.33,19.72,23.62,,,,,,,,,,,,,,,19243.44,0.0,0.0,0.0,0.0,,19243.44,,,,,,,18704.99,0.0,0.0,0.0,0.0,,18704.99,
